{"type": "FeatureCollection", "features": [{"id": "0", "type": "Feature", "properties": {"name": "Arli-griz to Vollmer Peak", "step": 0, "lat": 37.92525, "lon": -122.31637, "elevation_m": 21.6, "time": null, "elevation_f": 70.866144, "step_elevation_m": 0.0, "step_elevation_f": 0.0, "step_dist_m": 0.0, "step_dist_f": 0.0, "step_grade": null, "step_turn": null, "coast_speed_mps": 0.0, "coast_speed_mph": 0.0}, "geometry": {"type": "Point", "coordinates": [-122.31637, 37.92525]}}, {"id": "1", "type": "Feature", "properties": {"name": "Arli-griz to Vollmer Peak", "step": 1, "lat": 37.9254, "lon": -122.31649, "elevation_m": 21.3, "time": null, "elevation_f": 69.88189200000001, "step_elevation_m": -0.3000000000000007, "step_elevation_f": -0.9842519999999979, "step_dist_m": 19.72262069357675, "step_dist_f": 64.70676287631434, "step_grade": -0.015210960280633724, "step_turn": null, "coast_speed_mps": 1.5184264004833068, "coast_speed_mph": 3.3966231220546375}, "geometry": {"type": "Point", "coordinates": [-122.31649, 37.9254]}}, {"id": "2", "type": "Feature", "properties": {"name": "Arli-griz to Vollmer Peak", "step": 2, "lat": 37.92547, "lon": -122.31654, "elevation_m": 21.2, "time": null, "elevation_f": 69.553808, "step_elevation_m": -0.10000000000000142, "step_elevation_f": -0.32808400000000404, "step_dist_m": 8.934121890973831, "step_dist_f": 29.311424464782583, "step_grade": -0.011193041825524197, "step_turn": 2.8554483464959617, "coast_speed_mps": 1.7898722654688417, "coast_speed_mph": 4.003830228768879}, "geometry": {"type": "Point", "coordinates": [-122.31654, 37.92547]}}, {"id": "3", "type": "Feature", "properties": {"name": "Arli-griz to Vollmer Peak", "step": 3, "lat": 37.92557, "lon": -122.31668, "elevation_m": 21.0, "time": null, "elevation_f": 68.89764, "step_elevation_m": -0.1999999999999993, "step_elevation_f": -0.6561680000000081, "step_dist_m": 16.566009665287936, "step_dist_f": 54.35042715026327, "step_grade": -0.012072913395618442, "step_turn": 18.439913321836855, "coast_speed_mps": 2.0372191285196624, "coast_speed_mph": 4.557129403453069}, "geometry": {"type": "Point", "coordinates": [-122.31668, 37.92557]}}, {"id": "4", "type": "Feature", "properties": {"name": "Arli-griz to Vollmer Peak", "step": 4, "lat": 37.92608, "lon": -122.31708, "elevation_m": 21.1, "time": null, "elevation_f": 69.225724, "step_elevation_m": 0.10000000000000142, "step_elevation_f": 0.32808400000000404, "step_dist_m": 66.68494913406033, "step_dist_f": 218.7826485169905, "step_grade": 0.0014995887572616432, "step_turn": 16.094596059302546, "coast_speed_mps": 0.0, "coast_speed_mph": 0.0}, "geometry": {"type": "Point", "coordinates": [-122.31708, 37.92608]}}, {"id": "5", "type": "Feature", "properties": {"name": "Arli-griz to Vollmer Peak", "step": 5, "lat": 37.9264, "lon": -122.31646, "elevation_m": 23.4, "time": null, "elevation_f": 76.771656, "step_elevation_m": 2.299999999999997, "step_elevation_f": 7.545931999999993, "step_dist_m": 64.9874554542465, "step_dist_f": 213.2134433525101, "step_grade": 0.035391445686302946, "step_turn": 88.54610655746859, "coast_speed_mps": 0.0, "coast_speed_mph": 0.0}, "geometry": {"type": "Point", "coordinates": [-122.31646, 37.9264]}}, {"id": "6", "type": "Feature", "properties": {"name": "Arli-griz to Vollmer Peak", "step": 6, "lat": 37.92645, "lon": -122.31656, "elevation_m": 23.3, "time": null, "elevation_f": 76.443572, "step_elevation_m": -0.09999999999999787, "step_elevation_f": -0.32808399999998983, "step_dist_m": 10.384716370404504, "step_dist_f": 34.07059285667791, "step_grade": -0.009629535986653306, "step_turn": 114.43273482627205, "coast_speed_mps": 0.0, "coast_speed_mph": 0.0}, "geometry": {"type": "Point", "coordinates": [-122.31656, 37.92645]}}, {"id": "7", "type": "Feature", "properties": {"name": "Arli-griz to Vollmer Peak", "step": 7, "lat": 37.92662, "lon": -122.31683, "elevation_m": 23.3, "time": null, "elevation_f": 76.443572, "step_elevation_m": 0.0, "step_elevation_f": 0.0, "step_dist_m": 30.301121512068544, "step_dist_f": 99.41313150165496, "step_grade": 0.0, "step_turn": 6.227822403163145, "coast_speed_mps": 0.0, "coast_speed_mph": 0.0}, "geometry": {"type": "Point", "coordinates": [-122.31683, 37.92662]}}, {"id": "8", "type": "Feature", "properties": {"name": "Arli-griz to Vollmer Peak", "step": 8, "lat": 37.92686, "lon": -122.31719, "elevation_m": 23.7, "time": null, "elevation_f": 77.75590799999999, "step_elevation_m": 0.3999999999999986, "step_elevation_f": 1.3123359999999877, "step_dist_m": 41.34257807756827, "step_dist_f": 135.63838386000907, "step_grade": 0.009675255356584337, "step_turn": 1.6061658786495627, "coast_speed_mps": 0.0, "coast_speed_mph": 0.0}, "geometry": {"type": "Point", "coordinates": [-122.31719, 37.92686]}}, {"id": "9", "type": "Feature", "properties": {"name": "Arli-griz to Vollmer Peak", "step": 9, "lat": 37.92725, "lon": -122.31772, "elevation_m": 24.3, "time": null, "elevation_f": 79.724412, "step_elevation_m": 0.6000000000000014, "step_elevation_f": 1.96850400000001, "step_dist_m": 63.5734390637901, "step_dist_f": 208.5742818180451, "step_grade": 0.009437903766665142, "step_turn": 2.807750475550961, "coast_speed_mps": 0.0, "coast_speed_mph": 0.0}, "geometry": {"type": "Point", "coordinates": [-122.31772, 37.92725]}}, {"id": "10", "type": "Feature", "properties": {"name": "Arli-griz to Vollmer Peak", "step": 10, "lat": 37.92765, "lon": -122.31815, "elevation_m": 24.8, "time": null, "elevation_f": 81.364832, "step_elevation_m": 0.5, "step_elevation_f": 1.640420000000006, "step_dist_m": 58.31564681730801, "step_dist_f": 191.3243067040968, "step_grade": 0.008574028194635418, "step_turn": 6.692585778895705, "coast_speed_mps": 0.0, "coast_speed_mph": 0.0}, "geometry": {"type": "Point", "coordinates": [-122.31815, 37.92765]}}, {"id": "11", "type": "Feature", "properties": {"name": "Arli-griz to Vollmer Peak", "step": 11, "lat": 37.92765, "lon": -122.31815, "elevation_m": 24.8, "time": null, "elevation_f": 81.364832, "step_elevation_m": 0.0, "step_elevation_f": 0.0, "step_dist_m": 0.0, "step_dist_f": 0.0, "step_grade": null, "step_turn": null, "coast_speed_mps": 0.0, "coast_speed_mph": 0.0}, "geometry": {"type": "Point", "coordinates": [-122.31815, 37.92765]}}, {"id": "12", "type": "Feature", "properties": {"name": "Arli-griz to Vollmer Peak", "step": 12, "lat": 37.92798, "lon": -122.31846, "elevation_m": 25.5, "time": null, "elevation_f": 83.66141999999999, "step_elevation_m": 0.6999999999999993, "step_elevation_f": 2.2965879999999856, "step_dist_m": 45.67009781911147, "step_dist_f": 149.83628372885366, "step_grade": 0.015327315539645545, "step_turn": null, "coast_speed_mps": 0.0, "coast_speed_mph": 0.0}, "geometry": {"type": "Point", "coordinates": [-122.31846, 37.92798]}}, {"id": "13", "type": "Feature", "properties": {"name": "Arli-griz to Vollmer Peak", "step": 13, "lat": 37.92858, "lon": -122.31894, "elevation_m": 27.4, "time": null, "elevation_f": 89.895016, "step_elevation_m": 1.8999999999999986, "step_elevation_f": 6.233596000000006, "step_dist_m": 78.8895798240647, "step_dist_f": 258.82408906998444, "step_grade": 0.02408429610396299, "step_turn": 4.284844714638382, "coast_speed_mps": 0.0, "coast_speed_mph": 0.0}, "geometry": {"type": "Point", "coordinates": [-122.31894, 37.92858]}}, {"id": "14", "type": "Feature", "properties": {"name": "Arli-griz to Vollmer Peak", "step": 14, "lat": 37.92917, "lon": -122.31943, "elevation_m": 34.4, "time": null, "elevation_f": 112.860896, "step_elevation_m": 7.0, "step_elevation_f": 22.96588, "step_dist_m": 78.4284415503084, "step_dist_f": 257.31116817591385, "step_grade": 0.08925333541799128, "step_turn": 0.9752216767382151, "coast_speed_mps": 0.0, "coast_speed_mph": 0.0}, "geometry": {"type": "Point", "coordinates": [-122.31943, 37.92917]}}, {"id": "15", "type": "Feature", "properties": {"name": "Arli-griz to Vollmer Peak", "step": 15, "lat": 37.92977, "lon": -122.31991, "elevation_m": 29.5, "time": null, "elevation_f": 96.78478, "step_elevation_m": -4.899999999999999, "step_elevation_f": -16.076116, "step_dist_m": 78.88921619097549, "step_dist_f": 258.822896048, "step_grade": -0.06211241835814478, "step_turn": 0.9756402089829521, "coast_speed_mps": 9.15180575769965, "coast_speed_mph": 20.472006437230764}, "geometry": {"type": "Point", "coordinates": [-122.31991, 37.92977]}}, {"id": "16", "type": "Feature", "properties": {"name": "Arli-griz to Vollmer Peak", "step": 16, "lat": 37.93017, "lon": -122.32025, "elevation_m": 27.0, "time": null, "elevation_f": 88.58268, "step_elevation_m": -2.5, "step_elevation_f": -8.202100000000002, "step_dist_m": 53.549350075734914, "step_dist_f": 175.68684970247412, "step_grade": -0.04668590741931035, "step_turn": 1.587334252459982, "coast_speed_mps": 9.618998043834019, "coast_speed_mph": 21.517085817452596}, "geometry": {"type": "Point", "coordinates": [-122.32025, 37.93017]}}, {"id": "17", "type": "Feature", "properties": {"name": "Arli-griz to Vollmer Peak", "step": 17, "lat": 37.93044, "lon": -122.32056, "elevation_m": 26.5, "time": null, "elevation_f": 86.94226, "step_elevation_m": -0.5, "step_elevation_f": -1.6404199999999918, "step_dist_m": 40.50422867108193, "step_dist_f": 132.88789359323243, "step_grade": -0.012344390114432073, "step_turn": 8.324575862731535, "coast_speed_mps": 8.327240966933159, "coast_speed_mph": 18.627507531614956}, "geometry": {"type": "Point", "coordinates": [-122.32056, 37.93044]}}, {"id": "18", "type": "Feature", "properties": {"name": "Arli-griz to Vollmer Peak", "step": 18, "lat": 37.93104, "lon": -122.32103, "elevation_m": 26.8, "time": null, "elevation_f": 87.926512, "step_elevation_m": 0.3000000000000007, "step_elevation_f": 0.9842519999999979, "step_dist_m": 78.42429981339295, "step_dist_f": 257.2975797997721, "step_grade": 0.003825344959583153, "step_turn": 10.454262199606774, "coast_speed_mps": 3.535299006378846, "coast_speed_mph": 7.9082386506327}, "geometry": {"type": "Point", "coordinates": [-122.32103, 37.93104]}}, {"id": "19", "type": "Feature", "properties": {"name": "Arli-griz to Vollmer Peak", "step": 19, "lat": 37.93104, "lon": -122.32103, "elevation_m": 26.8, "time": null, "elevation_f": 87.926512, "step_elevation_m": 0.0, "step_elevation_f": 0.0, "step_dist_m": 0.0, "step_dist_f": 0.0, "step_grade": null, "step_turn": null, "coast_speed_mps": 3.535299006378846, "coast_speed_mph": 7.9082386506327}, "geometry": {"type": "Point", "coordinates": [-122.32103, 37.93104]}}, {"id": "20", "type": "Feature", "properties": {"name": "Arli-griz to Vollmer Peak", "step": 20, "lat": 37.9315, "lon": -122.32138, "elevation_m": 26.7, "time": null, "elevation_f": 87.598428, "step_elevation_m": -0.10000000000000142, "step_elevation_f": -0.32808400000000404, "step_dist_m": 59.653798767969185, "step_dist_f": 195.714569149904, "step_grade": -0.0016763391781462866, "step_turn": null, "coast_speed_mps": 0.0, "coast_speed_mph": 0.0}, "geometry": {"type": "Point", "coordinates": [-122.32138, 37.9315]}}, {"id": "21", "type": "Feature", "properties": {"name": "Arli-griz to Vollmer Peak", "step": 21, "lat": 37.93196, "lon": -122.32174, "elevation_m": 25.8, "time": null, "elevation_f": 84.645672, "step_elevation_m": -0.8999999999999986, "step_elevation_f": -2.9527559999999937, "step_dist_m": 60.109711673545725, "step_dist_f": 197.21034644703576, "step_grade": -0.014972622142789091, "step_turn": 0.7166678897554561, "coast_speed_mps": 3.560611637285879, "coast_speed_mph": 7.96486139335602}, "geometry": {"type": "Point", "coordinates": [-122.32174, 37.93196]}}, {"id": "22", "type": "Feature", "properties": {"name": "Arli-griz to Vollmer Peak", "step": 22, "lat": 37.93207, "lon": -122.32183, "elevation_m": 25.3, "time": null, "elevation_f": 83.005252, "step_elevation_m": -0.5, "step_elevation_f": -1.640420000000006, "step_dist_m": 14.557240676468568, "step_dist_f": 47.75997750098514, "step_grade": -0.03434716860924324, "step_turn": 1.149473807479751, "coast_speed_mps": 3.799557082883418, "coast_speed_mph": 8.499367132434266}, "geometry": {"type": "Point", "coordinates": [-122.32183, 37.93207]}}, {"id": "23", "type": "Feature", "properties": {"name": "Arli-griz to Vollmer Peak", "step": 23, "lat": 37.93221, "lon": -122.32196, "elevation_m": 25.0, "time": null, "elevation_f": 82.021, "step_elevation_m": -0.3000000000000007, "step_elevation_f": -0.9842519999999979, "step_dist_m": 19.295974353051133, "step_dist_f": 63.30700449646428, "step_grade": -0.015547284345999552, "step_turn": 3.38356602404491, "coast_speed_mps": 3.9133293485076726, "coast_speed_mph": 8.753868442438414}, "geometry": {"type": "Point", "coordinates": [-122.32196, 37.93221]}}, {"id": "24", "type": "Feature", "properties": {"name": "Arli-griz to Vollmer Peak", "step": 24, "lat": 37.93254, "lon": -122.3222, "elevation_m": 24.9, "time": null, "elevation_f": 81.692916, "step_elevation_m": -0.10000000000000142, "step_elevation_f": -0.32808400000000404, "step_dist_m": 42.30280822704426, "step_dist_f": 138.7887453436159, "step_grade": -0.0023639092578272673, "step_turn": 6.379374979831198, "coast_speed_mps": 2.456044662166042, "coast_speed_mph": 5.494015439705707}, "geometry": {"type": "Point", "coordinates": [-122.3222, 37.93254]}}, {"id": "25", "type": "Feature", "properties": {"name": "Arli-griz to Vollmer Peak", "step": 25, "lat": 37.93305, "lon": -122.32248, "elevation_m": 25.1, "time": null, "elevation_f": 82.349084, "step_elevation_m": 0.20000000000000284, "step_elevation_f": 0.6561680000000081, "step_dist_m": 61.79802877215051, "step_dist_f": 202.74944471682227, "step_grade": 0.0032363491841690185, "step_turn": 6.42571404885382, "coast_speed_mps": 0.0, "coast_speed_mph": 0.0}, "geometry": {"type": "Point", "coordinates": [-122.32248, 37.93305]}}, {"id": "26", "type": "Feature", "properties": {"name": "Arli-griz to Vollmer Peak", "step": 26, "lat": 37.93336, "lon": -122.32261, "elevation_m": 25.3, "time": null, "elevation_f": 83.005252, "step_elevation_m": 0.1999999999999993, "step_elevation_f": 0.6561679999999939, "step_dist_m": 36.307033832552456, "step_dist_f": 119.1175688791914, "step_grade": 0.005508574479600745, "step_turn": 5.112001547722514, "coast_speed_mps": 0.0, "coast_speed_mph": 0.0}, "geometry": {"type": "Point", "coordinates": [-122.32261, 37.93336]}}, {"id": "27", "type": "Feature", "properties": {"name": "Arli-griz to Vollmer Peak", "step": 27, "lat": 37.93376, "lon": -122.32265, "elevation_m": 26.2, "time": null, "elevation_f": 85.95800799999999, "step_elevation_m": 0.8999999999999986, "step_elevation_f": 2.9527559999999937, "step_dist_m": 44.61610173107464, "step_dist_f": 146.37829120337892, "step_grade": 0.020172089561405093, "step_turn": 13.792240387325762, "coast_speed_mps": 0.0, "coast_speed_mph": 0.0}, "geometry": {"type": "Point", "coordinates": [-122.32265, 37.93376]}}, {"id": "28", "type": "Feature", "properties": {"name": "Arli-griz to Vollmer Peak", "step": 28, "lat": 37.93416, "lon": -122.32266, "elevation_m": 26.6, "time": null, "elevation_f": 87.27034400000001, "step_elevation_m": 0.40000000000000213, "step_elevation_f": 1.3123360000000162, "step_dist_m": 44.486616320956564, "step_dist_f": 145.95347029044714, "step_grade": 0.008991468290465864, "step_turn": 3.3800996703031956, "coast_speed_mps": 0.0, "coast_speed_mph": 0.0}, "geometry": {"type": "Point", "coordinates": [-122.32266, 37.93416]}}, {"id": "29", "type": "Feature", "properties": {"name": "Arli-griz to Vollmer Peak", "step": 29, "lat": 37.93441, "lon": -122.3227, "elevation_m": 26.9, "time": null, "elevation_f": 88.25459599999999, "step_elevation_m": 0.29999999999999716, "step_elevation_f": 0.9842519999999837, "step_dist_m": 28.019205896685456, "step_dist_f": 91.92653147408151, "step_grade": 0.010706941556665808, "step_turn": 6.0627791567532086, "coast_speed_mps": 0.0, "coast_speed_mph": 0.0}, "geometry": {"type": "Point", "coordinates": [-122.3227, 37.93441]}}, {"id": "30", "type": "Feature", "properties": {"name": "Arli-griz to Vollmer Peak", "step": 30, "lat": 37.93467, "lon": -122.32276, "elevation_m": 27.4, "time": null, "elevation_f": 89.895016, "step_elevation_m": 0.5, "step_elevation_f": 1.640420000000006, "step_dist_m": 29.385654971037834, "step_dist_f": 96.40963225517977, "step_grade": 0.017015104835770865, "step_turn": 3.123125108289969, "coast_speed_mps": 0.0, "coast_speed_mph": 0.0}, "geometry": {"type": "Point", "coordinates": [-122.32276, 37.93467]}}, {"id": "31", "type": "Feature", "properties": {"name": "Arli-griz to Vollmer Peak", "step": 31, "lat": 37.93511, "lon": -122.32293, "elevation_m": 28.0, "time": null, "elevation_f": 91.86352, "step_elevation_m": 0.6000000000000014, "step_elevation_f": 1.9685039999999958, "step_dist_m": 51.14696225091089, "step_dist_f": 167.8049996312785, "step_grade": 0.011730901965528086, "step_turn": 6.63192437385311, "coast_speed_mps": 0.0, "coast_speed_mph": 0.0}, "geometry": {"type": "Point", "coordinates": [-122.32293, 37.93511]}}, {"id": "32", "type": "Feature", "properties": {"name": "Arli-griz to Vollmer Peak", "step": 32, "lat": 37.93584, "lon": -122.32327, "elevation_m": 28.6, "time": null, "elevation_f": 93.832024, "step_elevation_m": 0.6000000000000014, "step_elevation_f": 1.96850400000001, "step_dist_m": 86.47572815132342, "step_dist_f": 283.71302794798794, "step_grade": 0.006938363085536147, "step_turn": 3.222832165405464, "coast_speed_mps": 0.0, "coast_speed_mph": 0.0}, "geometry": {"type": "Point", "coordinates": [-122.32327, 37.93584]}}, {"id": "33", "type": "Feature", "properties": {"name": "Arli-griz to Vollmer Peak", "step": 33, "lat": 37.93641, "lon": -122.32355, "elevation_m": 29.3, "time": null, "elevation_f": 96.128612, "step_elevation_m": 0.6999999999999993, "step_elevation_f": 2.296588, "step_dist_m": 67.97167884529554, "step_dist_f": 223.0042028227994, "step_grade": 0.010298406805475686, "step_turn": 1.0075029065507124, "coast_speed_mps": 0.0, "coast_speed_mph": 0.0}, "geometry": {"type": "Point", "coordinates": [-122.32355, 37.93641]}}, {"id": "34", "type": "Feature", "properties": {"name": "Arli-griz to Vollmer Peak", "step": 34, "lat": 37.93699, "lon": -122.32383, "elevation_m": 29.9, "time": null, "elevation_f": 98.097116, "step_elevation_m": 0.5999999999999979, "step_elevation_f": 1.9685039999999958, "step_dist_m": 69.00963176116734, "step_dist_f": 226.40956026730825, "step_grade": 0.00869443851079388, "step_turn": 0.33367136941080844, "coast_speed_mps": 0.0, "coast_speed_mph": 0.0}, "geometry": {"type": "Point", "coordinates": [-122.32383, 37.93699]}}, {"id": "35", "type": "Feature", "properties": {"name": "Arli-griz to Vollmer Peak", "step": 35, "lat": 37.93756, "lon": -122.32411, "elevation_m": 29.6, "time": null, "elevation_f": 97.112864, "step_elevation_m": -0.29999999999999716, "step_elevation_f": -0.9842519999999979, "step_dist_m": 67.97154005249395, "step_dist_f": 223.00374746582426, "step_grade": -0.004413611928879488, "step_turn": 0.33336939296572154, "coast_speed_mps": 0.0, "coast_speed_mph": 0.0}, "geometry": {"type": "Point", "coordinates": [-122.32411, 37.93756]}}, {"id": "36", "type": "Feature", "properties": {"name": "Arli-griz to Vollmer Peak", "step": 36, "lat": 37.93778, "lon": -122.32415, "elevation_m": 29.6, "time": null, "elevation_f": 97.112864, "step_elevation_m": 0.0, "step_elevation_f": 0.0, "step_dist_m": 24.713113331080528, "step_dist_f": 81.07977074114224, "step_grade": 0.0, "step_turn": 13.01710486909019, "coast_speed_mps": 0.0, "coast_speed_mph": 0.0}, "geometry": {"type": "Point", "coordinates": [-122.32415, 37.93778]}}, {"id": "37", "type": "Feature", "properties": {"name": "Arli-griz to Vollmer Peak", "step": 37, "lat": 37.93812, "lon": -122.32417, "elevation_m": 29.4, "time": null, "elevation_f": 96.456696, "step_elevation_m": -0.20000000000000284, "step_elevation_f": -0.6561680000000081, "step_dist_m": 37.846938203154465, "step_dist_f": 124.16974873443729, "step_grade": -0.005284443326074214, "step_turn": 5.504166326043844, "coast_speed_mps": 0.0, "coast_speed_mph": 0.0}, "geometry": {"type": "Point", "coordinates": [-122.32417, 37.93812]}}, {"id": "38", "type": "Feature", "properties": {"name": "Arli-griz to Vollmer Peak", "step": 38, "lat": 37.93827, "lon": -122.32422, "elevation_m": 28.9, "time": null, "elevation_f": 94.81627599999999, "step_elevation_m": -0.5, "step_elevation_f": -1.640420000000006, "step_dist_m": 17.24597763658579, "step_dist_f": 56.58129326921612, "step_grade": -0.02899226767749571, "step_turn": 12.07307112100483, "coast_speed_mps": 2.665158785168624, "coast_speed_mph": 5.96179041063131}, "geometry": {"type": "Point", "coordinates": [-122.32422, 37.93827]}}, {"id": "39", "type": "Feature", "properties": {"name": "Arli-griz to Vollmer Peak", "step": 39, "lat": 37.93846, "lon": -122.32433, "elevation_m": 27.9, "time": null, "elevation_f": 91.53543599999999, "step_elevation_m": -1.0, "step_elevation_f": -3.2808399999999978, "step_dist_m": 23.225171707612766, "step_dist_f": 76.19807234520427, "step_grade": -0.04305673226399524, "step_turn": 9.812131153233395, "coast_speed_mps": 4.68117564736585, "coast_speed_mph": 10.47149169507392}, "geometry": {"type": "Point", "coordinates": [-122.32433, 37.93846]}}, {"id": "40", "type": "Feature", "properties": {"name": "Arli-griz to Vollmer Peak", "step": 40, "lat": 37.93854, "lon": -122.32436, "elevation_m": 27.5, "time": null, "elevation_f": 90.2231, "step_elevation_m": -0.3999999999999986, "step_elevation_f": -1.3123359999999877, "step_dist_m": 9.276484286813515, "step_dist_f": 30.434660707549252, "step_grade": -0.04311978413725089, "step_turn": 8.065739452434343, "coast_speed_mps": 5.181935952819384, "coast_speed_mph": 11.591660595963175}, "geometry": {"type": "Point", "coordinates": [-122.32436, 37.93854]}}, {"id": "41", "type": "Feature", "properties": {"name": "Arli-griz to Vollmer Peak", "step": 41, "lat": 37.93854, "lon": -122.32436, "elevation_m": 27.5, "time": null, "elevation_f": 90.2231, "step_elevation_m": 0.0, "step_elevation_f": 0.0, "step_dist_m": 0.0, "step_dist_f": 0.0, "step_grade": null, "step_turn": null, "coast_speed_mps": 5.181935952819384, "coast_speed_mph": 11.591660595963175}, "geometry": {"type": "Point", "coordinates": [-122.32436, 37.93854]}}, {"id": "42", "type": "Feature", "properties": {"name": "Arli-griz to Vollmer Peak", "step": 42, "lat": 37.9388, "lon": -122.32446, "elevation_m": 26.1, "time": null, "elevation_f": 85.629924, "step_elevation_m": -1.3999999999999986, "step_elevation_f": -4.593176, "step_dist_m": 30.21147798501777, "step_dist_f": 99.1190254323657, "step_grade": -0.046340003646768796, "step_turn": null, "coast_speed_mps": 6.95651222741251, "coast_speed_mph": 15.561274667619234}, "geometry": {"type": "Point", "coordinates": [-122.32446, 37.9388]}}, {"id": "43", "type": "Feature", "properties": {"name": "Arli-griz to Vollmer Peak", "step": 43, "lat": 37.93887, "lon": -122.32454, "elevation_m": 25.3, "time": null, "elevation_f": 83.005252, "step_elevation_m": -0.8000000000000007, "step_elevation_f": -2.624672000000004, "step_dist_m": 10.478773871564456, "step_dist_f": 34.37918046878353, "step_grade": -0.07634480997542153, "step_turn": 25.15507620235701, "coast_speed_mps": 7.366150818953546, "coast_speed_mph": 16.477610099663426}, "geometry": {"type": "Point", "coordinates": [-122.32454, 37.93887]}}, {"id": "44", "type": "Feature", "properties": {"name": "Arli-griz to Vollmer Peak", "step": 44, "lat": 37.93896, "lon": -122.3248, "elevation_m": 25.0, "time": null, "elevation_f": 82.021, "step_elevation_m": -0.3000000000000007, "step_elevation_f": -0.9842519999999979, "step_dist_m": 24.90043268945215, "step_dist_f": 81.69433558486219, "step_grade": -0.012047983412235284, "step_turn": 24.273361661959314, "coast_speed_mps": 6.8290200670629115, "coast_speed_mph": 15.276082827180797}, "geometry": {"type": "Point", "coordinates": [-122.3248, 37.93896]}}, {"id": "45", "type": "Feature", "properties": {"name": "Arli-griz to Vollmer Peak", "step": 45, "lat": 37.93944, "lon": -122.3246, "elevation_m": 26.2, "time": null, "elevation_f": 85.95800799999999, "step_elevation_m": 1.1999999999999993, "step_elevation_f": 3.9370079999999916, "step_dist_m": 56.181462273016336, "step_dist_f": 184.32238868380293, "step_grade": 0.021359358611360905, "step_turn": 84.49373081401745, "coast_speed_mps": 0.0, "coast_speed_mph": 0.0}, "geometry": {"type": "Point", "coordinates": [-122.3246, 37.93944]}}, {"id": "46", "type": "Feature", "properties": {"name": "Arli-griz to Vollmer Peak", "step": 46, "lat": 37.93992, "lon": -122.32439, "elevation_m": 27.3, "time": null, "elevation_f": 89.56693200000001, "step_elevation_m": 1.1000000000000014, "step_elevation_f": 3.608924000000016, "step_dist_m": 56.46134296928325, "step_dist_f": 185.24063246734326, "step_grade": 0.01948235628398772, "step_turn": 0.8453488997010368, "coast_speed_mps": 0.0, "coast_speed_mph": 0.0}, "geometry": {"type": "Point", "coordinates": [-122.32439, 37.93992]}}, {"id": "47", "type": "Feature", "properties": {"name": "Arli-griz to Vollmer Peak", "step": 47, "lat": 37.94049, "lon": -122.32413, "elevation_m": 27.9, "time": null, "elevation_f": 91.53543599999999, "step_elevation_m": 0.5999999999999979, "step_elevation_f": 1.9685039999999816, "step_dist_m": 67.35745874466693, "step_dist_f": 220.98904494785305, "step_grade": 0.008907699476526098, "step_turn": 0.7491044385438954, "coast_speed_mps": 0.0, "coast_speed_mph": 0.0}, "geometry": {"type": "Point", "coordinates": [-122.32413, 37.94049]}}, {"id": "48", "type": "Feature", "properties": {"name": "Arli-griz to Vollmer Peak", "step": 48, "lat": 37.94094, "lon": -122.32392, "elevation_m": 30.6, "time": null, "elevation_f": 100.393704, "step_elevation_m": 2.700000000000003, "step_elevation_f": 8.85826800000001, "step_dist_m": 53.318940357994464, "step_dist_f": 174.93091228412254, "step_grade": 0.05063866577001795, "step_turn": 0.4199147812324213, "coast_speed_mps": 0.0, "coast_speed_mph": 0.0}, "geometry": {"type": "Point", "coordinates": [-122.32392, 37.94094]}}, {"id": "49", "type": "Feature", "properties": {"name": "Arli-griz to Vollmer Peak", "step": 49, "lat": 37.94138, "lon": -122.3237, "elevation_m": 30.2, "time": null, "elevation_f": 99.081368, "step_elevation_m": -0.40000000000000213, "step_elevation_f": -1.312336000000002, "step_dist_m": 52.59211185292342, "step_dist_f": 172.54630425154528, "step_grade": -0.0076057033252177235, "step_turn": 1.3149671849816968, "coast_speed_mps": 0.0, "coast_speed_mph": 0.0}, "geometry": {"type": "Point", "coordinates": [-122.3237, 37.94138]}}, {"id": "50", "type": "Feature", "properties": {"name": "Arli-griz to Vollmer Peak", "step": 50, "lat": 37.9415, "lon": -122.32361, "elevation_m": 30.1, "time": null, "elevation_f": 98.75328400000001, "step_elevation_m": -0.09999999999999787, "step_elevation_f": -0.32808399999998983, "step_dist_m": 15.502748035431404, "step_dist_f": 50.86203586456477, "step_grade": -0.006450469282700634, "step_turn": 9.08311893467021, "coast_speed_mps": 0.0, "coast_speed_mph": 0.0}, "geometry": {"type": "Point", "coordinates": [-122.32361, 37.9415]}}, {"id": "51", "type": "Feature", "properties": {"name": "Arli-griz to Vollmer Peak", "step": 51, "lat": 37.94156, "lon": -122.32352, "elevation_m": 30.0, "time": null, "elevation_f": 98.4252, "step_elevation_m": -0.10000000000000142, "step_elevation_f": -0.32808400000000404, "step_dist_m": 10.334431655354635, "step_dist_f": 33.9056167521537, "step_grade": -0.009676390858725925, "step_turn": 19.18742079923169, "coast_speed_mps": 0.0, "coast_speed_mph": 0.0}, "geometry": {"type": "Point", "coordinates": [-122.32352, 37.94156]}}, {"id": "52", "type": "Feature", "properties": {"name": "Arli-griz to Vollmer Peak", "step": 52, "lat": 37.94162, "lon": -122.32336, "elevation_m": 30.1, "time": null, "elevation_f": 98.75328400000001, "step_elevation_m": 0.10000000000000142, "step_elevation_f": 0.32808400000000404, "step_dist_m": 15.536249867377938, "step_dist_f": 50.971950014888236, "step_grade": 0.006436559713806822, "step_turn": 14.777860813729887, "coast_speed_mps": 0.0, "coast_speed_mph": 0.0}, "geometry": {"type": "Point", "coordinates": [-122.32336, 37.94162]}}, {"id": "53", "type": "Feature", "properties": {"name": "Arli-griz to Vollmer Peak", "step": 53, "lat": 37.94177, "lon": -122.32287, "elevation_m": 31.3, "time": null, "elevation_f": 102.690292, "step_elevation_m": 1.1999999999999993, "step_elevation_f": 3.9370079999999916, "step_dist_m": 46.09291054470806, "step_dist_f": 151.2234646315, "step_grade": 0.026034372440769452, "step_turn": 4.216595883964487, "coast_speed_mps": 0.0, "coast_speed_mph": 0.0}, "geometry": {"type": "Point", "coordinates": [-122.32287, 37.94177]}}, {"id": "54", "type": "Feature", "properties": {"name": "Arli-griz to Vollmer Peak", "step": 54, "lat": 37.94177, "lon": -122.32287, "elevation_m": 31.3, "time": null, "elevation_f": 102.690292, "step_elevation_m": 0.0, "step_elevation_f": 0.0, "step_dist_m": 0.0, "step_dist_f": 0.0, "step_grade": null, "step_turn": null, "coast_speed_mps": 0.0, "coast_speed_mph": 0.0}, "geometry": {"type": "Point", "coordinates": [-122.32287, 37.94177]}}, {"id": "55", "type": "Feature", "properties": {"name": "Arli-griz to Vollmer Peak", "step": 55, "lat": 37.94189, "lon": -122.32248, "elevation_m": 34.7, "time": null, "elevation_f": 113.84514800000001, "step_elevation_m": 3.400000000000002, "step_elevation_f": 11.15485600000001, "step_dist_m": 36.710825417445534, "step_dist_f": 120.44234446257201, "step_grade": 0.09261573286184602, "step_turn": null, "coast_speed_mps": 0.0, "coast_speed_mph": 0.0}, "geometry": {"type": "Point", "coordinates": [-122.32248, 37.94189]}}, {"id": "56", "type": "Feature", "properties": {"name": "Arli-griz to Vollmer Peak", "step": 56, "lat": 37.94259, "lon": -122.32282, "elevation_m": 30.4, "time": null, "elevation_f": 99.73753599999999, "step_elevation_m": -4.300000000000004, "step_elevation_f": -14.107612000000017, "step_dist_m": 83.35141826112178, "step_dist_f": 273.4626670878188, "step_grade": -0.051588804242407055, "step_turn": 89.64544667996643, "coast_speed_mps": 8.44293559076074, "coast_speed_mph": 18.886309034450452}, "geometry": {"type": "Point", "coordinates": [-122.32282, 37.94259]}}, {"id": "57", "type": "Feature", "properties": {"name": "Arli-griz to Vollmer Peak", "step": 57, "lat": 37.94316, "lon": -122.32301, "elevation_m": 29.6, "time": null, "elevation_f": 97.112864, "step_elevation_m": -0.7999999999999972, "step_elevation_f": -2.6246719999999897, "step_dist_m": 65.53444525510288, "step_dist_f": 215.00802937075173, "step_grade": -0.012207320850674396, "step_turn": 6.2308708516943625, "coast_speed_mps": 6.5948823871872095, "coast_speed_mph": 14.752331753729425}, "geometry": {"type": "Point", "coordinates": [-122.32301, 37.94316]}}, {"id": "58", "type": "Feature", "properties": {"name": "Arli-griz to Vollmer Peak", "step": 58, "lat": 37.94397, "lon": -122.3234, "elevation_m": 31.0, "time": null, "elevation_f": 101.70604, "step_elevation_m": 1.3999999999999986, "step_elevation_f": 4.593176, "step_dist_m": 96.34214186800423, "step_dist_f": 316.08315272622303, "step_grade": 0.01453154323596107, "step_turn": 6.063538965980854, "coast_speed_mps": 0.0, "coast_speed_mph": 0.0}, "geometry": {"type": "Point", "coordinates": [-122.3234, 37.94397]}}, {"id": "59", "type": "Feature", "properties": {"name": "Arli-griz to Vollmer Peak", "step": 59, "lat": 37.94477, "lon": -122.32379, "elevation_m": 33.0, "time": null, "elevation_f": 108.26772, "step_elevation_m": 2.0, "step_elevation_f": 6.5616799999999955, "step_dist_m": 95.30329089863085, "step_dist_f": 312.67484891186405, "step_grade": 0.02098563419103015, "step_turn": 0.2370907991768263, "coast_speed_mps": 0.0, "coast_speed_mph": 0.0}, "geometry": {"type": "Point", "coordinates": [-122.32379, 37.94477]}}, {"id": "60", "type": "Feature", "properties": {"name": "Arli-griz to Vollmer Peak", "step": 60, "lat": 37.94548, "lon": -122.32412, "elevation_m": 33.2, "time": null, "elevation_f": 108.923888, "step_elevation_m": 0.20000000000000284, "step_elevation_f": 0.6561680000000081, "step_dist_m": 84.08452890556484, "step_dist_f": 275.86788581453334, "step_grade": 0.0023785588455234427, "step_turn": 0.8995385925924211, "coast_speed_mps": 0.0, "coast_speed_mph": 0.0}, "geometry": {"type": "Point", "coordinates": [-122.32412, 37.94548]}}, {"id": "61", "type": "Feature", "properties": {"name": "Arli-griz to Vollmer Peak", "step": 61, "lat": 37.94619, "lon": -122.32446, "elevation_m": 33.6, "time": null, "elevation_f": 110.236224, "step_elevation_m": 0.3999999999999986, "step_elevation_f": 1.312336000000002, "step_dist_m": 84.39021712213912, "step_dist_f": 276.87079994299893, "step_grade": 0.004739885897213336, "step_turn": 0.5588063283032056, "coast_speed_mps": 0.0, "coast_speed_mph": 0.0}, "geometry": {"type": "Point", "coordinates": [-122.32446, 37.94619]}}, {"id": "62", "type": "Feature", "properties": {"name": "Arli-griz to Vollmer Peak", "step": 62, "lat": 37.9469, "lon": -122.3248, "elevation_m": 36.4, "time": null, "elevation_f": 119.42257599999999, "step_elevation_m": 2.799999999999997, "step_elevation_f": 9.186351999999985, "step_dist_m": 84.3901153463689, "step_dist_f": 276.87046603298097, "step_grade": 0.033179241295117796, "step_turn": 0.0001829803444479694, "coast_speed_mps": 0.0, "coast_speed_mph": 0.0}, "geometry": {"type": "Point", "coordinates": [-122.3248, 37.9469]}}, {"id": "63", "type": "Feature", "properties": {"name": "Arli-griz to Vollmer Peak", "step": 63, "lat": 37.94761, "lon": -122.32514, "elevation_m": 34.6, "time": null, "elevation_f": 113.517064, "step_elevation_m": -1.7999999999999972, "step_elevation_f": -5.905511999999987, "step_dist_m": 84.39001357129197, "step_dist_f": 276.87013212523755, "step_grade": -0.02132953798472105, "step_turn": 0.00018298261579730024, "coast_speed_mps": 4.6978871282577614, "coast_speed_mph": 10.508874213175009}, "geometry": {"type": "Point", "coordinates": [-122.32514, 37.94761]}}, {"id": "64", "type": "Feature", "properties": {"name": "Arli-griz to Vollmer Peak", "step": 64, "lat": 37.94832, "lon": -122.32548, "elevation_m": 35.3, "time": null, "elevation_f": 115.81365199999999, "step_elevation_m": 0.6999999999999957, "step_elevation_f": 2.2965879999999856, "step_dist_m": 84.38991179441729, "step_dist_f": 276.869798211596, "step_grade": 0.008294830331204392, "step_turn": 0.00018299047081882236, "coast_speed_mps": 0.0, "coast_speed_mph": 0.0}, "geometry": {"type": "Point", "coordinates": [-122.32548, 37.94832]}}, {"id": "65", "type": "Feature", "properties": {"name": "Arli-griz to Vollmer Peak", "step": 65, "lat": 37.94832, "lon": -122.32548, "elevation_m": 35.3, "time": null, "elevation_f": 115.81365199999999, "step_elevation_m": 0.0, "step_elevation_f": 0.0, "step_dist_m": 0.0, "step_dist_f": 0.0, "step_grade": null, "step_turn": null, "coast_speed_mps": 0.0, "coast_speed_mph": 0.0}, "geometry": {"type": "Point", "coordinates": [-122.32548, 37.94832]}}, {"id": "66", "type": "Feature", "properties": {"name": "Arli-griz to Vollmer Peak", "step": 66, "lat": 37.9488, "lon": -122.32571, "elevation_m": 37.3, "time": null, "elevation_f": 122.37533199999999, "step_elevation_m": 2.0, "step_elevation_f": 6.5616799999999955, "step_dist_m": 57.05664112327093, "step_dist_f": 187.1937104628722, "step_grade": 0.03505288710702402, "step_turn": null, "coast_speed_mps": 0.0, "coast_speed_mph": 0.0}, "geometry": {"type": "Point", "coordinates": [-122.32571, 37.9488]}}, {"id": "67", "type": "Feature", "properties": {"name": "Arli-griz to Vollmer Peak", "step": 67, "lat": 37.94909, "lon": -122.32473, "elevation_m": 39.8, "time": null, "elevation_f": 130.577432, "step_elevation_m": 2.5, "step_elevation_f": 8.202100000000002, "step_dist_m": 91.78136477909754, "step_dist_f": 301.1199728218544, "step_grade": 0.027238644860174868, "step_turn": 90.12951955688533, "coast_speed_mps": 0.0, "coast_speed_mph": 0.0}, "geometry": {"type": "Point", "coordinates": [-122.32473, 37.94909]}}, {"id": "68", "type": "Feature", "properties": {"name": "Arli-griz to Vollmer Peak", "step": 68, "lat": 37.94937, "lon": -122.32374, "elevation_m": 43.0, "time": null, "elevation_f": 141.07612, "step_elevation_m": 3.200000000000003, "step_elevation_f": 10.498688000000016, "step_dist_m": 92.22118087341964, "step_dist_f": 302.5629390567501, "step_grade": 0.03469918699471262, "step_turn": 0.8381488123955592, "coast_speed_mps": 0.0, "coast_speed_mph": 0.0}, "geometry": {"type": "Point", "coordinates": [-122.32374, 37.94937]}}, {"id": "69", "type": "Feature", "properties": {"name": "Arli-griz to Vollmer Peak", "step": 69, "lat": 37.94946, "lon": -122.32348, "elevation_m": 44.1, "time": null, "elevation_f": 144.685044, "step_elevation_m": 1.1000000000000014, "step_elevation_f": 3.608924000000002, "step_dist_m": 24.897449613345554, "step_dist_f": 81.68454858944862, "step_grade": 0.044181232097378294, "step_turn": 3.968760435292097, "coast_speed_mps": 0.0, "coast_speed_mph": 0.0}, "geometry": {"type": "Point", "coordinates": [-122.32348, 37.94946]}}, {"id": "70", "type": "Feature", "properties": {"name": "Arli-griz to Vollmer Peak", "step": 70, "lat": 37.94957, "lon": -122.32322, "elevation_m": 45.4, "time": null, "elevation_f": 148.950136, "step_elevation_m": 1.2999999999999972, "step_elevation_f": 4.2650919999999815, "step_dist_m": 25.8715834297687, "step_dist_f": 84.88052577972235, "step_grade": 0.05024818073192126, "step_turn": 4.514416215706831, "coast_speed_mps": 0.0, "coast_speed_mph": 0.0}, "geometry": {"type": "Point", "coordinates": [-122.32322, 37.94957]}}, {"id": "71", "type": "Feature", "properties": {"name": "Arli-griz to Vollmer Peak", "step": 71, "lat": 37.94967, "lon": -122.32312, "elevation_m": 45.9, "time": null, "elevation_f": 150.590556, "step_elevation_m": 0.5, "step_elevation_f": 1.640420000000006, "step_dist_m": 14.16072493630621, "step_dist_f": 46.45907280003087, "step_grade": 0.03530892678510171, "step_turn": 23.527752260657394, "coast_speed_mps": 0.0, "coast_speed_mph": 0.0}, "geometry": {"type": "Point", "coordinates": [-122.32312, 37.94967]}}, {"id": "72", "type": "Feature", "properties": {"name": "Arli-griz to Vollmer Peak", "step": 72, "lat": 37.9498, "lon": -122.32304, "elevation_m": 46.3, "time": null, "elevation_f": 151.90289199999998, "step_elevation_m": 0.3999999999999986, "step_elevation_f": 1.3123359999999877, "step_dist_m": 16.067415553985903, "step_dist_f": 52.71461964613911, "step_grade": 0.024895105168346077, "step_turn": 12.372071562186647, "coast_speed_mps": 0.0, "coast_speed_mph": 0.0}, "geometry": {"type": "Point", "coordinates": [-122.32304, 37.9498]}}, {"id": "73", "type": "Feature", "properties": {"name": "Arli-griz to Vollmer Peak", "step": 73, "lat": 37.95031, "lon": -122.32285, "elevation_m": 47.1, "time": null, "elevation_f": 154.527564, "step_elevation_m": 0.8000000000000043, "step_elevation_f": 2.6246720000000323, "step_dist_m": 59.10585308244974, "step_dist_f": 193.9168470270244, "step_grade": 0.013535038549973111, "step_turn": 9.514229792794708, "coast_speed_mps": 0.0, "coast_speed_mph": 0.0}, "geometry": {"type": "Point", "coordinates": [-122.32285, 37.95031]}}, {"id": "74", "type": "Feature", "properties": {"name": "Arli-griz to Vollmer Peak", "step": 74, "lat": 37.95098, "lon": -122.32258, "elevation_m": 49.5, "time": null, "elevation_f": 162.40158, "step_elevation_m": 2.3999999999999986, "step_elevation_f": 7.874015999999983, "step_dist_m": 78.171612860277, "step_dist_f": 256.46855433651115, "step_grade": 0.0307016820068652, "step_turn": 1.2573442208731649, "coast_speed_mps": 0.0, "coast_speed_mph": 0.0}, "geometry": {"type": "Point", "coordinates": [-122.32258, 37.95098]}}, {"id": "75", "type": "Feature", "properties": {"name": "Arli-griz to Vollmer Peak", "step": 75, "lat": 37.9512, "lon": -122.32241, "elevation_m": 52.1, "time": null, "elevation_f": 170.93176400000002, "step_elevation_m": 2.6000000000000014, "step_elevation_f": 8.53018400000002, "step_dist_m": 28.646390776547815, "step_dist_f": 93.98422471532913, "step_grade": 0.09076187015254171, "step_turn": 13.726251003357731, "coast_speed_mps": 0.0, "coast_speed_mph": 0.0}, "geometry": {"type": "Point", "coordinates": [-122.32241, 37.9512]}}, {"id": "76", "type": "Feature", "properties": {"name": "Arli-griz to Vollmer Peak", "step": 76, "lat": 37.95116, "lon": -122.32221, "elevation_m": 54.6, "time": null, "elevation_f": 179.13386400000002, "step_elevation_m": 2.5, "step_elevation_f": 8.202100000000002, "step_dist_m": 18.09148675479664, "step_dist_f": 59.35527340460701, "step_grade": 0.13818654231594144, "step_turn": 72.87715430086052, "coast_speed_mps": 0.0, "coast_speed_mph": 0.0}, "geometry": {"type": "Point", "coordinates": [-122.32221, 37.95116]}}, {"id": "77", "type": "Feature", "properties": {"name": "Arli-griz to Vollmer Peak", "step": 77, "lat": 37.95114, "lon": -122.3219, "elevation_m": 56.7, "time": null, "elevation_f": 186.023628, "step_elevation_m": 2.1000000000000014, "step_elevation_f": 6.889763999999985, "step_dist_m": 27.271976675872835, "step_dist_f": 89.47499195727063, "step_grade": 0.07700211924344465, "step_turn": 9.554733092127492, "coast_speed_mps": 0.0, "coast_speed_mph": 0.0}, "geometry": {"type": "Point", "coordinates": [-122.3219, 37.95114]}}, {"id": "78", "type": "Feature", "properties": {"name": "Arli-griz to Vollmer Peak", "step": 78, "lat": 37.95114, "lon": -122.3219, "elevation_m": 56.7, "time": null, "elevation_f": 186.023628, "step_elevation_m": 0.0, "step_elevation_f": 0.0, "step_dist_m": 0.0, "step_dist_f": 0.0, "step_grade": null, "step_turn": null, "coast_speed_mps": 0.0, "coast_speed_mph": 0.0}, "geometry": {"type": "Point", "coordinates": [-122.3219, 37.95114]}}, {"id": "79", "type": "Feature", "properties": {"name": "Arli-griz to Vollmer Peak", "step": 79, "lat": 37.9511, "lon": -122.3214, "elevation_m": 58.8, "time": null, "elevation_f": 192.913392, "step_elevation_m": 2.0999999999999943, "step_elevation_f": 6.889763999999985, "step_dist_m": 44.06563005846386, "step_dist_f": 144.57228172101057, "step_grade": 0.047656189125489176, "step_turn": null, "coast_speed_mps": 0.0, "coast_speed_mph": 0.0}, "geometry": {"type": "Point", "coordinates": [-122.3214, 37.9511]}}, {"id": "80", "type": "Feature", "properties": {"name": "Arli-griz to Vollmer Peak", "step": 80, "lat": 37.95098, "lon": -122.3214, "elevation_m": 59.8, "time": null, "elevation_f": 196.194232, "step_elevation_m": 1.0, "step_elevation_f": 3.280840000000012, "step_dist_m": 13.343391197057631, "step_dist_f": 43.77753157495456, "step_grade": 0.07494346716151973, "step_turn": 84.20709655087478, "coast_speed_mps": 0.0, "coast_speed_mph": 0.0}, "geometry": {"type": "Point", "coordinates": [-122.3214, 37.95098]}}, {"id": "81", "type": "Feature", "properties": {"name": "Arli-griz to Vollmer Peak", "step": 81, "lat": 37.95089, "lon": -122.32144, "elevation_m": 60.5, "time": null, "elevation_f": 198.49081999999999, "step_elevation_m": 0.7000000000000028, "step_elevation_f": 2.2965879999999856, "step_dist_m": 10.604327733561767, "step_dist_f": 34.79110260137879, "step_grade": 0.06601078518014529, "step_turn": 19.313595802789195, "coast_speed_mps": 0.0, "coast_speed_mph": 0.0}, "geometry": {"type": "Point", "coordinates": [-122.32144, 37.95089]}}, {"id": "82", "type": "Feature", "properties": {"name": "Arli-griz to Vollmer Peak", "step": 82, "lat": 37.95079, "lon": -122.32151, "elevation_m": 61.7, "time": null, "elevation_f": 202.427828, "step_elevation_m": 1.2000000000000028, "step_elevation_f": 3.93700800000002, "step_dist_m": 12.700966208464731, "step_dist_f": 41.66983797537943, "step_grade": 0.0944810009178866, "step_turn": 9.584117336297709, "coast_speed_mps": 0.0, "coast_speed_mph": 0.0}, "geometry": {"type": "Point", "coordinates": [-122.32151, 37.95079]}}, {"id": "83", "type": "Feature", "properties": {"name": "Arli-griz to Vollmer Peak", "step": 83, "lat": 37.9507, "lon": -122.32154, "elevation_m": 62.9, "time": null, "elevation_f": 206.364836, "step_elevation_m": 1.1999999999999957, "step_elevation_f": 3.9370079999999916, "step_dist_m": 10.34747235653505, "step_dist_f": 33.948401206214456, "step_grade": 0.1159703508888452, "step_turn": 14.170824433991271, "coast_speed_mps": 0.0, "coast_speed_mph": 0.0}, "geometry": {"type": "Point", "coordinates": [-122.32154, 37.9507]}}, {"id": "84", "type": "Feature", "properties": {"name": "Arli-griz to Vollmer Peak", "step": 84, "lat": 37.95059, "lon": -122.32154, "elevation_m": 64.1, "time": null, "elevation_f": 210.301844, "step_elevation_m": 1.1999999999999957, "step_elevation_f": 3.9370079999999916, "step_dist_m": 12.231441931166653, "step_dist_f": 40.1294039454488, "step_grade": 0.09810781155264316, "step_turn": 14.726888705095632, "coast_speed_mps": 0.0, "coast_speed_mph": 0.0}, "geometry": {"type": "Point", "coordinates": [-122.32154, 37.95059]}}, {"id": "85", "type": "Feature", "properties": {"name": "Arli-griz to Vollmer Peak", "step": 85, "lat": 37.95051, "lon": -122.32151, "elevation_m": 65.0, "time": null, "elevation_f": 213.2546, "step_elevation_m": 0.9000000000000057, "step_elevation_f": 2.952756000000022, "step_dist_m": 9.276361947920353, "step_dist_f": 30.434259333215014, "step_grade": 0.09702079382551201, "step_turn": 16.47312519534944, "coast_speed_mps": 0.0, "coast_speed_mph": 0.0}, "geometry": {"type": "Point", "coordinates": [-122.32151, 37.95051]}}, {"id": "86", "type": "Feature", "properties": {"name": "Arli-griz to Vollmer Peak", "step": 86, "lat": 37.95044, "lon": -122.32145, "elevation_m": 66.0, "time": null, "elevation_f": 216.53544, "step_elevation_m": 1.0, "step_elevation_f": 3.2808399999999835, "step_dist_m": 9.394805376887115, "step_dist_f": 30.822853272706322, "step_grade": 0.10644180053587668, "step_turn": 17.58140519271376, "coast_speed_mps": 0.0, "coast_speed_mph": 0.0}, "geometry": {"type": "Point", "coordinates": [-122.32145, 37.95044]}}, {"id": "87", "type": "Feature", "properties": {"name": "Arli-griz to Vollmer Peak", "step": 87, "lat": 37.9499, "lon": -122.3208, "elevation_m": 71.6, "time": null, "elevation_f": 234.908144, "step_elevation_m": 5.599999999999994, "step_elevation_f": 18.372704, "step_dist_m": 82.78702787515101, "step_dist_f": 271.61099253391046, "step_grade": 0.06764344781703252, "step_turn": 9.452031298225506, "coast_speed_mps": 0.0, "coast_speed_mph": 0.0}, "geometry": {"type": "Point", "coordinates": [-122.3208, 37.9499]}}, {"id": "88", "type": "Feature", "properties": {"name": "Arli-griz to Vollmer Peak", "step": 88, "lat": 37.94981, "lon": -122.32075, "elevation_m": 71.8, "time": null, "elevation_f": 235.564312, "step_elevation_m": 0.20000000000000284, "step_elevation_f": 0.6561680000000081, "step_dist_m": 10.92572905101284, "step_dist_f": 35.84556889972497, "step_grade": 0.018305414592123936, "step_turn": 19.84914091796702, "coast_speed_mps": 0.0, "coast_speed_mph": 0.0}, "geometry": {"type": "Point", "coordinates": [-122.32075, 37.94981]}}, {"id": "89", "type": "Feature", "properties": {"name": "Arli-griz to Vollmer Peak", "step": 89, "lat": 37.94971, "lon": -122.32077, "elevation_m": 71.6, "time": null, "elevation_f": 234.908144, "step_elevation_m": -0.20000000000000284, "step_elevation_f": -0.6561680000000081, "step_dist_m": 11.256927907651853, "step_dist_f": 36.93217935654051, "step_grade": -0.017766836710756014, "step_turn": 32.619729355734876, "coast_speed_mps": 0.0, "coast_speed_mph": 0.0}, "geometry": {"type": "Point", "coordinates": [-122.32077, 37.94971]}}, {"id": "90", "type": "Feature", "properties": {"name": "Arli-griz to Vollmer Peak", "step": 90, "lat": 37.94958, "lon": -122.32076, "elevation_m": 72.0, "time": null, "elevation_f": 236.22048, "step_elevation_m": 0.4000000000000057, "step_elevation_f": 1.3123360000000162, "step_dist_m": 14.48190931996408, "step_dist_f": 47.512827373310955, "step_grade": 0.02762066735555266, "step_turn": 12.433495077938915, "coast_speed_mps": 0.0, "coast_speed_mph": 0.0}, "geometry": {"type": "Point", "coordinates": [-122.32076, 37.94958]}}, {"id": "91", "type": "Feature", "properties": {"name": "Arli-griz to Vollmer Peak", "step": 91, "lat": 37.94945, "lon": -122.32071, "elevation_m": 73.1, "time": null, "elevation_f": 239.82940399999998, "step_elevation_m": 1.0999999999999943, "step_elevation_f": 3.6089239999999734, "step_dist_m": 15.105551173510017, "step_dist_f": 49.558896512098606, "step_grade": 0.07282091115807936, "step_turn": 13.400833083448447, "coast_speed_mps": 0.0, "coast_speed_mph": 0.0}, "geometry": {"type": "Point", "coordinates": [-122.32071, 37.94945]}}, {"id": "92", "type": "Feature", "properties": {"name": "Arli-griz to Vollmer Peak", "step": 92, "lat": 37.94881, "lon": -122.32026, "elevation_m": 78.0, "time": null, "elevation_f": 255.90552, "step_elevation_m": 4.900000000000006, "step_elevation_f": 16.076116000000013, "step_dist_m": 81.37151755772292, "step_dist_f": 266.96692966407966, "step_grade": 0.060217630776322535, "step_turn": 12.134479276138563, "coast_speed_mps": 0.0, "coast_speed_mph": 0.0}, "geometry": {"type": "Point", "coordinates": [-122.32026, 37.94881]}}, {"id": "93", "type": "Feature", "properties": {"name": "Arli-griz to Vollmer Peak", "step": 93, "lat": 37.94872, "lon": -122.32017, "elevation_m": 77.7, "time": null, "elevation_f": 254.921268, "step_elevation_m": -0.29999999999999716, "step_elevation_f": -0.9842519999999979, "step_dist_m": 12.744709308132865, "step_dist_f": 41.81335208649463, "step_grade": -0.02353917949376501, "step_turn": 9.251462227065531, "coast_speed_mps": 0.0, "coast_speed_mph": 0.0}, "geometry": {"type": "Point", "coordinates": [-122.32017, 37.94872]}}, {"id": "94", "type": "Feature", "properties": {"name": "Arli-griz to Vollmer Peak", "step": 94, "lat": 37.94864, "lon": -122.32005, "elevation_m": 77.1, "time": null, "elevation_f": 252.95276399999997, "step_elevation_m": -0.6000000000000085, "step_elevation_f": -1.9685040000000242, "step_dist_m": 13.778460276476554, "step_dist_f": 45.20492361347534, "step_grade": -0.04354622998219662, "step_turn": 11.530200575000435, "coast_speed_mps": 3.9973082282026478, "coast_speed_mph": 8.941723846194174}, "geometry": {"type": "Point", "coordinates": [-122.32005, 37.94864]}}, {"id": "95", "type": "Feature", "properties": {"name": "Arli-griz to Vollmer Peak", "step": 95, "lat": 37.94855, "lon": -122.31997, "elevation_m": 75.4, "time": null, "elevation_f": 247.375336, "step_elevation_m": -1.6999999999999886, "step_elevation_f": -5.577427999999969, "step_dist_m": 12.221187606832203, "step_dist_f": 40.09576114799936, "step_grade": -0.13910268418182295, "step_turn": 14.759805507190322, "coast_speed_mps": 6.292231890237085, "coast_speed_mph": 14.075321873293392}, "geometry": {"type": "Point", "coordinates": [-122.31997, 37.94855]}}, {"id": "96", "type": "Feature", "properties": {"name": "Arli-griz to Vollmer Peak", "step": 96, "lat": 37.94845, "lon": -122.31991, "elevation_m": 73.4, "time": null, "elevation_f": 240.813656, "step_elevation_m": -2.0, "step_elevation_f": -6.5616799999999955, "step_dist_m": 12.301294479890347, "step_dist_f": 40.35857898140345, "step_grade": -0.16258451525321324, "step_turn": 9.707713902966248, "coast_speed_mps": 8.403307649428264, "coast_speed_mph": 18.797663854304435}, "geometry": {"type": "Point", "coordinates": [-122.31991, 37.94845]}}, {"id": "97", "type": "Feature", "properties": {"name": "Arli-griz to Vollmer Peak", "step": 97, "lat": 37.94802, "lon": -122.31975, "elevation_m": 76.2, "time": null, "elevation_f": 250.000008, "step_elevation_m": 2.799999999999997, "step_elevation_f": 9.186352, "step_dist_m": 49.82960135319992, "step_dist_f": 163.4829493036324, "step_grade": 0.05619149910819403, "step_turn": 8.967841271204634, "coast_speed_mps": 0.0, "coast_speed_mph": 0.0}, "geometry": {"type": "Point", "coordinates": [-122.31975, 37.94802]}}, {"id": "98", "type": "Feature", "properties": {"name": "Arli-griz to Vollmer Peak", "step": 98, "lat": 37.94758, "lon": -122.31958, "elevation_m": 77.2, "time": null, "elevation_f": 253.28084800000002, "step_elevation_m": 1.0, "step_elevation_f": 3.280840000000012, "step_dist_m": 51.146198930931924, "step_dist_f": 167.8024953005587, "step_grade": 0.01955179506790729, "step_turn": 0.5919343880196948, "coast_speed_mps": 0.0, "coast_speed_mph": 0.0}, "geometry": {"type": "Point", "coordinates": [-122.31958, 37.94758]}}, {"id": "99", "type": "Feature", "properties": {"name": "Arli-griz to Vollmer Peak", "step": 99, "lat": 37.94758, "lon": -122.31958, "elevation_m": 77.2, "time": null, "elevation_f": 253.28084800000002, "step_elevation_m": 0.0, "step_elevation_f": 0.0, "step_dist_m": 0.0, "step_dist_f": 0.0, "step_grade": null, "step_turn": null, "coast_speed_mps": 0.0, "coast_speed_mph": 0.0}, "geometry": {"type": "Point", "coordinates": [-122.31958, 37.94758]}}, {"id": "100", "type": "Feature", "properties": {"name": "Arli-griz to Vollmer Peak", "step": 100, "lat": 37.94673, "lon": -122.31926, "elevation_m": 72.8, "time": null, "elevation_f": 238.84515199999998, "step_elevation_m": -4.400000000000006, "step_elevation_f": -14.435696000000036, "step_dist_m": 98.59285014536724, "step_dist_f": 323.46736647092666, "step_grade": -0.04462798259217133, "step_turn": null, "coast_speed_mps": 8.417414462956145, "coast_speed_mph": 18.829219897450198}, "geometry": {"type": "Point", "coordinates": [-122.31926, 37.94673]}}, {"id": "101", "type": "Feature", "properties": {"name": "Arli-griz to Vollmer Peak", "step": 101, "lat": 37.94652, "lon": -122.31912, "elevation_m": 72.2, "time": null, "elevation_f": 236.87664800000002, "step_elevation_m": -0.5999999999999943, "step_elevation_f": -1.9685039999999674, "step_dist_m": 26.381227019397173, "step_dist_f": 86.55258485431902, "step_grade": -0.02274344554022585, "step_turn": 11.196947426495854, "coast_speed_mps": 8.07463645067286, "coast_speed_mph": 18.062447321655448}, "geometry": {"type": "Point", "coordinates": [-122.31912, 37.94652]}}, {"id": "102", "type": "Feature", "properties": {"name": "Arli-griz to Vollmer Peak", "step": 102, "lat": 37.94634, "lon": -122.31894, "elevation_m": 72.4, "time": null, "elevation_f": 237.53281600000003, "step_elevation_m": 0.20000000000000284, "step_elevation_f": 0.6561680000000081, "step_dist_m": 25.489729209435747, "step_dist_f": 83.62772317948517, "step_grade": 0.007846297556035517, "step_turn": 10.526910406155423, "coast_speed_mps": 6.497449325036111, "coast_speed_mph": 14.534380200957642}, "geometry": {"type": "Point", "coordinates": [-122.31894, 37.94634]}}, {"id": "103", "type": "Feature", "properties": {"name": "Arli-griz to Vollmer Peak", "step": 103, "lat": 37.94631, "lon": -122.31884, "elevation_m": 72.7, "time": null, "elevation_f": 238.517068, "step_elevation_m": 0.29999999999999716, "step_elevation_f": 0.9842519999999695, "step_dist_m": 9.381779700941966, "step_dist_f": 30.780118114038437, "step_grade": 0.03197687534379815, "step_turn": 30.912980793385373, "coast_speed_mps": 5.940551251352251, "coast_speed_mph": 13.28863468895903}, "geometry": {"type": "Point", "coordinates": [-122.31884, 37.94631]}}, {"id": "104", "type": "Feature", "properties": {"name": "Arli-griz to Vollmer Peak", "step": 104, "lat": 37.94627, "lon": -122.31865, "elevation_m": 73.4, "time": null, "elevation_f": 240.813656, "step_elevation_m": 0.7000000000000028, "step_elevation_f": 2.296588000000014, "step_dist_m": 17.24400584233503, "step_dist_f": 56.57482412776646, "step_grade": 0.04059381598453547, "step_turn": 5.8807583460790624, "coast_speed_mps": 3.8111162068832614, "coast_speed_mph": 8.525224156413872}, "geometry": {"type": "Point", "coordinates": [-122.31865, 37.94627]}}, {"id": "105", "type": "Feature", "properties": {"name": "Arli-griz to Vollmer Peak", "step": 105, "lat": 37.94626, "lon": -122.31841, "elevation_m": 75.0, "time": null, "elevation_f": 246.063, "step_elevation_m": 1.5999999999999943, "step_elevation_f": 5.249343999999979, "step_dist_m": 21.074226792626394, "step_dist_f": 69.14116623032038, "step_grade": 0.0759221211645978, "step_turn": 11.922932122587895, "coast_speed_mps": 0.0, "coast_speed_mph": 0.0}, "geometry": {"type": "Point", "coordinates": [-122.31841, 37.94626]}}, {"id": "106", "type": "Feature", "properties": {"name": "Arli-griz to Vollmer Peak", "step": 106, "lat": 37.94628, "lon": -122.31811, "elevation_m": 77.2, "time": null, "elevation_f": 253.28084800000002, "step_elevation_m": 2.200000000000003, "step_elevation_f": 7.217848000000032, "step_dist_m": 26.399923271795085, "step_dist_f": 86.61392426703618, "step_grade": 0.08333357553165388, "step_turn": 7.8568026949972705, "coast_speed_mps": 0.0, "coast_speed_mph": 0.0}, "geometry": {"type": "Point", "coordinates": [-122.31811, 37.94628]}}, {"id": "107", "type": "Feature", "properties": {"name": "Arli-griz to Vollmer Peak", "step": 107, "lat": 37.94627, "lon": -122.31793, "elevation_m": 78.2, "time": null, "elevation_f": 256.561688, "step_elevation_m": 1.0, "step_elevation_f": 3.2808399999999835, "step_dist_m": 15.822770868208915, "step_dist_f": 51.911979575254534, "step_grade": 0.0632000556874143, "step_turn": 8.862089836707412, "coast_speed_mps": 0.0, "coast_speed_mph": 0.0}, "geometry": {"type": "Point", "coordinates": [-122.31793, 37.94627]}}, {"id": "108", "type": "Feature", "properties": {"name": "Arli-griz to Vollmer Peak", "step": 108, "lat": 37.94624, "lon": -122.31781, "elevation_m": 78.8, "time": null, "elevation_f": 258.530192, "step_elevation_m": 0.5999999999999943, "step_elevation_f": 1.9685039999999958, "step_dist_m": 11.038548891473509, "step_dist_f": 36.215712745101946, "step_grade": 0.05435497055808228, "step_turn": 13.560000430347372, "coast_speed_mps": 0.0, "coast_speed_mph": 0.0}, "geometry": {"type": "Point", "coordinates": [-122.31781, 37.94624]}}, {"id": "109", "type": "Feature", "properties": {"name": "Arli-griz to Vollmer Peak", "step": 109, "lat": 37.94616, "lon": -122.31765, "elevation_m": 79.5, "time": null, "elevation_f": 260.82678, "step_elevation_m": 0.7000000000000028, "step_elevation_f": 2.2965879999999856, "step_dist_m": 16.612357862426084, "step_dist_f": 54.50248816936199, "step_grade": 0.04213730560086636, "step_turn": 14.78671397765686, "coast_speed_mps": 0.0, "coast_speed_mph": 0.0}, "geometry": {"type": "Point", "coordinates": [-122.31765, 37.94616]}}, {"id": "110", "type": "Feature", "properties": {"name": "Arli-griz to Vollmer Peak", "step": 110, "lat": 37.94593, "lon": -122.31726, "elevation_m": 82.2, "time": null, "elevation_f": 269.685048, "step_elevation_m": 2.700000000000003, "step_elevation_f": 8.85826800000001, "step_dist_m": 42.703355027802836, "step_dist_f": 140.10287530941665, "step_grade": 0.06322688224946532, "step_turn": 4.414234925505866, "coast_speed_mps": 0.0, "coast_speed_mph": 0.0}, "geometry": {"type": "Point", "coordinates": [-122.31726, 37.94593]}}, {"id": "111", "type": "Feature", "properties": {"name": "Arli-griz to Vollmer Peak", "step": 111, "lat": 37.94591, "lon": -122.31709, "elevation_m": 82.9, "time": null, "elevation_f": 271.98163600000004, "step_elevation_m": 0.7000000000000028, "step_elevation_f": 2.2965880000000425, "step_dist_m": 15.071828477006612, "step_dist_f": 49.44825774050237, "step_grade": 0.04644426527729624, "step_turn": 28.30557822841297, "coast_speed_mps": 0.0, "coast_speed_mph": 0.0}, "geometry": {"type": "Point", "coordinates": [-122.31709, 37.94591]}}, {"id": "112", "type": "Feature", "properties": {"name": "Arli-griz to Vollmer Peak", "step": 112, "lat": 37.94596, "lon": -122.31671, "elevation_m": 85.3, "time": null, "elevation_f": 279.85565199999996, "step_elevation_m": 2.3999999999999915, "step_elevation_f": 7.874015999999926, "step_dist_m": 33.7818422088626, "step_dist_f": 110.83281919252477, "step_grade": 0.07104408294732832, "step_turn": 17.957947335268045, "coast_speed_mps": 0.0, "coast_speed_mph": 0.0}, "geometry": {"type": "Point", "coordinates": [-122.31671, 37.94596]}}, {"id": "113", "type": "Feature", "properties": {"name": "Arli-griz to Vollmer Peak", "step": 113, "lat": 37.94594, "lon": -122.31658, "elevation_m": 85.6, "time": null, "elevation_f": 280.839904, "step_elevation_m": 0.29999999999999716, "step_elevation_f": 0.9842520000000263, "step_dist_m": 11.614258416380054, "step_dist_f": 38.10452358279633, "step_grade": 0.02583031901347185, "step_turn": 20.511964044307092, "coast_speed_mps": 0.0, "coast_speed_mph": 0.0}, "geometry": {"type": "Point", "coordinates": [-122.31658, 37.94594]}}, {"id": "114", "type": "Feature", "properties": {"name": "Arli-griz to Vollmer Peak", "step": 114, "lat": 37.94588, "lon": -122.31642, "elevation_m": 85.9, "time": null, "elevation_f": 281.824156, "step_elevation_m": 0.30000000000001137, "step_elevation_f": 0.9842520000000263, "step_dist_m": 15.535504973017053, "step_dist_f": 50.96950613567327, "step_grade": 0.01931060499939129, "step_turn": 14.39337171356999, "coast_speed_mps": 0.0, "coast_speed_mph": 0.0}, "geometry": {"type": "Point", "coordinates": [-122.31642, 37.94588]}}, {"id": "115", "type": "Feature", "properties": {"name": "Arli-griz to Vollmer Peak", "step": 115, "lat": 37.9457, "lon": -122.3161, "elevation_m": 85.3, "time": null, "elevation_f": 279.85565199999996, "step_elevation_m": -0.6000000000000085, "step_elevation_f": -1.9685040000000527, "step_dist_m": 34.466909368448825, "step_dist_f": 113.08041493238164, "step_grade": -0.01740800121026376, "step_turn": 10.067503718103126, "coast_speed_mps": 0.0, "coast_speed_mph": 0.0}, "geometry": {"type": "Point", "coordinates": [-122.3161, 37.9457]}}, {"id": "116", "type": "Feature", "properties": {"name": "Arli-griz to Vollmer Peak", "step": 116, "lat": 37.9456, "lon": -122.316, "elevation_m": 85.6, "time": null, "elevation_f": 280.839904, "step_elevation_m": 0.29999999999999716, "step_elevation_f": 0.9842520000000263, "step_dist_m": 14.161018310585897, "step_dist_f": 46.46003531410263, "step_grade": 0.02118491717334592, "step_turn": 16.24084974539761, "coast_speed_mps": 0.0, "coast_speed_mph": 0.0}, "geometry": {"type": "Point", "coordinates": [-122.316, 37.9456]}}, {"id": "117", "type": "Feature", "properties": {"name": "Arli-griz to Vollmer Peak", "step": 117, "lat": 37.9455, "lon": -122.31593, "elevation_m": 86.3, "time": null, "elevation_f": 283.136492, "step_elevation_m": 0.7000000000000028, "step_elevation_f": 2.2965879999999856, "step_dist_m": 12.701179775860597, "step_dist_f": 41.67053865583448, "step_grade": 0.05511299047434928, "step_turn": 9.359686729827615, "coast_speed_mps": 0.0, "coast_speed_mph": 0.0}, "geometry": {"type": "Point", "coordinates": [-122.31593, 37.9455]}}, {"id": "118", "type": "Feature", "properties": {"name": "Arli-griz to Vollmer Peak", "step": 118, "lat": 37.94539, "lon": -122.31587, "elevation_m": 88.0, "time": null, "elevation_f": 288.71392, "step_elevation_m": 1.7000000000000028, "step_elevation_f": 5.577427999999998, "step_dist_m": 13.314999145773275, "step_dist_f": 43.68438179741879, "step_grade": 0.12767556207764777, "step_turn": 5.624791633939481, "coast_speed_mps": 0.0, "coast_speed_mph": 0.0}, "geometry": {"type": "Point", "coordinates": [-122.31587, 37.94539]}}, {"id": "119", "type": "Feature", "properties": {"name": "Arli-griz to Vollmer Peak", "step": 119, "lat": 37.94529, "lon": -122.31584, "elevation_m": 88.8, "time": null, "elevation_f": 291.338592, "step_elevation_m": 0.7999999999999972, "step_elevation_f": 2.6246720000000323, "step_dist_m": 11.42643402558075, "step_dist_f": 37.48830180848635, "step_grade": 0.07001309404220159, "step_turn": 9.964383950586125, "coast_speed_mps": 0.0, "coast_speed_mph": 0.0}, "geometry": {"type": "Point", "coordinates": [-122.31584, 37.94529]}}, {"id": "120", "type": "Feature", "properties": {"name": "Arli-griz to Vollmer Peak", "step": 120, "lat": 37.94501, "lon": -122.31585, "elevation_m": 89.3, "time": null, "elevation_f": 292.979012, "step_elevation_m": 0.5, "step_elevation_f": 1.640420000000006, "step_dist_m": 31.146925400016777, "step_dist_f": 102.18807872939104, "step_grade": 0.016052948840970693, "step_turn": 14.923553745728128, "coast_speed_mps": 0.0, "coast_speed_mph": 0.0}, "geometry": {"type": "Point", "coordinates": [-122.31585, 37.94501]}}, {"id": "121", "type": "Feature", "properties": {"name": "Arli-griz to Vollmer Peak", "step": 121, "lat": 37.94485, "lon": -122.31582, "elevation_m": 89.7, "time": null, "elevation_f": 294.291348, "step_elevation_m": 0.4000000000000057, "step_elevation_f": 1.3123360000000162, "step_dist_m": 17.984624945749324, "step_dist_f": 59.00467690701221, "step_grade": 0.022241219998004234, "step_turn": 10.024255923992797, "coast_speed_mps": 0.0, "coast_speed_mph": 0.0}, "geometry": {"type": "Point", "coordinates": [-122.31582, 37.94485]}}, {"id": "122", "type": "Feature", "properties": {"name": "Arli-griz to Vollmer Peak", "step": 122, "lat": 37.94465, "lon": -122.31574, "elevation_m": 90.3, "time": null, "elevation_f": 296.25985199999997, "step_elevation_m": 0.5999999999999943, "step_elevation_f": 1.968503999999939, "step_dist_m": 23.319179238883812, "step_dist_f": 76.50649601409957, "step_grade": 0.025729893571876578, "step_turn": 9.096483174268997, "coast_speed_mps": 0.0, "coast_speed_mph": 0.0}, "geometry": {"type": "Point", "coordinates": [-122.31574, 37.94465]}}, {"id": "123", "type": "Feature", "properties": {"name": "Arli-griz to Vollmer Peak", "step": 123, "lat": 37.94426, "lon": -122.31539, "elevation_m": 91.0, "time": null, "elevation_f": 298.55644, "step_elevation_m": 0.7000000000000028, "step_elevation_f": 2.2965880000000425, "step_dist_m": 53.12778132931674, "step_dist_f": 174.30375009647554, "step_grade": 0.013175780777687622, "step_turn": 17.780614958548654, "coast_speed_mps": 0.0, "coast_speed_mph": 0.0}, "geometry": {"type": "Point", "coordinates": [-122.31539, 37.94426]}}, {"id": "124", "type": "Feature", "properties": {"name": "Arli-griz to Vollmer Peak", "step": 124, "lat": 37.94356, "lon": -122.31473, "elevation_m": 90.7, "time": null, "elevation_f": 297.572188, "step_elevation_m": -0.29999999999999716, "step_elevation_f": -0.9842520000000263, "step_dist_m": 96.9951409808367, "step_dist_f": 318.2255383355683, "step_grade": -0.003092938439661303, "step_turn": 1.3447478718425714, "coast_speed_mps": 0.0, "coast_speed_mph": 0.0}, "geometry": {"type": "Point", "coordinates": [-122.31473, 37.94356]}}, {"id": "125", "type": "Feature", "properties": {"name": "Arli-griz to Vollmer Peak", "step": 125, "lat": 37.9432, "lon": -122.31437, "elevation_m": 95.3, "time": null, "elevation_f": 312.66405199999997, "step_elevation_m": 4.599999999999994, "step_elevation_f": 15.091863999999987, "step_dist_m": 50.98026978796976, "step_dist_f": 167.2581083311627, "step_grade": 0.09023098581336843, "step_turn": 1.6272546745809109, "coast_speed_mps": 0.0, "coast_speed_mph": 0.0}, "geometry": {"type": "Point", "coordinates": [-122.31437, 37.9432]}}, {"id": "126", "type": "Feature", "properties": {"name": "Arli-griz to Vollmer Peak", "step": 126, "lat": 37.94283, "lon": -122.31402, "elevation_m": 100.3, "time": null, "elevation_f": 329.068252, "step_elevation_m": 5.0, "step_elevation_f": 16.404200000000003, "step_dist_m": 51.328944356865726, "step_dist_f": 168.40205380377935, "step_grade": 0.0974109259921143, "step_turn": 1.537244483954737, "coast_speed_mps": 0.0, "coast_speed_mph": 0.0}, "geometry": {"type": "Point", "coordinates": [-122.31402, 37.94283]}}, {"id": "127", "type": "Feature", "properties": {"name": "Arli-griz to Vollmer Peak", "step": 127, "lat": 37.94246, "lon": -122.31362, "elevation_m": 104.2, "time": null, "elevation_f": 341.86352800000003, "step_elevation_m": 3.9000000000000057, "step_elevation_f": 12.795276000000058, "step_dist_m": 54.06510942919403, "step_dist_f": 177.37897361967694, "step_grade": 0.0721352465790828, "step_turn": 3.727174944287583, "coast_speed_mps": 0.0, "coast_speed_mph": 0.0}, "geometry": {"type": "Point", "coordinates": [-122.31362, 37.94246]}}, {"id": "128", "type": "Feature", "properties": {"name": "Arli-griz to Vollmer Peak", "step": 128, "lat": 37.94208, "lon": -122.31323, "elevation_m": 111.0, "time": null, "elevation_f": 364.17324, "step_elevation_m": 6.799999999999997, "step_elevation_f": 22.30971199999999, "step_dist_m": 54.360198854589676, "step_dist_f": 178.347114810092, "step_grade": 0.12509152179868943, "step_turn": 1.4637376767247474, "coast_speed_mps": 0.0, "coast_speed_mph": 0.0}, "geometry": {"type": "Point", "coordinates": [-122.31323, 37.94208]}}, {"id": "129", "type": "Feature", "properties": {"name": "Arli-griz to Vollmer Peak", "step": 129, "lat": 37.94164, "lon": -122.31276, "elevation_m": 119.0, "time": null, "elevation_f": 390.41996, "step_elevation_m": 8.0, "step_elevation_f": 26.246719999999982, "step_dist_m": 63.97214453816365, "step_dist_f": 209.8823706865888, "step_grade": 0.1250544288886152, "step_turn": 1.124842063367396, "coast_speed_mps": 0.0, "coast_speed_mph": 0.0}, "geometry": {"type": "Point", "coordinates": [-122.31276, 37.94164]}}, {"id": "130", "type": "Feature", "properties": {"name": "Arli-griz to Vollmer Peak", "step": 130, "lat": 37.9412, "lon": -122.31229, "elevation_m": 121.1, "time": null, "elevation_f": 397.30972399999996, "step_elevation_m": 2.0999999999999943, "step_elevation_f": 6.889763999999957, "step_dist_m": 63.97230352341402, "step_dist_f": 209.88289229175766, "step_grade": 0.03282670600147123, "step_turn": 0.00016902924778605666, "coast_speed_mps": 0.0, "coast_speed_mph": 0.0}, "geometry": {"type": "Point", "coordinates": [-122.31229, 37.9412]}}, {"id": "131", "type": "Feature", "properties": {"name": "Arli-griz to Vollmer Peak", "step": 131, "lat": 37.9411, "lon": -122.31214, "elevation_m": 121.3, "time": null, "elevation_f": 397.965892, "step_elevation_m": 0.20000000000000284, "step_elevation_f": 0.6561680000000365, "step_dist_m": 17.22410470054788, "step_dist_f": 56.509531665745506, "step_grade": 0.011611634013908488, "step_turn": 9.679776009396221, "coast_speed_mps": 0.0, "coast_speed_mph": 0.0}, "geometry": {"type": "Point", "coordinates": [-122.31214, 37.9411]}}, {"id": "132", "type": "Feature", "properties": {"name": "Arli-griz to Vollmer Peak", "step": 132, "lat": 37.94072, "lon": -122.31125, "elevation_m": 125.2, "time": null, "elevation_f": 410.761168, "step_elevation_m": 3.9000000000000057, "step_elevation_f": 12.795276000000001, "step_dist_m": 88.75107905898533, "step_dist_f": 291.1780902198814, "step_grade": 0.04394312769321944, "step_turn": 11.77844529123621, "coast_speed_mps": 0.0, "coast_speed_mph": 0.0}, "geometry": {"type": "Point", "coordinates": [-122.31125, 37.94072]}}, {"id": "133", "type": "Feature", "properties": {"name": "Arli-griz to Vollmer Peak", "step": 133, "lat": 37.94033, "lon": -122.31035, "elevation_m": 127.6, "time": null, "elevation_f": 418.635184, "step_elevation_m": 2.3999999999999915, "step_elevation_f": 7.874015999999983, "step_dist_m": 90.05374907267529, "step_dist_f": 295.451942107596, "step_grade": 0.026650750520815523, "step_turn": 0.3563817713890671, "coast_speed_mps": 0.0, "coast_speed_mph": 0.0}, "geometry": {"type": "Point", "coordinates": [-122.31035, 37.94033]}}, {"id": "134", "type": "Feature", "properties": {"name": "Arli-griz to Vollmer Peak", "step": 134, "lat": 37.94027, "lon": -122.31024, "elevation_m": 128.1, "time": null, "elevation_f": 420.275604, "step_elevation_m": 0.5, "step_elevation_f": 1.640420000000006, "step_dist_m": 11.72874973525146, "step_dist_f": 38.4801512814024, "step_grade": 0.04263028978248381, "step_turn": 5.881957136568587, "coast_speed_mps": 0.0, "coast_speed_mph": 0.0}, "geometry": {"type": "Point", "coordinates": [-122.31024, 37.94027]}}, {"id": "135", "type": "Feature", "properties": {"name": "Arli-griz to Vollmer Peak", "step": 135, "lat": 37.94019, "lon": -122.31012, "elevation_m": 128.5, "time": null, "elevation_f": 421.58794, "step_elevation_m": 0.4000000000000057, "step_elevation_f": 1.3123360000000162, "step_dist_m": 13.779384366657384, "step_dist_f": 45.20795540550421, "step_grade": 0.029028873087240694, "step_turn": 5.5397619758439305, "coast_speed_mps": 0.0, "coast_speed_mph": 0.0}, "geometry": {"type": "Point", "coordinates": [-122.31012, 37.94019]}}, {"id": "136", "type": "Feature", "properties": {"name": "Arli-griz to Vollmer Peak", "step": 136, "lat": 37.93969, "lon": -122.3095, "elevation_m": 138.1, "time": null, "elevation_f": 453.084004, "step_elevation_m": 9.599999999999994, "step_elevation_f": 31.49606399999999, "step_dist_m": 77.76400018593647, "step_dist_f": 255.1312423700278, "step_grade": 0.12345043949701733, "step_turn": 5.430417388191813, "coast_speed_mps": 0.0, "coast_speed_mph": 0.0}, "geometry": {"type": "Point", "coordinates": [-122.3095, 37.93969]}}, {"id": "137", "type": "Feature", "properties": {"name": "Arli-griz to Vollmer Peak", "step": 137, "lat": 37.93969, "lon": -122.3095, "elevation_m": 138.1, "time": null, "elevation_f": 453.084004, "step_elevation_m": 0.0, "step_elevation_f": 0.0, "step_dist_m": 0.0, "step_dist_f": 0.0, "step_grade": null, "step_turn": null, "coast_speed_mps": 0.0, "coast_speed_mph": 0.0}, "geometry": {"type": "Point", "coordinates": [-122.3095, 37.93969]}}, {"id": "138", "type": "Feature", "properties": {"name": "Arli-griz to Vollmer Peak", "step": 138, "lat": 37.93961, "lon": -122.30941, "elevation_m": 139.6, "time": null, "elevation_f": 458.00526399999995, "step_elevation_m": 1.5, "step_elevation_f": 4.921259999999961, "step_dist_m": 11.89217126171726, "step_dist_f": 39.01631116229246, "step_grade": 0.12613340045217245, "step_turn": null, "coast_speed_mps": 0.0, "coast_speed_mph": 0.0}, "geometry": {"type": "Point", "coordinates": [-122.30941, 37.93961]}}, {"id": "139", "type": "Feature", "properties": {"name": "Arli-griz to Vollmer Peak", "step": 139, "lat": 37.93951, "lon": -122.30931, "elevation_m": 141.0, "time": null, "elevation_f": 462.59844, "step_elevation_m": 1.4000000000000057, "step_elevation_f": 4.593176000000028, "step_dist_m": 14.161468319739239, "step_dist_f": 46.46151172213328, "step_grade": 0.09885980523986967, "step_turn": 3.3193312486340574, "coast_speed_mps": 0.0, "coast_speed_mph": 0.0}, "geometry": {"type": "Point", "coordinates": [-122.30931, 37.93951]}}, {"id": "140", "type": "Feature", "properties": {"name": "Arli-griz to Vollmer Peak", "step": 140, "lat": 37.93906, "lon": -122.30903, "elevation_m": 144.8, "time": null, "elevation_f": 475.06563200000005, "step_elevation_m": 3.8000000000000114, "step_elevation_f": 12.467192000000068, "step_dist_m": 55.737828493660324, "step_dist_f": 182.86689723514053, "step_grade": 0.06817631943505346, "step_turn": 12.123097426131949, "coast_speed_mps": 0.0, "coast_speed_mph": 0.0}, "geometry": {"type": "Point", "coordinates": [-122.30903, 37.93906]}}, {"id": "141", "type": "Feature", "properties": {"name": "Arli-griz to Vollmer Peak", "step": 141, "lat": 37.93883, "lon": -122.30887, "elevation_m": 146.1, "time": null, "elevation_f": 479.330724, "step_elevation_m": 1.299999999999983, "step_elevation_f": 4.265091999999925, "step_dist_m": 29.17104382694681, "step_dist_f": 95.70552742920017, "step_grade": 0.04456474055957865, "step_turn": 2.6125154573168174, "coast_speed_mps": 0.0, "coast_speed_mph": 0.0}, "geometry": {"type": "Point", "coordinates": [-122.30887, 37.93883]}}, {"id": "142", "type": "Feature", "properties": {"name": "Arli-griz to Vollmer Peak", "step": 142, "lat": 37.93874, "lon": -122.30874, "elevation_m": 148.1, "time": null, "elevation_f": 485.892404, "step_elevation_m": 2.0, "step_elevation_f": 6.561680000000024, "step_dist_m": 15.169757429895215, "step_dist_f": 49.76954696629742, "step_grade": 0.1318412643869029, "step_turn": 19.971897400621742, "coast_speed_mps": 0.0, "coast_speed_mph": 0.0}, "geometry": {"type": "Point", "coordinates": [-122.30874, 37.93874]}}, {"id": "143", "type": "Feature", "properties": {"name": "Arli-griz to Vollmer Peak", "step": 143, "lat": 37.93863, "lon": -122.30842, "elevation_m": 152.4, "time": null, "elevation_f": 500.000016, "step_elevation_m": 4.300000000000011, "step_elevation_f": 14.107612000000017, "step_dist_m": 30.61249054374231, "step_dist_f": 100.43468347553153, "step_grade": 0.14046553951093016, "step_turn": 17.72682729561609, "coast_speed_mps": 0.0, "coast_speed_mph": 0.0}, "geometry": {"type": "Point", "coordinates": [-122.30842, 37.93863]}}, {"id": "144", "type": "Feature", "properties": {"name": "Arli-griz to Vollmer Peak", "step": 144, "lat": 37.93858, "lon": -122.30831, "elevation_m": 152.8, "time": null, "elevation_f": 501.31235200000003, "step_elevation_m": 0.4000000000000057, "step_elevation_f": 1.3123360000000162, "step_dist_m": 11.134052255780421, "step_dist_f": 36.52904400285464, "step_grade": 0.03592582384300732, "step_turn": 6.406315101434416, "coast_speed_mps": 0.0, "coast_speed_mph": 0.0}, "geometry": {"type": "Point", "coordinates": [-122.30831, 37.93858]}}, {"id": "145", "type": "Feature", "properties": {"name": "Arli-griz to Vollmer Peak", "step": 145, "lat": 37.93849, "lon": -122.3082, "elevation_m": 152.6, "time": null, "elevation_f": 500.656184, "step_elevation_m": -0.20000000000001705, "step_elevation_f": -0.6561680000000365, "step_dist_m": 13.899908002342396, "step_dist_f": 45.603374170405026, "step_grade": -0.014388584440005882, "step_turn": 16.095409563312273, "coast_speed_mps": 0.0, "coast_speed_mph": 0.0}, "geometry": {"type": "Point", "coordinates": [-122.3082, 37.93849]}}, {"id": "146", "type": "Feature", "properties": {"name": "Arli-griz to Vollmer Peak", "step": 146, "lat": 37.93827, "lon": -122.308, "elevation_m": 151.9, "time": null, "elevation_f": 498.359596, "step_elevation_m": -0.6999999999999886, "step_elevation_f": -2.2965879999999856, "step_dist_m": 30.100811217194945, "step_dist_f": 98.75594547382187, "step_grade": -0.02325518720904495, "step_turn": 8.308235961933633, "coast_speed_mps": 3.0015623717239093, "coast_speed_mph": 6.714303802174092}, "geometry": {"type": "Point", "coordinates": [-122.308, 37.93827]}}, {"id": "147", "type": "Feature", "properties": {"name": "Arli-griz to Vollmer Peak", "step": 147, "lat": 37.93777, "lon": -122.30797, "elevation_m": 152.7, "time": null, "elevation_f": 500.984268, "step_elevation_m": 0.799999999999983, "step_elevation_f": 2.6246719999999755, "step_dist_m": 55.65967646422462, "step_dist_f": 182.6104929308867, "step_grade": 0.014373062346386162, "step_turn": 32.9303784514326, "coast_speed_mps": 0.0, "coast_speed_mph": 0.0}, "geometry": {"type": "Point", "coordinates": [-122.30797, 37.93777]}}, {"id": "148", "type": "Feature", "properties": {"name": "Arli-griz to Vollmer Peak", "step": 148, "lat": 37.93726, "lon": -122.30794, "elevation_m": 157.0, "time": null, "elevation_f": 515.09188, "step_elevation_m": 4.300000000000011, "step_elevation_f": 14.10761199999996, "step_dist_m": 56.77040802521656, "step_dist_f": 186.2546254654515, "step_grade": 0.0757436867124509, "step_turn": 0.0530274545053544, "coast_speed_mps": 0.0, "coast_speed_mph": 0.0}, "geometry": {"type": "Point", "coordinates": [-122.30794, 37.93726]}}, {"id": "149", "type": "Feature", "properties": {"name": "Arli-griz to Vollmer Peak", "step": 149, "lat": 37.93713, "lon": -122.30792, "elevation_m": 158.2, "time": null, "elevation_f": 519.0288879999999, "step_elevation_m": 1.1999999999999886, "step_elevation_f": 3.9370079999999916, "step_dist_m": 14.561360808932498, "step_dist_f": 47.7734949963781, "step_grade": 0.08240988021283441, "step_turn": 4.262007906407234, "coast_speed_mps": 0.0, "coast_speed_mph": 0.0}, "geometry": {"type": "Point", "coordinates": [-122.30792, 37.93713]}}, {"id": "150", "type": "Feature", "properties": {"name": "Arli-griz to Vollmer Peak", "step": 150, "lat": 37.93701, "lon": -122.30786, "elevation_m": 159.7, "time": null, "elevation_f": 523.950148, "step_elevation_m": 1.5, "step_elevation_f": 4.921260000000075, "step_dist_m": 14.343410647235002, "step_dist_f": 47.05843538787448, "step_grade": 0.10457763755715639, "step_turn": 14.603242225722397, "coast_speed_mps": 0.0, "coast_speed_mph": 0.0}, "geometry": {"type": "Point", "coordinates": [-122.30786, 37.93701]}}, {"id": "151", "type": "Feature", "properties": {"name": "Arli-griz to Vollmer Peak", "step": 151, "lat": 37.9369, "lon": -122.30777, "elevation_m": 161.8, "time": null, "elevation_f": 530.839912, "step_elevation_m": 2.1000000000000227, "step_elevation_f": 6.889764000000014, "step_dist_m": 14.556953062025176, "step_dist_f": 47.75903388401468, "step_grade": 0.1442609583923374, "step_turn": 11.312293964233845, "coast_speed_mps": 0.0, "coast_speed_mph": 0.0}, "geometry": {"type": "Point", "coordinates": [-122.30777, 37.9369]}}, {"id": "152", "type": "Feature", "properties": {"name": "Arli-griz to Vollmer Peak", "step": 152, "lat": 37.93653, "lon": -122.30728, "elevation_m": 162.9, "time": null, "elevation_f": 534.448836, "step_elevation_m": 1.0999999999999943, "step_elevation_f": 3.608924000000002, "step_dist_m": 59.49188090679037, "step_dist_f": 195.18334255423412, "step_grade": 0.018489918006180252, "step_turn": 13.412762550331195, "coast_speed_mps": 0.0, "coast_speed_mph": 0.0}, "geometry": {"type": "Point", "coordinates": [-122.30728, 37.93653]}}, {"id": "153", "type": "Feature", "properties": {"name": "Arli-griz to Vollmer Peak", "step": 153, "lat": 37.93641, "lon": -122.30717, "elevation_m": 162.4, "time": null, "elevation_f": 532.808416, "step_elevation_m": -0.5, "step_elevation_f": -1.6404200000000628, "step_dist_m": 16.46535257016239, "step_dist_f": 54.02018732629158, "step_grade": -0.030366795844145637, "step_turn": 10.380758633940104, "coast_speed_mps": 2.6880472950800756, "coast_speed_mph": 6.012990549123283}, "geometry": {"type": "Point", "coordinates": [-122.30717, 37.93641]}}, {"id": "154", "type": "Feature", "properties": {"name": "Arli-griz to Vollmer Peak", "step": 154, "lat": 37.93629, "lon": -122.30708, "elevation_m": 161.6, "time": null, "elevation_f": 530.1837439999999, "step_elevation_m": -0.8000000000000114, "step_elevation_f": -2.6246720000000323, "step_dist_m": 15.503026315139486, "step_dist_f": 50.862948855762234, "step_grade": -0.05160282797293397, "step_turn": 5.260559060503624, "coast_speed_mps": 4.437581095198168, "coast_speed_mph": 9.926586200783293}, "geometry": {"type": "Point", "coordinates": [-122.30708, 37.93629]}}, {"id": "155", "type": "Feature", "properties": {"name": "Arli-griz to Vollmer Peak", "step": 155, "lat": 37.93611, "lon": -122.30701, "elevation_m": 159.8, "time": null, "elevation_f": 524.278232, "step_elevation_m": -1.799999999999983, "step_elevation_f": -5.905511999999931, "step_dist_m": 20.93538005781392, "step_dist_f": 68.68563230887821, "step_grade": -0.08597885469617501, "step_turn": 13.553633291847632, "coast_speed_mps": 6.985138419616993, "coast_speed_mph": 15.625309635864767}, "geometry": {"type": "Point", "coordinates": [-122.30701, 37.93611]}}, {"id": "156", "type": "Feature", "properties": {"name": "Arli-griz to Vollmer Peak", "step": 156, "lat": 37.93594, "lon": -122.30699, "elevation_m": 157.3, "time": null, "elevation_f": 516.076132, "step_elevation_m": -2.5, "step_elevation_f": -8.202099999999973, "step_dist_m": 18.98433741483004, "step_dist_f": 62.28457356407099, "step_grade": -0.13168750351260977, "step_turn": 11.750399821205633, "coast_speed_mps": 9.395703816590519, "coast_speed_mph": 21.017590856725366}, "geometry": {"type": "Point", "coordinates": [-122.30699, 37.93594]}}, {"id": "157", "type": "Feature", "properties": {"name": "Arli-griz to Vollmer Peak", "step": 157, "lat": 37.93577, "lon": -122.30702, "elevation_m": 155.8, "time": null, "elevation_f": 511.154872, "step_elevation_m": -1.5, "step_elevation_f": -4.921260000000018, "step_dist_m": 19.085352299682974, "step_dist_f": 62.61598723889189, "step_grade": -0.07859430501709505, "step_turn": 13.224848481956798, "coast_speed_mps": 10.136046527544854, "coast_speed_mph": 22.67369033541706}, "geometry": {"type": "Point", "coordinates": [-122.30702, 37.93577]}}, {"id": "158", "type": "Feature", "properties": {"name": "Arli-griz to Vollmer Peak", "step": 158, "lat": 37.93531, "lon": -122.30719, "elevation_m": 155.5, "time": null, "elevation_f": 510.17062, "step_elevation_m": -0.30000000000001137, "step_elevation_f": -0.9842520000000263, "step_dist_m": 53.27818903705521, "step_dist_f": 174.79721372033222, "step_grade": -0.005630822019707916, "step_turn": 8.32658715512622, "coast_speed_mps": 7.962004172351178, "coast_speed_mph": 17.810496090620905}, "geometry": {"type": "Point", "coordinates": [-122.30719, 37.93531]}}, {"id": "159", "type": "Feature", "properties": {"name": "Arli-griz to Vollmer Peak", "step": 159, "lat": 37.93531, "lon": -122.30719, "elevation_m": 155.5, "time": null, "elevation_f": 510.17062, "step_elevation_m": 0.0, "step_elevation_f": 0.0, "step_dist_m": 0.0, "step_dist_f": 0.0, "step_grade": null, "step_turn": null, "coast_speed_mps": 7.962004172351178, "coast_speed_mph": 17.810496090620905}, "geometry": {"type": "Point", "coordinates": [-122.30719, 37.93531]}}, {"id": "160", "type": "Feature", "properties": {"name": "Arli-griz to Vollmer Peak", "step": 160, "lat": 37.9352, "lon": -122.30723, "elevation_m": 155.3, "time": null, "elevation_f": 509.514452, "step_elevation_m": -0.19999999999998863, "step_elevation_f": -0.6561679999999797, "step_dist_m": 12.724553589175295, "step_dist_f": 41.747224397509875, "step_grade": -0.0157176437348755, "step_turn": null, "coast_speed_mps": 7.5864761714273055, "coast_speed_mph": 16.970463876671655}, "geometry": {"type": "Point", "coordinates": [-122.30723, 37.9352]}}, {"id": "161", "type": "Feature", "properties": {"name": "Arli-griz to Vollmer Peak", "step": 161, "lat": 37.93504, "lon": -122.30733, "elevation_m": 154.1, "time": null, "elevation_f": 505.57744399999996, "step_elevation_m": -1.200000000000017, "step_elevation_f": -3.9370080000000485, "step_dist_m": 19.83531545883629, "step_dist_f": 65.07649636996845, "step_grade": -0.060498155549396, "step_turn": 10.237642109941163, "coast_speed_mps": 8.3589359568305, "coast_speed_mph": 18.698407204792616}, "geometry": {"type": "Point", "coordinates": [-122.30733, 37.93504]}}, {"id": "162", "type": "Feature", "properties": {"name": "Arli-griz to Vollmer Peak", "step": 162, "lat": 37.93491, "lon": -122.30748, "elevation_m": 151.9, "time": null, "elevation_f": 498.359596, "step_elevation_m": -2.1999999999999886, "step_elevation_f": -7.217847999999947, "step_dist_m": 19.545142866000475, "step_dist_f": 64.124486520489, "step_grade": -0.1125599344595722, "step_turn": 16.063109477723174, "coast_speed_mps": 10.013105827909126, "coast_speed_mph": 22.39867982263134}, "geometry": {"type": "Point", "coordinates": [-122.30748, 37.93491]}}, {"id": "163", "type": "Feature", "properties": {"name": "Arli-griz to Vollmer Peak", "step": 163, "lat": 37.93468, "lon": -122.30781, "elevation_m": 148.8, "time": null, "elevation_f": 488.18899200000004, "step_elevation_m": -3.0999999999999943, "step_elevation_f": -10.170603999999969, "step_dist_m": 38.622091884687535, "step_dist_f": 126.71290393895825, "step_grade": -0.0802649429051006, "step_turn": 6.229875338222229, "coast_speed_mps": 11.291652742345628, "coast_speed_mph": 25.258707816628522}, "geometry": {"type": "Point", "coordinates": [-122.30781, 37.93468]}}, {"id": "164", "type": "Feature", "properties": {"name": "Arli-griz to Vollmer Peak", "step": 164, "lat": 37.93433, "lon": -122.30835, "elevation_m": 146.4, "time": null, "elevation_f": 480.314976, "step_elevation_m": -2.4000000000000057, "step_elevation_f": -7.87401600000004, "step_dist_m": 61.298118061262294, "step_dist_f": 201.10931766011177, "step_grade": -0.039152914900281416, "step_turn": 2.0538931845486843, "coast_speed_mps": 10.460524077993778, "coast_speed_mph": 23.39952594397317}, "geometry": {"type": "Point", "coordinates": [-122.30835, 37.93433]}}, {"id": "165", "type": "Feature", "properties": {"name": "Arli-griz to Vollmer Peak", "step": 165, "lat": 37.93397, "lon": -122.30889, "elevation_m": 144.0, "time": null, "elevation_f": 472.44096, "step_elevation_m": -2.4000000000000057, "step_elevation_f": -7.874015999999983, "step_dist_m": 62.0102213669474, "step_dist_f": 203.4456146695357, "step_grade": -0.038703296764543565, "step_turn": 0.793662648224597, "coast_speed_mps": 9.927443797285003, "coast_speed_mph": 22.207059317477164}, "geometry": {"type": "Point", "coordinates": [-122.30889, 37.93397]}}, {"id": "166", "type": "Feature", "properties": {"name": "Arli-griz to Vollmer Peak", "step": 166, "lat": 37.93386, "lon": -122.30906, "elevation_m": 143.7, "time": null, "elevation_f": 471.45670799999994, "step_elevation_m": -0.30000000000001137, "step_elevation_f": -0.9842520000000832, "step_dist_m": 19.284581105401873, "step_dist_f": 63.26962507384668, "step_grade": -0.015556469614783455, "step_turn": 0.841041292036806, "coast_speed_mps": 9.375810908226265, "coast_speed_mph": 20.973091688050857}, "geometry": {"type": "Point", "coordinates": [-122.30906, 37.93386]}}, {"id": "167", "type": "Feature", "properties": {"name": "Arli-griz to Vollmer Peak", "step": 167, "lat": 37.93367, "lon": -122.30925, "elevation_m": 143.2, "time": null, "elevation_f": 469.816288, "step_elevation_m": -0.5, "step_elevation_f": -1.6404199999999491, "step_dist_m": 26.907603334747623, "step_dist_f": 88.27954132477339, "step_grade": -0.018582108327511872, "step_turn": 12.371239066383538, "coast_speed_mps": 8.756823542476427, "coast_speed_mph": 19.588456385281894}, "geometry": {"type": "Point", "coordinates": [-122.30925, 37.93367]}}, {"id": "168", "type": "Feature", "properties": {"name": "Arli-griz to Vollmer Peak", "step": 168, "lat": 37.93349, "lon": -122.30937, "elevation_m": 142.4, "time": null, "elevation_f": 467.191616, "step_elevation_m": -0.799999999999983, "step_elevation_f": -2.6246719999999755, "step_dist_m": 22.6133495505421, "step_dist_f": 74.19078173940055, "step_grade": -0.03537733311962203, "step_turn": 10.527531466313206, "coast_speed_mps": 8.689122851910124, "coast_speed_mph": 19.437014253556985}, "geometry": {"type": "Point", "coordinates": [-122.30937, 37.93349]}}, {"id": "169", "type": "Feature", "properties": {"name": "Arli-griz to Vollmer Peak", "step": 169, "lat": 37.9334, "lon": -122.30941, "elevation_m": 142.1, "time": null, "elevation_f": 466.207364, "step_elevation_m": -0.30000000000001137, "step_elevation_f": -0.9842520000000263, "step_dist_m": 10.604603870196943, "step_dist_f": 34.792008561496935, "step_grade": -0.02828959984475497, "step_turn": 8.418294143658102, "coast_speed_mps": 8.632260337271646, "coast_speed_mph": 19.309816430904696}, "geometry": {"type": "Point", "coordinates": [-122.30941, 37.9334]}}, {"id": "170", "type": "Feature", "properties": {"name": "Arli-griz to Vollmer Peak", "step": 170, "lat": 37.93329, "lon": -122.30944, "elevation_m": 141.8, "time": null, "elevation_f": 465.223112, "step_elevation_m": -0.29999999999998295, "step_elevation_f": -0.9842519999999695, "step_dist_m": 12.511223295821596, "step_dist_f": 41.04732183786332, "step_grade": -0.023978470602484946, "step_turn": 7.178091687118837, "coast_speed_mps": 8.617553475895706, "coast_speed_mph": 19.276918118950647}, "geometry": {"type": "Point", "coordinates": [-122.30944, 37.93329]}}, {"id": "171", "type": "Feature", "properties": {"name": "Arli-griz to Vollmer Peak", "step": 171, "lat": 37.93321, "lon": -122.30947, "elevation_m": 141.3, "time": null, "elevation_f": 463.582692, "step_elevation_m": -0.5, "step_elevation_f": -1.640420000000006, "step_dist_m": 9.276537582189233, "step_dist_f": 30.434835561149722, "step_grade": -0.053899420507926364, "step_turn": 4.337032575515224, "coast_speed_mps": 8.830628184693651, "coast_speed_mph": 19.753552667979694}, "geometry": {"type": "Point", "coordinates": [-122.30947, 37.93321]}}, {"id": "172", "type": "Feature", "properties": {"name": "Arli-griz to Vollmer Peak", "step": 172, "lat": 37.93313, "lon": -122.30948, "elevation_m": 140.4, "time": null, "elevation_f": 460.62993600000004, "step_elevation_m": -0.9000000000000057, "step_elevation_f": -2.9527559999999653, "step_dist_m": 8.938723027563368, "step_dist_f": 29.326520057751, "step_grade": -0.10068552266635554, "step_turn": 10.846136332390586, "coast_speed_mps": 9.225095461450575, "coast_speed_mph": 20.63595083538512}, "geometry": {"type": "Point", "coordinates": [-122.30948, 37.93313]}}, {"id": "173", "type": "Feature", "properties": {"name": "Arli-griz to Vollmer Peak", "step": 173, "lat": 37.93257, "lon": -122.30947, "elevation_m": 131.8, "time": null, "elevation_f": 432.414712, "step_elevation_m": -8.599999999999994, "step_elevation_f": -28.215224000000035, "step_dist_m": 62.27533487527901, "step_dist_f": 204.31540967221036, "step_grade": -0.13809640714455435, "step_turn": 6.437588854842886, "coast_speed_mps": 14.366421901295823, "coast_speed_mph": 32.136770537973796}, "geometry": {"type": "Point", "coordinates": [-122.30947, 37.93257]}}, {"id": "174", "type": "Feature", "properties": {"name": "Arli-griz to Vollmer Peak", "step": 174, "lat": 37.93233, "lon": -122.30948, "elevation_m": 128.3, "time": null, "elevation_f": 420.931772, "step_elevation_m": -3.5, "step_elevation_f": -11.482939999999985, "step_dist_m": 26.70118993638178, "step_dist_f": 87.6023319908788, "step_grade": -0.13108030047870883, "step_turn": 2.6892261169159326, "coast_speed_mps": 14.811397470742364, "coast_speed_mph": 33.13215253834634}, "geometry": {"type": "Point", "coordinates": [-122.30948, 37.93233]}}, {"id": "175", "type": "Feature", "properties": {"name": "Arli-griz to Vollmer Peak", "step": 175, "lat": 37.93225, "lon": -122.30952, "elevation_m": 127.9, "time": null, "elevation_f": 419.619436, "step_elevation_m": -0.4000000000000057, "step_elevation_f": -1.3123360000000162, "step_dist_m": 9.562357451959437, "step_dist_f": 31.372564822686602, "step_grade": -0.04183068892891481, "step_turn": 19.64045141009524, "coast_speed_mps": 14.938032952792597, "coast_speed_mph": 33.415428044006305}, "geometry": {"type": "Point", "coordinates": [-122.30952, 37.93225]}}, {"id": "176", "type": "Feature", "properties": {"name": "Arli-griz to Vollmer Peak", "step": 176, "lat": 37.93176, "lon": -122.31012, "elevation_m": 124.6, "time": null, "elevation_f": 408.792664, "step_elevation_m": -3.3000000000000114, "step_elevation_f": -10.826772000000005, "step_dist_m": 75.74818054868093, "step_dist_f": 248.51766067133437, "step_grade": -0.0435654028399957, "step_turn": 22.480887156904572, "coast_speed_mps": 12.061711781111905, "coast_speed_mph": 26.981280827469334}, "geometry": {"type": "Point", "coordinates": [-122.31012, 37.93176]}}, {"id": "177", "type": "Feature", "properties": {"name": "Arli-griz to Vollmer Peak", "step": 177, "lat": 37.93171, "lon": -122.31016, "elevation_m": 124.6, "time": null, "elevation_f": 408.792664, "step_elevation_m": 0.0, "step_elevation_f": 0.0, "step_dist_m": 6.574043671451153, "step_dist_f": 21.5683854390438, "step_grade": 0.0, "step_turn": 11.751900672223428, "coast_speed_mps": 11.91426333689109, "coast_speed_mph": 26.651448051384833}, "geometry": {"type": "Point", "coordinates": [-122.31016, 37.93171]}}, {"id": "178", "type": "Feature", "properties": {"name": "Arli-griz to Vollmer Peak", "step": 178, "lat": 37.93167, "lon": -122.31019, "elevation_m": 124.7, "time": null, "elevation_f": 409.120748, "step_elevation_m": 0.10000000000000853, "step_elevation_f": 0.32808399999998983, "step_dist_m": 5.1677603576796995, "step_dist_f": 16.954594891889865, "step_grade": 0.019350742503258814, "step_turn": 1.6449398682118215, "coast_speed_mps": 11.802564325325465, "coast_speed_mph": 26.401584478627083}, "geometry": {"type": "Point", "coordinates": [-122.31019, 37.93167]}}, {"id": "179", "type": "Feature", "properties": {"name": "Arli-griz to Vollmer Peak", "step": 179, "lat": 37.93162, "lon": -122.3102, "elevation_m": 124.8, "time": null, "elevation_f": 409.448832, "step_elevation_m": 0.09999999999999432, "step_elevation_f": 0.32808399999998983, "step_dist_m": 5.6284976312569235, "step_dist_f": 18.466200168532964, "step_grade": 0.01776673040504823, "step_turn": 21.642313240126498, "coast_speed_mps": 11.491213486763934, "coast_speed_mph": 25.705112488287227}, "geometry": {"type": "Point", "coordinates": [-122.3102, 37.93162]}}, {"id": "180", "type": "Feature", "properties": {"name": "Arli-griz to Vollmer Peak", "step": 180, "lat": 37.93153, "lon": -122.31017, "elevation_m": 124.8, "time": null, "elevation_f": 409.448832, "step_elevation_m": 0.0, "step_elevation_f": 0.0, "step_dist_m": 10.347646828133483, "step_dist_f": 33.948973619613454, "step_grade": 0.0, "step_turn": 23.69504266646632, "coast_speed_mps": 10.928958379421761, "coast_speed_mph": 24.447383633280577}, "geometry": {"type": "Point", "coordinates": [-122.31017, 37.93153]}}, {"id": "181", "type": "Feature", "properties": {"name": "Arli-griz to Vollmer Peak", "step": 181, "lat": 37.9312, "lon": -122.30992, "elevation_m": 120.7, "time": null, "elevation_f": 395.997388, "step_elevation_m": -4.099999999999994, "step_elevation_f": -13.45144399999998, "step_dist_m": 42.74612443884629, "step_dist_f": 140.24319490394444, "step_grade": -0.09591512806887466, "step_turn": 16.129355941060226, "coast_speed_mps": 12.52551544055285, "coast_speed_mph": 28.018780065660422}, "geometry": {"type": "Point", "coordinates": [-122.30992, 37.9312]}}, {"id": "182", "type": "Feature", "properties": {"name": "Arli-griz to Vollmer Peak", "step": 182, "lat": 37.93105, "lon": -122.30978, "elevation_m": 120.2, "time": null, "elevation_f": 394.356968, "step_elevation_m": -0.5, "step_elevation_f": -1.640420000000006, "step_dist_m": 20.711436071887462, "step_dist_f": 67.95090792209126, "step_grade": -0.02414125212102853, "step_turn": 5.499394563679402, "coast_speed_mps": 11.847120077029595, "coast_speed_mph": 26.50125285663382}, "geometry": {"type": "Point", "coordinates": [-122.30978, 37.93105]}}, {"id": "183", "type": "Feature", "properties": {"name": "Arli-griz to Vollmer Peak", "step": 183, "lat": 37.93096, "lon": -122.30964, "elevation_m": 120.7, "time": null, "elevation_f": 395.997388, "step_elevation_m": 0.5, "step_elevation_f": 1.640420000000006, "step_dist_m": 15.840391019057634, "step_dist_f": 51.96978847096505, "step_grade": 0.03156487736940636, "step_turn": 14.459619957218138, "coast_speed_mps": 10.595148754211968, "coast_speed_mph": 23.700672768011714}, "geometry": {"type": "Point", "coordinates": [-122.30964, 37.93096]}}, {"id": "184", "type": "Feature", "properties": {"name": "Arli-griz to Vollmer Peak", "step": 184, "lat": 37.93087, "lon": -122.30945, "elevation_m": 122.3, "time": null, "elevation_f": 401.246732, "step_elevation_m": 1.5999999999999943, "step_elevation_f": 5.249344000000008, "step_dist_m": 19.43810483087359, "step_dist_f": 63.773311853323314, "step_grade": 0.08231255124515587, "step_turn": 8.194261874303322, "coast_speed_mps": 7.4507339879227725, "coast_speed_mph": 16.66681726002766}, "geometry": {"type": "Point", "coordinates": [-122.30945, 37.93087]}}, {"id": "185", "type": "Feature", "properties": {"name": "Arli-griz to Vollmer Peak", "step": 185, "lat": 37.93085, "lon": -122.30938, "elevation_m": 123.3, "time": null, "elevation_f": 404.52757199999996, "step_elevation_m": 1.0, "step_elevation_f": 3.280839999999955, "step_dist_m": 6.529750303742259, "step_dist_f": 21.423065986529753, "step_grade": 0.15314521283101606, "step_turn": 11.074646508349247, "coast_speed_mps": 6.1945407593373085, "coast_speed_mph": 13.856793037171846}, "geometry": {"type": "Point", "coordinates": [-122.30938, 37.93085]}}, {"id": "186", "type": "Feature", "properties": {"name": "Arli-griz to Vollmer Peak", "step": 186, "lat": 37.93085, "lon": -122.30938, "elevation_m": 123.3, "time": null, "elevation_f": 404.52757199999996, "step_elevation_m": 0.0, "step_elevation_f": 0.0, "step_dist_m": 0.0, "step_dist_f": 0.0, "step_grade": null, "step_turn": null, "coast_speed_mps": 6.1945407593373085, "coast_speed_mph": 13.856793037171846}, "geometry": {"type": "Point", "coordinates": [-122.30938, 37.93085]}}, {"id": "187", "type": "Feature", "properties": {"name": "Arli-griz to Vollmer Peak", "step": 187, "lat": 37.93082, "lon": -122.30925, "elevation_m": 124.7, "time": null, "elevation_f": 409.120748, "step_elevation_m": 1.4000000000000057, "step_elevation_f": 4.593176000000028, "step_dist_m": 11.879672235823264, "step_dist_f": 38.9753038581784, "step_grade": 0.11784836923179516, "step_turn": null, "coast_speed_mps": 1.6976150887354065, "coast_speed_mph": 3.797456801931381}, "geometry": {"type": "Point", "coordinates": [-122.30925, 37.93082]}}, {"id": "188", "type": "Feature", "properties": {"name": "Arli-griz to Vollmer Peak", "step": 188, "lat": 37.93078, "lon": -122.30894, "elevation_m": 126.5, "time": null, "elevation_f": 415.02626, "step_elevation_m": 1.7999999999999972, "step_elevation_f": 5.905511999999987, "step_dist_m": 27.55008458781125, "step_dist_f": 90.38741951907465, "step_grade": 0.06533555257381518, "step_turn": 7.017468775741463, "coast_speed_mps": 0.0, "coast_speed_mph": 0.0}, "geometry": {"type": "Point", "coordinates": [-122.30894, 37.93078]}}, {"id": "189", "type": "Feature", "properties": {"name": "Arli-griz to Vollmer Peak", "step": 189, "lat": 37.93076, "lon": -122.3086, "elevation_m": 129.5, "time": null, "elevation_f": 424.86878, "step_elevation_m": 3.0, "step_elevation_f": 9.842520000000036, "step_dist_m": 29.902665299602535, "step_dist_f": 98.10586042154799, "step_grade": 0.10032550509936905, "step_turn": 5.025636283982124, "coast_speed_mps": 0.0, "coast_speed_mph": 0.0}, "geometry": {"type": "Point", "coordinates": [-122.3086, 37.93076]}}, {"id": "190", "type": "Feature", "properties": {"name": "Arli-griz to Vollmer Peak", "step": 190, "lat": 37.93077, "lon": -122.30814, "elevation_m": 132.7, "time": null, "elevation_f": 435.367468, "step_elevation_m": 3.1999999999999886, "step_elevation_f": 10.498687999999959, "step_dist_m": 40.35983102942421, "step_dist_f": 132.4141480345761, "step_grade": 0.07928675414094372, "step_turn": 5.843882940762796, "coast_speed_mps": 0.0, "coast_speed_mph": 0.0}, "geometry": {"type": "Point", "coordinates": [-122.30814, 37.93077]}}, {"id": "191", "type": "Feature", "properties": {"name": "Arli-griz to Vollmer Peak", "step": 191, "lat": 37.93085, "lon": -122.30759, "elevation_m": 138.1, "time": null, "elevation_f": 453.084004, "step_elevation_m": 5.400000000000006, "step_elevation_f": 17.71653600000002, "step_dist_m": 49.051335921016154, "step_dist_f": 160.92958494310665, "step_grade": 0.11008874475295104, "step_turn": 8.869841125642665, "coast_speed_mps": 0.0, "coast_speed_mph": 0.0}, "geometry": {"type": "Point", "coordinates": [-122.30759, 37.93085]}}, {"id": "192", "type": "Feature", "properties": {"name": "Arli-griz to Vollmer Peak", "step": 192, "lat": 37.93087, "lon": -122.30736, "elevation_m": 139.4, "time": null, "elevation_f": 457.34909600000003, "step_elevation_m": 1.3000000000000114, "step_elevation_f": 4.265092000000038, "step_dist_m": 20.294446419507466, "step_dist_f": 66.58283159097688, "step_grade": 0.06405693326773491, "step_turn": 4.157462327518488, "coast_speed_mps": 0.0, "coast_speed_mph": 0.0}, "geometry": {"type": "Point", "coordinates": [-122.30736, 37.93087]}}, {"id": "193", "type": "Feature", "properties": {"name": "Arli-griz to Vollmer Peak", "step": 193, "lat": 37.93087, "lon": -122.30722, "elevation_m": 140.0, "time": null, "elevation_f": 459.31759999999997, "step_elevation_m": 0.5999999999999943, "step_elevation_f": 1.968503999999939, "step_dist_m": 12.27874653537747, "step_dist_f": 40.284602783127816, "step_grade": 0.04886492267523211, "step_turn": 6.29122664134195, "coast_speed_mps": 0.0, "coast_speed_mph": 0.0}, "geometry": {"type": "Point", "coordinates": [-122.30722, 37.93087]}}, {"id": "194", "type": "Feature", "properties": {"name": "Arli-griz to Vollmer Peak", "step": 194, "lat": 37.93084, "lon": -122.30707, "elevation_m": 140.5, "time": null, "elevation_f": 460.95802, "step_elevation_m": 0.5, "step_elevation_f": 1.640420000000006, "step_dist_m": 13.572141361506082, "step_dist_f": 44.52802426448361, "step_grade": 0.03684017036678696, "step_turn": 14.228309348885148, "coast_speed_mps": 0.0, "coast_speed_mph": 0.0}, "geometry": {"type": "Point", "coordinates": [-122.30707, 37.93084]}}, {"id": "195", "type": "Feature", "properties": {"name": "Arli-griz to Vollmer Peak", "step": 195, "lat": 37.93076, "lon": -122.30686, "elevation_m": 142.9, "time": null, "elevation_f": 468.832036, "step_elevation_m": 2.4000000000000057, "step_elevation_f": 7.87401600000004, "step_dist_m": 20.453835289055014, "step_dist_f": 67.10576096974326, "step_grade": 0.1173374071944474, "step_turn": 11.551288037646543, "coast_speed_mps": 0.0, "coast_speed_mph": 0.0}, "geometry": {"type": "Point", "coordinates": [-122.30686, 37.93076]}}, {"id": "196", "type": "Feature", "properties": {"name": "Arli-griz to Vollmer Peak", "step": 196, "lat": 37.93066, "lon": -122.30675, "elevation_m": 144.0, "time": null, "elevation_f": 472.44096, "step_elevation_m": 1.0999999999999943, "step_elevation_f": 3.608924000000002, "step_dist_m": 14.721394252713045, "step_dist_f": 48.29853912007107, "step_grade": 0.07472118340946357, "step_turn": 23.274517396730744, "coast_speed_mps": 0.0, "coast_speed_mph": 0.0}, "geometry": {"type": "Point", "coordinates": [-122.30675, 37.93066]}}, {"id": "197", "type": "Feature", "properties": {"name": "Arli-griz to Vollmer Peak", "step": 197, "lat": 37.93058, "lon": -122.30668, "elevation_m": 144.5, "time": null, "elevation_f": 474.08138, "step_elevation_m": 0.5, "step_elevation_f": 1.640420000000006, "step_dist_m": 10.808503847777255, "step_dist_f": 35.46097176394153, "step_grade": 0.04625987158276526, "step_turn": 6.333973593047915, "coast_speed_mps": 0.0, "coast_speed_mph": 0.0}, "geometry": {"type": "Point", "coordinates": [-122.30668, 37.93058]}}, {"id": "198", "type": "Feature", "properties": {"name": "Arli-griz to Vollmer Peak", "step": 198, "lat": 37.93015, "lon": -122.30643, "elevation_m": 145.0, "time": null, "elevation_f": 475.7218, "step_elevation_m": 0.5, "step_elevation_f": 1.6404199999999491, "step_dist_m": 52.60163422795428, "step_dist_f": 172.5775456404415, "step_grade": 0.00950540809879027, "step_turn": 9.97661204288164, "coast_speed_mps": 0.0, "coast_speed_mph": 0.0}, "geometry": {"type": "Point", "coordinates": [-122.30643, 37.93015]}}, {"id": "199", "type": "Feature", "properties": {"name": "Arli-griz to Vollmer Peak", "step": 199, "lat": 37.92972, "lon": -122.30619, "elevation_m": 149.4, "time": null, "elevation_f": 490.15749600000004, "step_elevation_m": 4.400000000000006, "step_elevation_f": 14.435696000000064, "step_dist_m": 52.24217342693225, "step_dist_f": 171.3982122660164, "step_grade": 0.08422314217370763, "step_turn": 0.8742627642476464, "coast_speed_mps": 0.0, "coast_speed_mph": 0.0}, "geometry": {"type": "Point", "coordinates": [-122.30619, 37.92972]}}, {"id": "200", "type": "Feature", "properties": {"name": "Arli-griz to Vollmer Peak", "step": 200, "lat": 37.92963, "lon": -122.30612, "elevation_m": 149.5, "time": null, "elevation_f": 490.48557999999997, "step_elevation_m": 0.09999999999999432, "step_elevation_f": 0.328083999999933, "step_dist_m": 11.74070075928848, "step_dist_f": 38.51936067910402, "step_grade": 0.008517379162472973, "step_turn": 7.767413412982023, "coast_speed_mps": 0.0, "coast_speed_mph": 0.0}, "geometry": {"type": "Point", "coordinates": [-122.30612, 37.92963]}}, {"id": "201", "type": "Feature", "properties": {"name": "Arli-griz to Vollmer Peak", "step": 201, "lat": 37.92955, "lon": -122.30603, "elevation_m": 149.3, "time": null, "elevation_f": 489.82941200000005, "step_elevation_m": -0.19999999999998863, "step_elevation_f": -0.6561679999999228, "step_dist_m": 11.892888200155927, "step_dist_f": 39.01866332259957, "step_grade": -0.01681677290108272, "step_turn": 10.056184675780173, "coast_speed_mps": 0.0, "coast_speed_mph": 0.0}, "geometry": {"type": "Point", "coordinates": [-122.30603, 37.92955]}}, {"id": "202", "type": "Feature", "properties": {"name": "Arli-griz to Vollmer Peak", "step": 202, "lat": 37.92949, "lon": -122.30589, "elevation_m": 149.2, "time": null, "elevation_f": 489.50132799999994, "step_elevation_m": -0.10000000000002274, "step_elevation_f": -0.3280840000001035, "step_dist_m": 13.974429350198582, "step_dist_f": 45.84786678930551, "step_grade": -0.007155927265008621, "step_turn": 19.898221973188924, "coast_speed_mps": 0.40293434162870523, "coast_speed_mph": 0.9013384521042966}, "geometry": {"type": "Point", "coordinates": [-122.30589, 37.92949]}}, {"id": "203", "type": "Feature", "properties": {"name": "Arli-griz to Vollmer Peak", "step": 203, "lat": 37.92947, "lon": -122.30579, "elevation_m": 149.2, "time": null, "elevation_f": 489.50132799999994, "step_elevation_m": 0.0, "step_elevation_f": 0.0, "step_dist_m": 9.04825324194541, "step_dist_f": 29.685871166304178, "step_grade": 0.0, "step_turn": 14.289073701501593, "coast_speed_mps": 0.0, "coast_speed_mph": 0.0}, "geometry": {"type": "Point", "coordinates": [-122.30579, 37.92947]}}, {"id": "204", "type": "Feature", "properties": {"name": "Arli-griz to Vollmer Peak", "step": 204, "lat": 37.92947, "lon": -122.30568, "elevation_m": 149.6, "time": null, "elevation_f": 490.81366399999996, "step_elevation_m": 0.4000000000000057, "step_elevation_f": 1.3123360000000162, "step_dist_m": 9.647770280034997, "step_dist_f": 31.65279064555002, "step_grade": 0.041460356993341954, "step_turn": 14.228060197753962, "coast_speed_mps": 0.0, "coast_speed_mph": 0.0}, "geometry": {"type": "Point", "coordinates": [-122.30568, 37.92947]}}, {"id": "205", "type": "Feature", "properties": {"name": "Arli-griz to Vollmer Peak", "step": 205, "lat": 37.92948, "lon": -122.30557, "elevation_m": 150.4, "time": null, "elevation_f": 493.438336, "step_elevation_m": 0.8000000000000114, "step_elevation_f": 2.6246720000000323, "step_dist_m": 9.711636826149904, "step_dist_f": 31.86232656470565, "step_grade": 0.08237540327351435, "step_turn": 6.574589787724676, "coast_speed_mps": 0.0, "coast_speed_mph": 0.0}, "geometry": {"type": "Point", "coordinates": [-122.30557, 37.92948]}}, {"id": "206", "type": "Feature", "properties": {"name": "Arli-griz to Vollmer Peak", "step": 206, "lat": 37.92961, "lon": -122.30496, "elevation_m": 155.5, "time": null, "elevation_f": 510.17062, "step_elevation_m": 5.099999999999994, "step_elevation_f": 16.732283999999993, "step_dist_m": 55.419645306184854, "step_dist_f": 181.82298910634353, "step_grade": 0.0920251288477812, "step_turn": 8.545131984643831, "coast_speed_mps": 0.0, "coast_speed_mph": 0.0}, "geometry": {"type": "Point", "coordinates": [-122.30496, 37.92961]}}, {"id": "207", "type": "Feature", "properties": {"name": "Arli-griz to Vollmer Peak", "step": 207, "lat": 37.92974, "lon": -122.30436, "elevation_m": 160.9, "time": null, "elevation_f": 527.887156, "step_elevation_m": 5.400000000000006, "step_elevation_f": 17.71653600000002, "step_dist_m": 54.57332691644283, "step_dist_f": 179.04635388054228, "step_grade": 0.09894943748377188, "step_turn": 0.24020519802263607, "coast_speed_mps": 0.0, "coast_speed_mph": 0.0}, "geometry": {"type": "Point", "coordinates": [-122.30436, 37.92974]}}, {"id": "208", "type": "Feature", "properties": {"name": "Arli-griz to Vollmer Peak", "step": 208, "lat": 37.92978, "lon": -122.30402, "elevation_m": 163.8, "time": null, "elevation_f": 537.401592, "step_elevation_m": 2.9000000000000057, "step_elevation_f": 9.514436000000046, "step_dist_m": 30.150140937978616, "step_dist_f": 98.91778839495777, "step_grade": 0.09618528835289859, "step_turn": 6.876529358761104, "coast_speed_mps": 0.0, "coast_speed_mph": 0.0}, "geometry": {"type": "Point", "coordinates": [-122.30402, 37.92978]}}, {"id": "209", "type": "Feature", "properties": {"name": "Arli-griz to Vollmer Peak", "step": 209, "lat": 37.9298, "lon": -122.30374, "elevation_m": 166.4, "time": null, "elevation_f": 545.931776, "step_elevation_m": 2.5999999999999943, "step_elevation_f": 8.530183999999963, "step_dist_m": 24.658343599807857, "step_dist_f": 80.90008001599361, "step_grade": 0.10544098347385564, "step_turn": 3.3088950586709416, "coast_speed_mps": 0.0, "coast_speed_mph": 0.0}, "geometry": {"type": "Point", "coordinates": [-122.30374, 37.9298]}}, {"id": "210", "type": "Feature", "properties": {"name": "Arli-griz to Vollmer Peak", "step": 210, "lat": 37.92979, "lon": -122.30345, "elevation_m": 170.4, "time": null, "elevation_f": 559.0551360000001, "step_elevation_m": 4.0, "step_elevation_f": 13.123360000000048, "step_dist_m": 25.459212482650543, "step_dist_f": 83.52760268157921, "step_grade": 0.15711405066931444, "step_turn": 7.677677551401246, "coast_speed_mps": 0.0, "coast_speed_mph": 0.0}, "geometry": {"type": "Point", "coordinates": [-122.30345, 37.92979]}}, {"id": "211", "type": "Feature", "properties": {"name": "Arli-griz to Vollmer Peak", "step": 211, "lat": 37.92978, "lon": -122.30317, "elevation_m": 174.4, "time": null, "elevation_f": 572.178496, "step_elevation_m": 4.0, "step_elevation_f": 13.123359999999934, "step_dist_m": 24.583016448608166, "step_dist_f": 80.65294368525161, "step_grade": 0.1627139618265386, "step_turn": 0.0892839248952555, "coast_speed_mps": 0.0, "coast_speed_mph": 0.0}, "geometry": {"type": "Point", "coordinates": [-122.30317, 37.92978]}}, {"id": "212", "type": "Feature", "properties": {"name": "Arli-griz to Vollmer Peak", "step": 212, "lat": 37.92968, "lon": -122.30224, "elevation_m": 187.9, "time": null, "elevation_f": 616.469836, "step_elevation_m": 13.5, "step_elevation_f": 44.29133999999999, "step_dist_m": 82.32165652816886, "step_dist_f": 270.08418360387753, "step_grade": 0.16399086910235539, "step_turn": 5.170172028707498, "coast_speed_mps": 0.0, "coast_speed_mph": 0.0}, "geometry": {"type": "Point", "coordinates": [-122.30224, 37.92968]}}, {"id": "213", "type": "Feature", "properties": {"name": "Arli-griz to Vollmer Peak", "step": 213, "lat": 37.92958, "lon": -122.3013, "elevation_m": 198.0, "time": null, "elevation_f": 649.60632, "step_elevation_m": 10.099999999999994, "step_elevation_f": 33.136483999999996, "step_dist_m": 83.19088110228766, "step_dist_f": 272.9359703556295, "step_grade": 0.12140753729464052, "step_turn": 0.0816060840982118, "coast_speed_mps": 0.0, "coast_speed_mph": 0.0}, "geometry": {"type": "Point", "coordinates": [-122.3013, 37.92958]}}, {"id": "214", "type": "Feature", "properties": {"name": "Arli-griz to Vollmer Peak", "step": 214, "lat": 37.9295, "lon": -122.30069, "elevation_m": 205.1, "time": null, "elevation_f": 672.9002839999999, "step_elevation_m": 7.099999999999994, "step_elevation_f": 23.29396399999996, "step_dist_m": 54.235709656970116, "step_dist_f": 177.93868567097383, "step_grade": 0.13091005990160462, "step_turn": 1.7589730862237616, "coast_speed_mps": 0.0, "coast_speed_mph": 0.0}, "geometry": {"type": "Point", "coordinates": [-122.30069, 37.9295]}}, {"id": "215", "type": "Feature", "properties": {"name": "Arli-griz to Vollmer Peak", "step": 215, "lat": 37.9295, "lon": -122.30055, "elevation_m": 207.0, "time": null, "elevation_f": 679.13388, "step_elevation_m": 1.9000000000000057, "step_elevation_f": 6.233596000000034, "step_dist_m": 12.278975345239832, "step_dist_f": 40.28535347167665, "step_grade": 0.15473603835653724, "step_turn": 9.440007173951358, "coast_speed_mps": 0.0, "coast_speed_mph": 0.0}, "geometry": {"type": "Point", "coordinates": [-122.30055, 37.9295]}}, {"id": "216", "type": "Feature", "properties": {"name": "Arli-griz to Vollmer Peak", "step": 216, "lat": 37.92956, "lon": -122.30019, "elevation_m": 209.5, "time": null, "elevation_f": 687.33598, "step_elevation_m": 2.5, "step_elevation_f": 8.202099999999973, "step_dist_m": 32.271663515075886, "step_dist_f": 105.87816452680157, "step_grade": 0.07746734217255677, "step_turn": 11.931174831702208, "coast_speed_mps": 0.0, "coast_speed_mph": 0.0}, "geometry": {"type": "Point", "coordinates": [-122.30019, 37.92956]}}, {"id": "217", "type": "Feature", "properties": {"name": "Arli-griz to Vollmer Peak", "step": 217, "lat": 37.92958, "lon": -122.29997, "elevation_m": 210.7, "time": null, "elevation_f": 691.2729879999999, "step_elevation_m": 1.1999999999999886, "step_elevation_f": 3.9370079999999916, "step_dist_m": 19.42324888826782, "step_dist_f": 63.7245718825846, "step_grade": 0.06178163122467229, "step_turn": 5.356552033485684, "coast_speed_mps": 0.0, "coast_speed_mph": 0.0}, "geometry": {"type": "Point", "coordinates": [-122.29997, 37.92958]}}, {"id": "218", "type": "Feature", "properties": {"name": "Arli-griz to Vollmer Peak", "step": 218, "lat": 37.92956, "lon": -122.29978, "elevation_m": 211.7, "time": null, "elevation_f": 694.553828, "step_elevation_m": 1.0, "step_elevation_f": 3.280840000000012, "step_dist_m": 16.812045674323574, "step_dist_f": 55.15763193014776, "step_grade": 0.05948116126803436, "step_turn": 14.175976046482504, "coast_speed_mps": 0.0, "coast_speed_mph": 0.0}, "geometry": {"type": "Point", "coordinates": [-122.29978, 37.92956]}}, {"id": "219", "type": "Feature", "properties": {"name": "Arli-griz to Vollmer Peak", "step": 219, "lat": 37.92953, "lon": -122.29959, "elevation_m": 212.5, "time": null, "elevation_f": 697.1785, "step_elevation_m": 0.8000000000000114, "step_elevation_f": 2.6246720000000323, "step_dist_m": 16.994917604914466, "step_dist_f": 55.75760547490758, "step_grade": 0.04707289665050646, "step_turn": 3.7184322473692077, "coast_speed_mps": 0.0, "coast_speed_mph": 0.0}, "geometry": {"type": "Point", "coordinates": [-122.29959, 37.92953]}}, {"id": "220", "type": "Feature", "properties": {"name": "Arli-griz to Vollmer Peak", "step": 220, "lat": 37.92951, "lon": -122.29951, "elevation_m": 212.9, "time": null, "elevation_f": 698.4908360000001, "step_elevation_m": 0.4000000000000057, "step_elevation_f": 1.312336000000073, "step_dist_m": 7.360555333873996, "step_dist_f": 24.14880436158716, "step_grade": 0.05434372569134377, "step_turn": 6.26625435610805, "coast_speed_mps": 0.0, "coast_speed_mph": 0.0}, "geometry": {"type": "Point", "coordinates": [-122.29951, 37.92951]}}, {"id": "221", "type": "Feature", "properties": {"name": "Arli-griz to Vollmer Peak", "step": 221, "lat": 37.92951, "lon": -122.29951, "elevation_m": 212.9, "time": null, "elevation_f": 698.4908360000001, "step_elevation_m": 0.0, "step_elevation_f": 0.0, "step_dist_m": 0.0, "step_dist_f": 0.0, "step_grade": null, "step_turn": null, "coast_speed_mps": 0.0, "coast_speed_mph": 0.0}, "geometry": {"type": "Point", "coordinates": [-122.29951, 37.92951]}}, {"id": "222", "type": "Feature", "properties": {"name": "Arli-griz to Vollmer Peak", "step": 222, "lat": 37.92948, "lon": -122.2994, "elevation_m": 213.4, "time": null, "elevation_f": 700.131256, "step_elevation_m": 0.5, "step_elevation_f": 1.6404199999999491, "step_dist_m": 10.20819712661856, "step_dist_f": 33.49146146089524, "step_grade": 0.04898024536538547, "step_turn": null, "coast_speed_mps": 0.0, "coast_speed_mph": 0.0}, "geometry": {"type": "Point", "coordinates": [-122.2994, 37.92948]}}, {"id": "223", "type": "Feature", "properties": {"name": "Arli-griz to Vollmer Peak", "step": 223, "lat": 37.92922, "lon": -122.29869, "elevation_m": 217.8, "time": null, "elevation_f": 714.566952, "step_elevation_m": 4.400000000000006, "step_elevation_f": 14.435696000000007, "step_dist_m": 68.65594368376414, "step_dist_f": 225.24916627544073, "step_grade": 0.0640876778311697, "step_turn": 5.8300314120355665, "coast_speed_mps": 0.0, "coast_speed_mph": 0.0}, "geometry": {"type": "Point", "coordinates": [-122.29869, 37.92922]}}, {"id": "224", "type": "Feature", "properties": {"name": "Arli-griz to Vollmer Peak", "step": 224, "lat": 37.92896, "lon": -122.29798, "elevation_m": 221.0, "time": null, "elevation_f": 725.06564, "step_elevation_m": 3.1999999999999886, "step_elevation_f": 10.498688000000016, "step_dist_m": 68.65614341942681, "step_dist_f": 225.24982157619226, "step_grade": 0.04660908464448533, "step_turn": 7.738391792599941e-05, "coast_speed_mps": 0.0, "coast_speed_mph": 0.0}, "geometry": {"type": "Point", "coordinates": [-122.29798, 37.92896]}}, {"id": "225", "type": "Feature", "properties": {"name": "Arli-griz to Vollmer Peak", "step": 225, "lat": 37.92888, "lon": -122.29777, "elevation_m": 221.4, "time": null, "elevation_f": 726.377976, "step_elevation_m": 0.4000000000000057, "step_elevation_f": 1.3123359999999593, "step_dist_m": 20.45425939250757, "step_dist_f": 67.10715238531454, "step_grade": 0.019555829048815445, "step_turn": 0.8755316340619288, "coast_speed_mps": 0.0, "coast_speed_mph": 0.0}, "geometry": {"type": "Point", "coordinates": [-122.29777, 37.92888]}}, {"id": "226", "type": "Feature", "properties": {"name": "Arli-griz to Vollmer Peak", "step": 226, "lat": 37.92877, "lon": -122.29756, "elevation_m": 221.6, "time": null, "elevation_f": 727.034144, "step_elevation_m": 0.19999999999998863, "step_elevation_f": 0.6561679999999797, "step_dist_m": 22.11004705582332, "step_dist_f": 72.53952678262738, "step_grade": 0.00904566143595397, "step_turn": 7.808289256341482, "coast_speed_mps": 0.0, "coast_speed_mph": 0.0}, "geometry": {"type": "Point", "coordinates": [-122.29756, 37.92877]}}, {"id": "227", "type": "Feature", "properties": {"name": "Arli-griz to Vollmer Peak", "step": 227, "lat": 37.92866, "lon": -122.29739, "elevation_m": 222.1, "time": null, "elevation_f": 728.674564, "step_elevation_m": 0.5, "step_elevation_f": 1.6404200000000628, "step_dist_m": 19.285396453780216, "step_dist_f": 63.272300101420285, "step_grade": 0.025926353196747107, "step_turn": 5.775825822576564, "coast_speed_mps": 0.0, "coast_speed_mph": 0.0}, "geometry": {"type": "Point", "coordinates": [-122.29739, 37.92866]}}, {"id": "228", "type": "Feature", "properties": {"name": "Arli-griz to Vollmer Peak", "step": 228, "lat": 37.92845, "lon": -122.29712, "elevation_m": 224.5, "time": null, "elevation_f": 736.54858, "step_elevation_m": 2.4000000000000057, "step_elevation_f": 7.874015999999983, "step_dist_m": 33.25755084688889, "step_dist_f": 109.11270312050695, "step_grade": 0.07216406316415558, "step_turn": 5.234507655827997, "coast_speed_mps": 0.0, "coast_speed_mph": 0.0}, "geometry": {"type": "Point", "coordinates": [-122.29712, 37.92845]}}, {"id": "229", "type": "Feature", "properties": {"name": "Arli-griz to Vollmer Peak", "step": 229, "lat": 37.92797, "lon": -122.29664, "elevation_m": 228.7, "time": null, "elevation_f": 750.3281079999999, "step_elevation_m": 4.199999999999989, "step_elevation_f": 13.779527999999914, "step_dist_m": 67.97907311716304, "step_dist_f": 223.0284622457132, "step_grade": 0.06178371971564279, "step_turn": 7.136524443076951, "coast_speed_mps": 0.0, "coast_speed_mph": 0.0}, "geometry": {"type": "Point", "coordinates": [-122.29664, 37.92797]}}, {"id": "230", "type": "Feature", "properties": {"name": "Arli-griz to Vollmer Peak", "step": 230, "lat": 37.92749, "lon": -122.29615, "elevation_m": 233.8, "time": null, "elevation_f": 767.060392, "step_elevation_m": 5.100000000000023, "step_elevation_f": 16.73228400000005, "step_dist_m": 68.52589644209357, "step_dist_f": 224.82250208307826, "step_grade": 0.07442441857451183, "step_turn": 0.5759822818345697, "coast_speed_mps": 0.0, "coast_speed_mph": 0.0}, "geometry": {"type": "Point", "coordinates": [-122.29615, 37.92749]}}, {"id": "231", "type": "Feature", "properties": {"name": "Arli-griz to Vollmer Peak", "step": 231, "lat": 37.92712, "lon": -122.29576, "elevation_m": 235.9, "time": null, "elevation_f": 773.950156, "step_elevation_m": 2.0999999999999943, "step_elevation_f": 6.889764000000014, "step_dist_m": 53.50490831096332, "step_dist_f": 175.5410433829409, "step_grade": 0.03924873560749001, "step_turn": 0.8993701115109616, "coast_speed_mps": 0.0, "coast_speed_mph": 0.0}, "geometry": {"type": "Point", "coordinates": [-122.29576, 37.92712]}}, {"id": "232", "type": "Feature", "properties": {"name": "Arli-griz to Vollmer Peak", "step": 232, "lat": 37.92674, "lon": -122.29538, "elevation_m": 239.0, "time": null, "elevation_f": 784.12076, "step_elevation_m": 3.0999999999999943, "step_elevation_f": 10.170604000000026, "step_dist_m": 53.81712555660544, "step_dist_f": 176.56537821113338, "step_grade": 0.05760248188542475, "step_turn": 1.4748981252294016, "coast_speed_mps": 0.0, "coast_speed_mph": 0.0}, "geometry": {"type": "Point", "coordinates": [-122.29538, 37.92674]}}, {"id": "233", "type": "Feature", "properties": {"name": "Arli-griz to Vollmer Peak", "step": 233, "lat": 37.92626, "lon": -122.29497, "elevation_m": 240.6, "time": null, "elevation_f": 789.370104, "step_elevation_m": 1.5999999999999943, "step_elevation_f": 5.249343999999951, "step_dist_m": 64.35801594363637, "step_dist_f": 211.14835302851995, "step_grade": 0.024860927990714418, "step_turn": 4.295428134699705, "coast_speed_mps": 0.0, "coast_speed_mph": 0.0}, "geometry": {"type": "Point", "coordinates": [-122.29497, 37.92626]}}, {"id": "234", "type": "Feature", "properties": {"name": "Arli-griz to Vollmer Peak", "step": 234, "lat": 37.92581, "lon": -122.2946, "elevation_m": 238.2, "time": null, "elevation_f": 781.496088, "step_elevation_m": -2.4000000000000057, "step_elevation_f": -7.874015999999983, "step_dist_m": 59.640399722113735, "step_dist_f": 195.67060902429964, "step_grade": -0.04024117898576261, "step_turn": 1.0044357866205473, "coast_speed_mps": 6.142218073271018, "coast_speed_mph": 13.739750521812391}, "geometry": {"type": "Point", "coordinates": [-122.2946, 37.92581]}}, {"id": "235", "type": "Feature", "properties": {"name": "Arli-griz to Vollmer Peak", "step": 235, "lat": 37.92537, "lon": -122.29424, "elevation_m": 236.0, "time": null, "elevation_f": 774.27824, "step_elevation_m": -2.1999999999999886, "step_elevation_f": -7.217848000000004, "step_dist_m": 58.23045888410429, "step_dist_f": 191.04481872532472, "step_grade": -0.037780914699275074, "step_turn": 0.12856998317386115, "coast_speed_mps": 7.492526386700177, "coast_speed_mph": 16.760304193584844}, "geometry": {"type": "Point", "coordinates": [-122.29424, 37.92537]}}, {"id": "236", "type": "Feature", "properties": {"name": "Arli-griz to Vollmer Peak", "step": 236, "lat": 37.92495, "lon": -122.29389, "elevation_m": 233.6, "time": null, "elevation_f": 766.404224, "step_elevation_m": -2.4000000000000057, "step_elevation_f": -7.874015999999983, "step_dist_m": 55.88835798472535, "step_dist_f": 183.36076041060633, "step_grade": -0.04294275384966474, "step_turn": 0.4809425940377423, "coast_speed_mps": 8.494455781658912, "coast_speed_mph": 19.001556419244146}, "geometry": {"type": "Point", "coordinates": [-122.29389, 37.92495]}}, {"id": "237", "type": "Feature", "properties": {"name": "Arli-griz to Vollmer Peak", "step": 237, "lat": 37.92495, "lon": -122.29389, "elevation_m": 233.6, "time": null, "elevation_f": 766.404224, "step_elevation_m": 0.0, "step_elevation_f": 0.0, "step_dist_m": 0.0, "step_dist_f": 0.0, "step_grade": null, "step_turn": null, "coast_speed_mps": 8.494455781658912, "coast_speed_mph": 19.001556419244146}, "geometry": {"type": "Point", "coordinates": [-122.29389, 37.92495]}}, {"id": "238", "type": "Feature", "properties": {"name": "Arli-griz to Vollmer Peak", "step": 238, "lat": 37.92437, "lon": -122.29339, "elevation_m": 229.5, "time": null, "elevation_f": 752.95278, "step_elevation_m": -4.099999999999994, "step_elevation_f": -13.451444000000038, "step_dist_m": 77.99189484692903, "step_dist_f": 255.87892828959863, "step_grade": -0.05256956518426522, "step_turn": null, "coast_speed_mps": 10.018034736623687, "coast_speed_mph": 22.409705477415166}, "geometry": {"type": "Point", "coordinates": [-122.29339, 37.92437]}}, {"id": "239", "type": "Feature", "properties": {"name": "Arli-griz to Vollmer Peak", "step": 239, "lat": 37.92394, "lon": -122.29305, "elevation_m": 228.5, "time": null, "elevation_f": 749.67194, "step_elevation_m": -1.0, "step_elevation_f": -3.280840000000012, "step_dist_m": 56.351973513040285, "step_dist_f": 184.8818087805231, "step_grade": -0.017745607432339387, "step_turn": 2.263711428309307, "coast_speed_mps": 8.78003063019625, "coast_speed_mph": 19.640369162035256}, "geometry": {"type": "Point", "coordinates": [-122.29305, 37.92394]}}, {"id": "240", "type": "Feature", "properties": {"name": "Arli-griz to Vollmer Peak", "step": 240, "lat": 37.92384, "lon": -122.29299, "elevation_m": 227.9, "time": null, "elevation_f": 747.703436, "step_elevation_m": -0.5999999999999943, "step_elevation_f": -1.968503999999939, "step_dist_m": 12.302048059131566, "step_dist_f": 40.361051354321205, "step_grade": -0.04877236677307777, "step_turn": 6.624747983088071, "coast_speed_mps": 8.604833963157256, "coast_speed_mph": 19.24846537928876}, "geometry": {"type": "Point", "coordinates": [-122.29299, 37.92384]}}, {"id": "241", "type": "Feature", "properties": {"name": "Arli-griz to Vollmer Peak", "step": 241, "lat": 37.92362, "lon": -122.2929, "elevation_m": 226.1, "time": null, "elevation_f": 741.797924, "step_elevation_m": -1.8000000000000114, "step_elevation_f": -5.905512000000044, "step_dist_m": 25.70509315378418, "step_dist_f": 84.33429782266128, "step_grade": -0.07002503314153616, "step_turn": 7.442984531230081, "coast_speed_mps": 9.58111816232025, "coast_speed_mph": 21.432350935755725}, "geometry": {"type": "Point", "coordinates": [-122.2929, 37.92362]}}, {"id": "242", "type": "Feature", "properties": {"name": "Arli-griz to Vollmer Peak", "step": 242, "lat": 37.92287, "lon": -122.29272, "elevation_m": 219.8, "time": null, "elevation_f": 721.128632, "step_elevation_m": -6.299999999999983, "step_elevation_f": -20.669291999999928, "step_dist_m": 84.87758911976273, "step_dist_f": 278.46978948768236, "step_grade": -0.07422453989722362, "step_turn": 7.164641069450909, "coast_speed_mps": 12.112251555506463, "coast_speed_mph": 27.09433508300476}, "geometry": {"type": "Point", "coordinates": [-122.29272, 37.92287]}}, {"id": "243", "type": "Feature", "properties": {"name": "Arli-griz to Vollmer Peak", "step": 243, "lat": 37.92212, "lon": -122.29254, "elevation_m": 215.9, "time": null, "elevation_f": 708.333356, "step_elevation_m": -3.9000000000000057, "step_elevation_f": -12.795276000000058, "step_dist_m": 84.87761907242111, "step_dist_f": 278.4698877575621, "step_grade": -0.04594850848340083, "step_turn": 0.00010679763772714068, "coast_speed_mps": 11.105174226683458, "coast_speed_mph": 24.84156725725538}, "geometry": {"type": "Point", "coordinates": [-122.29254, 37.92212]}}, {"id": "244", "type": "Feature", "properties": {"name": "Arli-griz to Vollmer Peak", "step": 244, "lat": 37.92205, "lon": -122.2925, "elevation_m": 215.4, "time": null, "elevation_f": 706.692936, "step_elevation_m": -0.5, "step_elevation_f": -1.6404199999999491, "step_dist_m": 8.53789371988532, "step_dist_f": 28.011463231948554, "step_grade": -0.05856245303633458, "step_turn": 13.543888084917171, "coast_speed_mps": 11.05367217834102, "coast_speed_mph": 24.726360456203043}, "geometry": {"type": "Point", "coordinates": [-122.2925, 37.92205]}}, {"id": "245", "type": "Feature", "properties": {"name": "Arli-griz to Vollmer Peak", "step": 245, "lat": 37.92201, "lon": -122.29244, "elevation_m": 215.2, "time": null, "elevation_f": 706.0367679999999, "step_elevation_m": -0.20000000000001705, "step_elevation_f": -0.6561680000000933, "step_dist_m": 6.890687135713424, "step_dist_f": 22.60724198233403, "step_grade": -0.029024681582689525, "step_turn": 25.533956120605808, "coast_speed_mps": 10.936113729498047, "coast_speed_mph": 24.463389695548575}, "geometry": {"type": "Point", "coordinates": [-122.29244, 37.92201]}}, {"id": "246", "type": "Feature", "properties": {"name": "Arli-griz to Vollmer Peak", "step": 246, "lat": 37.92195, "lon": -122.29233, "elevation_m": 215.0, "time": null, "elevation_f": 705.3806, "step_elevation_m": -0.19999999999998863, "step_elevation_f": -0.6561679999999797, "step_dist_m": 11.730727079726755, "step_dist_f": 38.486638632250724, "step_grade": -0.017049241589264495, "step_turn": 5.5394667911591, "coast_speed_mps": 10.617451179838797, "coast_speed_mph": 23.75056187329721}, "geometry": {"type": "Point", "coordinates": [-122.29233, 37.92195]}}, {"id": "247", "type": "Feature", "properties": {"name": "Arli-griz to Vollmer Peak", "step": 247, "lat": 37.9219, "lon": -122.29213, "elevation_m": 215.0, "time": null, "elevation_f": 705.3806, "step_elevation_m": 0.0, "step_elevation_f": 0.0, "step_dist_m": 18.403115585772323, "step_dist_f": 60.37767773842527, "step_grade": 0.0, "step_turn": 17.07789307019209, "coast_speed_mps": 9.751800014830549, "coast_speed_mph": 21.814155366031088}, "geometry": {"type": "Point", "coordinates": [-122.29213, 37.9219]}}, {"id": "248", "type": "Feature", "properties": {"name": "Arli-griz to Vollmer Peak", "step": 248, "lat": 37.92187, "lon": -122.29165, "elevation_m": 216.9, "time": null, "elevation_f": 711.614196, "step_elevation_m": 1.9000000000000057, "step_elevation_f": 6.233596000000034, "step_dist_m": 42.235645852462284, "step_dist_f": 138.56839633859235, "step_grade": 0.04498569778326802, "step_turn": 13.05436042919905, "coast_speed_mps": 4.312650202527257, "coast_speed_mph": 9.647123752968978}, "geometry": {"type": "Point", "coordinates": [-122.29165, 37.92187]}}, {"id": "249", "type": "Feature", "properties": {"name": "Arli-griz to Vollmer Peak", "step": 249, "lat": 37.92185, "lon": -122.29154, "elevation_m": 217.6, "time": null, "elevation_f": 713.9107839999999, "step_elevation_m": 0.6999999999999886, "step_elevation_f": 2.296587999999929, "step_dist_m": 9.901740461207323, "step_dist_f": 32.48602617474744, "step_grade": 0.0706946422946979, "step_turn": 8.449236682729122, "coast_speed_mps": 2.465612176496895, "coast_speed_mph": 5.5154173597371425}, "geometry": {"type": "Point", "coordinates": [-122.29154, 37.92185]}}, {"id": "250", "type": "Feature", "properties": {"name": "Arli-griz to Vollmer Peak", "step": 250, "lat": 37.92181, "lon": -122.29141, "elevation_m": 218.2, "time": null, "elevation_f": 715.879288, "step_elevation_m": 0.5999999999999943, "step_elevation_f": 1.9685040000000527, "step_dist_m": 12.2398315213386, "step_dist_f": 40.15692884846853, "step_grade": 0.049020282587547884, "step_turn": 8.329184927907932, "coast_speed_mps": 0.0, "coast_speed_mph": 0.0}, "geometry": {"type": "Point", "coordinates": [-122.29141, 37.92181]}}, {"id": "251", "type": "Feature", "properties": {"name": "Arli-griz to Vollmer Peak", "step": 251, "lat": 37.92167, "lon": -122.2911, "elevation_m": 218.9, "time": null, "elevation_f": 718.175876, "step_elevation_m": 0.700000000000017, "step_elevation_f": 2.2965880000000425, "step_dist_m": 31.33284157041958, "step_dist_f": 102.79803993789537, "step_grade": 0.022340776160591404, "step_turn": 8.48249206716207, "coast_speed_mps": 0.0, "coast_speed_mph": 0.0}, "geometry": {"type": "Point", "coordinates": [-122.2911, 37.92167]}}, {"id": "252", "type": "Feature", "properties": {"name": "Arli-griz to Vollmer Peak", "step": 252, "lat": 37.92144, "lon": -122.29063, "elevation_m": 221.9, "time": null, "elevation_f": 728.018396, "step_elevation_m": 3.0, "step_elevation_f": 9.842520000000036, "step_dist_m": 48.51510322582423, "step_dist_f": 159.17029126741315, "step_grade": 0.06183641382840802, "step_turn": 2.0222741306434955, "coast_speed_mps": 0.0, "coast_speed_mph": 0.0}, "geometry": {"type": "Point", "coordinates": [-122.29063, 37.92144]}}, {"id": "253", "type": "Feature", "properties": {"name": "Arli-griz to Vollmer Peak", "step": 253, "lat": 37.9214, "lon": -122.29053, "elevation_m": 222.6, "time": null, "elevation_f": 730.314984, "step_elevation_m": 0.6999999999999886, "step_elevation_f": 2.296587999999929, "step_dist_m": 9.83488314102944, "step_dist_f": 32.26667800441503, "step_grade": 0.0711752229245825, "step_turn": 4.9251684870040435, "coast_speed_mps": 0.0, "coast_speed_mph": 0.0}, "geometry": {"type": "Point", "coordinates": [-122.29053, 37.9214]}}, {"id": "254", "type": "Feature", "properties": {"name": "Arli-griz to Vollmer Peak", "step": 254, "lat": 37.9213, "lon": -122.29022, "elevation_m": 226.5, "time": null, "elevation_f": 743.11026, "step_elevation_m": 3.9000000000000057, "step_elevation_f": 12.795276000000058, "step_dist_m": 29.37783876822861, "step_dist_f": 96.38398854435515, "step_grade": 0.1327531283280701, "step_turn": 4.647250265608648, "coast_speed_mps": 0.0, "coast_speed_mph": 0.0}, "geometry": {"type": "Point", "coordinates": [-122.29022, 37.9213]}}, {"id": "255", "type": "Feature", "properties": {"name": "Arli-griz to Vollmer Peak", "step": 255, "lat": 37.92102, "lon": -122.28935, "elevation_m": 228.7, "time": null, "elevation_f": 750.3281079999999, "step_elevation_m": 2.1999999999999886, "step_elevation_f": 7.21784799999989, "step_dist_m": 82.4205392546303, "step_dist_f": 270.40860200816127, "step_grade": 0.0266923757099344, "step_turn": 0.04638382630588467, "coast_speed_mps": 0.0, "coast_speed_mph": 0.0}, "geometry": {"type": "Point", "coordinates": [-122.28935, 37.92102]}}, {"id": "256", "type": "Feature", "properties": {"name": "Arli-griz to Vollmer Peak", "step": 256, "lat": 37.92099, "lon": -122.28915, "elevation_m": 230.5, "time": null, "elevation_f": 756.23362, "step_elevation_m": 1.8000000000000114, "step_elevation_f": 5.905512000000044, "step_dist_m": 17.857756429603555, "step_dist_f": 58.588441604500524, "step_grade": 0.10079653662517625, "step_turn": 11.428185633905287, "coast_speed_mps": 0.0, "coast_speed_mph": 0.0}, "geometry": {"type": "Point", "coordinates": [-122.28915, 37.92099]}}, {"id": "257", "type": "Feature", "properties": {"name": "Arli-griz to Vollmer Peak", "step": 257, "lat": 37.92101, "lon": -122.28876, "elevation_m": 233.3, "time": null, "elevation_f": 765.419972, "step_elevation_m": 2.8000000000000114, "step_elevation_f": 9.186352000000056, "step_dist_m": 34.2818805274268, "step_dist_f": 112.47336490960294, "step_grade": 0.08167579948713448, "step_turn": 14.485658659545152, "coast_speed_mps": 0.0, "coast_speed_mph": 0.0}, "geometry": {"type": "Point", "coordinates": [-122.28876, 37.92101]}}, {"id": "258", "type": "Feature", "properties": {"name": "Arli-griz to Vollmer Peak", "step": 258, "lat": 37.92101, "lon": -122.2886, "elevation_m": 233.8, "time": null, "elevation_f": 767.060392, "step_elevation_m": 0.5, "step_elevation_f": 1.6404199999999491, "step_dist_m": 14.034735019480506, "step_dist_f": 46.04572004131242, "step_grade": 0.03562589527383236, "step_turn": 3.719514787447565, "coast_speed_mps": 0.0, "coast_speed_mph": 0.0}, "geometry": {"type": "Point", "coordinates": [-122.2886, 37.92101]}}, {"id": "259", "type": "Feature", "properties": {"name": "Arli-griz to Vollmer Peak", "step": 259, "lat": 37.92099, "lon": -122.28845, "elevation_m": 234.1, "time": null, "elevation_f": 768.044644, "step_elevation_m": 0.29999999999998295, "step_elevation_f": 0.9842519999999695, "step_dist_m": 13.344184663274858, "step_dist_f": 43.78013481065868, "step_grade": 0.022481703271510226, "step_turn": 9.593495427028984, "coast_speed_mps": 0.0, "coast_speed_mph": 0.0}, "geometry": {"type": "Point", "coordinates": [-122.28845, 37.92099]}}, {"id": "260", "type": "Feature", "properties": {"name": "Arli-griz to Vollmer Peak", "step": 260, "lat": 37.92094, "lon": -122.28818, "elevation_m": 234.7, "time": null, "elevation_f": 770.013148, "step_elevation_m": 0.5999999999999943, "step_elevation_f": 1.9685040000000527, "step_dist_m": 24.327455714649318, "step_dist_f": 79.81448980685006, "step_grade": 0.024663491613662294, "step_turn": 3.6174795265557123, "coast_speed_mps": 0.0, "coast_speed_mph": 0.0}, "geometry": {"type": "Point", "coordinates": [-122.28818, 37.92094]}}, {"id": "261", "type": "Feature", "properties": {"name": "Arli-griz to Vollmer Peak", "step": 261, "lat": 37.9209, "lon": -122.28805, "elevation_m": 235.0, "time": null, "elevation_f": 770.9974, "step_elevation_m": 0.30000000000001137, "step_elevation_f": 0.9842519999999695, "step_dist_m": 12.239962975046284, "step_dist_f": 40.15736012705085, "step_grade": 0.02450987806185557, "step_turn": 8.097150918161788, "coast_speed_mps": 0.0, "coast_speed_mph": 0.0}, "geometry": {"type": "Point", "coordinates": [-122.28805, 37.9209]}}, {"id": "262", "type": "Feature", "properties": {"name": "Arli-griz to Vollmer Peak", "step": 262, "lat": 37.92081, "lon": -122.28784, "elevation_m": 235.8, "time": null, "elevation_f": 773.622072, "step_elevation_m": 0.8000000000000114, "step_elevation_f": 2.6246720000000323, "step_dist_m": 20.963551237896333, "step_dist_f": 68.7780574433398, "step_grade": 0.03816147326001863, "step_turn": 7.206169675010813, "coast_speed_mps": 0.0, "coast_speed_mph": 0.0}, "geometry": {"type": "Point", "coordinates": [-122.28784, 37.92081]}}, {"id": "263", "type": "Feature", "properties": {"name": "Arli-griz to Vollmer Peak", "step": 263, "lat": 37.92074, "lon": -122.28776, "elevation_m": 235.9, "time": null, "elevation_f": 773.950156, "step_elevation_m": 0.09999999999999432, "step_elevation_f": 0.32808399999998983, "step_dist_m": 10.479927904122812, "step_dist_f": 34.38296666496229, "step_grade": 0.009542050376191446, "step_turn": 19.44930654972069, "coast_speed_mps": 0.0, "coast_speed_mph": 0.0}, "geometry": {"type": "Point", "coordinates": [-122.28776, 37.92074]}}, {"id": "264", "type": "Feature", "properties": {"name": "Arli-griz to Vollmer Peak", "step": 264, "lat": 37.92068, "lon": -122.2877, "elevation_m": 236.0, "time": null, "elevation_f": 774.27824, "step_elevation_m": 0.09999999999999432, "step_elevation_f": 0.32808399999998983, "step_dist_m": 8.49771657337967, "step_dist_f": 27.879648442606953, "step_grade": 0.011767867183668942, "step_turn": 3.7678623692413566, "coast_speed_mps": 0.0, "coast_speed_mph": 0.0}, "geometry": {"type": "Point", "coordinates": [-122.2877, 37.92068]}}, {"id": "265", "type": "Feature", "properties": {"name": "Arli-griz to Vollmer Peak", "step": 265, "lat": 37.91994, "lon": -122.28724, "elevation_m": 233.1, "time": null, "elevation_f": 764.7638039999999, "step_elevation_m": -2.9000000000000057, "step_elevation_f": -9.514436000000046, "step_dist_m": 91.64518287850979, "step_dist_f": 300.67318179513006, "step_grade": -0.031643779944707136, "step_turn": 12.14620407209145, "coast_speed_mps": 6.520227917441937, "coast_speed_mph": 14.585334460992147}, "geometry": {"type": "Point", "coordinates": [-122.28724, 37.91994]}}, {"id": "266", "type": "Feature", "properties": {"name": "Arli-griz to Vollmer Peak", "step": 266, "lat": 37.91983, "lon": -122.28714, "elevation_m": 231.5, "time": null, "elevation_f": 759.51446, "step_elevation_m": -1.5999999999999943, "step_elevation_f": -5.249343999999951, "step_dist_m": 15.051691309817233, "step_dist_f": 49.38219091690077, "step_grade": -0.10630034639073543, "step_turn": 9.524050186078341, "coast_speed_mps": 8.185053322080726, "coast_speed_mph": 18.30944282856281}, "geometry": {"type": "Point", "coordinates": [-122.28714, 37.91983]}}, {"id": "267", "type": "Feature", "properties": {"name": "Arli-griz to Vollmer Peak", "step": 267, "lat": 37.91969, "lon": -122.287, "elevation_m": 231.0, "time": null, "elevation_f": 757.87404, "step_elevation_m": -0.5, "step_elevation_f": -1.6404199999999491, "step_dist_m": 19.828103582218116, "step_dist_f": 65.05283535668448, "step_grade": -0.025216733306174625, "step_turn": 2.622538341509255, "coast_speed_mps": 8.015736510799774, "coast_speed_mph": 17.93069190855352}, "geometry": {"type": "Point", "coordinates": [-122.287, 37.91969]}}, {"id": "268", "type": "Feature", "properties": {"name": "Arli-griz to Vollmer Peak", "step": 268, "lat": 37.91931, "lon": -122.28657, "elevation_m": 230.9, "time": null, "elevation_f": 757.545956, "step_elevation_m": -0.09999999999999432, "step_elevation_f": -0.32808399999998983, "step_dist_m": 56.64043595774564, "step_dist_f": 185.8282079076102, "step_grade": -0.001765523133942602, "step_turn": 3.4856333888016593, "coast_speed_mps": 5.60887512881631, "coast_speed_mph": 12.5466963332505}, "geometry": {"type": "Point", "coordinates": [-122.28657, 37.91931]}}, {"id": "269", "type": "Feature", "properties": {"name": "Arli-griz to Vollmer Peak", "step": 269, "lat": 37.91931, "lon": -122.28625, "elevation_m": 233.4, "time": null, "elevation_f": 765.748056, "step_elevation_m": 2.5, "step_elevation_f": 8.202099999999973, "step_dist_m": 28.07011886385898, "step_dist_f": 92.09356877330309, "step_grade": 0.0890626795036061, "step_turn": 48.24549578405953, "coast_speed_mps": 0.0, "coast_speed_mph": 0.0}, "geometry": {"type": "Point", "coordinates": [-122.28625, 37.91931]}}, {"id": "270", "type": "Feature", "properties": {"name": "Arli-griz to Vollmer Peak", "step": 270, "lat": 37.91925, "lon": -122.28606, "elevation_m": 236.4, "time": null, "elevation_f": 775.590576, "step_elevation_m": 3.0, "step_elevation_f": 9.842520000000036, "step_dist_m": 17.95239278810492, "step_dist_f": 58.89892835492614, "step_grade": 0.1671086431435352, "step_turn": 21.816383276336467, "coast_speed_mps": 0.0, "coast_speed_mph": 0.0}, "geometry": {"type": "Point", "coordinates": [-122.28606, 37.91925]}}, {"id": "271", "type": "Feature", "properties": {"name": "Arli-griz to Vollmer Peak", "step": 271, "lat": 37.91896, "lon": -122.28564, "elevation_m": 240.2, "time": null, "elevation_f": 788.057768, "step_elevation_m": 3.799999999999983, "step_elevation_f": 12.467191999999955, "step_dist_m": 48.961019499440454, "step_dist_f": 160.6332712145442, "step_grade": 0.0776127629459066, "step_turn": 19.378020157934145, "coast_speed_mps": 0.0, "coast_speed_mph": 0.0}, "geometry": {"type": "Point", "coordinates": [-122.28564, 37.91896]}}, {"id": "272", "type": "Feature", "properties": {"name": "Arli-griz to Vollmer Peak", "step": 272, "lat": 37.91887, "lon": -122.28545, "elevation_m": 239.8, "time": null, "elevation_f": 786.745432, "step_elevation_m": -0.39999999999997726, "step_elevation_f": -1.3123359999999593, "step_dist_m": 19.4404363797702, "step_dist_f": 63.78096129220527, "step_grade": -0.02057566981450164, "step_turn": 10.211627742564701, "coast_speed_mps": 2.1901207970865038, "coast_speed_mph": 4.89916069498591}, "geometry": {"type": "Point", "coordinates": [-122.28545, 37.91887]}}, {"id": "273", "type": "Feature", "properties": {"name": "Arli-griz to Vollmer Peak", "step": 273, "lat": 37.91891, "lon": -122.28522, "elevation_m": 241.0, "time": null, "elevation_f": 790.68244, "step_elevation_m": 1.1999999999999886, "step_elevation_f": 3.9370079999999916, "step_dist_m": 20.65996682929806, "step_dist_f": 67.78204557223425, "step_grade": 0.058083345917974046, "step_turn": 43.41504193696824, "coast_speed_mps": 0.0, "coast_speed_mph": 0.0}, "geometry": {"type": "Point", "coordinates": [-122.28522, 37.91891]}}, {"id": "274", "type": "Feature", "properties": {"name": "Arli-griz to Vollmer Peak", "step": 274, "lat": 37.91906, "lon": -122.28506, "elevation_m": 243.2, "time": null, "elevation_f": 797.9002879999999, "step_elevation_m": 2.1999999999999886, "step_elevation_f": 7.21784799999989, "step_dist_m": 21.798661602164042, "step_dist_f": 71.51792093084387, "step_grade": 0.10092362733781718, "step_turn": 37.48799483227867, "coast_speed_mps": 0.0, "coast_speed_mph": 0.0}, "geometry": {"type": "Point", "coordinates": [-122.28506, 37.91906]}}, {"id": "275", "type": "Feature", "properties": {"name": "Arli-griz to Vollmer Peak", "step": 275, "lat": 37.91922, "lon": -122.28505, "elevation_m": 245.3, "time": null, "elevation_f": 804.7900520000001, "step_elevation_m": 2.1000000000000227, "step_elevation_f": 6.8897640000001275, "step_dist_m": 17.812800111482115, "step_dist_f": 58.44094711775498, "step_grade": 0.11789275054214327, "step_turn": 37.256965232283676, "coast_speed_mps": 0.0, "coast_speed_mph": 0.0}, "geometry": {"type": "Point", "coordinates": [-122.28505, 37.91922]}}, {"id": "276", "type": "Feature", "properties": {"name": "Arli-griz to Vollmer Peak", "step": 276, "lat": 37.91939, "lon": -122.28508, "elevation_m": 248.0, "time": null, "elevation_f": 813.64832, "step_elevation_m": 2.6999999999999886, "step_elevation_f": 8.858267999999953, "step_dist_m": 19.085433954516365, "step_dist_f": 62.61625513533547, "step_grade": 0.14146914376872538, "step_turn": 10.748080506955148, "coast_speed_mps": 0.0, "coast_speed_mph": 0.0}, "geometry": {"type": "Point", "coordinates": [-122.28508, 37.91939]}}, {"id": "277", "type": "Feature", "properties": {"name": "Arli-griz to Vollmer Peak", "step": 277, "lat": 37.92022, "lon": -122.28553, "elevation_m": 255.7, "time": null, "elevation_f": 838.9107879999999, "step_elevation_m": 7.699999999999989, "step_elevation_f": 25.2624679999999, "step_dist_m": 100.3788764059532, "step_dist_f": 329.32703286770754, "step_grade": 0.07670936630989547, "step_turn": 15.230926122218136, "coast_speed_mps": 0.0, "coast_speed_mph": 0.0}, "geometry": {"type": "Point", "coordinates": [-122.28553, 37.92022]}}, {"id": "278", "type": "Feature", "properties": {"name": "Arli-griz to Vollmer Peak", "step": 278, "lat": 37.92042, "lon": -122.28559, "elevation_m": 257.6, "time": null, "elevation_f": 845.1443840000001, "step_elevation_m": 1.900000000000034, "step_elevation_f": 6.233596000000148, "step_dist_m": 22.853280443797132, "step_dist_f": 74.97795661122738, "step_grade": 0.08313904888502494, "step_turn": 9.841706462455477, "coast_speed_mps": 0.0, "coast_speed_mph": 0.0}, "geometry": {"type": "Point", "coordinates": [-122.28559, 37.92042]}}, {"id": "279", "type": "Feature", "properties": {"name": "Arli-griz to Vollmer Peak", "step": 279, "lat": 37.92055, "lon": -122.28551, "elevation_m": 259.2, "time": null, "elevation_f": 850.393728, "step_elevation_m": 1.599999999999966, "step_elevation_f": 5.249343999999951, "step_dist_m": 16.06863459433921, "step_dist_f": 52.718619122491845, "step_grade": 0.09957286604573279, "step_turn": 39.209087758732664, "coast_speed_mps": 0.0, "coast_speed_mph": 0.0}, "geometry": {"type": "Point", "coordinates": [-122.28551, 37.92055]}}, {"id": "280", "type": "Feature", "properties": {"name": "Arli-griz to Vollmer Peak", "step": 280, "lat": 37.92061, "lon": -122.28533, "elevation_m": 261.2, "time": null, "elevation_f": 856.9554079999999, "step_elevation_m": 2.0, "step_elevation_f": 6.56167999999991, "step_dist_m": 17.140868898592462, "step_dist_f": 56.236448317258095, "step_grade": 0.11668019934300015, "step_turn": 41.19904807807694, "coast_speed_mps": 0.0, "coast_speed_mph": 0.0}, "geometry": {"type": "Point", "coordinates": [-122.28533, 37.92061]}}, {"id": "281", "type": "Feature", "properties": {"name": "Arli-griz to Vollmer Peak", "step": 281, "lat": 37.92062, "lon": -122.2852, "elevation_m": 262.5, "time": null, "elevation_f": 861.2205, "step_elevation_m": 1.3000000000000114, "step_elevation_f": 4.265092000000095, "step_dist_m": 11.457369008812153, "step_dist_f": 37.58979453887126, "step_grade": 0.11346409450547926, "step_turn": 17.33706924111806, "coast_speed_mps": 0.0, "coast_speed_mph": 0.0}, "geometry": {"type": "Point", "coordinates": [-122.2852, 37.92062]}}, {"id": "282", "type": "Feature", "properties": {"name": "Arli-griz to Vollmer Peak", "step": 282, "lat": 37.92058, "lon": -122.28497, "elevation_m": 264.5, "time": null, "elevation_f": 867.78218, "step_elevation_m": 2.0, "step_elevation_f": 6.561680000000024, "step_dist_m": 20.659508747112497, "step_dist_f": 67.78054267787657, "step_grade": 0.09680772299484287, "step_turn": 18.001923020352137, "coast_speed_mps": 0.0, "coast_speed_mph": 0.0}, "geometry": {"type": "Point", "coordinates": [-122.28497, 37.92058]}}, {"id": "283", "type": "Feature", "properties": {"name": "Arli-griz to Vollmer Peak", "step": 283, "lat": 37.92051, "lon": -122.28469, "elevation_m": 265.8, "time": null, "elevation_f": 872.047272, "step_elevation_m": 1.3000000000000114, "step_elevation_f": 4.2650919999999815, "step_dist_m": 25.764801154224326, "step_dist_f": 84.53019021882534, "step_grade": 0.05045643442844374, "step_turn": 5.151418040860051, "coast_speed_mps": 0.0, "coast_speed_mph": 0.0}, "geometry": {"type": "Point", "coordinates": [-122.28469, 37.92051]}}, {"id": "284", "type": "Feature", "properties": {"name": "Arli-griz to Vollmer Peak", "step": 284, "lat": 37.92048, "lon": -122.2845, "elevation_m": 265.3, "time": null, "elevation_f": 870.4068520000001, "step_elevation_m": -0.5, "step_elevation_f": -1.6404199999999491, "step_dist_m": 16.996928771023335, "step_dist_f": 55.764203789124196, "step_grade": -0.02941707921094597, "step_turn": 6.265535974005672, "coast_speed_mps": 2.672482377883936, "coast_speed_mph": 5.978172820964417}, "geometry": {"type": "Point", "coordinates": [-122.2845, 37.92048]}}, {"id": "285", "type": "Feature", "properties": {"name": "Arli-griz to Vollmer Peak", "step": 285, "lat": 37.92048, "lon": -122.28414, "elevation_m": 262.0, "time": null, "elevation_f": 859.58008, "step_elevation_m": -3.3000000000000114, "step_elevation_f": -10.826772000000119, "step_dist_m": 31.5783813631509, "step_dist_f": 103.60361671148, "step_grade": -0.10450187303934493, "step_turn": 11.318495982638638, "coast_speed_mps": 8.158464231518177, "coast_speed_mph": 18.24996472691072}, "geometry": {"type": "Point", "coordinates": [-122.28414, 37.92048]}}, {"id": "286", "type": "Feature", "properties": {"name": "Arli-griz to Vollmer Peak", "step": 286, "lat": 37.92046, "lon": -122.28401, "elevation_m": 260.7, "time": null, "elevation_f": 855.314988, "step_elevation_m": -1.3000000000000114, "step_elevation_f": -4.2650919999999815, "step_dist_m": 11.618137149050431, "step_dist_f": 38.117249084090616, "step_grade": -0.11189401393030228, "step_turn": 11.035508544203367, "coast_speed_mps": 9.138666261045529, "coast_speed_mph": 20.44261422030583}, "geometry": {"type": "Point", "coordinates": [-122.28401, 37.92046]}}, {"id": "287", "type": "Feature", "properties": {"name": "Arli-griz to Vollmer Peak", "step": 287, "lat": 37.92038, "lon": -122.28372, "elevation_m": 257.8, "time": null, "elevation_f": 845.800552, "step_elevation_m": -2.8999999999999773, "step_elevation_f": -9.514435999999932, "step_dist_m": 26.948685405043914, "step_dist_f": 88.41432502428428, "step_grade": -0.10761192824111532, "step_turn": 8.238982194954417, "coast_speed_mps": 10.963035367189974, "coast_speed_mph": 24.523611683943187}, "geometry": {"type": "Point", "coordinates": [-122.28372, 37.92038]}}, {"id": "288", "type": "Feature", "properties": {"name": "Arli-griz to Vollmer Peak", "step": 288, "lat": 37.92024, "lon": -122.28337, "elevation_m": 253.6, "time": null, "elevation_f": 832.021024, "step_elevation_m": -4.200000000000017, "step_elevation_f": -13.779528000000028, "step_dist_m": 34.42250427133229, "step_dist_f": 112.93472891355785, "step_grade": -0.1220132029585615, "step_turn": 7.6131086891275, "coast_speed_mps": 12.95323289087244, "coast_speed_mph": 28.97555675302529}, "geometry": {"type": "Point", "coordinates": [-122.28337, 37.92024]}}, {"id": "289", "type": "Feature", "properties": {"name": "Arli-griz to Vollmer Peak", "step": 289, "lat": 37.92007, "lon": -122.28336, "elevation_m": 255.1, "time": null, "elevation_f": 836.942284, "step_elevation_m": 1.5, "step_elevation_f": 4.921259999999961, "step_dist_m": 18.923478940230805, "step_dist_f": 62.08490664626683, "step_grade": 0.07926660867896973, "step_turn": 60.45566086937424, "coast_speed_mps": 10.854603316636014, "coast_speed_mph": 24.281056094837155}, "geometry": {"type": "Point", "coordinates": [-122.28336, 37.92007]}}, {"id": "290", "type": "Feature", "properties": {"name": "Arli-griz to Vollmer Peak", "step": 290, "lat": 37.91996, "lon": -122.28331, "elevation_m": 255.7, "time": null, "elevation_f": 838.9107879999999, "step_elevation_m": 0.5999999999999943, "step_elevation_f": 1.968503999999939, "step_dist_m": 12.994014529581596, "step_dist_f": 42.63128262923249, "step_grade": 0.04617510613321703, "step_turn": 17.06983216483752, "coast_speed_mps": 9.627146940589265, "coast_speed_mph": 21.53531438034461}, "geometry": {"type": "Point", "coordinates": [-122.28331, 37.91996]}}, {"id": "291", "type": "Feature", "properties": {"name": "Arli-griz to Vollmer Peak", "step": 291, "lat": 37.91988, "lon": -122.28322, "elevation_m": 255.7, "time": null, "elevation_f": 838.9107879999999, "step_elevation_m": 0.0, "step_elevation_f": 0.0, "step_dist_m": 11.893577244772723, "step_dist_f": 39.02092396774014, "step_grade": 0.0, "step_turn": 21.86173602799704, "coast_speed_mps": 8.992890687866101, "coast_speed_mph": 20.116523550165738}, "geometry": {"type": "Point", "coordinates": [-122.28322, 37.91988]}}, {"id": "292", "type": "Feature", "properties": {"name": "Arli-griz to Vollmer Peak", "step": 292, "lat": 37.91984, "lon": -122.28314, "elevation_m": 255.4, "time": null, "elevation_f": 837.926536, "step_elevation_m": -0.29999999999998295, "step_elevation_f": -0.9842519999998558, "step_dist_m": 8.308302205701075, "step_dist_f": 27.258210208552317, "step_grade": -0.036108460257274454, "step_turn": 16.044384212321688, "coast_speed_mps": 8.787118049341608, "coast_speed_mph": 19.656223267138508}, "geometry": {"type": "Point", "coordinates": [-122.28314, 37.91984]}}, {"id": "293", "type": "Feature", "properties": {"name": "Arli-griz to Vollmer Peak", "step": 293, "lat": 37.91984, "lon": -122.28314, "elevation_m": 255.4, "time": null, "elevation_f": 837.926536, "step_elevation_m": 0.0, "step_elevation_f": 0.0, "step_dist_m": 0.0, "step_dist_f": 0.0, "step_grade": null, "step_turn": null, "coast_speed_mps": 8.787118049341608, "coast_speed_mph": 19.656223267138508}, "geometry": {"type": "Point", "coordinates": [-122.28314, 37.91984]}}, {"id": "294", "type": "Feature", "properties": {"name": "Arli-griz to Vollmer Peak", "step": 294, "lat": 37.91975, "lon": -122.28298, "elevation_m": 254.7, "time": null, "elevation_f": 835.629948, "step_elevation_m": -0.700000000000017, "step_elevation_f": -2.2965880000000425, "step_dist_m": 17.237494603081895, "step_dist_f": 56.5534617935752, "step_grade": -0.040609149770226116, "step_turn": null, "coast_speed_mps": 8.875959629423436, "coast_speed_mph": 19.854956221867006}, "geometry": {"type": "Point", "coordinates": [-122.28298, 37.91975]}}, {"id": "295", "type": "Feature", "properties": {"name": "Arli-griz to Vollmer Peak", "step": 295, "lat": 37.91956, "lon": -122.28266, "elevation_m": 253.3, "time": null, "elevation_f": 831.036772, "step_elevation_m": -1.3999999999999773, "step_elevation_f": -4.593175999999971, "step_dist_m": 35.132262007685426, "step_dist_f": 115.26333048529466, "step_grade": -0.039849412477161804, "step_turn": 1.4765816874020743, "coast_speed_mps": 9.003634407536588, "coast_speed_mph": 20.140556566608307}, "geometry": {"type": "Point", "coordinates": [-122.28266, 37.91956]}}, {"id": "296", "type": "Feature", "properties": {"name": "Arli-griz to Vollmer Peak", "step": 296, "lat": 37.91915, "lon": -122.2822, "elevation_m": 252.6, "time": null, "elevation_f": 828.740184, "step_elevation_m": -0.700000000000017, "step_elevation_f": -2.2965880000000425, "step_dist_m": 60.88206249351492, "step_dist_f": 199.7443059112235, "step_grade": -0.011497639392137547, "step_turn": 11.521369974412778, "coast_speed_mps": 7.082883776783675, "coast_speed_mph": 15.843959772690738}, "geometry": {"type": "Point", "coordinates": [-122.2822, 37.91915]}}, {"id": "297", "type": "Feature", "properties": {"name": "Arli-griz to Vollmer Peak", "step": 297, "lat": 37.91874, "lon": -122.28174, "elevation_m": 247.0, "time": null, "elevation_f": 810.36748, "step_elevation_m": -5.599999999999994, "step_elevation_f": -18.372704, "step_dist_m": 60.8822115745549, "step_dist_f": 199.7447950222627, "step_grade": -0.09198088990480197, "step_turn": 0.00015851168484459777, "coast_speed_mps": 11.347964170255258, "coast_speed_mph": 25.38467289337698}, "geometry": {"type": "Point", "coordinates": [-122.28174, 37.91874]}}, {"id": "298", "type": "Feature", "properties": {"name": "Arli-griz to Vollmer Peak", "step": 298, "lat": 37.9185, "lon": -122.2815, "elevation_m": 245.9, "time": null, "elevation_f": 806.758556, "step_elevation_m": -1.0999999999999943, "step_elevation_f": -3.608924000000002, "step_dist_m": 33.991236818239685, "step_dist_f": 111.51980940275348, "step_grade": -0.03236128199400307, "step_turn": 3.242298648276403, "coast_speed_mps": 10.673039391916292, "coast_speed_mph": 23.874909162303776}, "geometry": {"type": "Point", "coordinates": [-122.2815, 37.9185]}}, {"id": "299", "type": "Feature", "properties": {"name": "Arli-griz to Vollmer Peak", "step": 299, "lat": 37.91821, "lon": -122.2813, "elevation_m": 247.1, "time": null, "elevation_f": 810.695564, "step_elevation_m": 1.1999999999999886, "step_elevation_f": 3.9370079999999916, "step_dist_m": 36.710112756758264, "step_dist_f": 120.44000633688277, "step_grade": 0.03268854029273094, "step_turn": 9.720519119679636, "coast_speed_mps": 7.4086272765503045, "coast_speed_mph": 16.572627229219524}, "geometry": {"type": "Point", "coordinates": [-122.2813, 37.91821]}}, {"id": "300", "type": "Feature", "properties": {"name": "Arli-griz to Vollmer Peak", "step": 300, "lat": 37.91807, "lon": -122.28116, "elevation_m": 247.9, "time": null, "elevation_f": 813.320236, "step_elevation_m": 0.8000000000000114, "step_elevation_f": 2.6246720000000323, "step_dist_m": 19.828271116138712, "step_dist_f": 65.05338500867254, "step_grade": 0.040346432390107476, "step_turn": 9.720670212447885, "coast_speed_mps": 5.323978609877423, "coast_speed_mph": 11.90940097055614}, "geometry": {"type": "Point", "coordinates": [-122.28116, 37.91807]}}, {"id": "301", "type": "Feature", "properties": {"name": "Arli-griz to Vollmer Peak", "step": 301, "lat": 37.91788, "lon": -122.28095, "elevation_m": 247.9, "time": null, "elevation_f": 813.320236, "step_elevation_m": 0.0, "step_elevation_f": 0.0, "step_dist_m": 28.030301169112004, "step_dist_f": 91.96293328766943, "step_grade": 0.0, "step_turn": 2.816713638025476, "coast_speed_mps": 4.277675878738021, "coast_speed_mph": 9.568888418794776}, "geometry": {"type": "Point", "coordinates": [-122.28095, 37.91788]}}, {"id": "302", "type": "Feature", "properties": {"name": "Arli-griz to Vollmer Peak", "step": 302, "lat": 37.91778, "lon": -122.28083, "elevation_m": 248.6, "time": null, "elevation_f": 815.616824, "step_elevation_m": 0.6999999999999886, "step_elevation_f": 2.296587999999929, "step_dist_m": 15.311775007726192, "step_dist_f": 50.2354839163484, "step_grade": 0.04571645022518778, "step_turn": 2.344530546352189, "coast_speed_mps": 0.0, "coast_speed_mph": 0.0}, "geometry": {"type": "Point", "coordinates": [-122.28083, 37.91778]}}, {"id": "303", "type": "Feature", "properties": {"name": "Arli-griz to Vollmer Peak", "step": 303, "lat": 37.91769, "lon": -122.28076, "elevation_m": 250.4, "time": null, "elevation_f": 821.522336, "step_elevation_m": 1.8000000000000114, "step_elevation_f": 5.905512000000044, "step_dist_m": 11.741222107230222, "step_dist_f": 38.5210711382852, "step_grade": 0.15330601734308177, "step_turn": 11.898186989167016, "coast_speed_mps": 0.0, "coast_speed_mph": 0.0}, "geometry": {"type": "Point", "coordinates": [-122.28076, 37.91769]}}, {"id": "304", "type": "Feature", "properties": {"name": "Arli-griz to Vollmer Peak", "step": 304, "lat": 37.91739, "lon": -122.28038, "elevation_m": 259.0, "time": null, "elevation_f": 849.73756, "step_elevation_m": 8.599999999999994, "step_elevation_f": 28.215224000000035, "step_dist_m": 47.1587549156151, "step_dist_f": 154.72032947734664, "step_grade": 0.182362745059505, "step_turn": 13.446506326056578, "coast_speed_mps": 0.0, "coast_speed_mph": 0.0}, "geometry": {"type": "Point", "coordinates": [-122.28038, 37.91739]}}, {"id": "305", "type": "Feature", "properties": {"name": "Arli-griz to Vollmer Peak", "step": 305, "lat": 37.91721, "lon": -122.28012, "elevation_m": 259.5, "time": null, "elevation_f": 851.37798, "step_elevation_m": 0.5, "step_elevation_f": 1.6404199999999491, "step_dist_m": 30.344523104781086, "step_dist_f": 99.55552518308998, "step_grade": 0.01647743806266047, "step_turn": 3.7519634608405568, "coast_speed_mps": 0.0, "coast_speed_mph": 0.0}, "geometry": {"type": "Point", "coordinates": [-122.28012, 37.91721]}}, {"id": "306", "type": "Feature", "properties": {"name": "Arli-griz to Vollmer Peak", "step": 306, "lat": 37.91707, "lon": -122.28001, "elevation_m": 259.9, "time": null, "elevation_f": 852.6903159999999, "step_elevation_m": 0.39999999999997726, "step_elevation_f": 1.3123359999999593, "step_dist_m": 18.315326890091647, "step_dist_f": 60.08965707408828, "step_grade": 0.02183963204153195, "step_turn": 16.938362287745235, "coast_speed_mps": 0.0, "coast_speed_mph": 0.0}, "geometry": {"type": "Point", "coordinates": [-122.28001, 37.91707]}}, {"id": "307", "type": "Feature", "properties": {"name": "Arli-griz to Vollmer Peak", "step": 307, "lat": 37.91694, "lon": -122.27995, "elevation_m": 260.9, "time": null, "elevation_f": 855.971156, "step_elevation_m": 1.0, "step_elevation_f": 3.280840000000012, "step_dist_m": 15.383735683824908, "step_dist_f": 50.47157538092011, "step_grade": 0.06500371694837692, "step_turn": 11.785734408448434, "coast_speed_mps": 0.0, "coast_speed_mph": 0.0}, "geometry": {"type": "Point", "coordinates": [-122.27995, 37.91694]}}, {"id": "308", "type": "Feature", "properties": {"name": "Arli-griz to Vollmer Peak", "step": 308, "lat": 37.91685, "lon": -122.27984, "elevation_m": 261.2, "time": null, "elevation_f": 856.9554079999999, "step_elevation_m": 0.30000000000001137, "step_elevation_f": 0.9842519999999695, "step_dist_m": 13.901878820935558, "step_dist_f": 45.60984011087822, "step_grade": 0.021579816934400683, "step_turn": 23.949284777190826, "coast_speed_mps": 0.0, "coast_speed_mph": 0.0}, "geometry": {"type": "Point", "coordinates": [-122.27984, 37.91685]}}, {"id": "309", "type": "Feature", "properties": {"name": "Arli-griz to Vollmer Peak", "step": 309, "lat": 37.91678, "lon": -122.27964, "elevation_m": 260.6, "time": null, "elevation_f": 854.9869040000001, "step_elevation_m": -0.5999999999999659, "step_elevation_f": -1.9685039999998253, "step_dist_m": 19.19353484959611, "step_dist_f": 62.970916875948895, "step_grade": -0.031260526250201995, "step_turn": 22.119123515716865, "coast_speed_mps": 3.5441845703420443, "coast_speed_mph": 7.928115091137348}, "geometry": {"type": "Point", "coordinates": [-122.27964, 37.91678]}}, {"id": "310", "type": "Feature", "properties": {"name": "Arli-griz to Vollmer Peak", "step": 310, "lat": 37.91678, "lon": -122.27964, "elevation_m": 260.6, "time": null, "elevation_f": 854.9869040000001, "step_elevation_m": 0.0, "step_elevation_f": 0.0, "step_dist_m": 0.0, "step_dist_f": 0.0, "step_grade": null, "step_turn": null, "coast_speed_mps": 3.5441845703420443, "coast_speed_mph": 7.928115091137348}, "geometry": {"type": "Point", "coordinates": [-122.27964, 37.91678]}}, {"id": "311", "type": "Feature", "properties": {"name": "Arli-griz to Vollmer Peak", "step": 311, "lat": 37.91674, "lon": -122.27951, "elevation_m": 259.9, "time": null, "elevation_f": 852.6903159999999, "step_elevation_m": -0.7000000000000455, "step_elevation_f": -2.296588000000156, "step_dist_m": 12.240563875145448, "step_dist_f": 40.15933158413219, "step_grade": -0.05718690798398597, "step_turn": null, "coast_speed_mps": 4.413542093251022, "coast_speed_mph": 9.872812484902955}, "geometry": {"type": "Point", "coordinates": [-122.27951, 37.91674]}}, {"id": "312", "type": "Feature", "properties": {"name": "Arli-griz to Vollmer Peak", "step": 312, "lat": 37.91674, "lon": -122.27951, "elevation_m": 259.9, "time": null, "elevation_f": 852.6903159999999, "step_elevation_m": 0.0, "step_elevation_f": 0.0, "step_dist_m": 0.0, "step_dist_f": 0.0, "step_grade": null, "step_turn": null, "coast_speed_mps": 4.413542093251022, "coast_speed_mph": 9.872812484902955}, "geometry": {"type": "Point", "coordinates": [-122.27951, 37.91674]}}, {"id": "313", "type": "Feature", "properties": {"name": "Arli-griz to Vollmer Peak", "step": 313, "lat": 37.91642, "lon": -122.279297, "elevation_m": 257.0, "time": null, "elevation_f": 843.17588, "step_elevation_m": -2.8999999999999773, "step_elevation_f": -9.514435999999932, "step_dist_m": 40.18992100777008, "step_dist_f": 131.8567004391324, "step_grade": -0.07215739487119939, "step_turn": null, "coast_speed_mps": 9.563782524954355, "coast_speed_mph": 21.393572219386062}, "geometry": {"type": "Point", "coordinates": [-122.279297, 37.91642]}}, {"id": "314", "type": "Feature", "properties": {"name": "Arli-griz to Vollmer Peak", "step": 314, "lat": 37.9164, "lon": -122.27919, "elevation_m": 254.6, "time": null, "elevation_f": 835.301864, "step_elevation_m": -2.4000000000000057, "step_elevation_f": -7.874015999999983, "step_dist_m": 9.646173024278879, "step_dist_f": 31.647550304975116, "step_grade": -0.24880333308964495, "step_turn": 48.96600383675593, "coast_speed_mps": 10.18865574369089, "coast_speed_mph": 22.791373800310666}, "geometry": {"type": "Point", "coordinates": [-122.27919, 37.9164]}}, {"id": "315", "type": "Feature", "properties": {"name": "Arli-griz to Vollmer Peak", "step": 315, "lat": 37.9161, "lon": -122.27885, "elevation_m": 243.8, "time": null, "elevation_f": 799.868792, "step_elevation_m": -10.799999999999983, "step_elevation_f": -35.43307200000004, "step_dist_m": 44.747770292393824, "step_dist_f": 146.81027468609736, "step_grade": -0.2413528077361154, "step_turn": 34.87080779044311, "coast_speed_mps": 15.017839986697181, "coast_speed_mph": 33.59395129450869}, "geometry": {"type": "Point", "coordinates": [-122.27885, 37.9161]}}, {"id": "316", "type": "Feature", "properties": {"name": "Arli-griz to Vollmer Peak", "step": 316, "lat": 37.916, "lon": -122.27884, "elevation_m": 244.3, "time": null, "elevation_f": 801.509212, "step_elevation_m": 0.5, "step_elevation_f": 1.6404200000000628, "step_dist_m": 11.154041857444582, "step_dist_f": 36.59462668757848, "step_grade": 0.04482679968304792, "step_turn": 37.28913999743236, "coast_speed_mps": 15.519319168908467, "coast_speed_mph": 34.71572827690687}, "geometry": {"type": "Point", "coordinates": [-122.27884, 37.916]}}, {"id": "317", "type": "Feature", "properties": {"name": "Arli-griz to Vollmer Peak", "step": 317, "lat": 37.91593, "lon": -122.27882, "elevation_m": 244.4, "time": null, "elevation_f": 801.837296, "step_elevation_m": 0.09999999999999432, "step_elevation_f": 0.32808399999998983, "step_dist_m": 7.978926309221059, "step_dist_f": 26.177580592344817, "step_grade": 0.012533014609299831, "step_turn": 8.191609424741273, "coast_speed_mps": 14.688630340445272, "coast_speed_mph": 32.857530289113406}, "geometry": {"type": "Point", "coordinates": [-122.27882, 37.91593]}}, {"id": "318", "type": "Feature", "properties": {"name": "Arli-griz to Vollmer Peak", "step": 318, "lat": 37.91586, "lon": -122.27886, "elevation_m": 245.6, "time": null, "elevation_f": 805.774304, "step_elevation_m": 1.1999999999999886, "step_elevation_f": 3.9370079999999916, "step_dist_m": 8.538015078655823, "step_dist_f": 28.01186139065717, "step_grade": 0.1405478895205828, "step_turn": 36.96863764798621, "coast_speed_mps": 13.836037631960913, "coast_speed_mph": 30.950334717163784}, "geometry": {"type": "Point", "coordinates": [-122.27886, 37.91586]}}, {"id": "319", "type": "Feature", "properties": {"name": "Arli-griz to Vollmer Peak", "step": 319, "lat": 37.91578, "lon": -122.27886, "elevation_m": 245.8, "time": null, "elevation_f": 806.430472, "step_elevation_m": 0.20000000000001705, "step_elevation_f": 0.6561679999999797, "step_dist_m": 8.895594132079076, "step_dist_f": 29.185021052290313, "step_grade": 0.022483040146670127, "step_turn": 24.266235110944706, "coast_speed_mps": 12.803171755974283, "coast_speed_mph": 28.63987955434473}, "geometry": {"type": "Point", "coordinates": [-122.27886, 37.91578]}}, {"id": "320", "type": "Feature", "properties": {"name": "Arli-griz to Vollmer Peak", "step": 320, "lat": 37.91558, "lon": -122.27881, "elevation_m": 245.4, "time": null, "elevation_f": 805.118136, "step_elevation_m": -0.4000000000000057, "step_elevation_f": -1.3123359999999593, "step_dist_m": 22.667399011747374, "step_dist_f": 74.36810937370126, "step_grade": -0.017646488677095496, "step_turn": 11.157205852497555, "coast_speed_mps": 12.29496404150197, "coast_speed_mph": 27.503051273939594}, "geometry": {"type": "Point", "coordinates": [-122.27881, 37.91558]}}, {"id": "321", "type": "Feature", "properties": {"name": "Arli-griz to Vollmer Peak", "step": 321, "lat": 37.91549, "lon": -122.27876, "elevation_m": 244.5, "time": null, "elevation_f": 802.16538, "step_elevation_m": -0.9000000000000057, "step_elevation_f": -2.952756000000022, "step_dist_m": 10.926550699901357, "step_dist_f": 35.848264598264365, "step_grade": -0.0823681713212689, "step_turn": 12.510047867602793, "coast_speed_mps": 12.08338562153753, "coast_speed_mph": 27.02976382770561}, "geometry": {"type": "Point", "coordinates": [-122.27876, 37.91549]}}, {"id": "322", "type": "Feature", "properties": {"name": "Arli-griz to Vollmer Peak", "step": 322, "lat": 37.91534, "lon": -122.27859, "elevation_m": 239.3, "time": null, "elevation_f": 785.105012, "step_elevation_m": -5.199999999999989, "step_elevation_f": -17.06036800000004, "step_dist_m": 22.373997981259144, "step_dist_f": 73.40550753683425, "step_grade": -0.2324126427630681, "step_turn": 18.13295033188797, "coast_speed_mps": 14.800417093727116, "coast_speed_mph": 33.10759013450049}, "geometry": {"type": "Point", "coordinates": [-122.27859, 37.91534]}}, {"id": "323", "type": "Feature", "properties": {"name": "Arli-griz to Vollmer Peak", "step": 323, "lat": 37.91528, "lon": -122.27854, "elevation_m": 237.6, "time": null, "elevation_f": 779.5275839999999, "step_elevation_m": -1.700000000000017, "step_elevation_f": -5.5774280000000545, "step_dist_m": 7.984373813446932, "step_dist_f": 26.19545298210923, "step_grade": -0.21291588291331648, "step_turn": 8.47793872651954, "coast_speed_mps": 15.234684154063793, "coast_speed_mph": 34.07901788221138}, "geometry": {"type": "Point", "coordinates": [-122.27854, 37.91528]}}, {"id": "324", "type": "Feature", "properties": {"name": "Arli-griz to Vollmer Peak", "step": 324, "lat": 37.91518, "lon": -122.27852, "elevation_m": 237.4, "time": null, "elevation_f": 778.8714160000001, "step_elevation_m": -0.19999999999998863, "step_elevation_f": -0.656167999999866, "step_dist_m": 11.25705628923424, "step_dist_f": 36.93260055597126, "step_grade": -0.017766634088101696, "step_turn": 24.355814465440574, "coast_speed_mps": 15.282975497328595, "coast_speed_mph": 34.187042540552476}, "geometry": {"type": "Point", "coordinates": [-122.27852, 37.91518]}}, {"id": "325", "type": "Feature", "properties": {"name": "Arli-griz to Vollmer Peak", "step": 325, "lat": 37.91501, "lon": -122.27859, "elevation_m": 237.7, "time": null, "elevation_f": 779.8556679999999, "step_elevation_m": 0.29999999999998295, "step_elevation_f": 0.9842519999998558, "step_dist_m": 19.87552985007462, "step_dist_f": 65.20843335331882, "step_grade": 0.015093937231507648, "step_turn": 26.962877196480747, "coast_speed_mps": 15.063245908321681, "coast_speed_mph": 33.69552144846471}, "geometry": {"type": "Point", "coordinates": [-122.27859, 37.91501]}}, {"id": "326", "type": "Feature", "properties": {"name": "Arli-griz to Vollmer Peak", "step": 326, "lat": 37.9149, "lon": -122.2785, "elevation_m": 234.8, "time": null, "elevation_f": 770.341232, "step_elevation_m": -2.8999999999999773, "step_elevation_f": -9.514435999999932, "step_dist_m": 14.55823379362745, "step_dist_f": 47.76323575948468, "step_grade": -0.19919998820663185, "step_turn": 50.83801090176377, "coast_speed_mps": 14.923377534360078, "coast_speed_mph": 33.38264480663936}, "geometry": {"type": "Point", "coordinates": [-122.2785, 37.9149]}}, {"id": "327", "type": "Feature", "properties": {"name": "Arli-griz to Vollmer Peak", "step": 327, "lat": 37.91473, "lon": -122.27814, "elevation_m": 223.3, "time": null, "elevation_f": 732.611572, "step_elevation_m": -11.5, "step_elevation_f": -37.72965999999997, "step_dist_m": 36.80592882091029, "step_dist_f": 120.75436351279531, "step_grade": -0.312449661465046, "step_turn": 26.255306222299794, "coast_speed_mps": 19.18242164022081, "coast_speed_mph": 42.909855136499615}, "geometry": {"type": "Point", "coordinates": [-122.27814, 37.91473]}}, {"id": "328", "type": "Feature", "properties": {"name": "Arli-griz to Vollmer Peak", "step": 328, "lat": 37.91465, "lon": -122.27807, "elevation_m": 221.0, "time": null, "elevation_f": 725.06564, "step_elevation_m": -2.3000000000000114, "step_elevation_f": -7.545931999999993, "step_dist_m": 10.809259388417592, "step_dist_f": 35.463450571895976, "step_grade": -0.2127805354050919, "step_turn": 24.479133801810292, "coast_speed_mps": 19.986648756114256, "coast_speed_mph": 44.7088599590959}, "geometry": {"type": "Point", "coordinates": [-122.27807, 37.91465]}}, {"id": "329", "type": "Feature", "properties": {"name": "Arli-griz to Vollmer Peak", "step": 329, "lat": 37.91446, "lon": -122.27798, "elevation_m": 220.2, "time": null, "elevation_f": 722.440968, "step_elevation_m": -0.8000000000000114, "step_elevation_f": -2.6246720000000323, "step_dist_m": 22.554075689378905, "step_dist_f": 73.99631368474189, "step_grade": -0.03547030749642934, "step_turn": 14.126875646496728, "coast_speed_mps": 17.738444785262942, "coast_speed_mph": 39.67977090475779}, "geometry": {"type": "Point", "coordinates": [-122.27798, 37.91446]}}, {"id": "330", "type": "Feature", "properties": {"name": "Arli-griz to Vollmer Peak", "step": 330, "lat": 37.91438, "lon": -122.27791, "elevation_m": 222.3, "time": null, "elevation_f": 729.330732, "step_elevation_m": 2.1000000000000227, "step_elevation_f": 6.889764000000014, "step_dist_m": 10.809272193424396, "step_dist_f": 35.4634925830745, "step_grade": 0.19427765000473535, "step_turn": 14.126973961944032, "coast_speed_mps": 16.74873450032046, "coast_speed_mph": 37.46585204975045}, "geometry": {"type": "Point", "coordinates": [-122.27791, 37.91438]}}, {"id": "331", "type": "Feature", "properties": {"name": "Arli-griz to Vollmer Peak", "step": 331, "lat": 37.91438, "lon": -122.27791, "elevation_m": 222.3, "time": null, "elevation_f": 729.330732, "step_elevation_m": 0.0, "step_elevation_f": 0.0, "step_dist_m": 0.0, "step_dist_f": 0.0, "step_grade": null, "step_turn": null, "coast_speed_mps": 16.74873450032046, "coast_speed_mph": 37.46585204975045}, "geometry": {"type": "Point", "coordinates": [-122.27791, 37.91438]}}, {"id": "332", "type": "Feature", "properties": {"name": "Arli-griz to Vollmer Peak", "step": 332, "lat": 37.91426, "lon": -122.2778, "elevation_m": 226.3, "time": null, "elevation_f": 742.4540920000001, "step_elevation_m": 4.0, "step_elevation_f": 13.123360000000048, "step_dist_m": 16.4670555263703, "step_dist_f": 54.025774453136734, "step_grade": 0.2429092434645897, "step_turn": null, "coast_speed_mps": 12.908359875409234, "coast_speed_mph": 28.875178676201728}, "geometry": {"type": "Point", "coordinates": [-122.2778, 37.91426]}}, {"id": "333", "type": "Feature", "properties": {"name": "Arli-griz to Vollmer Peak", "step": 333, "lat": 37.91422, "lon": -122.27726, "elevation_m": 223.9, "time": null, "elevation_f": 734.580076, "step_elevation_m": -2.4000000000000057, "step_elevation_f": -7.874016000000097, "step_dist_m": 47.579938033538895, "step_dist_f": 156.10216389795573, "step_grade": -0.0504414276098522, "step_turn": 48.76232233973616, "coast_speed_mps": 12.243404299389232, "coast_speed_mph": 27.387715415598645}, "geometry": {"type": "Point", "coordinates": [-122.27726, 37.91422]}}, {"id": "334", "type": "Feature", "properties": {"name": "Arli-griz to Vollmer Peak", "step": 334, "lat": 37.91415, "lon": -122.2771, "elevation_m": 225.7, "time": null, "elevation_f": 740.485588, "step_elevation_m": 1.799999999999983, "step_elevation_f": 5.905512000000044, "step_dist_m": 16.049781067411487, "step_dist_f": 52.6567637172063, "step_grade": 0.1121510625247605, "step_turn": 23.64668191582956, "coast_speed_mps": 9.74511094218945, "coast_speed_mph": 21.79919233668003}, "geometry": {"type": "Point", "coordinates": [-122.2771, 37.91415]}}, {"id": "335", "type": "Feature", "properties": {"name": "Arli-griz to Vollmer Peak", "step": 335, "lat": 37.91392, "lon": -122.27668, "elevation_m": 233.6, "time": null, "elevation_f": 766.404224, "step_elevation_m": 7.900000000000006, "step_elevation_f": 25.918635999999992, "step_dist_m": 44.85088665602907, "step_dist_f": 147.14858297656642, "step_grade": 0.17613921572134741, "step_turn": 5.754991559683674, "coast_speed_mps": 0.0, "coast_speed_mph": 0.0}, "geometry": {"type": "Point", "coordinates": [-122.27668, 37.91392]}}, {"id": "336", "type": "Feature", "properties": {"name": "Arli-griz to Vollmer Peak", "step": 336, "lat": 37.91387, "lon": -122.27656, "elevation_m": 234.6, "time": null, "elevation_f": 769.685064, "step_elevation_m": 1.0, "step_elevation_f": 3.280840000000012, "step_dist_m": 11.905039774090872, "step_dist_f": 39.0585306924283, "step_grade": 0.08399803939977722, "step_turn": 6.925174471958883, "coast_speed_mps": 0.0, "coast_speed_mph": 0.0}, "geometry": {"type": "Point", "coordinates": [-122.27656, 37.91387]}}, {"id": "337", "type": "Feature", "properties": {"name": "Arli-griz to Vollmer Peak", "step": 337, "lat": 37.91372, "lon": -122.27618, "elevation_m": 235.0, "time": null, "elevation_f": 770.9974, "step_elevation_m": 0.4000000000000057, "step_elevation_f": 1.3123359999999593, "step_dist_m": 37.27559890274608, "step_dist_f": 122.29527590408546, "step_grade": 0.01073088056998429, "step_turn": 1.2596564340859686, "coast_speed_mps": 0.0, "coast_speed_mph": 0.0}, "geometry": {"type": "Point", "coordinates": [-122.27618, 37.91372]}}, {"id": "338", "type": "Feature", "properties": {"name": "Arli-griz to Vollmer Peak", "step": 338, "lat": 37.91365, "lon": -122.27596, "elevation_m": 234.3, "time": null, "elevation_f": 768.700812, "step_elevation_m": -0.6999999999999886, "step_elevation_f": -2.296587999999929, "step_dist_m": 20.810162759052215, "step_dist_f": 68.27481438640886, "step_grade": -0.03363741111037181, "step_turn": 4.616182679114331, "coast_speed_mps": 3.235372753383904, "coast_speed_mph": 7.237322730368424}, "geometry": {"type": "Point", "coordinates": [-122.27596, 37.91365]}}, {"id": "339", "type": "Feature", "properties": {"name": "Arli-griz to Vollmer Peak", "step": 339, "lat": 37.9136, "lon": -122.27574, "elevation_m": 230.9, "time": null, "elevation_f": 757.545956, "step_elevation_m": -3.4000000000000057, "step_elevation_f": -11.154855999999995, "step_dist_m": 20.084549625158278, "step_dist_f": 65.89419379220429, "step_grade": -0.16928435356803334, "step_turn": 5.894102613074892, "coast_speed_mps": 9.190779074671068, "coast_speed_mph": 20.55918726438587}, "geometry": {"type": "Point", "coordinates": [-122.27574, 37.9136]}}, {"id": "340", "type": "Feature", "properties": {"name": "Arli-griz to Vollmer Peak", "step": 340, "lat": 37.9136, "lon": -122.27574, "elevation_m": 230.9, "time": null, "elevation_f": 757.545956, "step_elevation_m": 0.0, "step_elevation_f": 0.0, "step_dist_m": 0.0, "step_dist_f": 0.0, "step_grade": null, "step_turn": null, "coast_speed_mps": 9.190779074671068, "coast_speed_mph": 20.55918726438587}, "geometry": {"type": "Point", "coordinates": [-122.27574, 37.9136]}}, {"id": "341", "type": "Feature", "properties": {"name": "Arli-griz to Vollmer Peak", "step": 341, "lat": 37.91359, "lon": -122.27565, "elevation_m": 228.7, "time": null, "elevation_f": 750.3281079999999, "step_elevation_m": -2.200000000000017, "step_elevation_f": -7.217848000000117, "step_dist_m": 7.973251252219517, "step_dist_f": 26.158961638331878, "step_grade": -0.27592257291372857, "step_turn": null, "coast_speed_mps": 10.471624811220089, "coast_speed_mph": 23.42435757699552}, "geometry": {"type": "Point", "coordinates": [-122.27565, 37.91359]}}, {"id": "342", "type": "Feature", "properties": {"name": "Arli-griz to Vollmer Peak", "step": 342, "lat": 37.91335, "lon": -122.27526, "elevation_m": 235.2, "time": null, "elevation_f": 771.653568, "step_elevation_m": 6.5, "step_elevation_f": 21.32546000000002, "step_dist_m": 43.39038606899922, "step_dist_f": 142.3569142306154, "step_grade": 0.14980276943523216, "step_turn": 29.93806913618829, "coast_speed_mps": 0.0, "coast_speed_mph": 0.0}, "geometry": {"type": "Point", "coordinates": [-122.27526, 37.91335]}}, {"id": "343", "type": "Feature", "properties": {"name": "Arli-griz to Vollmer Peak", "step": 343, "lat": 37.91308, "lon": -122.27513, "elevation_m": 245.0, "time": null, "elevation_f": 803.8058, "step_elevation_m": 9.800000000000011, "step_elevation_f": 32.152232000000026, "step_dist_m": 32.115718335926665, "step_dist_f": 105.36653334524163, "step_grade": 0.3051465297301824, "step_turn": 31.245482305560188, "coast_speed_mps": 0.0, "coast_speed_mph": 0.0}, "geometry": {"type": "Point", "coordinates": [-122.27513, 37.91308]}}, {"id": "344", "type": "Feature", "properties": {"name": "Arli-griz to Vollmer Peak", "step": 344, "lat": 37.91287, "lon": -122.27505, "elevation_m": 249.0, "time": null, "elevation_f": 816.92916, "step_elevation_m": 4.0, "step_elevation_f": 13.123360000000048, "step_dist_m": 24.38278804770202, "step_dist_f": 79.9960263384227, "step_grade": 0.1640501484971479, "step_turn": 4.071679491692521, "coast_speed_mps": 0.0, "coast_speed_mph": 0.0}, "geometry": {"type": "Point", "coordinates": [-122.27505, 37.91287]}}, {"id": "345", "type": "Feature", "properties": {"name": "Arli-griz to Vollmer Peak", "step": 345, "lat": 37.91284, "lon": -122.27501, "elevation_m": 249.3, "time": null, "elevation_f": 817.913412, "step_elevation_m": 0.30000000000001137, "step_elevation_f": 0.9842519999999695, "step_dist_m": 4.841639426888174, "step_dist_f": 15.884644297311798, "step_grade": 0.0619624828594119, "step_turn": 29.721492716701846, "coast_speed_mps": 0.0, "coast_speed_mph": 0.0}, "geometry": {"type": "Point", "coordinates": [-122.27501, 37.91284]}}, {"id": "346", "type": "Feature", "properties": {"name": "Arli-griz to Vollmer Peak", "step": 346, "lat": 37.91281, "lon": -122.27491, "elevation_m": 248.7, "time": null, "elevation_f": 815.9449079999999, "step_elevation_m": -0.6000000000000227, "step_elevation_f": -1.9685040000000527, "step_dist_m": 9.385515011489094, "step_dist_f": 30.79237307029388, "step_grade": -0.06392829794268556, "step_turn": 22.730837467419462, "coast_speed_mps": 0.0, "coast_speed_mph": 0.0}, "geometry": {"type": "Point", "coordinates": [-122.27491, 37.91281]}}, {"id": "347", "type": "Feature", "properties": {"name": "Arli-griz to Vollmer Peak", "step": 347, "lat": 37.91263, "lon": -122.27451, "elevation_m": 247.8, "time": null, "elevation_f": 812.992152, "step_elevation_m": -0.8999999999999773, "step_elevation_f": -2.9527559999999085, "step_dist_m": 40.39761624881272, "step_dist_f": 132.53811529375471, "step_grade": -0.02227854224013597, "step_turn": 8.879978203351925, "coast_speed_mps": 3.36410317225645, "coast_speed_mph": 7.525284476235787}, "geometry": {"type": "Point", "coordinates": [-122.27451, 37.91263]}}, {"id": "348", "type": "Feature", "properties": {"name": "Arli-griz to Vollmer Peak", "step": 348, "lat": 37.91223, "lon": -122.27364, "elevation_m": 245.9, "time": null, "elevation_f": 806.758556, "step_elevation_m": -1.9000000000000057, "step_elevation_f": -6.233596000000034, "step_dist_m": 88.33717053744856, "step_dist_f": 289.82012258608273, "step_grade": -0.021508499632038172, "step_turn": 0.5322676462218396, "coast_speed_mps": 5.255921411129676, "coast_speed_mph": 11.757161352741745}, "geometry": {"type": "Point", "coordinates": [-122.27364, 37.91223]}}, {"id": "349", "type": "Feature", "properties": {"name": "Arli-griz to Vollmer Peak", "step": 349, "lat": 37.9121, "lon": -122.27351, "elevation_m": 246.1, "time": null, "elevation_f": 807.414724, "step_elevation_m": 0.19999999999998863, "step_elevation_f": 0.6561679999999797, "step_dist_m": 18.41253977717369, "step_dist_f": 60.408597002542535, "step_grade": 0.010862162549021712, "step_turn": 21.496440817494147, "coast_speed_mps": 4.146777293977701, "coast_speed_mph": 9.276076623965857}, "geometry": {"type": "Point", "coordinates": [-122.27351, 37.9121]}}, {"id": "350", "type": "Feature", "properties": {"name": "Arli-griz to Vollmer Peak", "step": 350, "lat": 37.91193, "lon": -122.27341, "elevation_m": 246.8, "time": null, "elevation_f": 809.711312, "step_elevation_m": 0.700000000000017, "step_elevation_f": 2.2965880000000425, "step_dist_m": 20.83963326805845, "step_dist_f": 68.37150241117688, "step_grade": 0.03358984253686118, "step_turn": 13.376206579329391, "coast_speed_mps": 0.0, "coast_speed_mph": 0.0}, "geometry": {"type": "Point", "coordinates": [-122.27341, 37.91193]}}, {"id": "351", "type": "Feature", "properties": {"name": "Arli-griz to Vollmer Peak", "step": 351, "lat": 37.91167, "lon": -122.27327, "elevation_m": 247.6, "time": null, "elevation_f": 812.3359839999999, "step_elevation_m": 0.799999999999983, "step_elevation_f": 2.6246719999999186, "step_dist_m": 31.411356188311228, "step_dist_f": 103.055633836859, "step_grade": 0.02546849601793629, "step_turn": 1.8786770204219465, "coast_speed_mps": 0.0, "coast_speed_mph": 0.0}, "geometry": {"type": "Point", "coordinates": [-122.27327, 37.91167]}}, {"id": "352", "type": "Feature", "properties": {"name": "Arli-griz to Vollmer Peak", "step": 352, "lat": 37.91159, "lon": -122.27299, "elevation_m": 242.5, "time": null, "elevation_f": 795.6037, "step_elevation_m": -5.099999999999994, "step_elevation_f": -16.732283999999936, "step_dist_m": 26.12503946926361, "step_dist_f": 85.71207449233881, "step_grade": -0.19521501607682543, "step_turn": 47.07574469011428, "coast_speed_mps": 9.795989679705889, "coast_speed_mph": 21.913004831124457}, "geometry": {"type": "Point", "coordinates": [-122.27299, 37.91159]}}, {"id": "353", "type": "Feature", "properties": {"name": "Arli-griz to Vollmer Peak", "step": 353, "lat": 37.91147, "lon": -122.27275, "elevation_m": 240.5, "time": null, "elevation_f": 789.04202, "step_elevation_m": -2.0, "step_elevation_f": -6.561680000000024, "step_dist_m": 24.926920417255758, "step_dist_f": 81.78123758174938, "step_grade": -0.08023454026898133, "step_turn": 12.456918233272347, "coast_speed_mps": 10.571626115729181, "coast_speed_mph": 23.648054124304693}, "geometry": {"type": "Point", "coordinates": [-122.27275, 37.91147]}}, {"id": "354", "type": "Feature", "properties": {"name": "Arli-griz to Vollmer Peak", "step": 354, "lat": 37.91147, "lon": -122.27275, "elevation_m": 240.5, "time": null, "elevation_f": 789.04202, "step_elevation_m": 0.0, "step_elevation_f": 0.0, "step_dist_m": 0.0, "step_dist_f": 0.0, "step_grade": null, "step_turn": null, "coast_speed_mps": 10.571626115729181, "coast_speed_mph": 23.648054124304693}, "geometry": {"type": "Point", "coordinates": [-122.27275, 37.91147]}}, {"id": "355", "type": "Feature", "properties": {"name": "Arli-griz to Vollmer Peak", "step": 355, "lat": 37.91145, "lon": -122.27269, "elevation_m": 240.2, "time": null, "elevation_f": 788.057768, "step_elevation_m": -0.30000000000001137, "step_elevation_f": -0.9842519999999695, "step_dist_m": 5.714224091912377, "step_dist_f": 18.747454969709803, "step_grade": -0.05250056616166247, "step_turn": null, "coast_speed_mps": 10.711638484824688, "coast_speed_mph": 23.961252874070947}, "geometry": {"type": "Point", "coordinates": [-122.27269, 37.91145]}}, {"id": "356", "type": "Feature", "properties": {"name": "Arli-griz to Vollmer Peak", "step": 356, "lat": 37.9112, "lon": -122.27245, "elevation_m": 241.4, "time": null, "elevation_f": 791.994776, "step_elevation_m": 1.200000000000017, "step_elevation_f": 3.9370079999999916, "step_dist_m": 34.87229882537684, "step_dist_f": 114.41043287824934, "step_grade": 0.03441126740766422, "step_turn": 29.955618985762158, "coast_speed_mps": 7.568681952793386, "coast_speed_mph": 16.93065934322069}, "geometry": {"type": "Point", "coordinates": [-122.27245, 37.9112]}}, {"id": "357", "type": "Feature", "properties": {"name": "Arli-griz to Vollmer Peak", "step": 357, "lat": 37.91069, "lon": -122.27224, "elevation_m": 241.3, "time": null, "elevation_f": 791.666692, "step_elevation_m": -0.09999999999999432, "step_elevation_f": -0.32808399999998983, "step_dist_m": 59.626910648423326, "step_dist_f": 195.6263535317732, "step_grade": -0.0016770951054234863, "step_turn": 19.143093527127803, "coast_speed_mps": 5.060862477501138, "coast_speed_mph": 11.32082694501864}, "geometry": {"type": "Point", "coordinates": [-122.27224, 37.91069]}}, {"id": "358", "type": "Feature", "properties": {"name": "Arli-griz to Vollmer Peak", "step": 358, "lat": 37.91026, "lon": -122.27219, "elevation_m": 244.3, "time": null, "elevation_f": 801.509212, "step_elevation_m": 3.0, "step_elevation_f": 9.842520000000036, "step_dist_m": 48.014606814660254, "step_dist_f": 157.52824262180994, "step_grade": 0.0624809864960513, "step_turn": 12.75570973611002, "coast_speed_mps": 0.0, "coast_speed_mph": 0.0}, "geometry": {"type": "Point", "coordinates": [-122.27219, 37.91026]}}, {"id": "359", "type": "Feature", "properties": {"name": "Arli-griz to Vollmer Peak", "step": 359, "lat": 37.91009, "lon": -122.27204, "elevation_m": 243.6, "time": null, "elevation_f": 799.212624, "step_elevation_m": -0.700000000000017, "step_elevation_f": -2.2965880000000425, "step_dist_m": 23.032609695819247, "step_dist_f": 75.56630719443162, "step_grade": -0.03039169287564827, "step_turn": 29.602212506605724, "coast_speed_mps": 3.181006378828019, "coast_speed_mph": 7.115708614056943}, "geometry": {"type": "Point", "coordinates": [-122.27204, 37.91009]}}, {"id": "360", "type": "Feature", "properties": {"name": "Arli-griz to Vollmer Peak", "step": 360, "lat": 37.9099, "lon": -122.27181, "elevation_m": 243.6, "time": null, "elevation_f": 799.212624, "step_elevation_m": 0.0, "step_elevation_f": 0.0, "step_dist_m": 29.214746894374954, "step_dist_f": 95.84891020094112, "step_grade": 0.0, "step_turn": 8.83986969254488, "coast_speed_mps": 0.0, "coast_speed_mph": 0.0}, "geometry": {"type": "Point", "coordinates": [-122.27181, 37.9099]}}, {"id": "361", "type": "Feature", "properties": {"name": "Arli-griz to Vollmer Peak", "step": 361, "lat": 37.90986, "lon": -122.27178, "elevation_m": 244.0, "time": null, "elevation_f": 800.52496, "step_elevation_m": 0.4000000000000057, "step_elevation_f": 1.3123359999999593, "step_dist_m": 5.168157729854152, "step_dist_f": 16.955898606414696, "step_grade": 0.07739701861059374, "step_turn": 13.069553037511014, "coast_speed_mps": 0.0, "coast_speed_mph": 0.0}, "geometry": {"type": "Point", "coordinates": [-122.27178, 37.90986]}}, {"id": "362", "type": "Feature", "properties": {"name": "Arli-griz to Vollmer Peak", "step": 362, "lat": 37.90968, "lon": -122.2717, "elevation_m": 247.1, "time": null, "elevation_f": 810.695564, "step_elevation_m": 3.0999999999999943, "step_elevation_f": 10.170604000000026, "step_dist_m": 21.209955153103124, "step_dist_f": 69.58646926450685, "step_grade": 0.14615778192941858, "step_turn": 11.290614960139578, "coast_speed_mps": 0.0, "coast_speed_mph": 0.0}, "geometry": {"type": "Point", "coordinates": [-122.2717, 37.90968]}}, {"id": "363", "type": "Feature", "properties": {"name": "Arli-griz to Vollmer Peak", "step": 363, "lat": 37.90918, "lon": -122.27125, "elevation_m": 252.7, "time": null, "elevation_f": 829.068268, "step_elevation_m": 5.599999999999994, "step_elevation_f": 18.372704, "step_dist_m": 68.18843010626586, "step_dist_f": 223.71532902984126, "step_grade": 0.08212536923452955, "step_turn": 16.054491901055485, "coast_speed_mps": 0.0, "coast_speed_mph": 0.0}, "geometry": {"type": "Point", "coordinates": [-122.27125, 37.90918]}}, {"id": "364", "type": "Feature", "properties": {"name": "Arli-griz to Vollmer Peak", "step": 364, "lat": 37.90905, "lon": -122.27114, "elevation_m": 255.4, "time": null, "elevation_f": 837.926536, "step_elevation_m": 2.700000000000017, "step_elevation_f": 8.858268000000066, "step_dist_m": 17.380675307540496, "step_dist_f": 57.023214775991164, "step_grade": 0.15534494213977054, "step_turn": 1.6508562488107827, "coast_speed_mps": 0.0, "coast_speed_mph": 0.0}, "geometry": {"type": "Point", "coordinates": [-122.27114, 37.90905]}}, {"id": "365", "type": "Feature", "properties": {"name": "Arli-griz to Vollmer Peak", "step": 365, "lat": 37.90897, "lon": -122.27103, "elevation_m": 257.6, "time": null, "elevation_f": 845.1443840000001, "step_elevation_m": 2.200000000000017, "step_elevation_f": 7.217848000000004, "step_dist_m": 13.124894933066626, "step_dist_f": 43.060680292202306, "step_grade": 0.16762038943697571, "step_turn": 13.603538056011757, "coast_speed_mps": 0.0, "coast_speed_mph": 0.0}, "geometry": {"type": "Point", "coordinates": [-122.27103, 37.90897]}}, {"id": "366", "type": "Feature", "properties": {"name": "Arli-griz to Vollmer Peak", "step": 366, "lat": 37.90889, "lon": -122.27097, "elevation_m": 258.4, "time": null, "elevation_f": 847.7690559999999, "step_elevation_m": 0.7999999999999545, "step_elevation_f": 2.624671999999805, "step_dist_m": 10.336350073003384, "step_dist_f": 33.911910773512425, "step_grade": 0.0773967594314946, "step_turn": 16.716225280005347, "coast_speed_mps": 0.0, "coast_speed_mph": 0.0}, "geometry": {"type": "Point", "coordinates": [-122.27097, 37.90889]}}, {"id": "367", "type": "Feature", "properties": {"name": "Arli-griz to Vollmer Peak", "step": 367, "lat": 37.90871, "lon": -122.27088, "elevation_m": 260.4, "time": null, "elevation_f": 854.3307359999999, "step_elevation_m": 2.0, "step_elevation_f": 6.561680000000024, "step_dist_m": 21.516229455983456, "step_dist_f": 70.59130624836877, "step_grade": 0.09295308939196217, "step_turn": 9.085564697661994, "coast_speed_mps": 0.0, "coast_speed_mph": 0.0}, "geometry": {"type": "Point", "coordinates": [-122.27088, 37.90871]}}, {"id": "368", "type": "Feature", "properties": {"name": "Arli-griz to Vollmer Peak", "step": 368, "lat": 37.90871, "lon": -122.27088, "elevation_m": 260.4, "time": null, "elevation_f": 854.3307359999999, "step_elevation_m": 0.0, "step_elevation_f": 0.0, "step_dist_m": 0.0, "step_dist_f": 0.0, "step_grade": null, "step_turn": null, "coast_speed_mps": 0.0, "coast_speed_mph": 0.0}, "geometry": {"type": "Point", "coordinates": [-122.27088, 37.90871]}}, {"id": "369", "type": "Feature", "properties": {"name": "Arli-griz to Vollmer Peak", "step": 369, "lat": 37.90793, "lon": -122.27045, "elevation_m": 264.2, "time": null, "elevation_f": 866.797928, "step_elevation_m": 3.8000000000000114, "step_elevation_f": 12.467192000000068, "step_dist_m": 94.58124621729408, "step_dist_f": 310.3059358395471, "step_grade": 0.04017709801866816, "step_turn": null, "coast_speed_mps": 0.0, "coast_speed_mph": 0.0}, "geometry": {"type": "Point", "coordinates": [-122.27045, 37.90793]}}, {"id": "370", "type": "Feature", "properties": {"name": "Arli-griz to Vollmer Peak", "step": 370, "lat": 37.90715, "lon": -122.27001, "elevation_m": 265.4, "time": null, "elevation_f": 870.734936, "step_elevation_m": 1.1999999999999886, "step_elevation_f": 3.9370079999999916, "step_dist_m": 94.93475201457933, "step_dist_f": 311.46573179951247, "step_grade": 0.012640260542479766, "step_turn": 0.4857821854965323, "coast_speed_mps": 0.0, "coast_speed_mph": 0.0}, "geometry": {"type": "Point", "coordinates": [-122.27001, 37.90715]}}, {"id": "371", "type": "Feature", "properties": {"name": "Arli-griz to Vollmer Peak", "step": 371, "lat": 37.90705, "lon": -122.26999, "elevation_m": 265.3, "time": null, "elevation_f": 870.4068520000001, "step_elevation_m": -0.0999999999999659, "step_elevation_f": -0.32808399999987614, "step_dist_m": 11.257086510565962, "step_dist_f": 36.932699707325234, "step_grade": -0.008883293195455623, "step_turn": 15.025539666658005, "coast_speed_mps": 0.0, "coast_speed_mph": 0.0}, "geometry": {"type": "Point", "coordinates": [-122.26999, 37.90705]}}, {"id": "372", "type": "Feature", "properties": {"name": "Arli-griz to Vollmer Peak", "step": 372, "lat": 37.90703, "lon": -122.26996, "elevation_m": 265.3, "time": null, "elevation_f": 870.4068520000001, "step_elevation_m": 0.0, "step_elevation_f": 0.0, "step_dist_m": 3.445753189631836, "step_dist_f": 11.304964894671713, "step_grade": 0.0, "step_turn": 40.83670569728059, "coast_speed_mps": 0.0, "coast_speed_mph": 0.0}, "geometry": {"type": "Point", "coordinates": [-122.26996, 37.90703]}}, {"id": "373", "type": "Feature", "properties": {"name": "Arli-griz to Vollmer Peak", "step": 373, "lat": 37.907, "lon": -122.26993, "elevation_m": 265.1, "time": null, "elevation_f": 869.7506840000001, "step_elevation_m": -0.19999999999998863, "step_elevation_f": -0.6561679999999797, "step_dist_m": 4.2491617526383205, "step_dist_f": 13.940819844525908, "step_grade": -0.04706810699211624, "step_turn": 11.530369038884658, "coast_speed_mps": 0.8079176816193258, "coast_speed_mph": 1.8072603830067218}, "geometry": {"type": "Point", "coordinates": [-122.26993, 37.907]}}, {"id": "374", "type": "Feature", "properties": {"name": "Arli-griz to Vollmer Peak", "step": 374, "lat": 37.90663, "lon": -122.26973, "elevation_m": 257.2, "time": null, "elevation_f": 843.832048, "step_elevation_m": -7.900000000000034, "step_elevation_f": -25.918636000000106, "step_dist_m": 44.727671707193416, "step_dist_f": 146.74433444382845, "step_grade": -0.17662444072020636, "step_turn": 15.175819630692217, "coast_speed_mps": 12.373922449960636, "coast_speed_mph": 27.67967620338364}, "geometry": {"type": "Point", "coordinates": [-122.26973, 37.90663]}}, {"id": "375", "type": "Feature", "properties": {"name": "Arli-griz to Vollmer Peak", "step": 375, "lat": 37.90663, "lon": -122.26973, "elevation_m": 257.2, "time": null, "elevation_f": 843.832048, "step_elevation_m": 0.0, "step_elevation_f": 0.0, "step_dist_m": 0.0, "step_dist_f": 0.0, "step_grade": null, "step_turn": null, "coast_speed_mps": 12.373922449960636, "coast_speed_mph": 27.67967620338364}, "geometry": {"type": "Point", "coordinates": [-122.26973, 37.90663]}}, {"id": "376", "type": "Feature", "properties": {"name": "Arli-griz to Vollmer Peak", "step": 376, "lat": 37.90658, "lon": -122.26971, "elevation_m": 255.9, "time": null, "elevation_f": 839.566956, "step_elevation_m": -1.299999999999983, "step_elevation_f": -4.2650919999999815, "step_dist_m": 5.830068635381209, "step_dist_f": 19.127522381704086, "step_grade": -0.2229819374870842, "step_turn": null, "coast_speed_mps": 12.910055087289216, "coast_speed_mph": 28.878970757178777}, "geometry": {"type": "Point", "coordinates": [-122.26971, 37.90658]}}, {"id": "377", "type": "Feature", "properties": {"name": "Arli-griz to Vollmer Peak", "step": 377, "lat": 37.90644, "lon": -122.26966, "elevation_m": 252.1, "time": null, "elevation_f": 827.0997639999999, "step_elevation_m": -3.8000000000000114, "step_elevation_f": -12.467192000000068, "step_dist_m": 16.17355296434623, "step_dist_f": 53.06283950754568, "step_grade": -0.23495146727357416, "step_turn": 1.778614653912996, "coast_speed_mps": 14.684528051263662, "coast_speed_mph": 32.84835372956256}, "geometry": {"type": "Point", "coordinates": [-122.26966, 37.90644]}}, {"id": "378", "type": "Feature", "properties": {"name": "Arli-griz to Vollmer Peak", "step": 378, "lat": 37.90638, "lon": -122.26965, "elevation_m": 250.8, "time": null, "elevation_f": 822.8346720000001, "step_elevation_m": -1.299999999999983, "step_elevation_f": -4.265091999999868, "step_dist_m": 6.729134899623852, "step_dist_f": 22.07721494408192, "step_grade": -0.19318976649920497, "step_turn": 8.245805736987904, "coast_speed_mps": 15.286145614350096, "coast_speed_mph": 34.19413389036793}, "geometry": {"type": "Point", "coordinates": [-122.26965, 37.90638]}}, {"id": "379", "type": "Feature", "properties": {"name": "Arli-griz to Vollmer Peak", "step": 379, "lat": 37.90563, "lon": -122.26959, "elevation_m": 245.7, "time": null, "elevation_f": 806.1023879999999, "step_elevation_m": -5.100000000000023, "step_elevation_f": -16.732284000000163, "step_dist_m": 83.5621689444149, "step_dist_f": 274.1541063595942, "step_grade": -0.06103240335219775, "step_turn": 3.87973192292543, "coast_speed_mps": 13.484929944800497, "coast_speed_mph": 30.164929189335364}, "geometry": {"type": "Point", "coordinates": [-122.26959, 37.90563]}}, {"id": "380", "type": "Feature", "properties": {"name": "Arli-griz to Vollmer Peak", "step": 380, "lat": 37.90488, "lon": -122.26953, "elevation_m": 245.5, "time": null, "elevation_f": 805.44622, "step_elevation_m": -0.19999999999998863, "step_elevation_f": -0.656167999999866, "step_dist_m": 83.56217232427106, "step_dist_f": 274.1541174483615, "step_grade": -0.002393427485631529, "step_turn": 3.671363879220735e-05, "coast_speed_mps": 8.04107272697435, "coast_speed_mph": 17.987367410017765}, "geometry": {"type": "Point", "coordinates": [-122.26953, 37.90488]}}, {"id": "381", "type": "Feature", "properties": {"name": "Arli-griz to Vollmer Peak", "step": 381, "lat": 37.90464, "lon": -122.26955, "elevation_m": 248.0, "time": null, "elevation_f": 813.64832, "step_elevation_m": 2.5, "step_elevation_f": 8.202099999999973, "step_dist_m": 26.74440932152783, "step_dist_f": 87.74412787844136, "step_grade": 0.09347748046869866, "step_turn": 7.373809437050539, "coast_speed_mps": 0.0, "coast_speed_mph": 0.0}, "geometry": {"type": "Point", "coordinates": [-122.26955, 37.90464]}}, {"id": "382", "type": "Feature", "properties": {"name": "Arli-griz to Vollmer Peak", "step": 382, "lat": 37.90444, "lon": -122.26959, "elevation_m": 252.1, "time": null, "elevation_f": 827.0997639999999, "step_elevation_m": 4.099999999999994, "step_elevation_f": 13.451443999999924, "step_dist_m": 22.514192051306324, "step_dist_f": 73.86546184960784, "step_grade": 0.18210735658009558, "step_turn": 5.205792523825693, "coast_speed_mps": 0.0, "coast_speed_mph": 0.0}, "geometry": {"type": "Point", "coordinates": [-122.26959, 37.90444]}}, {"id": "383", "type": "Feature", "properties": {"name": "Arli-griz to Vollmer Peak", "step": 383, "lat": 37.90433, "lon": -122.26952, "elevation_m": 252.9, "time": null, "elevation_f": 829.724436, "step_elevation_m": 0.8000000000000114, "step_elevation_f": 2.6246720000000323, "step_dist_m": 13.686753809189355, "step_dist_f": 44.904049367340804, "step_grade": 0.05845067509454925, "step_turn": 35.62965087349147, "coast_speed_mps": 0.0, "coast_speed_mph": 0.0}, "geometry": {"type": "Point", "coordinates": [-122.26952, 37.90433]}}, {"id": "384", "type": "Feature", "properties": {"name": "Arli-griz to Vollmer Peak", "step": 384, "lat": 37.90415, "lon": -122.26953, "elevation_m": 253.9, "time": null, "elevation_f": 833.005276, "step_elevation_m": 1.0, "step_elevation_f": 3.280840000000012, "step_dist_m": 20.034307554236975, "step_dist_f": 65.72935759624283, "step_grade": 0.04991437798849774, "step_turn": 29.171896313166997, "coast_speed_mps": 0.0, "coast_speed_mph": 0.0}, "geometry": {"type": "Point", "coordinates": [-122.26953, 37.90415]}}, {"id": "385", "type": "Feature", "properties": {"name": "Arli-griz to Vollmer Peak", "step": 385, "lat": 37.90365, "lon": -122.26958, "elevation_m": 258.1, "time": null, "elevation_f": 846.7848040000001, "step_elevation_m": 4.200000000000017, "step_elevation_f": 13.779528000000141, "step_dist_m": 55.7702662620821, "step_dist_f": 182.97332036328945, "step_grade": 0.07530894653188296, "step_turn": 2.00156314171943, "coast_speed_mps": 0.0, "coast_speed_mph": 0.0}, "geometry": {"type": "Point", "coordinates": [-122.26958, 37.90365]}}, {"id": "386", "type": "Feature", "properties": {"name": "Arli-griz to Vollmer Peak", "step": 386, "lat": 37.90358, "lon": -122.26958, "elevation_m": 258.5, "time": null, "elevation_f": 848.09714, "step_elevation_m": 0.39999999999997726, "step_elevation_f": 1.3123359999998456, "step_dist_m": 7.783644865480777, "step_dist_f": 25.53689342046395, "step_grade": 0.05138980605010815, "step_turn": 4.511547296657511, "coast_speed_mps": 0.0, "coast_speed_mph": 0.0}, "geometry": {"type": "Point", "coordinates": [-122.26958, 37.90358]}}, {"id": "387", "type": "Feature", "properties": {"name": "Arli-griz to Vollmer Peak", "step": 387, "lat": 37.90352, "lon": -122.26956, "elevation_m": 259.0, "time": null, "elevation_f": 849.73756, "step_elevation_m": 0.5, "step_elevation_f": 1.6404200000000628, "step_dist_m": 6.898601221979059, "step_dist_f": 22.633206833117775, "step_grade": 0.07247846105482827, "step_turn": 14.735929980029027, "coast_speed_mps": 0.0, "coast_speed_mph": 0.0}, "geometry": {"type": "Point", "coordinates": [-122.26956, 37.90352]}}, {"id": "388", "type": "Feature", "properties": {"name": "Arli-griz to Vollmer Peak", "step": 388, "lat": 37.90347, "lon": -122.2695, "elevation_m": 259.2, "time": null, "elevation_f": 850.393728, "step_elevation_m": 0.19999999999998863, "step_elevation_f": 0.6561679999999797, "step_dist_m": 7.656592629213293, "step_dist_f": 25.12005536162814, "step_grade": 0.02612128001128074, "step_turn": 28.700452126591927, "coast_speed_mps": 0.0, "coast_speed_mph": 0.0}, "geometry": {"type": "Point", "coordinates": [-122.2695, 37.90347]}}, {"id": "389", "type": "Feature", "properties": {"name": "Arli-griz to Vollmer Peak", "step": 389, "lat": 37.90304, "lon": -122.26871, "elevation_m": 264.7, "time": null, "elevation_f": 868.4383479999999, "step_elevation_m": 5.5, "step_elevation_f": 18.044619999999895, "step_dist_m": 84.20501851729833, "step_dist_f": 276.263192952293, "step_grade": 0.06531677205047023, "step_turn": 11.965079507155565, "coast_speed_mps": 0.0, "coast_speed_mph": 0.0}, "geometry": {"type": "Point", "coordinates": [-122.26871, 37.90304]}}, {"id": "390", "type": "Feature", "properties": {"name": "Arli-griz to Vollmer Peak", "step": 390, "lat": 37.90267, "lon": -122.26806, "elevation_m": 265.7, "time": null, "elevation_f": 871.7191879999999, "step_elevation_m": 1.0, "step_elevation_f": 3.280840000000012, "step_dist_m": 70.32151915793696, "step_dist_f": 230.7136529141259, "step_grade": 0.01422039813665108, "step_turn": 1.2083048048062324, "coast_speed_mps": 0.0, "coast_speed_mph": 0.0}, "geometry": {"type": "Point", "coordinates": [-122.26806, 37.90267]}}, {"id": "391", "type": "Feature", "properties": {"name": "Arli-griz to Vollmer Peak", "step": 391, "lat": 37.9023, "lon": -122.26741, "elevation_m": 267.3, "time": null, "elevation_f": 876.968532, "step_elevation_m": 1.6000000000000227, "step_elevation_f": 5.249344000000065, "step_dist_m": 70.32175169764722, "step_dist_f": 230.7144158397089, "step_grade": 0.02275256178030552, "step_turn": 0.00013668040350012234, "coast_speed_mps": 0.0, "coast_speed_mph": 0.0}, "geometry": {"type": "Point", "coordinates": [-122.26741, 37.9023]}}, {"id": "392", "type": "Feature", "properties": {"name": "Arli-griz to Vollmer Peak", "step": 392, "lat": 37.9022, "lon": -122.26728, "elevation_m": 268.0, "time": null, "elevation_f": 879.26512, "step_elevation_m": 0.6999999999999886, "step_elevation_f": 2.2965880000000425, "step_dist_m": 15.929310326608817, "step_dist_f": 52.26151849195127, "step_grade": 0.043944149850021236, "step_turn": 8.464206231761523, "coast_speed_mps": 0.0, "coast_speed_mph": 0.0}, "geometry": {"type": "Point", "coordinates": [-122.26728, 37.9022]}}, {"id": "393", "type": "Feature", "properties": {"name": "Arli-griz to Vollmer Peak", "step": 393, "lat": 37.90213, "lon": -122.26724, "elevation_m": 268.0, "time": null, "elevation_f": 879.26512, "step_elevation_m": 0.0, "step_elevation_f": 0.0, "step_dist_m": 8.538284233387047, "step_dist_f": 28.01274444426556, "step_grade": 0.0, "step_turn": 21.458845985101448, "coast_speed_mps": 0.0, "coast_speed_mph": 0.0}, "geometry": {"type": "Point", "coordinates": [-122.26724, 37.90213]}}, {"id": "394", "type": "Feature", "properties": {"name": "Arli-griz to Vollmer Peak", "step": 394, "lat": 37.90205, "lon": -122.26721, "elevation_m": 268.0, "time": null, "elevation_f": 879.26512, "step_elevation_m": 0.0, "step_elevation_f": 0.0, "step_dist_m": 9.276853849349772, "step_dist_f": 30.435873183100707, "step_grade": 0.0, "step_turn": 7.786845095537387, "coast_speed_mps": 0.0, "coast_speed_mph": 0.0}, "geometry": {"type": "Point", "coordinates": [-122.26721, 37.90205]}}, {"id": "395", "type": "Feature", "properties": {"name": "Arli-griz to Vollmer Peak", "step": 395, "lat": 37.9019, "lon": -122.26712, "elevation_m": 268.5, "time": null, "elevation_f": 880.90554, "step_elevation_m": 0.5, "step_elevation_f": 1.6404199999999491, "step_dist_m": 18.454078410452386, "step_dist_f": 60.54487861214861, "step_grade": 0.027094281755993845, "step_turn": 8.851272779068722, "coast_speed_mps": 0.0, "coast_speed_mph": 0.0}, "geometry": {"type": "Point", "coordinates": [-122.26712, 37.9019]}}, {"id": "396", "type": "Feature", "properties": {"name": "Arli-griz to Vollmer Peak", "step": 396, "lat": 37.90183, "lon": -122.26704, "elevation_m": 269.3, "time": null, "elevation_f": 883.530212, "step_elevation_m": 0.8000000000000114, "step_elevation_f": 2.6246720000000323, "step_dist_m": 10.481135918263718, "step_dist_f": 34.38692996607634, "step_grade": 0.076327604778599, "step_turn": 16.709102354862864, "coast_speed_mps": 0.0, "coast_speed_mph": 0.0}, "geometry": {"type": "Point", "coordinates": [-122.26704, 37.90183]}}, {"id": "397", "type": "Feature", "properties": {"name": "Arli-griz to Vollmer Peak", "step": 397, "lat": 37.90175, "lon": -122.26689, "elevation_m": 271.3, "time": null, "elevation_f": 890.091892, "step_elevation_m": 2.0, "step_elevation_f": 6.561680000000024, "step_dist_m": 15.885325524629078, "step_dist_f": 52.117211394224064, "step_grade": 0.12590236170477848, "step_turn": 13.901296178000223, "coast_speed_mps": 0.0, "coast_speed_mph": 0.0}, "geometry": {"type": "Point", "coordinates": [-122.26689, 37.90175]}}, {"id": "398", "type": "Feature", "properties": {"name": "Arli-griz to Vollmer Peak", "step": 398, "lat": 37.90165, "lon": -122.26677, "elevation_m": 272.9, "time": null, "elevation_f": 895.3412359999999, "step_elevation_m": 1.599999999999966, "step_elevation_f": 5.249343999999837, "step_dist_m": 15.313361823880252, "step_dist_f": 50.240690006259285, "step_grade": 0.10448391531537272, "step_turn": 12.507969250549763, "coast_speed_mps": 0.0, "coast_speed_mph": 0.0}, "geometry": {"type": "Point", "coordinates": [-122.26677, 37.90165]}}, {"id": "399", "type": "Feature", "properties": {"name": "Arli-griz to Vollmer Peak", "step": 399, "lat": 37.90157, "lon": -122.26671, "elevation_m": 273.5, "time": null, "elevation_f": 897.30974, "step_elevation_m": 0.6000000000000227, "step_elevation_f": 1.9685040000001663, "step_dist_m": 10.336616760476764, "step_dist_f": 33.912785732442586, "step_grade": 0.05804607193082666, "step_turn": 12.82002819373622, "coast_speed_mps": 0.0, "coast_speed_mph": 0.0}, "geometry": {"type": "Point", "coordinates": [-122.26671, 37.90157]}}, {"id": "400", "type": "Feature", "properties": {"name": "Arli-griz to Vollmer Peak", "step": 400, "lat": 37.90147, "lon": -122.26667, "elevation_m": 274.4, "time": null, "elevation_f": 900.2624959999999, "step_elevation_m": 0.8999999999999773, "step_elevation_f": 2.9527559999999085, "step_dist_m": 11.66021025853633, "step_dist_f": 38.25528422461633, "step_grade": 0.07718557213332373, "step_turn": 13.09994869245827, "coast_speed_mps": 0.0, "coast_speed_mph": 0.0}, "geometry": {"type": "Point", "coordinates": [-122.26667, 37.90147]}}, {"id": "401", "type": "Feature", "properties": {"name": "Arli-griz to Vollmer Peak", "step": 401, "lat": 37.9012, "lon": -122.26657, "elevation_m": 277.5, "time": null, "elevation_f": 910.4331, "step_elevation_m": 3.1000000000000227, "step_elevation_f": 10.170604000000026, "step_dist_m": 31.278465025717487, "step_dist_f": 102.61963919497497, "step_grade": 0.0991097228540841, "step_turn": 1.2261907653121398, "coast_speed_mps": 0.0, "coast_speed_mph": 0.0}, "geometry": {"type": "Point", "coordinates": [-122.26657, 37.9012]}}, {"id": "402", "type": "Feature", "properties": {"name": "Arli-griz to Vollmer Peak", "step": 402, "lat": 37.90087, "lon": -122.26638, "elevation_m": 278.3, "time": null, "elevation_f": 913.057772, "step_elevation_m": 0.8000000000000114, "step_elevation_f": 2.6246720000000323, "step_dist_m": 40.30370000061059, "step_dist_f": 132.22999111000325, "step_grade": 0.01984929423323148, "step_turn": 8.142126664946659, "coast_speed_mps": 0.0, "coast_speed_mph": 0.0}, "geometry": {"type": "Point", "coordinates": [-122.26638, 37.90087]}}, {"id": "403", "type": "Feature", "properties": {"name": "Arli-griz to Vollmer Peak", "step": 403, "lat": 37.90019, "lon": -122.2659, "elevation_m": 281.2, "time": null, "elevation_f": 922.5722079999999, "step_elevation_m": 2.8999999999999773, "step_elevation_f": 9.514435999999932, "step_dist_m": 86.55061561038875, "step_dist_f": 283.9587217191878, "step_grade": 0.03350640523522617, "step_turn": 4.684744861023091, "coast_speed_mps": 0.0, "coast_speed_mph": 0.0}, "geometry": {"type": "Point", "coordinates": [-122.2659, 37.90019]}}, {"id": "404", "type": "Feature", "properties": {"name": "Arli-griz to Vollmer Peak", "step": 404, "lat": 37.89951, "lon": -122.26542, "elevation_m": 285.2, "time": null, "elevation_f": 935.695568, "step_elevation_m": 4.0, "step_elevation_f": 13.123360000000048, "step_dist_m": 86.55080495962004, "step_dist_f": 283.9593429437198, "step_grade": 0.04621563025169073, "step_turn": 0.0002250373501624381, "coast_speed_mps": 0.0, "coast_speed_mph": 0.0}, "geometry": {"type": "Point", "coordinates": [-122.26542, 37.89951]}}, {"id": "405", "type": "Feature", "properties": {"name": "Arli-griz to Vollmer Peak", "step": 405, "lat": 37.8994, "lon": -122.26531, "elevation_m": 285.4, "time": null, "elevation_f": 936.351736, "step_elevation_m": 0.19999999999998863, "step_elevation_f": 0.6561679999999797, "step_dist_m": 15.580873913398852, "step_dist_f": 51.11835437003549, "step_grade": 0.012836250463974143, "step_turn": 9.158622027184208, "coast_speed_mps": 0.0, "coast_speed_mph": 0.0}, "geometry": {"type": "Point", "coordinates": [-122.26531, 37.8994]}}, {"id": "406", "type": "Feature", "properties": {"name": "Arli-griz to Vollmer Peak", "step": 406, "lat": 37.89932, "lon": -122.26521, "elevation_m": 285.5, "time": null, "elevation_f": 936.67982, "step_elevation_m": 0.10000000000002274, "step_elevation_f": 0.32808399999998983, "step_dist_m": 12.49479000836653, "step_dist_f": 40.99340685104925, "step_grade": 0.008003335785000195, "step_turn": 6.330054205763076, "coast_speed_mps": 0.0, "coast_speed_mph": 0.0}, "geometry": {"type": "Point", "coordinates": [-122.26521, 37.89932]}}, {"id": "407", "type": "Feature", "properties": {"name": "Arli-griz to Vollmer Peak", "step": 407, "lat": 37.89926, "lon": -122.26511, "elevation_m": 285.4, "time": null, "elevation_f": 936.351736, "step_elevation_m": -0.10000000000002274, "step_elevation_f": -0.32808399999998983, "step_dist_m": 11.022697082822019, "step_dist_f": 36.16370549720579, "step_grade": -0.009072189796076737, "step_turn": 8.145134040637743, "coast_speed_mps": 0.0, "coast_speed_mph": 0.0}, "geometry": {"type": "Point", "coordinates": [-122.26511, 37.89926]}}, {"id": "408", "type": "Feature", "properties": {"name": "Arli-griz to Vollmer Peak", "step": 408, "lat": 37.89921, "lon": -122.265, "elevation_m": 285.3, "time": null, "elevation_f": 936.0236520000001, "step_elevation_m": -0.0999999999999659, "step_elevation_f": -0.32808399999987614, "step_dist_m": 11.138527568090797, "step_dist_f": 36.543726786495014, "step_grade": -0.008977847331135746, "step_turn": 7.304711047921103, "coast_speed_mps": 0.473235179189078, "coast_speed_mph": 1.0585969470049155}, "geometry": {"type": "Point", "coordinates": [-122.265, 37.89921]}}, {"id": "409", "type": "Feature", "properties": {"name": "Arli-griz to Vollmer Peak", "step": 409, "lat": 37.89916, "lon": -122.26482, "elevation_m": 285.4, "time": null, "elevation_f": 936.351736, "step_elevation_m": 0.0999999999999659, "step_elevation_f": 0.32808399999987614, "step_dist_m": 16.7437652983975, "step_dist_f": 54.93361494159445, "step_grade": 0.005972372296065129, "step_turn": 10.550333296547535, "coast_speed_mps": 0.0, "coast_speed_mph": 0.0}, "geometry": {"type": "Point", "coordinates": [-122.26482, 37.89916]}}, {"id": "410", "type": "Feature", "properties": {"name": "Arli-griz to Vollmer Peak", "step": 410, "lat": 37.89909, "lon": -122.26434, "elevation_m": 286.0, "time": null, "elevation_f": 938.32024, "step_elevation_m": 0.6000000000000227, "step_elevation_f": 1.9685040000000527, "step_dist_m": 42.82994485710882, "step_dist_f": 140.5181962849969, "step_grade": 0.014008890321987795, "step_turn": 8.922505720078618, "coast_speed_mps": 0.0, "coast_speed_mph": 0.0}, "geometry": {"type": "Point", "coordinates": [-122.26434, 37.89909]}}, {"id": "411", "type": "Feature", "properties": {"name": "Arli-griz to Vollmer Peak", "step": 411, "lat": 37.89905, "lon": -122.26416, "elevation_m": 286.0, "time": null, "elevation_f": 938.32024, "step_elevation_m": 0.0, "step_elevation_f": 0.0, "step_dist_m": 16.4081252836258, "step_dist_f": 53.83243375553087, "step_grade": 0.0, "step_turn": 5.257449055617769, "coast_speed_mps": 0.0, "coast_speed_mph": 0.0}, "geometry": {"type": "Point", "coordinates": [-122.26416, 37.89905]}}, {"id": "412", "type": "Feature", "properties": {"name": "Arli-griz to Vollmer Peak", "step": 412, "lat": 37.89899, "lon": -122.26401, "elevation_m": 286.0, "time": null, "elevation_f": 938.32024, "step_elevation_m": 0.0, "step_elevation_f": 0.0, "step_dist_m": 14.755898242829254, "step_dist_f": 48.41174119100393, "step_grade": 0.0, "step_turn": 11.152801879458423, "coast_speed_mps": 0.0, "coast_speed_mph": 0.0}, "geometry": {"type": "Point", "coordinates": [-122.26401, 37.89899]}}, {"id": "413", "type": "Feature", "properties": {"name": "Arli-griz to Vollmer Peak", "step": 413, "lat": 37.89892, "lon": -122.26385, "elevation_m": 286.2, "time": null, "elevation_f": 938.976408, "step_elevation_m": 0.19999999999998863, "step_elevation_f": 0.6561679999999797, "step_dist_m": 16.05232205272298, "step_dist_f": 52.665100283455665, "step_grade": 0.012459256632348857, "step_turn": 2.1244936655260744, "coast_speed_mps": 0.0, "coast_speed_mph": 0.0}, "geometry": {"type": "Point", "coordinates": [-122.26385, 37.89892]}}, {"id": "414", "type": "Feature", "properties": {"name": "Arli-griz to Vollmer Peak", "step": 414, "lat": 37.89883, "lon": -122.26372, "elevation_m": 286.3, "time": null, "elevation_f": 939.304492, "step_elevation_m": 0.10000000000002274, "step_elevation_f": 0.32808399999998983, "step_dist_m": 15.174408319336695, "step_dist_f": 49.784805790412605, "step_grade": 0.006590042780949362, "step_turn": 12.25646009826471, "coast_speed_mps": 0.0, "coast_speed_mph": 0.0}, "geometry": {"type": "Point", "coordinates": [-122.26372, 37.89883]}}, {"id": "415", "type": "Feature", "properties": {"name": "Arli-griz to Vollmer Peak", "step": 415, "lat": 37.89871, "lon": -122.26358, "elevation_m": 286.8, "time": null, "elevation_f": 940.944912, "step_elevation_m": 0.5, "step_elevation_f": 1.6404200000000628, "step_dist_m": 18.136850478864357, "step_dist_f": 59.50410452507734, "step_grade": 0.027568182280747765, "step_turn": 6.105052574790193, "coast_speed_mps": 0.0, "coast_speed_mph": 0.0}, "geometry": {"type": "Point", "coordinates": [-122.26358, 37.89871]}}, {"id": "416", "type": "Feature", "properties": {"name": "Arli-griz to Vollmer Peak", "step": 416, "lat": 37.89858, "lon": -122.26341, "elevation_m": 288.5, "time": null, "elevation_f": 946.52234, "step_elevation_m": 1.6999999999999886, "step_elevation_f": 5.577427999999941, "step_dist_m": 20.77154394567104, "step_dist_f": 68.14811223871538, "step_grade": 0.08184273660380852, "step_turn": 3.2663180740846656, "coast_speed_mps": 0.0, "coast_speed_mph": 0.0}, "geometry": {"type": "Point", "coordinates": [-122.26341, 37.89858]}}, {"id": "417", "type": "Feature", "properties": {"name": "Arli-griz to Vollmer Peak", "step": 417, "lat": 37.89848, "lon": -122.26321, "elevation_m": 289.5, "time": null, "elevation_f": 949.80318, "step_elevation_m": 1.0, "step_elevation_f": 3.280840000000012, "step_dist_m": 20.775052158431674, "step_dist_f": 68.15962212346898, "step_grade": 0.04813465652812546, "step_turn": 11.740901559071858, "coast_speed_mps": 0.0, "coast_speed_mph": 0.0}, "geometry": {"type": "Point", "coordinates": [-122.26321, 37.89848]}}, {"id": "418", "type": "Feature", "properties": {"name": "Arli-griz to Vollmer Peak", "step": 418, "lat": 37.89841, "lon": -122.26303, "elevation_m": 289.9, "time": null, "elevation_f": 951.115516, "step_elevation_m": 0.39999999999997726, "step_elevation_f": 1.3123359999999593, "step_dist_m": 17.60775511834032, "step_dist_f": 57.768227302455664, "step_grade": 0.022717262780610536, "step_turn": 6.124456950774004, "coast_speed_mps": 0.0, "coast_speed_mph": 0.0}, "geometry": {"type": "Point", "coordinates": [-122.26303, 37.89841]}}, {"id": "419", "type": "Feature", "properties": {"name": "Arli-griz to Vollmer Peak", "step": 419, "lat": 37.89834, "lon": -122.26264, "elevation_m": 291.3, "time": null, "elevation_f": 955.708692, "step_elevation_m": 1.400000000000034, "step_elevation_f": 4.593176000000085, "step_dist_m": 35.09425485350744, "step_dist_f": 115.13863509358134, "step_grade": 0.03989256947736884, "step_turn": 13.420972067455864, "coast_speed_mps": 0.0, "coast_speed_mph": 0.0}, "geometry": {"type": "Point", "coordinates": [-122.26264, 37.89834]}}, {"id": "420", "type": "Feature", "properties": {"name": "Arli-griz to Vollmer Peak", "step": 420, "lat": 37.89832, "lon": -122.26256, "elevation_m": 291.6, "time": null, "elevation_f": 956.6929440000001, "step_elevation_m": 0.30000000000001137, "step_elevation_f": 0.9842520000000832, "step_dist_m": 7.36339191416555, "step_dist_f": 24.158110727670906, "step_grade": 0.040742093249563044, "step_turn": 4.764780146915939, "coast_speed_mps": 0.0, "coast_speed_mph": 0.0}, "geometry": {"type": "Point", "coordinates": [-122.26256, 37.89832]}}, {"id": "421", "type": "Feature", "properties": {"name": "Arli-griz to Vollmer Peak", "step": 421, "lat": 37.89828, "lon": -122.26247, "elevation_m": 291.8, "time": null, "elevation_f": 957.349112, "step_elevation_m": 0.19999999999998863, "step_elevation_f": 0.656167999999866, "step_dist_m": 9.063394655211907, "step_dist_f": 29.73554772060543, "step_grade": 0.02206678707132968, "step_turn": 11.810396562042229, "coast_speed_mps": 0.0, "coast_speed_mph": 0.0}, "geometry": {"type": "Point", "coordinates": [-122.26247, 37.89828]}}, {"id": "422", "type": "Feature", "properties": {"name": "Arli-griz to Vollmer Peak", "step": 422, "lat": 37.89819, "lon": -122.26229, "elevation_m": 292.3, "time": null, "elevation_f": 958.989532, "step_elevation_m": 0.5, "step_elevation_f": 1.6404200000000628, "step_dist_m": 18.69760041272759, "step_dist_f": 61.34383533809318, "step_grade": 0.02674139937548598, "step_turn": 2.970154628573539, "coast_speed_mps": 0.0, "coast_speed_mph": 0.0}, "geometry": {"type": "Point", "coordinates": [-122.26229, 37.89819]}}, {"id": "423", "type": "Feature", "properties": {"name": "Arli-griz to Vollmer Peak", "step": 423, "lat": 37.8981, "lon": -122.26217, "elevation_m": 292.2, "time": null, "elevation_f": 958.661448, "step_elevation_m": -0.10000000000002274, "step_elevation_f": -0.3280840000001035, "step_dist_m": 14.526443738027366, "step_dist_f": 47.6589376734697, "step_grade": -0.006883997336405362, "step_turn": 11.185011483220478, "coast_speed_mps": 0.0, "coast_speed_mph": 0.0}, "geometry": {"type": "Point", "coordinates": [-122.26217, 37.8981]}}, {"id": "424", "type": "Feature", "properties": {"name": "Arli-griz to Vollmer Peak", "step": 424, "lat": 37.89803, "lon": -122.26211, "elevation_m": 292.2, "time": null, "elevation_f": 958.661448, "step_elevation_m": 0.0, "step_elevation_f": 0.0, "step_dist_m": 9.396906318383651, "step_dist_f": 30.82974612560582, "step_grade": 0.0, "step_turn": 12.381957525708856, "coast_speed_mps": 0.0, "coast_speed_mph": 0.0}, "geometry": {"type": "Point", "coordinates": [-122.26211, 37.89803]}}, {"id": "425", "type": "Feature", "properties": {"name": "Arli-griz to Vollmer Peak", "step": 425, "lat": 37.89787, "lon": -122.262, "elevation_m": 292.5, "time": null, "elevation_f": 959.6457, "step_elevation_m": 0.30000000000001137, "step_elevation_f": 0.9842520000000832, "step_dist_m": 20.24069291561106, "step_dist_f": 66.4064749452534, "step_grade": 0.014821626969530774, "step_turn": 5.5931524018600385, "coast_speed_mps": 0.0, "coast_speed_mph": 0.0}, "geometry": {"type": "Point", "coordinates": [-122.262, 37.89787]}}, {"id": "426", "type": "Feature", "properties": {"name": "Arli-griz to Vollmer Peak", "step": 426, "lat": 37.89771, "lon": -122.26194, "elevation_m": 293.4, "time": null, "elevation_f": 962.5984559999999, "step_elevation_m": 0.8999999999999773, "step_elevation_f": 2.9527559999999085, "step_dist_m": 18.553794972279338, "step_dist_f": 60.87203269685294, "step_grade": 0.04850759649681588, "step_turn": 11.996009936933774, "coast_speed_mps": 0.0, "coast_speed_mph": 0.0}, "geometry": {"type": "Point", "coordinates": [-122.26194, 37.89771]}}, {"id": "427", "type": "Feature", "properties": {"name": "Arli-griz to Vollmer Peak", "step": 427, "lat": 37.89759, "lon": -122.26192, "elevation_m": 294.7, "time": null, "elevation_f": 966.8635479999999, "step_elevation_m": 1.3000000000000114, "step_elevation_f": 4.2650919999999815, "step_dist_m": 13.458297032680797, "step_dist_f": 44.154519236700466, "step_grade": 0.09659468778577408, "step_turn": 8.991873023971834, "coast_speed_mps": 0.0, "coast_speed_mph": 0.0}, "geometry": {"type": "Point", "coordinates": [-122.26192, 37.89759]}}, {"id": "428", "type": "Feature", "properties": {"name": "Arli-griz to Vollmer Peak", "step": 428, "lat": 37.89742, "lon": -122.26192, "elevation_m": 295.6, "time": null, "elevation_f": 969.8163040000001, "step_elevation_m": 0.9000000000000341, "step_elevation_f": 2.952756000000136, "step_dist_m": 18.90313753004913, "step_dist_f": 62.018169734086385, "step_grade": 0.047611143841563904, "step_turn": 7.492443156803574, "coast_speed_mps": 0.0, "coast_speed_mph": 0.0}, "geometry": {"type": "Point", "coordinates": [-122.26192, 37.89742]}}, {"id": "429", "type": "Feature", "properties": {"name": "Arli-griz to Vollmer Peak", "step": 429, "lat": 37.8973, "lon": -122.26189, "elevation_m": 295.7, "time": null, "elevation_f": 970.1443879999999, "step_elevation_m": 0.0999999999999659, "step_elevation_f": 0.32808399999987614, "step_dist_m": 13.600566224322554, "step_dist_f": 44.62128169140641, "step_grade": 0.007352635055820766, "step_turn": 11.159908165767888, "coast_speed_mps": 0.0, "coast_speed_mph": 0.0}, "geometry": {"type": "Point", "coordinates": [-122.26189, 37.8973]}}, {"id": "430", "type": "Feature", "properties": {"name": "Arli-griz to Vollmer Peak", "step": 430, "lat": 37.89716, "lon": -122.26182, "elevation_m": 295.9, "time": null, "elevation_f": 970.8005559999999, "step_elevation_m": 0.19999999999998863, "step_elevation_f": 0.6561679999999797, "step_dist_m": 16.735199501112167, "step_dist_f": 54.90551193122884, "step_grade": 0.01195085842787218, "step_turn": 10.372168224735674, "coast_speed_mps": 0.0, "coast_speed_mph": 0.0}, "geometry": {"type": "Point", "coordinates": [-122.26182, 37.89716]}}, {"id": "431", "type": "Feature", "properties": {"name": "Arli-griz to Vollmer Peak", "step": 431, "lat": 37.89707, "lon": -122.26175, "elevation_m": 296.2, "time": null, "elevation_f": 971.784808, "step_elevation_m": 0.30000000000001137, "step_elevation_f": 0.9842520000000832, "step_dist_m": 11.742122275905649, "step_dist_f": 38.52402444768229, "step_grade": 0.025549044112374727, "step_turn": 10.00772144243956, "coast_speed_mps": 0.0, "coast_speed_mph": 0.0}, "geometry": {"type": "Point", "coordinates": [-122.26175, 37.89707]}}, {"id": "432", "type": "Feature", "properties": {"name": "Arli-griz to Vollmer Peak", "step": 432, "lat": 37.89697, "lon": -122.26166, "elevation_m": 296.5, "time": null, "elevation_f": 972.76906, "step_elevation_m": 0.30000000000001137, "step_elevation_f": 0.9842519999999695, "step_dist_m": 13.638457025109382, "step_dist_f": 44.74559534625986, "step_grade": 0.02199662318455011, "step_turn": 3.8427682627147988, "coast_speed_mps": 0.0, "coast_speed_mph": 0.0}, "geometry": {"type": "Point", "coordinates": [-122.26166, 37.89697]}}, {"id": "433", "type": "Feature", "properties": {"name": "Arli-griz to Vollmer Peak", "step": 433, "lat": 37.89686, "lon": -122.26148, "elevation_m": 299.1, "time": null, "elevation_f": 981.299244, "step_elevation_m": 2.6000000000000227, "step_elevation_f": 8.530184000000077, "step_dist_m": 19.97664774488246, "step_dist_f": 65.54018498732017, "step_grade": 0.13015196709698607, "step_turn": 16.862436116740298, "coast_speed_mps": 0.0, "coast_speed_mph": 0.0}, "geometry": {"type": "Point", "coordinates": [-122.26148, 37.89686]}}, {"id": "434", "type": "Feature", "properties": {"name": "Arli-griz to Vollmer Peak", "step": 434, "lat": 37.89681, "lon": -122.26136, "elevation_m": 300.3, "time": null, "elevation_f": 985.236252, "step_elevation_m": 1.1999999999999886, "step_elevation_f": 3.9370079999999916, "step_dist_m": 11.907198178963665, "step_dist_f": 39.06561207347115, "step_grade": 0.10077937579975929, "step_turn": 9.920279273770802, "coast_speed_mps": 0.0, "coast_speed_mph": 0.0}, "geometry": {"type": "Point", "coordinates": [-122.26136, 37.89681]}}, {"id": "435", "type": "Feature", "properties": {"name": "Arli-griz to Vollmer Peak", "step": 435, "lat": 37.89672, "lon": -122.26095, "elevation_m": 303.3, "time": null, "elevation_f": 995.0787720000001, "step_elevation_m": 3.0, "step_elevation_f": 9.842520000000036, "step_dist_m": 37.341846875796925, "step_dist_f": 122.51262490398959, "step_grade": 0.08033882228638366, "step_turn": 12.289668615493326, "coast_speed_mps": 0.0, "coast_speed_mph": 0.0}, "geometry": {"type": "Point", "coordinates": [-122.26095, 37.89672]}}, {"id": "436", "type": "Feature", "properties": {"name": "Arli-griz to Vollmer Peak", "step": 436, "lat": 37.89668, "lon": -122.26086, "elevation_m": 303.5, "time": null, "elevation_f": 995.7349399999999, "step_elevation_m": 0.19999999999998863, "step_elevation_f": 0.656167999999866, "step_dist_m": 9.063544224209858, "step_dist_f": 29.736038432556672, "step_grade": 0.022066422919387724, "step_turn": 13.843815407071816, "coast_speed_mps": 0.0, "coast_speed_mph": 0.0}, "geometry": {"type": "Point", "coordinates": [-122.26086, 37.89668]}}, {"id": "437", "type": "Feature", "properties": {"name": "Arli-griz to Vollmer Peak", "step": 437, "lat": 37.89661, "lon": -122.26075, "elevation_m": 304.0, "time": null, "elevation_f": 997.37536, "step_elevation_m": 0.5, "step_elevation_f": 1.6404200000000628, "step_dist_m": 12.399504047843951, "step_dist_f": 40.68078886032835, "step_grade": 0.0403241934573134, "step_turn": 9.49456330376222, "coast_speed_mps": 0.0, "coast_speed_mph": 0.0}, "geometry": {"type": "Point", "coordinates": [-122.26075, 37.89661]}}, {"id": "438", "type": "Feature", "properties": {"name": "Arli-griz to Vollmer Peak", "step": 438, "lat": 37.89652, "lon": -122.26065, "elevation_m": 304.5, "time": null, "elevation_f": 999.01578, "step_elevation_m": 0.5, "step_elevation_f": 1.6404199999999491, "step_dist_m": 13.309581300010642, "step_dist_f": 43.66660671232691, "step_grade": 0.0375669218083968, "step_turn": 9.872223531115651, "coast_speed_mps": 0.0, "coast_speed_mph": 0.0}, "geometry": {"type": "Point", "coordinates": [-122.26065, 37.89652]}}, {"id": "439", "type": "Feature", "properties": {"name": "Arli-griz to Vollmer Peak", "step": 439, "lat": 37.89646, "lon": -122.26059, "elevation_m": 304.9, "time": null, "elevation_f": 1000.3281159999999, "step_elevation_m": 0.39999999999997726, "step_elevation_f": 1.3123359999999593, "step_dist_m": 8.49878987201465, "step_dist_f": 27.883169763700543, "step_grade": 0.04706552415387071, "step_turn": 2.96659165741562, "coast_speed_mps": 0.0, "coast_speed_mph": 0.0}, "geometry": {"type": "Point", "coordinates": [-122.26059, 37.89646]}}, {"id": "440", "type": "Feature", "properties": {"name": "Arli-griz to Vollmer Peak", "step": 440, "lat": 37.89629, "lon": -122.26051, "elevation_m": 304.1, "time": null, "elevation_f": 997.7034440000001, "step_elevation_m": -0.7999999999999545, "step_elevation_f": -2.624671999999805, "step_dist_m": 20.164449948455427, "step_dist_f": 66.15633396889051, "step_grade": -0.03967378242624632, "step_turn": 17.905153091818875, "coast_speed_mps": 3.5399135492395213, "coast_speed_mph": 7.918561089028985}, "geometry": {"type": "Point", "coordinates": [-122.26051, 37.89629]}}, {"id": "441", "type": "Feature", "properties": {"name": "Arli-griz to Vollmer Peak", "step": 441, "lat": 37.89604, "lon": -122.26045, "elevation_m": 305.9, "time": null, "elevation_f": 1003.6089559999999, "step_elevation_m": 1.7999999999999545, "step_elevation_f": 5.905511999999817, "step_dist_m": 28.29289016465424, "step_dist_f": 92.8244457678042, "step_grade": 0.06362022365069864, "step_turn": 9.648351394583187, "coast_speed_mps": 0.0, "coast_speed_mph": 0.0}, "geometry": {"type": "Point", "coordinates": [-122.26045, 37.89604]}}, {"id": "442", "type": "Feature", "properties": {"name": "Arli-griz to Vollmer Peak", "step": 442, "lat": 37.89589, "lon": -122.2604, "elevation_m": 307.6, "time": null, "elevation_f": 1009.1863840000001, "step_elevation_m": 1.7000000000000455, "step_elevation_f": 5.577428000000168, "step_dist_m": 17.246618064608185, "step_dist_f": 56.58339441108912, "step_grade": 0.09857004971244875, "step_turn": 4.013140084539145, "coast_speed_mps": 0.0, "coast_speed_mph": 0.0}, "geometry": {"type": "Point", "coordinates": [-122.2604, 37.89589]}}, {"id": "443", "type": "Feature", "properties": {"name": "Arli-griz to Vollmer Peak", "step": 443, "lat": 37.89575, "lon": -122.26032, "elevation_m": 308.5, "time": null, "elevation_f": 1012.13914, "step_elevation_m": 0.8999999999999773, "step_elevation_f": 2.9527559999999085, "step_dist_m": 17.07681720748191, "step_dist_f": 56.02630496699495, "step_grade": 0.05270302943839312, "step_turn": 9.53471260631045, "coast_speed_mps": 0.0, "coast_speed_mph": 0.0}, "geometry": {"type": "Point", "coordinates": [-122.26032, 37.89575]}}, {"id": "444", "type": "Feature", "properties": {"name": "Arli-griz to Vollmer Peak", "step": 444, "lat": 37.89535, "lon": -122.26004, "elevation_m": 313.3, "time": null, "elevation_f": 1027.887172, "step_elevation_m": 4.800000000000011, "step_elevation_f": 15.748031999999967, "step_dist_m": 50.812790834500426, "step_dist_f": 166.70863668146237, "step_grade": 0.09446440396540765, "step_turn": 4.643902095626174, "coast_speed_mps": 0.0, "coast_speed_mph": 0.0}, "geometry": {"type": "Point", "coordinates": [-122.26004, 37.89535]}}, {"id": "445", "type": "Feature", "properties": {"name": "Arli-griz to Vollmer Peak", "step": 445, "lat": 37.89496, "lon": -122.25976, "elevation_m": 314.0, "time": null, "elevation_f": 1030.18376, "step_elevation_m": 0.6999999999999886, "step_elevation_f": 2.296587999999929, "step_dist_m": 49.842433010457576, "step_dist_f": 163.52504791802963, "step_grade": 0.014044258229792269, "step_turn": 0.6182007127151223, "coast_speed_mps": 0.0, "coast_speed_mph": 0.0}, "geometry": {"type": "Point", "coordinates": [-122.25976, 37.89496]}}, {"id": "446", "type": "Feature", "properties": {"name": "Arli-griz to Vollmer Peak", "step": 446, "lat": 37.89482, "lon": -122.25963, "elevation_m": 314.8, "time": null, "elevation_f": 1032.808432, "step_elevation_m": 0.8000000000000114, "step_elevation_f": 2.624672000000146, "step_dist_m": 19.29938706873155, "step_dist_f": 63.318201070577224, "step_grade": 0.04145209364167601, "step_turn": 6.698742980894849, "coast_speed_mps": 0.0, "coast_speed_mph": 0.0}, "geometry": {"type": "Point", "coordinates": [-122.25963, 37.89482]}}, {"id": "447", "type": "Feature", "properties": {"name": "Arli-griz to Vollmer Peak", "step": 447, "lat": 37.89469, "lon": -122.25949, "elevation_m": 317.3, "time": null, "elevation_f": 1041.010532, "step_elevation_m": 2.5, "step_elevation_f": 8.202099999999973, "step_dist_m": 18.970308045022747, "step_dist_f": 62.23854544643243, "step_grade": 0.13178489216235614, "step_turn": 4.126420490801365, "coast_speed_mps": 0.0, "coast_speed_mph": 0.0}, "geometry": {"type": "Point", "coordinates": [-122.25949, 37.89469]}}, {"id": "448", "type": "Feature", "properties": {"name": "Arli-griz to Vollmer Peak", "step": 448, "lat": 37.8946, "lon": -122.25937, "elevation_m": 319.6, "time": null, "elevation_f": 1048.556464, "step_elevation_m": 2.3000000000000114, "step_elevation_f": 7.545931999999993, "step_dist_m": 14.526806642751383, "step_dist_f": 47.66012830580445, "step_grade": 0.15832798333195067, "step_turn": 6.097425759119005, "coast_speed_mps": 0.0, "coast_speed_mph": 0.0}, "geometry": {"type": "Point", "coordinates": [-122.25937, 37.8946]}}, {"id": "449", "type": "Feature", "properties": {"name": "Arli-griz to Vollmer Peak", "step": 449, "lat": 37.89448, "lon": -122.25918, "elevation_m": 320.1, "time": null, "elevation_f": 1050.196884, "step_elevation_m": 0.5, "step_elevation_f": 1.6404199999999491, "step_dist_m": 21.35438662346149, "step_dist_f": 70.0603258097174, "step_grade": 0.023414392968359177, "step_turn": 4.871730213348201, "coast_speed_mps": 0.0, "coast_speed_mph": 0.0}, "geometry": {"type": "Point", "coordinates": [-122.25918, 37.89448]}}, {"id": "450", "type": "Feature", "properties": {"name": "Arli-griz to Vollmer Peak", "step": 450, "lat": 37.89434, "lon": -122.25886, "elevation_m": 320.3, "time": null, "elevation_f": 1050.853052, "step_elevation_m": 0.19999999999998863, "step_elevation_f": 0.6561679999999797, "step_dist_m": 32.106160400575895, "step_dist_f": 105.33517528862542, "step_grade": 0.006229334106123795, "step_turn": 9.667665608093841, "coast_speed_mps": 0.0, "coast_speed_mph": 0.0}, "geometry": {"type": "Point", "coordinates": [-122.25886, 37.89434]}}, {"id": "451", "type": "Feature", "properties": {"name": "Arli-griz to Vollmer Peak", "step": 451, "lat": 37.89412, "lon": -122.25831, "elevation_m": 321.3, "time": null, "elevation_f": 1054.133892, "step_elevation_m": 1.0, "step_elevation_f": 3.2808400000001257, "step_dist_m": 54.10776139581726, "step_dist_f": 177.5189078978531, "step_grade": 0.01848163690758982, "step_turn": 2.1245707221250427, "coast_speed_mps": 0.0, "coast_speed_mph": 0.0}, "geometry": {"type": "Point", "coordinates": [-122.25831, 37.89412]}}, {"id": "452", "type": "Feature", "properties": {"name": "Arli-griz to Vollmer Peak", "step": 452, "lat": 37.89405, "lon": -122.25817, "elevation_m": 321.8, "time": null, "elevation_f": 1055.774312, "step_elevation_m": 0.5, "step_elevation_f": 1.6404199999999491, "step_dist_m": 14.543163129126665, "step_dist_f": 47.71379132056393, "step_grade": 0.03438041611447053, "step_turn": 5.478867341328623, "coast_speed_mps": 0.0, "coast_speed_mph": 0.0}, "geometry": {"type": "Point", "coordinates": [-122.25817, 37.89405]}}, {"id": "453", "type": "Feature", "properties": {"name": "Arli-griz to Vollmer Peak", "step": 453, "lat": 37.89392, "lon": -122.258, "elevation_m": 322.2, "time": null, "elevation_f": 1057.086648, "step_elevation_m": 0.39999999999997726, "step_elevation_f": 1.3123359999999593, "step_dist_m": 20.77222210915352, "step_dist_f": 68.15033718459524, "step_grade": 0.01925648579617838, "step_turn": 11.740634644414968, "coast_speed_mps": 0.0, "coast_speed_mph": 0.0}, "geometry": {"type": "Point", "coordinates": [-122.258, 37.89392]}}, {"id": "454", "type": "Feature", "properties": {"name": "Arli-griz to Vollmer Peak", "step": 454, "lat": 37.89379, "lon": -122.25792, "elevation_m": 322.3, "time": null, "elevation_f": 1057.414732, "step_elevation_m": 0.10000000000002274, "step_elevation_f": 0.32808399999998983, "step_dist_m": 16.069744090176503, "step_dist_f": 52.722259200814676, "step_grade": 0.00622287445517898, "step_turn": 19.998601355814344, "coast_speed_mps": 0.0, "coast_speed_mph": 0.0}, "geometry": {"type": "Point", "coordinates": [-122.25792, 37.89379]}}, {"id": "455", "type": "Feature", "properties": {"name": "Arli-griz to Vollmer Peak", "step": 455, "lat": 37.89362, "lon": -122.25786, "elevation_m": 322.5, "time": null, "elevation_f": 1058.0709, "step_elevation_m": 0.19999999999998863, "step_elevation_f": 0.6561679999999797, "step_dist_m": 19.62265560509206, "step_dist_f": 64.37879341541023, "step_grade": 0.01019230037080653, "step_turn": 10.338840735434246, "coast_speed_mps": 0.0, "coast_speed_mph": 0.0}, "geometry": {"type": "Point", "coordinates": [-122.25786, 37.89362]}}, {"id": "456", "type": "Feature", "properties": {"name": "Arli-griz to Vollmer Peak", "step": 456, "lat": 37.89301, "lon": -122.25771, "elevation_m": 321.4, "time": null, "elevation_f": 1054.4619759999998, "step_elevation_m": -1.1000000000000227, "step_elevation_f": -3.6089240000001155, "step_dist_m": 69.09422733960542, "step_dist_f": 226.68710482487106, "step_grade": -0.015920288023388792, "step_turn": 4.581751133363696, "coast_speed_mps": 3.9315506776003866, "coast_speed_mph": 8.794628394775371}, "geometry": {"type": "Point", "coordinates": [-122.25771, 37.89301]}}, {"id": "457", "type": "Feature", "properties": {"name": "Arli-griz to Vollmer Peak", "step": 457, "lat": 37.89294, "lon": -122.25768, "elevation_m": 321.0, "time": null, "elevation_f": 1053.14964, "step_elevation_m": -0.39999999999997726, "step_elevation_f": -1.312335999999732, "step_dist_m": 8.21676736581763, "step_dist_f": 26.957899044469112, "step_grade": -0.048680944974054806, "step_turn": 7.7040526129364935, "coast_speed_mps": 4.054520702800896, "coast_speed_mph": 9.069704506981235}, "geometry": {"type": "Point", "coordinates": [-122.25768, 37.89294]}}, {"id": "458", "type": "Feature", "properties": {"name": "Arli-griz to Vollmer Peak", "step": 458, "lat": 37.89283, "lon": -122.2576, "elevation_m": 320.7, "time": null, "elevation_f": 1052.165388, "step_elevation_m": -0.30000000000001137, "step_elevation_f": -0.9842520000001969, "step_dist_m": 14.102810981125208, "step_dist_f": 46.26906637931483, "step_grade": -0.02127235488028044, "step_turn": 11.166918468201288, "coast_speed_mps": 4.415754460580298, "coast_speed_mph": 9.877761409673168}, "geometry": {"type": "Point", "coordinates": [-122.2576, 37.89283]}}, {"id": "459", "type": "Feature", "properties": {"name": "Arli-griz to Vollmer Peak", "step": 459, "lat": 37.89279, "lon": -122.25756, "elevation_m": 320.7, "time": null, "elevation_f": 1052.165388, "step_elevation_m": 0.0, "step_elevation_f": 0.0, "step_dist_m": 5.665968611582434, "step_dist_f": 18.58913645962411, "step_grade": 0.0, "step_turn": 8.426104091005755, "coast_speed_mps": 4.221892262412779, "coast_speed_mph": 9.444104022934804}, "geometry": {"type": "Point", "coordinates": [-122.25756, 37.89279]}}, {"id": "460", "type": "Feature", "properties": {"name": "Arli-griz to Vollmer Peak", "step": 460, "lat": 37.8927, "lon": -122.25744, "elevation_m": 321.0, "time": null, "elevation_f": 1053.14964, "step_elevation_m": 0.30000000000001137, "step_elevation_f": 0.9842520000001969, "step_dist_m": 14.527003639675025, "step_dist_f": 47.66077462119141, "step_grade": 0.020651196037472907, "step_turn": 8.178391923108165, "coast_speed_mps": 0.0, "coast_speed_mph": 0.0}, "geometry": {"type": "Point", "coordinates": [-122.25744, 37.8927]}}, {"id": "461", "type": "Feature", "properties": {"name": "Arli-griz to Vollmer Peak", "step": 461, "lat": 37.89264, "lon": -122.25731, "elevation_m": 322.5, "time": null, "elevation_f": 1058.0709, "step_elevation_m": 1.5, "step_elevation_f": 4.921259999999847, "step_dist_m": 13.215339662947493, "step_dist_f": 43.35741497978465, "step_grade": 0.11350446059329257, "step_turn": 13.221454213339712, "coast_speed_mps": 0.0, "coast_speed_mph": 0.0}, "geometry": {"type": "Point", "coordinates": [-122.25731, 37.89264]}}, {"id": "462", "type": "Feature", "properties": {"name": "Arli-griz to Vollmer Peak", "step": 462, "lat": 37.8926, "lon": -122.25715, "elevation_m": 324.8, "time": null, "elevation_f": 1065.616832, "step_elevation_m": 2.3000000000000114, "step_elevation_f": 7.545931999999993, "step_dist_m": 14.727822014734283, "step_dist_f": 48.31962757882082, "step_grade": 0.15616701489867288, "step_turn": 12.74331376420514, "coast_speed_mps": 0.0, "coast_speed_mph": 0.0}, "geometry": {"type": "Point", "coordinates": [-122.25715, 37.8926]}}, {"id": "463", "type": "Feature", "properties": {"name": "Arli-griz to Vollmer Peak", "step": 463, "lat": 37.89259, "lon": -122.25706, "elevation_m": 325.4, "time": null, "elevation_f": 1067.5853359999999, "step_elevation_m": 0.5999999999999659, "step_elevation_f": 1.968503999999939, "step_dist_m": 7.975482565897993, "step_dist_f": 26.166282221500772, "step_grade": 0.07523055752958184, "step_turn": 9.563384915486836, "coast_speed_mps": 0.0, "coast_speed_mph": 0.0}, "geometry": {"type": "Point", "coordinates": [-122.25706, 37.89259]}}, {"id": "464", "type": "Feature", "properties": {"name": "Arli-griz to Vollmer Peak", "step": 464, "lat": 37.8926, "lon": -122.25691, "elevation_m": 326.8, "time": null, "elevation_f": 1072.178512, "step_elevation_m": 1.400000000000034, "step_elevation_f": 4.593176000000085, "step_dist_m": 13.209530042026085, "step_dist_f": 43.33835454308086, "step_grade": 0.10598408842297476, "step_turn": 12.84310551590022, "coast_speed_mps": 0.0, "coast_speed_mph": 0.0}, "geometry": {"type": "Point", "coordinates": [-122.25691, 37.8926]}}, {"id": "465", "type": "Feature", "properties": {"name": "Arli-griz to Vollmer Peak", "step": 465, "lat": 37.8926, "lon": -122.25675, "elevation_m": 327.7, "time": null, "elevation_f": 1075.1312679999999, "step_elevation_m": 0.8999999999999773, "step_elevation_f": 2.9527559999999085, "step_dist_m": 14.04015490177392, "step_dist_f": 46.06350180793595, "step_grade": 0.06410185687383446, "step_turn": 4.8287441481883775, "coast_speed_mps": 0.0, "coast_speed_mph": 0.0}, "geometry": {"type": "Point", "coordinates": [-122.25675, 37.8926]}}, {"id": "466", "type": "Feature", "properties": {"name": "Arli-griz to Vollmer Peak", "step": 466, "lat": 37.89259, "lon": -122.25665, "elevation_m": 327.8, "time": null, "elevation_f": 1075.459352, "step_elevation_m": 0.10000000000002274, "step_elevation_f": 0.3280840000002172, "step_dist_m": 8.845267986064677, "step_dist_f": 29.019909019400433, "step_grade": 0.011305479964831847, "step_turn": 7.221847047369295, "coast_speed_mps": 0.0, "coast_speed_mph": 0.0}, "geometry": {"type": "Point", "coordinates": [-122.25665, 37.89259]}}, {"id": "467", "type": "Feature", "properties": {"name": "Arli-griz to Vollmer Peak", "step": 467, "lat": 37.89246, "lon": -122.25609, "elevation_m": 327.9, "time": null, "elevation_f": 1075.7874359999998, "step_elevation_m": 0.0999999999999659, "step_elevation_f": 0.32808399999976245, "step_dist_m": 51.22259922504122, "step_dist_f": 168.05315244148423, "step_grade": 0.0019522632883315074, "step_turn": 9.169958238632944, "coast_speed_mps": 0.0, "coast_speed_mph": 0.0}, "geometry": {"type": "Point", "coordinates": [-122.25609, 37.89246]}}, {"id": "468", "type": "Feature", "properties": {"name": "Arli-griz to Vollmer Peak", "step": 468, "lat": 37.89241, "lon": -122.25594, "elevation_m": 327.8, "time": null, "elevation_f": 1075.459352, "step_elevation_m": -0.0999999999999659, "step_elevation_f": -0.32808399999976245, "step_dist_m": 14.288694311348884, "step_dist_f": 46.878919844445875, "step_grade": -0.006998540091976093, "step_turn": 6.506775074845564, "coast_speed_mps": 0.0, "coast_speed_mph": 0.0}, "geometry": {"type": "Point", "coordinates": [-122.25594, 37.89241]}}, {"id": "469", "type": "Feature", "properties": {"name": "Arli-griz to Vollmer Peak", "step": 469, "lat": 37.89231, "lon": -122.25576, "elevation_m": 327.7, "time": null, "elevation_f": 1075.1312679999999, "step_elevation_m": -0.10000000000002274, "step_elevation_f": -0.3280840000002172, "step_dist_m": 19.316632051699298, "step_dist_f": 63.37477910049712, "step_grade": -0.005176885894620831, "step_turn": 12.246119158870329, "coast_speed_mps": 0.0, "coast_speed_mph": 0.0}, "geometry": {"type": "Point", "coordinates": [-122.25576, 37.89231]}}, {"id": "470", "type": "Feature", "properties": {"name": "Arli-griz to Vollmer Peak", "step": 470, "lat": 37.8922, "lon": -122.25564, "elevation_m": 327.9, "time": null, "elevation_f": 1075.7874359999998, "step_elevation_m": 0.19999999999998863, "step_elevation_f": 0.6561679999999797, "step_dist_m": 16.139781834891654, "step_dist_f": 52.95204183518593, "step_grade": 0.012391741229588388, "step_turn": 14.129837129892621, "coast_speed_mps": 0.0, "coast_speed_mph": 0.0}, "geometry": {"type": "Point", "coordinates": [-122.25564, 37.8922]}}, {"id": "471", "type": "Feature", "properties": {"name": "Arli-griz to Vollmer Peak", "step": 471, "lat": 37.89202, "lon": -122.25551, "elevation_m": 329.7, "time": null, "elevation_f": 1081.692948, "step_elevation_m": 1.8000000000000114, "step_elevation_f": 5.905512000000044, "step_dist_m": 23.03778113132857, "step_dist_f": 75.58327384690801, "step_grade": 0.0781325245577679, "step_turn": 11.044272007597613, "coast_speed_mps": 0.0, "coast_speed_mph": 0.0}, "geometry": {"type": "Point", "coordinates": [-122.25551, 37.89202]}}, {"id": "472", "type": "Feature", "properties": {"name": "Arli-griz to Vollmer Peak", "step": 472, "lat": 37.89187, "lon": -122.25538, "elevation_m": 331.6, "time": null, "elevation_f": 1087.9265440000001, "step_elevation_m": 1.900000000000034, "step_elevation_f": 6.2335960000002615, "step_dist_m": 20.20725752960969, "step_dist_f": 66.29677879344466, "step_grade": 0.09402562407174572, "step_turn": 4.688886328259343, "coast_speed_mps": 0.0, "coast_speed_mph": 0.0}, "geometry": {"type": "Point", "coordinates": [-122.25538, 37.89187]}}, {"id": "473", "type": "Feature", "properties": {"name": "Arli-griz to Vollmer Peak", "step": 473, "lat": 37.89139, "lon": -122.25472, "elevation_m": 334.0, "time": null, "elevation_f": 1095.80056, "step_elevation_m": 2.3999999999999773, "step_elevation_f": 7.874015999999756, "step_dist_m": 78.75942511778723, "step_dist_f": 258.39707230344106, "step_grade": 0.03047254339922747, "step_turn": 12.967581994024272, "coast_speed_mps": 0.0, "coast_speed_mph": 0.0}, "geometry": {"type": "Point", "coordinates": [-122.25472, 37.89139]}}, {"id": "474", "type": "Feature", "properties": {"name": "Arli-griz to Vollmer Peak", "step": 474, "lat": 37.89127, "lon": -122.25454, "elevation_m": 336.1, "time": null, "elevation_f": 1102.6903240000001, "step_elevation_m": 2.1000000000000227, "step_elevation_f": 6.889764000000241, "step_dist_m": 20.677094245539628, "step_dist_f": 67.83823788453623, "step_grade": 0.10156165924779424, "step_turn": 2.4724974695553783, "coast_speed_mps": 0.0, "coast_speed_mph": 0.0}, "geometry": {"type": "Point", "coordinates": [-122.25454, 37.89127]}}, {"id": "475", "type": "Feature", "properties": {"name": "Arli-griz to Vollmer Peak", "step": 475, "lat": 37.89115, "lon": -122.25432, "elevation_m": 337.6, "time": null, "elevation_f": 1107.611584, "step_elevation_m": 1.5, "step_elevation_f": 4.921259999999847, "step_dist_m": 23.46809346068215, "step_dist_f": 76.99505974954442, "step_grade": 0.06391656836176582, "step_turn": 5.538886224681903, "coast_speed_mps": 0.0, "coast_speed_mph": 0.0}, "geometry": {"type": "Point", "coordinates": [-122.25432, 37.89115]}}, {"id": "476", "type": "Feature", "properties": {"name": "Arli-griz to Vollmer Peak", "step": 476, "lat": 37.89099, "lon": -122.25397, "elevation_m": 338.3, "time": null, "elevation_f": 1109.908172, "step_elevation_m": 0.6999999999999886, "step_elevation_f": 2.296587999999929, "step_dist_m": 35.494282036161046, "step_dist_f": 116.4510602755186, "step_grade": 0.0197214863872113, "step_turn": 4.568879228051742, "coast_speed_mps": 0.0, "coast_speed_mph": 0.0}, "geometry": {"type": "Point", "coordinates": [-122.25397, 37.89099]}}, {"id": "477", "type": "Feature", "properties": {"name": "Arli-griz to Vollmer Peak", "step": 477, "lat": 37.89093, "lon": -122.25381, "elevation_m": 338.1, "time": null, "elevation_f": 1109.2520040000002, "step_elevation_m": -0.19999999999998863, "step_elevation_f": -0.6561679999997523, "step_dist_m": 15.544975215013059, "step_dist_f": 51.00057648442344, "step_grade": -0.012865893784560828, "step_turn": 4.666124399255864, "coast_speed_mps": 1.218220296272939, "coast_speed_mph": 2.7250811924502005}, "geometry": {"type": "Point", "coordinates": [-122.25381, 37.89093]}}, {"id": "478", "type": "Feature", "properties": {"name": "Arli-griz to Vollmer Peak", "step": 478, "lat": 37.89082, "lon": -122.25348, "elevation_m": 337.8, "time": null, "elevation_f": 1108.267752, "step_elevation_m": -0.30000000000001137, "step_elevation_f": -0.9842520000001969, "step_dist_m": 31.435692735719456, "step_dist_f": 103.13547815505783, "step_grade": -0.009543292159079102, "step_turn": 2.5178630884594213, "coast_speed_mps": 1.4506394726444747, "coast_speed_mph": 3.2449880830450812}, "geometry": {"type": "Point", "coordinates": [-122.25348, 37.89082]}}, {"id": "479", "type": "Feature", "properties": {"name": "Arli-griz to Vollmer Peak", "step": 479, "lat": 37.89076, "lon": -122.25325, "elevation_m": 337.8, "time": null, "elevation_f": 1108.267752, "step_elevation_m": 0.0, "step_elevation_f": 0.0, "step_dist_m": 21.257324531063134, "step_dist_f": 69.74188061449317, "step_grade": 0.0, "step_turn": 4.606468821420947, "coast_speed_mps": 0.0, "coast_speed_mph": 0.0}, "geometry": {"type": "Point", "coordinates": [-122.25325, 37.89076]}}, {"id": "480", "type": "Feature", "properties": {"name": "Arli-griz to Vollmer Peak", "step": 480, "lat": 37.89068, "lon": -122.25282, "elevation_m": 337.2, "time": null, "elevation_f": 1106.299248, "step_elevation_m": -0.6000000000000227, "step_elevation_f": -1.968503999999939, "step_dist_m": 38.76825097861807, "step_dist_f": 127.1924285406893, "step_grade": -0.015476581606194768, "step_turn": 5.0266784435738145, "coast_speed_mps": 4.251244203749191, "coast_speed_mph": 9.509762445752473}, "geometry": {"type": "Point", "coordinates": [-122.25282, 37.89068]}}, {"id": "481", "type": "Feature", "properties": {"name": "Arli-griz to Vollmer Peak", "step": 481, "lat": 37.89062, "lon": -122.25267, "elevation_m": 336.1, "time": null, "elevation_f": 1102.6903240000001, "step_elevation_m": -1.099999999999966, "step_elevation_f": -3.608923999999888, "step_dist_m": 14.757233126448938, "step_dist_f": 48.41612073057873, "step_grade": -0.07453971829098976, "step_turn": 13.613342764523736, "coast_speed_mps": 4.8017850833493325, "coast_speed_mph": 10.741287319589583}, "geometry": {"type": "Point", "coordinates": [-122.25267, 37.89062]}}, {"id": "482", "type": "Feature", "properties": {"name": "Arli-griz to Vollmer Peak", "step": 482, "lat": 37.89053, "lon": -122.25252, "elevation_m": 335.2, "time": null, "elevation_f": 1099.737568, "step_elevation_m": -0.9000000000000341, "step_elevation_f": -2.952756000000136, "step_dist_m": 16.535286064940273, "step_dist_f": 54.24962793329865, "step_grade": -0.054429055322381265, "step_turn": 10.366642790837261, "coast_speed_mps": 5.9506444601546375, "coast_speed_mph": 13.311212554032371}, "geometry": {"type": "Point", "coordinates": [-122.25252, 37.89053]}}, {"id": "483", "type": "Feature", "properties": {"name": "Arli-griz to Vollmer Peak", "step": 483, "lat": 37.89041, "lon": -122.2524, "elevation_m": 334.8, "time": null, "elevation_f": 1098.425232, "step_elevation_m": -0.39999999999997726, "step_elevation_f": -1.3123359999999593, "step_dist_m": 16.99811317610485, "step_dist_f": 55.76808963269184, "step_grade": -0.023532023575550634, "step_turn": 14.475067807199537, "coast_speed_mps": 6.4361911466037665, "coast_speed_mph": 14.397349558437185}, "geometry": {"type": "Point", "coordinates": [-122.2524, 37.89041]}}, {"id": "484", "type": "Feature", "properties": {"name": "Arli-griz to Vollmer Peak", "step": 484, "lat": 37.89032, "lon": -122.25234, "elevation_m": 334.1, "time": null, "elevation_f": 1096.1286440000001, "step_elevation_m": -0.6999999999999886, "step_elevation_f": -2.296587999999929, "step_dist_m": 11.308114107756827, "step_dist_f": 37.10011308929291, "step_grade": -0.0619024528165861, "step_turn": 10.530058732964676, "coast_speed_mps": 7.220041351687896, "coast_speed_mph": 16.150772529724158}, "geometry": {"type": "Point", "coordinates": [-122.25234, 37.89032]}}, {"id": "485", "type": "Feature", "properties": {"name": "Arli-griz to Vollmer Peak", "step": 485, "lat": 37.8902, "lon": -122.2523, "elevation_m": 332.2, "time": null, "elevation_f": 1089.8950479999999, "step_elevation_m": -1.900000000000034, "step_elevation_f": -6.2335960000002615, "step_dist_m": 13.79736365037104, "step_dist_f": 45.26694255868332, "step_grade": -0.13770746703113382, "step_turn": 13.011513263620259, "coast_speed_mps": 8.537368546016388, "coast_speed_mph": 19.097549539227764}, "geometry": {"type": "Point", "coordinates": [-122.2523, 37.8902]}}, {"id": "486", "type": "Feature", "properties": {"name": "Arli-griz to Vollmer Peak", "step": 486, "lat": 37.88996, "lon": -122.25225, "elevation_m": 329.5, "time": null, "elevation_f": 1081.03678, "step_elevation_m": -2.6999999999999886, "step_elevation_f": -8.858267999999953, "step_dist_m": 27.045078174689877, "step_dist_f": 88.73057427864954, "step_grade": -0.09983332207657593, "step_turn": 5.401731679558338, "coast_speed_mps": 10.373338555419243, "coast_speed_mph": 23.204497484384465}, "geometry": {"type": "Point", "coordinates": [-122.25225, 37.88996]}}, {"id": "487", "type": "Feature", "properties": {"name": "Arli-griz to Vollmer Peak", "step": 487, "lat": 37.88971, "lon": -122.25216, "elevation_m": 329.1, "time": null, "elevation_f": 1079.7244440000002, "step_elevation_m": -0.39999999999997726, "step_elevation_f": -1.312335999999732, "step_dist_m": 28.898893570133318, "step_dist_f": 94.81264598063619, "step_grade": -0.013841360363130745, "step_turn": 6.523630072197989, "coast_speed_mps": 9.424305342795657, "coast_speed_mph": 21.081570648701785}, "geometry": {"type": "Point", "coordinates": [-122.25216, 37.88971]}}, {"id": "488", "type": "Feature", "properties": {"name": "Arli-griz to Vollmer Peak", "step": 488, "lat": 37.88947, "lon": -122.25203, "elevation_m": 329.0, "time": null, "elevation_f": 1079.39636, "step_elevation_m": -0.10000000000002274, "step_elevation_f": -0.3280840000002172, "step_dist_m": 29.02290342817673, "step_dist_f": 95.21950248329934, "step_grade": -0.003445554654705507, "step_turn": 7.285447525575705, "coast_speed_mps": 8.24039204172255, "coast_speed_mph": 18.433232018885427}, "geometry": {"type": "Point", "coordinates": [-122.25203, 37.88947]}}, {"id": "489", "type": "Feature", "properties": {"name": "Arli-griz to Vollmer Peak", "step": 489, "lat": 37.88925, "lon": -122.25189, "elevation_m": 329.6, "time": null, "elevation_f": 1081.3648640000001, "step_elevation_m": 0.6000000000000227, "step_elevation_f": 1.9685040000001663, "step_dist_m": 27.37463289998416, "step_dist_f": 89.81179060358403, "step_grade": 0.021918102141942144, "step_turn": 3.520796873783752, "coast_speed_mps": 6.4739195240724685, "coast_speed_mph": 14.481745535237252}, "geometry": {"type": "Point", "coordinates": [-122.25189, 37.88925]}}, {"id": "490", "type": "Feature", "properties": {"name": "Arli-griz to Vollmer Peak", "step": 490, "lat": 37.88916, "lon": -122.25185, "elevation_m": 329.6, "time": null, "elevation_f": 1081.3648640000001, "step_elevation_m": 0.0, "step_elevation_f": 0.0, "step_dist_m": 10.605302117860134, "step_dist_f": 34.794299400360245, "step_grade": 0.0, "step_turn": 7.3380130448724685, "coast_speed_mps": 5.776482038675532, "coast_speed_mph": 12.921622312713684}, "geometry": {"type": "Point", "coordinates": [-122.25185, 37.88916]}}, {"id": "491", "type": "Feature", "properties": {"name": "Arli-griz to Vollmer Peak", "step": 491, "lat": 37.88905, "lon": -122.25183, "elevation_m": 329.9, "time": null, "elevation_f": 1082.3491159999999, "step_elevation_m": 0.2999999999999545, "step_elevation_f": 0.9842519999997421, "step_dist_m": 12.356721131211703, "step_dist_f": 40.5404249561246, "step_grade": 0.024278285219384608, "step_turn": 11.162910656509894, "coast_speed_mps": 5.032934084726126, "coast_speed_mph": 11.258352909641465}, "geometry": {"type": "Point", "coordinates": [-122.25183, 37.88905]}}, {"id": "492", "type": "Feature", "properties": {"name": "Arli-griz to Vollmer Peak", "step": 492, "lat": 37.88882, "lon": -122.25185, "elevation_m": 332.2, "time": null, "elevation_f": 1089.8950479999999, "step_elevation_m": 2.3000000000000114, "step_elevation_f": 7.545931999999993, "step_dist_m": 25.634985648081756, "step_dist_f": 84.10428631365255, "step_grade": 0.0897211346857968, "step_turn": 12.091549666138349, "coast_speed_mps": 0.0, "coast_speed_mph": 0.0}, "geometry": {"type": "Point", "coordinates": [-122.25185, 37.88882]}}, {"id": "493", "type": "Feature", "properties": {"name": "Arli-griz to Vollmer Peak", "step": 493, "lat": 37.88871, "lon": -122.25184, "elevation_m": 332.6, "time": null, "elevation_f": 1091.207384, "step_elevation_m": 0.4000000000000341, "step_elevation_f": 1.3123360000001867, "step_dist_m": 12.26288200891347, "step_dist_f": 40.23255381012367, "step_grade": 0.03261875957946001, "step_turn": 8.02955625179743, "coast_speed_mps": 0.0, "coast_speed_mph": 0.0}, "geometry": {"type": "Point", "coordinates": [-122.25184, 37.88871]}}, {"id": "494", "type": "Feature", "properties": {"name": "Arli-griz to Vollmer Peak", "step": 494, "lat": 37.88802, "lon": -122.25177, "elevation_m": 333.9, "time": null, "elevation_f": 1095.472476, "step_elevation_m": 1.2999999999999545, "step_elevation_f": 4.265091999999868, "step_dist_m": 76.97002199347254, "step_dist_f": 252.52632695706444, "step_grade": 0.016889692458580838, "step_turn": 0.4739172407236083, "coast_speed_mps": 0.0, "coast_speed_mph": 0.0}, "geometry": {"type": "Point", "coordinates": [-122.25177, 37.88802]}}, {"id": "495", "type": "Feature", "properties": {"name": "Arli-griz to Vollmer Peak", "step": 495, "lat": 37.88792, "lon": -122.25175, "elevation_m": 334.8, "time": null, "elevation_f": 1098.425232, "step_elevation_m": 0.9000000000000341, "step_elevation_f": 2.952756000000136, "step_dist_m": 11.257157611017702, "step_dist_f": 36.93293297653132, "step_grade": 0.07994913379547768, "step_turn": 4.392094641640142, "coast_speed_mps": 0.0, "coast_speed_mph": 0.0}, "geometry": {"type": "Point", "coordinates": [-122.25175, 37.88792]}}, {"id": "496", "type": "Feature", "properties": {"name": "Arli-griz to Vollmer Peak", "step": 496, "lat": 37.88762, "lon": -122.25167, "elevation_m": 339.2, "time": null, "elevation_f": 1112.860928, "step_elevation_m": 4.399999999999977, "step_elevation_f": 14.435696000000007, "step_dist_m": 34.08923595242101, "step_dist_f": 111.84132888214093, "step_grade": 0.1290730014055211, "step_turn": 2.915181968371826, "coast_speed_mps": 0.0, "coast_speed_mph": 0.0}, "geometry": {"type": "Point", "coordinates": [-122.25167, 37.88762]}}, {"id": "497", "type": "Feature", "properties": {"name": "Arli-griz to Vollmer Peak", "step": 497, "lat": 37.88744, "lon": -122.2516, "elevation_m": 339.9, "time": null, "elevation_f": 1115.157516, "step_elevation_m": 0.6999999999999886, "step_elevation_f": 2.296587999999929, "step_dist_m": 20.936571712779518, "step_dist_f": 68.68954193815556, "step_grade": 0.0334343181683711, "step_turn": 5.177314327579438, "coast_speed_mps": 0.0, "coast_speed_mph": 0.0}, "geometry": {"type": "Point", "coordinates": [-122.2516, 37.88744]}}, {"id": "498", "type": "Feature", "properties": {"name": "Arli-griz to Vollmer Peak", "step": 498, "lat": 37.88728, "lon": -122.2515, "elevation_m": 340.5, "time": null, "elevation_f": 1117.12602, "step_elevation_m": 0.6000000000000227, "step_elevation_f": 1.968503999999939, "step_dist_m": 19.837834187085917, "step_dist_f": 65.08475991435895, "step_grade": 0.030245237173653374, "step_turn": 9.193199127585103, "coast_speed_mps": 0.0, "coast_speed_mph": 0.0}, "geometry": {"type": "Point", "coordinates": [-122.2515, 37.88728]}}, {"id": "499", "type": "Feature", "properties": {"name": "Arli-griz to Vollmer Peak", "step": 499, "lat": 37.88709, "lon": -122.25135, "elevation_m": 341.2, "time": null, "elevation_f": 1119.4226079999999, "step_elevation_m": 0.6999999999999886, "step_elevation_f": 2.296587999999929, "step_dist_m": 24.892415885879473, "step_dist_f": 81.66803373502881, "step_grade": 0.02812101497938865, "step_turn": 5.670409726735556, "coast_speed_mps": 0.0, "coast_speed_mph": 0.0}, "geometry": {"type": "Point", "coordinates": [-122.25135, 37.88709]}}, {"id": "500", "type": "Feature", "properties": {"name": "Arli-griz to Vollmer Peak", "step": 500, "lat": 37.88669, "lon": -122.25094, "elevation_m": 344.9, "time": null, "elevation_f": 1131.561716, "step_elevation_m": 3.6999999999999886, "step_elevation_f": 12.139108000000078, "step_dist_m": 57.20926261163049, "step_dist_f": 187.6944371467418, "step_grade": 0.06467484164439813, "step_turn": 7.04561063694797, "coast_speed_mps": 0.0, "coast_speed_mph": 0.0}, "geometry": {"type": "Point", "coordinates": [-122.25094, 37.88669]}}, {"id": "501", "type": "Feature", "properties": {"name": "Arli-griz to Vollmer Peak", "step": 501, "lat": 37.88638, "lon": -122.25062, "elevation_m": 345.9, "time": null, "elevation_f": 1134.8425559999998, "step_elevation_m": 1.0, "step_elevation_f": 3.2808399999998983, "step_dist_m": 44.461714651282506, "step_dist_f": 145.8717718965137, "step_grade": 0.022491260353836914, "step_turn": 0.19793430394003053, "coast_speed_mps": 0.0, "coast_speed_mph": 0.0}, "geometry": {"type": "Point", "coordinates": [-122.25062, 37.88638]}}, {"id": "502", "type": "Feature", "properties": {"name": "Arli-griz to Vollmer Peak", "step": 502, "lat": 37.88626, "lon": -122.25047, "elevation_m": 347.0, "time": null, "elevation_f": 1138.45148, "step_elevation_m": 1.1000000000000227, "step_elevation_f": 3.6089240000001155, "step_dist_m": 18.7438223342176, "step_dist_f": 61.49548206699448, "step_grade": 0.05868600226710048, "step_turn": 5.442423856475557, "coast_speed_mps": 0.0, "coast_speed_mph": 0.0}, "geometry": {"type": "Point", "coordinates": [-122.25047, 37.88626]}}, {"id": "503", "type": "Feature", "properties": {"name": "Arli-griz to Vollmer Peak", "step": 503, "lat": 37.88618, "lon": -122.25033, "elevation_m": 348.7, "time": null, "elevation_f": 1144.028908, "step_elevation_m": 1.6999999999999886, "step_elevation_f": 5.5774280000000545, "step_dist_m": 15.16846426887713, "step_dist_f": 49.765304311902845, "step_grade": 0.1120746286417454, "step_turn": 9.482533260134403, "coast_speed_mps": 0.0, "coast_speed_mph": 0.0}, "geometry": {"type": "Point", "coordinates": [-122.25033, 37.88618]}}, {"id": "504", "type": "Feature", "properties": {"name": "Arli-griz to Vollmer Peak", "step": 504, "lat": 37.88611, "lon": -122.2502, "elevation_m": 349.7, "time": null, "elevation_f": 1147.309748, "step_elevation_m": 1.0, "step_elevation_f": 3.2808399999998983, "step_dist_m": 13.810933167872612, "step_dist_f": 45.31146197448318, "step_grade": 0.07240640352429108, "step_turn": 1.601574555050604, "coast_speed_mps": 0.0, "coast_speed_mph": 0.0}, "geometry": {"type": "Point", "coordinates": [-122.2502, 37.88611]}}, {"id": "505", "type": "Feature", "properties": {"name": "Arli-griz to Vollmer Peak", "step": 505, "lat": 37.88605, "lon": -122.25006, "elevation_m": 350.4, "time": null, "elevation_f": 1149.6063359999998, "step_elevation_m": 0.6999999999999886, "step_elevation_f": 2.296587999999929, "step_dist_m": 13.980801461241875, "step_dist_f": 45.86877266610079, "step_grade": 0.05006866036547018, "step_turn": 5.801187351089027, "coast_speed_mps": 0.0, "coast_speed_mph": 0.0}, "geometry": {"type": "Point", "coordinates": [-122.25006, 37.88605]}}, {"id": "506", "type": "Feature", "properties": {"name": "Arli-griz to Vollmer Peak", "step": 506, "lat": 37.886, "lon": -122.24991, "elevation_m": 351.2, "time": null, "elevation_f": 1152.231008, "step_elevation_m": 0.8000000000000114, "step_elevation_f": 2.624672000000146, "step_dist_m": 14.28974998856379, "step_dist_f": 46.88238335247962, "step_grade": 0.05598418451269324, "step_turn": 5.6061688592005225, "coast_speed_mps": 0.0, "coast_speed_mph": 0.0}, "geometry": {"type": "Point", "coordinates": [-122.24991, 37.886]}}, {"id": "507", "type": "Feature", "properties": {"name": "Arli-griz to Vollmer Peak", "step": 507, "lat": 37.88586, "lon": -122.24937, "elevation_m": 355.3, "time": null, "elevation_f": 1165.682452, "step_elevation_m": 4.100000000000023, "step_elevation_f": 13.451444000000038, "step_dist_m": 49.88121026958388, "step_dist_f": 163.65226990086157, "step_grade": 0.08219527910091796, "step_turn": 4.711846189330288, "coast_speed_mps": 0.0, "coast_speed_mph": 0.0}, "geometry": {"type": "Point", "coordinates": [-122.24937, 37.88586]}}, {"id": "508", "type": "Feature", "properties": {"name": "Arli-griz to Vollmer Peak", "step": 508, "lat": 37.88582, "lon": -122.24927, "elevation_m": 356.5, "time": null, "elevation_f": 1169.61946, "step_elevation_m": 1.1999999999999886, "step_elevation_f": 3.937007999999878, "step_dist_m": 9.838666765092366, "step_dist_f": 32.27909146958564, "step_grade": 0.12196774508692519, "step_turn": 8.691845161949857, "coast_speed_mps": 0.0, "coast_speed_mph": 0.0}, "geometry": {"type": "Point", "coordinates": [-122.24927, 37.88582]}}, {"id": "509", "type": "Feature", "properties": {"name": "Arli-griz to Vollmer Peak", "step": 509, "lat": 37.88574, "lon": -122.24911, "elevation_m": 357.5, "time": null, "elevation_f": 1172.9003, "step_elevation_m": 1.0, "step_elevation_f": 3.2808400000001257, "step_dist_m": 16.622095732444084, "step_dist_f": 54.53443656283185, "step_grade": 0.06016088561252449, "step_turn": 5.478434059927167, "coast_speed_mps": 0.0, "coast_speed_mph": 0.0}, "geometry": {"type": "Point", "coordinates": [-122.24911, 37.88574]}}, {"id": "510", "type": "Feature", "properties": {"name": "Arli-griz to Vollmer Peak", "step": 510, "lat": 37.88565, "lon": -122.24899, "elevation_m": 358.1, "time": null, "elevation_f": 1174.868804, "step_elevation_m": 0.6000000000000227, "step_elevation_f": 1.968503999999939, "step_dist_m": 14.527734549671157, "step_dist_f": 47.66317261994312, "step_grade": 0.041300314095675986, "step_turn": 11.184549227823595, "coast_speed_mps": 0.0, "coast_speed_mph": 0.0}, "geometry": {"type": "Point", "coordinates": [-122.24899, 37.88565]}}, {"id": "511", "type": "Feature", "properties": {"name": "Arli-griz to Vollmer Peak", "step": 511, "lat": 37.8855, "lon": -122.24884, "elevation_m": 358.6, "time": null, "elevation_f": 1176.5092240000001, "step_elevation_m": 0.5, "step_elevation_f": 1.6404200000001765, "step_dist_m": 21.2481836137174, "step_dist_f": 69.71189072722859, "step_grade": 0.023531423160199447, "step_turn": 8.17835970192732, "coast_speed_mps": 0.0, "coast_speed_mph": 0.0}, "geometry": {"type": "Point", "coordinates": [-122.24884, 37.8855]}}, {"id": "512", "type": "Feature", "properties": {"name": "Arli-griz to Vollmer Peak", "step": 512, "lat": 37.88538, "lon": -122.24877, "elevation_m": 358.8, "time": null, "elevation_f": 1177.165392, "step_elevation_m": 0.19999999999998863, "step_elevation_f": 0.6561679999999797, "step_dist_m": 14.689607430764758, "step_dist_f": 48.194251643150245, "step_grade": 0.013615067723397725, "step_turn": 13.561018396982263, "coast_speed_mps": 0.0, "coast_speed_mph": 0.0}, "geometry": {"type": "Point", "coordinates": [-122.24877, 37.88538]}}, {"id": "513", "type": "Feature", "properties": {"name": "Arli-griz to Vollmer Peak", "step": 513, "lat": 37.88529, "lon": -122.24873, "elevation_m": 358.9, "time": null, "elevation_f": 1177.4934759999999, "step_elevation_m": 0.0999999999999659, "step_elevation_f": 0.32808399999976245, "step_dist_m": 10.605363184451528, "step_dist_f": 34.79449975007595, "step_grade": 0.009429191462917121, "step_turn": 5.39134486649732, "coast_speed_mps": 0.0, "coast_speed_mph": 0.0}, "geometry": {"type": "Point", "coordinates": [-122.24873, 37.88529]}}, {"id": "514", "type": "Feature", "properties": {"name": "Arli-griz to Vollmer Peak", "step": 514, "lat": 37.88507, "lon": -122.24867, "elevation_m": 361.6, "time": null, "elevation_f": 1186.351744, "step_elevation_m": 2.7000000000000455, "step_elevation_f": 8.85826800000018, "step_dist_m": 25.023171485670957, "step_dist_f": 82.09702193704871, "step_grade": 0.10789999187537636, "step_turn": 7.182067775660698, "coast_speed_mps": 0.0, "coast_speed_mph": 0.0}, "geometry": {"type": "Point", "coordinates": [-122.24867, 37.88507]}}, {"id": "515", "type": "Feature", "properties": {"name": "Arli-griz to Vollmer Peak", "step": 515, "lat": 37.88501, "lon": -122.24863, "elevation_m": 362.2, "time": null, "elevation_f": 1188.320248, "step_elevation_m": 0.5999999999999659, "step_elevation_f": 1.968503999999939, "step_dist_m": 7.538860941686443, "step_dist_f": 24.73379653192255, "step_grade": 0.07958762001859473, "step_turn": 15.604212037898833, "coast_speed_mps": 0.0, "coast_speed_mph": 0.0}, "geometry": {"type": "Point", "coordinates": [-122.24863, 37.88501]}}, {"id": "516", "type": "Feature", "properties": {"name": "Arli-griz to Vollmer Peak", "step": 516, "lat": 37.88484, "lon": -122.24842, "elevation_m": 363.8, "time": null, "elevation_f": 1193.569592, "step_elevation_m": 1.6000000000000227, "step_elevation_f": 5.249344000000065, "step_dist_m": 26.400372338352703, "step_dist_f": 86.61539758256109, "step_grade": 0.060605205846875475, "step_turn": 16.521691883776953, "coast_speed_mps": 0.0, "coast_speed_mph": 0.0}, "geometry": {"type": "Point", "coordinates": [-122.24842, 37.88484]}}, {"id": "517", "type": "Feature", "properties": {"name": "Arli-griz to Vollmer Peak", "step": 517, "lat": 37.88451, "lon": -122.24796, "elevation_m": 364.4, "time": null, "elevation_f": 1195.538096, "step_elevation_m": 0.5999999999999659, "step_elevation_f": 1.968503999999939, "step_dist_m": 54.554500353459396, "step_dist_f": 178.98458693964372, "step_grade": 0.010998176064532848, "step_turn": 3.4573260132355585, "coast_speed_mps": 0.0, "coast_speed_mph": 0.0}, "geometry": {"type": "Point", "coordinates": [-122.24796, 37.88451]}}, {"id": "518", "type": "Feature", "properties": {"name": "Arli-griz to Vollmer Peak", "step": 518, "lat": 37.8844, "lon": -122.24785, "elevation_m": 365.1, "time": null, "elevation_f": 1197.8346840000002, "step_elevation_m": 0.7000000000000455, "step_elevation_f": 2.296588000000156, "step_dist_m": 15.582092279479442, "step_dist_f": 51.122351634207334, "step_grade": 0.04492336378484281, "step_turn": 9.448387392395034, "coast_speed_mps": 0.0, "coast_speed_mph": 0.0}, "geometry": {"type": "Point", "coordinates": [-122.24785, 37.8844]}}, {"id": "519", "type": "Feature", "properties": {"name": "Arli-griz to Vollmer Peak", "step": 519, "lat": 37.88429, "lon": -122.24781, "elevation_m": 365.8, "time": null, "elevation_f": 1200.131272, "step_elevation_m": 0.6999999999999886, "step_elevation_f": 2.296587999999929, "step_dist_m": 12.725223237542114, "step_dist_f": 41.74942140665767, "step_grade": 0.055008858149917544, "step_turn": 22.268798332435324, "coast_speed_mps": 0.0, "coast_speed_mph": 0.0}, "geometry": {"type": "Point", "coordinates": [-122.24781, 37.88429]}}, {"id": "520", "type": "Feature", "properties": {"name": "Arli-griz to Vollmer Peak", "step": 520, "lat": 37.88422, "lon": -122.2478, "elevation_m": 366.4, "time": null, "elevation_f": 1202.099776, "step_elevation_m": 0.5999999999999659, "step_elevation_f": 1.968503999999939, "step_dist_m": 7.83296401078392, "step_dist_f": 25.698701645140314, "step_grade": 0.07659935615354858, "step_turn": 9.580570402145554, "coast_speed_mps": 0.0, "coast_speed_mph": 0.0}, "geometry": {"type": "Point", "coordinates": [-122.2478, 37.88422]}}, {"id": "521", "type": "Feature", "properties": {"name": "Arli-griz to Vollmer Peak", "step": 521, "lat": 37.88415, "lon": -122.24783, "elevation_m": 367.8, "time": null, "elevation_f": 1206.692952, "step_elevation_m": 1.400000000000034, "step_elevation_f": 4.593176000000085, "step_dist_m": 8.216868064627981, "step_dist_f": 26.958229421154066, "step_grade": 0.1703812193391253, "step_turn": 25.121153840025045, "coast_speed_mps": 0.0, "coast_speed_mph": 0.0}, "geometry": {"type": "Point", "coordinates": [-122.24783, 37.88415]}}, {"id": "522", "type": "Feature", "properties": {"name": "Arli-griz to Vollmer Peak", "step": 522, "lat": 37.88408, "lon": -122.24787, "elevation_m": 369.4, "time": null, "elevation_f": 1211.942296, "step_elevation_m": 1.599999999999966, "step_elevation_f": 5.249343999999837, "step_dist_m": 8.538638012907473, "step_dist_f": 28.013905138267354, "step_grade": 0.1873835145114851, "step_turn": 5.587309283327642, "coast_speed_mps": 0.0, "coast_speed_mph": 0.0}, "geometry": {"type": "Point", "coordinates": [-122.24787, 37.88408]}}, {"id": "523", "type": "Feature", "properties": {"name": "Arli-griz to Vollmer Peak", "step": 523, "lat": 37.88403, "lon": -122.24794, "elevation_m": 369.6, "time": null, "elevation_f": 1212.5984640000001, "step_elevation_m": 0.20000000000004547, "step_elevation_f": 0.656168000000207, "step_dist_m": 8.285570388243316, "step_dist_f": 27.183630752564202, "step_grade": 0.024138350243675732, "step_turn": 23.579024158364035, "coast_speed_mps": 0.0, "coast_speed_mph": 0.0}, "geometry": {"type": "Point", "coordinates": [-122.24794, 37.88403]}}, {"id": "524", "type": "Feature", "properties": {"name": "Arli-griz to Vollmer Peak", "step": 524, "lat": 37.8838, "lon": -122.24843, "elevation_m": 368.8, "time": null, "elevation_f": 1209.973792, "step_elevation_m": -0.8000000000000114, "step_elevation_f": -2.624672000000146, "step_dist_m": 50.033329820045104, "step_dist_f": 164.1513498067968, "step_grade": -0.015989341562461897, "step_turn": 11.40476438787573, "coast_speed_mps": 1.3352951889487756, "coast_speed_mph": 2.986970268765153}, "geometry": {"type": "Point", "coordinates": [-122.24843, 37.8838]}}, {"id": "525", "type": "Feature", "properties": {"name": "Arli-griz to Vollmer Peak", "step": 525, "lat": 37.88373, "lon": -122.24852, "elevation_m": 369.0, "time": null, "elevation_f": 1210.62996, "step_elevation_m": 0.19999999999998863, "step_elevation_f": 0.6561679999999797, "step_dist_m": 11.089273183339738, "step_dist_f": 36.38213103082835, "step_grade": 0.018035447111219505, "step_turn": 13.839516776707654, "coast_speed_mps": 1.0616069942604758, "coast_speed_mph": 2.3747472133600454}, "geometry": {"type": "Point", "coordinates": [-122.24852, 37.88373]}}, {"id": "526", "type": "Feature", "properties": {"name": "Arli-griz to Vollmer Peak", "step": 526, "lat": 37.88366, "lon": -122.24859, "elevation_m": 369.2, "time": null, "elevation_f": 1211.286128, "step_elevation_m": 0.19999999999998863, "step_elevation_f": 0.6561679999999797, "step_dist_m": 9.915916183730525, "step_dist_f": 32.53253445223046, "step_grade": 0.02016959364058939, "step_turn": 7.137175970962204, "coast_speed_mps": 0.0, "coast_speed_mph": 0.0}, "geometry": {"type": "Point", "coordinates": [-122.24859, 37.88366]}}, {"id": "527", "type": "Feature", "properties": {"name": "Arli-griz to Vollmer Peak", "step": 527, "lat": 37.88359, "lon": -122.24864, "elevation_m": 369.4, "time": null, "elevation_f": 1211.942296, "step_elevation_m": 0.19999999999998863, "step_elevation_f": 0.6561679999999797, "step_dist_m": 8.93534565240141, "step_dist_f": 29.31543943022464, "step_grade": 0.022383017711937965, "step_turn": 8.87015758229171, "coast_speed_mps": 0.0, "coast_speed_mph": 0.0}, "geometry": {"type": "Point", "coordinates": [-122.24864, 37.88359]}}, {"id": "528", "type": "Feature", "properties": {"name": "Arli-griz to Vollmer Peak", "step": 528, "lat": 37.8832, "lon": -122.24882, "elevation_m": 370.3, "time": null, "elevation_f": 1214.895052, "step_elevation_m": 0.9000000000000341, "step_elevation_f": 2.952756000000136, "step_dist_m": 46.1536751324059, "step_dist_f": 151.42282352140256, "step_grade": 0.01950007225682699, "step_turn": 9.3969808134012, "coast_speed_mps": 0.0, "coast_speed_mph": 0.0}, "geometry": {"type": "Point", "coordinates": [-122.24882, 37.8832]}}, {"id": "529", "type": "Feature", "properties": {"name": "Arli-griz to Vollmer Peak", "step": 529, "lat": 37.88309, "lon": -122.24886, "elevation_m": 370.4, "time": null, "elevation_f": 1215.2231359999998, "step_elevation_m": 0.0999999999999659, "step_elevation_f": 0.32808399999976245, "step_dist_m": 12.725239018468022, "step_dist_f": 41.74947318135062, "step_grade": 0.00785839856169592, "step_turn": 4.001687655445892, "coast_speed_mps": 0.0, "coast_speed_mph": 0.0}, "geometry": {"type": "Point", "coordinates": [-122.24886, 37.88309]}}, {"id": "530", "type": "Feature", "properties": {"name": "Arli-griz to Vollmer Peak", "step": 530, "lat": 37.88298, "lon": -122.24887, "elevation_m": 370.8, "time": null, "elevation_f": 1216.535472, "step_elevation_m": 0.4000000000000341, "step_elevation_f": 1.3123360000001867, "step_dist_m": 12.26288689582289, "step_dist_f": 40.23256984329157, "step_grade": 0.03261874658048801, "step_turn": 11.909750387583983, "coast_speed_mps": 0.0, "coast_speed_mph": 0.0}, "geometry": {"type": "Point", "coordinates": [-122.24887, 37.88298]}}, {"id": "531", "type": "Feature", "properties": {"name": "Arli-griz to Vollmer Peak", "step": 531, "lat": 37.88284, "lon": -122.24885, "elevation_m": 372.0, "time": null, "elevation_f": 1220.47248, "step_elevation_m": 1.1999999999999886, "step_elevation_f": 3.937007999999878, "step_dist_m": 15.665931613297834, "step_dist_f": 51.397415074172066, "step_grade": 0.07659933859160876, "step_turn": 10.5371020588627, "coast_speed_mps": 0.0, "coast_speed_mph": 0.0}, "geometry": {"type": "Point", "coordinates": [-122.24885, 37.88284]}}, {"id": "532", "type": "Feature", "properties": {"name": "Arli-griz to Vollmer Peak", "step": 532, "lat": 37.8827, "lon": -122.2488, "elevation_m": 374.7, "time": null, "elevation_f": 1229.3307479999999, "step_elevation_m": 2.6999999999999886, "step_elevation_f": 8.858267999999953, "step_dist_m": 16.173936787326102, "step_dist_f": 53.06409876933097, "step_grade": 0.16693523880442693, "step_turn": 9.30911157699893, "coast_speed_mps": 0.0, "coast_speed_mph": 0.0}, "geometry": {"type": "Point", "coordinates": [-122.2488, 37.8827]}}, {"id": "533", "type": "Feature", "properties": {"name": "Arli-griz to Vollmer Peak", "step": 533, "lat": 37.88259, "lon": -122.24871, "elevation_m": 376.7, "time": null, "elevation_f": 1235.8924279999999, "step_elevation_m": 2.0, "step_elevation_f": 6.561680000000024, "step_dist_m": 14.560114067571137, "step_dist_f": 47.76940463745009, "step_grade": 0.13736156122941917, "step_turn": 17.110857059733576, "coast_speed_mps": 0.0, "coast_speed_mph": 0.0}, "geometry": {"type": "Point", "coordinates": [-122.24871, 37.88259]}}, {"id": "534", "type": "Feature", "properties": {"name": "Arli-griz to Vollmer Peak", "step": 534, "lat": 37.88251, "lon": -122.24862, "elevation_m": 377.1, "time": null, "elevation_f": 1237.204764, "step_elevation_m": 0.4000000000000341, "step_elevation_f": 1.3123360000001867, "step_dist_m": 11.896239149656932, "step_dist_f": 39.02965725176045, "step_grade": 0.033624071857328915, "step_turn": 8.749816769268818, "coast_speed_mps": 0.0, "coast_speed_mph": 0.0}, "geometry": {"type": "Point", "coordinates": [-122.24862, 37.88251]}}, {"id": "535", "type": "Feature", "properties": {"name": "Arli-griz to Vollmer Peak", "step": 535, "lat": 37.88245, "lon": -122.24853, "elevation_m": 377.4, "time": null, "elevation_f": 1238.1890159999998, "step_elevation_m": 0.2999999999999545, "step_elevation_f": 0.9842519999997421, "step_dist_m": 10.339272300049133, "step_dist_f": 33.9214981328932, "step_grade": 0.029015581686394787, "step_turn": 8.21071087729024, "coast_speed_mps": 0.0, "coast_speed_mph": 0.0}, "geometry": {"type": "Point", "coordinates": [-122.24853, 37.88245]}}, {"id": "536", "type": "Feature", "properties": {"name": "Arli-griz to Vollmer Peak", "step": 536, "lat": 37.8823, "lon": -122.24826, "elevation_m": 377.0, "time": null, "elevation_f": 1236.87668, "step_elevation_m": -0.39999999999997726, "step_elevation_f": -1.312335999999732, "step_dist_m": 28.977575472834552, "step_dist_f": 95.07078871429451, "step_grade": -0.013803777351040396, "step_turn": 5.045461006684093, "coast_speed_mps": 0.0, "coast_speed_mph": 0.0}, "geometry": {"type": "Point", "coordinates": [-122.24826, 37.8823]}}, {"id": "537", "type": "Feature", "properties": {"name": "Arli-griz to Vollmer Peak", "step": 537, "lat": 37.88226, "lon": -122.24815, "elevation_m": 377.1, "time": null, "elevation_f": 1237.204764, "step_elevation_m": 0.10000000000002274, "step_elevation_f": 0.32808399999998983, "step_dist_m": 10.629291215935956, "step_dist_f": 34.87300379289132, "step_grade": 0.009407965024996006, "step_turn": 10.404408448793447, "coast_speed_mps": 0.0, "coast_speed_mph": 0.0}, "geometry": {"type": "Point", "coordinates": [-122.24815, 37.88226]}}, {"id": "538", "type": "Feature", "properties": {"name": "Arli-griz to Vollmer Peak", "step": 538, "lat": 37.88223, "lon": -122.24796, "elevation_m": 377.3, "time": null, "elevation_f": 1237.860932, "step_elevation_m": 0.19999999999998863, "step_elevation_f": 0.6561679999999797, "step_dist_m": 17.00542459332996, "step_dist_f": 55.79207722278066, "step_grade": 0.011760953036035023, "step_turn": 13.423901122534403, "coast_speed_mps": 0.0, "coast_speed_mph": 0.0}, "geometry": {"type": "Point", "coordinates": [-122.24796, 37.88223]}}, {"id": "539", "type": "Feature", "properties": {"name": "Arli-griz to Vollmer Peak", "step": 539, "lat": 37.88224, "lon": -122.24784, "elevation_m": 377.5, "time": null, "elevation_f": 1238.5171, "step_elevation_m": 0.19999999999998863, "step_elevation_f": 0.6561679999999797, "step_dist_m": 10.590136893432271, "step_dist_f": 34.744544725448335, "step_grade": 0.018885497138759692, "step_turn": 17.339777323722274, "coast_speed_mps": 0.0, "coast_speed_mph": 0.0}, "geometry": {"type": "Point", "coordinates": [-122.24784, 37.88224]}}, {"id": "540", "type": "Feature", "properties": {"name": "Arli-griz to Vollmer Peak", "step": 540, "lat": 37.88226, "lon": -122.24771, "elevation_m": 377.4, "time": null, "elevation_f": 1238.1890159999998, "step_elevation_m": -0.10000000000002274, "step_elevation_f": -0.3280840000002172, "step_dist_m": 11.62395118976418, "step_dist_f": 38.136324021425914, "step_grade": -0.008602926695707459, "step_turn": 5.0027676579239255, "coast_speed_mps": 0.0, "coast_speed_mph": 0.0}, "geometry": {"type": "Point", "coordinates": [-122.24771, 37.88226]}}, {"id": "541", "type": "Feature", "properties": {"name": "Arli-griz to Vollmer Peak", "step": 541, "lat": 37.88233, "lon": -122.24745, "elevation_m": 376.0, "time": null, "elevation_f": 1233.59584, "step_elevation_m": -1.3999999999999773, "step_elevation_f": -4.593175999999858, "step_dist_m": 24.10947028892195, "step_dist_f": 79.09931450270669, "step_grade": -0.05806846783536603, "step_turn": 7.8053145026392485, "coast_speed_mps": 4.482805494045572, "coast_speed_mph": 10.027750299851395}, "geometry": {"type": "Point", "coordinates": [-122.24745, 37.88233]}}, {"id": "542", "type": "Feature", "properties": {"name": "Arli-griz to Vollmer Peak", "step": 542, "lat": 37.88237, "lon": -122.24738, "elevation_m": 375.8, "time": null, "elevation_f": 1232.939672, "step_elevation_m": -0.19999999999998863, "step_elevation_f": -0.6561679999999797, "step_dist_m": 7.584493632566257, "step_dist_f": 24.88351008946868, "step_grade": -0.026369591654903594, "step_turn": 17.069104954870795, "coast_speed_mps": 4.5083533626729455, "coast_speed_mph": 10.084899254368603}, "geometry": {"type": "Point", "coordinates": [-122.24738, 37.88237]}}, {"id": "543", "type": "Feature", "properties": {"name": "Arli-griz to Vollmer Peak", "step": 543, "lat": 37.88244, "lon": -122.24731, "elevation_m": 376.7, "time": null, "elevation_f": 1235.8924279999999, "step_elevation_m": 0.8999999999999773, "step_elevation_f": 2.9527559999999085, "step_dist_m": 9.915982852649668, "step_dist_f": 32.53275318228714, "step_grade": 0.09076256114737902, "step_turn": 15.812645106102195, "coast_speed_mps": 0.0, "coast_speed_mph": 0.0}, "geometry": {"type": "Point", "coordinates": [-122.24731, 37.88244]}}, {"id": "544", "type": "Feature", "properties": {"name": "Arli-griz to Vollmer Peak", "step": 544, "lat": 37.88252, "lon": -122.24728, "elevation_m": 378.6, "time": null, "elevation_f": 1242.1260240000001, "step_elevation_m": 1.900000000000034, "step_elevation_f": 6.2335960000002615, "step_dist_m": 9.27705283683319, "step_dist_f": 30.436526029195804, "step_grade": 0.20480642219222467, "step_turn": 21.795515992237767, "coast_speed_mps": 0.0, "coast_speed_mph": 0.0}, "geometry": {"type": "Point", "coordinates": [-122.24728, 37.88252]}}, {"id": "545", "type": "Feature", "properties": {"name": "Arli-griz to Vollmer Peak", "step": 545, "lat": 37.88261, "lon": -122.24728, "elevation_m": 380.3, "time": null, "elevation_f": 1247.703452, "step_elevation_m": 1.6999999999999886, "step_elevation_f": 5.577427999999827, "step_dist_m": 10.007543397970053, "step_dist_f": 32.83314868179607, "step_grade": 0.169871858896442, "step_turn": null, "coast_speed_mps": 0.0, "coast_speed_mph": 0.0}, "geometry": {"type": "Point", "coordinates": [-122.24728, 37.88261]}}, {"id": "546", "type": "Feature", "properties": {"name": "Arli-griz to Vollmer Peak", "step": 546, "lat": 37.8828, "lon": -122.24731, "elevation_m": 381.3, "time": null, "elevation_f": 1250.984292, "step_elevation_m": 1.0, "step_elevation_f": 3.2808400000001257, "step_dist_m": 21.290460888567377, "step_dist_f": 69.85059570164739, "step_grade": 0.046969391843319996, "step_turn": null, "coast_speed_mps": 0.0, "coast_speed_mph": 0.0}, "geometry": {"type": "Point", "coordinates": [-122.24731, 37.8828]}}, {"id": "547", "type": "Feature", "properties": {"name": "Arli-griz to Vollmer Peak", "step": 547, "lat": 37.8829, "lon": -122.24731, "elevation_m": 381.8, "time": null, "elevation_f": 1252.624712, "step_elevation_m": 0.5, "step_elevation_f": 1.6404199999999491, "step_dist_m": 11.119492663861031, "step_dist_f": 36.481276311301826, "step_grade": 0.04496608029834201, "step_turn": null, "coast_speed_mps": 0.0, "coast_speed_mph": 0.0}, "geometry": {"type": "Point", "coordinates": [-122.24731, 37.8829]}}, {"id": "548", "type": "Feature", "properties": {"name": "Arli-griz to Vollmer Peak", "step": 548, "lat": 37.88298, "lon": -122.2473, "elevation_m": 382.2, "time": null, "elevation_f": 1253.937048, "step_elevation_m": 0.39999999999997726, "step_elevation_f": 1.3123359999999593, "step_dist_m": 8.93878181159422, "step_dist_f": 29.32671291875078, "step_grade": 0.0447488269017988, "step_turn": null, "coast_speed_mps": 0.0, "coast_speed_mph": 0.0}, "geometry": {"type": "Point", "coordinates": [-122.2473, 37.88298]}}, {"id": "549", "type": "Feature", "properties": {"name": "Arli-griz to Vollmer Peak", "step": 549, "lat": 37.88306, "lon": -122.24725, "elevation_m": 382.5, "time": null, "elevation_f": 1254.9213, "step_elevation_m": 0.30000000000001137, "step_elevation_f": 0.9842519999999695, "step_dist_m": 9.919031498686477, "step_dist_f": 32.54275530215054, "step_grade": 0.030244888328032703, "step_turn": 20.622236430587122, "coast_speed_mps": 0.0, "coast_speed_mph": 0.0}, "geometry": {"type": "Point", "coordinates": [-122.24725, 37.88306]}}, {"id": "550", "type": "Feature", "properties": {"name": "Arli-griz to Vollmer Peak", "step": 550, "lat": 37.88313, "lon": -122.24718, "elevation_m": 382.9, "time": null, "elevation_f": 1256.233636, "step_elevation_m": 0.39999999999997726, "step_elevation_f": 1.3123359999999593, "step_dist_m": 9.915947192383634, "step_dist_f": 32.53263618665992, "step_grade": 0.040339061134493974, "step_turn": 12.026077746732312, "coast_speed_mps": 0.0, "coast_speed_mph": 0.0}, "geometry": {"type": "Point", "coordinates": [-122.24718, 37.88313]}}, {"id": "551", "type": "Feature", "properties": {"name": "Arli-griz to Vollmer Peak", "step": 551, "lat": 37.88318, "lon": -122.24709, "elevation_m": 383.1, "time": null, "elevation_f": 1256.8898040000001, "step_elevation_m": 0.20000000000004547, "step_elevation_f": 0.656168000000207, "step_dist_m": 9.659123415171871, "step_dist_f": 31.690038465432483, "step_grade": 0.02070581267094067, "step_turn": 16.57585266286219, "coast_speed_mps": 0.0, "coast_speed_mph": 0.0}, "geometry": {"type": "Point", "coordinates": [-122.24709, 37.88318]}}, {"id": "552", "type": "Feature", "properties": {"name": "Arli-griz to Vollmer Peak", "step": 552, "lat": 37.88322, "lon": -122.24698, "elevation_m": 383.4, "time": null, "elevation_f": 1257.8740559999999, "step_elevation_m": 0.2999999999999545, "step_elevation_f": 0.9842519999997421, "step_dist_m": 10.629181682809191, "step_dist_f": 34.87264443222771, "step_grade": 0.028224185920648164, "step_turn": 10.404465032741882, "coast_speed_mps": 0.0, "coast_speed_mph": 0.0}, "geometry": {"type": "Point", "coordinates": [-122.24698, 37.88322]}}, {"id": "553", "type": "Feature", "properties": {"name": "Arli-griz to Vollmer Peak", "step": 553, "lat": 37.88324, "lon": -122.24684, "elevation_m": 383.3, "time": null, "elevation_f": 1257.5459720000001, "step_elevation_m": -0.0999999999999659, "step_elevation_f": -0.32808399999976245, "step_dist_m": 12.486340399760167, "step_dist_f": 40.96568503714914, "step_grade": -0.008008751707737093, "step_turn": 14.477364962328693, "coast_speed_mps": 0.0, "coast_speed_mph": 0.0}, "geometry": {"type": "Point", "coordinates": [-122.24684, 37.88324]}}, {"id": "554", "type": "Feature", "properties": {"name": "Arli-griz to Vollmer Peak", "step": 554, "lat": 37.88321, "lon": -122.24666, "elevation_m": 382.7, "time": null, "elevation_f": 1255.577468, "step_elevation_m": -0.6000000000000227, "step_elevation_f": -1.9685040000001663, "step_dist_m": 16.145555104089816, "step_dist_f": 52.97098300770203, "step_grade": -0.03716193070673905, "step_turn": 22.183292920558756, "coast_speed_mps": 3.039373894548433, "coast_speed_mph": 6.798885769838112}, "geometry": {"type": "Point", "coordinates": [-122.24666, 37.88321]}}, {"id": "555", "type": "Feature", "properties": {"name": "Arli-griz to Vollmer Peak", "step": 555, "lat": 37.88298, "lon": -122.24571, "elevation_m": 384.8, "time": null, "elevation_f": 1262.467232, "step_elevation_m": 2.1000000000000227, "step_elevation_f": 6.889764000000014, "step_dist_m": 87.20852168965443, "step_dist_f": 286.11720630028583, "step_grade": 0.02408021554904016, "step_turn": 5.129218535892164, "coast_speed_mps": 0.0, "coast_speed_mph": 0.0}, "geometry": {"type": "Point", "coordinates": [-122.24571, 37.88298]}}, {"id": "556", "type": "Feature", "properties": {"name": "Arli-griz to Vollmer Peak", "step": 556, "lat": 37.88283, "lon": -122.24519, "elevation_m": 386.4, "time": null, "elevation_f": 1267.7165759999998, "step_elevation_m": 1.599999999999966, "step_elevation_f": 5.249343999999837, "step_dist_m": 48.588972336587304, "step_dist_f": 159.4126440007691, "step_grade": 0.03292928257293419, "step_turn": 3.0232152298437427, "coast_speed_mps": 0.0, "coast_speed_mph": 0.0}, "geometry": {"type": "Point", "coordinates": [-122.24519, 37.88283]}}, {"id": "557", "type": "Feature", "properties": {"name": "Arli-griz to Vollmer Peak", "step": 557, "lat": 37.88272, "lon": -122.24496, "elevation_m": 387.7, "time": null, "elevation_f": 1271.981668, "step_elevation_m": 1.3000000000000114, "step_elevation_f": 4.265092000000095, "step_dist_m": 23.602101318708133, "step_dist_f": 77.4347180904704, "step_grade": 0.055079841512652536, "step_turn": 11.137687361806343, "coast_speed_mps": 0.0, "coast_speed_mph": 0.0}, "geometry": {"type": "Point", "coordinates": [-122.24496, 37.88272]}}, {"id": "558", "type": "Feature", "properties": {"name": "Arli-griz to Vollmer Peak", "step": 558, "lat": 37.88231, "lon": -122.24418, "elevation_m": 393.2, "time": null, "elevation_f": 1290.026288, "step_elevation_m": 5.5, "step_elevation_f": 18.044620000000123, "step_dist_m": 82.24685813533178, "step_dist_f": 269.8387820447219, "step_grade": 0.06687185534735093, "step_turn": 2.448799518829958, "coast_speed_mps": 0.0, "coast_speed_mph": 0.0}, "geometry": {"type": "Point", "coordinates": [-122.24418, 37.88231]}}, {"id": "559", "type": "Feature", "properties": {"name": "Arli-griz to Vollmer Peak", "step": 559, "lat": 37.8822, "lon": -122.244, "elevation_m": 394.1, "time": null, "elevation_f": 1292.9790440000002, "step_elevation_m": 0.9000000000000341, "step_elevation_f": 2.952756000000136, "step_dist_m": 19.97913448184296, "step_dist_f": 65.54834357340965, "step_grade": 0.04504699644611503, "step_turn": 4.086793544182854, "coast_speed_mps": 0.0, "coast_speed_mph": 0.0}, "geometry": {"type": "Point", "coordinates": [-122.244, 37.8822]}}, {"id": "560", "type": "Feature", "properties": {"name": "Arli-griz to Vollmer Peak", "step": 560, "lat": 37.88204, "lon": -122.24382, "elevation_m": 397.4, "time": null, "elevation_f": 1303.8058159999998, "step_elevation_m": 3.2999999999999545, "step_elevation_f": 10.826771999999664, "step_dist_m": 23.79253953786883, "step_dist_f": 78.05951541742157, "step_grade": 0.13869893941954317, "step_turn": 10.64746857575409, "coast_speed_mps": 0.0, "coast_speed_mph": 0.0}, "geometry": {"type": "Point", "coordinates": [-122.24382, 37.88204]}}, {"id": "561", "type": "Feature", "properties": {"name": "Arli-griz to Vollmer Peak", "step": 561, "lat": 37.88196, "lon": -122.24376, "elevation_m": 398.6, "time": null, "elevation_f": 1307.7428240000002, "step_elevation_m": 1.2000000000000455, "step_elevation_f": 3.9370080000003327, "step_dist_m": 10.337331086101338, "step_dist_f": 33.91512932052471, "step_grade": 0.11608412171430393, "step_turn": 10.979296642962368, "coast_speed_mps": 0.0, "coast_speed_mph": 0.0}, "geometry": {"type": "Point", "coordinates": [-122.24376, 37.88196]}}, {"id": "562", "type": "Feature", "properties": {"name": "Arli-griz to Vollmer Peak", "step": 562, "lat": 37.88186, "lon": -122.24373, "elevation_m": 399.3, "time": null, "elevation_f": 1310.039412, "step_elevation_m": 0.6999999999999886, "step_elevation_f": 2.296587999999929, "step_dist_m": 11.426956672442273, "step_dist_f": 37.49001652921551, "step_grade": 0.06125865530654701, "step_turn": 17.302404092381835, "coast_speed_mps": 0.0, "coast_speed_mph": 0.0}, "geometry": {"type": "Point", "coordinates": [-122.24373, 37.88186]}}, {"id": "563", "type": "Feature", "properties": {"name": "Arli-griz to Vollmer Peak", "step": 563, "lat": 37.88177, "lon": -122.24372, "elevation_m": 399.8, "time": null, "elevation_f": 1311.679832, "step_elevation_m": 0.5, "step_elevation_f": 1.6404199999999491, "step_dist_m": 10.045953100764514, "step_dist_f": 32.95916477111225, "step_grade": 0.04977128551017714, "step_turn": 8.30946845993492, "coast_speed_mps": 0.0, "coast_speed_mph": 0.0}, "geometry": {"type": "Point", "coordinates": [-122.24372, 37.88177]}}, {"id": "564", "type": "Feature", "properties": {"name": "Arli-griz to Vollmer Peak", "step": 564, "lat": 37.88136, "lon": -122.24384, "elevation_m": 400.3, "time": null, "elevation_f": 1313.320252, "step_elevation_m": 0.5, "step_elevation_f": 1.6404199999999491, "step_dist_m": 46.79056940278237, "step_dist_f": 153.5123717194245, "step_grade": 0.010685913986126184, "step_turn": 18.019598047224974, "coast_speed_mps": 0.0, "coast_speed_mph": 0.0}, "geometry": {"type": "Point", "coordinates": [-122.24384, 37.88136]}}, {"id": "565", "type": "Feature", "properties": {"name": "Arli-griz to Vollmer Peak", "step": 565, "lat": 37.88129, "lon": -122.24384, "elevation_m": 400.6, "time": null, "elevation_f": 1314.3045040000002, "step_elevation_m": 0.30000000000001137, "step_elevation_f": 0.9842520000001969, "step_dist_m": 7.7836448647734535, "step_dist_f": 25.536893418143336, "step_grade": 0.038542354541087225, "step_turn": 13.00771108892826, "coast_speed_mps": 0.0, "coast_speed_mph": 0.0}, "geometry": {"type": "Point", "coordinates": [-122.24384, 37.88129]}}, {"id": "566", "type": "Feature", "properties": {"name": "Arli-griz to Vollmer Peak", "step": 566, "lat": 37.88122, "lon": -122.24382, "elevation_m": 401.1, "time": null, "elevation_f": 1315.9449240000001, "step_elevation_m": 0.5, "step_elevation_f": 1.6404199999999491, "step_dist_m": 7.979108322106218, "step_dist_f": 26.178177747498964, "step_grade": 0.06266364358217118, "step_turn": 12.708199623993664, "coast_speed_mps": 0.0, "coast_speed_mph": 0.0}, "geometry": {"type": "Point", "coordinates": [-122.24382, 37.88122]}}, {"id": "567", "type": "Feature", "properties": {"name": "Arli-griz to Vollmer Peak", "step": 567, "lat": 37.88112, "lon": -122.24375, "elevation_m": 402.0, "time": null, "elevation_f": 1318.89768, "step_elevation_m": 0.8999999999999773, "step_elevation_f": 2.9527559999999085, "step_dist_m": 12.70377784168132, "step_dist_f": 41.67906249410174, "step_grade": 0.07084506760241518, "step_turn": 16.21247866369231, "coast_speed_mps": 0.0, "coast_speed_mph": 0.0}, "geometry": {"type": "Point", "coordinates": [-122.24375, 37.88112]}}, {"id": "568", "type": "Feature", "properties": {"name": "Arli-griz to Vollmer Peak", "step": 568, "lat": 37.88108, "lon": -122.24369, "elevation_m": 402.6, "time": null, "elevation_f": 1320.866184, "step_elevation_m": 0.6000000000000227, "step_elevation_f": 1.968503999999939, "step_dist_m": 6.89292357803962, "step_dist_f": 22.614579391775507, "step_grade": 0.08704579315395015, "step_turn": 20.89341504168908, "coast_speed_mps": 0.0, "coast_speed_mph": 0.0}, "geometry": {"type": "Point", "coordinates": [-122.24369, 37.88108]}}, {"id": "569", "type": "Feature", "properties": {"name": "Arli-griz to Vollmer Peak", "step": 569, "lat": 37.88105, "lon": -122.24359, "elevation_m": 403.6, "time": null, "elevation_f": 1324.147024, "step_elevation_m": 1.0, "step_elevation_f": 3.2808400000001257, "step_dist_m": 9.38905392252872, "step_dist_f": 30.803983671189126, "step_grade": 0.10650700360773661, "step_turn": 19.37464781027245, "coast_speed_mps": 0.0, "coast_speed_mph": 0.0}, "geometry": {"type": "Point", "coordinates": [-122.24359, 37.88105]}}, {"id": "570", "type": "Feature", "properties": {"name": "Arli-griz to Vollmer Peak", "step": 570, "lat": 37.88103, "lon": -122.24348, "elevation_m": 404.6, "time": null, "elevation_f": 1327.427864, "step_elevation_m": 1.0, "step_elevation_f": 3.2808399999998983, "step_dist_m": 9.90695695412754, "step_dist_f": 32.5031406533798, "step_grade": 0.10093916877102908, "step_turn": 7.839080449628796, "coast_speed_mps": 0.0, "coast_speed_mph": 0.0}, "geometry": {"type": "Point", "coordinates": [-122.24348, 37.88103]}}, {"id": "571", "type": "Feature", "properties": {"name": "Arli-griz to Vollmer Peak", "step": 571, "lat": 37.88101, "lon": -122.24331, "elevation_m": 405.2, "time": null, "elevation_f": 1329.396368, "step_elevation_m": 0.5999999999999659, "step_elevation_f": 1.968503999999939, "step_dist_m": 15.084841593774328, "step_dist_f": 49.490951694518564, "step_grade": 0.03977502821425663, "step_turn": 4.494439177812978, "coast_speed_mps": 0.0, "coast_speed_mph": 0.0}, "geometry": {"type": "Point", "coordinates": [-122.24331, 37.88101]}}, {"id": "572", "type": "Feature", "properties": {"name": "Arli-griz to Vollmer Peak", "step": 572, "lat": 37.88102, "lon": -122.24319, "elevation_m": 405.3, "time": null, "elevation_f": 1329.724452, "step_elevation_m": 0.10000000000002274, "step_elevation_f": 0.32808399999998983, "step_dist_m": 10.590310386181033, "step_dist_f": 34.74511392739818, "step_grade": 0.009442593876238947, "step_turn": 14.504761338678804, "coast_speed_mps": 0.0, "coast_speed_mph": 0.0}, "geometry": {"type": "Point", "coordinates": [-122.24319, 37.88102]}}, {"id": "573", "type": "Feature", "properties": {"name": "Arli-griz to Vollmer Peak", "step": 573, "lat": 37.88103, "lon": -122.24313, "elevation_m": 405.5, "time": null, "elevation_f": 1330.38062, "step_elevation_m": 0.19999999999998863, "step_elevation_f": 0.6561679999999797, "step_dist_m": 5.382005609544376, "step_dist_f": 17.65749928401757, "step_grade": 0.037160867994137974, "step_turn": 5.896466683461767, "coast_speed_mps": 0.0, "coast_speed_mph": 0.0}, "geometry": {"type": "Point", "coordinates": [-122.24313, 37.88103]}}, {"id": "574", "type": "Feature", "properties": {"name": "Arli-griz to Vollmer Peak", "step": 574, "lat": 37.88107, "lon": -122.24302, "elevation_m": 406.0, "time": null, "elevation_f": 1332.02104, "step_elevation_m": 0.5, "step_elevation_f": 1.6404200000001765, "step_dist_m": 10.629437651778547, "step_dist_f": 34.87348422546113, "step_grade": 0.04703917708349685, "step_turn": 12.812772323504191, "coast_speed_mps": 0.0, "coast_speed_mph": 0.0}, "geometry": {"type": "Point", "coordinates": [-122.24302, 37.88107]}}, {"id": "575", "type": "Feature", "properties": {"name": "Arli-griz to Vollmer Peak", "step": 575, "lat": 37.88113, "lon": -122.24292, "elevation_m": 406.5, "time": null, "elevation_f": 1333.66146, "step_elevation_m": 0.5, "step_elevation_f": 1.6404199999999491, "step_dist_m": 11.024422976596496, "step_dist_f": 36.169367878536846, "step_grade": 0.04535384764004782, "step_turn": 12.505142863375795, "coast_speed_mps": 0.0, "coast_speed_mph": 0.0}, "geometry": {"type": "Point", "coordinates": [-122.24292, 37.88113]}}, {"id": "576", "type": "Feature", "properties": {"name": "Arli-griz to Vollmer Peak", "step": 576, "lat": 37.88121, "lon": -122.24284, "elevation_m": 406.7, "time": null, "elevation_f": 1334.317628, "step_elevation_m": 0.19999999999998863, "step_elevation_f": 0.6561679999999797, "step_dist_m": 11.332624775541783, "step_dist_f": 37.1805286685885, "step_grade": 0.017648162183189126, "step_turn": 14.475085281266502, "coast_speed_mps": 0.0, "coast_speed_mph": 0.0}, "geometry": {"type": "Point", "coordinates": [-122.24284, 37.88121]}}, {"id": "577", "type": "Feature", "properties": {"name": "Arli-griz to Vollmer Peak", "step": 577, "lat": 37.88149, "lon": -122.24266, "elevation_m": 408.3, "time": null, "elevation_f": 1339.566972, "step_elevation_m": 1.6000000000000227, "step_elevation_f": 5.249344000000065, "step_dist_m": 34.91311808453454, "step_dist_f": 114.5443543364643, "step_grade": 0.04582804652755362, "step_turn": 11.380472125611732, "coast_speed_mps": 0.0, "coast_speed_mph": 0.0}, "geometry": {"type": "Point", "coordinates": [-122.24266, 37.88149]}}, {"id": "578", "type": "Feature", "properties": {"name": "Arli-griz to Vollmer Peak", "step": 578, "lat": 37.88158, "lon": -122.24256, "elevation_m": 409.3, "time": null, "elevation_f": 1342.847812, "step_elevation_m": 1.0, "step_elevation_f": 3.2808399999998983, "step_dist_m": 13.310762366822162, "step_dist_f": 43.670481603564824, "step_grade": 0.07512717697466806, "step_turn": 14.34704569440595, "coast_speed_mps": 0.0, "coast_speed_mph": 0.0}, "geometry": {"type": "Point", "coordinates": [-122.24256, 37.88158]}}, {"id": "579", "type": "Feature", "properties": {"name": "Arli-griz to Vollmer Peak", "step": 579, "lat": 37.88165, "lon": -122.24244, "elevation_m": 410.8, "time": null, "elevation_f": 1347.769072, "step_elevation_m": 1.5, "step_elevation_f": 4.921260000000075, "step_dist_m": 13.095860531901419, "step_dist_f": 42.96542306748345, "step_grade": 0.11454001028386115, "step_turn": 12.282916214865338, "coast_speed_mps": 0.0, "coast_speed_mph": 0.0}, "geometry": {"type": "Point", "coordinates": [-122.24244, 37.88165]}}, {"id": "580", "type": "Feature", "properties": {"name": "Arli-griz to Vollmer Peak", "step": 580, "lat": 37.88176, "lon": -122.24215, "elevation_m": 411.1, "time": null, "elevation_f": 1348.753324, "step_elevation_m": 0.30000000000001137, "step_elevation_f": 0.9842519999999695, "step_dist_m": 28.2380839130044, "step_dist_f": 92.64463522514136, "step_grade": 0.010623950297911442, "step_turn": 10.79901576224745, "coast_speed_mps": 0.0, "coast_speed_mph": 0.0}, "geometry": {"type": "Point", "coordinates": [-122.24215, 37.88176]}}, {"id": "581", "type": "Feature", "properties": {"name": "Arli-griz to Vollmer Peak", "step": 581, "lat": 37.88179, "lon": -122.24208, "elevation_m": 411.0, "time": null, "elevation_f": 1348.42524, "step_elevation_m": -0.10000000000002274, "step_elevation_f": -0.32808399999998983, "step_dist_m": 6.990716330103497, "step_dist_f": 22.93542176445676, "step_grade": -0.01430468571144872, "step_turn": 2.8335883825567407, "coast_speed_mps": 0.0, "coast_speed_mph": 0.0}, "geometry": {"type": "Point", "coordinates": [-122.24208, 37.88179]}}, {"id": "582", "type": "Feature", "properties": {"name": "Arli-griz to Vollmer Peak", "step": 582, "lat": 37.88188, "lon": -122.24195, "elevation_m": 411.1, "time": null, "elevation_f": 1348.753324, "step_elevation_m": 0.10000000000002274, "step_elevation_f": 0.32808399999998983, "step_dist_m": 15.176393132553653, "step_dist_f": 49.791317645007325, "step_grade": 0.006589180915821219, "step_turn": 12.753751082450492, "coast_speed_mps": 0.0, "coast_speed_mph": 0.0}, "geometry": {"type": "Point", "coordinates": [-122.24195, 37.88188]}}, {"id": "583", "type": "Feature", "properties": {"name": "Arli-griz to Vollmer Peak", "step": 583, "lat": 37.88194, "lon": -122.2419, "elevation_m": 411.3, "time": null, "elevation_f": 1349.409492, "step_elevation_m": 0.19999999999998863, "step_elevation_f": 0.6561679999999797, "step_dist_m": 7.985467646791232, "step_dist_f": 26.199041674298545, "step_grade": 0.02504549624972231, "step_turn": 15.410506372401414, "coast_speed_mps": 0.0, "coast_speed_mph": 0.0}, "geometry": {"type": "Point", "coordinates": [-122.2419, 37.88194]}}, {"id": "584", "type": "Feature", "properties": {"name": "Arli-griz to Vollmer Peak", "step": 584, "lat": 37.88206, "lon": -122.24183, "elevation_m": 411.7, "time": null, "elevation_f": 1350.721828, "step_elevation_m": 0.39999999999997726, "step_elevation_f": 1.3123359999999593, "step_dist_m": 14.68972744195346, "step_dist_f": 48.19464538065859, "step_grade": 0.02722991298378949, "step_turn": 8.612300432334848, "coast_speed_mps": 0.0, "coast_speed_mph": 0.0}, "geometry": {"type": "Point", "coordinates": [-122.24183, 37.88206]}}, {"id": "585", "type": "Feature", "properties": {"name": "Arli-griz to Vollmer Peak", "step": 585, "lat": 37.88236, "lon": -122.24174, "elevation_m": 414.6, "time": null, "elevation_f": 1360.2362640000001, "step_elevation_m": 2.900000000000034, "step_elevation_f": 9.51443600000016, "step_dist_m": 34.280862605662584, "step_dist_f": 112.47002527116203, "step_grade": 0.08459530418937025, "step_turn": 11.400603769609688, "coast_speed_mps": 0.0, "coast_speed_mph": 0.0}, "geometry": {"type": "Point", "coordinates": [-122.24174, 37.88236]}}, {"id": "586", "type": "Feature", "properties": {"name": "Arli-griz to Vollmer Peak", "step": 586, "lat": 37.88242, "lon": -122.2417, "elevation_m": 415.7, "time": null, "elevation_f": 1363.845188, "step_elevation_m": 1.099999999999966, "step_elevation_f": 3.608923999999888, "step_dist_m": 7.538919763458054, "step_dist_f": 24.733989516743723, "step_grade": 0.1459094982455952, "step_turn": 14.431254467060342, "coast_speed_mps": 0.0, "coast_speed_mph": 0.0}, "geometry": {"type": "Point", "coordinates": [-122.2417, 37.88242]}}, {"id": "587", "type": "Feature", "properties": {"name": "Arli-griz to Vollmer Peak", "step": 587, "lat": 37.88249, "lon": -122.24166, "elevation_m": 416.4, "time": null, "elevation_f": 1366.141776, "step_elevation_m": 0.6999999999999886, "step_elevation_f": 2.296587999999929, "step_dist_m": 8.538670543942189, "step_dist_f": 28.01401186738729, "step_grade": 0.08197997526636132, "step_turn": 3.476555584927951, "coast_speed_mps": 0.0, "coast_speed_mph": 0.0}, "geometry": {"type": "Point", "coordinates": [-122.24166, 37.88249]}}, {"id": "588", "type": "Feature", "properties": {"name": "Arli-griz to Vollmer Peak", "step": 588, "lat": 37.8826, "lon": -122.24154, "elevation_m": 417.0, "time": null, "elevation_f": 1368.11028, "step_elevation_m": 0.6000000000000227, "step_elevation_f": 1.9685040000001663, "step_dist_m": 16.14068790895559, "step_dist_f": 52.95501451921786, "step_grade": 0.037173136819473186, "step_turn": 16.45320951571074, "coast_speed_mps": 0.0, "coast_speed_mph": 0.0}, "geometry": {"type": "Point", "coordinates": [-122.24154, 37.8826]}}, {"id": "589", "type": "Feature", "properties": {"name": "Arli-griz to Vollmer Peak", "step": 589, "lat": 37.88269, "lon": -122.2414, "elevation_m": 417.0, "time": null, "elevation_f": 1368.11028, "step_elevation_m": 0.0, "step_elevation_f": 0.0, "step_dist_m": 15.84664933620204, "step_dist_f": 51.9903210081851, "step_grade": 0.0, "step_turn": 10.108113406065456, "coast_speed_mps": 0.0, "coast_speed_mph": 0.0}, "geometry": {"type": "Point", "coordinates": [-122.2414, 37.88269]}}, {"id": "590", "type": "Feature", "properties": {"name": "Arli-griz to Vollmer Peak", "step": 590, "lat": 37.88274, "lon": -122.24123, "elevation_m": 417.2, "time": null, "elevation_f": 1368.7664479999999, "step_elevation_m": 0.19999999999998863, "step_elevation_f": 0.6561679999997523, "step_dist_m": 15.921911132185734, "step_dist_f": 52.237242918920245, "step_grade": 0.012561306135900594, "step_turn": 18.72497899067946, "coast_speed_mps": 0.0, "coast_speed_mph": 0.0}, "geometry": {"type": "Point", "coordinates": [-122.24123, 37.88274]}}, {"id": "591", "type": "Feature", "properties": {"name": "Arli-griz to Vollmer Peak", "step": 591, "lat": 37.88285, "lon": -122.24081, "elevation_m": 418.6, "time": null, "elevation_f": 1373.3596240000002, "step_elevation_m": 1.400000000000034, "step_elevation_f": 4.593176000000312, "step_dist_m": 38.83672192119394, "step_dist_f": 127.41707074792993, "step_grade": 0.036048356574503455, "step_turn": 2.0800940865142366, "coast_speed_mps": 0.0, "coast_speed_mph": 0.0}, "geometry": {"type": "Point", "coordinates": [-122.24081, 37.88285]}}, {"id": "592", "type": "Feature", "properties": {"name": "Arli-griz to Vollmer Peak", "step": 592, "lat": 37.88287, "lon": -122.24072, "elevation_m": 420.3, "time": null, "elevation_f": 1378.937052, "step_elevation_m": 1.6999999999999886, "step_elevation_f": 5.577427999999827, "step_dist_m": 8.205736430789926, "step_dist_f": 26.921708311592823, "step_grade": 0.2071721428464572, "step_turn": 2.6327856370468794, "coast_speed_mps": 0.0, "coast_speed_mph": 0.0}, "geometry": {"type": "Point", "coordinates": [-122.24072, 37.88287]}}, {"id": "593", "type": "Feature", "properties": {"name": "Arli-griz to Vollmer Peak", "step": 593, "lat": 37.88294, "lon": -122.24057, "elevation_m": 422.4, "time": null, "elevation_f": 1385.826816, "step_elevation_m": 2.099999999999966, "step_elevation_f": 6.889764000000014, "step_dist_m": 15.293331452730543, "step_dist_f": 50.174973563376476, "step_grade": 0.13731475097435503, "step_turn": 14.869559740171042, "coast_speed_mps": 0.0, "coast_speed_mph": 0.0}, "geometry": {"type": "Point", "coordinates": [-122.24057, 37.88294]}}, {"id": "594", "type": "Feature", "properties": {"name": "Arli-griz to Vollmer Peak", "step": 594, "lat": 37.883, "lon": -122.24045, "elevation_m": 422.4, "time": null, "elevation_f": 1385.826816, "step_elevation_m": 0.0, "step_elevation_f": 0.0, "step_dist_m": 12.466911266823468, "step_dist_f": 40.90194116064511, "step_grade": 0.0, "step_turn": 1.7598610018939667, "coast_speed_mps": 0.0, "coast_speed_mph": 0.0}, "geometry": {"type": "Point", "coordinates": [-122.24045, 37.883]}}, {"id": "595", "type": "Feature", "properties": {"name": "Arli-griz to Vollmer Peak", "step": 595, "lat": 37.88304, "lon": -122.24041, "elevation_m": 422.5, "time": null, "elevation_f": 1386.1549, "step_elevation_m": 0.10000000000002274, "step_elevation_f": 0.32808399999998983, "step_dist_m": 5.66625775391276, "step_dist_f": 18.590085089347138, "step_grade": 0.017648332346153695, "step_turn": 19.362902932199802, "coast_speed_mps": 0.0, "coast_speed_mph": 0.0}, "geometry": {"type": "Point", "coordinates": [-122.24041, 37.88304]}}, {"id": "596", "type": "Feature", "properties": {"name": "Arli-griz to Vollmer Peak", "step": 596, "lat": 37.88314, "lon": -122.24032, "elevation_m": 422.9, "time": null, "elevation_f": 1387.467236, "step_elevation_m": 0.39999999999997726, "step_elevation_f": 1.3123359999999593, "step_dist_m": 13.639322310930057, "step_dist_f": 44.74843421059177, "step_grade": 0.029326970276186803, "step_turn": 2.8951945216381887, "coast_speed_mps": 0.0, "coast_speed_mph": 0.0}, "geometry": {"type": "Point", "coordinates": [-122.24032, 37.88314]}}, {"id": "597", "type": "Feature", "properties": {"name": "Arli-griz to Vollmer Peak", "step": 597, "lat": 37.88327, "lon": -122.24025, "elevation_m": 423.6, "time": null, "elevation_f": 1389.763824, "step_elevation_m": 0.7000000000000455, "step_elevation_f": 2.296588000000156, "step_dist_m": 15.70661123659481, "step_dist_f": 51.530878409469715, "step_grade": 0.04456722009959198, "step_turn": 12.362722479032698, "coast_speed_mps": 0.0, "coast_speed_mph": 0.0}, "geometry": {"type": "Point", "coordinates": [-122.24025, 37.88327]}}, {"id": "598", "type": "Feature", "properties": {"name": "Arli-griz to Vollmer Peak", "step": 598, "lat": 37.88334, "lon": -122.24023, "elevation_m": 423.8, "time": null, "elevation_f": 1390.419992, "step_elevation_m": 0.19999999999998863, "step_elevation_f": 0.6561679999999797, "step_dist_m": 7.979097573299585, "step_dist_f": 26.17814248238421, "step_grade": 0.025065491199060864, "step_turn": 10.317060994733822, "coast_speed_mps": 0.0, "coast_speed_mph": 0.0}, "geometry": {"type": "Point", "coordinates": [-122.24023, 37.88334]}}, {"id": "599", "type": "Feature", "properties": {"name": "Arli-griz to Vollmer Peak", "step": 599, "lat": 37.88378, "lon": -122.24016, "elevation_m": 429.8, "time": null, "elevation_f": 1410.105032, "step_elevation_m": 6.0, "step_elevation_f": 19.685039999999844, "step_dist_m": 49.30994982878986, "step_dist_f": 161.77805579628694, "step_grade": 0.12167929638607886, "step_turn": 5.551026870016358, "coast_speed_mps": 0.0, "coast_speed_mph": 0.0}, "geometry": {"type": "Point", "coordinates": [-122.24016, 37.88378]}}, {"id": "600", "type": "Feature", "properties": {"name": "Arli-griz to Vollmer Peak", "step": 600, "lat": 37.88384, "lon": -122.24016, "elevation_m": 430.3, "time": null, "elevation_f": 1411.7454520000001, "step_elevation_m": 0.5, "step_elevation_f": 1.6404200000001765, "step_dist_m": 6.671695598175154, "step_dist_f": 21.88876578631697, "step_grade": 0.07494346716549243, "step_turn": null, "coast_speed_mps": 0.0, "coast_speed_mph": 0.0}, "geometry": {"type": "Point", "coordinates": [-122.24016, 37.88384]}}, {"id": "601", "type": "Feature", "properties": {"name": "Arli-griz to Vollmer Peak", "step": 601, "lat": 37.88423, "lon": -122.24024, "elevation_m": 435.7, "time": null, "elevation_f": 1429.461988, "step_elevation_m": 5.399999999999977, "step_elevation_f": 17.716535999999905, "step_dist_m": 43.930681367305816, "step_dist_f": 144.1295366571116, "step_grade": 0.12292092523788571, "step_turn": null, "coast_speed_mps": 0.0, "coast_speed_mph": 0.0}, "geometry": {"type": "Point", "coordinates": [-122.24024, 37.88423]}}, {"id": "602", "type": "Feature", "properties": {"name": "Arli-griz to Vollmer Peak", "step": 602, "lat": 37.88431, "lon": -122.24024, "elevation_m": 436.0, "time": null, "elevation_f": 1430.44624, "step_elevation_m": 0.30000000000001137, "step_elevation_f": 0.9842519999999695, "step_dist_m": 8.895594130664431, "step_dist_f": 29.18502104764909, "step_grade": 0.033724560225366726, "step_turn": null, "coast_speed_mps": 0.0, "coast_speed_mph": 0.0}, "geometry": {"type": "Point", "coordinates": [-122.24024, 37.88431]}}, {"id": "603", "type": "Feature", "properties": {"name": "Arli-griz to Vollmer Peak", "step": 603, "lat": 37.88435, "lon": -122.24021, "elevation_m": 436.4, "time": null, "elevation_f": 1431.758576, "step_elevation_m": 0.39999999999997726, "step_elevation_f": 1.3123359999999593, "step_dist_m": 5.168623110898076, "step_dist_f": 16.957425447158844, "step_grade": 0.07739004980970167, "step_turn": null, "coast_speed_mps": 0.0, "coast_speed_mph": 0.0}, "geometry": {"type": "Point", "coordinates": [-122.24021, 37.88435]}}, {"id": "604", "type": "Feature", "properties": {"name": "Arli-griz to Vollmer Peak", "step": 604, "lat": 37.88437, "lon": -122.24019, "elevation_m": 436.6, "time": null, "elevation_f": 1432.4147440000002, "step_elevation_m": 0.20000000000004547, "step_elevation_f": 0.656168000000207, "step_dist_m": 2.8331090903237617, "step_dist_f": 9.29497762789781, "step_grade": 0.07059382241337904, "step_turn": 7.659384956062979, "coast_speed_mps": 0.0, "coast_speed_mph": 0.0}, "geometry": {"type": "Point", "coordinates": [-122.24019, 37.88437]}}, {"id": "605", "type": "Feature", "properties": {"name": "Arli-griz to Vollmer Peak", "step": 605, "lat": 37.8844, "lon": -122.24015, "elevation_m": 436.6, "time": null, "elevation_f": 1432.4147440000002, "step_elevation_m": 0.0, "step_elevation_f": 0.0, "step_dist_m": 4.842623450451963, "step_dist_f": 15.88787272118082, "step_grade": 0.0, "step_turn": 8.178411993264149, "coast_speed_mps": 0.0, "coast_speed_mph": 0.0}, "geometry": {"type": "Point", "coordinates": [-122.24015, 37.8844]}}, {"id": "606", "type": "Feature", "properties": {"name": "Arli-griz to Vollmer Peak", "step": 606, "lat": 37.88441, "lon": -122.2401, "elevation_m": 436.8, "time": null, "elevation_f": 1433.0709120000001, "step_elevation_m": 0.19999999999998863, "step_elevation_f": 0.6561679999999797, "step_dist_m": 4.526731475234814, "step_dist_f": 14.851481693209386, "step_grade": 0.044181988945923525, "step_turn": 29.319553051440437, "coast_speed_mps": 0.0, "coast_speed_mph": 0.0}, "geometry": {"type": "Point", "coordinates": [-122.2401, 37.88441]}}, {"id": "607", "type": "Feature", "properties": {"name": "Arli-griz to Vollmer Peak", "step": 607, "lat": 37.88442, "lon": -122.24005, "elevation_m": 436.7, "time": null, "elevation_f": 1432.742828, "step_elevation_m": -0.10000000000002274, "step_elevation_f": -0.3280840000002172, "step_dist_m": 4.526730895110883, "step_dist_f": 14.851479789915588, "step_grade": -0.022090997304043014, "step_turn": 1.842218296133069e-06, "coast_speed_mps": 0.0, "coast_speed_mph": 0.0}, "geometry": {"type": "Point", "coordinates": [-122.24005, 37.88442]}}, {"id": "608", "type": "Feature", "properties": {"name": "Arli-griz to Vollmer Peak", "step": 608, "lat": 37.88442, "lon": -122.23999, "elevation_m": 436.7, "time": null, "elevation_f": 1432.742828, "step_elevation_m": 0.0, "step_elevation_f": 0.0, "step_dist_m": 5.265643045258392, "step_dist_f": 17.275732328605542, "step_grade": 0.0, "step_turn": 14.219696152013228, "coast_speed_mps": 0.0, "coast_speed_mph": 0.0}, "geometry": {"type": "Point", "coordinates": [-122.23999, 37.88442]}}, {"id": "609", "type": "Feature", "properties": {"name": "Arli-griz to Vollmer Peak", "step": 609, "lat": 37.88441, "lon": -122.23986, "elevation_m": 436.6, "time": null, "elevation_f": 1432.4147440000002, "step_elevation_m": -0.0999999999999659, "step_elevation_f": -0.32808399999976245, "step_dist_m": 11.462953132025923, "step_dist_f": 37.60811515367593, "step_grade": -0.008723755462331916, "step_turn": 5.5666366196400645, "coast_speed_mps": 0.0, "coast_speed_mph": 0.0}, "geometry": {"type": "Point", "coordinates": [-122.23986, 37.88441]}}, {"id": "610", "type": "Feature", "properties": {"name": "Arli-griz to Vollmer Peak", "step": 610, "lat": 37.88436, "lon": -122.23968, "elevation_m": 436.6, "time": null, "elevation_f": 1432.4147440000002, "step_elevation_m": 0.0, "step_elevation_f": 0.0, "step_dist_m": 16.746760483014747, "step_dist_f": 54.9434416630941, "step_grade": 0.0, "step_turn": 13.822892773527201, "coast_speed_mps": 0.0, "coast_speed_mph": 0.0}, "geometry": {"type": "Point", "coordinates": [-122.23968, 37.88436]}}, {"id": "611", "type": "Feature", "properties": {"name": "Arli-griz to Vollmer Peak", "step": 611, "lat": 37.88426, "lon": -122.2394, "elevation_m": 436.7, "time": null, "elevation_f": 1432.742828, "step_elevation_m": 0.0999999999999659, "step_elevation_f": 0.32808399999976245, "step_dist_m": 26.9717869932118, "step_dist_f": 88.490117638809, "step_grade": 0.0037075778488512338, "step_turn": 4.957528740194505, "coast_speed_mps": 0.0, "coast_speed_mph": 0.0}, "geometry": {"type": "Point", "coordinates": [-122.2394, 37.88426]}}, {"id": "612", "type": "Feature", "properties": {"name": "Arli-griz to Vollmer Peak", "step": 612, "lat": 37.88423, "lon": -122.23934, "elevation_m": 436.8, "time": null, "elevation_f": 1433.0709120000001, "step_elevation_m": 0.10000000000002274, "step_elevation_f": 0.3280840000002172, "step_dist_m": 6.233378619818704, "step_dist_f": 20.450717911045995, "step_grade": 0.016042664195317437, "step_turn": 8.007627435763311, "coast_speed_mps": 0.0, "coast_speed_mph": 0.0}, "geometry": {"type": "Point", "coordinates": [-122.23934, 37.88423]}}, {"id": "613", "type": "Feature", "properties": {"name": "Arli-griz to Vollmer Peak", "step": 613, "lat": 37.88415, "lon": -122.23921, "elevation_m": 436.9, "time": null, "elevation_f": 1433.398996, "step_elevation_m": 0.0999999999999659, "step_elevation_f": 0.32808399999976245, "step_dist_m": 14.467040249713365, "step_dist_f": 47.4640443328696, "step_grade": 0.00691226389599263, "step_turn": 5.588998656023705, "coast_speed_mps": 0.0, "coast_speed_mph": 0.0}, "geometry": {"type": "Point", "coordinates": [-122.23921, 37.88415]}}, {"id": "614", "type": "Feature", "properties": {"name": "Arli-griz to Vollmer Peak", "step": 614, "lat": 37.8841, "lon": -122.23916, "elevation_m": 437.4, "time": null, "elevation_f": 1435.0394159999998, "step_elevation_m": 0.5, "step_elevation_f": 1.6404199999999491, "step_dist_m": 7.082781401799502, "step_dist_f": 23.237472534279878, "step_grade": 0.07059373594008794, "step_turn": 13.773901559978299, "coast_speed_mps": 0.0, "coast_speed_mph": 0.0}, "geometry": {"type": "Point", "coordinates": [-122.23916, 37.8841]}}, {"id": "615", "type": "Feature", "properties": {"name": "Arli-griz to Vollmer Peak", "step": 615, "lat": 37.88407, "lon": -122.23913, "elevation_m": 437.7, "time": null, "elevation_f": 1436.023668, "step_elevation_m": 0.30000000000001137, "step_elevation_f": 0.9842520000001969, "step_dist_m": 4.249669724848828, "step_dist_f": 13.94248642007303, "step_grade": 0.07059372125928755, "step_turn": 8.988433933154738e-06, "coast_speed_mps": 0.0, "coast_speed_mph": 0.0}, "geometry": {"type": "Point", "coordinates": [-122.23913, 37.88407]}}, {"id": "616", "type": "Feature", "properties": {"name": "Arli-griz to Vollmer Peak", "step": 616, "lat": 37.88398, "lon": -122.2391, "elevation_m": 440.5, "time": null, "elevation_f": 1445.21002, "step_elevation_m": 2.8000000000000114, "step_elevation_f": 9.186351999999943, "step_dist_m": 10.348079454373606, "step_dist_f": 33.9503929970871, "step_grade": 0.2705816100799839, "step_turn": 23.542769869849906, "coast_speed_mps": 0.0, "coast_speed_mph": 0.0}, "geometry": {"type": "Point", "coordinates": [-122.2391, 37.88398]}}, {"id": "617", "type": "Feature", "properties": {"name": "Arli-griz to Vollmer Peak", "step": 617, "lat": 37.88389, "lon": -122.23908, "elevation_m": 441.8, "time": null, "elevation_f": 1449.475112, "step_elevation_m": 1.3000000000000114, "step_elevation_f": 4.265092000000095, "step_dist_m": 10.160302301296074, "step_dist_f": 33.33432620218421, "step_grade": 0.12794894890422503, "step_turn": 4.7917242279370384, "coast_speed_mps": 0.0, "coast_speed_mph": 0.0}, "geometry": {"type": "Point", "coordinates": [-122.23908, 37.88389]}}, {"id": "618", "type": "Feature", "properties": {"name": "Arli-griz to Vollmer Peak", "step": 618, "lat": 37.88381, "lon": -122.2391, "elevation_m": 442.2, "time": null, "elevation_f": 1450.787448, "step_elevation_m": 0.39999999999997726, "step_elevation_f": 1.3123359999999593, "step_dist_m": 9.067106488074467, "step_dist_f": 29.747725650334235, "step_grade": 0.0441155070281879, "step_turn": 21.10984920655349, "coast_speed_mps": 0.0, "coast_speed_mph": 0.0}, "geometry": {"type": "Point", "coordinates": [-122.2391, 37.88381]}}, {"id": "619", "type": "Feature", "properties": {"name": "Arli-griz to Vollmer Peak", "step": 619, "lat": 37.88372, "lon": -122.23914, "elevation_m": 442.9, "time": null, "elevation_f": 1453.084036, "step_elevation_m": 0.6999999999999886, "step_elevation_f": 2.296587999999929, "step_dist_m": 10.6053879572402, "step_dist_f": 34.79458102563194, "step_grade": 0.06600418606300065, "step_turn": 8.16803128151085, "coast_speed_mps": 0.0, "coast_speed_mph": 0.0}, "geometry": {"type": "Point", "coordinates": [-122.23914, 37.88372]}}, {"id": "620", "type": "Feature", "properties": {"name": "Arli-griz to Vollmer Peak", "step": 620, "lat": 37.88365, "lon": -122.2392, "elevation_m": 443.9, "time": null, "elevation_f": 1456.3648759999999, "step_elevation_m": 1.0, "step_elevation_f": 3.2808399999998983, "step_dist_m": 9.397482510627457, "step_dist_f": 30.831636520166985, "step_grade": 0.10641147763447462, "step_turn": 14.748739074837573, "coast_speed_mps": 0.0, "coast_speed_mph": 0.0}, "geometry": {"type": "Point", "coordinates": [-122.2392, 37.88365]}}, {"id": "621", "type": "Feature", "properties": {"name": "Arli-griz to Vollmer Peak", "step": 621, "lat": 37.88353, "lon": -122.23937, "elevation_m": 444.2, "time": null, "elevation_f": 1457.349128, "step_elevation_m": 0.30000000000001137, "step_elevation_f": 0.9842520000001969, "step_dist_m": 20.015925511423717, "step_dist_f": 65.66904905489939, "step_grade": 0.01498806536968735, "step_turn": 14.113212593930768, "coast_speed_mps": 0.0, "coast_speed_mph": 0.0}, "geometry": {"type": "Point", "coordinates": [-122.23937, 37.88353]}}, {"id": "622", "type": "Feature", "properties": {"name": "Arli-griz to Vollmer Peak", "step": 622, "lat": 37.8835, "lon": -122.2394, "elevation_m": 444.1, "time": null, "elevation_f": 1457.021044, "step_elevation_m": -0.0999999999999659, "step_elevation_f": -0.32808399999998983, "step_dist_m": 4.249682350653649, "step_dist_f": 13.94252784331852, "step_grade": -0.0235311705084463, "step_turn": 9.909227342123472, "coast_speed_mps": 0.0, "coast_speed_mph": 0.0}, "geometry": {"type": "Point", "coordinates": [-122.2394, 37.8835]}}, {"id": "623", "type": "Feature", "properties": {"name": "Arli-griz to Vollmer Peak", "step": 623, "lat": 37.8834, "lon": -122.23945, "elevation_m": 444.2, "time": null, "elevation_f": 1457.349128, "step_elevation_m": 0.0999999999999659, "step_elevation_f": 0.32808399999998983, "step_dist_m": 11.954015358762094, "step_dist_f": 39.219211749641026, "step_grade": 0.008365389954653819, "step_turn": 16.74692562559889, "coast_speed_mps": 0.0, "coast_speed_mph": 0.0}, "geometry": {"type": "Point", "coordinates": [-122.23945, 37.8834]}}, {"id": "624", "type": "Feature", "properties": {"name": "Arli-griz to Vollmer Peak", "step": 624, "lat": 37.88333, "lon": -122.23946, "elevation_m": 445.2, "time": null, "elevation_f": 1460.629968, "step_elevation_m": 1.0, "step_elevation_f": 3.2808399999998983, "step_dist_m": 7.832965198425418, "step_dist_f": 25.69870554160205, "step_grade": 0.12766557423247837, "step_turn": 15.102697114136788, "coast_speed_mps": 0.0, "coast_speed_mph": 0.0}, "geometry": {"type": "Point", "coordinates": [-122.23946, 37.88333]}}, {"id": "625", "type": "Feature", "properties": {"name": "Arli-griz to Vollmer Peak", "step": 625, "lat": 37.88325, "lon": -122.23945, "elevation_m": 446.8, "time": null, "elevation_f": 1465.879312, "step_elevation_m": 1.6000000000000227, "step_elevation_f": 5.249344000000065, "step_dist_m": 8.938781401864029, "step_dist_f": 29.32671157449158, "step_grade": 0.17899531581188127, "step_turn": 12.067485392820117, "coast_speed_mps": 0.0, "coast_speed_mph": 0.0}, "geometry": {"type": "Point", "coordinates": [-122.23945, 37.88325]}}, {"id": "626", "type": "Feature", "properties": {"name": "Arli-griz to Vollmer Peak", "step": 626, "lat": 37.88315, "lon": -122.2394, "elevation_m": 448.1, "time": null, "elevation_f": 1470.1444040000001, "step_elevation_m": 1.3000000000000114, "step_elevation_f": 4.265092000000095, "step_dist_m": 11.954020826283044, "step_dist_f": 39.21922968770246, "step_grade": 0.10875001967051369, "step_turn": 15.901347233866204, "coast_speed_mps": 0.0, "coast_speed_mph": 0.0}, "geometry": {"type": "Point", "coordinates": [-122.2394, 37.88315]}}, {"id": "627", "type": "Feature", "properties": {"name": "Arli-griz to Vollmer Peak", "step": 627, "lat": 37.88306, "lon": -122.23933, "elevation_m": 448.9, "time": null, "elevation_f": 1472.7690759999998, "step_elevation_m": 0.7999999999999545, "step_elevation_f": 2.6246719999996913, "step_dist_m": 11.742733751303078, "step_dist_f": 38.52603060062519, "step_grade": 0.06812723654840419, "step_turn": 10.008860536699444, "coast_speed_mps": 0.0, "coast_speed_mph": 0.0}, "geometry": {"type": "Point", "coordinates": [-122.23933, 37.88306]}}, {"id": "628", "type": "Feature", "properties": {"name": "Arli-griz to Vollmer Peak", "step": 628, "lat": 37.88297, "lon": -122.23924, "elevation_m": 449.5, "time": null, "elevation_f": 1474.73758, "step_elevation_m": 0.6000000000000227, "step_elevation_f": 1.9685040000001663, "step_dist_m": 12.749080278544456, "step_dist_f": 41.82769254105979, "step_grade": 0.04706221836329388, "step_turn": 6.738206276271853, "coast_speed_mps": 0.0, "coast_speed_mph": 0.0}, "geometry": {"type": "Point", "coordinates": [-122.23924, 37.88297]}}, {"id": "629", "type": "Feature", "properties": {"name": "Arli-griz to Vollmer Peak", "step": 629, "lat": 37.88284, "lon": -122.23908, "elevation_m": 450.3, "time": null, "elevation_f": 1477.3622520000001, "step_elevation_m": 0.8000000000000114, "step_elevation_f": 2.624672000000146, "step_dist_m": 20.1527847902466, "step_dist_f": 66.11806245123265, "step_grade": 0.039696747041490246, "step_turn": 5.886201754058106, "coast_speed_mps": 0.0, "coast_speed_mph": 0.0}, "geometry": {"type": "Point", "coordinates": [-122.23908, 37.88284]}}, {"id": "630", "type": "Feature", "properties": {"name": "Arli-griz to Vollmer Peak", "step": 630, "lat": 37.88266, "lon": -122.23882, "elevation_m": 454.2, "time": null, "elevation_f": 1490.157528, "step_elevation_m": 3.8999999999999773, "step_elevation_f": 12.79527599999983, "step_dist_m": 30.352573135676717, "step_dist_f": 99.5819360464536, "step_grade": 0.12848993008160742, "step_turn": 4.575377024990814, "coast_speed_mps": 0.0, "coast_speed_mph": 0.0}, "geometry": {"type": "Point", "coordinates": [-122.23882, 37.88266]}}, {"id": "631", "type": "Feature", "properties": {"name": "Arli-griz to Vollmer Peak", "step": 631, "lat": 37.88261, "lon": -122.23871, "elevation_m": 454.4, "time": null, "elevation_f": 1490.813696, "step_elevation_m": 0.19999999999998863, "step_elevation_f": 0.6561679999999797, "step_dist_m": 11.140413537981974, "step_dist_f": 36.54991435195278, "step_grade": 0.017952654927764697, "step_turn": 11.317691978497237, "coast_speed_mps": 0.0, "coast_speed_mph": 0.0}, "geometry": {"type": "Point", "coordinates": [-122.23871, 37.88261]}}, {"id": "632", "type": "Feature", "properties": {"name": "Arli-griz to Vollmer Peak", "step": 632, "lat": 37.88258, "lon": -122.23859, "elevation_m": 454.4, "time": null, "elevation_f": 1490.813696, "step_elevation_m": 0.0, "step_elevation_f": 0.0, "step_dist_m": 11.047233336831313, "step_dist_f": 36.244205020809645, "step_grade": 0.0, "step_turn": 12.362400612004649, "coast_speed_mps": 0.0, "coast_speed_mph": 0.0}, "geometry": {"type": "Point", "coordinates": [-122.23859, 37.88258]}}, {"id": "633", "type": "Feature", "properties": {"name": "Arli-griz to Vollmer Peak", "step": 633, "lat": 37.88257, "lon": -122.23821, "elevation_m": 454.1, "time": null, "elevation_f": 1489.829444, "step_elevation_m": -0.2999999999999545, "step_elevation_f": -0.9842519999999695, "step_dist_m": 33.36844024056981, "step_dist_f": 109.47651347887106, "step_grade": -0.008990531107750442, "step_turn": 15.665937748827957, "coast_speed_mps": 0.8052885320425655, "coast_speed_mph": 1.8013791429012271}, "geometry": {"type": "Point", "coordinates": [-122.23821, 37.88257]}}, {"id": "634", "type": "Feature", "properties": {"name": "Arli-griz to Vollmer Peak", "step": 634, "lat": 37.8826, "lon": -122.23804, "elevation_m": 454.3, "time": null, "elevation_f": 1490.485612, "step_elevation_m": 0.19999999999998863, "step_elevation_f": 0.6561679999999797, "step_dist_m": 15.288071862966854, "step_dist_f": 50.15771769089617, "step_grade": 0.013082094445438848, "step_turn": 14.512874073713363, "coast_speed_mps": 0.0, "coast_speed_mph": 0.0}, "geometry": {"type": "Point", "coordinates": [-122.23804, 37.8826]}}, {"id": "635", "type": "Feature", "properties": {"name": "Arli-griz to Vollmer Peak", "step": 635, "lat": 37.88264, "lon": -122.23794, "elevation_m": 454.6, "time": null, "elevation_f": 1491.4698640000001, "step_elevation_m": 0.30000000000001137, "step_elevation_f": 0.9842520000001969, "step_dist_m": 9.839009051796383, "step_dist_f": 32.280214457495646, "step_grade": 0.03049087549576327, "step_turn": 14.272445441551156, "coast_speed_mps": 0.0, "coast_speed_mph": 0.0}, "geometry": {"type": "Point", "coordinates": [-122.23794, 37.88264]}}, {"id": "636", "type": "Feature", "properties": {"name": "Arli-griz to Vollmer Peak", "step": 636, "lat": 37.88271, "lon": -122.23784, "elevation_m": 455.5, "time": null, "elevation_f": 1494.42262, "step_elevation_m": 0.8999999999999773, "step_elevation_f": 2.9527559999999085, "step_dist_m": 11.730652697684508, "step_dist_f": 38.48639459667124, "step_grade": 0.07672207363002287, "step_turn": 14.693918630914936, "coast_speed_mps": 0.0, "coast_speed_mph": 0.0}, "geometry": {"type": "Point", "coordinates": [-122.23784, 37.88271]}}, {"id": "637", "type": "Feature", "properties": {"name": "Arli-griz to Vollmer Peak", "step": 637, "lat": 37.88283, "lon": -122.23773, "elevation_m": 458.2, "time": null, "elevation_f": 1503.280888, "step_elevation_m": 2.6999999999999886, "step_elevation_f": 8.858267999999953, "step_dist_m": 16.469480303657445, "step_dist_f": 54.03372975945149, "step_grade": 0.16393959919915557, "step_turn": 12.544719508466983, "coast_speed_mps": 0.0, "coast_speed_mph": 0.0}, "geometry": {"type": "Point", "coordinates": [-122.23773, 37.88283]}}, {"id": "638", "type": "Feature", "properties": {"name": "Arli-griz to Vollmer Peak", "step": 638, "lat": 37.88293, "lon": -122.23763, "elevation_m": 460.3, "time": null, "elevation_f": 1510.170652, "step_elevation_m": 2.1000000000000227, "step_elevation_f": 6.889764000000014, "step_dist_m": 14.165654721950958, "step_dist_f": 46.47524663796558, "step_grade": 0.1482458835274224, "step_turn": 2.397289302140109, "coast_speed_mps": 0.0, "coast_speed_mph": 0.0}, "geometry": {"type": "Point", "coordinates": [-122.23763, 37.88293]}}, {"id": "639", "type": "Feature", "properties": {"name": "Arli-griz to Vollmer Peak", "step": 639, "lat": 37.88333, "lon": -122.23731, "elevation_m": 460.8, "time": null, "elevation_f": 1511.811072, "step_elevation_m": 0.5, "step_elevation_f": 1.6404199999999491, "step_dist_m": 52.602248259843236, "step_dist_f": 172.57956018082407, "step_grade": 0.009505297141105316, "step_turn": 6.014152568845304, "coast_speed_mps": 0.0, "coast_speed_mph": 0.0}, "geometry": {"type": "Point", "coordinates": [-122.23731, 37.88333]}}, {"id": "640", "type": "Feature", "properties": {"name": "Arli-griz to Vollmer Peak", "step": 640, "lat": 37.88345, "lon": -122.23719, "elevation_m": 460.6, "time": null, "elevation_f": 1511.154904, "step_elevation_m": -0.19999999999998863, "step_elevation_f": -0.6561679999999797, "step_dist_m": 16.998740479831152, "step_dist_f": 55.77014771584924, "step_grade": -0.011765577587191638, "step_turn": 6.013953462163954, "coast_speed_mps": 1.1206594907845466, "coast_speed_mph": 2.5068438859711555}, "geometry": {"type": "Point", "coordinates": [-122.23719, 37.88345]}}, {"id": "641", "type": "Feature", "properties": {"name": "Arli-griz to Vollmer Peak", "step": 641, "lat": 37.88355, "lon": -122.23706, "elevation_m": 460.8, "time": null, "elevation_f": 1511.811072, "step_elevation_m": 0.19999999999998863, "step_elevation_f": 0.6561679999999797, "step_dist_m": 15.93139086708345, "step_dist_f": 52.26834441236207, "step_grade": 0.012553831719314441, "step_turn": 7.453642869705789, "coast_speed_mps": 0.0, "coast_speed_mph": 0.0}, "geometry": {"type": "Point", "coordinates": [-122.23706, 37.88355]}}, {"id": "642", "type": "Feature", "properties": {"name": "Arli-griz to Vollmer Peak", "step": 642, "lat": 37.88363, "lon": -122.23691, "elevation_m": 462.4, "time": null, "elevation_f": 1517.0604159999998, "step_elevation_m": 1.599999999999966, "step_elevation_f": 5.249343999999837, "step_dist_m": 15.888021609254185, "step_dist_f": 52.1260568165055, "step_grade": 0.10070479757328786, "step_turn": 10.215245326746583, "coast_speed_mps": 0.0, "coast_speed_mph": 0.0}, "geometry": {"type": "Point", "coordinates": [-122.23691, 37.88363]}}, {"id": "643", "type": "Feature", "properties": {"name": "Arli-griz to Vollmer Peak", "step": 643, "lat": 37.88371, "lon": -122.23675, "elevation_m": 465.1, "time": null, "elevation_f": 1525.918684, "step_elevation_m": 2.7000000000000455, "step_elevation_f": 8.85826800000018, "step_dist_m": 16.622435603506993, "step_dist_f": 54.53555162540988, "step_grade": 0.16243106993480552, "step_turn": 1.6939208063299702, "coast_speed_mps": 0.0, "coast_speed_mph": 0.0}, "geometry": {"type": "Point", "coordinates": [-122.23675, 37.88371]}}, {"id": "644", "type": "Feature", "properties": {"name": "Arli-griz to Vollmer Peak", "step": 644, "lat": 37.88373, "lon": -122.23666, "elevation_m": 464.7, "time": null, "elevation_f": 1524.606348, "step_elevation_m": -0.4000000000000341, "step_elevation_f": -1.3123359999999593, "step_dist_m": 8.205647644741532, "step_dist_f": 26.92141701877381, "step_grade": -0.04874691399360393, "step_turn": 16.629504684205187, "coast_speed_mps": 0.0, "coast_speed_mph": 0.0}, "geometry": {"type": "Point", "coordinates": [-122.23666, 37.88373]}}, {"id": "645", "type": "Feature", "properties": {"name": "Arli-griz to Vollmer Peak", "step": 645, "lat": 37.88373, "lon": -122.23652, "elevation_m": 465.0, "time": null, "elevation_f": 1525.5906, "step_elevation_m": 0.30000000000001137, "step_elevation_f": 0.9842519999999695, "step_dist_m": 12.286615562876282, "step_dist_f": 40.31041980330702, "step_grade": 0.024416813439370095, "step_turn": 15.724984796945193, "coast_speed_mps": 0.0, "coast_speed_mph": 0.0}, "geometry": {"type": "Point", "coordinates": [-122.23652, 37.88373]}}, {"id": "646", "type": "Feature", "properties": {"name": "Arli-griz to Vollmer Peak", "step": 646, "lat": 37.88371, "lon": -122.23643, "elevation_m": 465.0, "time": null, "elevation_f": 1525.5906, "step_elevation_m": 0.0, "step_elevation_f": 0.0, "step_dist_m": 8.205647644741532, "step_dist_f": 26.92141701877381, "step_grade": 0.0, "step_turn": 15.7250155024293, "coast_speed_mps": 0.6235929774222705, "coast_speed_mph": 1.3949377626661368}, "geometry": {"type": "Point", "coordinates": [-122.23643, 37.88371]}}, {"id": "647", "type": "Feature", "properties": {"name": "Arli-griz to Vollmer Peak", "step": 647, "lat": 37.88367, "lon": -122.23635, "elevation_m": 464.4, "time": null, "elevation_f": 1523.6220959999998, "step_elevation_m": -0.6000000000000227, "step_elevation_f": -1.9685040000001663, "step_dist_m": 8.311216191776861, "step_dist_f": 27.267770530629196, "step_grade": -0.0721916006220202, "step_turn": 16.62949329330263, "coast_speed_mps": 2.078712099123001, "coast_speed_mph": 4.649946535260823}, "geometry": {"type": "Point", "coordinates": [-122.23635, 37.88367]}}, {"id": "648", "type": "Feature", "properties": {"name": "Arli-griz to Vollmer Peak", "step": 648, "lat": 37.88362, "lon": -122.23628, "elevation_m": 464.2, "time": null, "elevation_f": 1522.9659279999998, "step_elevation_m": -0.19999999999998863, "step_elevation_f": -0.6561679999999797, "step_dist_m": 8.285595748388845, "step_dist_f": 27.183713955144057, "step_grade": -0.02413827636218906, "step_turn": 9.7908456670757, "coast_speed_mps": 1.663156276931209, "coast_speed_mph": 3.720374635225499}, "geometry": {"type": "Point", "coordinates": [-122.23628, 37.88362]}}, {"id": "649", "type": "Feature", "properties": {"name": "Arli-griz to Vollmer Peak", "step": 649, "lat": 37.88353, "lon": -122.23622, "elevation_m": 465.0, "time": null, "elevation_f": 1525.5906, "step_elevation_m": 0.8000000000000114, "step_elevation_f": 2.624672000000146, "step_dist_m": 11.308340190996969, "step_dist_f": 37.100854832230496, "step_grade": 0.07074424597138704, "step_turn": 20.102516998346232, "coast_speed_mps": 0.0, "coast_speed_mph": 0.0}, "geometry": {"type": "Point", "coordinates": [-122.23622, 37.88353]}}, {"id": "650", "type": "Feature", "properties": {"name": "Arli-griz to Vollmer Peak", "step": 650, "lat": 37.88343, "lon": -122.23616, "elevation_m": 465.2, "time": null, "elevation_f": 1526.246768, "step_elevation_m": 0.19999999999998863, "step_elevation_f": 0.6561679999999797, "step_dist_m": 12.303284994032564, "step_dist_f": 40.365109539821795, "step_grade": 0.016255821115823473, "step_turn": 2.411944393451904, "coast_speed_mps": 0.0, "coast_speed_mph": 0.0}, "geometry": {"type": "Point", "coordinates": [-122.23616, 37.88343]}}, {"id": "651", "type": "Feature", "properties": {"name": "Arli-griz to Vollmer Peak", "step": 651, "lat": 37.88333, "lon": -122.23612, "elevation_m": 465.8, "time": null, "elevation_f": 1528.2152720000001, "step_elevation_m": 0.6000000000000227, "step_elevation_f": 1.9685040000001663, "step_dist_m": 11.660470608604054, "step_dist_f": 38.256138391532524, "step_grade": 0.05145589917762782, "step_turn": 7.819053100827887, "coast_speed_mps": 0.0, "coast_speed_mph": 0.0}, "geometry": {"type": "Point", "coordinates": [-122.23612, 37.88333]}}, {"id": "652", "type": "Feature", "properties": {"name": "Arli-griz to Vollmer Peak", "step": 652, "lat": 37.8832, "lon": -122.23608, "elevation_m": 465.8, "time": null, "elevation_f": 1528.2152720000001, "step_elevation_m": 0.0, "step_elevation_f": 0.0, "step_dist_m": 14.875495424374268, "step_dist_f": 48.804120408104076, "step_grade": 0.0, "step_turn": 3.8711128909358195, "coast_speed_mps": 0.0, "coast_speed_mph": 0.0}, "geometry": {"type": "Point", "coordinates": [-122.23608, 37.8832]}}, {"id": "653", "type": "Feature", "properties": {"name": "Arli-griz to Vollmer Peak", "step": 653, "lat": 37.88277, "lon": -122.23605, "elevation_m": 472.5, "time": null, "elevation_f": 1550.1969, "step_elevation_m": 6.699999999999989, "step_elevation_f": 21.981627999999773, "step_dist_m": 47.886253296659596, "step_dist_f": 157.10713526581267, "step_grade": 0.1399148928710896, "step_turn": 10.498236978725231, "coast_speed_mps": 0.0, "coast_speed_mph": 0.0}, "geometry": {"type": "Point", "coordinates": [-122.23605, 37.88277]}}, {"id": "654", "type": "Feature", "properties": {"name": "Arli-griz to Vollmer Peak", "step": 654, "lat": 37.88262, "lon": -122.23605, "elevation_m": 473.3, "time": null, "elevation_f": 1552.821572, "step_elevation_m": 0.8000000000000114, "step_elevation_f": 2.624672000000146, "step_dist_m": 16.67923899685253, "step_dist_f": 54.72191447043365, "step_grade": 0.047963818981847796, "step_turn": 3.151824160136698, "coast_speed_mps": 0.0, "coast_speed_mph": 0.0}, "geometry": {"type": "Point", "coordinates": [-122.23605, 37.88262]}}, {"id": "655", "type": "Feature", "properties": {"name": "Arli-griz to Vollmer Peak", "step": 655, "lat": 37.88238, "lon": -122.23609, "elevation_m": 473.3, "time": null, "elevation_f": 1552.821572, "step_elevation_m": 0.0, "step_elevation_f": 0.0, "step_dist_m": 26.916688258704347, "step_dist_f": 88.30934750668757, "step_grade": 0.0, "step_turn": 7.493973657055875, "coast_speed_mps": 0.0, "coast_speed_mph": 0.0}, "geometry": {"type": "Point", "coordinates": [-122.23609, 37.88238]}}, {"id": "656", "type": "Feature", "properties": {"name": "Arli-griz to Vollmer Peak", "step": 656, "lat": 37.88231, "lon": -122.23609, "elevation_m": 473.3, "time": null, "elevation_f": 1552.821572, "step_elevation_m": 0.0, "step_elevation_f": 0.0, "step_dist_m": 7.783644865480777, "step_dist_f": 25.53689342046395, "step_grade": 0.0, "step_turn": 7.493973657055875, "coast_speed_mps": 0.0, "coast_speed_mph": 0.0}, "geometry": {"type": "Point", "coordinates": [-122.23609, 37.88231]}}, {"id": "657", "type": "Feature", "properties": {"name": "Arli-griz to Vollmer Peak", "step": 657, "lat": 37.88223, "lon": -122.23607, "elevation_m": 473.6, "time": null, "elevation_f": 1553.805824, "step_elevation_m": 0.30000000000001137, "step_elevation_f": 0.9842519999999695, "step_dist_m": 9.067113777317504, "step_dist_f": 29.74774956517436, "step_grade": 0.03308660367210767, "step_turn": 11.162135140400096, "coast_speed_mps": 0.0, "coast_speed_mph": 0.0}, "geometry": {"type": "Point", "coordinates": [-122.23607, 37.88223]}}, {"id": "658", "type": "Feature", "properties": {"name": "Arli-griz to Vollmer Peak", "step": 658, "lat": 37.88216, "lon": -122.23602, "elevation_m": 474.9, "time": null, "elevation_f": 1558.070916, "step_elevation_m": 1.2999999999999545, "step_elevation_f": 4.265091999999868, "step_dist_m": 8.935387498026842, "step_dist_f": 29.31557671902638, "step_grade": 0.14548893378009933, "step_turn": 18.250784697711424, "coast_speed_mps": 0.0, "coast_speed_mph": 0.0}, "geometry": {"type": "Point", "coordinates": [-122.23602, 37.88216]}}, {"id": "659", "type": "Feature", "properties": {"name": "Arli-griz to Vollmer Peak", "step": 659, "lat": 37.8821, "lon": -122.23596, "elevation_m": 476.4, "time": null, "elevation_f": 1562.992176, "step_elevation_m": 1.5, "step_elevation_f": 4.921260000000075, "step_dist_m": 8.49942605530167, "step_dist_f": 27.885256979275933, "step_grade": 0.1764825048468241, "step_turn": 8.870270677513872, "coast_speed_mps": 0.0, "coast_speed_mph": 0.0}, "geometry": {"type": "Point", "coordinates": [-122.23596, 37.8821]}}, {"id": "660", "type": "Feature", "properties": {"name": "Arli-griz to Vollmer Peak", "step": 660, "lat": 37.88205, "lon": -122.23587, "elevation_m": 477.7, "time": null, "elevation_f": 1567.2572679999998, "step_elevation_m": 1.3000000000000114, "step_elevation_f": 4.265091999999868, "step_dist_m": 9.659218135415166, "step_dist_f": 31.690349227395494, "step_grade": 0.13458646256611698, "step_turn": 16.575898393738385, "coast_speed_mps": 0.0, "coast_speed_mph": 0.0}, "geometry": {"type": "Point", "coordinates": [-122.23587, 37.88205]}}, {"id": "661", "type": "Feature", "properties": {"name": "Arli-griz to Vollmer Peak", "step": 661, "lat": 37.88203, "lon": -122.23578, "elevation_m": 477.9, "time": null, "elevation_f": 1567.9134359999998, "step_elevation_m": 0.19999999999998863, "step_elevation_f": 0.6561679999999797, "step_dist_m": 8.205821085730324, "step_dist_f": 26.921986050907478, "step_grade": 0.024372941831230344, "step_turn": 19.4162795458883, "coast_speed_mps": 0.0, "coast_speed_mph": 0.0}, "geometry": {"type": "Point", "coordinates": [-122.23578, 37.88203]}}, {"id": "662", "type": "Feature", "properties": {"name": "Arli-griz to Vollmer Peak", "step": 662, "lat": 37.88202, "lon": -122.23568, "elevation_m": 478.0, "time": null, "elevation_f": 1568.24152, "step_elevation_m": 0.10000000000002274, "step_elevation_f": 0.3280840000002172, "step_dist_m": 8.846517742076824, "step_dist_f": 29.024009268915325, "step_grade": 0.011303882828877542, "step_turn": 8.50385929442217, "coast_speed_mps": 0.0, "coast_speed_mph": 0.0}, "geometry": {"type": "Point", "coordinates": [-122.23568, 37.88202]}}, {"id": "663", "type": "Feature", "properties": {"name": "Arli-griz to Vollmer Peak", "step": 663, "lat": 37.88203, "lon": -122.23558, "elevation_m": 478.5, "time": null, "elevation_f": 1569.88194, "step_elevation_m": 0.5, "step_elevation_f": 1.6404199999999491, "step_dist_m": 8.846517739861438, "step_dist_f": 29.024009261647002, "step_grade": 0.056519414158528715, "step_turn": 14.441605908670454, "coast_speed_mps": 0.0, "coast_speed_mph": 0.0}, "geometry": {"type": "Point", "coordinates": [-122.23558, 37.88203]}}, {"id": "664", "type": "Feature", "properties": {"name": "Arli-griz to Vollmer Peak", "step": 664, "lat": 37.88205, "lon": -122.23549, "elevation_m": 478.8, "time": null, "elevation_f": 1570.866192, "step_elevation_m": 0.30000000000001137, "step_elevation_f": 0.9842519999999695, "step_dist_m": 8.205821085730324, "step_dist_f": 26.921986050907478, "step_grade": 0.03655941274684898, "step_turn": 8.503853150060877, "coast_speed_mps": 0.0, "coast_speed_mph": 0.0}, "geometry": {"type": "Point", "coordinates": [-122.23549, 37.88205]}}, {"id": "665", "type": "Feature", "properties": {"name": "Arli-griz to Vollmer Peak", "step": 665, "lat": 37.88211, "lon": -122.23526, "elevation_m": 479.9, "time": null, "elevation_f": 1574.4751159999998, "step_elevation_m": 1.099999999999966, "step_elevation_f": 3.608923999999888, "step_dist_m": 21.259591424131568, "step_dist_f": 69.74931792794781, "step_grade": 0.05174135184702402, "step_turn": 2.5650069105805073, "coast_speed_mps": 0.0, "coast_speed_mph": 0.0}, "geometry": {"type": "Point", "coordinates": [-122.23526, 37.88211]}}, {"id": "666", "type": "Feature", "properties": {"name": "Arli-griz to Vollmer Peak", "step": 666, "lat": 37.88211, "lon": -122.23515, "elevation_m": 480.2, "time": null, "elevation_f": 1575.459368, "step_elevation_m": 0.30000000000001137, "step_elevation_f": 0.9842520000001969, "step_dist_m": 9.653981729735461, "step_dist_f": 31.673169418185292, "step_grade": 0.031075260798969006, "step_turn": 18.2896599467324, "coast_speed_mps": 0.0, "coast_speed_mph": 0.0}, "geometry": {"type": "Point", "coordinates": [-122.23515, 37.88211]}}, {"id": "667", "type": "Feature", "properties": {"name": "Arli-griz to Vollmer Peak", "step": 667, "lat": 37.88209, "lon": -122.23505, "elevation_m": 480.4, "time": null, "elevation_f": 1576.115536, "step_elevation_m": 0.19999999999998863, "step_elevation_f": 0.6561679999999797, "step_dist_m": 9.05372922035015, "step_dist_f": 29.703836975293584, "step_grade": 0.02209034477753618, "step_turn": 14.2192734290428, "coast_speed_mps": 0.0, "coast_speed_mph": 0.0}, "geometry": {"type": "Point", "coordinates": [-122.23505, 37.88209]}}, {"id": "668", "type": "Feature", "properties": {"name": "Arli-griz to Vollmer Peak", "step": 668, "lat": 37.88205, "lon": -122.23495, "elevation_m": 481.0, "time": null, "elevation_f": 1578.08404, "step_elevation_m": 0.6000000000000227, "step_elevation_f": 1.968503999999939, "step_dist_m": 9.839067514716046, "step_dist_f": 32.28040626498099, "step_grade": 0.06098138864304141, "step_turn": 12.65631992047929, "coast_speed_mps": 0.0, "coast_speed_mph": 0.0}, "geometry": {"type": "Point", "coordinates": [-122.23495, 37.88205]}}, {"id": "669", "type": "Feature", "properties": {"name": "Arli-griz to Vollmer Peak", "step": 669, "lat": 37.882, "lon": -122.23487, "elevation_m": 481.8, "time": null, "elevation_f": 1580.708712, "step_elevation_m": 0.8000000000000114, "step_elevation_f": 2.624672000000146, "step_dist_m": 8.955803932174064, "step_dist_f": 29.382559772833954, "step_grade": 0.08932754737137345, "step_turn": 11.498857457431086, "coast_speed_mps": 0.0, "coast_speed_mph": 0.0}, "geometry": {"type": "Point", "coordinates": [-122.23487, 37.882]}}, {"id": "670", "type": "Feature", "properties": {"name": "Arli-griz to Vollmer Peak", "step": 670, "lat": 37.8819, "lon": -122.23479, "elevation_m": 483.4, "time": null, "elevation_f": 1585.958056, "step_elevation_m": 1.599999999999966, "step_elevation_f": 5.249343999999837, "step_dist_m": 13.150622124620144, "step_dist_f": 43.14508709133875, "step_grade": 0.12166724774218102, "step_turn": 19.356340659361194, "coast_speed_mps": 0.0, "coast_speed_mph": 0.0}, "geometry": {"type": "Point", "coordinates": [-122.23479, 37.8819]}}, {"id": "671", "type": "Feature", "properties": {"name": "Arli-griz to Vollmer Peak", "step": 671, "lat": 37.8819, "lon": -122.23478, "elevation_m": 483.8, "time": null, "elevation_f": 1587.2703920000001, "step_elevation_m": 0.4000000000000341, "step_elevation_f": 1.3123360000001867, "step_dist_m": 0.8776372066377676, "step_dist_f": 2.8793872530254534, "step_grade": null, "step_turn": 57.730760764829256, "coast_speed_mps": 0.0, "coast_speed_mph": 0.0}, "geometry": {"type": "Point", "coordinates": [-122.23478, 37.8819]}}, {"id": "672", "type": "Feature", "properties": {"name": "Arli-griz to Vollmer Peak", "step": 672, "lat": 37.88171, "lon": -122.23465, "elevation_m": 484.9, "time": null, "elevation_f": 1590.879316, "step_elevation_m": 1.099999999999966, "step_elevation_f": 3.608923999999888, "step_dist_m": 24.010908823252162, "step_dist_f": 78.77595010367862, "step_grade": 0.04581250997607912, "step_turn": 61.62944938107785, "coast_speed_mps": 0.0, "coast_speed_mph": 0.0}, "geometry": {"type": "Point", "coordinates": [-122.23465, 37.88171]}}, {"id": "673", "type": "Feature", "properties": {"name": "Arli-griz to Vollmer Peak", "step": 673, "lat": 37.88165, "lon": -122.2346, "elevation_m": 484.5, "time": null, "elevation_f": 1589.56698, "step_elevation_m": -0.39999999999997726, "step_elevation_f": -1.3123359999999593, "step_dist_m": 7.985475176946398, "step_dist_f": 26.19906637953282, "step_grade": -0.050090945264566596, "step_turn": 4.963729618313778, "coast_speed_mps": 0.0, "coast_speed_mph": 0.0}, "geometry": {"type": "Point", "coordinates": [-122.2346, 37.88165]}}, {"id": "674", "type": "Feature", "properties": {"name": "Arli-griz to Vollmer Peak", "step": 674, "lat": 37.88155, "lon": -122.23447, "elevation_m": 484.2, "time": null, "elevation_f": 1588.5827279999999, "step_elevation_m": -0.30000000000001137, "step_elevation_f": -0.9842520000001969, "step_dist_m": 15.931601661149777, "step_dist_f": 52.26903599396663, "step_grade": -0.018830498425753416, "step_turn": 12.402836762762888, "coast_speed_mps": 0.0, "coast_speed_mph": 0.0}, "geometry": {"type": "Point", "coordinates": [-122.23447, 37.88155]}}, {"id": "675", "type": "Feature", "properties": {"name": "Arli-griz to Vollmer Peak", "step": 675, "lat": 37.88149, "lon": -122.23432, "elevation_m": 484.8, "time": null, "elevation_f": 1590.551232, "step_elevation_m": 0.6000000000000227, "step_elevation_f": 1.9685040000001663, "step_dist_m": 14.758688968135221, "step_dist_f": 48.42089711421676, "step_grade": 0.04065401752794263, "step_turn": 17.387508237942484, "coast_speed_mps": 0.0, "coast_speed_mph": 0.0}, "geometry": {"type": "Point", "coordinates": [-122.23432, 37.88149]}}, {"id": "676", "type": "Feature", "properties": {"name": "Arli-griz to Vollmer Peak", "step": 676, "lat": 37.88145, "lon": -122.23415, "elevation_m": 486.2, "time": null, "elevation_f": 1595.1444079999999, "step_elevation_m": 1.3999999999999773, "step_elevation_f": 4.593175999999858, "step_dist_m": 15.568779645280742, "step_dist_f": 51.07867501142287, "step_grade": 0.08992355418328178, "step_turn": 10.275509036233984, "coast_speed_mps": 0.0, "coast_speed_mph": 0.0}, "geometry": {"type": "Point", "coordinates": [-122.23415, 37.88145]}}, {"id": "677", "type": "Feature", "properties": {"name": "Arli-griz to Vollmer Peak", "step": 677, "lat": 37.88144, "lon": -122.23406, "elevation_m": 487.7, "time": null, "elevation_f": 1600.065668, "step_elevation_m": 1.5, "step_elevation_f": 4.921260000000075, "step_dist_m": 7.976666865120413, "step_dist_f": 26.170167717761657, "step_grade": 0.1880484700394162, "step_turn": 8.586748133103299, "coast_speed_mps": 0.0, "coast_speed_mph": 0.0}, "geometry": {"type": "Point", "coordinates": [-122.23406, 37.88144]}}, {"id": "678", "type": "Feature", "properties": {"name": "Arli-griz to Vollmer Peak", "step": 678, "lat": 37.88145, "lon": -122.23388, "elevation_m": 490.5, "time": null, "elevation_f": 1609.25202, "step_elevation_m": 2.8000000000000114, "step_elevation_f": 9.186351999999943, "step_dist_m": 15.836652537512979, "step_dist_f": 51.95752311117408, "step_grade": 0.17680504092437008, "step_turn": 12.03942876029788, "coast_speed_mps": 0.0, "coast_speed_mph": 0.0}, "geometry": {"type": "Point", "coordinates": [-122.23388, 37.88145]}}, {"id": "679", "type": "Feature", "properties": {"name": "Arli-griz to Vollmer Peak", "step": 679, "lat": 37.88145, "lon": -122.23368, "elevation_m": 491.7, "time": null, "elevation_f": 1613.189028, "step_elevation_m": 1.1999999999999886, "step_elevation_f": 3.9370080000001053, "step_dist_m": 17.552851357969537, "step_dist_f": 57.588096849280774, "step_grade": 0.06836496108395242, "step_turn": 4.026252834893114, "coast_speed_mps": 0.0, "coast_speed_mph": 0.0}, "geometry": {"type": "Point", "coordinates": [-122.23368, 37.88145]}}, {"id": "680", "type": "Feature", "properties": {"name": "Arli-griz to Vollmer Peak", "step": 680, "lat": 37.88144, "lon": -122.23356, "elevation_m": 492.2, "time": null, "elevation_f": 1614.829448, "step_elevation_m": 0.5, "step_elevation_f": 1.6404199999999491, "step_dist_m": 10.59024923687492, "step_dist_f": 34.74491330630871, "step_grade": 0.04721324199425028, "step_turn": 6.027044760104559, "coast_speed_mps": 0.0, "coast_speed_mph": 0.0}, "geometry": {"type": "Point", "coordinates": [-122.23356, 37.88144]}}, {"id": "681", "type": "Feature", "properties": {"name": "Arli-griz to Vollmer Peak", "step": 681, "lat": 37.88141, "lon": -122.23344, "elevation_m": 492.3, "time": null, "elevation_f": 1615.157532, "step_elevation_m": 0.10000000000002274, "step_elevation_f": 0.32808399999998983, "step_dist_m": 11.047392839683964, "step_dist_f": 36.24472832414874, "step_grade": 0.009051909482281384, "step_turn": 11.548218352583717, "coast_speed_mps": 0.0, "coast_speed_mph": 0.0}, "geometry": {"type": "Point", "coordinates": [-122.23344, 37.88141]}}, {"id": "682", "type": "Feature", "properties": {"name": "Arli-griz to Vollmer Peak", "step": 682, "lat": 37.88128, "lon": -122.2331, "elevation_m": 493.0, "time": null, "elevation_f": 1617.45412, "step_elevation_m": 0.6999999999999886, "step_elevation_f": 2.296588000000156, "step_dist_m": 33.156837819681634, "step_dist_f": 108.78227979232429, "step_grade": 0.02111178405512706, "step_turn": 8.271637907157128, "coast_speed_mps": 0.0, "coast_speed_mph": 0.0}, "geometry": {"type": "Point", "coordinates": [-122.2331, 37.88128]}}, {"id": "683", "type": "Feature", "properties": {"name": "Arli-griz to Vollmer Peak", "step": 683, "lat": 37.88126, "lon": -122.23304, "elevation_m": 493.8, "time": null, "elevation_f": 1620.078792, "step_elevation_m": 0.8000000000000114, "step_elevation_f": 2.6246719999999186, "step_dist_m": 5.716213202807549, "step_dist_f": 18.75398092429912, "step_grade": 0.1399527924548173, "step_turn": 2.951394546589711, "coast_speed_mps": 0.0, "coast_speed_mph": 0.0}, "geometry": {"type": "Point", "coordinates": [-122.23304, 37.88126]}}, {"id": "684", "type": "Feature", "properties": {"name": "Arli-griz to Vollmer Peak", "step": 684, "lat": 37.88125, "lon": -122.23294, "elevation_m": 495.4, "time": null, "elevation_f": 1625.3281359999999, "step_elevation_m": 1.599999999999966, "step_elevation_f": 5.249343999999837, "step_dist_m": 8.846608772259623, "step_dist_f": 29.024307924380263, "step_grade": 0.18086026421978757, "step_turn": 15.674747525167845, "coast_speed_mps": 0.0, "coast_speed_mph": 0.0}, "geometry": {"type": "Point", "coordinates": [-122.23294, 37.88125]}}, {"id": "685", "type": "Feature", "properties": {"name": "Arli-griz to Vollmer Peak", "step": 685, "lat": 37.88126, "lon": -122.23283, "elevation_m": 496.4, "time": null, "elevation_f": 1628.608976, "step_elevation_m": 1.0, "step_elevation_f": 3.2808400000001257, "step_dist_m": 9.717919449334639, "step_dist_f": 31.882938846155056, "step_grade": 0.10290268459350807, "step_turn": 13.79105190804404, "coast_speed_mps": 0.0, "coast_speed_mph": 0.0}, "geometry": {"type": "Point", "coordinates": [-122.23283, 37.88126]}}, {"id": "686", "type": "Feature", "properties": {"name": "Arli-griz to Vollmer Peak", "step": 686, "lat": 37.88127, "lon": -122.23278, "elevation_m": 496.7, "time": null, "elevation_f": 1629.593228, "step_elevation_m": 0.30000000000001137, "step_elevation_f": 0.9842519999999695, "step_dist_m": 4.526912836837671, "step_dist_f": 14.852076711610506, "step_grade": 0.0662703283259105, "step_turn": 7.648776674717908, "coast_speed_mps": 0.0, "coast_speed_mph": 0.0}, "geometry": {"type": "Point", "coordinates": [-122.23278, 37.88127]}}, {"id": "687", "type": "Feature", "properties": {"name": "Arli-griz to Vollmer Peak", "step": 687, "lat": 37.88146, "lon": -122.2323, "elevation_m": 497.7, "time": null, "elevation_f": 1632.8740679999999, "step_elevation_m": 1.0, "step_elevation_f": 3.2808399999998983, "step_dist_m": 47.12776965036608, "step_dist_f": 154.61867177970706, "step_grade": 0.021218912064348713, "step_turn": 12.41521564657296, "coast_speed_mps": 0.0, "coast_speed_mph": 0.0}, "geometry": {"type": "Point", "coordinates": [-122.2323, 37.88146]}}, {"id": "688", "type": "Feature", "properties": {"name": "Arli-griz to Vollmer Peak", "step": 688, "lat": 37.88148, "lon": -122.23222, "elevation_m": 497.4, "time": null, "elevation_f": 1631.8898159999999, "step_elevation_m": -0.30000000000001137, "step_elevation_f": -0.9842519999999695, "step_dist_m": 7.364924468084336, "step_dist_f": 24.163138791869812, "step_grade": -0.040733615300476166, "step_turn": 9.059073490146545, "coast_speed_mps": 0.0, "coast_speed_mph": 0.0}, "geometry": {"type": "Point", "coordinates": [-122.23222, 37.88148]}}, {"id": "689", "type": "Feature", "properties": {"name": "Arli-griz to Vollmer Peak", "step": 689, "lat": 37.8815, "lon": -122.23206, "elevation_m": 497.0, "time": null, "elevation_f": 1630.57748, "step_elevation_m": -0.39999999999997726, "step_elevation_f": -1.3123359999999593, "step_dist_m": 14.217284149657425, "step_dist_f": 46.64463452956207, "step_grade": -0.02813476862313507, "step_turn": 8.575936920708159, "coast_speed_mps": 1.5324370095427253, "coast_speed_mph": 3.427963961933437}, "geometry": {"type": "Point", "coordinates": [-122.23206, 37.8815]}}, {"id": "690", "type": "Feature", "properties": {"name": "Arli-griz to Vollmer Peak", "step": 690, "lat": 37.88151, "lon": -122.23189, "elevation_m": 497.1, "time": null, "elevation_f": 1630.9055640000001, "step_elevation_m": 0.10000000000002274, "step_elevation_f": 0.3280840000002172, "step_dist_m": 14.961290738664124, "step_dist_f": 49.085601107038805, "step_grade": 0.006683915294928065, "step_turn": 4.737031573264801, "coast_speed_mps": 1.5160448679427327, "coast_speed_mph": 3.3912957854839187}, "geometry": {"type": "Point", "coordinates": [-122.23189, 37.88151]}}, {"id": "691", "type": "Feature", "properties": {"name": "Arli-griz to Vollmer Peak", "step": 691, "lat": 37.8815, "lon": -122.23183, "elevation_m": 497.1, "time": null, "elevation_f": 1630.9055640000001, "step_elevation_m": 0.0, "step_elevation_f": 0.0, "step_dist_m": 5.381972027922489, "step_dist_f": 17.65738910808922, "step_grade": 0.0, "step_turn": 16.185832120729344, "coast_speed_mps": 0.0, "coast_speed_mph": 0.0}, "geometry": {"type": "Point", "coordinates": [-122.23183, 37.8815]}}, {"id": "692", "type": "Feature", "properties": {"name": "Arli-griz to Vollmer Peak", "step": 692, "lat": 37.88146, "lon": -122.23167, "elevation_m": 497.5, "time": null, "elevation_f": 1632.2179, "step_elevation_m": 0.39999999999997726, "step_elevation_f": 1.3123359999999593, "step_dist_m": 14.72984712277073, "step_dist_f": 48.32627163427112, "step_grade": 0.027155746876803704, "step_turn": 5.651674328973172, "coast_speed_mps": 0.0, "coast_speed_mph": 0.0}, "geometry": {"type": "Point", "coordinates": [-122.23167, 37.88146]}}, {"id": "693", "type": "Feature", "properties": {"name": "Arli-griz to Vollmer Peak", "step": 693, "lat": 37.88121, "lon": -122.23112, "elevation_m": 501.5, "time": null, "elevation_f": 1645.34126, "step_elevation_m": 4.0, "step_elevation_f": 13.12335999999982, "step_dist_m": 55.7028060437798, "step_dist_f": 182.75199418067453, "step_grade": 0.07180966784431267, "step_turn": 12.36209013377129, "coast_speed_mps": 0.0, "coast_speed_mph": 0.0}, "geometry": {"type": "Point", "coordinates": [-122.23112, 37.88121]}}, {"id": "694", "type": "Feature", "properties": {"name": "Arli-griz to Vollmer Peak", "step": 694, "lat": 37.88096, "lon": -122.23057, "elevation_m": 504.0, "time": null, "elevation_f": 1653.54336, "step_elevation_m": 2.5, "step_elevation_f": 8.202099999999973, "step_dist_m": 55.7029480355686, "step_dist_f": 182.7524600330149, "step_grade": 0.04488092799691047, "step_turn": 8.410923010160332e-05, "coast_speed_mps": 0.0, "coast_speed_mph": 0.0}, "geometry": {"type": "Point", "coordinates": [-122.23057, 37.88096]}}, {"id": "695", "type": "Feature", "properties": {"name": "Arli-griz to Vollmer Peak", "step": 695, "lat": 37.88086, "lon": -122.23043, "elevation_m": 504.1, "time": null, "elevation_f": 1653.871444, "step_elevation_m": 0.10000000000002274, "step_elevation_f": 0.3280840000002172, "step_dist_m": 16.571529815932436, "step_dist_f": 54.36853788130377, "step_grade": 0.006034445890679285, "step_turn": 12.207023598992237, "coast_speed_mps": 0.0, "coast_speed_mph": 0.0}, "geometry": {"type": "Point", "coordinates": [-122.23043, 37.88086]}}, {"id": "696", "type": "Feature", "properties": {"name": "Arli-griz to Vollmer Peak", "step": 696, "lat": 37.88067, "lon": -122.23019, "elevation_m": 504.4, "time": null, "elevation_f": 1654.8556959999999, "step_elevation_m": 0.2999999999999545, "step_elevation_f": 0.9842519999997421, "step_dist_m": 29.833330966161288, "step_dist_f": 97.8783855670206, "step_grade": 0.010055866719684507, "step_turn": 2.9418185485712343, "coast_speed_mps": 0.0, "coast_speed_mph": 0.0}, "geometry": {"type": "Point", "coordinates": [-122.23019, 37.88067]}}, {"id": "697", "type": "Feature", "properties": {"name": "Arli-griz to Vollmer Peak", "step": 697, "lat": 37.88056, "lon": -122.23, "elevation_m": 504.9, "time": null, "elevation_f": 1656.4961159999998, "step_elevation_m": 0.5, "step_elevation_f": 1.6404199999999491, "step_dist_m": 20.680354565189553, "step_dist_f": 67.84893447165649, "step_grade": 0.02417753517831995, "step_turn": 8.825977181337919, "coast_speed_mps": 0.0, "coast_speed_mph": 0.0}, "geometry": {"type": "Point", "coordinates": [-122.23, 37.88056]}}, {"id": "698", "type": "Feature", "properties": {"name": "Arli-griz to Vollmer Peak", "step": 698, "lat": 37.88047, "lon": -122.22981, "elevation_m": 504.7, "time": null, "elevation_f": 1655.839948, "step_elevation_m": -0.19999999999998863, "step_elevation_f": -0.6561679999997523, "step_dist_m": 19.447893800572285, "step_dist_f": 63.80542789666957, "step_grade": -0.010283889970342358, "step_turn": 5.290586577019326, "coast_speed_mps": 0.9335194636760131, "coast_speed_mph": 2.0882235676360326}, "geometry": {"type": "Point", "coordinates": [-122.22981, 37.88047]}}, {"id": "699", "type": "Feature", "properties": {"name": "Arli-griz to Vollmer Peak", "step": 699, "lat": 37.8804, "lon": -122.2296, "elevation_m": 505.0, "time": null, "elevation_f": 1656.8242, "step_elevation_m": 0.30000000000001137, "step_elevation_f": 0.9842519999999695, "step_dist_m": 20.006938707032106, "step_dist_f": 65.63956478757922, "step_grade": 0.014994797774562401, "step_turn": 8.074319953591214, "coast_speed_mps": 0.0, "coast_speed_mph": 0.0}, "geometry": {"type": "Point", "coordinates": [-122.2296, 37.8804]}}, {"id": "700", "type": "Feature", "properties": {"name": "Arli-griz to Vollmer Peak", "step": 700, "lat": 37.88015, "lon": -122.22869, "elevation_m": 510.4, "time": null, "elevation_f": 1674.540736, "step_elevation_m": 5.399999999999977, "step_elevation_f": 17.716535999999905, "step_dist_m": 84.56634610095348, "step_dist_f": 277.44865094185224, "step_grade": 0.06385518884253996, "step_turn": 3.704283383325105, "coast_speed_mps": 0.0, "coast_speed_mph": 0.0}, "geometry": {"type": "Point", "coordinates": [-122.22869, 37.88015]}}, {"id": "701", "type": "Feature", "properties": {"name": "Arli-griz to Vollmer Peak", "step": 701, "lat": 37.87994, "lon": -122.22785, "elevation_m": 509.2, "time": null, "elevation_f": 1670.603728, "step_elevation_m": -1.1999999999999886, "step_elevation_f": -3.937007999999878, "step_dist_m": 77.33306673702833, "step_dist_f": 253.71741867351204, "step_grade": -0.015517294873105157, "step_turn": 1.6162111902263518, "coast_speed_mps": 3.3772476730254493, "coast_speed_mph": 7.5546878870468985}, "geometry": {"type": "Point", "coordinates": [-122.22785, 37.87994]}}, {"id": "702", "type": "Feature", "properties": {"name": "Arli-griz to Vollmer Peak", "step": 702, "lat": 37.87983, "lon": -122.2274, "elevation_m": 505.7, "time": null, "elevation_f": 1659.120788, "step_elevation_m": -3.5, "step_elevation_f": -11.482940000000099, "step_dist_m": 41.34542085500019, "step_dist_f": 135.64771055791883, "step_grade": -0.0846526635265032, "step_turn": 0.3671673404701892, "coast_speed_mps": 8.380615649730236, "coast_speed_mph": 18.746903296640628}, "geometry": {"type": "Point", "coordinates": [-122.2274, 37.87983]}}, {"id": "703", "type": "Feature", "properties": {"name": "Arli-griz to Vollmer Peak", "step": 703, "lat": 37.87962, "lon": -122.22645, "elevation_m": 504.1, "time": null, "elevation_f": 1653.871444, "step_elevation_m": -1.599999999999966, "step_elevation_f": -5.249343999999837, "step_dist_m": 86.58612179149928, "step_dist_f": 284.0752118184225, "step_grade": -0.01847871191012332, "step_turn": 1.562302568903931, "coast_speed_mps": 6.69447157048798, "coast_speed_mph": 14.975106412150975}, "geometry": {"type": "Point", "coordinates": [-122.22645, 37.87962]}}, {"id": "704", "type": "Feature", "properties": {"name": "Arli-griz to Vollmer Peak", "step": 704, "lat": 37.87958, "lon": -122.2262, "elevation_m": 505.1, "time": null, "elevation_f": 1657.152284, "step_elevation_m": 1.0, "step_elevation_f": 3.2808399999998983, "step_dist_m": 22.387884712921007, "step_dist_f": 73.45106768153975, "step_grade": 0.04466701579103886, "step_turn": 4.1860938692215655, "coast_speed_mps": 4.953493966391605, "coast_speed_mph": 11.080650425893879}, "geometry": {"type": "Point", "coordinates": [-122.2262, 37.87958]}}, {"id": "705", "type": "Feature", "properties": {"name": "Arli-griz to Vollmer Peak", "step": 705, "lat": 37.87959, "lon": -122.22604, "elevation_m": 504.9, "time": null, "elevation_f": 1656.4961159999998, "step_elevation_m": -0.20000000000004547, "step_elevation_f": -0.656168000000207, "step_dist_m": 14.086592059839013, "step_dist_f": 46.215854693602225, "step_grade": -0.014197898196416653, "step_turn": 15.986607537150405, "coast_speed_mps": 3.715873537835663, "coast_speed_mph": 8.312172373469172}, "geometry": {"type": "Point", "coordinates": [-122.22604, 37.87959]}}, {"id": "706", "type": "Feature", "properties": {"name": "Arli-griz to Vollmer Peak", "step": 706, "lat": 37.87964, "lon": -122.2258, "elevation_m": 504.4, "time": null, "elevation_f": 1654.8556959999999, "step_elevation_m": -0.5, "step_elevation_f": -1.6404199999999491, "step_dist_m": 21.785330344267933, "step_dist_f": 71.47418320668801, "step_grade": -0.022951224153989383, "step_turn": 10.258364101590018, "coast_speed_mps": 4.249760315959126, "coast_speed_mph": 9.50644308330154}, "geometry": {"type": "Point", "coordinates": [-122.2258, 37.87964]}}, {"id": "707", "type": "Feature", "properties": {"name": "Arli-griz to Vollmer Peak", "step": 707, "lat": 37.87972, "lon": -122.22561, "elevation_m": 504.6, "time": null, "elevation_f": 1655.511864, "step_elevation_m": 0.20000000000004547, "step_elevation_f": 0.656168000000207, "step_dist_m": 18.89993514258441, "step_dist_f": 62.007663213196636, "step_grade": 0.010582046895463427, "step_turn": 13.291859280603092, "coast_speed_mps": 2.9570275476113457, "coast_speed_mph": 6.614682237856439}, "geometry": {"type": "Point", "coordinates": [-122.22561, 37.87972]}}, {"id": "708", "type": "Feature", "properties": {"name": "Arli-griz to Vollmer Peak", "step": 708, "lat": 37.8802, "lon": -122.22469, "elevation_m": 508.6, "time": null, "elevation_f": 1668.635224, "step_elevation_m": 4.0, "step_elevation_f": 13.123360000000048, "step_dist_m": 96.79076417418246, "step_dist_f": 317.5550107332248, "step_grade": 0.04132625704660923, "step_turn": 5.387897570295138, "coast_speed_mps": 0.0, "coast_speed_mph": 0.0}, "geometry": {"type": "Point", "coordinates": [-122.22469, 37.8802]}}, {"id": "709", "type": "Feature", "properties": {"name": "Arli-griz to Vollmer Peak", "step": 709, "lat": 37.88032, "lon": -122.22441, "elevation_m": 509.0, "time": null, "elevation_f": 1669.94756, "step_elevation_m": 0.39999999999997726, "step_elevation_f": 1.3123359999999593, "step_dist_m": 27.96330955254541, "step_dist_f": 91.74314451237309, "step_grade": 0.014304458463628692, "step_turn": 4.96447831440986, "coast_speed_mps": 0.0, "coast_speed_mph": 0.0}, "geometry": {"type": "Point", "coordinates": [-122.22441, 37.88032]}}, {"id": "710", "type": "Feature", "properties": {"name": "Arli-griz to Vollmer Peak", "step": 710, "lat": 37.88039, "lon": -122.22416, "elevation_m": 508.8, "time": null, "elevation_f": 1669.291392, "step_elevation_m": -0.19999999999998863, "step_elevation_f": -0.6561679999999797, "step_dist_m": 23.28110264967151, "step_dist_f": 76.38157281714828, "step_grade": -0.008590658398338816, "step_turn": 8.969072060018334, "coast_speed_mps": 0.5194209546286485, "coast_speed_mph": 1.1619115842623655}, "geometry": {"type": "Point", "coordinates": [-122.22416, 37.88039]}}, {"id": "711", "type": "Feature", "properties": {"name": "Arli-griz to Vollmer Peak", "step": 711, "lat": 37.88041, "lon": -122.22393, "elevation_m": 508.8, "time": null, "elevation_f": 1669.291392, "step_elevation_m": 0.0, "step_elevation_f": 0.0, "step_dist_m": 20.308200788622226, "step_dist_f": 66.62795747534335, "step_grade": 0.0, "step_turn": 13.245078768485541, "coast_speed_mps": 0.0, "coast_speed_mph": 0.0}, "geometry": {"type": "Point", "coordinates": [-122.22393, 37.88041]}}, {"id": "712", "type": "Feature", "properties": {"name": "Arli-griz to Vollmer Peak", "step": 712, "lat": 37.88038, "lon": -122.22371, "elevation_m": 508.1, "time": null, "elevation_f": 1666.9948040000002, "step_elevation_m": -0.6999999999999886, "step_elevation_f": -2.296587999999929, "step_dist_m": 19.59445574628003, "step_dist_f": 64.28627419062538, "step_grade": -0.03572439107592373, "step_turn": 16.08895749969213, "coast_speed_mps": 3.2647288135561374, "coast_speed_mph": 7.302990366759426}, "geometry": {"type": "Point", "coordinates": [-122.22371, 37.88038]}}, {"id": "713", "type": "Feature", "properties": {"name": "Arli-griz to Vollmer Peak", "step": 713, "lat": 37.88031, "lon": -122.22349, "elevation_m": 506.8, "time": null, "elevation_f": 1662.729712, "step_elevation_m": -1.3000000000000114, "step_elevation_f": -4.265092000000095, "step_dist_m": 20.81827199931198, "step_dist_f": 68.30141950622271, "step_grade": -0.06244514434449579, "step_turn": 12.153397780433409, "coast_speed_mps": 5.596413153197946, "coast_speed_mph": 12.518819687719086}, "geometry": {"type": "Point", "coordinates": [-122.22349, 37.88031]}}, {"id": "714", "type": "Feature", "properties": {"name": "Arli-griz to Vollmer Peak", "step": 714, "lat": 37.88001, "lon": -122.22276, "elevation_m": 505.3, "time": null, "elevation_f": 1657.808452, "step_elevation_m": -1.5, "step_elevation_f": -4.921260000000075, "step_dist_m": 72.23315451261915, "step_dist_f": 236.9854226511814, "step_grade": -0.020766087402952195, "step_turn": 5.548811040664759, "coast_speed_mps": 5.773536413422212, "coast_speed_mph": 12.91503313668174}, "geometry": {"type": "Point", "coordinates": [-122.22276, 37.88001]}}, {"id": "715", "type": "Feature", "properties": {"name": "Arli-griz to Vollmer Peak", "step": 715, "lat": 37.87971, "lon": -122.22203, "elevation_m": 503.0, "time": null, "elevation_f": 1650.26252, "step_elevation_m": -2.3000000000000114, "step_elevation_f": -7.545931999999993, "step_dist_m": 72.23338598167472, "step_dist_f": 236.98618206411766, "step_grade": -0.031841231983552744, "step_turn": 9.559441298279125e-05, "coast_speed_mps": 7.071751143572542, "coast_speed_mph": 15.819056781434623}, "geometry": {"type": "Point", "coordinates": [-122.22203, 37.87971]}}, {"id": "716", "type": "Feature", "properties": {"name": "Arli-griz to Vollmer Peak", "step": 716, "lat": 37.87958, "lon": -122.22178, "elevation_m": 502.3, "time": null, "elevation_f": 1647.965932, "step_elevation_m": -0.6999999999999886, "step_elevation_f": -2.296587999999929, "step_dist_m": 26.27528806563808, "step_dist_f": 86.20501609726804, "step_grade": -0.026641001927412724, "step_turn": 5.873124023247101, "coast_speed_mps": 7.270059327342275, "coast_speed_mph": 16.262659554720532}, "geometry": {"type": "Point", "coordinates": [-122.22178, 37.87958]}}, {"id": "717", "type": "Feature", "properties": {"name": "Arli-griz to Vollmer Peak", "step": 717, "lat": 37.87964, "lon": -122.22172, "elevation_m": 501.9, "time": null, "elevation_f": 1646.6535959999999, "step_elevation_m": -0.4000000000000341, "step_elevation_f": -1.3123360000001867, "step_dist_m": 8.499537685041533, "step_dist_f": 27.88562321859166, "step_grade": -0.047061383197817955, "step_turn": 85.09309619736257, "coast_speed_mps": 7.321336694341141, "coast_speed_mph": 16.377363757921287}, "geometry": {"type": "Point", "coordinates": [-122.22172, 37.87964]}}, {"id": "718", "type": "Feature", "properties": {"name": "Arli-griz to Vollmer Peak", "step": 718, "lat": 37.87984, "lon": -122.22156, "elevation_m": 501.7, "time": null, "elevation_f": 1645.997428, "step_elevation_m": -0.19999999999998863, "step_elevation_f": -0.6561679999999797, "step_dist_m": 26.301469220424924, "step_dist_f": 86.2909122771389, "step_grade": -0.007604137940882584, "step_turn": 6.014162292754406, "coast_speed_mps": 6.281254528978277, "coast_speed_mph": 14.050766215502572}, "geometry": {"type": "Point", "coordinates": [-122.22156, 37.87984]}}, {"id": "719", "type": "Feature", "properties": {"name": "Arli-griz to Vollmer Peak", "step": 719, "lat": 37.87989, "lon": -122.22164, "elevation_m": 501.9, "time": null, "elevation_f": 1646.6535959999999, "step_elevation_m": 0.19999999999998863, "step_elevation_f": 0.6561679999999797, "step_dist_m": 8.955965365310904, "step_dist_f": 29.383089409126626, "step_grade": 0.022331484305940667, "step_turn": 83.8962964203019, "coast_speed_mps": 5.865638063351604, "coast_speed_mph": 13.121058659966886}, "geometry": {"type": "Point", "coordinates": [-122.22164, 37.87989]}}, {"id": "720", "type": "Feature", "properties": {"name": "Arli-griz to Vollmer Peak", "step": 720, "lat": 37.87997, "lon": -122.22172, "elevation_m": 502.2, "time": null, "elevation_f": 1647.6378479999998, "step_elevation_m": 0.30000000000001137, "step_elevation_f": 0.9842519999999695, "step_dist_m": 11.332698014235657, "step_dist_f": 37.18076895302491, "step_grade": 0.026472072195267538, "step_turn": 13.342371770206626, "coast_speed_mps": 4.937229940961359, "coast_speed_mph": 11.044268837154066}, "geometry": {"type": "Point", "coordinates": [-122.22172, 37.87997]}}, {"id": "721", "type": "Feature", "properties": {"name": "Arli-griz to Vollmer Peak", "step": 721, "lat": 37.8802, "lon": -122.22185, "elevation_m": 502.4, "time": null, "elevation_f": 1648.2940159999998, "step_elevation_m": 0.19999999999998863, "step_elevation_f": 0.6561679999999797, "step_dist_m": 28.004468561278912, "step_dist_f": 91.8781806345863, "step_grade": 0.007141717385650506, "step_turn": 14.241189108471076, "coast_speed_mps": 3.3474027151381716, "coast_speed_mph": 7.487926617614012}, "geometry": {"type": "Point", "coordinates": [-122.22185, 37.8802]}}, {"id": "722", "type": "Feature", "properties": {"name": "Arli-griz to Vollmer Peak", "step": 722, "lat": 37.88047, "lon": -122.2219, "elevation_m": 503.7, "time": null, "elevation_f": 1652.559108, "step_elevation_m": 1.3000000000000114, "step_elevation_f": 4.265092000000095, "step_dist_m": 30.34164330978904, "step_dist_f": 99.54607703648827, "step_grade": 0.04284540513270737, "step_turn": 15.727014433233364, "coast_speed_mps": 0.0, "coast_speed_mph": 0.0}, "geometry": {"type": "Point", "coordinates": [-122.2219, 37.88047]}}, {"id": "723", "type": "Feature", "properties": {"name": "Arli-griz to Vollmer Peak", "step": 723, "lat": 37.88062, "lon": -122.22194, "elevation_m": 505.1, "time": null, "elevation_f": 1657.152284, "step_elevation_m": 1.400000000000034, "step_elevation_f": 4.593176000000085, "step_dist_m": 17.044688908935598, "step_dist_f": 55.920897159992265, "step_grade": 0.0821370227101118, "step_turn": 3.5702203813049778, "coast_speed_mps": 0.0, "coast_speed_mph": 0.0}, "geometry": {"type": "Point", "coordinates": [-122.22194, 37.88062]}}, {"id": "724", "type": "Feature", "properties": {"name": "Arli-griz to Vollmer Peak", "step": 724, "lat": 37.88077, "lon": -122.22195, "elevation_m": 506.6, "time": null, "elevation_f": 1662.073544, "step_elevation_m": 1.5, "step_elevation_f": 4.921260000000075, "step_dist_m": 16.702313785270317, "step_dist_f": 54.79761915926626, "step_grade": 0.08980791639316717, "step_turn": 8.873908108156513, "coast_speed_mps": 0.0, "coast_speed_mph": 0.0}, "geometry": {"type": "Point", "coordinates": [-122.22195, 37.88077]}}, {"id": "725", "type": "Feature", "properties": {"name": "Arli-griz to Vollmer Peak", "step": 725, "lat": 37.88097, "lon": -122.22199, "elevation_m": 508.7, "time": null, "elevation_f": 1668.9633079999999, "step_elevation_m": 2.099999999999966, "step_elevation_f": 6.889763999999786, "step_dist_m": 22.514367994288893, "step_dist_f": 73.86603909038277, "step_grade": 0.09327377079972497, "step_turn": 5.95846242293095, "coast_speed_mps": 0.0, "coast_speed_mph": 0.0}, "geometry": {"type": "Point", "coordinates": [-122.22199, 37.88097]}}, {"id": "726", "type": "Feature", "properties": {"name": "Arli-griz to Vollmer Peak", "step": 726, "lat": 37.88117, "lon": -122.22209, "elevation_m": 509.6, "time": null, "elevation_f": 1671.916064, "step_elevation_m": 0.9000000000000341, "step_elevation_f": 2.952756000000136, "step_dist_m": 23.908134828822483, "step_dist_f": 78.43876507179395, "step_grade": 0.03764409086881332, "step_turn": 12.565766809286231, "coast_speed_mps": 0.0, "coast_speed_mph": 0.0}, "geometry": {"type": "Point", "coordinates": [-122.22209, 37.88117]}}, {"id": "727", "type": "Feature", "properties": {"name": "Arli-griz to Vollmer Peak", "step": 727, "lat": 37.88146, "lon": -122.22218, "elevation_m": 511.2, "time": null, "elevation_f": 1677.1654079999998, "step_elevation_m": 1.599999999999966, "step_elevation_f": 5.249343999999837, "step_dist_m": 33.199843648867365, "step_dist_f": 108.92337503695, "step_grade": 0.048192998043066114, "step_turn": 7.772729992553252, "coast_speed_mps": 0.0, "coast_speed_mph": 0.0}, "geometry": {"type": "Point", "coordinates": [-122.22218, 37.88146]}}, {"id": "728", "type": "Feature", "properties": {"name": "Arli-griz to Vollmer Peak", "step": 728, "lat": 37.88166, "lon": -122.22225, "elevation_m": 513.5, "time": null, "elevation_f": 1684.71134, "step_elevation_m": 2.3000000000000114, "step_elevation_f": 7.545932000000221, "step_dist_m": 23.071951002539585, "step_dist_f": 75.69537972717197, "step_grade": 0.09968814513115275, "step_turn": 1.6791309320510663, "coast_speed_mps": 0.0, "coast_speed_mph": 0.0}, "geometry": {"type": "Point", "coordinates": [-122.22225, 37.88166]}}, {"id": "729", "type": "Feature", "properties": {"name": "Arli-griz to Vollmer Peak", "step": 729, "lat": 37.88188, "lon": -122.2223, "elevation_m": 516.0, "time": null, "elevation_f": 1692.91344, "step_elevation_m": 2.5, "step_elevation_f": 8.202099999999973, "step_dist_m": 24.853348496029618, "step_dist_f": 81.53985987971382, "step_grade": 0.1005900673866695, "step_turn": 5.273078125831944, "coast_speed_mps": 0.0, "coast_speed_mph": 0.0}, "geometry": {"type": "Point", "coordinates": [-122.2223, 37.88188]}}, {"id": "730", "type": "Feature", "properties": {"name": "Arli-griz to Vollmer Peak", "step": 730, "lat": 37.88196, "lon": -122.22229, "elevation_m": 516.9, "time": null, "elevation_f": 1695.866196, "step_elevation_m": 0.8999999999999773, "step_elevation_f": 2.9527559999999085, "step_dist_m": 8.938783004314875, "step_dist_f": 29.326716831876414, "step_grade": 0.10068484709445735, "step_turn": 15.804189518131238, "coast_speed_mps": 0.0, "coast_speed_mph": 0.0}, "geometry": {"type": "Point", "coordinates": [-122.22229, 37.88196]}}, {"id": "731", "type": "Feature", "properties": {"name": "Arli-griz to Vollmer Peak", "step": 731, "lat": 37.88205, "lon": -122.22221, "elevation_m": 519.4, "time": null, "elevation_f": 1704.068296, "step_elevation_m": 2.5, "step_elevation_f": 8.202099999999973, "step_dist_m": 12.224835229849415, "step_dist_f": 40.10772841549915, "step_grade": 0.20450173380625555, "step_turn": 29.418140387016194, "coast_speed_mps": 0.0, "coast_speed_mph": 0.0}, "geometry": {"type": "Point", "coordinates": [-122.22221, 37.88205]}}, {"id": "732", "type": "Feature", "properties": {"name": "Arli-griz to Vollmer Peak", "step": 732, "lat": 37.88206, "lon": -122.22213, "elevation_m": 521.0, "time": null, "elevation_f": 1709.31764, "step_elevation_m": 1.6000000000000227, "step_elevation_f": 5.249344000000065, "step_dist_m": 7.10858887563803, "step_dist_f": 23.32214272674827, "step_grade": 0.22507983342283458, "step_turn": 45.947931130454606, "coast_speed_mps": 0.0, "coast_speed_mph": 0.0}, "geometry": {"type": "Point", "coordinates": [-122.22213, 37.88206]}}, {"id": "733", "type": "Feature", "properties": {"name": "Arli-griz to Vollmer Peak", "step": 733, "lat": 37.88206, "lon": -122.22204, "elevation_m": 522.5, "time": null, "elevation_f": 1714.2389, "step_elevation_m": 1.5, "step_elevation_f": 4.921260000000075, "step_dist_m": 7.898717688491637, "step_dist_f": 25.914428941110902, "step_grade": 0.18990424258174046, "step_turn": 8.999351990059324, "coast_speed_mps": 0.0, "coast_speed_mph": 0.0}, "geometry": {"type": "Point", "coordinates": [-122.22204, 37.88206]}}, {"id": "734", "type": "Feature", "properties": {"name": "Arli-griz to Vollmer Peak", "step": 734, "lat": 37.882, "lon": -122.22195, "elevation_m": 523.1, "time": null, "elevation_f": 1716.207404, "step_elevation_m": 0.6000000000000227, "step_elevation_f": 1.968503999999939, "step_dist_m": 10.33930917011381, "step_dist_f": 33.92161909767619, "step_grade": 0.05803095643317708, "step_turn": 40.18628173524172, "coast_speed_mps": 0.0, "coast_speed_mph": 0.0}, "geometry": {"type": "Point", "coordinates": [-122.22195, 37.882]}}, {"id": "735", "type": "Feature", "properties": {"name": "Arli-griz to Vollmer Peak", "step": 735, "lat": 37.88181, "lon": -122.22182, "elevation_m": 524.0, "time": null, "elevation_f": 1719.16016, "step_elevation_m": 0.8999999999999773, "step_elevation_f": 2.9527559999999085, "step_dist_m": 24.010901460798827, "step_dist_f": 78.77592594864723, "step_grade": 0.03748297420108753, "step_turn": 21.443224731763337, "coast_speed_mps": 0.0, "coast_speed_mph": 0.0}, "geometry": {"type": "Point", "coordinates": [-122.22182, 37.88181]}}, {"id": "736", "type": "Feature", "properties": {"name": "Arli-griz to Vollmer Peak", "step": 736, "lat": 37.88159, "lon": -122.22162, "elevation_m": 527.6, "time": null, "elevation_f": 1730.971184, "step_elevation_m": 3.6000000000000227, "step_elevation_f": 11.811024000000089, "step_dist_m": 30.108689541709104, "step_dist_f": 98.7817929960209, "step_grade": 0.11956681126931805, "step_turn": 7.290019783118851, "coast_speed_mps": 0.0, "coast_speed_mph": 0.0}, "geometry": {"type": "Point", "coordinates": [-122.22162, 37.88159]}}, {"id": "737", "type": "Feature", "properties": {"name": "Arli-griz to Vollmer Peak", "step": 737, "lat": 37.88134, "lon": -122.22127, "elevation_m": 528.2, "time": null, "elevation_f": 1732.9396880000002, "step_elevation_m": 0.6000000000000227, "step_elevation_f": 1.9685040000001663, "step_dist_m": 41.428652908772456, "step_dist_f": 135.92078160921702, "step_grade": 0.01448273013658558, "step_turn": 12.195077341391993, "coast_speed_mps": 0.0, "coast_speed_mph": 0.0}, "geometry": {"type": "Point", "coordinates": [-122.22127, 37.88134]}}, {"id": "738", "type": "Feature", "properties": {"name": "Arli-griz to Vollmer Peak", "step": 738, "lat": 37.88124, "lon": -122.22117, "elevation_m": 527.9, "time": null, "elevation_f": 1731.955436, "step_elevation_m": -0.3000000000000682, "step_elevation_f": -0.9842520000001969, "step_dist_m": 14.165772111790682, "step_dist_f": 46.475631775247344, "step_grade": -0.021177807861977916, "step_turn": 9.572097674118709, "coast_speed_mps": 0.0, "coast_speed_mph": 0.0}, "geometry": {"type": "Point", "coordinates": [-122.22117, 37.88124]}}, {"id": "739", "type": "Feature", "properties": {"name": "Arli-griz to Vollmer Peak", "step": 739, "lat": 37.88111, "lon": -122.22109, "elevation_m": 525.6, "time": null, "elevation_f": 1724.409504, "step_elevation_m": -2.2999999999999545, "step_elevation_f": -7.545931999999993, "step_dist_m": 16.07027226176619, "step_dist_f": 52.72399204729298, "step_grade": -0.1431214084326394, "step_turn": 12.376983596487094, "coast_speed_mps": 6.527144097213749, "coast_speed_mph": 14.600805514526087}, "geometry": {"type": "Point", "coordinates": [-122.22109, 37.88111]}}, {"id": "740", "type": "Feature", "properties": {"name": "Arli-griz to Vollmer Peak", "step": 740, "lat": 37.88087, "lon": -122.22106, "elevation_m": 522.4, "time": null, "elevation_f": 1713.9108159999998, "step_elevation_m": -3.2000000000000455, "step_elevation_f": -10.49868800000013, "step_dist_m": 26.81635227706347, "step_dist_f": 87.98016120468091, "step_grade": -0.1193301746239762, "step_turn": 20.271905189407903, "coast_speed_mps": 9.143521192264647, "coast_speed_mph": 20.453474392145303}, "geometry": {"type": "Point", "coordinates": [-122.22106, 37.88087]}}, {"id": "741", "type": "Feature", "properties": {"name": "Arli-griz to Vollmer Peak", "step": 741, "lat": 37.88077, "lon": -122.22102, "elevation_m": 521.7, "time": null, "elevation_f": 1711.6142280000001, "step_elevation_m": -0.6999999999999318, "step_elevation_f": -2.2965879999997014, "step_dist_m": 11.660507347242167, "step_dist_f": 38.25625892512599, "step_grade": -0.06003169323206929, "step_turn": 11.88711398232249, "coast_speed_mps": 9.71465930048456, "coast_speed_mph": 21.73107395419772}, "geometry": {"type": "Point", "coordinates": [-122.22102, 37.88077]}}, {"id": "742", "type": "Feature", "properties": {"name": "Arli-griz to Vollmer Peak", "step": 742, "lat": 37.88069, "lon": -122.22093, "elevation_m": 521.3, "time": null, "elevation_f": 1710.301892, "step_elevation_m": -0.40000000000009095, "step_elevation_f": -1.3123360000001867, "step_dist_m": 11.896368751002829, "step_dist_f": 39.03008245304012, "step_grade": -0.03362370555018077, "step_turn": 24.08181959543981, "coast_speed_mps": 9.35849677938982, "coast_speed_mph": 20.934361084891307}, "geometry": {"type": "Point", "coordinates": [-122.22093, 37.88069]}}, {"id": "743", "type": "Feature", "properties": {"name": "Arli-griz to Vollmer Peak", "step": 743, "lat": 37.88069, "lon": -122.22085, "elevation_m": 522.0, "time": null, "elevation_f": 1712.5984799999999, "step_elevation_m": 0.7000000000000455, "step_elevation_f": 2.296587999999929, "step_dist_m": 7.021212994051463, "step_dist_f": 23.0354764394038, "step_grade": 0.09969787280247758, "step_turn": 48.39645915287218, "coast_speed_mps": 8.558496257338458, "coast_speed_mph": 19.14481088345215}, "geometry": {"type": "Point", "coordinates": [-122.22085, 37.88069]}}, {"id": "744", "type": "Feature", "properties": {"name": "Arli-griz to Vollmer Peak", "step": 744, "lat": 37.88073, "lon": -122.22076, "elevation_m": 523.5, "time": null, "elevation_f": 1717.51974, "step_elevation_m": 1.5, "step_elevation_f": 4.921260000000075, "step_dist_m": 9.065038727584495, "step_dist_f": 29.740941659008314, "step_grade": 0.16547088711662852, "step_turn": 29.38357599709161, "coast_speed_mps": 6.150860314467396, "coast_speed_mph": 13.759082664789256}, "geometry": {"type": "Point", "coordinates": [-122.22076, 37.88073]}}, {"id": "745", "type": "Feature", "properties": {"name": "Arli-griz to Vollmer Peak", "step": 745, "lat": 37.8808, "lon": -122.22073, "elevation_m": 525.3, "time": null, "elevation_f": 1723.4252519999998, "step_elevation_m": 1.7999999999999545, "step_elevation_f": 5.905511999999817, "step_dist_m": 8.216907241937037, "step_dist_f": 26.958357955636707, "step_grade": 0.21906052326028524, "step_turn": 41.92741387198333, "coast_speed_mps": 2.061428296391079, "coast_speed_mph": 4.611283769665079}, "geometry": {"type": "Point", "coordinates": [-122.22073, 37.8808]}}, {"id": "746", "type": "Feature", "properties": {"name": "Arli-griz to Vollmer Peak", "step": 746, "lat": 37.8809, "lon": -122.22073, "elevation_m": 527.3, "time": null, "elevation_f": 1729.9869319999998, "step_elevation_m": 2.0, "step_elevation_f": 6.561680000000024, "step_dist_m": 11.119492664568353, "step_dist_f": 36.48127631362244, "step_grade": 0.1798643211819267, "step_turn": null, "coast_speed_mps": 0.0, "coast_speed_mph": 0.0}, "geometry": {"type": "Point", "coordinates": [-122.22073, 37.8809]}}, {"id": "747", "type": "Feature", "properties": {"name": "Arli-griz to Vollmer Peak", "step": 747, "lat": 37.8812, "lon": -122.22081, "elevation_m": 533.1, "time": null, "elevation_f": 1749.0158040000001, "step_elevation_m": 5.800000000000068, "step_elevation_f": 19.02887200000032, "step_dist_m": 34.08936790318688, "step_dist_f": 111.84176179149165, "step_grade": 0.17014102509826382, "step_turn": null, "coast_speed_mps": 0.0, "coast_speed_mph": 0.0}, "geometry": {"type": "Point", "coordinates": [-122.22081, 37.8812]}}, {"id": "748", "type": "Feature", "properties": {"name": "Arli-griz to Vollmer Peak", "step": 748, "lat": 37.88144, "lon": -122.22096, "elevation_m": 536.7, "time": null, "elevation_f": 1760.8268280000002, "step_elevation_m": 3.6000000000000227, "step_elevation_f": 11.811024000000089, "step_dist_m": 29.757228931957624, "step_dist_f": 97.62870696912385, "step_grade": 0.12097900675602967, "step_turn": 14.3712965323312, "coast_speed_mps": 0.0, "coast_speed_mph": 0.0}, "geometry": {"type": "Point", "coordinates": [-122.22096, 37.88144]}}, {"id": "749", "type": "Feature", "properties": {"name": "Arli-griz to Vollmer Peak", "step": 749, "lat": 37.8816, "lon": -122.22109, "elevation_m": 540.0, "time": null, "elevation_f": 1771.6536, "step_elevation_m": 3.2999999999999545, "step_elevation_f": 10.826771999999892, "step_dist_m": 21.135266191739287, "step_dist_f": 69.34142673250592, "step_grade": 0.15613713922797712, "step_turn": 6.414476776590163, "coast_speed_mps": 0.0, "coast_speed_mph": 0.0}, "geometry": {"type": "Point", "coordinates": [-122.22109, 37.8816]}}, {"id": "750", "type": "Feature", "properties": {"name": "Arli-griz to Vollmer Peak", "step": 750, "lat": 37.88192, "lon": -122.22137, "elevation_m": 545.4, "time": null, "elevation_f": 1789.370136, "step_elevation_m": 5.399999999999977, "step_elevation_f": 17.716535999999905, "step_dist_m": 43.243282871041785, "step_dist_f": 141.87429217462872, "step_grade": 0.12487488556554828, "step_turn": 1.9579562190320416, "coast_speed_mps": 0.0, "coast_speed_mph": 0.0}, "geometry": {"type": "Point", "coordinates": [-122.22137, 37.88192]}}, {"id": "751", "type": "Feature", "properties": {"name": "Arli-griz to Vollmer Peak", "step": 751, "lat": 37.88198, "lon": -122.22139, "elevation_m": 545.9, "time": null, "elevation_f": 1791.010556, "step_elevation_m": 0.5, "step_elevation_f": 1.6404199999999491, "step_dist_m": 6.898732219675572, "step_dist_f": 22.633636615600402, "step_grade": 0.07247708478580628, "step_turn": 19.889581148775108, "coast_speed_mps": 0.0, "coast_speed_mph": 0.0}, "geometry": {"type": "Point", "coordinates": [-122.22139, 37.88198]}}, {"id": "752", "type": "Feature", "properties": {"name": "Arli-griz to Vollmer Peak", "step": 752, "lat": 37.88207, "lon": -122.2214, "elevation_m": 546.6, "time": null, "elevation_f": 1793.307144, "step_elevation_m": 0.7000000000000455, "step_elevation_f": 2.296588000000156, "step_dist_m": 10.045952882139751, "step_dist_f": 32.95916405383938, "step_grade": 0.06967980123065717, "step_turn": 9.728187034143787, "coast_speed_mps": 0.0, "coast_speed_mph": 0.0}, "geometry": {"type": "Point", "coordinates": [-122.2214, 37.88207]}}, {"id": "753", "type": "Feature", "properties": {"name": "Arli-griz to Vollmer Peak", "step": 753, "lat": 37.8824, "lon": -122.22129, "elevation_m": 552.7, "time": null, "elevation_f": 1813.3202680000002, "step_elevation_m": 6.100000000000023, "step_elevation_f": 20.01312400000006, "step_dist_m": 37.943017700816974, "step_dist_f": 124.48497019354836, "step_grade": 0.16076739199024437, "step_turn": 19.75183804277549, "coast_speed_mps": 0.0, "coast_speed_mph": 0.0}, "geometry": {"type": "Point", "coordinates": [-122.22129, 37.8824]}}, {"id": "754", "type": "Feature", "properties": {"name": "Arli-griz to Vollmer Peak", "step": 754, "lat": 37.88293, "lon": -122.22102, "elevation_m": 557.4, "time": null, "elevation_f": 1828.740216, "step_elevation_m": 4.699999999999932, "step_elevation_f": 15.41994799999975, "step_dist_m": 63.51876576694169, "step_dist_f": 208.39490747881297, "step_grade": 0.07399388107200981, "step_turn": 7.164062740890529, "coast_speed_mps": 0.0, "coast_speed_mph": 0.0}, "geometry": {"type": "Point", "coordinates": [-122.22102, 37.88293]}}, {"id": "755", "type": "Feature", "properties": {"name": "Arli-griz to Vollmer Peak", "step": 755, "lat": 37.88324, "lon": -122.22098, "elevation_m": 558.2, "time": null, "elevation_f": 1831.364888, "step_elevation_m": 0.8000000000000682, "step_elevation_f": 2.624672000000146, "step_dist_m": 34.64872164887592, "step_dist_f": 113.67691193449808, "step_grade": 0.02308887491166711, "step_turn": 16.08905250302081, "coast_speed_mps": 0.0, "coast_speed_mph": 0.0}, "geometry": {"type": "Point", "coordinates": [-122.22098, 37.88324]}}, {"id": "756", "type": "Feature", "properties": {"name": "Arli-griz to Vollmer Peak", "step": 756, "lat": 37.88353, "lon": -122.22097, "elevation_m": 558.0, "time": null, "elevation_f": 1830.70872, "step_elevation_m": -0.20000000000004547, "step_elevation_f": -0.6561679999999797, "step_dist_m": 32.258469134523146, "step_dist_f": 105.83487587530892, "step_grade": -0.006199922233321502, "step_turn": 4.256011239878035, "coast_speed_mps": 0.0, "coast_speed_mph": 0.0}, "geometry": {"type": "Point", "coordinates": [-122.22097, 37.88353]}}, {"id": "757", "type": "Feature", "properties": {"name": "Arli-griz to Vollmer Peak", "step": 757, "lat": 37.88367, "lon": -122.22098, "elevation_m": 557.6, "time": null, "elevation_f": 1829.3963840000001, "step_elevation_m": -0.39999999999997726, "step_elevation_f": -1.3123359999999593, "step_dist_m": 15.592008243678759, "step_dist_f": 51.154884326191016, "step_grade": -0.025654168067935922, "step_turn": 4.785641910415507, "coast_speed_mps": 2.3239359685825547, "coast_speed_mph": 5.19849670853291}, "geometry": {"type": "Point", "coordinates": [-122.22098, 37.88367]}}, {"id": "758", "type": "Feature", "properties": {"name": "Arli-griz to Vollmer Peak", "step": 758, "lat": 37.88385, "lon": -122.22108, "elevation_m": 558.0, "time": null, "elevation_f": 1830.70872, "step_elevation_m": 0.39999999999997726, "step_elevation_f": 1.3123359999999593, "step_dist_m": 21.854622286620497, "step_dist_f": 71.70151898283599, "step_grade": 0.01830276427357242, "step_turn": 20.44963193446614, "coast_speed_mps": 0.0, "coast_speed_mph": 0.0}, "geometry": {"type": "Point", "coordinates": [-122.22108, 37.88385]}}, {"id": "759", "type": "Feature", "properties": {"name": "Arli-griz to Vollmer Peak", "step": 759, "lat": 37.88399, "lon": -122.22122, "elevation_m": 558.5, "time": null, "elevation_f": 1832.34914, "step_elevation_m": 0.5, "step_elevation_f": 1.6404199999999491, "step_dist_m": 19.831809109304874, "step_dist_f": 65.0649925981718, "step_grade": 0.025212021618612964, "step_turn": 14.60614845532109, "coast_speed_mps": 0.0, "coast_speed_mph": 0.0}, "geometry": {"type": "Point", "coordinates": [-122.22122, 37.88399]}}, {"id": "760", "type": "Feature", "properties": {"name": "Arli-griz to Vollmer Peak", "step": 760, "lat": 37.88444, "lon": -122.22205, "elevation_m": 553.0, "time": null, "elevation_f": 1814.30452, "step_elevation_m": -5.5, "step_elevation_f": -18.044620000000123, "step_dist_m": 88.37234611366344, "step_dist_f": 289.93552802355157, "step_grade": -0.06223666386457554, "step_turn": 17.23061197737121, "coast_speed_mps": 9.697374724841739, "coast_speed_mph": 21.692409459649536}, "geometry": {"type": "Point", "coordinates": [-122.22205, 37.88444]}}, {"id": "761", "type": "Feature", "properties": {"name": "Arli-griz to Vollmer Peak", "step": 761, "lat": 37.88461, "lon": -122.22242, "elevation_m": 552.6, "time": null, "elevation_f": 1812.992184, "step_elevation_m": -0.39999999999997726, "step_elevation_f": -1.3123359999999593, "step_dist_m": 37.57288477817191, "step_dist_f": 123.27062329561753, "step_grade": -0.010645975212218961, "step_turn": 4.281128626882605, "coast_speed_mps": 8.418925730405345, "coast_speed_mph": 18.832600506454312}, "geometry": {"type": "Point", "coordinates": [-122.22242, 37.88461]}}, {"id": "762", "type": "Feature", "properties": {"name": "Arli-griz to Vollmer Peak", "step": 762, "lat": 37.88477, "lon": -122.22301, "elevation_m": 545.3, "time": null, "elevation_f": 1789.0420519999998, "step_elevation_m": -7.300000000000068, "step_elevation_f": -23.950132000000167, "step_dist_m": 54.74991563069709, "step_dist_f": 179.62571319781622, "step_grade": -0.13333353879922907, "step_turn": 11.242855773731776, "coast_speed_mps": 13.339094540476855, "coast_speed_mph": 29.838704680737386}, "geometry": {"type": "Point", "coordinates": [-122.22301, 37.88477]}}, {"id": "763", "type": "Feature", "properties": {"name": "Arli-griz to Vollmer Peak", "step": 763, "lat": 37.88511, "lon": -122.22397, "elevation_m": 535.0, "time": null, "elevation_f": 1755.2494, "step_elevation_m": -10.299999999999955, "step_elevation_f": -33.79265199999986, "step_dist_m": 92.34351814885419, "step_dist_f": 302.96430808348674, "step_grade": -0.11154004316141336, "step_turn": 5.205062699956272, "coast_speed_mps": 16.06809702126432, "coast_speed_mph": 35.94330937111736}, "geometry": {"type": "Point", "coordinates": [-122.22397, 37.88511]}}, {"id": "764", "type": "Feature", "properties": {"name": "Arli-griz to Vollmer Peak", "step": 764, "lat": 37.88521, "lon": -122.22408, "elevation_m": 532.8, "time": null, "elevation_f": 1748.031552, "step_elevation_m": -2.2000000000000455, "step_elevation_f": -7.217848000000004, "step_dist_m": 14.725310211686823, "step_dist_f": 48.31138675491059, "step_grade": -0.14940262502952253, "step_turn": 24.86856647738216, "coast_speed_mps": 16.20439211487564, "coast_speed_mph": 36.24819281244547}, "geometry": {"type": "Point", "coordinates": [-122.22408, 37.88521]}}, {"id": "765", "type": "Feature", "properties": {"name": "Arli-griz to Vollmer Peak", "step": 765, "lat": 37.88536, "lon": -122.22415, "elevation_m": 529.9, "time": null, "elevation_f": 1738.517116, "step_elevation_m": -2.8999999999999773, "step_elevation_f": -9.514435999999932, "step_dist_m": 17.774578762873915, "step_dist_f": 58.315548988387256, "step_grade": -0.16315435874391915, "step_turn": 20.744039915015605, "coast_speed_mps": 16.644914931806774, "coast_speed_mph": 37.23361428911676}, "geometry": {"type": "Point", "coordinates": [-122.22415, 37.88536]}}, {"id": "766", "type": "Feature", "properties": {"name": "Arli-griz to Vollmer Peak", "step": 766, "lat": 37.88548, "lon": -122.22415, "elevation_m": 528.3, "time": null, "elevation_f": 1733.267772, "step_elevation_m": -1.6000000000000227, "step_elevation_f": -5.249344000000065, "step_dist_m": 13.343391197057631, "step_dist_f": 43.77753157495456, "step_grade": -0.11990954745843327, "step_turn": null, "coast_speed_mps": 16.927616236554236, "coast_speed_mph": 37.86599909751749}, "geometry": {"type": "Point", "coordinates": [-122.22415, 37.88548]}}, {"id": "767", "type": "Feature", "properties": {"name": "Arli-griz to Vollmer Peak", "step": 767, "lat": 37.88577, "lon": -122.22398, "elevation_m": 524.7, "time": null, "elevation_f": 1721.456748, "step_elevation_m": -3.599999999999909, "step_elevation_f": -11.811023999999861, "step_dist_m": 35.530515031787374, "step_dist_f": 116.56993493688928, "step_grade": -0.10132135705826863, "step_turn": null, "coast_speed_mps": 16.71054866058089, "coast_speed_mph": 37.38043275899444}, "geometry": {"type": "Point", "coordinates": [-122.22398, 37.88577]}}, {"id": "768", "type": "Feature", "properties": {"name": "Arli-griz to Vollmer Peak", "step": 768, "lat": 37.88606, "lon": -122.2239, "elevation_m": 522.9, "time": null, "elevation_f": 1715.551236, "step_elevation_m": -1.8000000000000682, "step_elevation_f": -5.905512000000044, "step_dist_m": 33.001955276865495, "step_dist_f": 108.27413495055139, "step_grade": -0.054542222874348165, "step_turn": 12.545160557397878, "coast_speed_mps": 15.6167696913942, "coast_speed_mph": 34.93371888733488}, "geometry": {"type": "Point", "coordinates": [-122.2239, 37.88606]}}, {"id": "769", "type": "Feature", "properties": {"name": "Arli-griz to Vollmer Peak", "step": 769, "lat": 37.88629, "lon": -122.22391, "elevation_m": 522.3, "time": null, "elevation_f": 1713.5827319999999, "step_elevation_m": -0.6000000000000227, "step_elevation_f": -1.9685040000001663, "step_dist_m": 25.589885642121352, "step_dist_f": 83.95632041009742, "step_grade": -0.023446763631190807, "step_turn": 14.248030810084288, "coast_speed_mps": 14.397375647649, "coast_speed_mph": 32.20601209656627}, "geometry": {"type": "Point", "coordinates": [-122.22391, 37.88629]}}, {"id": "770", "type": "Feature", "properties": {"name": "Arli-griz to Vollmer Peak", "step": 770, "lat": 37.88651, "lon": -122.22398, "elevation_m": 519.8, "time": null, "elevation_f": 1705.3806319999999, "step_elevation_m": -2.5, "step_elevation_f": -8.202099999999973, "step_dist_m": 25.222414251337835, "step_dist_f": 82.75070557235922, "step_grade": -0.09911818809602639, "step_turn": 12.131228048489675, "coast_speed_mps": 14.670329365315812, "coast_speed_mph": 32.81659217366633}, "geometry": {"type": "Point", "coordinates": [-122.22398, 37.88651]}}, {"id": "771", "type": "Feature", "properties": {"name": "Arli-griz to Vollmer Peak", "step": 771, "lat": 37.88705, "lon": -122.22429, "elevation_m": 512.5, "time": null, "elevation_f": 1681.4305, "step_elevation_m": -7.2999999999999545, "step_elevation_f": -23.95013199999994, "step_dist_m": 65.92072987597598, "step_dist_f": 216.27536740629702, "step_grade": -0.11073906514285049, "step_turn": 10.277425549698137, "coast_speed_mps": 15.724755738641006, "coast_speed_mph": 35.17527679545676}, "geometry": {"type": "Point", "coordinates": [-122.22429, 37.88705]}}, {"id": "772", "type": "Feature", "properties": {"name": "Arli-griz to Vollmer Peak", "step": 772, "lat": 37.88736, "lon": -122.22449, "elevation_m": 508.7, "time": null, "elevation_f": 1668.9633079999999, "step_elevation_m": -3.8000000000000114, "step_elevation_f": -12.467192000000068, "step_dist_m": 38.68158210430185, "step_dist_f": 126.9080818310777, "step_grade": -0.09823796735494451, "step_turn": 2.610042973772863, "coast_speed_mps": 15.740901576559631, "coast_speed_mph": 35.21139400626256}, "geometry": {"type": "Point", "coordinates": [-122.22449, 37.88736]}}, {"id": "773", "type": "Feature", "properties": {"name": "Arli-griz to Vollmer Peak", "step": 773, "lat": 37.88767, "lon": -122.22475, "elevation_m": 503.7, "time": null, "elevation_f": 1652.559108, "step_elevation_m": -5.0, "step_elevation_f": -16.404199999999946, "step_dist_m": 41.3378515791891, "step_dist_f": 135.62287697506676, "step_grade": -0.12095452010663206, "step_turn": 6.517484452204371, "coast_speed_mps": 16.18840586034362, "coast_speed_mph": 36.21243257950878}, "geometry": {"type": "Point", "coordinates": [-122.22475, 37.88767]}}, {"id": "774", "type": "Feature", "properties": {"name": "Arli-griz to Vollmer Peak", "step": 774, "lat": 37.88774, "lon": -122.2248, "elevation_m": 502.9, "time": null, "elevation_f": 1649.934436, "step_elevation_m": -0.8000000000000114, "step_elevation_f": -2.6246719999999186, "step_dist_m": 8.935226260442937, "step_dist_f": 29.315047724311604, "step_grade": -0.08953326716992993, "step_turn": 4.090424680943386, "coast_speed_mps": 16.255632945146118, "coast_speed_mph": 36.3628152853125}, "geometry": {"type": "Point", "coordinates": [-122.2248, 37.88774]}}, {"id": "775", "type": "Feature", "properties": {"name": "Arli-griz to Vollmer Peak", "step": 775, "lat": 37.88793, "lon": -122.22481, "elevation_m": 500.2, "time": null, "elevation_f": 1641.076168, "step_elevation_m": -2.6999999999999886, "step_elevation_f": -8.858267999999953, "step_dist_m": 21.14525421171933, "step_dist_f": 69.37419582797725, "step_grade": -0.12768822606557118, "step_turn": 27.032496099843, "coast_speed_mps": 16.818095057748522, "coast_speed_mph": 37.62100719789841}, "geometry": {"type": "Point", "coordinates": [-122.22481, 37.88793]}}, {"id": "776", "type": "Feature", "properties": {"name": "Arli-griz to Vollmer Peak", "step": 776, "lat": 37.88804, "lon": -122.22478, "elevation_m": 497.9, "time": null, "elevation_f": 1633.5302359999998, "step_elevation_m": -2.3000000000000114, "step_elevation_f": -7.545932000000221, "step_dist_m": 12.511564639556305, "step_dist_f": 41.04844173204191, "step_grade": -0.18382992585342833, "step_turn": 14.525566078113172, "coast_speed_mps": 17.093897393972853, "coast_speed_mph": 38.237959453232}, "geometry": {"type": "Point", "coordinates": [-122.22478, 37.88804]}}, {"id": "777", "type": "Feature", "properties": {"name": "Arli-griz to Vollmer Peak", "step": 777, "lat": 37.8885, "lon": -122.22432, "elevation_m": 493.0, "time": null, "elevation_f": 1617.45412, "step_elevation_m": -4.899999999999977, "step_elevation_f": -16.07611599999973, "step_dist_m": 65.16018108111761, "step_dist_f": 213.78012849817392, "step_grade": -0.07519929992060626, "step_turn": 26.133700536941944, "coast_speed_mps": 15.270729617724456, "coast_speed_mph": 34.15964928803785}, "geometry": {"type": "Point", "coordinates": [-122.22432, 37.8885]}}, {"id": "778", "type": "Feature", "properties": {"name": "Arli-griz to Vollmer Peak", "step": 778, "lat": 37.8886, "lon": -122.22428, "elevation_m": 492.7, "time": null, "elevation_f": 1616.469868, "step_elevation_m": -0.30000000000001137, "step_elevation_f": -0.9842520000001969, "step_dist_m": 11.66039641291898, "step_dist_f": 38.2558949673611, "step_grade": -0.025728113297042835, "step_turn": 20.760712944815396, "coast_speed_mps": 15.02739317243593, "coast_speed_mph": 33.61532116239243}, "geometry": {"type": "Point", "coordinates": [-122.22428, 37.8886]}}, {"id": "779", "type": "Feature", "properties": {"name": "Arli-griz to Vollmer Peak", "step": 779, "lat": 37.8887, "lon": -122.22429, "elevation_m": 492.6, "time": null, "elevation_f": 1616.1417840000001, "step_elevation_m": -0.0999999999999659, "step_elevation_f": -0.32808399999976245, "step_dist_m": 11.154067554263069, "step_dist_f": 36.594710994728445, "step_grade": -0.008965339282147886, "step_turn": 22.03245441354011, "coast_speed_mps": 14.491628726756854, "coast_speed_mph": 32.4168502298605}, "geometry": {"type": "Point", "coordinates": [-122.22429, 37.8887]}}, {"id": "780", "type": "Feature", "properties": {"name": "Arli-griz to Vollmer Peak", "step": 780, "lat": 37.88898, "lon": -122.2245, "elevation_m": 491.6, "time": null, "elevation_f": 1612.860944, "step_elevation_m": -1.0, "step_elevation_f": -3.2808400000001257, "step_dist_m": 36.17978681543802, "step_dist_f": 118.70009177556167, "step_grade": -0.027639742740919, "step_turn": 26.10888396097971, "coast_speed_mps": 13.036462146911173, "coast_speed_mph": 29.16173529641902}, "geometry": {"type": "Point", "coordinates": [-122.2245, 37.88898]}}, {"id": "781", "type": "Feature", "properties": {"name": "Arli-griz to Vollmer Peak", "step": 781, "lat": 37.88914, "lon": -122.22465, "elevation_m": 488.3, "time": null, "elevation_f": 1602.0341720000001, "step_elevation_m": -3.3000000000000114, "step_elevation_f": -10.826771999999892, "step_dist_m": 22.131386553130227, "step_dist_f": 72.60953825897177, "step_grade": -0.1491095007571166, "step_turn": 5.87547050176488, "coast_speed_mps": 14.300021799887308, "coast_speed_mph": 31.988237741337}, "geometry": {"type": "Point", "coordinates": [-122.22465, 37.88914]}}, {"id": "782", "type": "Feature", "properties": {"name": "Arli-griz to Vollmer Peak", "step": 782, "lat": 37.88926, "lon": -122.22486, "elevation_m": 485.9, "time": null, "elevation_f": 1594.160156, "step_elevation_m": -2.400000000000034, "step_elevation_f": -7.874016000000211, "step_dist_m": 22.752092288943825, "step_dist_f": 74.64597446525846, "step_grade": -0.10548480418947195, "step_turn": 17.596302670104023, "coast_speed_mps": 14.660882239009222, "coast_speed_mph": 32.7954595539755}, "geometry": {"type": "Point", "coordinates": [-122.22486, 37.88926]}}, {"id": "783", "type": "Feature", "properties": {"name": "Arli-griz to Vollmer Peak", "step": 783, "lat": 37.88931, "lon": -122.22538, "elevation_m": 483.8, "time": null, "elevation_f": 1587.2703920000001, "step_elevation_m": -2.099999999999966, "step_elevation_f": -6.889763999999786, "step_dist_m": 45.97000253848293, "step_dist_f": 150.82022312835633, "step_grade": -0.045681963977313035, "step_turn": 28.960199134167055, "coast_speed_mps": 13.368046794436632, "coast_speed_mph": 29.903469028356785}, "geometry": {"type": "Point", "coordinates": [-122.22538, 37.88931]}}, {"id": "784", "type": "Feature", "properties": {"name": "Arli-griz to Vollmer Peak", "step": 784, "lat": 37.88946, "lon": -122.22572, "elevation_m": 478.8, "time": null, "elevation_f": 1570.866192, "step_elevation_m": -5.0, "step_elevation_f": -16.404200000000174, "step_dist_m": 34.18218286471014, "step_dist_f": 112.14627282985562, "step_grade": -0.1462750351488531, "step_turn": 22.259432627207957, "coast_speed_mps": 15.100535543605163, "coast_speed_mph": 33.77893598694781}, "geometry": {"type": "Point", "coordinates": [-122.22572, 37.88946]}}, {"id": "785", "type": "Feature", "properties": {"name": "Arli-griz to Vollmer Peak", "step": 785, "lat": 37.88963, "lon": -122.22596, "elevation_m": 477.0, "time": null, "elevation_f": 1564.96068, "step_elevation_m": -1.8000000000000114, "step_elevation_f": -5.905512000000044, "step_dist_m": 28.300155575686205, "step_dist_f": 92.84828241893433, "step_grade": -0.06360389062830676, "step_turn": 12.703130679599042, "coast_speed_mps": 14.59580117851596, "coast_speed_mph": 32.64987736783273}, "geometry": {"type": "Point", "coordinates": [-122.22596, 37.88963]}}, {"id": "786", "type": "Feature", "properties": {"name": "Arli-griz to Vollmer Peak", "step": 786, "lat": 37.89001, "lon": -122.22622, "elevation_m": 472.1, "time": null, "elevation_f": 1548.884564, "step_elevation_m": -4.899999999999977, "step_elevation_f": -16.076115999999956, "step_dist_m": 48.02063758675532, "step_dist_f": 157.54802862013034, "step_grade": -0.10203946149501891, "step_turn": 19.722926135257694, "coast_speed_mps": 15.130500410998586, "coast_speed_mph": 33.845965486306746}, "geometry": {"type": "Point", "coordinates": [-122.22622, 37.89001]}}, {"id": "787", "type": "Feature", "properties": {"name": "Arli-griz to Vollmer Peak", "step": 787, "lat": 37.89048, "lon": -122.22641, "elevation_m": 470.8, "time": null, "elevation_f": 1544.619472, "step_elevation_m": -1.3000000000000114, "step_elevation_f": -4.265091999999868, "step_dist_m": 54.85683759883902, "step_dist_f": 179.976507067775, "step_grade": -0.023698048536934333, "step_turn": 10.673448865819012, "coast_speed_mps": 12.512971286852837, "coast_speed_mph": 27.990719592995756}, "geometry": {"type": "Point", "coordinates": [-122.22641, 37.89048]}}, {"id": "788", "type": "Feature", "properties": {"name": "Arli-griz to Vollmer Peak", "step": 788, "lat": 37.8906, "lon": -122.22651, "elevation_m": 467.3, "time": null, "elevation_f": 1533.136532, "step_elevation_m": -3.5, "step_elevation_f": -11.482940000000099, "step_dist_m": 15.97037012776816, "step_dist_f": 52.396229129986885, "step_grade": -0.21915584748499006, "step_turn": 15.63669450006455, "coast_speed_mps": 14.316644186011104, "coast_speed_mph": 32.025420960117856}, "geometry": {"type": "Point", "coordinates": [-122.22651, 37.8906]}}, {"id": "789", "type": "Feature", "properties": {"name": "Arli-griz to Vollmer Peak", "step": 789, "lat": 37.89069, "lon": -122.22665, "elevation_m": 465.7, "time": null, "elevation_f": 1527.887188, "step_elevation_m": -1.6000000000000227, "step_elevation_f": -5.249344000000065, "step_dist_m": 15.845614403380251, "step_dist_f": 51.98692555918606, "step_grade": -0.10097431120491637, "step_turn": 17.503167740288347, "coast_speed_mps": 14.518571374207728, "coast_speed_mph": 32.477119215747386}, "geometry": {"type": "Point", "coordinates": [-122.22665, 37.89069]}}, {"id": "790", "type": "Feature", "properties": {"name": "Arli-griz to Vollmer Peak", "step": 790, "lat": 37.89086, "lon": -122.22694, "elevation_m": 461.6, "time": null, "elevation_f": 1514.435744, "step_elevation_m": -4.099999999999966, "step_elevation_f": -13.45144399999981, "step_dist_m": 31.700950471946875, "step_dist_f": 104.00574634638218, "step_grade": -0.12933366157674608, "step_turn": 2.5606227104643153, "coast_speed_mps": 15.452010448276868, "coast_speed_mph": 34.5651629569543}, "geometry": {"type": "Point", "coordinates": [-122.22694, 37.89086]}}, {"id": "791", "type": "Feature", "properties": {"name": "Arli-griz to Vollmer Peak", "step": 791, "lat": 37.89096, "lon": -122.22707, "elevation_m": 460.4, "time": null, "elevation_f": 1510.498736, "step_elevation_m": -1.2000000000000455, "step_elevation_f": -3.9370080000001053, "step_dist_m": 15.930568711621998, "step_dist_f": 52.26564705183792, "step_grade": -0.07532687763523449, "step_turn": 7.661443287003749, "coast_speed_mps": 15.262713475343666, "coast_speed_mph": 34.141717688223984}, "geometry": {"type": "Point", "coordinates": [-122.22707, 37.89096]}}, {"id": "792", "type": "Feature", "properties": {"name": "Arli-griz to Vollmer Peak", "step": 792, "lat": 37.89105, "lon": -122.22714, "elevation_m": 459.5, "time": null, "elevation_f": 1507.54598, "step_elevation_m": -0.8999999999999773, "step_elevation_f": -2.9527559999999085, "step_dist_m": 11.742388965158343, "step_dist_f": 38.5248994124501, "step_grade": -0.07664539155281176, "step_turn": 14.19154443410224, "coast_speed_mps": 15.137701245342074, "coast_speed_mph": 33.86207329398277}, "geometry": {"type": "Point", "coordinates": [-122.22714, 37.89105]}}, {"id": "793", "type": "Feature", "properties": {"name": "Arli-griz to Vollmer Peak", "step": 793, "lat": 37.89128, "lon": -122.2272, "elevation_m": 456.5, "time": null, "elevation_f": 1497.70346, "step_elevation_m": -3.0, "step_elevation_f": -9.84252000000015, "step_dist_m": 26.11118547414984, "step_dist_f": 85.66662175100976, "step_grade": -0.1148932898113726, "step_turn": 19.90878833952496, "coast_speed_mps": 15.536655891384928, "coast_speed_mph": 34.754509420599746}, "geometry": {"type": "Point", "coordinates": [-122.2272, 37.89128]}}, {"id": "794", "type": "Feature", "properties": {"name": "Arli-griz to Vollmer Peak", "step": 794, "lat": 37.89146, "lon": -122.22727, "elevation_m": 456.2, "time": null, "elevation_f": 1496.719208, "step_elevation_m": -0.30000000000001137, "step_elevation_f": -0.9842519999999695, "step_dist_m": 20.93647771320564, "step_dist_f": 68.68923354059359, "step_grade": -0.014329057834345602, "step_turn": 5.428247177252786, "coast_speed_mps": 14.424633074089051, "coast_speed_mph": 32.266985222998024}, "geometry": {"type": "Point", "coordinates": [-122.22727, 37.89146]}}, {"id": "795", "type": "Feature", "properties": {"name": "Arli-griz to Vollmer Peak", "step": 795, "lat": 37.89163, "lon": -122.22738, "elevation_m": 455.7, "time": null, "elevation_f": 1495.078788, "step_elevation_m": -0.5, "step_elevation_f": -1.6404199999999491, "step_dist_m": 21.22508164927675, "step_dist_f": 69.63609687821312, "step_grade": -0.023557035410369676, "step_turn": 9.989418977411958, "coast_speed_mps": 13.533730065827944, "coast_speed_mph": 30.27409195111831}, "geometry": {"type": "Point", "coordinates": [-122.22738, 37.89163]}}, {"id": "796", "type": "Feature", "properties": {"name": "Arli-griz to Vollmer Peak", "step": 796, "lat": 37.89176, "lon": -122.22754, "elevation_m": 455.6, "time": null, "elevation_f": 1494.750704, "step_elevation_m": -0.0999999999999659, "step_elevation_f": -0.32808399999998983, "step_dist_m": 20.1516169101903, "step_dist_f": 66.11423082362874, "step_grade": -0.0049623809566068985, "step_turn": 17.114797196465588, "coast_speed_mps": 12.40027562618039, "coast_speed_mph": 27.738626579680513}, "geometry": {"type": "Point", "coordinates": [-122.22754, 37.89176]}}, {"id": "797", "type": "Feature", "properties": {"name": "Arli-griz to Vollmer Peak", "step": 797, "lat": 37.89181, "lon": -122.22765, "elevation_m": 455.7, "time": null, "elevation_f": 1495.078788, "step_elevation_m": 0.0999999999999659, "step_elevation_f": 0.32808399999998983, "step_dist_m": 11.139374056031576, "step_dist_f": 36.54650397799063, "step_grade": 0.008977165098950909, "step_turn": 15.893438915834736, "coast_speed_mps": 11.678869685125429, "coast_speed_mph": 26.124887448831014}, "geometry": {"type": "Point", "coordinates": [-122.22765, 37.89181]}}, {"id": "798", "type": "Feature", "properties": {"name": "Arli-griz to Vollmer Peak", "step": 798, "lat": 37.89185, "lon": -122.22779, "elevation_m": 456.4, "time": null, "elevation_f": 1497.375376, "step_elevation_m": 0.6999999999999886, "step_elevation_f": 2.296587999999929, "step_dist_m": 13.065627081693778, "step_dist_f": 42.86623195470421, "step_grade": 0.05357569105739725, "step_turn": 10.038520590464486, "coast_speed_mps": 10.639890709557058, "coast_speed_mph": 23.800757671700623}, "geometry": {"type": "Point", "coordinates": [-122.22779, 37.89185]}}, {"id": "799", "type": "Feature", "properties": {"name": "Arli-griz to Vollmer Peak", "step": 799, "lat": 37.89189, "lon": -122.22814, "elevation_m": 462.1, "time": null, "elevation_f": 1516.076164, "step_elevation_m": 5.7000000000000455, "step_elevation_f": 18.700788000000102, "step_dist_m": 31.033531473612683, "step_dist_f": 101.81605139988744, "step_grade": 0.18367229668485086, "step_turn": 11.662243761620743, "coast_speed_mps": 0.0, "coast_speed_mph": 0.0}, "geometry": {"type": "Point", "coordinates": [-122.22814, 37.89189]}}, {"id": "800", "type": "Feature", "properties": {"name": "Arli-griz to Vollmer Peak", "step": 800, "lat": 37.89193, "lon": -122.22826, "elevation_m": 462.3, "time": null, "elevation_f": 1516.732332, "step_elevation_m": 0.19999999999998863, "step_elevation_f": 0.6561679999999797, "step_dist_m": 11.431024625025072, "step_dist_f": 37.50336283076726, "step_grade": 0.017496244349097443, "step_turn": 14.658220940202114, "coast_speed_mps": 0.0, "coast_speed_mph": 0.0}, "geometry": {"type": "Point", "coordinates": [-122.22826, 37.89193]}}, {"id": "801", "type": "Feature", "properties": {"name": "Arli-griz to Vollmer Peak", "step": 801, "lat": 37.89203, "lon": -122.22846, "elevation_m": 464.8, "time": null, "elevation_f": 1524.934432, "step_elevation_m": 2.5, "step_elevation_f": 8.202099999999973, "step_dist_m": 20.776371226100867, "step_dist_f": 68.16394977344076, "step_grade": 0.12032900128677469, "step_turn": 9.459000402535025, "coast_speed_mps": 0.0, "coast_speed_mph": 0.0}, "geometry": {"type": "Point", "coordinates": [-122.22846, 37.89203]}}, {"id": "802", "type": "Feature", "properties": {"name": "Arli-griz to Vollmer Peak", "step": 802, "lat": 37.89208, "lon": -122.22859, "elevation_m": 468.0, "time": null, "elevation_f": 1535.43312, "step_elevation_m": 3.1999999999999886, "step_elevation_f": 10.498687999999902, "step_dist_m": 12.690415034585882, "step_dist_f": 41.63522126207074, "step_grade": 0.2521588136620318, "step_turn": 6.374332569044043, "coast_speed_mps": 0.0, "coast_speed_mph": 0.0}, "geometry": {"type": "Point", "coordinates": [-122.22859, 37.89208]}}, {"id": "803", "type": "Feature", "properties": {"name": "Arli-griz to Vollmer Peak", "step": 803, "lat": 37.89209, "lon": -122.22868, "elevation_m": 468.8, "time": null, "elevation_f": 1538.057792, "step_elevation_m": 0.8000000000000114, "step_elevation_f": 2.624672000000146, "step_dist_m": 7.975536741931888, "step_dist_f": 26.166459964399817, "step_grade": 0.10030672867369049, "step_turn": 17.968822815004216, "coast_speed_mps": 0.0, "coast_speed_mph": 0.0}, "geometry": {"type": "Point", "coordinates": [-122.22868, 37.89209]}}, {"id": "804", "type": "Feature", "properties": {"name": "Arli-griz to Vollmer Peak", "step": 804, "lat": 37.89207, "lon": -122.22877, "elevation_m": 468.9, "time": null, "elevation_f": 1538.3858759999998, "step_elevation_m": 0.0999999999999659, "step_elevation_f": 0.32808399999976245, "step_dist_m": 8.204784476858471, "step_dist_f": 26.918585103056344, "step_grade": 0.012188010578707472, "step_turn": 23.74098238020389, "coast_speed_mps": 0.0, "coast_speed_mph": 0.0}, "geometry": {"type": "Point", "coordinates": [-122.22877, 37.89207]}}, {"id": "805", "type": "Feature", "properties": {"name": "Arli-griz to Vollmer Peak", "step": 805, "lat": 37.89196, "lon": -122.22906, "elevation_m": 469.2, "time": null, "elevation_f": 1539.370128, "step_elevation_m": 0.30000000000001137, "step_elevation_f": 0.9842520000001969, "step_dist_m": 28.234872217765467, "step_dist_f": 92.63409816693365, "step_grade": 0.010625158764177104, "step_turn": 9.94426808144803, "coast_speed_mps": 0.0, "coast_speed_mph": 0.0}, "geometry": {"type": "Point", "coordinates": [-122.22906, 37.89196]}}, {"id": "806", "type": "Feature", "properties": {"name": "Arli-griz to Vollmer Peak", "step": 806, "lat": 37.89195, "lon": -122.22913, "elevation_m": 469.9, "time": null, "elevation_f": 1541.666716, "step_elevation_m": 0.6999999999999886, "step_elevation_f": 2.296587999999929, "step_dist_m": 6.242453933875091, "step_dist_f": 20.480492564414753, "step_grade": 0.11213538896961531, "step_turn": 15.410280465892782, "coast_speed_mps": 0.0, "coast_speed_mph": 0.0}, "geometry": {"type": "Point", "coordinates": [-122.22913, 37.89195]}}, {"id": "807", "type": "Feature", "properties": {"name": "Arli-griz to Vollmer Peak", "step": 807, "lat": 37.89197, "lon": -122.22922, "elevation_m": 471.5, "time": null, "elevation_f": 1546.91606, "step_elevation_m": 1.6000000000000227, "step_elevation_f": 5.249344000000065, "step_dist_m": 8.204796867544147, "step_dist_f": 26.91862575491354, "step_grade": 0.19500787476277076, "step_turn": 25.98735786617624, "coast_speed_mps": 0.0, "coast_speed_mph": 0.0}, "geometry": {"type": "Point", "coordinates": [-122.22922, 37.89197]}}, {"id": "808", "type": "Feature", "properties": {"name": "Arli-griz to Vollmer Peak", "step": 808, "lat": 37.89215, "lon": -122.22947, "elevation_m": 473.4, "time": null, "elevation_f": 1553.1496559999998, "step_elevation_m": 1.8999999999999773, "step_elevation_f": 6.233595999999807, "step_dist_m": 29.696385052263338, "step_dist_f": 97.42908793486765, "step_grade": 0.06398085142875554, "step_turn": 26.6491959785356, "coast_speed_mps": 0.0, "coast_speed_mph": 0.0}, "geometry": {"type": "Point", "coordinates": [-122.22947, 37.89215]}}, {"id": "809", "type": "Feature", "properties": {"name": "Arli-griz to Vollmer Peak", "step": 809, "lat": 37.8922, "lon": -122.2296, "elevation_m": 474.0, "time": null, "elevation_f": 1555.11816, "step_elevation_m": 0.6000000000000227, "step_elevation_f": 1.9685040000001663, "step_dist_m": 12.690398320033752, "step_dist_f": 41.635166424299534, "step_grade": 0.04727983983393414, "step_turn": 16.39272424999183, "coast_speed_mps": 0.0, "coast_speed_mph": 0.0}, "geometry": {"type": "Point", "coordinates": [-122.2296, 37.8922]}}, {"id": "810", "type": "Feature", "properties": {"name": "Arli-griz to Vollmer Peak", "step": 810, "lat": 37.8923, "lon": -122.23004, "elevation_m": 478.7, "time": null, "elevation_f": 1570.538108, "step_elevation_m": 4.699999999999989, "step_elevation_f": 15.419947999999977, "step_dist_m": 40.17987414503452, "step_dist_f": 131.82373828999505, "step_grade": 0.11697398511092202, "step_turn": 9.917133906514891, "coast_speed_mps": 0.0, "coast_speed_mph": 0.0}, "geometry": {"type": "Point", "coordinates": [-122.23004, 37.8923]}}, {"id": "811", "type": "Feature", "properties": {"name": "Arli-griz to Vollmer Peak", "step": 811, "lat": 37.89234, "lon": -122.23013, "elevation_m": 479.1, "time": null, "elevation_f": 1571.8504440000002, "step_elevation_m": 0.4000000000000341, "step_elevation_f": 1.3123360000001867, "step_dist_m": 9.063953645896246, "step_dist_f": 29.73738167960224, "step_grade": 0.04413085234401395, "step_turn": 13.321424560205003, "coast_speed_mps": 0.0, "coast_speed_mph": 0.0}, "geometry": {"type": "Point", "coordinates": [-122.23013, 37.89234]}}, {"id": "812", "type": "Feature", "properties": {"name": "Arli-griz to Vollmer Peak", "step": 812, "lat": 37.89249, "lon": -122.23039, "elevation_m": 482.1, "time": null, "elevation_f": 1581.692964, "step_elevation_m": 3.0, "step_elevation_f": 9.842519999999922, "step_dist_m": 28.261906171507825, "step_dist_f": 92.72279224372973, "step_grade": 0.10614995258261961, "step_turn": 6.781463289459964, "coast_speed_mps": 0.0, "coast_speed_mph": 0.0}, "geometry": {"type": "Point", "coordinates": [-122.23039, 37.89249]}}, {"id": "813", "type": "Feature", "properties": {"name": "Arli-griz to Vollmer Peak", "step": 813, "lat": 37.89255, "lon": -122.23054, "elevation_m": 484.2, "time": null, "elevation_f": 1588.5827279999999, "step_elevation_m": 2.099999999999966, "step_elevation_f": 6.889763999999786, "step_dist_m": 14.756934909773788, "step_dist_f": 48.415142329382235, "step_grade": 0.14230597429884287, "step_turn": 9.290010967079468, "coast_speed_mps": 0.0, "coast_speed_mph": 0.0}, "geometry": {"type": "Point", "coordinates": [-122.23054, 37.89255]}}, {"id": "814", "type": "Feature", "properties": {"name": "Arli-griz to Vollmer Peak", "step": 814, "lat": 37.89256, "lon": -122.23062, "elevation_m": 484.8, "time": null, "elevation_f": 1590.551232, "step_elevation_m": 0.6000000000000227, "step_elevation_f": 1.9685040000001663, "step_dist_m": 7.1076000767146805, "step_dist_f": 23.31889863568859, "step_grade": 0.08441667982497947, "step_turn": 17.878273275741208, "coast_speed_mps": 0.0, "coast_speed_mph": 0.0}, "geometry": {"type": "Point", "coordinates": [-122.23062, 37.89256]}}, {"id": "815", "type": "Feature", "properties": {"name": "Arli-griz to Vollmer Peak", "step": 815, "lat": 37.89256, "lon": -122.23079, "elevation_m": 485.9, "time": null, "elevation_f": 1594.160156, "step_elevation_m": 1.099999999999966, "step_elevation_f": 3.608923999999888, "step_dist_m": 14.917672687456863, "step_dist_f": 48.942497259915974, "step_grade": 0.07373804366447001, "step_turn": 9.0005898006483, "coast_speed_mps": 0.0, "coast_speed_mph": 0.0}, "geometry": {"type": "Point", "coordinates": [-122.23079, 37.89256]}}, {"id": "816", "type": "Feature", "properties": {"name": "Arli-griz to Vollmer Peak", "step": 816, "lat": 37.89253, "lon": -122.23103, "elevation_m": 487.7, "time": null, "elevation_f": 1600.065668, "step_elevation_m": 1.8000000000000114, "step_elevation_f": 5.905512000000044, "step_dist_m": 21.322803053400282, "step_dist_f": 69.95670516971778, "step_grade": 0.08441666864774473, "step_turn": 9.000594740234533, "coast_speed_mps": 0.0, "coast_speed_mph": 0.0}, "geometry": {"type": "Point", "coordinates": [-122.23103, 37.89253]}}, {"id": "817", "type": "Feature", "properties": {"name": "Arli-griz to Vollmer Peak", "step": 817, "lat": 37.89253, "lon": -122.23121, "elevation_m": 489.9, "time": null, "elevation_f": 1607.283516, "step_elevation_m": 2.1999999999999886, "step_elevation_f": 7.217848000000004, "step_dist_m": 15.795189283411737, "step_dist_f": 51.82148880858856, "step_grade": 0.1392829145966899, "step_turn": 9.000597811727005, "coast_speed_mps": 0.0, "coast_speed_mph": 0.0}, "geometry": {"type": "Point", "coordinates": [-122.23121, 37.89253]}}, {"id": "818", "type": "Feature", "properties": {"name": "Arli-griz to Vollmer Peak", "step": 818, "lat": 37.89255, "lon": -122.23136, "elevation_m": 490.3, "time": null, "elevation_f": 1608.595852, "step_elevation_m": 0.4000000000000341, "step_elevation_f": 1.3123359999999593, "step_dist_m": 13.349203581436576, "step_dist_f": 43.796601078120375, "step_grade": 0.029964334393422148, "step_turn": 9.589842197074859, "coast_speed_mps": 0.0, "coast_speed_mph": 0.0}, "geometry": {"type": "Point", "coordinates": [-122.23136, 37.89255]}}, {"id": "819", "type": "Feature", "properties": {"name": "Arli-griz to Vollmer Peak", "step": 819, "lat": 37.89263, "lon": -122.23165, "elevation_m": 486.7, "time": null, "elevation_f": 1596.784828, "step_elevation_m": -3.6000000000000227, "step_elevation_f": -11.811023999999861, "step_dist_m": 26.957769132425064, "step_dist_f": 88.44412728042545, "step_grade": -0.13354220752895715, "step_turn": 9.677909577775381, "coast_speed_mps": 8.148662991986784, "coast_speed_mph": 18.22803997849583}, "geometry": {"type": "Point", "coordinates": [-122.23165, 37.89263]}}, {"id": "820", "type": "Feature", "properties": {"name": "Arli-griz to Vollmer Peak", "step": 820, "lat": 37.89284, "lon": -122.23213, "elevation_m": 485.3, "time": null, "elevation_f": 1592.191652, "step_elevation_m": -1.3999999999999773, "step_elevation_f": -4.593176000000085, "step_dist_m": 48.16007876663005, "step_dist_f": 158.00551282071052, "step_grade": -0.029069719897759642, "step_turn": 9.735693536266922, "coast_speed_mps": 7.97384881436463, "coast_speed_mph": 17.836991800207187}, "geometry": {"type": "Point", "coordinates": [-122.23213, 37.89284]}}, {"id": "821", "type": "Feature", "properties": {"name": "Arli-griz to Vollmer Peak", "step": 821, "lat": 37.89289, "lon": -122.23232, "elevation_m": 485.6, "time": null, "elevation_f": 1593.1759040000002, "step_elevation_m": 0.30000000000001137, "step_elevation_f": 0.9842520000001969, "step_dist_m": 17.575186143817923, "step_dist_f": 57.661373708083595, "step_grade": 0.017069520490144933, "step_turn": 10.561673846219207, "coast_speed_mps": 6.889003238801733, "coast_speed_mph": 15.4102613609559}, "geometry": {"type": "Point", "coordinates": [-122.23232, 37.89289]}}, {"id": "822", "type": "Feature", "properties": {"name": "Arli-griz to Vollmer Peak", "step": 822, "lat": 37.89291, "lon": -122.23248, "elevation_m": 485.8, "time": null, "elevation_f": 1593.832072, "step_elevation_m": 0.19999999999998863, "step_elevation_f": 0.6561679999997523, "step_dist_m": 14.215135165221952, "step_dist_f": 46.63758405546679, "step_grade": 0.014069510959649456, "step_turn": 9.44111867813723, "coast_speed_mps": 6.003832802991937, "coast_speed_mph": 13.430191488439357}, "geometry": {"type": "Point", "coordinates": [-122.23248, 37.89291]}}, {"id": "823", "type": "Feature", "properties": {"name": "Arli-griz to Vollmer Peak", "step": 823, "lat": 37.89291, "lon": -122.23285, "elevation_m": 485.8, "time": null, "elevation_f": 1593.832072, "step_elevation_m": 0.0, "step_elevation_f": 0.0, "step_dist_m": 32.467721494287055, "step_dist_f": 106.52139938731673, "step_grade": 0.0, "step_turn": 9.000594438626194, "coast_speed_mps": 2.3010039511729135, "coast_speed_mph": 5.147199246539261}, "geometry": {"type": "Point", "coordinates": [-122.23285, 37.89291]}}, {"id": "824", "type": "Feature", "properties": {"name": "Arli-griz to Vollmer Peak", "step": 824, "lat": 37.89293, "lon": -122.23298, "elevation_m": 487.0, "time": null, "elevation_f": 1597.76908, "step_elevation_m": 1.1999999999999886, "step_elevation_f": 3.9370080000001053, "step_dist_m": 11.62232855770455, "step_dist_f": 38.131000425259394, "step_grade": 0.10324953334798795, "step_turn": 11.031334484408035, "coast_speed_mps": 0.0, "coast_speed_mph": 0.0}, "geometry": {"type": "Point", "coordinates": [-122.23298, 37.89293]}}, {"id": "825", "type": "Feature", "properties": {"name": "Arli-griz to Vollmer Peak", "step": 825, "lat": 37.89296, "lon": -122.23306, "elevation_m": 489.1, "time": null, "elevation_f": 1604.658844, "step_elevation_m": 2.1000000000000227, "step_elevation_f": 6.889764000000014, "step_dist_m": 7.772316646312619, "step_dist_f": 25.499727345888296, "step_grade": 0.27018971248376955, "step_turn": 14.38512833121024, "coast_speed_mps": 0.0, "coast_speed_mph": 0.0}, "geometry": {"type": "Point", "coordinates": [-122.23306, 37.89296]}}, {"id": "826", "type": "Feature", "properties": {"name": "Arli-griz to Vollmer Peak", "step": 826, "lat": 37.89302, "lon": -122.23315, "elevation_m": 490.4, "time": null, "elevation_f": 1608.923936, "step_elevation_m": 1.2999999999999545, "step_elevation_f": 4.265091999999868, "step_dist_m": 10.33841108845998, "step_dist_f": 33.91867263546304, "step_grade": 0.12574466123242578, "step_turn": 14.773937073510695, "coast_speed_mps": 0.0, "coast_speed_mph": 0.0}, "geometry": {"type": "Point", "coordinates": [-122.23315, 37.89302]}}, {"id": "827", "type": "Feature", "properties": {"name": "Arli-griz to Vollmer Peak", "step": 827, "lat": 37.89312, "lon": -122.23321, "elevation_m": 491.0, "time": null, "elevation_f": 1610.89244, "step_elevation_m": 0.6000000000000227, "step_elevation_f": 1.9685040000001663, "step_dist_m": 12.302991500540937, "step_dist_f": 40.36414663463473, "step_grade": 0.048768626717627335, "step_turn": 24.472182643168992, "coast_speed_mps": 0.0, "coast_speed_mph": 0.0}, "geometry": {"type": "Point", "coordinates": [-122.23321, 37.89312]}}, {"id": "828", "type": "Feature", "properties": {"name": "Arli-griz to Vollmer Peak", "step": 828, "lat": 37.89323, "lon": -122.23321, "elevation_m": 491.5, "time": null, "elevation_f": 1612.53286, "step_elevation_m": 0.5, "step_elevation_f": 1.6404199999999491, "step_dist_m": 12.23144193045933, "step_dist_f": 40.12940394312819, "step_grade": 0.04087825481596538, "step_turn": null, "coast_speed_mps": 0.0, "coast_speed_mph": 0.0}, "geometry": {"type": "Point", "coordinates": [-122.23321, 37.89323]}}, {"id": "829", "type": "Feature", "properties": {"name": "Arli-griz to Vollmer Peak", "step": 829, "lat": 37.89336, "lon": -122.23316, "elevation_m": 492.3, "time": null, "elevation_f": 1615.157532, "step_elevation_m": 0.8000000000000114, "step_elevation_f": 2.6246719999999186, "step_dist_m": 15.106524599282201, "step_dist_f": 49.56209016630902, "step_grade": 0.052957250010900854, "step_turn": null, "coast_speed_mps": 0.0, "coast_speed_mph": 0.0}, "geometry": {"type": "Point", "coordinates": [-122.23316, 37.89336]}}, {"id": "830", "type": "Feature", "properties": {"name": "Arli-griz to Vollmer Peak", "step": 830, "lat": 37.89351, "lon": -122.23317, "elevation_m": 491.9, "time": null, "elevation_f": 1613.845196, "step_elevation_m": -0.4000000000000341, "step_elevation_f": -1.3123359999999593, "step_dist_m": 16.702305807456952, "step_dist_f": 54.79759298533707, "step_grade": -0.02394878914391863, "step_turn": 19.895726215248487, "coast_speed_mps": 0.0, "coast_speed_mph": 0.0}, "geometry": {"type": "Point", "coordinates": [-122.23317, 37.89351]}}, {"id": "831", "type": "Feature", "properties": {"name": "Arli-griz to Vollmer Peak", "step": 831, "lat": 37.89361, "lon": -122.23321, "elevation_m": 492.1, "time": null, "elevation_f": 1614.501364, "step_elevation_m": 0.20000000000004547, "step_elevation_f": 0.6561679999999797, "step_dist_m": 11.66032450908774, "step_dist_f": 38.255659062395424, "step_grade": 0.01715218130028636, "step_turn": 14.507306898476884, "coast_speed_mps": 0.0, "coast_speed_mph": 0.0}, "geometry": {"type": "Point", "coordinates": [-122.23321, 37.89361]}}, {"id": "832", "type": "Feature", "properties": {"name": "Arli-griz to Vollmer Peak", "step": 832, "lat": 37.8937, "lon": -122.2333, "elevation_m": 494.0, "time": null, "elevation_f": 1620.73496, "step_elevation_m": 1.8999999999999773, "step_elevation_f": 6.233596000000034, "step_dist_m": 12.7483732189229, "step_dist_f": 41.825372791571006, "step_grade": 0.14903862378140406, "step_turn": 20.75990783270919, "coast_speed_mps": 0.0, "coast_speed_mph": 0.0}, "geometry": {"type": "Point", "coordinates": [-122.2333, 37.8937]}}, {"id": "833", "type": "Feature", "properties": {"name": "Arli-griz to Vollmer Peak", "step": 833, "lat": 37.89374, "lon": -122.2334, "elevation_m": 495.9, "time": null, "elevation_f": 1626.9685559999998, "step_elevation_m": 1.8999999999999773, "step_elevation_f": 6.233595999999807, "step_dist_m": 9.83782902389975, "step_dist_f": 32.27634297477126, "step_grade": 0.1931320411631641, "step_turn": 24.84194024766998, "coast_speed_mps": 0.0, "coast_speed_mph": 0.0}, "geometry": {"type": "Point", "coordinates": [-122.2334, 37.89374]}}, {"id": "834", "type": "Feature", "properties": {"name": "Arli-griz to Vollmer Peak", "step": 834, "lat": 37.89381, "lon": -122.23368, "elevation_m": 497.4, "time": null, "elevation_f": 1631.8898159999999, "step_elevation_m": 1.5, "step_elevation_f": 4.921260000000075, "step_dist_m": 25.77332104083416, "step_dist_f": 84.55814260361034, "step_grade": 0.05819971735980255, "step_turn": 9.301185478281695, "coast_speed_mps": 0.0, "coast_speed_mph": 0.0}, "geometry": {"type": "Point", "coordinates": [-122.23368, 37.89381]}}, {"id": "835", "type": "Feature", "properties": {"name": "Arli-griz to Vollmer Peak", "step": 835, "lat": 37.89397, "lon": -122.23397, "elevation_m": 496.4, "time": null, "elevation_f": 1628.608976, "step_elevation_m": -1.0, "step_elevation_f": -3.2808399999998983, "step_dist_m": 31.049850730779383, "step_dist_f": 101.86959227157023, "step_grade": -0.032206273990512645, "step_turn": 17.380841887713302, "coast_speed_mps": 3.8401061742218627, "coast_speed_mph": 8.59007286645906}, "geometry": {"type": "Point", "coordinates": [-122.23397, 37.89397]}}, {"id": "836", "type": "Feature", "properties": {"name": "Arli-griz to Vollmer Peak", "step": 836, "lat": 37.89404, "lon": -122.23412, "elevation_m": 496.8, "time": null, "elevation_f": 1629.921312, "step_elevation_m": 0.4000000000000341, "step_elevation_f": 1.3123359999999593, "step_dist_m": 15.291623312288985, "step_dist_f": 50.169369427890196, "step_grade": 0.02615811230967071, "step_turn": 4.360735697068208, "coast_speed_mps": 0.0, "coast_speed_mph": 0.0}, "geometry": {"type": "Point", "coordinates": [-122.23412, 37.89404]}}, {"id": "837", "type": "Feature", "properties": {"name": "Arli-griz to Vollmer Peak", "step": 837, "lat": 37.8941, "lon": -122.23423, "elevation_m": 497.5, "time": null, "elevation_f": 1632.2179, "step_elevation_m": 0.6999999999999886, "step_elevation_f": 2.296588000000156, "step_dist_m": 11.733738252483665, "step_dist_f": 38.496517808278504, "step_grade": 0.05965703213567258, "step_turn": 4.053852693142289, "coast_speed_mps": 0.0, "coast_speed_mph": 0.0}, "geometry": {"type": "Point", "coordinates": [-122.23423, 37.8941]}}, {"id": "838", "type": "Feature", "properties": {"name": "Arli-griz to Vollmer Peak", "step": 838, "lat": 37.89449, "lon": -122.23459, "elevation_m": 487.9, "time": null, "elevation_f": 1600.721836, "step_elevation_m": -9.600000000000023, "step_elevation_f": -31.49606400000016, "step_dist_m": 53.651803119368616, "step_dist_f": 176.02298174614933, "step_grade": -0.17893154454923374, "step_turn": 19.276902403542238, "coast_speed_mps": 13.413829169270956, "coast_speed_mph": 30.00588128416012}, "geometry": {"type": "Point", "coordinates": [-122.23459, 37.89449]}}, {"id": "839", "type": "Feature", "properties": {"name": "Arli-griz to Vollmer Peak", "step": 839, "lat": 37.89462, "lon": -122.23472, "elevation_m": 486.1, "time": null, "elevation_f": 1594.8163240000001, "step_elevation_m": -1.7999999999999545, "step_elevation_f": -5.905511999999817, "step_dist_m": 18.41423047538955, "step_dist_f": 60.41414391287706, "step_grade": -0.0977504871792301, "step_turn": 2.207382625073592, "coast_speed_mps": 13.456939759235349, "coast_speed_mph": 30.10231692742335}, "geometry": {"type": "Point", "coordinates": [-122.23472, 37.89462]}}, {"id": "840", "type": "Feature", "properties": {"name": "Arli-griz to Vollmer Peak", "step": 840, "lat": 37.89467, "lon": -122.23482, "elevation_m": 485.7, "time": null, "elevation_f": 1593.503988, "step_elevation_m": -0.4000000000000341, "step_elevation_f": -1.3123360000001867, "step_dist_m": 10.387917279078085, "step_dist_f": 34.08109452589054, "step_grade": -0.03850627505531442, "step_turn": 19.36319463933819, "coast_speed_mps": 13.507995207033636, "coast_speed_mph": 30.216524711510427}, "geometry": {"type": "Point", "coordinates": [-122.23482, 37.89467]}}, {"id": "841", "type": "Feature", "properties": {"name": "Arli-griz to Vollmer Peak", "step": 841, "lat": 37.89473, "lon": -122.23497, "elevation_m": 484.4, "time": null, "elevation_f": 1589.2388959999998, "step_elevation_m": -1.3000000000000114, "step_elevation_f": -4.265092000000095, "step_dist_m": 14.75658724259618, "step_dist_f": 48.41400168899925, "step_grade": -0.08809625007653854, "step_turn": 5.478775594044009, "coast_speed_mps": 13.438307139880699, "coast_speed_mph": 30.0606369449729}, "geometry": {"type": "Point", "coordinates": [-122.23497, 37.89473]}}, {"id": "842", "type": "Feature", "properties": {"name": "Arli-griz to Vollmer Peak", "step": 842, "lat": 37.89485, "lon": -122.23561, "elevation_m": 474.9, "time": null, "elevation_f": 1558.070916, "step_elevation_m": -9.5, "step_elevation_f": -31.167979999999943, "step_dist_m": 57.72238415412936, "step_dist_f": 189.37790682823376, "step_grade": -0.16458086649077516, "step_turn": 13.51373690226626, "coast_speed_mps": 16.847395178728064, "coast_speed_mph": 37.68654970187913}, "geometry": {"type": "Point", "coordinates": [-122.23561, 37.89485]}}, {"id": "843", "type": "Feature", "properties": {"name": "Arli-griz to Vollmer Peak", "step": 843, "lat": 37.89492, "lon": -122.23581, "elevation_m": 472.0, "time": null, "elevation_f": 1548.55648, "step_elevation_m": -2.8999999999999773, "step_elevation_f": -9.514435999999932, "step_dist_m": 19.19831512231728, "step_dist_f": 62.98660018590342, "step_grade": -0.1510549223472659, "step_turn": 10.552509727794416, "coast_speed_mps": 17.71166742523585, "coast_speed_mph": 39.61987165630778}, "geometry": {"type": "Point", "coordinates": [-122.23581, 37.89492]}}, {"id": "844", "type": "Feature", "properties": {"name": "Arli-griz to Vollmer Peak", "step": 844, "lat": 37.89497, "lon": -122.23589, "elevation_m": 470.0, "time": null, "elevation_f": 1541.9948, "step_elevation_m": -2.0, "step_elevation_f": -6.561680000000024, "step_dist_m": 8.954838197636104, "step_dist_f": 29.379391352332433, "step_grade": -0.22334295225210876, "step_turn": 14.460986978073777, "coast_speed_mps": 18.034740865028997, "coast_speed_mph": 40.342566358779926}, "geometry": {"type": "Point", "coordinates": [-122.23589, 37.89497]}}, {"id": "845", "type": "Feature", "properties": {"name": "Arli-griz to Vollmer Peak", "step": 845, "lat": 37.895, "lon": -122.23594, "elevation_m": 468.5, "time": null, "elevation_f": 1537.07354, "step_elevation_m": -1.5, "step_elevation_f": -4.921259999999847, "step_dist_m": 5.51155279839105, "step_dist_f": 18.082522883073292, "step_grade": -0.2721556074792361, "step_turn": 1.132765182585672, "coast_speed_mps": 18.21833000005194, "coast_speed_mph": 40.753243557739616}, "geometry": {"type": "Point", "coordinates": [-122.23594, 37.895]}}, {"id": "846", "type": "Feature", "properties": {"name": "Arli-griz to Vollmer Peak", "step": 846, "lat": 37.89506, "lon": -122.236, "elevation_m": 467.0, "time": null, "elevation_f": 1532.15228, "step_elevation_m": -1.5, "step_elevation_f": -4.921260000000075, "step_dist_m": 8.498854559052397, "step_dist_f": 27.883381991521468, "step_grade": -0.17649437222128986, "step_turn": 14.475133892974043, "coast_speed_mps": 18.45511524175139, "coast_speed_mph": 41.282917058319995}, "geometry": {"type": "Point", "coordinates": [-122.236, 37.89506]}}, {"id": "847", "type": "Feature", "properties": {"name": "Arli-griz to Vollmer Peak", "step": 847, "lat": 37.89512, "lon": -122.23604, "elevation_m": 466.5, "time": null, "elevation_f": 1530.51186, "step_elevation_m": -0.5, "step_elevation_f": -1.6404199999999491, "step_dist_m": 7.538637846576324, "step_dist_f": 24.73306459256147, "step_grade": -0.06632497941615212, "step_turn": 10.529823598466294, "coast_speed_mps": 18.364628370241572, "coast_speed_mph": 41.08050369148522}, "geometry": {"type": "Point", "coordinates": [-122.23604, 37.89512]}}, {"id": "848", "type": "Feature", "properties": {"name": "Arli-griz to Vollmer Peak", "step": 848, "lat": 37.89521, "lon": -122.23608, "elevation_m": 465.6, "time": null, "elevation_f": 1527.5591040000002, "step_elevation_m": -0.8999999999999773, "step_elevation_f": -2.9527559999999085, "step_dist_m": 10.605208069254038, "step_dist_f": 34.79399084193142, "step_grade": -0.08486396439587088, "step_turn": 8.421310750256907, "coast_speed_mps": 18.061853051978957, "coast_speed_mph": 40.40321459372525}, "geometry": {"type": "Point", "coordinates": [-122.23608, 37.89521]}}, {"id": "849", "type": "Feature", "properties": {"name": "Arli-griz to Vollmer Peak", "step": 849, "lat": 37.89537, "lon": -122.23604, "elevation_m": 462.5, "time": null, "elevation_f": 1517.3885, "step_elevation_m": -3.1000000000000227, "step_elevation_f": -10.17060400000014, "step_dist_m": 18.134107403353298, "step_dist_f": 59.49510493321763, "step_grade": -0.17094858495360965, "step_turn": 30.487330255444874, "coast_speed_mps": 18.582208507546618, "coast_speed_mph": 41.567216597053054}, "geometry": {"type": "Point", "coordinates": [-122.23604, 37.89537]}}, {"id": "850", "type": "Feature", "properties": {"name": "Arli-griz to Vollmer Peak", "step": 850, "lat": 37.89543, "lon": -122.23606, "elevation_m": 461.1, "time": null, "elevation_f": 1512.7953240000002, "step_elevation_m": -1.3999999999999773, "step_elevation_f": -4.593175999999858, "step_dist_m": 6.898650652323521, "step_dist_f": 22.6333690061691, "step_grade": -0.2029382368461354, "step_turn": 25.897671119882148, "coast_speed_mps": 18.75727668394494, "coast_speed_mph": 41.95883295442224}, "geometry": {"type": "Point", "coordinates": [-122.23606, 37.89543]}}, {"id": "851", "type": "Feature", "properties": {"name": "Arli-griz to Vollmer Peak", "step": 851, "lat": 37.89548, "lon": -122.23618, "elevation_m": 458.9, "time": null, "elevation_f": 1505.577476, "step_elevation_m": -2.2000000000000455, "step_elevation_f": -7.217848000000231, "step_dist_m": 11.907372743288072, "step_dist_f": 39.066184791089235, "step_grade": -0.1847594803177836, "step_turn": 47.428172789376106, "coast_speed_mps": 19.079271447441464, "coast_speed_mph": 42.67911472673909}, "geometry": {"type": "Point", "coordinates": [-122.23618, 37.89548]}}, {"id": "852", "type": "Feature", "properties": {"name": "Arli-griz to Vollmer Peak", "step": 852, "lat": 37.89545, "lon": -122.2363, "elevation_m": 456.9, "time": null, "elevation_f": 1499.015796, "step_elevation_m": -2.0, "step_elevation_f": -6.561680000000024, "step_dist_m": 11.045478565477776, "step_dist_f": 36.2384478967621, "step_grade": -0.18106956508438884, "step_turn": 45.41269564747256, "coast_speed_mps": 19.28677753943744, "coast_speed_mph": 43.14329263474727}, "geometry": {"type": "Point", "coordinates": [-122.2363, 37.89545]}}, {"id": "853", "type": "Feature", "properties": {"name": "Arli-griz to Vollmer Peak", "step": 853, "lat": 37.89539, "lon": -122.2364, "elevation_m": 455.1, "time": null, "elevation_f": 1493.110284, "step_elevation_m": -1.7999999999999545, "step_elevation_f": -5.905511999999817, "step_dist_m": 11.023064318904417, "step_dist_f": 36.16491034003437, "step_grade": -0.16329397596936607, "step_turn": 19.668364242318916, "coast_speed_mps": 19.465021355308163, "coast_speed_mph": 43.54201269530275}, "geometry": {"type": "Point", "coordinates": [-122.2364, 37.89539]}}, {"id": "854", "type": "Feature", "properties": {"name": "Arli-griz to Vollmer Peak", "step": 854, "lat": 37.89538, "lon": -122.2365, "elevation_m": 453.5, "time": null, "elevation_f": 1487.86094, "step_elevation_m": -1.6000000000000227, "step_elevation_f": -5.249344000000065, "step_dist_m": 8.844938058101278, "step_dist_f": 29.018826578540995, "step_grade": -0.18089442678850043, "step_turn": 30.02464246132351, "coast_speed_mps": 19.643001621413728, "coast_speed_mph": 43.94014321182379}, "geometry": {"type": "Point", "coordinates": [-122.2365, 37.89538]}}, {"id": "855", "type": "Feature", "properties": {"name": "Arli-griz to Vollmer Peak", "step": 855, "lat": 37.89539, "lon": -122.23658, "elevation_m": 451.9, "time": null, "elevation_f": 1482.611596, "step_elevation_m": -1.6000000000000227, "step_elevation_f": -5.249344000000065, "step_dist_m": 7.1073335325019205, "step_dist_f": 23.3180241467736, "step_grade": -0.22511958847621316, "step_turn": 16.22305106423056, "coast_speed_mps": 19.85262298576231, "coast_speed_mph": 44.409052849325086}, "geometry": {"type": "Point", "coordinates": [-122.23658, 37.89539]}}, {"id": "856", "type": "Feature", "properties": {"name": "Arli-griz to Vollmer Peak", "step": 856, "lat": 37.89545, "lon": -122.23672, "elevation_m": 448.9, "time": null, "elevation_f": 1472.7690759999998, "step_elevation_m": -3.0, "step_elevation_f": -9.84252000000015, "step_dist_m": 13.97943184938738, "step_dist_f": 45.86427918874409, "step_grade": -0.21460099611497938, "step_turn": 19.505064118422354, "coast_speed_mps": 20.22991474912726, "coast_speed_mph": 45.25303048748935}, "geometry": {"type": "Point", "coordinates": [-122.23672, 37.89545]}}, {"id": "857", "type": "Feature", "properties": {"name": "Arli-griz to Vollmer Peak", "step": 857, "lat": 37.89552, "lon": -122.2368, "elevation_m": 447.0, "time": null, "elevation_f": 1466.53548, "step_elevation_m": -1.8999999999999773, "step_elevation_f": -6.233595999999807, "step_dist_m": 10.481543409608609, "step_dist_f": 34.38826687998031, "step_grade": -0.18127101379537436, "step_turn": 19.447761346130335, "coast_speed_mps": 20.452713421965694, "coast_speed_mph": 45.7514169245832}, "geometry": {"type": "Point", "coordinates": [-122.2368, 37.89552]}}, {"id": "858", "type": "Feature", "properties": {"name": "Arli-griz to Vollmer Peak", "step": 858, "lat": 37.89567, "lon": -122.23691, "elevation_m": 443.4, "time": null, "elevation_f": 1454.724456, "step_elevation_m": -3.6000000000000227, "step_elevation_f": -11.811024000000089, "step_dist_m": 19.27076139201372, "step_dist_f": 63.224284805374296, "step_grade": -0.1868115082101505, "step_turn": 11.988418533201468, "coast_speed_mps": 20.703371801200788, "coast_speed_mph": 46.31212375000171}, "geometry": {"type": "Point", "coordinates": [-122.23691, 37.89567]}}, {"id": "859", "type": "Feature", "properties": {"name": "Arli-griz to Vollmer Peak", "step": 859, "lat": 37.89623, "lon": -122.23726, "elevation_m": 441.8, "time": null, "elevation_f": 1449.475112, "step_elevation_m": -1.599999999999966, "step_elevation_f": -5.249343999999837, "step_dist_m": 69.43083446858897, "step_dist_f": 227.79145895792544, "step_grade": -0.023044516348479406, "step_turn": 3.8051498696864314, "coast_speed_mps": 15.414876527057183, "coast_speed_mph": 34.4820967409117}, "geometry": {"type": "Point", "coordinates": [-122.23726, 37.89623]}}, {"id": "860", "type": "Feature", "properties": {"name": "Arli-griz to Vollmer Peak", "step": 860, "lat": 37.89644, "lon": -122.23737, "elevation_m": 441.4, "time": null, "elevation_f": 1448.162776, "step_elevation_m": -0.4000000000000341, "step_elevation_f": -1.3123360000001867, "step_dist_m": 25.267162570609365, "step_dist_f": 82.89751764815803, "step_grade": -0.015830823856150436, "step_turn": 3.7948863329179403, "coast_speed_mps": 14.100723999009826, "coast_speed_mph": 31.54242125762753}, "geometry": {"type": "Point", "coordinates": [-122.23737, 37.89644]}}, {"id": "861", "type": "Feature", "properties": {"name": "Arli-griz to Vollmer Peak", "step": 861, "lat": 37.89682, "lon": -122.23764, "elevation_m": 437.2, "time": null, "elevation_f": 1434.3832479999999, "step_elevation_m": -4.199999999999989, "step_elevation_f": -13.779528000000028, "step_dist_m": 48.442668126182404, "step_dist_f": 158.93264329510427, "step_grade": -0.08670042676138152, "step_turn": 6.821122674204673, "coast_speed_mps": 14.324002416202177, "coast_speed_mph": 32.04188085227756}, "geometry": {"type": "Point", "coordinates": [-122.23764, 37.89682]}}, {"id": "862", "type": "Feature", "properties": {"name": "Arli-griz to Vollmer Peak", "step": 862, "lat": 37.89699, "lon": -122.23779, "elevation_m": 436.8, "time": null, "elevation_f": 1433.0709120000001, "step_elevation_m": -0.39999999999997726, "step_elevation_f": -1.312335999999732, "step_dist_m": 23.033965670967646, "step_dist_f": 75.5707559319375, "step_grade": -0.017365659292622078, "step_turn": 5.569814395038804, "coast_speed_mps": 13.259774762056695, "coast_speed_mph": 29.661271389711615}, "geometry": {"type": "Point", "coordinates": [-122.23779, 37.89699]}}, {"id": "863", "type": "Feature", "properties": {"name": "Arli-griz to Vollmer Peak", "step": 863, "lat": 37.89739, "lon": -122.23827, "elevation_m": 434.8, "time": null, "elevation_f": 1426.509232, "step_elevation_m": -2.0, "step_elevation_f": -6.561680000000024, "step_dist_m": 61.25522173540529, "step_dist_f": 200.9685816783871, "step_grade": -0.032650277696146306, "step_turn": 8.589992267363527, "coast_speed_mps": 11.353615808826454, "coast_speed_mph": 25.397315248806464}, "geometry": {"type": "Point", "coordinates": [-122.23827, 37.89739]}}, {"id": "864", "type": "Feature", "properties": {"name": "Arli-griz to Vollmer Peak", "step": 864, "lat": 37.89769, "lon": -122.23861, "elevation_m": 430.1, "time": null, "elevation_f": 1411.0892840000001, "step_elevation_m": -4.699999999999989, "step_elevation_f": -15.419947999999977, "step_dist_m": 44.75282624179787, "step_dist_f": 146.82686244714012, "step_grade": -0.1050213002103166, "step_turn": 1.6317033905396556, "coast_speed_mps": 13.156556051390634, "coast_speed_mph": 29.43037770980364}, "geometry": {"type": "Point", "coordinates": [-122.23861, 37.89769]}}, {"id": "865", "type": "Feature", "properties": {"name": "Arli-griz to Vollmer Peak", "step": 865, "lat": 37.89782, "lon": -122.23882, "elevation_m": 429.3, "time": null, "elevation_f": 1408.464612, "step_elevation_m": -0.8000000000000114, "step_elevation_f": -2.624672000000146, "step_dist_m": 23.419853962226718, "step_dist_f": 76.8367936734319, "step_grade": -0.03415905160170131, "step_turn": 10.07913523895678, "coast_speed_mps": 12.502167134783503, "coast_speed_mph": 27.96655139312699}, "geometry": {"type": "Point", "coordinates": [-122.23882, 37.89782]}}, {"id": "866", "type": "Feature", "properties": {"name": "Arli-griz to Vollmer Peak", "step": 866, "lat": 37.8979, "lon": -122.23911, "elevation_m": 429.5, "time": null, "elevation_f": 1409.12078, "step_elevation_m": 0.19999999999998863, "step_elevation_f": 0.6561679999999797, "step_dist_m": 26.956049406205985, "step_dist_f": 88.43848513385684, "step_grade": 0.007419484843129254, "step_turn": 18.844816529337322, "coast_speed_mps": 10.872207723592634, "coast_speed_mph": 24.320436031658513}, "geometry": {"type": "Point", "coordinates": [-122.23911, 37.8979]}}, {"id": "867", "type": "Feature", "properties": {"name": "Arli-griz to Vollmer Peak", "step": 867, "lat": 37.89798, "lon": -122.23946, "elevation_m": 429.4, "time": null, "elevation_f": 1408.792696, "step_elevation_m": -0.10000000000002274, "step_elevation_f": -0.32808399999998983, "step_dist_m": 31.973007675824277, "step_dist_f": 104.89832250315132, "step_grade": -0.003127638194502285, "step_turn": 3.1148606223064235, "coast_speed_mps": 9.396192577077034, "coast_speed_mph": 21.018684182795777}, "geometry": {"type": "Point", "coordinates": [-122.23946, 37.89798]}}, {"id": "868", "type": "Feature", "properties": {"name": "Arli-griz to Vollmer Peak", "step": 868, "lat": 37.89814, "lon": -122.23992, "elevation_m": 424.8, "time": null, "elevation_f": 1393.700832, "step_elevation_m": -4.599999999999966, "step_elevation_f": -15.091863999999987, "step_dist_m": 44.109566606313216, "step_dist_f": 144.71643050465664, "step_grade": -0.10428576732698133, "step_turn": 7.63311245390031, "coast_speed_mps": 11.997488085218846, "coast_speed_mph": 26.837616511316288}, "geometry": {"type": "Point", "coordinates": [-122.23992, 37.89814]}}, {"id": "869", "type": "Feature", "properties": {"name": "Arli-griz to Vollmer Peak", "step": 869, "lat": 37.8984, "lon": -122.24026, "elevation_m": 419.8, "time": null, "elevation_f": 1377.296632, "step_elevation_m": -5.0, "step_elevation_f": -16.404199999999946, "step_dist_m": 41.54319704197462, "step_dist_f": 136.29658258319202, "step_grade": -0.12035664936783934, "step_turn": 20.31322579877491, "coast_speed_mps": 13.893207501902433, "coast_speed_mph": 31.078220074047998}, "geometry": {"type": "Point", "coordinates": [-122.24026, 37.8984]}}, {"id": "870", "type": "Feature", "properties": {"name": "Arli-griz to Vollmer Peak", "step": 870, "lat": 37.89873, "lon": -122.24064, "elevation_m": 412.9, "time": null, "elevation_f": 1354.6588359999998, "step_elevation_m": -6.900000000000034, "step_elevation_f": -22.637796000000208, "step_dist_m": 49.58030773197349, "step_dist_f": 162.66505681936792, "step_grade": -0.13916815598041038, "step_turn": 3.6393859434112983, "coast_speed_mps": 15.893478764958388, "coast_speed_mph": 35.55269945633136}, "geometry": {"type": "Point", "coordinates": [-122.24064, 37.89873]}}, {"id": "871", "type": "Feature", "properties": {"name": "Arli-griz to Vollmer Peak", "step": 871, "lat": 37.89907, "lon": -122.24102, "elevation_m": 406.1, "time": null, "elevation_f": 1332.349124, "step_elevation_m": -6.7999999999999545, "step_elevation_f": -22.309711999999763, "step_dist_m": 50.40870642744825, "step_dist_f": 165.38290039542932, "step_grade": -0.13489733186839445, "step_turn": 0.850108411048609, "coast_speed_mps": 16.959078364212214, "coast_speed_mph": 37.93637787270087}, "geometry": {"type": "Point", "coordinates": [-122.24102, 37.89907]}}, {"id": "872", "type": "Feature", "properties": {"name": "Arli-griz to Vollmer Peak", "step": 872, "lat": 37.89941, "lon": -122.24139, "elevation_m": 405.8, "time": null, "elevation_f": 1331.364872, "step_elevation_m": -0.30000000000001137, "step_elevation_f": -0.9842519999999695, "step_dist_m": 49.83258058118075, "step_dist_f": 163.49272367396105, "step_grade": -0.0060201578264904515, "step_turn": 0.7567761369195409, "coast_speed_mps": 13.557816711877926, "coast_speed_mph": 30.32797224382138}, "geometry": {"type": "Point", "coordinates": [-122.24139, 37.89941]}}, {"id": "873", "type": "Feature", "properties": {"name": "Arli-griz to Vollmer Peak", "step": 873, "lat": 37.89976, "lon": -122.24176, "elevation_m": 404.8, "time": null, "elevation_f": 1328.084032, "step_elevation_m": -1.0, "step_elevation_f": -3.2808400000001257, "step_dist_m": 50.681258443064685, "step_dist_f": 166.27709995034434, "step_grade": -0.01973115961837056, "step_turn": 0.8191158047101226, "coast_speed_mps": 11.369739550228566, "coast_speed_mph": 25.433383031112548}, "geometry": {"type": "Point", "coordinates": [-122.24176, 37.89976]}}, {"id": "874", "type": "Feature", "properties": {"name": "Arli-griz to Vollmer Peak", "step": 874, "lat": 37.89991, "lon": -122.24185, "elevation_m": 401.9, "time": null, "elevation_f": 1318.5695959999998, "step_elevation_m": -2.900000000000034, "step_elevation_f": -9.51443600000016, "step_dist_m": 18.45417666298262, "step_dist_f": 60.54520096297989, "step_grade": -0.157145997513786, "step_turn": 14.498793237444772, "coast_speed_mps": 12.89643394856484, "coast_speed_mph": 28.848501137627114}, "geometry": {"type": "Point", "coordinates": [-122.24185, 37.89991]}}, {"id": "875", "type": "Feature", "properties": {"name": "Arli-griz to Vollmer Peak", "step": 875, "lat": 37.90062, "lon": -122.24208, "elevation_m": 399.1, "time": null, "elevation_f": 1309.383244, "step_elevation_m": -2.7999999999999545, "step_elevation_f": -9.186351999999715, "step_dist_m": 81.48685171993677, "step_dist_f": 267.3453225968373, "step_grade": -0.03436137169249478, "step_turn": 10.996541926298391, "coast_speed_mps": 10.58982894533886, "coast_speed_mph": 23.688772694476665}, "geometry": {"type": "Point", "coordinates": [-122.24208, 37.90062]}}, {"id": "876", "type": "Feature", "properties": {"name": "Arli-griz to Vollmer Peak", "step": 876, "lat": 37.9008, "lon": -122.24215, "elevation_m": 398.4, "time": null, "elevation_f": 1307.086656, "step_elevation_m": -0.7000000000000455, "step_elevation_f": -2.296588000000156, "step_dist_m": 20.936249064659062, "step_dist_f": 68.68848338129604, "step_grade": -0.03343483342399016, "step_turn": 2.720578733270827, "coast_speed_mps": 10.291058745082188, "coast_speed_mph": 23.020442790538155}, "geometry": {"type": "Point", "coordinates": [-122.24215, 37.9008]}}, {"id": "877", "type": "Feature", "properties": {"name": "Arli-griz to Vollmer Peak", "step": 877, "lat": 37.90093, "lon": -122.24224, "elevation_m": 397.5, "time": null, "elevation_f": 1304.1339, "step_elevation_m": -0.8999999999999773, "step_elevation_f": -2.9527559999999085, "step_dist_m": 16.47163456860615, "step_dist_f": 54.0407975580658, "step_grade": -0.05463938604583409, "step_turn": 11.587687921947747, "coast_speed_mps": 10.420207897547547, "coast_speed_mph": 23.309341216775984}, "geometry": {"type": "Point", "coordinates": [-122.24224, 37.90093]}}, {"id": "878", "type": "Feature", "properties": {"name": "Arli-griz to Vollmer Peak", "step": 878, "lat": 37.90113, "lon": -122.24248, "elevation_m": 394.6, "time": null, "elevation_f": 1294.619464, "step_elevation_m": -2.8999999999999773, "step_elevation_f": -9.514435999999932, "step_dist_m": 30.62685545725455, "step_dist_f": 100.48181245837901, "step_grade": -0.0946881407413002, "step_turn": 14.790265348832463, "coast_speed_mps": 11.70629257251973, "coast_speed_mph": 26.186230700876248}, "geometry": {"type": "Point", "coordinates": [-122.24248, 37.90113]}}, {"id": "879", "type": "Feature", "properties": {"name": "Arli-griz to Vollmer Peak", "step": 879, "lat": 37.90152, "lon": -122.24299, "elevation_m": 400.2, "time": null, "elevation_f": 1312.992168, "step_elevation_m": 5.599999999999966, "step_elevation_f": 18.372703999999885, "step_dist_m": 62.31346171689154, "step_dist_f": 204.44049773924644, "step_grade": 0.08986822182087106, "step_turn": 2.4609486994179406, "coast_speed_mps": 0.0, "coast_speed_mph": 0.0}, "geometry": {"type": "Point", "coordinates": [-122.24299, 37.90152]}}, {"id": "880", "type": "Feature", "properties": {"name": "Arli-griz to Vollmer Peak", "step": 880, "lat": 37.90191, "lon": -122.2435, "elevation_m": 406.4, "time": null, "elevation_f": 1333.3333759999998, "step_elevation_m": 6.199999999999989, "step_elevation_f": 20.341207999999824, "step_dist_m": 62.31329143322741, "step_dist_f": 204.43993906578982, "step_grade": 0.09949723176866168, "step_turn": 0.00015173956313674353, "coast_speed_mps": 0.0, "coast_speed_mph": 0.0}, "geometry": {"type": "Point", "coordinates": [-122.2435, 37.90191]}}, {"id": "881", "type": "Feature", "properties": {"name": "Arli-griz to Vollmer Peak", "step": 881, "lat": 37.902, "lon": -122.24363, "elevation_m": 406.8, "time": null, "elevation_f": 1334.645712, "step_elevation_m": 0.4000000000000341, "step_elevation_f": 1.3123360000001867, "step_dist_m": 15.174049501853867, "step_dist_f": 49.78362856766224, "step_grade": 0.026360794457087063, "step_turn": 2.838869207400876, "coast_speed_mps": 0.0, "coast_speed_mph": 0.0}, "geometry": {"type": "Point", "coordinates": [-122.24363, 37.902]}}, {"id": "882", "type": "Feature", "properties": {"name": "Arli-griz to Vollmer Peak", "step": 882, "lat": 37.90207, "lon": -122.24374, "elevation_m": 406.8, "time": null, "elevation_f": 1334.645712, "step_elevation_m": 0.0, "step_elevation_f": 0.0, "step_dist_m": 12.3989538512173, "step_dist_f": 40.67898375322777, "step_grade": 0.0, "step_turn": 2.377539246505364, "coast_speed_mps": 0.0, "coast_speed_mph": 0.0}, "geometry": {"type": "Point", "coordinates": [-122.24374, 37.90207]}}, {"id": "883", "type": "Feature", "properties": {"name": "Arli-griz to Vollmer Peak", "step": 883, "lat": 37.90213, "lon": -122.24386, "elevation_m": 406.2, "time": null, "elevation_f": 1332.677208, "step_elevation_m": -0.6000000000000227, "step_elevation_f": -1.968503999999939, "step_dist_m": 12.464599887633337, "step_dist_f": 40.89435789534296, "step_grade": -0.048136322498029675, "step_turn": 6.524541536003483, "coast_speed_mps": 1.9862268053494432, "coast_speed_mph": 4.4430628251374396}, "geometry": {"type": "Point", "coordinates": [-122.24386, 37.90213]}}, {"id": "884", "type": "Feature", "properties": {"name": "Arli-griz to Vollmer Peak", "step": 884, "lat": 37.90226, "lon": -122.24417, "elevation_m": 401.6, "time": null, "elevation_f": 1317.585344, "step_elevation_m": -4.599999999999966, "step_elevation_f": -15.091863999999987, "step_dist_m": 30.801887992173512, "step_dist_f": 101.05606620024254, "step_grade": -0.14934149494890656, "step_turn": 4.372011745481643, "coast_speed_mps": 8.847213124176431, "coast_speed_mph": 19.790652121010247}, "geometry": {"type": "Point", "coordinates": [-122.24417, 37.90226]}}, {"id": "885", "type": "Feature", "properties": {"name": "Arli-griz to Vollmer Peak", "step": 885, "lat": 37.9023, "lon": -122.2443, "elevation_m": 400.5, "time": null, "elevation_f": 1313.97642, "step_elevation_m": -1.1000000000000227, "step_elevation_f": -3.6089240000001155, "step_dist_m": 12.242655066767005, "step_dist_f": 40.16619244925186, "step_grade": -0.08984979107889761, "step_turn": 6.685750763763281, "coast_speed_mps": 10.06721235388929, "coast_speed_mph": 22.519712674233357}, "geometry": {"type": "Point", "coordinates": [-122.2443, 37.9023]}}, {"id": "886", "type": "Feature", "properties": {"name": "Arli-griz to Vollmer Peak", "step": 886, "lat": 37.90232, "lon": -122.24447, "elevation_m": 398.9, "time": null, "elevation_f": 1308.727076, "step_elevation_m": -1.6000000000000227, "step_elevation_f": -5.249344000000065, "step_dist_m": 15.080574788512685, "step_dist_f": 49.47695298914395, "step_grade": -0.10609675177757744, "step_turn": 12.822982498038584, "coast_speed_mps": 11.126253444195154, "coast_speed_mph": 24.8887201239154}, "geometry": {"type": "Point", "coordinates": [-122.24447, 37.90232]}}, {"id": "887", "type": "Feature", "properties": {"name": "Arli-griz to Vollmer Peak", "step": 887, "lat": 37.90231, "lon": -122.2446, "elevation_m": 397.3, "time": null, "elevation_f": 1303.477732, "step_elevation_m": -1.599999999999966, "step_elevation_f": -5.249343999999837, "step_dist_m": 11.460192481805072, "step_dist_f": 37.59905790200535, "step_grade": -0.1396137108988551, "step_turn": 14.048223338634557, "coast_speed_mps": 11.790754833461918, "coast_speed_mph": 26.375167397686795}, "geometry": {"type": "Point", "coordinates": [-122.2446, 37.90231]}}, {"id": "888", "type": "Feature", "properties": {"name": "Arli-griz to Vollmer Peak", "step": 888, "lat": 37.90218, "lon": -122.24493, "elevation_m": 391.8, "time": null, "elevation_f": 1285.433112, "step_elevation_m": -5.5, "step_elevation_f": -18.044620000000123, "step_dist_m": 32.3618980677595, "step_dist_f": 106.17420965662807, "step_grade": -0.16995294863373198, "step_turn": 20.96266733214034, "coast_speed_mps": 14.487161964262867, "coast_speed_mph": 32.406858366729715}, "geometry": {"type": "Point", "coordinates": [-122.24493, 37.90218]}}, {"id": "889", "type": "Feature", "properties": {"name": "Arli-griz to Vollmer Peak", "step": 889, "lat": 37.90204, "lon": -122.24537, "elevation_m": 384.2, "time": null, "elevation_f": 1260.498728, "step_elevation_m": -7.600000000000023, "step_elevation_f": -24.93438399999991, "step_dist_m": 41.62595751746837, "step_dist_f": 136.56810646161094, "step_grade": -0.1825783826548777, "step_turn": 4.569460239131644, "coast_speed_mps": 17.04015343739078, "coast_speed_mph": 38.11773764627497}, "geometry": {"type": "Point", "coordinates": [-122.24537, 37.90204]}}, {"id": "890", "type": "Feature", "properties": {"name": "Arli-griz to Vollmer Peak", "step": 890, "lat": 37.90191, "lon": -122.24591, "elevation_m": 377.1, "time": null, "elevation_f": 1237.204764, "step_elevation_m": -7.099999999999966, "step_elevation_f": -23.29396399999996, "step_dist_m": 49.53557044998606, "step_dist_f": 162.51828095513227, "step_grade": -0.14333134625286148, "step_turn": 4.994544958033771, "coast_speed_mps": 17.879322824747323, "coast_speed_mph": 39.99490610403387}, "geometry": {"type": "Point", "coordinates": [-122.24591, 37.90191]}}, {"id": "891", "type": "Feature", "properties": {"name": "Arli-griz to Vollmer Peak", "step": 891, "lat": 37.90165, "lon": -122.2468, "elevation_m": 368.0, "time": null, "elevation_f": 1207.34912, "step_elevation_m": -9.100000000000023, "step_elevation_f": -29.855643999999984, "step_dist_m": 83.26860378448424, "step_dist_f": 273.19096604028726, "step_grade": -0.10928488753759626, "step_turn": 3.3491202207594313, "coast_speed_mps": 17.203620159652292, "coast_speed_mph": 38.48340228984492}, "geometry": {"type": "Point", "coordinates": [-122.2468, 37.90165]}}, {"id": "892", "type": "Feature", "properties": {"name": "Arli-griz to Vollmer Peak", "step": 892, "lat": 37.9014, "lon": -122.24742, "elevation_m": 360.9, "time": null, "elevation_f": 1184.055156, "step_elevation_m": -7.100000000000023, "step_elevation_f": -23.293964000000187, "step_dist_m": 61.09027014847906, "step_dist_f": 200.42740191393602, "step_grade": -0.11622145364136663, "step_turn": 6.751798349034374, "coast_speed_mps": 17.862026083147654, "coast_speed_mph": 39.95621439501529}, "geometry": {"type": "Point", "coordinates": [-122.24742, 37.9014]}}, {"id": "893", "type": "Feature", "properties": {"name": "Arli-griz to Vollmer Peak", "step": 893, "lat": 37.90137, "lon": -122.24754, "elevation_m": 358.3, "time": null, "elevation_f": 1175.524972, "step_elevation_m": -2.599999999999966, "step_elevation_f": -8.530183999999963, "step_dist_m": 11.044671237246831, "step_dist_f": 36.2357991820089, "step_grade": -0.23540764085686655, "step_turn": 9.487870333144201, "coast_speed_mps": 17.850436405709463, "coast_speed_mph": 39.93028902494059}, "geometry": {"type": "Point", "coordinates": [-122.24754, 37.90137]}}, {"id": "894", "type": "Feature", "properties": {"name": "Arli-griz to Vollmer Peak", "step": 894, "lat": 37.90136, "lon": -122.24761, "elevation_m": 357.6, "time": null, "elevation_f": 1173.228384, "step_elevation_m": -0.6999999999999886, "step_elevation_f": -2.296587999999929, "step_dist_m": 6.241681279983728, "step_dist_f": 20.47795761062181, "step_grade": -0.11214927014053072, "step_turn": 7.317732537542611, "coast_speed_mps": 17.809591752294526, "coast_speed_mph": 39.83892213738034}, "geometry": {"type": "Point", "coordinates": [-122.24761, 37.90136]}}, {"id": "895", "type": "Feature", "properties": {"name": "Arli-griz to Vollmer Peak", "step": 895, "lat": 37.90137, "lon": -122.24769, "elevation_m": 357.6, "time": null, "elevation_f": 1173.228384, "step_elevation_m": 0.0, "step_elevation_f": 0.0, "step_dist_m": 7.106770250337094, "step_dist_f": 23.31617610811595, "step_grade": 0.0, "step_turn": 19.26364292012329, "coast_speed_mps": 17.822927965572404, "coast_speed_mph": 39.868754396860204}, "geometry": {"type": "Point", "coordinates": [-122.24769, 37.90137]}}, {"id": "896", "type": "Feature", "properties": {"name": "Arli-griz to Vollmer Peak", "step": 896, "lat": 37.9014, "lon": -122.24776, "elevation_m": 357.4, "time": null, "elevation_f": 1172.572216, "step_elevation_m": -0.20000000000004547, "step_elevation_f": -0.6561679999999797, "step_dist_m": 6.989278508582482, "step_dist_f": 22.930704502097747, "step_grade": -0.028615256890171935, "step_turn": 19.506270696066565, "coast_speed_mps": 17.770403834117065, "coast_speed_mph": 39.751261260999115}, "geometry": {"type": "Point", "coordinates": [-122.24776, 37.9014]}}, {"id": "897", "type": "Feature", "properties": {"name": "Arli-griz to Vollmer Peak", "step": 897, "lat": 37.90145, "lon": -122.24778, "elevation_m": 356.2, "time": null, "elevation_f": 1168.635208, "step_elevation_m": -1.1999999999999886, "step_elevation_f": -3.9370080000001053, "step_dist_m": 5.830105810724251, "step_dist_f": 19.127644348056553, "step_grade": -0.20582816829715778, "step_turn": 43.974903428245455, "coast_speed_mps": 17.72660419727363, "coast_speed_mph": 39.65328426376524}, "geometry": {"type": "Point", "coordinates": [-122.24778, 37.90145]}}, {"id": "898", "type": "Feature", "properties": {"name": "Arli-griz to Vollmer Peak", "step": 898, "lat": 37.90151, "lon": -122.24777, "elevation_m": 354.7, "time": null, "elevation_f": 1163.7139479999998, "step_elevation_m": -1.5, "step_elevation_f": -4.921260000000075, "step_dist_m": 6.729142563116048, "step_dist_f": 22.077240086773656, "step_grade": -0.2229110151747771, "step_turn": 25.009172659503975, "coast_speed_mps": 17.90841816829184, "coast_speed_mph": 40.05999053393839}, "geometry": {"type": "Point", "coordinates": [-122.24777, 37.90151]}}, {"id": "899", "type": "Feature", "properties": {"name": "Arli-griz to Vollmer Peak", "step": 899, "lat": 37.90158, "lon": -122.24773, "elevation_m": 352.8, "time": null, "elevation_f": 1157.480352, "step_elevation_m": -1.8999999999999773, "step_elevation_f": -6.233595999999807, "step_dist_m": 8.538296387172363, "step_dist_f": 28.012784318890574, "step_grade": -0.222526826645942, "step_turn": 16.778349073210677, "coast_speed_mps": 18.36345040515057, "coast_speed_mph": 41.07786865862238}, "geometry": {"type": "Point", "coordinates": [-122.24773, 37.90158]}}, {"id": "900", "type": "Feature", "properties": {"name": "Arli-griz to Vollmer Peak", "step": 900, "lat": 37.90204, "lon": -122.24717, "elevation_m": 341.7, "time": null, "elevation_f": 1121.063028, "step_elevation_m": -11.100000000000023, "step_elevation_f": -36.41732400000001, "step_dist_m": 70.92585579965696, "step_dist_f": 232.69638474174653, "step_grade": -0.1565014602200078, "step_turn": 19.5781900234295, "coast_speed_mps": 19.33610541764796, "coast_speed_mph": 43.25363595572642}, "geometry": {"type": "Point", "coordinates": [-122.24717, 37.90204]}}, {"id": "901", "type": "Feature", "properties": {"name": "Arli-griz to Vollmer Peak", "step": 901, "lat": 37.90251, "lon": -122.24661, "elevation_m": 330.8, "time": null, "elevation_f": 1085.301872, "step_elevation_m": -10.899999999999977, "step_elevation_f": -35.76115600000003, "step_dist_m": 71.73168485550924, "step_dist_f": 235.34018094134893, "step_grade": -0.1519551648892131, "step_turn": 0.6154774607600189, "coast_speed_mps": 19.795215985170053, "coast_speed_mph": 44.28063704628228}, "geometry": {"type": "Point", "coordinates": [-122.24661, 37.90251]}}, {"id": "902", "type": "Feature", "properties": {"name": "Arli-griz to Vollmer Peak", "step": 902, "lat": 37.90258, "lon": -122.24656, "elevation_m": 329.1, "time": null, "elevation_f": 1079.7244440000002, "step_elevation_m": -1.6999999999999886, "step_elevation_f": -5.577427999999827, "step_dist_m": 8.934791949424874, "step_dist_f": 29.313622819351103, "step_grade": -0.19026744099054443, "step_turn": 13.82699587682771, "coast_speed_mps": 19.810473617453827, "coast_speed_mph": 44.314767397668675}, "geometry": {"type": "Point", "coordinates": [-122.24656, 37.90258]}}, {"id": "903", "type": "Feature", "properties": {"name": "Arli-griz to Vollmer Peak", "step": 903, "lat": 37.90268, "lon": -122.24654, "elevation_m": 327.6, "time": null, "elevation_f": 1074.803184, "step_elevation_m": -1.5, "step_elevation_f": -4.921260000000075, "step_dist_m": 11.25710312487027, "step_dist_f": 36.93275421619938, "step_grade": -0.13324920126973488, "step_turn": 20.438164976247833, "coast_speed_mps": 19.731356780200553, "coast_speed_mph": 44.13778807310427}, "geometry": {"type": "Point", "coordinates": [-122.24654, 37.90268]}}, {"id": "904", "type": "Feature", "properties": {"name": "Arli-griz to Vollmer Peak", "step": 904, "lat": 37.90278, "lon": -122.24657, "elevation_m": 326.5, "time": null, "elevation_f": 1071.19426, "step_elevation_m": -1.1000000000000227, "step_elevation_f": -3.6089240000001155, "step_dist_m": 11.426785157371185, "step_dist_f": 37.48945381570968, "step_grade": -0.09626504610445356, "step_turn": 22.285653720152823, "coast_speed_mps": 19.61073411875222, "coast_speed_mph": 43.8679628640663}, "geometry": {"type": "Point", "coordinates": [-122.24657, 37.90278]}}, {"id": "905", "type": "Feature", "properties": {"name": "Arli-griz to Vollmer Peak", "step": 905, "lat": 37.90285, "lon": -122.24667, "elevation_m": 324.7, "time": null, "elevation_f": 1065.288748, "step_elevation_m": -1.8000000000000114, "step_elevation_f": -5.905512000000044, "step_dist_m": 11.728856792808495, "step_dist_f": 38.480502520117824, "step_grade": -0.15346764239662938, "step_turn": 35.10480214347797, "coast_speed_mps": 19.83535681109251, "coast_speed_mph": 44.37042951658126}, "geometry": {"type": "Point", "coordinates": [-122.24667, 37.90285]}}, {"id": "906", "type": "Feature", "properties": {"name": "Arli-griz to Vollmer Peak", "step": 906, "lat": 37.90288, "lon": -122.24678, "elevation_m": 321.4, "time": null, "elevation_f": 1054.4619759999998, "step_elevation_m": -3.3000000000000114, "step_elevation_f": -10.826772000000119, "step_dist_m": 10.211498846041046, "step_dist_f": 33.50229387404531, "step_grade": -0.3231650955216439, "step_turn": 22.51033626517767, "coast_speed_mps": 20.221137899647605, "coast_speed_mph": 45.23339723435841}, "geometry": {"type": "Point", "coordinates": [-122.24678, 37.90288]}}, {"id": "907", "type": "Feature", "properties": {"name": "Arli-griz to Vollmer Peak", "step": 907, "lat": 37.90285, "lon": -122.24691, "elevation_m": 318.8, "time": null, "elevation_f": 1045.931792, "step_elevation_m": -2.599999999999966, "step_elevation_f": -8.530183999999736, "step_dist_m": 11.88383425264061, "step_dist_f": 38.988958769433424, "step_grade": -0.21878460644318065, "step_turn": 35.369383462547546, "coast_speed_mps": 20.563474783564867, "coast_speed_mph": 45.99918303410175}, "geometry": {"type": "Point", "coordinates": [-122.24691, 37.90285]}}, {"id": "908", "type": "Feature", "properties": {"name": "Arli-griz to Vollmer Peak", "step": 908, "lat": 37.90282, "lon": -122.24701, "elevation_m": 317.9, "time": null, "elevation_f": 1042.979036, "step_elevation_m": -0.9000000000000341, "step_elevation_f": -2.952756000000136, "step_dist_m": 9.386628416064125, "step_dist_f": 30.796025972559825, "step_grade": -0.09588107253290101, "step_turn": 4.514659956005232, "coast_speed_mps": 20.347043378581613, "coast_speed_mph": 45.515039769554384}, "geometry": {"type": "Point", "coordinates": [-122.24701, 37.90282]}}, {"id": "909", "type": "Feature", "properties": {"name": "Arli-griz to Vollmer Peak", "step": 909, "lat": 37.90276, "lon": -122.24714, "elevation_m": 317.5, "time": null, "elevation_f": 1041.6667, "step_elevation_m": -0.39999999999997726, "step_elevation_f": -1.3123359999999593, "step_dist_m": 13.213985897038327, "step_dist_f": 43.352973490439226, "step_grade": -0.030270957084162615, "step_turn": 9.507557692835746, "coast_speed_mps": 19.696727346384613, "coast_speed_mph": 44.06032423582809}, "geometry": {"type": "Point", "coordinates": [-122.24714, 37.90276]}}, {"id": "910", "type": "Feature", "properties": {"name": "Arli-griz to Vollmer Peak", "step": 910, "lat": 37.90262, "lon": -122.24735, "elevation_m": 317.3, "time": null, "elevation_f": 1041.010532, "step_elevation_m": -0.19999999999998863, "step_elevation_f": -0.6561679999999797, "step_dist_m": 24.121104272852634, "step_dist_f": 79.13748374254584, "step_grade": -0.008291494358534856, "step_turn": 9.869699695808379, "coast_speed_mps": 17.93296673488776, "coast_speed_mph": 40.11490411347472}, "geometry": {"type": "Point", "coordinates": [-122.24735, 37.90262]}}, {"id": "911", "type": "Feature", "properties": {"name": "Arli-griz to Vollmer Peak", "step": 911, "lat": 37.90249, "lon": -122.24752, "elevation_m": 315.7, "time": null, "elevation_f": 1035.761188, "step_elevation_m": -1.6000000000000227, "step_elevation_f": -5.249344000000065, "step_dist_m": 20.77097488844282, "step_dist_f": 68.14624525299874, "step_grade": -0.07703056830954425, "step_turn": 3.907929261078266, "coast_speed_mps": 17.341010641020503, "coast_speed_mph": 38.790736043800294}, "geometry": {"type": "Point", "coordinates": [-122.24752, 37.90249]}}, {"id": "912", "type": "Feature", "properties": {"name": "Arli-griz to Vollmer Peak", "step": 912, "lat": 37.90245, "lon": -122.24763, "elevation_m": 315.0, "time": null, "elevation_f": 1033.4646, "step_elevation_m": -0.6999999999999886, "step_elevation_f": -2.296587999999929, "step_dist_m": 10.626886975611157, "step_dist_f": 34.865115865064105, "step_grade": -0.06587065446414342, "step_turn": 19.35954336697904, "coast_speed_mps": 17.156234366315662, "coast_speed_mph": 38.37740328900242}, "geometry": {"type": "Point", "coordinates": [-122.24763, 37.90245]}}, {"id": "913", "type": "Feature", "properties": {"name": "Arli-griz to Vollmer Peak", "step": 913, "lat": 37.90246, "lon": -122.24772, "elevation_m": 313.9, "time": null, "elevation_f": 1029.855676, "step_elevation_m": -1.1000000000000227, "step_elevation_f": -3.6089240000001155, "step_dist_m": 7.974435040121542, "step_dist_f": 26.16284545703236, "step_grade": -0.13794080639764758, "step_turn": 32.75795674568593, "coast_speed_mps": 17.29374190559557, "coast_speed_mph": 38.684998894048746}, "geometry": {"type": "Point", "coordinates": [-122.24772, 37.90246]}}, {"id": "914", "type": "Feature", "properties": {"name": "Arli-griz to Vollmer Peak", "step": 914, "lat": 37.90255, "lon": -122.24784, "elevation_m": 310.9, "time": null, "elevation_f": 1020.0131559999999, "step_elevation_m": -3.0, "step_elevation_f": -9.842520000000036, "step_dist_m": 14.525991634049163, "step_dist_f": 47.657454392653854, "step_grade": -0.2065263477756624, "step_turn": 35.53090539307283, "coast_speed_mps": 17.66182079872824, "coast_speed_mph": 39.50836792843643}, "geometry": {"type": "Point", "coordinates": [-122.24784, 37.90255]}}, {"id": "915", "type": "Feature", "properties": {"name": "Arli-griz to Vollmer Peak", "step": 915, "lat": 37.90259, "lon": -122.24783, "elevation_m": 310.3, "time": null, "elevation_f": 1018.044652, "step_elevation_m": -0.5999999999999659, "step_elevation_f": -1.9685039999998253, "step_dist_m": 4.533510053417526, "step_dist_f": 14.873721123654356, "step_grade": -0.1323477819460583, "step_turn": 57.612793142108046, "coast_speed_mps": 17.704131136711926, "coast_speed_mph": 39.60301345900122}, "geometry": {"type": "Point", "coordinates": [-122.24783, 37.90259]}}, {"id": "916", "type": "Feature", "properties": {"name": "Arli-griz to Vollmer Peak", "step": 916, "lat": 37.90263, "lon": -122.2478, "elevation_m": 309.8, "time": null, "elevation_f": 1016.404232, "step_elevation_m": -0.5, "step_elevation_f": -1.6404200000000628, "step_dist_m": 5.168290164673964, "step_dist_f": 16.95633310386893, "step_grade": -0.09674379418895146, "step_turn": 19.457575428213886, "coast_speed_mps": 17.75069463265892, "coast_speed_mph": 39.70717303296998}, "geometry": {"type": "Point", "coordinates": [-122.2478, 37.90263]}}, {"id": "917", "type": "Feature", "properties": {"name": "Arli-griz to Vollmer Peak", "step": 917, "lat": 37.90267, "lon": -122.24775, "elevation_m": 309.7, "time": null, "elevation_f": 1016.076148, "step_elevation_m": -0.10000000000002274, "step_elevation_f": -0.32808399999998983, "step_dist_m": 6.2472572883870345, "step_dist_f": 20.49625160203172, "step_grade": -0.01600702442428804, "step_turn": 13.988675636291816, "coast_speed_mps": 17.402068177565013, "coast_speed_mph": 38.927317863200145}, "geometry": {"type": "Point", "coordinates": [-122.24775, 37.90267]}}, {"id": "918", "type": "Feature", "properties": {"name": "Arli-griz to Vollmer Peak", "step": 918, "lat": 37.90272, "lon": -122.24764, "elevation_m": 310.3, "time": null, "elevation_f": 1018.044652, "step_elevation_m": 0.6000000000000227, "step_elevation_f": 1.9685040000000527, "step_dist_m": 11.138134391332912, "step_dist_f": 36.54243683646067, "step_grade": 0.05386898549786848, "step_turn": 15.449939041157961, "coast_speed_mps": 16.966054437972172, "coast_speed_mph": 37.95198290527056}, "geometry": {"type": "Point", "coordinates": [-122.24764, 37.90272]}}, {"id": "919", "type": "Feature", "properties": {"name": "Arli-griz to Vollmer Peak", "step": 919, "lat": 37.90282, "lon": -122.24756, "elevation_m": 308.3, "time": null, "elevation_f": 1011.482972, "step_elevation_m": -2.0, "step_elevation_f": -6.561680000000024, "step_dist_m": 13.14956227930663, "step_dist_f": 43.141609908440365, "step_grade": -0.15209631754415015, "step_turn": 27.793437055432264, "coast_speed_mps": 17.068000160811664, "coast_speed_mph": 38.180028992509946}, "geometry": {"type": "Point", "coordinates": [-122.24756, 37.90282]}}, {"id": "920", "type": "Feature", "properties": {"name": "Arli-griz to Vollmer Peak", "step": 920, "lat": 37.90292, "lon": -122.2475, "elevation_m": 305.1, "time": null, "elevation_f": 1000.9842840000001, "step_elevation_m": -3.1999999999999886, "step_elevation_f": -10.498687999999902, "step_dist_m": 12.302691544015511, "step_dist_f": 40.363162525267846, "step_grade": -0.2601056840733838, "step_turn": 6.927525384975354, "coast_speed_mps": 17.56453388591771, "coast_speed_mph": 39.29074330242862}, "geometry": {"type": "Point", "coordinates": [-122.2475, 37.90292]}}, {"id": "921", "type": "Feature", "properties": {"name": "Arli-griz to Vollmer Peak", "step": 921, "lat": 37.903, "lon": -122.24743, "elevation_m": 303.6, "time": null, "elevation_f": 996.063024, "step_elevation_m": -1.5, "step_elevation_f": -4.921260000000075, "step_dist_m": 10.809815629294361, "step_dist_f": 35.46527550921411, "step_grade": -0.13876277370864987, "step_turn": 9.28763127780536, "coast_speed_mps": 18.062208568481548, "coast_speed_mph": 40.40400986149232}, "geometry": {"type": "Point", "coordinates": [-122.24743, 37.903]}}, {"id": "922", "type": "Feature", "properties": {"name": "Arli-griz to Vollmer Peak", "step": 922, "lat": 37.90317, "lon": -122.24725, "elevation_m": 301.9, "time": null, "elevation_f": 990.4855959999999, "step_elevation_m": -1.7000000000000455, "step_elevation_f": -5.577428000000168, "step_dist_m": 24.63219580656964, "step_dist_f": 80.81429329002594, "step_grade": -0.06901536563567912, "step_turn": 5.255561682162636, "coast_speed_mps": 17.280583162052665, "coast_speed_mph": 38.655563623059784}, "geometry": {"type": "Point", "coordinates": [-122.24725, 37.90317]}}, {"id": "923", "type": "Feature", "properties": {"name": "Arli-griz to Vollmer Peak", "step": 923, "lat": 37.90317, "lon": -122.24725, "elevation_m": 301.9, "time": null, "elevation_f": 990.4855959999999, "step_elevation_m": 0.0, "step_elevation_f": 0.0, "step_dist_m": 0.0, "step_dist_f": 0.0, "step_grade": null, "step_turn": null, "coast_speed_mps": 17.280583162052665, "coast_speed_mph": 38.655563623059784}, "geometry": {"type": "Point", "coordinates": [-122.24725, 37.90317]}}, {"id": "924", "type": "Feature", "properties": {"name": "Arli-griz to Vollmer Peak", "step": 924, "lat": 37.90317, "lon": -122.24725, "elevation_m": 301.9, "time": null, "elevation_f": 990.4855959999999, "step_elevation_m": 0.0, "step_elevation_f": 0.0, "step_dist_m": 0.0, "step_dist_f": 0.0, "step_grade": null, "step_turn": null, "coast_speed_mps": 17.280583162052665, "coast_speed_mph": 38.655563623059784}, "geometry": {"type": "Point", "coordinates": [-122.24725, 37.90317]}}, {"id": "925", "type": "Feature", "properties": {"name": "Arli-griz to Vollmer Peak", "step": 925, "lat": 37.90333, "lon": -122.24715, "elevation_m": 298.5, "time": null, "elevation_f": 979.33074, "step_elevation_m": -3.3999999999999773, "step_elevation_f": -11.154855999999882, "step_dist_m": 19.836996345143618, "step_dist_f": 65.08201108900099, "step_grade": -0.1713969161884907, "step_turn": null, "coast_speed_mps": 17.89170745372182, "coast_speed_mph": 40.02260973005056}, "geometry": {"type": "Point", "coordinates": [-122.24715, 37.90333]}}, {"id": "926", "type": "Feature", "properties": {"name": "Arli-griz to Vollmer Peak", "step": 926, "lat": 37.90352, "lon": -122.24706, "elevation_m": 295.9, "time": null, "elevation_f": 970.8005559999999, "step_elevation_m": -2.6000000000000227, "step_elevation_f": -8.530184000000077, "step_dist_m": 22.554493833729087, "step_dist_f": 73.99768554945173, "step_grade": -0.11527636218161794, "step_turn": 5.756777938615244, "coast_speed_mps": 17.915904955668875, "coast_speed_mph": 40.07673800033298}, "geometry": {"type": "Point", "coordinates": [-122.24706, 37.90352]}}, {"id": "927", "type": "Feature", "properties": {"name": "Arli-griz to Vollmer Peak", "step": 927, "lat": 37.90361, "lon": -122.24706, "elevation_m": 294.4, "time": null, "elevation_f": 965.879296, "step_elevation_m": -1.5, "step_elevation_f": -4.921259999999961, "step_dist_m": 10.007543397970053, "step_dist_f": 32.83314868179607, "step_grade": -0.149886934320391, "step_turn": null, "coast_speed_mps": 17.978241575643334, "coast_speed_mph": 40.21618104787785}, "geometry": {"type": "Point", "coordinates": [-122.24706, 37.90361]}}, {"id": "928", "type": "Feature", "properties": {"name": "Arli-griz to Vollmer Peak", "step": 928, "lat": 37.90368, "lon": -122.24708, "elevation_m": 293.0, "time": null, "elevation_f": 961.28612, "step_elevation_m": -1.3999999999999773, "step_elevation_f": -4.593175999999971, "step_dist_m": 7.978990919663869, "step_dist_f": 26.177792568870007, "step_grade": -0.17546078371260448, "step_turn": null, "coast_speed_mps": 17.807223642541054, "coast_speed_mph": 39.83362482672923}, "geometry": {"type": "Point", "coordinates": [-122.24708, 37.90368]}}, {"id": "929", "type": "Feature", "properties": {"name": "Arli-griz to Vollmer Peak", "step": 929, "lat": 37.90375, "lon": -122.24699, "elevation_m": 293.4, "time": null, "elevation_f": 962.5984559999999, "step_elevation_m": 0.39999999999997726, "step_elevation_f": 1.3123359999999593, "step_dist_m": 11.08774888034837, "step_dist_f": 36.377130036602146, "step_grade": 0.036075853116490274, "step_turn": 58.116407824253315, "coast_speed_mps": 17.16228195220867, "coast_speed_mph": 38.39093135336581}, "geometry": {"type": "Point", "coordinates": [-122.24699, 37.90375]}}, {"id": "930", "type": "Feature", "properties": {"name": "Arli-griz to Vollmer Peak", "step": 930, "lat": 37.90378, "lon": -122.24692, "elevation_m": 293.9, "time": null, "elevation_f": 964.2388759999999, "step_elevation_m": 0.5, "step_elevation_f": 1.6404199999999491, "step_dist_m": 6.989103967575157, "step_dist_f": 22.930131860979277, "step_grade": 0.07153992876907697, "step_turn": 16.079291039191162, "coast_speed_mps": 16.49209747090511, "coast_speed_mph": 36.89177136476623}, "geometry": {"type": "Point", "coordinates": [-122.24692, 37.90378]}}, {"id": "931", "type": "Feature", "properties": {"name": "Arli-griz to Vollmer Peak", "step": 931, "lat": 37.90394, "lon": -122.24696, "elevation_m": 290.6, "time": null, "elevation_f": 953.4121040000001, "step_elevation_m": -3.2999999999999545, "step_elevation_f": -10.826771999999778, "step_dist_m": 18.134028308036843, "step_dist_f": 59.4948454341396, "step_grade": -0.18197831965098585, "step_turn": 72.65017625884724, "coast_speed_mps": 17.40633287075889, "coast_speed_mph": 38.936857710180014}, "geometry": {"type": "Point", "coordinates": [-122.24696, 37.90394]}}, {"id": "932", "type": "Feature", "properties": {"name": "Arli-griz to Vollmer Peak", "step": 932, "lat": 37.904, "lon": -122.24699, "elevation_m": 289.0, "time": null, "elevation_f": 948.16276, "step_elevation_m": -1.6000000000000227, "step_elevation_f": -5.249344000000065, "step_dist_m": 7.172139889479411, "step_dist_f": 23.53064343499963, "step_grade": -0.22308544237222883, "step_turn": 10.371328539029662, "coast_speed_mps": 17.71850810475466, "coast_speed_mph": 39.63517382058573}, "geometry": {"type": "Point", "coordinates": [-122.24699, 37.904]}}, {"id": "933", "type": "Feature", "properties": {"name": "Arli-griz to Vollmer Peak", "step": 933, "lat": 37.90407, "lon": -122.24704, "elevation_m": 287.2, "time": null, "elevation_f": 942.257248, "step_elevation_m": -1.8000000000000114, "step_elevation_f": -5.905512000000044, "step_dist_m": 8.93474833718104, "step_dist_f": 29.313479734557042, "step_grade": -0.20146062676544518, "step_turn": 7.875363696758768, "coast_speed_mps": 17.74321270851464, "coast_speed_mph": 39.690436445317246}, "geometry": {"type": "Point", "coordinates": [-122.24704, 37.90407]}}, {"id": "934", "type": "Feature", "properties": {"name": "Arli-griz to Vollmer Peak", "step": 934, "lat": 37.90411, "lon": -122.2471, "elevation_m": 287.1, "time": null, "elevation_f": 941.929164, "step_elevation_m": -0.0999999999999659, "step_elevation_f": -0.32808399999998983, "step_dist_m": 6.891667579297244, "step_dist_f": 22.61045866086157, "step_grade": -0.014510276192132163, "step_turn": 20.399617997995847, "coast_speed_mps": 17.64534918567288, "coast_speed_mph": 39.471521979404216}, "geometry": {"type": "Point", "coordinates": [-122.2471, 37.90411]}}, {"id": "935", "type": "Feature", "properties": {"name": "Arli-griz to Vollmer Peak", "step": 935, "lat": 37.90414, "lon": -122.24717, "elevation_m": 286.8, "time": null, "elevation_f": 940.944912, "step_elevation_m": -0.30000000000001137, "step_elevation_f": -0.9842519999999695, "step_dist_m": 6.989077565766586, "step_dist_f": 22.930045240869646, "step_grade": -0.042924119410185195, "step_turn": 11.68589682979814, "coast_speed_mps": 17.55044648785731, "coast_speed_mph": 39.2592306904467}, "geometry": {"type": "Point", "coordinates": [-122.24717, 37.90414]}}, {"id": "936", "type": "Feature", "properties": {"name": "Arli-griz to Vollmer Peak", "step": 936, "lat": 37.90417, "lon": -122.24737, "elevation_m": 285.1, "time": null, "elevation_f": 935.3674840000001, "step_elevation_m": -1.6999999999999886, "step_elevation_f": -5.577427999999941, "step_dist_m": 17.861704399815345, "step_dist_f": 58.60139426309018, "step_grade": -0.09517568771418942, "step_turn": 17.745057558406927, "coast_speed_mps": 17.36175155977545, "coast_speed_mph": 38.83713215769379}, "geometry": {"type": "Point", "coordinates": [-122.24737, 37.90417]}}, {"id": "937", "type": "Feature", "properties": {"name": "Arli-griz to Vollmer Peak", "step": 937, "lat": 37.90421, "lon": -122.24752, "elevation_m": 283.6, "time": null, "elevation_f": 930.446224, "step_elevation_m": -1.5, "step_elevation_f": -4.921260000000075, "step_dist_m": 13.891852771343482, "step_dist_f": 45.57694624633455, "step_grade": -0.10797695776723489, "step_turn": 7.9096278937311695, "coast_speed_mps": 17.232446985378704, "coast_speed_mph": 38.54788606249706}, "geometry": {"type": "Point", "coordinates": [-122.24752, 37.90421]}}, {"id": "938", "type": "Feature", "properties": {"name": "Arli-griz to Vollmer Peak", "step": 938, "lat": 37.90429, "lon": -122.24767, "elevation_m": 283.0, "time": null, "elevation_f": 928.47772, "step_elevation_m": -0.6000000000000227, "step_elevation_f": -1.9685040000000527, "step_dist_m": 15.88496104081423, "step_dist_f": 52.11601558114496, "step_grade": -0.03777157516838757, "step_turn": 15.382475799523604, "coast_speed_mps": 16.684335004296884, "coast_speed_mph": 37.3217944799053}, "geometry": {"type": "Point", "coordinates": [-122.24767, 37.90429]}}, {"id": "939", "type": "Feature", "properties": {"name": "Arli-griz to Vollmer Peak", "step": 939, "lat": 37.90431, "lon": -122.24775, "elevation_m": 282.3, "time": null, "elevation_f": 926.181132, "step_elevation_m": -0.6999999999999886, "step_elevation_f": -2.296587999999929, "step_dist_m": 7.362849114225125, "step_dist_f": 24.15632988791436, "step_grade": -0.09507189257044248, "step_turn": 16.47552461267128, "coast_speed_mps": 16.453664186539967, "coast_speed_mph": 36.80579855614699}, "geometry": {"type": "Point", "coordinates": [-122.24775, 37.90431]}}, {"id": "940", "type": "Feature", "properties": {"name": "Arli-griz to Vollmer Peak", "step": 940, "lat": 37.90434, "lon": -122.24803, "elevation_m": 280.1, "time": null, "elevation_f": 918.963284, "step_elevation_m": -2.1999999999999886, "step_elevation_f": -7.217848000000004, "step_dist_m": 24.791809032578406, "step_dist_f": 81.33795874644454, "step_grade": -0.08873898621552843, "step_turn": 9.847446947948356, "coast_speed_mps": 16.195540736286336, "coast_speed_mph": 36.22839284244434}, "geometry": {"type": "Point", "coordinates": [-122.24803, 37.90434]}}, {"id": "941", "type": "Feature", "properties": {"name": "Arli-griz to Vollmer Peak", "step": 941, "lat": 37.90441, "lon": -122.24845, "elevation_m": 280.3, "time": null, "elevation_f": 919.619452, "step_elevation_m": 0.19999999999998863, "step_elevation_f": 0.6561679999999797, "step_dist_m": 37.662602005499195, "step_dist_f": 123.56497116372198, "step_grade": 0.005310307555776051, "step_turn": 4.1943317706254675, "coast_speed_mps": 13.500066488941092, "coast_speed_mph": 30.19878867425975}, "geometry": {"type": "Point", "coordinates": [-122.24845, 37.90441]}}, {"id": "942", "type": "Feature", "properties": {"name": "Arli-griz to Vollmer Peak", "step": 942, "lat": 37.90445, "lon": -122.24934, "elevation_m": 278.2, "time": null, "elevation_f": 912.729688, "step_elevation_m": -2.1000000000000227, "step_elevation_f": -6.889764000000014, "step_dist_m": 78.21238174201626, "step_dist_f": 256.60231051447664, "step_grade": -0.02684996867793744, "step_turn": 8.666933667777982, "coast_speed_mps": 10.481976629430264, "coast_speed_mph": 23.44751393483861}, "geometry": {"type": "Point", "coordinates": [-122.24934, 37.90445]}}, {"id": "943", "type": "Feature", "properties": {"name": "Arli-griz to Vollmer Peak", "step": 943, "lat": 37.90449, "lon": -122.24974, "elevation_m": 277.9, "time": null, "elevation_f": 911.7454359999999, "step_elevation_m": -0.30000000000001137, "step_elevation_f": -0.9842520000000832, "step_dist_m": 35.37545432045278, "step_dist_f": 116.0612055527143, "step_grade": -0.008480456456683935, "step_turn": 3.962764631038283, "coast_speed_mps": 9.039431299515414, "coast_speed_mph": 20.220631933418495}, "geometry": {"type": "Point", "coordinates": [-122.24974, 37.90449]}}, {"id": "944", "type": "Feature", "properties": {"name": "Arli-griz to Vollmer Peak", "step": 944, "lat": 37.90449, "lon": -122.24974, "elevation_m": 277.9, "time": null, "elevation_f": 911.7454359999999, "step_elevation_m": 0.0, "step_elevation_f": 0.0, "step_dist_m": 0.0, "step_dist_f": 0.0, "step_grade": null, "step_turn": null, "coast_speed_mps": 9.039431299515414, "coast_speed_mph": 20.220631933418495}, "geometry": {"type": "Point", "coordinates": [-122.24974, 37.90449]}}, {"id": "945", "type": "Feature", "properties": {"name": "Arli-griz to Vollmer Peak", "step": 945, "lat": 37.90449, "lon": -122.24981, "elevation_m": 277.9, "time": null, "elevation_f": 911.7454359999999, "step_elevation_m": 0.0, "step_elevation_f": 0.0, "step_dist_m": 6.14157557190922, "step_dist_f": 20.149526799342645, "step_grade": 0.0, "step_turn": null, "coast_speed_mps": 8.834675619740223, "coast_speed_mph": 19.7626065223251}, "geometry": {"type": "Point", "coordinates": [-122.24981, 37.90449]}}, {"id": "946", "type": "Feature", "properties": {"name": "Arli-griz to Vollmer Peak", "step": 946, "lat": 37.90444, "lon": -122.25004, "elevation_m": 276.7, "time": null, "elevation_f": 907.8084279999999, "step_elevation_m": -1.1999999999999886, "step_elevation_f": -3.9370079999999916, "step_dist_m": 20.93135845149048, "step_dist_f": 68.67243806198802, "step_grade": -0.05733024938544011, "step_turn": 15.403630704235553, "coast_speed_mps": 9.421606810856655, "coast_speed_mph": 21.075534204672167}, "geometry": {"type": "Point", "coordinates": [-122.25004, 37.90444]}}, {"id": "947", "type": "Feature", "properties": {"name": "Arli-griz to Vollmer Peak", "step": 947, "lat": 37.90442, "lon": -122.25013, "elevation_m": 276.0, "time": null, "elevation_f": 905.51184, "step_elevation_m": -0.6999999999999886, "step_elevation_f": -2.296587999999929, "step_dist_m": 8.20350905857909, "step_dist_f": 26.914400659748623, "step_grade": -0.08532933833576262, "step_turn": 0.32556884793098106, "coast_speed_mps": 9.4713929370226, "coast_speed_mph": 21.186902597133567}, "geometry": {"type": "Point", "coordinates": [-122.25013, 37.90442]}}, {"id": "948", "type": "Feature", "properties": {"name": "Arli-griz to Vollmer Peak", "step": 948, "lat": 37.90442, "lon": -122.2502, "elevation_m": 275.7, "time": null, "elevation_f": 904.5275879999999, "step_elevation_m": -0.30000000000001137, "step_elevation_f": -0.9842520000000832, "step_dist_m": 6.141581414047687, "step_dist_f": 20.149545966464213, "step_grade": -0.04884735376361193, "step_turn": 15.729199552146127, "coast_speed_mps": 9.50633568357929, "coast_speed_mph": 21.265067295050283}, "geometry": {"type": "Point", "coordinates": [-122.2502, 37.90442]}}, {"id": "949", "type": "Feature", "properties": {"name": "Arli-griz to Vollmer Peak", "step": 949, "lat": 37.90444, "lon": -122.25029, "elevation_m": 275.9, "time": null, "elevation_f": 905.1837559999999, "step_elevation_m": 0.19999999999998863, "step_elevation_f": 0.6561679999999797, "step_dist_m": 8.20350905857909, "step_dist_f": 26.914400659748623, "step_grade": 0.02437981095307404, "step_turn": 15.729211839015704, "coast_speed_mps": 9.378246378798423, "coast_speed_mph": 20.978539680561944}, "geometry": {"type": "Point", "coordinates": [-122.25029, 37.90444]}}, {"id": "950", "type": "Feature", "properties": {"name": "Arli-griz to Vollmer Peak", "step": 950, "lat": 37.90447, "lon": -122.25038, "elevation_m": 275.9, "time": null, "elevation_f": 905.1837559999999, "step_elevation_m": 0.0, "step_elevation_f": 0.0, "step_dist_m": 8.572028602917705, "step_dist_f": 28.123454321596522, "step_grade": 0.0, "step_turn": 7.172725619884773, "coast_speed_mps": 8.871461850781401, "coast_speed_mph": 19.84489497758901}, "geometry": {"type": "Point", "coordinates": [-122.25038, 37.90447]}}, {"id": "951", "type": "Feature", "properties": {"name": "Arli-griz to Vollmer Peak", "step": 951, "lat": 37.90452, "lon": -122.25047, "elevation_m": 276.1, "time": null, "elevation_f": 905.8399240000001, "step_elevation_m": 0.20000000000004547, "step_elevation_f": 0.656168000000207, "step_dist_m": 9.657251436741221, "step_dist_f": 31.683896803718067, "step_grade": 0.02070982632171522, "step_turn": 12.247220885555691, "coast_speed_mps": 8.437784614799023, "coast_speed_mph": 18.87478662938219}, "geometry": {"type": "Point", "coordinates": [-122.25047, 37.90452]}}, {"id": "952", "type": "Feature", "properties": {"name": "Arli-griz to Vollmer Peak", "step": 952, "lat": 37.90458, "lon": -122.25055, "elevation_m": 276.1, "time": null, "elevation_f": 905.8399240000001, "step_elevation_m": 0.0, "step_elevation_f": 0.0, "step_dist_m": 9.683853047807197, "step_dist_f": 31.771172433367767, "step_grade": 0.0, "step_turn": 8.39793551648171, "coast_speed_mps": 8.128215141659783, "coast_speed_mph": 18.182299440004865}, "geometry": {"type": "Point", "coordinates": [-122.25055, 37.90458]}}, {"id": "953", "type": "Feature", "properties": {"name": "Arli-griz to Vollmer Peak", "step": 953, "lat": 37.90461, "lon": -122.25058, "elevation_m": 276.0, "time": null, "elevation_f": 905.51184, "step_elevation_m": -0.10000000000002274, "step_elevation_f": -0.3280840000001035, "step_dist_m": 4.2492153705976845, "step_dist_f": 13.940995756471708, "step_grade": -0.023533756535846516, "step_turn": 8.178224436911478, "coast_speed_mps": 8.007454384016533, "coast_speed_mph": 17.912165318576694}, "geometry": {"type": "Point", "coordinates": [-122.25058, 37.90461]}}, {"id": "954", "type": "Feature", "properties": {"name": "Arli-griz to Vollmer Peak", "step": 954, "lat": 37.90466, "lon": -122.2506, "elevation_m": 275.7, "time": null, "elevation_f": 904.5275879999999, "step_elevation_m": -0.30000000000001137, "step_elevation_f": -0.9842520000000832, "step_dist_m": 5.830082773561073, "step_dist_f": 19.12756876681011, "step_grade": -0.05145724540318462, "step_turn": 20.75825337407383, "coast_speed_mps": 7.924640119450127, "coast_speed_mph": 17.726915084668303}, "geometry": {"type": "Point", "coordinates": [-122.2506, 37.90466]}}, {"id": "955", "type": "Feature", "properties": {"name": "Arli-griz to Vollmer Peak", "step": 955, "lat": 37.90471, "lon": -122.25059, "elevation_m": 275.6, "time": null, "elevation_f": 904.199504, "step_elevation_m": -0.0999999999999659, "step_elevation_f": -0.32808399999987614, "step_dist_m": 5.628547743605619, "step_dist_f": 18.46636457913106, "step_grade": -0.017766572223460682, "step_turn": 26.484112815892388, "coast_speed_mps": 7.93218274048567, "coast_speed_mph": 17.74378744739992}, "geometry": {"type": "Point", "coordinates": [-122.25059, 37.90471]}}, {"id": "956", "type": "Feature", "properties": {"name": "Arli-griz to Vollmer Peak", "step": 956, "lat": 37.90509, "lon": -122.25032, "elevation_m": 270.7, "time": null, "elevation_f": 888.123388, "step_elevation_m": -4.900000000000034, "step_elevation_f": -16.07611600000007, "step_dist_m": 48.441366295808365, "step_dist_f": 158.92837219793992, "step_grade": -0.1011532162424583, "step_turn": 20.308407771243708, "coast_speed_mps": 11.210546767545084, "coast_speed_mph": 25.077278918094738}, "geometry": {"type": "Point", "coordinates": [-122.25032, 37.90509]}}, {"id": "957", "type": "Feature", "properties": {"name": "Arli-griz to Vollmer Peak", "step": 957, "lat": 37.90516, "lon": -122.25026, "elevation_m": 270.0, "time": null, "elevation_f": 885.8268, "step_elevation_m": -0.6999999999999886, "step_elevation_f": -2.296587999999929, "step_dist_m": 9.396623390592843, "step_dist_f": 30.828817884792624, "step_grade": -0.07449484468014045, "step_turn": 4.794777239783514, "coast_speed_mps": 11.56109287515767, "coast_speed_mph": 25.861428228251736}, "geometry": {"type": "Point", "coordinates": [-122.25026, 37.90516]}}, {"id": "958", "type": "Feature", "properties": {"name": "Arli-griz to Vollmer Peak", "step": 958, "lat": 37.90557, "lon": -122.24968, "elevation_m": 268.9, "time": null, "elevation_f": 882.2178759999999, "step_elevation_m": -1.1000000000000227, "step_elevation_f": -3.6089240000001155, "step_dist_m": 68.32203623301702, "step_dist_f": 224.15366935473153, "step_grade": -0.016100222719480972, "step_turn": 14.071460894421364, "coast_speed_mps": 8.904875906896413, "coast_speed_mph": 19.91964009237742}, "geometry": {"type": "Point", "coordinates": [-122.24968, 37.90557]}}, {"id": "959", "type": "Feature", "properties": {"name": "Arli-griz to Vollmer Peak", "step": 959, "lat": 37.90567, "lon": -122.24959, "elevation_m": 268.7, "time": null, "elevation_f": 881.561708, "step_elevation_m": -0.19999999999998863, "step_elevation_f": -0.6561679999999797, "step_dist_m": 13.637922741342724, "step_dist_f": 44.743842446706864, "step_grade": -0.014664989954349719, "step_turn": 12.763001765903198, "coast_speed_mps": 8.584063095675816, "coast_speed_mph": 19.202002272002073}, "geometry": {"type": "Point", "coordinates": [-122.24959, 37.90567]}}, {"id": "960", "type": "Feature", "properties": {"name": "Arli-griz to Vollmer Peak", "step": 960, "lat": 37.90573, "lon": -122.24957, "elevation_m": 268.6, "time": null, "elevation_f": 881.2336240000001, "step_elevation_m": -0.0999999999999659, "step_elevation_f": -0.32808399999987614, "step_dist_m": 6.89858818210421, "step_dist_f": 22.633164051374777, "step_grade": -0.014495719611061615, "step_turn": 20.64384423503094, "coast_speed_mps": 8.534314673180415, "coast_speed_mph": 19.090718220249652}, "geometry": {"type": "Point", "coordinates": [-122.24957, 37.90573]}}, {"id": "961", "type": "Feature", "properties": {"name": "Arli-griz to Vollmer Peak", "step": 961, "lat": 37.90583, "lon": -122.24956, "elevation_m": 268.0, "time": null, "elevation_f": 879.26512, "step_elevation_m": -0.6000000000000227, "step_elevation_f": -1.9685040000000527, "step_dist_m": 11.154051489533222, "step_dist_f": 36.59465828892017, "step_grade": -0.053792113167404045, "step_turn": 10.224091804706234, "coast_speed_mps": 8.634625083500103, "coast_speed_mph": 19.315106217564633}, "geometry": {"type": "Point", "coordinates": [-122.24956, 37.90583]}}, {"id": "962", "type": "Feature", "properties": {"name": "Arli-griz to Vollmer Peak", "step": 962, "lat": 37.90592, "lon": -122.24953, "elevation_m": 267.5, "time": null, "elevation_f": 877.6247, "step_elevation_m": -0.5, "step_elevation_f": -1.6404200000000628, "step_dist_m": 10.34788068035104, "step_dist_f": 33.94974085132291, "step_grade": -0.048319072807770154, "step_turn": 10.224055208547611, "coast_speed_mps": 8.822464146751214, "coast_speed_mph": 19.735290235216546}, "geometry": {"type": "Point", "coordinates": [-122.24953, 37.90592]}}, {"id": "963", "type": "Feature", "properties": {"name": "Arli-griz to Vollmer Peak", "step": 963, "lat": 37.90604, "lon": -122.24944, "elevation_m": 267.3, "time": null, "elevation_f": 876.968532, "step_elevation_m": -0.19999999999998863, "step_elevation_f": -0.6561679999999797, "step_dist_m": 15.504686328594564, "step_dist_f": 50.86839509430619, "step_grade": -0.012899325775532655, "step_turn": 15.8800634202546, "coast_speed_mps": 8.41126470734477, "coast_speed_mph": 18.81546328593585}, "geometry": {"type": "Point", "coordinates": [-122.24944, 37.90604]}}, {"id": "964", "type": "Feature", "properties": {"name": "Arli-griz to Vollmer Peak", "step": 964, "lat": 37.90615, "lon": -122.24934, "elevation_m": 267.6, "time": null, "elevation_f": 877.9527840000001, "step_elevation_m": 0.30000000000001137, "step_elevation_f": 0.9842520000000832, "step_dist_m": 15.052649727270254, "step_dist_f": 49.38533533121734, "step_grade": 0.01993004590125511, "step_turn": 5.035923215281741, "coast_speed_mps": 7.990189680345441, "coast_speed_mph": 17.873545276363263}, "geometry": {"type": "Point", "coordinates": [-122.24934, 37.90615]}}, {"id": "965", "type": "Feature", "properties": {"name": "Arli-griz to Vollmer Peak", "step": 965, "lat": 37.90619, "lon": -122.24931, "elevation_m": 267.7, "time": null, "elevation_f": 878.2808679999999, "step_elevation_m": 0.0999999999999659, "step_elevation_f": 0.32808399999987614, "step_dist_m": 5.1682253164310605, "step_dist_f": 16.95612034715968, "step_grade": 0.019349001616094656, "step_turn": 5.035969615996066, "coast_speed_mps": 7.924859999781084, "coast_speed_mph": 17.72740694296053}, "geometry": {"type": "Point", "coordinates": [-122.24931, 37.90619]}}, {"id": "966", "type": "Feature", "properties": {"name": "Arli-griz to Vollmer Peak", "step": 966, "lat": 37.90623, "lon": -122.2493, "elevation_m": 267.5, "time": null, "elevation_f": 877.6247, "step_elevation_m": -0.19999999999998863, "step_elevation_f": -0.6561679999999797, "step_dist_m": 4.533501654473533, "step_dist_f": 14.873693568062947, "step_grade": -0.0441160090462599, "step_turn": 19.4568987082547, "coast_speed_mps": 7.856222244412414, "coast_speed_mph": 17.5738686569712}, "geometry": {"type": "Point", "coordinates": [-122.2493, 37.90623]}}, {"id": "967", "type": "Feature", "properties": {"name": "Arli-griz to Vollmer Peak", "step": 967, "lat": 37.90627, "lon": -122.24931, "elevation_m": 267.0, "time": null, "elevation_f": 875.98428, "step_elevation_m": -0.5, "step_elevation_f": -1.6404199999999491, "step_dist_m": 4.533501562175861, "step_dist_f": 14.87369326524905, "step_grade": -0.11029002486105338, "step_turn": 22.31716930693881, "coast_speed_mps": 7.802475433410708, "coast_speed_mph": 17.453640464859294}, "geometry": {"type": "Point", "coordinates": [-122.24931, 37.90627]}}, {"id": "968", "type": "Feature", "properties": {"name": "Arli-griz to Vollmer Peak", "step": 968, "lat": 37.9063, "lon": -122.24934, "elevation_m": 266.6, "time": null, "elevation_f": 874.671944, "step_elevation_m": -0.39999999999997726, "step_elevation_f": -1.3123359999999593, "step_dist_m": 4.249177928393013, "step_dist_f": 13.940872914588931, "step_grade": -0.09413585562684412, "step_turn": 27.11543862539503, "coast_speed_mps": 7.870431225301515, "coast_speed_mph": 17.60565324199514}, "geometry": {"type": "Point", "coordinates": [-122.24934, 37.9063]}}, {"id": "969", "type": "Feature", "properties": {"name": "Arli-griz to Vollmer Peak", "step": 969, "lat": 37.90632, "lon": -122.24938, "elevation_m": 266.6, "time": null, "elevation_f": 874.671944, "step_elevation_m": 0.0, "step_elevation_f": 0.0, "step_dist_m": 4.154697033645443, "step_dist_f": 13.630896215865317, "step_grade": 0.0, "step_turn": 19.363517248064227, "coast_speed_mps": 8.006242827374882, "coast_speed_mph": 17.909455143555103}, "geometry": {"type": "Point", "coordinates": [-122.24938, 37.90632]}}, {"id": "970", "type": "Feature", "properties": {"name": "Arli-griz to Vollmer Peak", "step": 970, "lat": 37.90631, "lon": -122.24944, "elevation_m": 266.4, "time": null, "elevation_f": 874.015776, "step_elevation_m": -0.20000000000004547, "step_elevation_f": -0.6561680000000933, "step_dist_m": 5.380235928623114, "step_dist_f": 17.651693244063857, "step_grade": -0.037173091041609506, "step_turn": 44.28989389306457, "coast_speed_mps": 8.19411246063296, "coast_speed_mph": 18.329707544365046}, "geometry": {"type": "Point", "coordinates": [-122.24944, 37.90631]}}, {"id": "971", "type": "Feature", "properties": {"name": "Arli-griz to Vollmer Peak", "step": 971, "lat": 37.9062, "lon": -122.24975, "elevation_m": 265.2, "time": null, "elevation_f": 870.078768, "step_elevation_m": -1.1999999999999886, "step_elevation_f": -3.9370079999999916, "step_dist_m": 29.821569043285997, "step_dist_f": 97.83979657997443, "step_grade": -0.040239331413387036, "step_turn": 12.2869953679442, "coast_speed_mps": 8.29811770723316, "coast_speed_mph": 18.562360655049105}, "geometry": {"type": "Point", "coordinates": [-122.24975, 37.9062]}}, {"id": "972", "type": "Feature", "properties": {"name": "Arli-griz to Vollmer Peak", "step": 972, "lat": 37.90617, "lon": -122.24989, "elevation_m": 264.9, "time": null, "elevation_f": 869.0945159999999, "step_elevation_m": -0.30000000000001137, "step_elevation_f": -0.9842520000000832, "step_dist_m": 12.727793683397406, "step_dist_f": 41.757854628237546, "step_grade": -0.02357046377891419, "step_turn": 9.020263337838173, "coast_speed_mps": 8.332807283288757, "coast_speed_mph": 18.639959026683847}, "geometry": {"type": "Point", "coordinates": [-122.24989, 37.90617]}}, {"id": "973", "type": "Feature", "properties": {"name": "Arli-griz to Vollmer Peak", "step": 973, "lat": 37.90617, "lon": -122.25012, "elevation_m": 266.0, "time": null, "elevation_f": 872.70344, "step_elevation_m": 1.1000000000000227, "step_elevation_f": 3.6089240000001155, "step_dist_m": 20.179001890346562, "step_dist_f": 66.20407656192461, "step_grade": 0.05451211145018288, "step_turn": 15.194234146125211, "coast_speed_mps": 6.532149200514863, "coast_speed_mph": 14.61200161174583}, "geometry": {"type": "Point", "coordinates": [-122.25012, 37.90617]}}, {"id": "974", "type": "Feature", "properties": {"name": "Arli-griz to Vollmer Peak", "step": 974, "lat": 37.90616, "lon": -122.25022, "elevation_m": 265.9, "time": null, "elevation_f": 872.3753559999999, "step_elevation_m": -0.10000000000002274, "step_elevation_f": -0.3280840000001035, "step_dist_m": 8.843663091359135, "step_dist_f": 29.014643616654702, "step_grade": -0.011307531615234144, "step_turn": 7.22318611009041, "coast_speed_mps": 6.347818409526827, "coast_speed_mph": 14.199665375641597}, "geometry": {"type": "Point", "coordinates": [-122.25022, 37.90616]}}, {"id": "975", "type": "Feature", "properties": {"name": "Arli-griz to Vollmer Peak", "step": 975, "lat": 37.90611, "lon": -122.25034, "elevation_m": 264.5, "time": null, "elevation_f": 867.78218, "step_elevation_m": -1.3999999999999773, "step_elevation_f": -4.593175999999858, "step_dist_m": 11.906021645551514, "step_dist_f": 39.06175205559123, "step_grade": -0.11758755709326833, "step_turn": 20.61459264922496, "coast_speed_mps": 7.215922843784467, "coast_speed_mph": 16.141559689925867}, "geometry": {"type": "Point", "coordinates": [-122.25034, 37.90611]}}, {"id": "976", "type": "Feature", "properties": {"name": "Arli-griz to Vollmer Peak", "step": 976, "lat": 37.90608, "lon": -122.25044, "elevation_m": 263.8, "time": null, "elevation_f": 865.485592, "step_elevation_m": -0.6999999999999886, "step_elevation_f": -2.2965880000000425, "step_dist_m": 9.386265106656088, "step_dist_f": 30.79483401252156, "step_grade": -0.07457705403010588, "step_turn": 7.019978655875775, "coast_speed_mps": 7.829392289373076, "coast_speed_mph": 17.513851756829517}, "geometry": {"type": "Point", "coordinates": [-122.25044, 37.90608]}}, {"id": "977", "type": "Feature", "properties": {"name": "Arli-griz to Vollmer Peak", "step": 977, "lat": 37.90606, "lon": -122.25058, "elevation_m": 263.3, "time": null, "elevation_f": 863.845172, "step_elevation_m": -0.5, "step_elevation_f": -1.6404199999999491, "step_dist_m": 12.482589788358927, "step_dist_f": 40.953379881239506, "step_grade": -0.04005579038304154, "step_turn": 10.555167565666238, "coast_speed_mps": 8.206141763458769, "coast_speed_mph": 18.356616328424213}, "geometry": {"type": "Point", "coordinates": [-122.25058, 37.90606]}}, {"id": "978", "type": "Feature", "properties": {"name": "Arli-griz to Vollmer Peak", "step": 978, "lat": 37.90604, "lon": -122.25099, "elevation_m": 261.8, "time": null, "elevation_f": 858.9239120000001, "step_elevation_m": -1.5, "step_elevation_f": -4.921259999999961, "step_dist_m": 36.04000271893641, "step_dist_f": 118.24148252039532, "step_grade": -0.04162041861367172, "step_turn": 6.724924467581047, "coast_speed_mps": 8.594503636577437, "coast_speed_mph": 19.22535709685359}, "geometry": {"type": "Point", "coordinates": [-122.25099, 37.90604]}}, {"id": "979", "type": "Feature", "properties": {"name": "Arli-griz to Vollmer Peak", "step": 979, "lat": 37.90607, "lon": -122.25145, "elevation_m": 259.8, "time": null, "elevation_f": 852.3622320000001, "step_elevation_m": -2.0, "step_elevation_f": -6.561680000000024, "step_dist_m": 40.49569657304415, "step_dist_f": 132.85990114470616, "step_grade": -0.04938796388876774, "step_turn": 8.262893672756604, "coast_speed_mps": 9.246110679885842, "coast_speed_mph": 20.68296054018842}, "geometry": {"type": "Point", "coordinates": [-122.25145, 37.90607]}}, {"id": "980", "type": "Feature", "properties": {"name": "Arli-griz to Vollmer Peak", "step": 980, "lat": 37.90616, "lon": -122.25202, "elevation_m": 256.6, "time": null, "elevation_f": 841.863544, "step_elevation_m": -3.1999999999999886, "step_elevation_f": -10.498688000000016, "step_dist_m": 51.00037076960816, "step_dist_f": 167.32405643576124, "step_grade": -0.06274464188615103, "step_turn": 6.591207417399005, "coast_speed_mps": 11.088978979469495, "coast_speed_mph": 24.805339521003674}, "geometry": {"type": "Point", "coordinates": [-122.25202, 37.90616]}}, {"id": "981", "type": "Feature", "properties": {"name": "Arli-griz to Vollmer Peak", "step": 981, "lat": 37.90619, "lon": -122.25218, "elevation_m": 254.8, "time": null, "elevation_f": 835.958032, "step_elevation_m": -1.8000000000000114, "step_elevation_f": -5.905512000000044, "step_dist_m": 14.428483215979666, "step_dist_f": 47.33754487431473, "step_grade": -0.12475323795688352, "step_turn": 2.051245020512681, "coast_speed_mps": 11.374221239092845, "coast_speed_mph": 25.44340828358275}, "geometry": {"type": "Point", "coordinates": [-122.25218, 37.90619]}}, {"id": "982", "type": "Feature", "properties": {"name": "Arli-griz to Vollmer Peak", "step": 982, "lat": 37.90623, "lon": -122.25227, "elevation_m": 254.2, "time": null, "elevation_f": 833.989528, "step_elevation_m": -0.6000000000000227, "step_elevation_f": -1.9685040000000527, "step_dist_m": 9.062655156153454, "step_dist_f": 29.7331215425145, "step_grade": -0.06620576306410915, "step_turn": 16.02437770458863, "coast_speed_mps": 11.738135948676984, "coast_speed_mph": 26.257462304663946}, "geometry": {"type": "Point", "coordinates": [-122.25227, 37.90623]}}, {"id": "983", "type": "Feature", "properties": {"name": "Arli-griz to Vollmer Peak", "step": 983, "lat": 37.90633, "lon": -122.25242, "elevation_m": 253.5, "time": null, "elevation_f": 831.69294, "step_elevation_m": -0.6999999999999886, "step_elevation_f": -2.296587999999929, "step_dist_m": 17.228869770574292, "step_dist_f": 56.52516509809096, "step_grade": -0.04062947885273007, "step_turn": 10.80354582619782, "coast_speed_mps": 10.977431016413849, "coast_speed_mph": 24.555813834139755}, "geometry": {"type": "Point", "coordinates": [-122.25242, 37.90633]}}, {"id": "984", "type": "Feature", "properties": {"name": "Arli-griz to Vollmer Peak", "step": 984, "lat": 37.90642, "lon": -122.2525, "elevation_m": 254.0, "time": null, "elevation_f": 833.33336, "step_elevation_m": 0.5, "step_elevation_f": 1.6404199999999491, "step_dist_m": 12.223500680819257, "step_dist_f": 40.10334997365905, "step_grade": 0.04090481221836759, "step_turn": 14.76059583050619, "coast_speed_mps": 10.117967933160122, "coast_speed_mph": 22.63324967152852}, "geometry": {"type": "Point", "coordinates": [-122.2525, 37.90642]}}, {"id": "985", "type": "Feature", "properties": {"name": "Arli-griz to Vollmer Peak", "step": 985, "lat": 37.90652, "lon": -122.25256, "elevation_m": 255.2, "time": null, "elevation_f": 837.270368, "step_elevation_m": 1.1999999999999886, "step_elevation_f": 3.9370079999999916, "step_dist_m": 12.302581349088097, "step_dist_f": 40.36280099334219, "step_grade": 0.09754050519559751, "step_turn": 9.71050258102565, "coast_speed_mps": 8.796168433444276, "coast_speed_mph": 19.676468399794796}, "geometry": {"type": "Point", "coordinates": [-122.25256, 37.90652]}}, {"id": "986", "type": "Feature", "properties": {"name": "Arli-griz to Vollmer Peak", "step": 986, "lat": 37.90656, "lon": -122.25261, "elevation_m": 255.3, "time": null, "elevation_f": 837.5984520000001, "step_elevation_m": 0.10000000000002274, "step_elevation_f": 0.3280840000001035, "step_dist_m": 6.247094447242041, "step_dist_f": 20.495717346289577, "step_grade": 0.016007441674612523, "step_turn": 19.270593180162336, "coast_speed_mps": 8.02290567025595, "coast_speed_mph": 17.946728861524566}, "geometry": {"type": "Point", "coordinates": [-122.25261, 37.90656]}}, {"id": "987", "type": "Feature", "properties": {"name": "Arli-griz to Vollmer Peak", "step": 987, "lat": 37.90661, "lon": -122.25279, "elevation_m": 253.5, "time": null, "elevation_f": 831.69294, "step_elevation_m": -1.8000000000000114, "step_elevation_f": -5.905512000000044, "step_dist_m": 16.74226735751645, "step_dist_f": 54.92870043723427, "step_grade": -0.10751231966152425, "step_turn": 26.001104066523737, "coast_speed_mps": 9.812950274395332, "coast_speed_mph": 21.9509446009201}, "geometry": {"type": "Point", "coordinates": [-122.25279, 37.90661]}}, {"id": "988", "type": "Feature", "properties": {"name": "Arli-griz to Vollmer Peak", "step": 988, "lat": 37.90662, "lon": -122.2529, "elevation_m": 251.9, "time": null, "elevation_f": 826.443596, "step_elevation_m": -1.5999999999999943, "step_elevation_f": -5.249344000000065, "step_dist_m": 9.714616112996895, "step_dist_f": 31.872101128164733, "step_grade": -0.16470028062760012, "step_turn": 12.822434999645623, "coast_speed_mps": 10.628171031943637, "coast_speed_mph": 23.774541499515983}, "geometry": {"type": "Point", "coordinates": [-122.2529, 37.90662]}}, {"id": "989", "type": "Feature", "properties": {"name": "Arli-griz to Vollmer Peak", "step": 989, "lat": 37.90663, "lon": -122.253, "elevation_m": 250.7, "time": null, "elevation_f": 822.506588, "step_elevation_m": -1.200000000000017, "step_elevation_f": -3.9370079999999916, "step_dist_m": 8.843608679766557, "step_dist_f": 29.01446510092531, "step_grade": -0.13569121423763553, "step_turn": 0.6506231953667907, "coast_speed_mps": 11.430186296591751, "coast_speed_mph": 25.568598551788963}, "geometry": {"type": "Point", "coordinates": [-122.253, 37.90663]}}, {"id": "990", "type": "Feature", "properties": {"name": "Arli-griz to Vollmer Peak", "step": 990, "lat": 37.90662, "lon": -122.25322, "elevation_m": 248.5, "time": null, "elevation_f": 815.28874, "step_elevation_m": -2.1999999999999886, "step_elevation_f": -7.217848000000004, "step_dist_m": 19.333537449116974, "step_dist_f": 63.430243004560936, "step_grade": -0.11379190206603758, "step_turn": 10.520283490089753, "coast_speed_mps": 12.092418243503165, "coast_speed_mph": 27.049969227592946}, "geometry": {"type": "Point", "coordinates": [-122.25322, 37.90662]}}, {"id": "991", "type": "Feature", "properties": {"name": "Arli-griz to Vollmer Peak", "step": 991, "lat": 37.90663, "lon": -122.25333, "elevation_m": 247.9, "time": null, "elevation_f": 813.320236, "step_elevation_m": -0.5999999999999943, "step_elevation_f": -1.968503999999939, "step_dist_m": 9.714614812432385, "step_dist_f": 31.87209686122067, "step_grade": -0.061762613503948474, "step_turn": 9.869661188994371, "coast_speed_mps": 12.246336551285088, "coast_speed_mph": 27.39427467628193}, "geometry": {"type": "Point", "coordinates": [-122.25333, 37.90663]}}, {"id": "992", "type": "Feature", "properties": {"name": "Arli-griz to Vollmer Peak", "step": 992, "lat": 37.90666, "lon": -122.25346, "elevation_m": 247.4, "time": null, "elevation_f": 811.679816, "step_elevation_m": -0.5, "step_elevation_f": -1.6404200000000628, "step_dist_m": 11.883271920528731, "step_dist_f": 38.98711384774748, "step_grade": -0.04207595377298689, "step_turn": 9.730499854604659, "coast_speed_mps": 11.923190449829972, "coast_speed_mph": 26.67141743430109}, "geometry": {"type": "Point", "coordinates": [-122.25346, 37.90666]}}, {"id": "993", "type": "Feature", "properties": {"name": "Arli-griz to Vollmer Peak", "step": 993, "lat": 37.90673, "lon": -122.25358, "elevation_m": 247.5, "time": null, "elevation_f": 812.0079, "step_elevation_m": 0.09999999999999432, "step_elevation_f": 0.32808399999998983, "step_dist_m": 13.09297569174917, "step_dist_f": 42.95595836851835, "step_grade": 0.007637683163424151, "step_turn": 20.173231122468565, "coast_speed_mps": 11.423720092049205, "coast_speed_mph": 25.554134064175894}, "geometry": {"type": "Point", "coordinates": [-122.25358, 37.90673]}}, {"id": "994", "type": "Feature", "properties": {"name": "Arli-griz to Vollmer Peak", "step": 994, "lat": 37.9068, "lon": -122.25366, "elevation_m": 247.4, "time": null, "elevation_f": 811.679816, "step_elevation_m": -0.09999999999999432, "step_elevation_f": -0.32808399999998983, "step_dist_m": 10.48082292558091, "step_dist_f": 34.38590308716287, "step_grade": -0.009541235522252821, "step_turn": 11.481844997141934, "coast_speed_mps": 11.000304363116912, "coast_speed_mph": 24.606980053500582}, "geometry": {"type": "Point", "coordinates": [-122.25366, 37.9068]}}, {"id": "995", "type": "Feature", "properties": {"name": "Arli-griz to Vollmer Peak", "step": 995, "lat": 37.90687, "lon": -122.25372, "elevation_m": 247.1, "time": null, "elevation_f": 810.695564, "step_elevation_m": -0.30000000000001137, "step_elevation_f": -0.9842519999999695, "step_dist_m": 9.396554858822283, "step_dist_f": 30.828593043018497, "step_grade": -0.03192659485389434, "step_turn": 7.971551622693596, "coast_speed_mps": 10.69308537973971, "coast_speed_mph": 23.91975075997606}, "geometry": {"type": "Point", "coordinates": [-122.25372, 37.90687]}}, {"id": "996", "type": "Feature", "properties": {"name": "Arli-griz to Vollmer Peak", "step": 996, "lat": 37.90692, "lon": -122.25373, "elevation_m": 247.1, "time": null, "elevation_f": 810.695564, "step_elevation_m": 0.0, "step_elevation_f": 0.0, "step_dist_m": 5.628543635933977, "step_dist_f": 18.466351102517628, "step_grade": 0.0, "step_turn": 25.10283210463382, "coast_speed_mps": 10.539907341316777, "coast_speed_mph": 23.577101246682098}, "geometry": {"type": "Point", "coordinates": [-122.25373, 37.90692]}}, {"id": "997", "type": "Feature", "properties": {"name": "Arli-griz to Vollmer Peak", "step": 997, "lat": 37.90709, "lon": -122.25374, "elevation_m": 246.3, "time": null, "elevation_f": 808.0708920000001, "step_elevation_m": -0.799999999999983, "step_elevation_f": -2.6246719999999186, "step_dist_m": 18.92348620984215, "step_dist_f": 62.08493049669852, "step_grade": -0.042275508388295864, "step_turn": 6.3101225516805926, "coast_speed_mps": 10.434320380959273, "coast_speed_mph": 23.340909943090686}, "geometry": {"type": "Point", "coordinates": [-122.25374, 37.90709]}}, {"id": "998", "type": "Feature", "properties": {"name": "Arli-griz to Vollmer Peak", "step": 998, "lat": 37.90733, "lon": -122.25365, "elevation_m": 244.8, "time": null, "elevation_f": 803.149632, "step_elevation_m": -1.5, "step_elevation_f": -4.921260000000075, "step_dist_m": 27.830405669206158, "step_dist_f": 91.30710813575833, "step_grade": -0.05389788484685018, "step_turn": 19.13959318794639, "coast_speed_mps": 10.764626458559153, "coast_speed_mph": 24.07978359556}, "geometry": {"type": "Point", "coordinates": [-122.25365, 37.90733]}}, {"id": "999", "type": "Feature", "properties": {"name": "Arli-griz to Vollmer Peak", "step": 999, "lat": 37.90741, "lon": -122.25359, "elevation_m": 244.0, "time": null, "elevation_f": 800.52496, "step_elevation_m": -0.8000000000000114, "step_elevation_f": -2.6246720000000323, "step_dist_m": 10.336406909402314, "step_dist_f": 33.91209724464348, "step_grade": -0.07739633385294717, "step_turn": 14.132792827996184, "coast_speed_mps": 10.935301118999815, "coast_speed_mph": 24.461571937633774}, "geometry": {"type": "Point", "coordinates": [-122.25359, 37.90741]}}, {"id": "1000", "type": "Feature", "properties": {"name": "Arli-griz to Vollmer Peak", "step": 1000, "lat": 37.90749, "lon": -122.25348, "elevation_m": 242.8, "time": null, "elevation_f": 796.5879520000001, "step_elevation_m": -1.1999999999999886, "step_elevation_f": -3.937007999999878, "step_dist_m": 13.125045379695417, "step_dist_f": 43.06117388351991, "step_grade": -0.09142825531532266, "step_turn": 16.716267548968062, "coast_speed_mps": 10.831339785201786, "coast_speed_mph": 24.229017057090584}, "geometry": {"type": "Point", "coordinates": [-122.25348, 37.90749]}}, {"id": "1001", "type": "Feature", "properties": {"name": "Arli-griz to Vollmer Peak", "step": 1001, "lat": 37.9075, "lon": -122.2534, "elevation_m": 243.5, "time": null, "elevation_f": 798.88454, "step_elevation_m": 0.6999999999999886, "step_elevation_f": 2.296587999999929, "step_dist_m": 7.106192759480015, "step_dist_f": 23.314281453012413, "step_grade": 0.09850563074948308, "step_turn": 33.6662255814544, "coast_speed_mps": 10.664112020777573, "coast_speed_mph": 23.854939201810936}, "geometry": {"type": "Point", "coordinates": [-122.2534, 37.9075]}}, {"id": "1002", "type": "Feature", "properties": {"name": "Arli-griz to Vollmer Peak", "step": 1002, "lat": 37.90748, "lon": -122.25321, "elevation_m": 244.8, "time": null, "elevation_f": 803.149632, "step_elevation_m": 1.3000000000000114, "step_elevation_f": 4.2650919999999815, "step_dist_m": 16.817005121723618, "step_dist_f": 55.173903083555714, "step_grade": 0.07730270583795666, "step_turn": 16.601494635708377, "coast_speed_mps": 9.930001029382025, "coast_speed_mph": 22.2127796827622}, "geometry": {"type": "Point", "coordinates": [-122.25321, 37.90748]}}, {"id": "1003", "type": "Feature", "properties": {"name": "Arli-griz to Vollmer Peak", "step": 1003, "lat": 37.90749, "lon": -122.25313, "elevation_m": 244.3, "time": null, "elevation_f": 801.509212, "step_elevation_m": -0.5, "step_elevation_f": -1.6404199999999491, "step_dist_m": 7.106193703818078, "step_dist_f": 23.3142845512345, "step_grade": -0.07036115547080508, "step_turn": 16.60149342943629, "coast_speed_mps": 9.642615756336426, "coast_speed_mph": 21.569917135684538}, "geometry": {"type": "Point", "coordinates": [-122.25313, 37.90749]}}, {"id": "1004", "type": "Feature", "properties": {"name": "Arli-griz to Vollmer Peak", "step": 1004, "lat": 37.90751, "lon": -122.25307, "elevation_m": 243.4, "time": null, "elevation_f": 798.556456, "step_elevation_m": -0.9000000000000057, "step_elevation_f": -2.952756000000022, "step_dist_m": 5.714485070289615, "step_dist_f": 18.74831119800898, "step_grade": -0.1574945054418338, "step_turn": 13.9003615963818, "coast_speed_mps": 9.742392749863507, "coast_speed_mph": 21.79311191361734}, "geometry": {"type": "Point", "coordinates": [-122.25307, 37.90751]}}, {"id": "1005", "type": "Feature", "properties": {"name": "Arli-griz to Vollmer Peak", "step": 1005, "lat": 37.90758, "lon": -122.25298, "elevation_m": 241.1, "time": null, "elevation_f": 791.010524, "step_elevation_m": -2.3000000000000114, "step_elevation_f": -7.545931999999993, "step_dist_m": 11.087456190014336, "step_dist_f": 36.37616976644664, "step_grade": -0.20744163138804136, "step_turn": 21.68673182492421, "coast_speed_mps": 10.962586931414844, "coast_speed_mph": 24.522608561683143}, "geometry": {"type": "Point", "coordinates": [-122.25298, 37.90758]}}, {"id": "1006", "type": "Feature", "properties": {"name": "Arli-griz to Vollmer Peak", "step": 1006, "lat": 37.90762, "lon": -122.25289, "elevation_m": 240.2, "time": null, "elevation_f": 788.057768, "step_elevation_m": -0.9000000000000057, "step_elevation_f": -2.952756000000022, "step_dist_m": 9.062525194340385, "step_dist_f": 29.732695158599707, "step_grade": -0.0993100687391261, "step_turn": 15.19698231466566, "coast_speed_mps": 11.800542670845154, "coast_speed_mph": 26.397062166350082}, "geometry": {"type": "Point", "coordinates": [-122.25289, 37.90762]}}, {"id": "1007", "type": "Feature", "properties": {"name": "Arli-griz to Vollmer Peak", "step": 1007, "lat": 37.90771, "lon": -122.25257, "elevation_m": 238.8, "time": null, "elevation_f": 783.464592, "step_elevation_m": -1.3999999999999773, "step_elevation_f": -4.593175999999971, "step_dist_m": 29.80489880629784, "step_dist_f": 97.7851041996542, "step_grade": -0.046972144045802106, "step_turn": 9.773179761362144, "coast_speed_mps": 11.51284480402668, "coast_speed_mph": 25.753500366917205}, "geometry": {"type": "Point", "coordinates": [-122.25257, 37.90771]}}, {"id": "1008", "type": "Feature", "properties": {"name": "Arli-griz to Vollmer Peak", "step": 1008, "lat": 37.90781, "lon": -122.25241, "elevation_m": 236.9, "time": null, "elevation_f": 777.230996, "step_elevation_m": -1.9000000000000057, "step_elevation_f": -6.233596000000034, "step_dist_m": 17.907760199379645, "step_dist_f": 58.752495972532714, "step_grade": -0.1060992541136342, "step_turn": 18.764870256389713, "coast_speed_mps": 12.253311335696807, "coast_speed_mph": 27.40987682466176}, "geometry": {"type": "Point", "coordinates": [-122.25241, 37.90781]}}, {"id": "1009", "type": "Feature", "properties": {"name": "Arli-griz to Vollmer Peak", "step": 1009, "lat": 37.90804, "lon": -122.25218, "elevation_m": 232.2, "time": null, "elevation_f": 761.8110479999999, "step_elevation_m": -4.700000000000017, "step_elevation_f": -15.41994800000009, "step_dist_m": 32.5767521891433, "step_dist_f": 106.8791116522289, "step_grade": -0.14427466472751585, "step_turn": 13.34242241314547, "coast_speed_mps": 14.229639996602483, "coast_speed_mph": 31.830798131268942}, "geometry": {"type": "Point", "coordinates": [-122.25218, 37.90804]}}, {"id": "1010", "type": "Feature", "properties": {"name": "Arli-griz to Vollmer Peak", "step": 1010, "lat": 37.90815, "lon": -122.25208, "elevation_m": 230.7, "time": null, "elevation_f": 756.889788, "step_elevation_m": -1.5, "step_elevation_f": -4.921259999999961, "step_dist_m": 15.052510736775709, "step_dist_f": 49.38487932564322, "step_grade": -0.09965114964743113, "step_turn": 2.622619524068682, "coast_speed_mps": 13.62510021029385, "coast_speed_mph": 30.47848114328435}, "geometry": {"type": "Point", "coordinates": [-122.25208, 37.90815]}}, {"id": "1011", "type": "Feature", "properties": {"name": "Arli-griz to Vollmer Peak", "step": 1011, "lat": 37.90823, "lon": -122.252, "elevation_m": 231.4, "time": null, "elevation_f": 759.186376, "step_elevation_m": 0.700000000000017, "step_elevation_f": 2.2965880000000425, "step_dist_m": 11.331028583149843, "step_dist_f": 37.17529181674133, "step_grade": 0.06177726892693341, "step_turn": 2.6225652595724114, "coast_speed_mps": 13.157005393966385, "coast_speed_mph": 29.4313828605189}, "geometry": {"type": "Point", "coordinates": [-122.252, 37.90823]}}, {"id": "1012", "type": "Feature", "properties": {"name": "Arli-griz to Vollmer Peak", "step": 1012, "lat": 37.90823, "lon": -122.252, "elevation_m": 231.4, "time": null, "elevation_f": 759.186376, "step_elevation_m": 0.0, "step_elevation_f": 0.0, "step_dist_m": 0.0, "step_dist_f": 0.0, "step_grade": null, "step_turn": null, "coast_speed_mps": 13.157005393966385, "coast_speed_mph": 29.4313828605189}, "geometry": {"type": "Point", "coordinates": [-122.252, 37.90823]}}, {"id": "1013", "type": "Feature", "properties": {"name": "Arli-griz to Vollmer Peak", "step": 1013, "lat": 37.90825, "lon": -122.25199, "elevation_m": 231.5, "time": null, "elevation_f": 759.51446, "step_elevation_m": 0.09999999999999432, "step_elevation_f": 0.32808399999998983, "step_dist_m": 2.3906946114493692, "step_dist_f": 7.8434865090275485, "step_grade": 0.04182884736556497, "step_turn": null, "coast_speed_mps": 13.06428632215359, "coast_speed_mph": 29.223976203815266}, "geometry": {"type": "Point", "coordinates": [-122.25199, 37.90825]}}, {"id": "1014", "type": "Feature", "properties": {"name": "Arli-griz to Vollmer Peak", "step": 1014, "lat": 37.90828, "lon": -122.25203, "elevation_m": 231.6, "time": null, "elevation_f": 759.842544, "step_elevation_m": 0.09999999999999432, "step_elevation_f": 0.32808399999998983, "step_dist_m": 4.841798103980698, "step_dist_f": 15.885164891464031, "step_grade": 0.020653484067784455, "step_turn": 67.98057787033827, "coast_speed_mps": 12.712593009476969, "coast_speed_mph": 28.437260669016094}, "geometry": {"type": "Point", "coordinates": [-122.25203, 37.90828]}}, {"id": "1015", "type": "Feature", "properties": {"name": "Arli-griz to Vollmer Peak", "step": 1015, "lat": 37.90828, "lon": -122.25207, "elevation_m": 231.5, "time": null, "elevation_f": 759.51446, "step_elevation_m": -0.09999999999999432, "step_elevation_f": -0.32808399999998983, "step_dist_m": 3.5092909973521085, "step_dist_f": 11.513422275752692, "step_grade": -0.028495784497623043, "step_turn": 43.54853529243513, "coast_speed_mps": 12.460557325924265, "coast_speed_mph": 27.873472901584314}, "geometry": {"type": "Point", "coordinates": [-122.25207, 37.90828]}}, {"id": "1016", "type": "Feature", "properties": {"name": "Arli-griz to Vollmer Peak", "step": 1016, "lat": 37.90828, "lon": -122.25213, "elevation_m": 231.4, "time": null, "elevation_f": 759.186376, "step_elevation_m": -0.09999999999999432, "step_elevation_f": -0.32808399999998983, "step_dist_m": 5.26393649937656, "step_dist_f": 17.270133424614592, "step_grade": -0.01899718965299789, "step_turn": 6.143738403352472e-06, "coast_speed_mps": 12.334222378994241, "coast_speed_mph": 27.590869673841777}, "geometry": {"type": "Point", "coordinates": [-122.25213, 37.90828]}}, {"id": "1017", "type": "Feature", "properties": {"name": "Arli-griz to Vollmer Peak", "step": 1017, "lat": 37.90823, "lon": -122.25227, "elevation_m": 230.4, "time": null, "elevation_f": 755.905536, "step_elevation_m": -1.0, "step_elevation_f": -3.280840000000012, "step_dist_m": 13.482252868170837, "step_dist_f": 44.23311450000961, "step_grade": -0.0741715802082914, "step_turn": 24.354102334213167, "coast_speed_mps": 12.333941699055535, "coast_speed_mph": 27.59024181070043}, "geometry": {"type": "Point", "coordinates": [-122.25227, 37.90823]}}, {"id": "1018", "type": "Feature", "properties": {"name": "Arli-griz to Vollmer Peak", "step": 1018, "lat": 37.90821, "lon": -122.25236, "elevation_m": 229.8, "time": null, "elevation_f": 753.937032, "step_elevation_m": -0.5999999999999943, "step_elevation_f": -1.968503999999939, "step_dist_m": 8.203117587751477, "step_dist_f": 26.913116306598553, "step_grade": -0.0731429232339528, "step_turn": 8.624135764456156, "coast_speed_mps": 12.38793832325686, "coast_speed_mph": 27.711028819024797}, "geometry": {"type": "Point", "coordinates": [-122.25236, 37.90821]}}, {"id": "1019", "type": "Feature", "properties": {"name": "Arli-griz to Vollmer Peak", "step": 1019, "lat": 37.90821, "lon": -122.25248, "elevation_m": 229.1, "time": null, "elevation_f": 751.640444, "step_elevation_m": -0.700000000000017, "step_elevation_f": -2.2965880000000425, "step_dist_m": 10.527883014697927, "step_dist_f": 34.54029970994155, "step_grade": -0.0664901005285441, "step_turn": 15.72998500286198, "coast_speed_mps": 12.320571004037113, "coast_speed_mph": 27.560332417763732}, "geometry": {"type": "Point", "coordinates": [-122.25248, 37.90821]}}, {"id": "1020", "type": "Feature", "properties": {"name": "Arli-griz to Vollmer Peak", "step": 1020, "lat": 37.90824, "lon": -122.25261, "elevation_m": 228.7, "time": null, "elevation_f": 750.3281079999999, "step_elevation_m": -0.4000000000000057, "step_elevation_f": -1.312336000000073, "step_dist_m": 11.883036861530721, "step_dist_f": 38.98634265678445, "step_grade": -0.03366142886377274, "step_turn": 16.303393767539774, "coast_speed_mps": 12.188321559670488, "coast_speed_mph": 27.264498836056}, "geometry": {"type": "Point", "coordinates": [-122.25261, 37.90824]}}, {"id": "1021", "type": "Feature", "properties": {"name": "Arli-griz to Vollmer Peak", "step": 1021, "lat": 37.90835, "lon": -122.25288, "elevation_m": 230.1, "time": null, "elevation_f": 754.921284, "step_elevation_m": 1.4000000000000057, "step_elevation_f": 4.593176000000085, "step_dist_m": 26.659252596683768, "step_dist_f": 87.46474228930397, "step_grade": 0.05251460050962405, "step_turn": 11.0067808182053, "coast_speed_mps": 9.421059778769486, "coast_speed_mph": 21.074310528743457}, "geometry": {"type": "Point", "coordinates": [-122.25288, 37.90835]}}, {"id": "1022", "type": "Feature", "properties": {"name": "Arli-griz to Vollmer Peak", "step": 1022, "lat": 37.90842, "lon": -122.25312, "elevation_m": 230.5, "time": null, "elevation_f": 756.23362, "step_elevation_m": 0.4000000000000057, "step_elevation_f": 1.3123359999999593, "step_dist_m": 22.44834740808874, "step_dist_f": 73.64943611035386, "step_grade": 0.017818683608570446, "step_turn": 7.02234846693716, "coast_speed_mps": 8.652835779733826, "coast_speed_mph": 19.355842384873426}, "geometry": {"type": "Point", "coordinates": [-122.25312, 37.90842]}}, {"id": "1023", "type": "Feature", "properties": {"name": "Arli-griz to Vollmer Peak", "step": 1023, "lat": 37.90843, "lon": -122.25326, "elevation_m": 229.8, "time": null, "elevation_f": 753.937032, "step_elevation_m": -0.6999999999999886, "step_elevation_f": -2.296587999999929, "step_dist_m": 12.332724645479786, "step_dist_f": 40.4616963258759, "step_grade": -0.05675955801515069, "step_turn": 15.11486440589232, "coast_speed_mps": 8.435358258526351, "coast_speed_mph": 18.869359024978397}, "geometry": {"type": "Point", "coordinates": [-122.25326, 37.90843]}}, {"id": "1024", "type": "Feature", "properties": {"name": "Arli-griz to Vollmer Peak", "step": 1024, "lat": 37.90845, "lon": -122.25338, "elevation_m": 229.2, "time": null, "elevation_f": 751.968528, "step_elevation_m": -0.6000000000000227, "step_elevation_f": -1.9685040000000527, "step_dist_m": 10.760174372262437, "step_dist_f": 35.302410487493496, "step_grade": -0.05576117814100689, "step_turn": 6.754822788012234, "coast_speed_mps": 8.721763605703318, "coast_speed_mph": 19.510029540316992}, "geometry": {"type": "Point", "coordinates": [-122.25338, 37.90845]}}, {"id": "1025", "type": "Feature", "properties": {"name": "Arli-griz to Vollmer Peak", "step": 1025, "lat": 37.90848, "lon": -122.25349, "elevation_m": 228.6, "time": null, "elevation_f": 750.0000239999999, "step_elevation_m": -0.5999999999999943, "step_elevation_f": -1.9685040000000527, "step_dist_m": 10.210804683257724, "step_dist_f": 33.50001643701927, "step_grade": -0.05876128460118251, "step_turn": 7.140682099390347, "coast_speed_mps": 8.969172712683118, "coast_speed_mph": 20.063467950704876}, "geometry": {"type": "Point", "coordinates": [-122.25349, 37.90848]}}, {"id": "1026", "type": "Feature", "properties": {"name": "Arli-griz to Vollmer Peak", "step": 1026, "lat": 37.90853, "lon": -122.25359, "elevation_m": 228.0, "time": null, "elevation_f": 748.03152, "step_elevation_m": -0.5999999999999943, "step_elevation_f": -1.968503999999939, "step_dist_m": 10.386521518010513, "step_dist_f": 34.07651525714961, "step_grade": -0.057767174405750556, "step_turn": 13.294750193090806, "coast_speed_mps": 9.286286484759584, "coast_speed_mph": 20.772831256172992}, "geometry": {"type": "Point", "coordinates": [-122.25359, 37.90853]}}, {"id": "1027", "type": "Feature", "properties": {"name": "Arli-griz to Vollmer Peak", "step": 1027, "lat": 37.9086, "lon": -122.25366, "elevation_m": 227.2, "time": null, "elevation_f": 745.406848, "step_elevation_m": -0.8000000000000114, "step_elevation_f": -2.6246720000000323, "step_dist_m": 9.914630621935805, "step_dist_f": 32.528316729671864, "step_grade": -0.08068883557094268, "step_turn": 19.363601669405114, "coast_speed_mps": 9.883534239428034, "coast_speed_mph": 22.108836433938848}, "geometry": {"type": "Point", "coordinates": [-122.25366, 37.9086]}}, {"id": "1028", "type": "Feature", "properties": {"name": "Arli-griz to Vollmer Peak", "step": 1028, "lat": 37.90866, "lon": -122.25372, "elevation_m": 226.0, "time": null, "elevation_f": 741.46984, "step_elevation_m": -1.1999999999999886, "step_elevation_f": -3.9370079999999916, "step_dist_m": 8.498251938313908, "step_dist_f": 27.8814048892978, "step_grade": -0.14120551011083277, "step_turn": 2.15307600228698e-05, "coast_speed_mps": 10.516769667763548, "coast_speed_mph": 23.525343744997173}, "geometry": {"type": "Point", "coordinates": [-122.25372, 37.90866]}}, {"id": "1029", "type": "Feature", "properties": {"name": "Arli-griz to Vollmer Peak", "step": 1029, "lat": 37.90869, "lon": -122.25376, "elevation_m": 225.3, "time": null, "elevation_f": 739.173252, "step_elevation_m": -0.6999999999999886, "step_elevation_f": -2.296587999999929, "step_dist_m": 4.8417839311700055, "step_dist_f": 15.8851183927398, "step_grade": -0.14457481167087835, "step_turn": 8.178169842865657, "coast_speed_mps": 10.86009626155879, "coast_speed_mph": 24.29334346268517}, "geometry": {"type": "Point", "coordinates": [-122.25376, 37.90869]}}, {"id": "1030", "type": "Feature", "properties": {"name": "Arli-griz to Vollmer Peak", "step": 1030, "lat": 37.90871, "lon": -122.25383, "elevation_m": 224.4, "time": null, "elevation_f": 736.220496, "step_elevation_m": -0.9000000000000057, "step_elevation_f": -2.952756000000022, "step_dist_m": 6.531489819655686, "step_dist_f": 21.428773059919163, "step_grade": -0.13779398343262672, "step_turn": 23.642033891095423, "coast_speed_mps": 11.387387625042845, "coast_speed_mph": 25.4728606501495}, "geometry": {"type": "Point", "coordinates": [-122.25383, 37.90871]}}, {"id": "1031", "type": "Feature", "properties": {"name": "Arli-griz to Vollmer Peak", "step": 1031, "lat": 37.9087, "lon": -122.25388, "elevation_m": 223.7, "time": null, "elevation_f": 733.923908, "step_elevation_m": -0.700000000000017, "step_elevation_f": -2.2965880000000425, "step_dist_m": 4.525327507769514, "step_dist_f": 14.846875500590533, "step_grade": -0.15468493690195687, "step_turn": 34.13085965409644, "coast_speed_mps": 11.724276602173335, "coast_speed_mph": 26.226459829485776}, "geometry": {"type": "Point", "coordinates": [-122.25388, 37.9087]}}, {"id": "1032", "type": "Feature", "properties": {"name": "Arli-griz to Vollmer Peak", "step": 1032, "lat": 37.90868, "lon": -122.25395, "elevation_m": 222.8, "time": null, "elevation_f": 730.9711520000001, "step_elevation_m": -0.8999999999999773, "step_elevation_f": -2.9527559999999085, "step_dist_m": 6.531490604453494, "step_dist_f": 21.4287756347152, "step_grade": -0.137793966875848, "step_turn": 5.6824410941007955, "coast_speed_mps": 12.176520720492176, "coast_speed_mph": 27.238101110621336}, "geometry": {"type": "Point", "coordinates": [-122.25395, 37.90868]}}, {"id": "1033", "type": "Feature", "properties": {"name": "Arli-griz to Vollmer Peak", "step": 1033, "lat": 37.90856, "lon": -122.25408, "elevation_m": 220.0, "time": null, "elevation_f": 721.7848, "step_elevation_m": -2.8000000000000114, "step_elevation_f": -9.186352000000056, "step_dist_m": 17.5534434370989, "step_dist_f": 57.59003936617155, "step_grade": -0.15951286196543407, "step_turn": 29.57146495906531, "coast_speed_mps": 12.941333796809417, "coast_speed_mph": 28.948939237673144}, "geometry": {"type": "Point", "coordinates": [-122.25408, 37.90856]}}, {"id": "1034", "type": "Feature", "properties": {"name": "Arli-griz to Vollmer Peak", "step": 1034, "lat": 37.9085, "lon": -122.25416, "elevation_m": 219.6, "time": null, "elevation_f": 720.472464, "step_elevation_m": -0.4000000000000057, "step_elevation_f": -1.312336000000073, "step_dist_m": 9.683577885271006, "step_dist_f": 31.77026966911253, "step_grade": -0.041307046294161265, "step_turn": 5.929478810332796, "coast_speed_mps": 12.9497687011337, "coast_speed_mph": 28.967807581276137}, "geometry": {"type": "Point", "coordinates": [-122.25416, 37.9085]}}, {"id": "1035", "type": "Feature", "properties": {"name": "Arli-griz to Vollmer Peak", "step": 1035, "lat": 37.90847, "lon": -122.25425, "elevation_m": 220.3, "time": null, "elevation_f": 722.769052, "step_elevation_m": 0.700000000000017, "step_elevation_f": 2.2965880000000425, "step_dist_m": 8.571630236884545, "step_dist_f": 28.122147346380288, "step_grade": 0.08166474528822418, "step_turn": 20.645585180912747, "coast_speed_mps": 12.190674988691676, "coast_speed_mph": 27.26976330684427}, "geometry": {"type": "Point", "coordinates": [-122.25425, 37.90847]}}, {"id": "1036", "type": "Feature", "properties": {"name": "Arli-griz to Vollmer Peak", "step": 1036, "lat": 37.90844, "lon": -122.25434, "elevation_m": 221.2, "time": null, "elevation_f": 725.721808, "step_elevation_m": 0.8999999999999773, "step_elevation_f": 2.952756000000022, "step_dist_m": 8.571633202782465, "step_dist_f": 28.122157077016823, "step_grade": 0.10499749332575564, "step_turn": 8.37490378557959e-06, "coast_speed_mps": 10.806837980072528, "coast_speed_mph": 24.1742080799761}, "geometry": {"type": "Point", "coordinates": [-122.25434, 37.90844]}}, {"id": "1037", "type": "Feature", "properties": {"name": "Arli-griz to Vollmer Peak", "step": 1037, "lat": 37.90843, "lon": -122.25443, "elevation_m": 222.8, "time": null, "elevation_f": 730.9711520000001, "step_elevation_m": 1.6000000000000227, "step_elevation_f": 5.249344000000065, "step_dist_m": 7.973799613935096, "step_dist_f": 26.160760725382822, "step_grade": 0.20065716188852376, "step_turn": 14.887005370160779, "coast_speed_mps": 8.924297246980196, "coast_speed_mph": 19.963084392851165}, "geometry": {"type": "Point", "coordinates": [-122.25443, 37.90843]}}, {"id": "1038", "type": "Feature", "properties": {"name": "Arli-griz to Vollmer Peak", "step": 1038, "lat": 37.90846, "lon": -122.25452, "elevation_m": 225.0, "time": null, "elevation_f": 738.189, "step_elevation_m": 2.1999999999999886, "step_elevation_f": 7.21784799999989, "step_dist_m": 8.571634193103986, "step_dist_f": 28.12216032610328, "step_grade": 0.2566605095875327, "step_turn": 30.9190875608881, "coast_speed_mps": 6.296705728608259, "coast_speed_mph": 14.085329564710657}, "geometry": {"type": "Point", "coordinates": [-122.25452, 37.90846]}}, {"id": "1039", "type": "Feature", "properties": {"name": "Arli-griz to Vollmer Peak", "step": 1039, "lat": 37.90853, "lon": -122.25465, "elevation_m": 227.3, "time": null, "elevation_f": 745.7349320000001, "step_elevation_m": 2.3000000000000114, "step_elevation_f": 7.545932000000107, "step_dist_m": 13.808072174250329, "step_dist_f": 45.30207551216745, "step_grade": 0.1665692336319848, "step_turn": 11.409206548837687, "coast_speed_mps": 0.0, "coast_speed_mph": 0.0}, "geometry": {"type": "Point", "coordinates": [-122.25465, 37.90853]}}, {"id": "1040", "type": "Feature", "properties": {"name": "Arli-griz to Vollmer Peak", "step": 1040, "lat": 37.90859, "lon": -122.2547, "elevation_m": 228.0, "time": null, "elevation_f": 748.03152, "step_elevation_m": 0.6999999999999886, "step_elevation_f": 2.296587999999929, "step_dist_m": 7.984594911901204, "step_dist_f": 26.196178370761945, "step_grade": 0.08766881823354923, "step_turn": 22.36307295278459, "coast_speed_mps": 0.0, "coast_speed_mph": 0.0}, "geometry": {"type": "Point", "coordinates": [-122.2547, 37.90859]}}, {"id": "1041", "type": "Feature", "properties": {"name": "Arli-griz to Vollmer Peak", "step": 1041, "lat": 37.90864, "lon": -122.25473, "elevation_m": 228.3, "time": null, "elevation_f": 749.0157720000001, "step_elevation_m": 0.30000000000001137, "step_elevation_f": 0.9842520000000832, "step_dist_m": 6.151257843809885, "step_dist_f": 20.181292784285223, "step_grade": 0.04877051289630241, "step_turn": 7.9920151678107345, "coast_speed_mps": 0.0, "coast_speed_mph": 0.0}, "geometry": {"type": "Point", "coordinates": [-122.25473, 37.90864]}}, {"id": "1042", "type": "Feature", "properties": {"name": "Arli-griz to Vollmer Peak", "step": 1042, "lat": 37.90876, "lon": -122.25478, "elevation_m": 228.4, "time": null, "elevation_f": 749.343856, "step_elevation_m": 0.09999999999999432, "step_elevation_f": 0.32808399999987614, "step_dist_m": 14.045933545083907, "step_dist_f": 46.08246061205308, "step_grade": 0.0071194983002745614, "step_turn": 7.134566525402249, "coast_speed_mps": 3.3914593579617303, "coast_speed_mph": 7.586478520852109}, "geometry": {"type": "Point", "coordinates": [-122.25478, 37.90876]}}, {"id": "1043", "type": "Feature", "properties": {"name": "Arli-griz to Vollmer Peak", "step": 1043, "lat": 37.9088, "lon": -122.2548, "elevation_m": 228.5, "time": null, "elevation_f": 749.67194, "step_elevation_m": 0.09999999999999432, "step_elevation_f": 0.32808399999998983, "step_dist_m": 4.781384498599791, "step_dist_f": 15.686957518386137, "step_grade": 0.020914444347506233, "step_turn": 3.3309127570145165, "coast_speed_mps": 4.97012386995496, "coast_speed_mph": 11.117850460708112}, "geometry": {"type": "Point", "coordinates": [-122.2548, 37.9088]}}, {"id": "1044", "type": "Feature", "properties": {"name": "Arli-griz to Vollmer Peak", "step": 1044, "lat": 37.90881, "lon": -122.25484, "elevation_m": 227.6, "time": null, "elevation_f": 746.7191839999999, "step_elevation_m": -0.9000000000000057, "step_elevation_f": -2.952756000000022, "step_dist_m": 3.6812197362251244, "step_dist_f": 12.077492959396837, "step_grade": -0.24448418309386308, "step_turn": 50.88963472543179, "coast_speed_mps": 5.875342958883817, "coast_speed_mph": 13.14276789299349}, "geometry": {"type": "Point", "coordinates": [-122.25484, 37.90881]}}, {"id": "1045", "type": "Feature", "properties": {"name": "Arli-griz to Vollmer Peak", "step": 1045, "lat": 37.90881, "lon": -122.25488, "elevation_m": 226.4, "time": null, "elevation_f": 742.782176, "step_elevation_m": -1.1999999999999886, "step_elevation_f": -3.937007999999878, "step_dist_m": 3.5092657210761775, "step_dist_f": 11.513339348335567, "step_grade": -0.34195187693908446, "step_turn": 17.581374138692524, "coast_speed_mps": 6.975707654813171, "coast_speed_mph": 15.604213615813267}, "geometry": {"type": "Point", "coordinates": [-122.25488, 37.90881]}}, {"id": "1046", "type": "Feature", "properties": {"name": "Arli-griz to Vollmer Peak", "step": 1046, "lat": 37.9088, "lon": -122.25494, "elevation_m": 223.5, "time": null, "elevation_f": 733.26774, "step_elevation_m": -2.9000000000000057, "step_elevation_f": -9.514436000000046, "step_dist_m": 5.380061634542668, "step_dist_f": 17.651121413072964, "step_grade": -0.5390272820260209, "step_turn": 11.927835840415014, "coast_speed_mps": 9.189529249067384, "coast_speed_mph": 20.556391484134245}, "geometry": {"type": "Point", "coordinates": [-122.25494, 37.9088]}}, {"id": "1047", "type": "Feature", "properties": {"name": "Arli-griz to Vollmer Peak", "step": 1047, "lat": 37.90877, "lon": -122.255, "elevation_m": 219.8, "time": null, "elevation_f": 721.128632, "step_elevation_m": -3.6999999999999886, "step_elevation_f": -12.139107999999965, "step_dist_m": 6.2318959916517915, "step_dist_f": 20.445853645250864, "step_grade": -0.593719793295088, "step_turn": 20.435479534693286, "coast_speed_mps": 11.949882350698868, "coast_speed_mph": 26.73112551605864}, "geometry": {"type": "Point", "coordinates": [-122.255, 37.90877]}}, {"id": "1048", "type": "Feature", "properties": {"name": "Arli-griz to Vollmer Peak", "step": 1048, "lat": 37.90847, "lon": -122.25528, "elevation_m": 221.0, "time": null, "elevation_f": 725.06564, "step_elevation_m": 1.1999999999999886, "step_elevation_f": 3.9370079999999916, "step_dist_m": 41.42732817220779, "step_dist_f": 135.9164353605062, "step_grade": 0.028966386512105036, "step_turn": 21.268969028577715, "coast_speed_mps": 7.774996333800107, "coast_speed_mph": 17.392171469667364}, "geometry": {"type": "Point", "coordinates": [-122.25528, 37.90847]}}, {"id": "1049", "type": "Feature", "properties": {"name": "Arli-griz to Vollmer Peak", "step": 1049, "lat": 37.90841, "lon": -122.25535, "elevation_m": 221.9, "time": null, "elevation_f": 728.018396, "step_elevation_m": 0.9000000000000057, "step_elevation_f": 2.952756000000022, "step_dist_m": 9.06787865528072, "step_dist_f": 29.7502590073912, "step_grade": 0.09925143842500435, "step_turn": 6.261629272446953, "coast_speed_mps": 6.925520601925825, "coast_speed_mph": 15.49194837581831}, "geometry": {"type": "Point", "coordinates": [-122.25535, 37.90841]}}, {"id": "1050", "type": "Feature", "properties": {"name": "Arli-griz to Vollmer Peak", "step": 1050, "lat": 37.90835, "lon": -122.25542, "elevation_m": 222.2, "time": null, "elevation_f": 729.0026479999999, "step_elevation_m": 0.29999999999998295, "step_elevation_f": 0.9842519999998558, "step_dist_m": 9.067882046486353, "step_dist_f": 29.750270133394288, "step_grade": 0.03308380043565164, "step_turn": 2.3268066058790282e-05, "coast_speed_mps": 5.899403381386667, "coast_speed_mph": 13.196589525292278}, "geometry": {"type": "Point", "coordinates": [-122.25542, 37.90835]}}, {"id": "1051", "type": "Feature", "properties": {"name": "Arli-griz to Vollmer Peak", "step": 1051, "lat": 37.90832, "lon": -122.2555, "elevation_m": 222.3, "time": null, "elevation_f": 729.330732, "step_elevation_m": 0.10000000000002274, "step_elevation_f": 0.3280840000001035, "step_dist_m": 7.770990936576484, "step_dist_f": 25.495377904357593, "step_grade": 0.012868371719408776, "step_turn": 21.94944746581399, "coast_speed_mps": 5.357078591208543, "coast_speed_mph": 11.983443520062046}, "geometry": {"type": "Point", "coordinates": [-122.2555, 37.90832]}}, {"id": "1052", "type": "Feature", "properties": {"name": "Arli-griz to Vollmer Peak", "step": 1052, "lat": 37.90832, "lon": -122.25558, "elevation_m": 222.6, "time": null, "elevation_f": 730.314984, "step_elevation_m": 0.29999999999998295, "step_elevation_f": 0.9842519999999695, "step_dist_m": 7.018578183565721, "step_dist_f": 23.02683204776976, "step_grade": 0.04274369995655884, "step_turn": 25.42119668476073, "coast_speed_mps": 4.846566142167614, "coast_speed_mph": 10.84145969525682}, "geometry": {"type": "Point", "coordinates": [-122.25558, 37.90832]}}, {"id": "1053", "type": "Feature", "properties": {"name": "Arli-griz to Vollmer Peak", "step": 1053, "lat": 37.90832, "lon": -122.25566, "elevation_m": 222.5, "time": null, "elevation_f": 729.9869, "step_elevation_m": -0.09999999999999432, "step_elevation_f": -0.32808399999998983, "step_dist_m": 7.018578183565721, "step_dist_f": 23.02683204776976, "step_grade": -0.014247899985519615, "step_turn": 0.0, "coast_speed_mps": 4.961509959141207, "coast_speed_mph": 11.098581690992308}, "geometry": {"type": "Point", "coordinates": [-122.25566, 37.90832]}}, {"id": "1054", "type": "Feature", "properties": {"name": "Arli-griz to Vollmer Peak", "step": 1054, "lat": 37.90831, "lon": -122.25578, "elevation_m": 221.4, "time": null, "elevation_f": 726.377976, "step_elevation_m": -1.0999999999999943, "step_elevation_f": -3.608924000000002, "step_dist_m": 10.58642694950577, "step_dist_f": 34.73237299301651, "step_grade": -0.10390663490587333, "step_turn": 6.02919206740188, "coast_speed_mps": 6.8704887049766885, "coast_speed_mph": 15.368845528312189}, "geometry": {"type": "Point", "coordinates": [-122.25578, 37.90831]}}, {"id": "1055", "type": "Feature", "properties": {"name": "Arli-griz to Vollmer Peak", "step": 1055, "lat": 37.90829, "lon": -122.25583, "elevation_m": 220.4, "time": null, "elevation_f": 723.097136, "step_elevation_m": -1.0, "step_elevation_f": -3.280840000000012, "step_dist_m": 4.918139322870496, "step_dist_f": 16.135628216046438, "step_grade": -0.20332892875762315, "step_turn": 20.85464058223056, "coast_speed_mps": 7.789287062453204, "coast_speed_mph": 17.42413891923138}, "geometry": {"type": "Point", "coordinates": [-122.25583, 37.90829]}}, {"id": "1056", "type": "Feature", "properties": {"name": "Arli-griz to Vollmer Peak", "step": 1056, "lat": 37.90825, "lon": -122.25584, "elevation_m": 219.2, "time": null, "elevation_f": 719.160128, "step_elevation_m": -1.200000000000017, "step_elevation_f": -3.9370079999999916, "step_dist_m": 4.533496901530553, "step_dist_f": 14.873677974417499, "step_grade": -0.2646963317863712, "step_turn": 51.95790270280699, "coast_speed_mps": 8.740256655245389, "coast_speed_mph": 19.55139731398841}, "geometry": {"type": "Point", "coordinates": [-122.25584, 37.90825]}}, {"id": "1057", "type": "Feature", "properties": {"name": "Arli-griz to Vollmer Peak", "step": 1057, "lat": 37.90813, "lon": -122.25584, "elevation_m": 215.6, "time": null, "elevation_f": 707.349104, "step_elevation_m": -3.5999999999999943, "step_elevation_f": -11.811023999999975, "step_dist_m": 13.343391197764953, "step_dist_f": 43.77753157727517, "step_grade": -0.2697964817671689, "step_turn": 11.158289222527657, "coast_speed_mps": 11.559303010854968, "coast_speed_mph": 25.857424415835172}, "geometry": {"type": "Point", "coordinates": [-122.25584, 37.90813]}}, {"id": "1058", "type": "Feature", "properties": {"name": "Arli-griz to Vollmer Peak", "step": 1058, "lat": 37.90807, "lon": -122.25586, "elevation_m": 213.9, "time": null, "elevation_f": 701.7716760000001, "step_elevation_m": -1.6999999999999886, "step_elevation_f": -5.577427999999941, "step_dist_m": 6.898573623628012, "step_dist_f": 22.63311628734373, "step_grade": -0.2464277534383906, "step_turn": 14.735058459468917, "coast_speed_mps": 12.655557177001938, "coast_speed_mph": 28.309675145405162}, "geometry": {"type": "Point", "coordinates": [-122.25586, 37.90807]}}, {"id": "1059", "type": "Feature", "properties": {"name": "Arli-griz to Vollmer Peak", "step": 1059, "lat": 37.90802, "lon": -122.25591, "elevation_m": 212.3, "time": null, "elevation_f": 696.522332, "step_elevation_m": -1.5999999999999943, "step_elevation_f": -5.249344000000065, "step_dist_m": 7.0818982195920315, "step_dist_f": 23.23457495476632, "step_grade": -0.22592812694958017, "step_turn": 23.538320002228375, "coast_speed_mps": 13.467592874405478, "coast_speed_mph": 30.126147267370847}, "geometry": {"type": "Point", "coordinates": [-122.25591, 37.90802]}}, {"id": "1060", "type": "Feature", "properties": {"name": "Arli-griz to Vollmer Peak", "step": 1060, "lat": 37.90795, "lon": -122.256, "elevation_m": 210.8, "time": null, "elevation_f": 691.601072, "step_elevation_m": -1.5, "step_elevation_f": -4.921259999999961, "step_dist_m": 11.087422563886802, "step_dist_f": 36.376059444502374, "step_grade": -0.13528843077431701, "step_turn": 7.136974004184594, "coast_speed_mps": 14.228805384909904, "coast_speed_mph": 31.82893115808404}, "geometry": {"type": "Point", "coordinates": [-122.256, 37.90795]}}, {"id": "1061", "type": "Feature", "properties": {"name": "Arli-griz to Vollmer Peak", "step": 1061, "lat": 37.90785, "lon": -122.25619, "elevation_m": 210.6, "time": null, "elevation_f": 690.944904, "step_elevation_m": -0.20000000000001705, "step_elevation_f": -0.6561680000000933, "step_dist_m": 20.037613554555588, "step_dist_f": 65.74020405432816, "step_grade": -0.009981228525816474, "step_turn": 10.883744442821438, "coast_speed_mps": 13.398861895218745, "coast_speed_mph": 29.972400445639607}, "geometry": {"type": "Point", "coordinates": [-122.25619, 37.90785]}}, {"id": "1062", "type": "Feature", "properties": {"name": "Arli-griz to Vollmer Peak", "step": 1062, "lat": 37.90781, "lon": -122.25635, "elevation_m": 210.0, "time": null, "elevation_f": 688.9764, "step_elevation_m": -0.5999999999999943, "step_elevation_f": -1.968503999999939, "step_dist_m": 14.725056264830474, "step_dist_f": 48.31055359590641, "step_grade": -0.040746873167000555, "step_turn": 16.124796729854637, "coast_speed_mps": 13.234344922761432, "coast_speed_mph": 29.60438645929093}, "geometry": {"type": "Point", "coordinates": [-122.25635, 37.90781]}}, {"id": "1063", "type": "Feature", "properties": {"name": "Arli-griz to Vollmer Peak", "step": 1063, "lat": 37.90778, "lon": -122.25641, "elevation_m": 209.0, "time": null, "elevation_f": 685.69556, "step_elevation_m": -1.0, "step_elevation_f": -3.280840000000012, "step_dist_m": 6.231955816980855, "step_dist_f": 20.446049922583466, "step_grade": -0.16046326857375923, "step_turn": 14.781848153104136, "coast_speed_mps": 13.33769937412956, "coast_speed_mph": 29.83558378250167}, "geometry": {"type": "Point", "coordinates": [-122.25641, 37.90778]}}, {"id": "1064", "type": "Feature", "properties": {"name": "Arli-griz to Vollmer Peak", "step": 1064, "lat": 37.90774, "lon": -122.25645, "elevation_m": 208.1, "time": null, "elevation_f": 682.742804, "step_elevation_m": -0.9000000000000057, "step_elevation_f": -2.952756000000022, "step_dist_m": 5.6655269952489595, "step_dist_f": 18.587687587092596, "step_grade": -0.1588554781849481, "step_turn": 19.363562190411983, "coast_speed_mps": 13.4268523830501, "coast_speed_mph": 30.035013383701873}, "geometry": {"type": "Point", "coordinates": [-122.25645, 37.90774]}}, {"id": "1065", "type": "Feature", "properties": {"name": "Arli-griz to Vollmer Peak", "step": 1065, "lat": 37.90758, "lon": -122.25648, "elevation_m": 205.9, "time": null, "elevation_f": 675.524956, "step_elevation_m": -2.1999999999999886, "step_elevation_f": -7.217848000000004, "step_dist_m": 17.984820081972362, "step_dist_f": 59.0053171177382, "step_grade": -0.12232538273792498, "step_turn": 29.858294936789235, "coast_speed_mps": 13.940099340492502, "coast_speed_mph": 31.18311412959128}, "geometry": {"type": "Point", "coordinates": [-122.25648, 37.90758]}}, {"id": "1066", "type": "Feature", "properties": {"name": "Arli-griz to Vollmer Peak", "step": 1066, "lat": 37.90751, "lon": -122.25652, "elevation_m": 205.1, "time": null, "elevation_f": 672.9002839999999, "step_elevation_m": -0.8000000000000114, "step_elevation_f": -2.6246720000000323, "step_dist_m": 8.53817877261588, "step_dist_f": 28.012398444349085, "step_grade": -0.09369679662433582, "step_turn": 15.853483303822685, "coast_speed_mps": 14.023112530561788, "coast_speed_mph": 31.368809347176477}, "geometry": {"type": "Point", "coordinates": [-122.25652, 37.90751]}}, {"id": "1067", "type": "Feature", "properties": {"name": "Arli-griz to Vollmer Peak", "step": 1067, "lat": 37.90746, "lon": -122.25657, "elevation_m": 205.0, "time": null, "elevation_f": 672.5722, "step_elevation_m": -0.09999999999999432, "step_elevation_f": -0.32808399999998983, "step_dist_m": 7.0819188980952665, "step_dist_f": 23.234642797626876, "step_grade": -0.014120466703860452, "step_turn": 14.004918835813044, "coast_speed_mps": 13.915619173654141, "coast_speed_mph": 31.128353555955005}, "geometry": {"type": "Point", "coordinates": [-122.25657, 37.90746]}}, {"id": "1068", "type": "Feature", "properties": {"name": "Arli-griz to Vollmer Peak", "step": 1068, "lat": 37.90737, "lon": -122.25675, "elevation_m": 206.5, "time": null, "elevation_f": 677.49346, "step_elevation_m": 1.5, "step_elevation_f": 4.921260000000075, "step_dist_m": 18.695936338765254, "step_dist_f": 61.33837577767459, "step_grade": 0.08023133866207127, "step_turn": 19.363625632166702, "coast_speed_mps": 11.64259365031841, "coast_speed_mph": 26.043740270039365}, "geometry": {"type": "Point", "coordinates": [-122.25675, 37.90737]}}, {"id": "1069", "type": "Feature", "properties": {"name": "Arli-griz to Vollmer Peak", "step": 1069, "lat": 37.90723, "lon": -122.25688, "elevation_m": 205.8, "time": null, "elevation_f": 675.196872, "step_elevation_m": -0.6999999999999886, "step_elevation_f": -2.2965880000000425, "step_dist_m": 19.2982503011865, "step_dist_f": 63.314471518144714, "step_grade": -0.036272718462821006, "step_turn": 21.40887200931286, "coast_speed_mps": 10.937053594639357, "coast_speed_mph": 24.46549211399281}, "geometry": {"type": "Point", "coordinates": [-122.25688, 37.90723]}}, {"id": "1070", "type": "Feature", "properties": {"name": "Arli-griz to Vollmer Peak", "step": 1070, "lat": 37.90717, "lon": -122.25702, "elevation_m": 206.0, "time": null, "elevation_f": 675.85304, "step_elevation_m": 0.19999999999998863, "step_elevation_f": 0.6561679999999797, "step_dist_m": 13.977704085668623, "step_dist_f": 45.858610672425044, "step_grade": 0.01430850150884573, "step_turn": 25.261849035473006, "coast_speed_mps": 10.65760524439896, "coast_speed_mph": 23.840383957585335}, "geometry": {"type": "Point", "coordinates": [-122.25702, 37.90717]}}, {"id": "1071", "type": "Feature", "properties": {"name": "Arli-griz to Vollmer Peak", "step": 1071, "lat": 37.90709, "lon": -122.25715, "elevation_m": 205.1, "time": null, "elevation_f": 672.9002839999999, "step_elevation_m": -0.9000000000000057, "step_elevation_f": -2.952756000000022, "step_dist_m": 14.464236971393863, "step_dist_f": 47.45484722522784, "step_grade": -0.06222243190428566, "step_turn": 9.442517565264808, "coast_speed_mps": 10.873849203406929, "coast_speed_mph": 24.324107917427785}, "geometry": {"type": "Point", "coordinates": [-122.25715, 37.90709]}}, {"id": "1072", "type": "Feature", "properties": {"name": "Arli-griz to Vollmer Peak", "step": 1072, "lat": 37.907, "lon": -122.25724, "elevation_m": 203.1, "time": null, "elevation_f": 666.338604, "step_elevation_m": -2.0, "step_elevation_f": -6.56167999999991, "step_dist_m": 12.747483264074416, "step_dist_f": 41.82245299210591, "step_grade": -0.15689371451355408, "step_turn": 13.773906192368997, "coast_speed_mps": 11.497032684439656, "coast_speed_mph": 25.718129662758688}, "geometry": {"type": "Point", "coordinates": [-122.25724, 37.907]}}, {"id": "1073", "type": "Feature", "properties": {"name": "Arli-griz to Vollmer Peak", "step": 1073, "lat": 37.90685, "lon": -122.25735, "elevation_m": 200.7, "time": null, "elevation_f": 658.4645879999999, "step_elevation_m": -2.4000000000000057, "step_elevation_f": -7.874016000000097, "step_dist_m": 19.270017224023235, "step_dist_f": 63.221843309264386, "step_grade": -0.12454581498806407, "step_turn": 8.219751880155485, "coast_speed_mps": 12.575474637389616, "coast_speed_mph": 28.130535606186477}, "geometry": {"type": "Point", "coordinates": [-122.25735, 37.90685]}}, {"id": "1074", "type": "Feature", "properties": {"name": "Arli-griz to Vollmer Peak", "step": 1074, "lat": 37.90655, "lon": -122.2576, "elevation_m": 199.9, "time": null, "elevation_f": 655.839916, "step_elevation_m": -0.799999999999983, "step_elevation_f": -2.6246719999999186, "step_dist_m": 39.92327915927991, "step_dist_f": 130.98189119693188, "step_grade": -0.020038434137843814, "step_turn": 3.2713872882006854, "coast_speed_mps": 11.465022308800314, "coast_speed_mph": 25.646524491768748}, "geometry": {"type": "Point", "coordinates": [-122.2576, 37.90655]}}, {"id": "1075", "type": "Feature", "properties": {"name": "Arli-griz to Vollmer Peak", "step": 1075, "lat": 37.90644, "lon": -122.25769, "elevation_m": 199.0, "time": null, "elevation_f": 652.88716, "step_elevation_m": -0.9000000000000057, "step_elevation_f": -2.952756000000022, "step_dist_m": 14.558726197096737, "step_dist_f": 47.76485125648286, "step_grade": -0.06181859510342885, "step_turn": 0.48081819614225196, "coast_speed_mps": 11.1578528353826, "coast_speed_mph": 24.959405948869424}, "geometry": {"type": "Point", "coordinates": [-122.25769, 37.90644]}}, {"id": "1076", "type": "Feature", "properties": {"name": "Arli-griz to Vollmer Peak", "step": 1076, "lat": 37.9064, "lon": -122.25774, "elevation_m": 198.8, "time": null, "elevation_f": 652.230992, "step_elevation_m": -0.19999999999998863, "step_elevation_f": -0.6561679999999797, "step_dist_m": 6.247099469702326, "step_dist_f": 20.49573382417818, "step_grade": -0.03201485761031409, "step_turn": 11.75935334699929, "coast_speed_mps": 11.156604148159625, "coast_speed_mph": 24.956612715102928}, "geometry": {"type": "Point", "coordinates": [-122.25774, 37.9064]}}, {"id": "1077", "type": "Feature", "properties": {"name": "Arli-griz to Vollmer Peak", "step": 1077, "lat": 37.9064, "lon": -122.25774, "elevation_m": 198.8, "time": null, "elevation_f": 652.230992, "step_elevation_m": 0.0, "step_elevation_f": 0.0, "step_dist_m": 0.0, "step_dist_f": 0.0, "step_grade": null, "step_turn": null, "coast_speed_mps": 11.156604148159625, "coast_speed_mph": 24.956612715102928}, "geometry": {"type": "Point", "coordinates": [-122.25774, 37.9064]}}, {"id": "1078", "type": "Feature", "properties": {"name": "Arli-griz to Vollmer Peak", "step": 1078, "lat": 37.90628, "lon": -122.25788, "elevation_m": 197.4, "time": null, "elevation_f": 647.637816, "step_elevation_m": -1.4000000000000057, "step_elevation_f": -4.593175999999971, "step_dist_m": 18.135994721252175, "step_dist_f": 59.50129692127298, "step_grade": -0.07719455268474762, "step_turn": null, "coast_speed_mps": 11.534641160486647, "coast_speed_mph": 25.80225742771706}, "geometry": {"type": "Point", "coordinates": [-122.25788, 37.90628]}}, {"id": "1079", "type": "Feature", "properties": {"name": "Arli-griz to Vollmer Peak", "step": 1079, "lat": 37.90616, "lon": -122.25804, "elevation_m": 195.8, "time": null, "elevation_f": 642.388472, "step_elevation_m": -1.5999999999999943, "step_elevation_f": -5.249344000000065, "step_dist_m": 19.36747518431271, "step_dist_f": 63.54158728370051, "step_grade": -0.08261273009379995, "step_turn": 3.8221155579159927, "coast_speed_mps": 11.961884126882406, "coast_speed_mph": 26.757972724772713}, "geometry": {"type": "Point", "coordinates": [-122.25804, 37.90616]}}, {"id": "1080", "type": "Feature", "properties": {"name": "Arli-griz to Vollmer Peak", "step": 1080, "lat": 37.90605, "lon": -122.25818, "elevation_m": 194.5, "time": null, "elevation_f": 638.12338, "step_elevation_m": -1.3000000000000114, "step_elevation_f": -4.2650919999999815, "step_dist_m": 17.334282544392842, "step_dist_f": 56.87100754294581, "step_grade": -0.07499589306166728, "step_turn": 1.3320395875341546, "coast_speed_mps": 12.175563189201698, "coast_speed_mph": 27.23595917412689}, "geometry": {"type": "Point", "coordinates": [-122.25818, 37.90605]}}, {"id": "1081", "type": "Feature", "properties": {"name": "Arli-griz to Vollmer Peak", "step": 1081, "lat": 37.90576, "lon": -122.25838, "elevation_m": 191.1, "time": null, "elevation_f": 626.968524, "step_elevation_m": -3.4000000000000057, "step_elevation_f": -11.154855999999995, "step_dist_m": 36.711531887359286, "step_dist_f": 120.44466227732384, "step_grade": -0.09261395058185279, "step_turn": 16.567286176465274, "coast_speed_mps": 13.058016581208255, "coast_speed_mph": 29.209951192752865}, "geometry": {"type": "Point", "coordinates": [-122.25838, 37.90576]}}, {"id": "1082", "type": "Feature", "properties": {"name": "Arli-griz to Vollmer Peak", "step": 1082, "lat": 37.90564, "lon": -122.25852, "elevation_m": 189.2, "time": null, "elevation_f": 620.734928, "step_elevation_m": -1.9000000000000057, "step_elevation_f": -6.233596000000034, "step_dist_m": 18.136067074936975, "step_dist_f": 59.50153430213622, "step_grade": -0.1047636178312165, "step_turn": 14.077458517787335, "coast_speed_mps": 13.491344917308282, "coast_speed_mph": 30.179279074150564}, "geometry": {"type": "Point", "coordinates": [-122.25852, 37.90564]}}, {"id": "1083", "type": "Feature", "properties": {"name": "Arli-griz to Vollmer Peak", "step": 1083, "lat": 37.9056, "lon": -122.2586, "elevation_m": 188.4, "time": null, "elevation_f": 618.110256, "step_elevation_m": -0.799999999999983, "step_elevation_f": -2.6246719999999186, "step_dist_m": 8.309449664653657, "step_dist_f": 27.261974837782304, "step_grade": -0.09627593069165398, "step_turn": 15.007375572441845, "coast_speed_mps": 13.617370235794217, "coast_speed_mph": 30.461189682789463}, "geometry": {"type": "Point", "coordinates": [-122.2586, 37.9056]}}, {"id": "1084", "type": "Feature", "properties": {"name": "Arli-griz to Vollmer Peak", "step": 1084, "lat": 37.90557, "lon": -122.2587, "elevation_m": 187.7, "time": null, "elevation_f": 615.813668, "step_elevation_m": -0.700000000000017, "step_elevation_f": -2.2965880000000425, "step_dist_m": 9.386321944946577, "step_dist_f": 30.795020489858526, "step_grade": -0.07457660243338278, "step_turn": 11.544585102673693, "coast_speed_mps": 13.635902287257846, "coast_speed_mph": 30.502644701274676}, "geometry": {"type": "Point", "coordinates": [-122.2587, 37.90557]}}, {"id": "1085", "type": "Feature", "properties": {"name": "Arli-griz to Vollmer Peak", "step": 1085, "lat": 37.90556, "lon": -122.25879, "elevation_m": 187.2, "time": null, "elevation_f": 614.173248, "step_elevation_m": -0.5, "step_elevation_f": -1.6404200000000628, "step_dist_m": 7.974104586505565, "step_dist_f": 26.161761291590917, "step_grade": -0.06270296490042795, "step_turn": 12.801891285824524, "coast_speed_mps": 13.554600579908008, "coast_speed_mph": 30.32077796149784}, "geometry": {"type": "Point", "coordinates": [-122.25879, 37.90556]}}, {"id": "1086", "type": "Feature", "properties": {"name": "Arli-griz to Vollmer Peak", "step": 1086, "lat": 37.90556, "lon": -122.25889, "elevation_m": 186.8, "time": null, "elevation_f": 612.860912, "step_elevation_m": -0.39999999999997726, "step_elevation_f": -1.3123359999999593, "step_dist_m": 8.773551812945941, "step_dist_f": 28.78461972998556, "step_grade": -0.04559156981437683, "step_turn": 8.015736970693695, "coast_speed_mps": 13.223661653331716, "coast_speed_mph": 29.5804886661858}, "geometry": {"type": "Point", "coordinates": [-122.25889, 37.90556]}}, {"id": "1087", "type": "Feature", "properties": {"name": "Arli-griz to Vollmer Peak", "step": 1087, "lat": 37.90558, "lon": -122.25897, "elevation_m": 186.8, "time": null, "elevation_f": 612.860912, "step_elevation_m": 0.0, "step_elevation_f": 0.0, "step_dist_m": 7.362733637949295, "step_dist_f": 24.155951028729564, "step_grade": 0.0, "step_turn": 17.580642641702184, "coast_speed_mps": 12.878315757526899, "coast_speed_mph": 28.80797189854797}, "geometry": {"type": "Point", "coordinates": [-122.25897, 37.90558]}}, {"id": "1088", "type": "Feature", "properties": {"name": "Arli-griz to Vollmer Peak", "step": 1088, "lat": 37.90561, "lon": -122.25903, "elevation_m": 187.0, "time": null, "elevation_f": 613.51708, "step_elevation_m": 0.19999999999998863, "step_elevation_f": 0.6561679999999797, "step_dist_m": 6.232088759449512, "step_dist_f": 20.446486085552337, "step_grade": 0.0320919691165719, "step_turn": 14.78154348535162, "coast_speed_mps": 12.594455520891188, "coast_speed_mph": 28.1729946333464}, "geometry": {"type": "Point", "coordinates": [-122.25903, 37.90561]}}, {"id": "1089", "type": "Feature", "properties": {"name": "Arli-griz to Vollmer Peak", "step": 1089, "lat": 37.90571, "lon": -122.25917, "elevation_m": 188.1, "time": null, "elevation_f": 617.126004, "step_elevation_m": 1.0999999999999943, "step_elevation_f": 3.608924000000002, "step_dist_m": 16.568467685184885, "step_dist_f": 54.35849152026198, "step_grade": 0.06639117273250243, "step_turn": 9.791684207884714, "coast_speed_mps": 10.953512185123246, "coast_speed_mph": 24.502308932362283}, "geometry": {"type": "Point", "coordinates": [-122.25917, 37.90571]}}, {"id": "1090", "type": "Feature", "properties": {"name": "Arli-griz to Vollmer Peak", "step": 1090, "lat": 37.90574, "lon": -122.25925, "elevation_m": 188.3, "time": null, "elevation_f": 617.7821720000001, "step_elevation_m": 0.20000000000001705, "step_elevation_f": 0.6561680000000933, "step_dist_m": 7.771215793658513, "step_dist_f": 25.496115624466594, "step_grade": 0.025735998756233426, "step_turn": 16.733467729315407, "coast_speed_mps": 10.44183969795141, "coast_speed_mph": 23.357730176161862}, "geometry": {"type": "Point", "coordinates": [-122.25925, 37.90574]}}, {"id": "1091", "type": "Feature", "properties": {"name": "Arli-griz to Vollmer Peak", "step": 1091, "lat": 37.90575, "lon": -122.25934, "elevation_m": 188.2, "time": null, "elevation_f": 617.454088, "step_elevation_m": -0.10000000000002274, "step_elevation_f": -0.3280840000001035, "step_dist_m": 7.974085459875855, "step_dist_f": 26.1616985401791, "step_grade": -0.012540623059936404, "step_turn": 17.404652422879963, "coast_speed_mps": 10.181511262270877, "coast_speed_mph": 22.77539205053433}, "geometry": {"type": "Point", "coordinates": [-122.25934, 37.90575]}}, {"id": "1092", "type": "Feature", "properties": {"name": "Arli-griz to Vollmer Peak", "step": 1092, "lat": 37.90575, "lon": -122.25942, "elevation_m": 187.8, "time": null, "elevation_f": 616.141752, "step_elevation_m": -0.39999999999997726, "step_elevation_f": -1.3123359999999593, "step_dist_m": 7.0188233291033155, "step_dist_f": 23.027636331055323, "step_grade": -0.05698960940381426, "step_turn": 8.015756326191024, "coast_speed_mps": 9.960186002903091, "coast_speed_mph": 22.280301545506173}, "geometry": {"type": "Point", "coordinates": [-122.25942, 37.90575]}}, {"id": "1093", "type": "Feature", "properties": {"name": "Arli-griz to Vollmer Peak", "step": 1093, "lat": 37.90574, "lon": -122.25961, "elevation_m": 186.5, "time": null, "elevation_f": 611.87666, "step_elevation_m": -1.3000000000000114, "step_elevation_f": -4.2650919999999815, "step_dist_m": 16.706751544360728, "step_dist_f": 54.81217873680045, "step_grade": -0.07781285287856089, "step_turn": 3.8162156532116, "coast_speed_mps": 10.53820590066124, "coast_speed_mph": 23.57329523233095}, "geometry": {"type": "Point", "coordinates": [-122.25961, 37.90574]}}, {"id": "1094", "type": "Feature", "properties": {"name": "Arli-griz to Vollmer Peak", "step": 1094, "lat": 37.90574, "lon": -122.25969, "elevation_m": 185.9, "time": null, "elevation_f": 609.908156, "step_elevation_m": -0.5999999999999943, "step_elevation_f": -1.9685040000000527, "step_dist_m": 7.018824282949422, "step_dist_f": 23.02763946047178, "step_grade": -0.08548440248854111, "step_turn": 3.8162156532082463, "coast_speed_mps": 10.641216539065793, "coast_speed_mph": 23.80372346784579}, "geometry": {"type": "Point", "coordinates": [-122.25969, 37.90574]}}, {"id": "1095", "type": "Feature", "properties": {"name": "Arli-griz to Vollmer Peak", "step": 1095, "lat": 37.90576, "lon": -122.25979, "elevation_m": 185.7, "time": null, "elevation_f": 609.251988, "step_elevation_m": -0.20000000000001705, "step_elevation_f": -0.6561679999999797, "step_dist_m": 9.050996552269906, "step_dist_f": 29.694871528549196, "step_grade": -0.02209701427295969, "step_turn": 14.223659975124235, "coast_speed_mps": 10.647599049131019, "coast_speed_mph": 23.818000736245093}, "geometry": {"type": "Point", "coordinates": [-122.25979, 37.90576]}}, {"id": "1096", "type": "Feature", "properties": {"name": "Arli-griz to Vollmer Peak", "step": 1096, "lat": 37.90585, "lon": -122.25999, "elevation_m": 184.6, "time": null, "elevation_f": 605.643064, "step_elevation_m": -1.0999999999999943, "step_elevation_f": -3.608924000000002, "step_dist_m": 20.200240602167007, "step_dist_f": 66.2737573772136, "step_grade": -0.05445479693355684, "step_turn": 15.473631045934667, "coast_speed_mps": 11.314797426010545, "coast_speed_mph": 25.310480999486696}, "geometry": {"type": "Point", "coordinates": [-122.25999, 37.90585]}}, {"id": "1097", "type": "Feature", "properties": {"name": "Arli-griz to Vollmer Peak", "step": 1097, "lat": 37.90587, "lon": -122.26006, "elevation_m": 183.4, "time": null, "elevation_f": 601.706056, "step_elevation_m": -1.1999999999999886, "step_elevation_f": -3.9370079999999916, "step_dist_m": 6.531712693321698, "step_dist_f": 21.42950427275756, "step_grade": -0.18371904220877933, "step_turn": 9.79135044628589, "coast_speed_mps": 11.86760102799605, "coast_speed_mph": 26.547067439146467}, "geometry": {"type": "Point", "coordinates": [-122.26006, 37.90587]}}, {"id": "1098", "type": "Feature", "properties": {"name": "Arli-griz to Vollmer Peak", "step": 1098, "lat": 37.90583, "lon": -122.26022, "elevation_m": 179.3, "time": null, "elevation_f": 588.2546120000001, "step_elevation_m": -4.099999999999994, "step_elevation_f": -13.451443999999924, "step_dist_m": 14.725416355663569, "step_dist_f": 48.311734996315266, "step_grade": -0.27843015782865016, "step_turn": 37.486627562168024, "coast_speed_mps": 13.370947606892424, "coast_speed_mph": 29.90995796101559}, "geometry": {"type": "Point", "coordinates": [-122.26022, 37.90583]}}, {"id": "1099", "type": "Feature", "properties": {"name": "Arli-griz to Vollmer Peak", "step": 1099, "lat": 37.90583, "lon": -122.2603, "elevation_m": 178.0, "time": null, "elevation_f": 583.98952, "step_elevation_m": -1.3000000000000114, "step_elevation_f": -4.265092000000095, "step_dist_m": 7.018815696094393, "step_dist_f": 23.027611288374327, "step_grade": -0.18521643198629564, "step_turn": 17.580686987425082, "coast_speed_mps": 13.970510460873676, "coast_speed_mph": 31.251141868453963}, "geometry": {"type": "Point", "coordinates": [-122.2603, 37.90583]}}, {"id": "1100", "type": "Feature", "properties": {"name": "Arli-griz to Vollmer Peak", "step": 1100, "lat": 37.90584, "lon": -122.26039, "elevation_m": 177.7, "time": null, "elevation_f": 583.005268, "step_elevation_m": -0.30000000000001137, "step_elevation_f": -0.9842519999999695, "step_dist_m": 7.974075896532401, "step_dist_f": 26.161667164379363, "step_grade": -0.037621914299871294, "step_turn": 8.015765997706751, "coast_speed_mps": 14.401483394802748, "coast_speed_mph": 32.21520086525307}, "geometry": {"type": "Point", "coordinates": [-122.26039, 37.90584]}}, {"id": "1101", "type": "Feature", "properties": {"name": "Arli-griz to Vollmer Peak", "step": 1101, "lat": 37.90584, "lon": -122.26048, "elevation_m": 177.5, "time": null, "elevation_f": 582.3491, "step_elevation_m": -0.19999999999998863, "step_elevation_f": -0.6561679999999797, "step_dist_m": 7.896166586422326, "step_dist_f": 25.906059183397822, "step_grade": -0.025328746273399816, "step_turn": 8.015762925936087, "coast_speed_mps": 14.121091068328232, "coast_speed_mph": 31.58798109414866}, "geometry": {"type": "Point", "coordinates": [-122.26048, 37.90584]}}, {"id": "1102", "type": "Feature", "properties": {"name": "Arli-griz to Vollmer Peak", "step": 1102, "lat": 37.90575, "lon": -122.26078, "elevation_m": 173.0, "time": null, "elevation_f": 567.58532, "step_elevation_m": -4.5, "step_elevation_f": -14.763779999999997, "step_dist_m": 28.1588956270171, "step_dist_f": 92.38483112894278, "step_grade": -0.15980740365692708, "step_turn": 20.817618061099296, "coast_speed_mps": 15.600299045394776, "coast_speed_mph": 34.896875101545184}, "geometry": {"type": "Point", "coordinates": [-122.26078, 37.90575]}}, {"id": "1103", "type": "Feature", "properties": {"name": "Arli-griz to Vollmer Peak", "step": 1103, "lat": 37.90572, "lon": -122.26096, "elevation_m": 170.3, "time": null, "elevation_f": 558.7270520000001, "step_elevation_m": -2.6999999999999886, "step_elevation_f": -8.858267999999953, "step_dist_m": 16.140829573645604, "step_dist_f": 52.955479298399446, "step_grade": -0.16727764751376162, "step_turn": 8.890287137944739, "coast_speed_mps": 16.17417321446888, "coast_speed_mph": 36.18059505741961}, "geometry": {"type": "Point", "coordinates": [-122.26096, 37.90572]}}, {"id": "1104", "type": "Feature", "properties": {"name": "Arli-griz to Vollmer Peak", "step": 1104, "lat": 37.90572, "lon": -122.26108, "elevation_m": 168.9, "time": null, "elevation_f": 554.133876, "step_elevation_m": -1.4000000000000057, "step_elevation_f": -4.593176000000085, "step_dist_m": 10.52823928372871, "step_dist_f": 34.541468571628506, "step_grade": -0.13297570109027554, "step_turn": 11.927340138396517, "coast_speed_mps": 16.52496070713945, "coast_speed_mph": 36.96528433057317}, "geometry": {"type": "Point", "coordinates": [-122.26108, 37.90572]}}, {"id": "1105", "type": "Feature", "properties": {"name": "Arli-griz to Vollmer Peak", "step": 1105, "lat": 37.9057, "lon": -122.26113, "elevation_m": 168.0, "time": null, "elevation_f": 551.18112, "step_elevation_m": -0.9000000000000057, "step_elevation_f": -2.952756000000022, "step_dist_m": 4.918277044254831, "step_dist_f": 16.13608005787302, "step_grade": -0.1829909116346586, "step_turn": 26.883031566226748, "coast_speed_mps": 16.647092225719717, "coast_speed_mph": 37.23848475688909}, "geometry": {"type": "Point", "coordinates": [-122.26113, 37.9057]}}, {"id": "1106", "type": "Feature", "properties": {"name": "Arli-griz to Vollmer Peak", "step": 1106, "lat": 37.9058, "lon": -122.26126, "elevation_m": 168.1, "time": null, "elevation_f": 551.509204, "step_elevation_m": 0.09999999999999432, "step_elevation_f": 0.32808399999998983, "step_dist_m": 15.928921892083762, "step_dist_f": 52.26024410042409, "step_grade": 0.006277888778504939, "step_turn": 71.15534939782606, "coast_speed_mps": 15.533541767319381, "coast_speed_mph": 34.74754332345957}, "geometry": {"type": "Point", "coordinates": [-122.26126, 37.9058]}}, {"id": "1107", "type": "Feature", "properties": {"name": "Arli-griz to Vollmer Peak", "step": 1107, "lat": 37.90596, "lon": -122.26112, "elevation_m": 171.6, "time": null, "elevation_f": 562.9921439999999, "step_elevation_m": 3.5, "step_elevation_f": 11.482939999999985, "step_dist_m": 21.619354338734578, "step_dist_f": 70.92964248869396, "step_grade": 0.16189197628946683, "step_turn": 80.34854548867173, "coast_speed_mps": 11.495801852158463, "coast_speed_mph": 25.715376369359454}, "geometry": {"type": "Point", "coordinates": [-122.26112, 37.90596]}}, {"id": "1108", "type": "Feature", "properties": {"name": "Arli-griz to Vollmer Peak", "step": 1108, "lat": 37.90619, "lon": -122.26104, "elevation_m": 179.0, "time": null, "elevation_f": 587.27036, "step_elevation_m": 7.400000000000006, "step_elevation_f": 24.278216000000043, "step_dist_m": 26.520473888937186, "step_dist_f": 87.00943155378067, "step_grade": 0.279029704785436, "step_turn": 19.27443435685626, "coast_speed_mps": 0.0, "coast_speed_mph": 0.0}, "geometry": {"type": "Point", "coordinates": [-122.26104, 37.90619]}}, {"id": "1109", "type": "Feature", "properties": {"name": "Arli-griz to Vollmer Peak", "step": 1109, "lat": 37.90628, "lon": -122.26107, "elevation_m": 181.1, "time": null, "elevation_f": 594.160124, "step_elevation_m": 2.0999999999999943, "step_elevation_f": 6.889764000000014, "step_dist_m": 10.347877406254293, "step_dist_f": 33.94973010953533, "step_grade": 0.20294017000343925, "step_turn": 30.08186617859218, "coast_speed_mps": 0.0, "coast_speed_mph": 0.0}, "geometry": {"type": "Point", "coordinates": [-122.26107, 37.90628]}}, {"id": "1110", "type": "Feature", "properties": {"name": "Arli-griz to Vollmer Peak", "step": 1110, "lat": 37.90635, "lon": -122.26114, "elevation_m": 181.7, "time": null, "elevation_f": 596.1286279999999, "step_elevation_m": 0.5999999999999943, "step_elevation_f": 1.968503999999939, "step_dist_m": 9.914746945208323, "step_dist_f": 32.528698367717276, "step_grade": 0.06051591667601431, "step_turn": 23.538596311597587, "coast_speed_mps": 0.0, "coast_speed_mph": 0.0}, "geometry": {"type": "Point", "coordinates": [-122.26114, 37.90635]}}, {"id": "1111", "type": "Feature", "properties": {"name": "Arli-griz to Vollmer Peak", "step": 1111, "lat": 37.90654, "lon": -122.26148, "elevation_m": 184.7, "time": null, "elevation_f": 605.971148, "step_elevation_m": 3.0, "step_elevation_f": 9.842520000000036, "step_dist_m": 36.55357291566608, "step_dist_f": 119.9264241646339, "step_grade": 0.08207132054974205, "step_turn": 16.417687562487686, "coast_speed_mps": 0.0, "coast_speed_mph": 0.0}, "geometry": {"type": "Point", "coordinates": [-122.26148, 37.90654]}}, {"id": "1112", "type": "Feature", "properties": {"name": "Arli-griz to Vollmer Peak", "step": 1112, "lat": 37.90654, "lon": -122.26148, "elevation_m": 184.7, "time": null, "elevation_f": 605.971148, "step_elevation_m": 0.0, "step_elevation_f": 0.0, "step_dist_m": 0.0, "step_dist_f": 0.0, "step_grade": null, "step_turn": null, "coast_speed_mps": 0.0, "coast_speed_mph": 0.0}, "geometry": {"type": "Point", "coordinates": [-122.26148, 37.90654]}}, {"id": "1113", "type": "Feature", "properties": {"name": "Arli-griz to Vollmer Peak", "step": 1113, "lat": 37.90665, "lon": -122.26163, "elevation_m": 187.3, "time": null, "elevation_f": 614.501332, "step_elevation_m": 2.6000000000000227, "step_elevation_f": 8.530184000000077, "step_dist_m": 17.966566877108637, "step_dist_f": 58.9454312730931, "step_grade": 0.14471323418569776, "step_turn": null, "coast_speed_mps": 0.0, "coast_speed_mph": 0.0}, "geometry": {"type": "Point", "coordinates": [-122.26163, 37.90665]}}, {"id": "1114", "type": "Feature", "properties": {"name": "Arli-griz to Vollmer Peak", "step": 1114, "lat": 37.90697, "lon": -122.26194, "elevation_m": 191.1, "time": null, "elevation_f": 626.968524, "step_elevation_m": 3.799999999999983, "step_elevation_f": 12.467191999999955, "step_dist_m": 44.786294432231045, "step_dist_f": 146.9366662250409, "step_grade": 0.08484738574989725, "step_turn": 9.702066825811755, "coast_speed_mps": 0.0, "coast_speed_mph": 0.0}, "geometry": {"type": "Point", "coordinates": [-122.26194, 37.90697]}}, {"id": "1115", "type": "Feature", "properties": {"name": "Arli-griz to Vollmer Peak", "step": 1115, "lat": 37.90713, "lon": -122.26206, "elevation_m": 190.7, "time": null, "elevation_f": 625.6561879999999, "step_elevation_m": -0.4000000000000057, "step_elevation_f": -1.312336000000073, "step_dist_m": 20.672837139126127, "step_dist_f": 67.82427099953057, "step_grade": -0.019349061636196603, "step_turn": 6.777396032684408, "coast_speed_mps": 2.1455049481748754, "coast_speed_mph": 4.799357883354673}, "geometry": {"type": "Point", "coordinates": [-122.26206, 37.90713]}}, {"id": "1116", "type": "Feature", "properties": {"name": "Arli-griz to Vollmer Peak", "step": 1116, "lat": 37.90726, "lon": -122.26214, "elevation_m": 190.1, "time": null, "elevation_f": 623.687684, "step_elevation_m": -0.5999999999999943, "step_elevation_f": -1.968503999999939, "step_dist_m": 16.069188343323997, "step_dist_f": 52.7204358843111, "step_grade": -0.037338538025740824, "step_turn": 4.716628503211268, "coast_speed_mps": 3.3250444779346324, "coast_speed_mph": 7.437912665387055}, "geometry": {"type": "Point", "coordinates": [-122.26214, 37.90726]}}, {"id": "1117", "type": "Feature", "properties": {"name": "Arli-griz to Vollmer Peak", "step": 1117, "lat": 37.90738, "lon": -122.26218, "elevation_m": 189.8, "time": null, "elevation_f": 622.703432, "step_elevation_m": -0.29999999999998295, "step_elevation_f": -0.9842519999999695, "step_dist_m": 13.797156711461763, "step_dist_f": 45.26626362523221, "step_grade": -0.0217436103882739, "step_turn": 11.163340394748786, "coast_speed_mps": 3.9954427837029063, "coast_speed_mph": 8.937550965691889}, "geometry": {"type": "Point", "coordinates": [-122.26218, 37.90738]}}, {"id": "1118", "type": "Feature", "properties": {"name": "Arli-griz to Vollmer Peak", "step": 1118, "lat": 37.90758, "lon": -122.26217, "elevation_m": 188.5, "time": null, "elevation_f": 618.43834, "step_elevation_m": -1.3000000000000114, "step_elevation_f": -4.2650919999999815, "step_dist_m": 22.256284065687872, "step_dist_f": 73.0193070140714, "step_grade": -0.058410469428011966, "step_turn": 16.994344489983405, "coast_speed_mps": 5.954088596355414, "coast_speed_mph": 13.318916867294666}, "geometry": {"type": "Point", "coordinates": [-122.26217, 37.90758]}}, {"id": "1119", "type": "Feature", "properties": {"name": "Arli-griz to Vollmer Peak", "step": 1119, "lat": 37.90774, "lon": -122.26214, "elevation_m": 186.9, "time": null, "elevation_f": 613.188996, "step_elevation_m": -1.5999999999999943, "step_elevation_f": -5.249344000000065, "step_dist_m": 17.984820081972362, "step_dist_f": 59.0053171177382, "step_grade": -0.08896391471849104, "step_turn": 6.156014879213387, "coast_speed_mps": 7.712909127100226, "coast_speed_mph": 17.253286343728117}, "geometry": {"type": "Point", "coordinates": [-122.26214, 37.90774]}}, {"id": "1120", "type": "Feature", "properties": {"name": "Arli-griz to Vollmer Peak", "step": 1120, "lat": 37.90801, "lon": -122.26204, "elevation_m": 188.1, "time": null, "elevation_f": 617.126004, "step_elevation_m": 1.1999999999999886, "step_elevation_f": 3.9370079999999916, "step_dist_m": 31.27824630388203, "step_dist_f": 102.61892160362832, "step_grade": 0.03836532228634101, "step_turn": 7.874328221950634, "coast_speed_mps": 4.2203614032470655, "coast_speed_mph": 9.440679588508994}, "geometry": {"type": "Point", "coordinates": [-122.26204, 37.90801]}}, {"id": "1121", "type": "Feature", "properties": {"name": "Arli-griz to Vollmer Peak", "step": 1121, "lat": 37.90819, "lon": -122.26201, "elevation_m": 189.0, "time": null, "elevation_f": 620.07876, "step_elevation_m": 0.9000000000000057, "step_elevation_f": 2.952756000000022, "step_dist_m": 20.187396816636763, "step_dist_f": 66.23161897189456, "step_grade": 0.044582271214795806, "step_turn": 8.798122103758715, "coast_speed_mps": 0.0, "coast_speed_mph": 0.0}, "geometry": {"type": "Point", "coordinates": [-122.26201, 37.90819]}}, {"id": "1122", "type": "Feature", "properties": {"name": "Arli-griz to Vollmer Peak", "step": 1122, "lat": 37.90832, "lon": -122.26197, "elevation_m": 190.9, "time": null, "elevation_f": 626.312356, "step_elevation_m": 1.9000000000000057, "step_elevation_f": 6.233596000000034, "step_dist_m": 14.875214271706822, "step_dist_f": 48.80319799118661, "step_grade": 0.12772925252000383, "step_turn": 6.154200536527696, "coast_speed_mps": 0.0, "coast_speed_mph": 0.0}, "geometry": {"type": "Point", "coordinates": [-122.26197, 37.90832]}}, {"id": "1123", "type": "Feature", "properties": {"name": "Arli-griz to Vollmer Peak", "step": 1123, "lat": 37.90849, "lon": -122.26195, "elevation_m": 192.6, "time": null, "elevation_f": 631.889784, "step_elevation_m": 1.6999999999999886, "step_elevation_f": 5.577427999999941, "step_dist_m": 18.9843982995358, "step_dist_f": 62.28477331704904, "step_grade": 0.08954721520152452, "step_turn": 8.342422908808771, "coast_speed_mps": 0.0, "coast_speed_mph": 0.0}, "geometry": {"type": "Point", "coordinates": [-122.26195, 37.90849]}}, {"id": "1124", "type": "Feature", "properties": {"name": "Arli-griz to Vollmer Peak", "step": 1124, "lat": 37.90867, "lon": -122.26198, "elevation_m": 193.3, "time": null, "elevation_f": 634.186372, "step_elevation_m": 0.700000000000017, "step_elevation_f": 2.2965880000000425, "step_dist_m": 20.187394578038962, "step_dist_f": 66.23161162741334, "step_grade": 0.034675103678882775, "step_turn": 12.794481400582072, "coast_speed_mps": 0.0, "coast_speed_mph": 0.0}, "geometry": {"type": "Point", "coordinates": [-122.26198, 37.90867]}}, {"id": "1125", "type": "Feature", "properties": {"name": "Arli-griz to Vollmer Peak", "step": 1125, "lat": 37.90885, "lon": -122.26202, "elevation_m": 193.5, "time": null, "elevation_f": 634.84254, "step_elevation_m": 0.19999999999998863, "step_elevation_f": 0.6561679999999797, "step_dist_m": 20.320400145857146, "step_dist_f": 66.66798161453396, "step_grade": 0.009842325867818304, "step_turn": 2.453313934396931, "coast_speed_mps": 0.0, "coast_speed_mph": 0.0}, "geometry": {"type": "Point", "coordinates": [-122.26202, 37.90885]}}, {"id": "1126", "type": "Feature", "properties": {"name": "Arli-griz to Vollmer Peak", "step": 1126, "lat": 37.90919, "lon": -122.26218, "elevation_m": 193.2, "time": null, "elevation_f": 633.8582879999999, "step_elevation_m": -0.30000000000001137, "step_elevation_f": -0.9842520000000832, "step_dist_m": 40.32806024902491, "step_dist_f": 132.30991318741087, "step_grade": -0.0074389890847096985, "step_turn": 10.42467510157735, "coast_speed_mps": 0.0, "coast_speed_mph": 0.0}, "geometry": {"type": "Point", "coordinates": [-122.26218, 37.90919]}}, {"id": "1127", "type": "Feature", "properties": {"name": "Arli-griz to Vollmer Peak", "step": 1127, "lat": 37.90941, "lon": -122.26227, "elevation_m": 193.3, "time": null, "elevation_f": 634.186372, "step_elevation_m": 0.10000000000002274, "step_elevation_f": 0.3280840000001035, "step_dist_m": 25.705568852598244, "step_dist_f": 84.33585851435842, "step_grade": 0.003890207626738244, "step_turn": 2.4810120232441477, "coast_speed_mps": 0.0, "coast_speed_mph": 0.0}, "geometry": {"type": "Point", "coordinates": [-122.26227, 37.90941]}}, {"id": "1128", "type": "Feature", "properties": {"name": "Arli-griz to Vollmer Peak", "step": 1128, "lat": 37.90987, "lon": -122.26251, "elevation_m": 192.9, "time": null, "elevation_f": 632.874036, "step_elevation_m": -0.4000000000000057, "step_elevation_f": -1.3123359999999593, "step_dist_m": 55.313799435209724, "step_dist_f": 181.47572573901346, "step_grade": -0.007231468531980605, "step_turn": 4.485750644174516, "coast_speed_mps": 0.0, "coast_speed_mph": 0.0}, "geometry": {"type": "Point", "coordinates": [-122.26251, 37.90987]}}, {"id": "1129", "type": "Feature", "properties": {"name": "Arli-griz to Vollmer Peak", "step": 1129, "lat": 37.91005, "lon": -122.26261, "elevation_m": 192.8, "time": null, "elevation_f": 632.545952, "step_elevation_m": -0.09999999999999432, "step_elevation_f": -0.32808399999998983, "step_dist_m": 21.853368281404617, "step_dist_f": 71.69740479236353, "step_grade": -0.00457595363388837, "step_turn": 1.294748681306089, "coast_speed_mps": 0.0, "coast_speed_mph": 0.0}, "geometry": {"type": "Point", "coordinates": [-122.26261, 37.91005]}}, {"id": "1130", "type": "Feature", "properties": {"name": "Arli-griz to Vollmer Peak", "step": 1130, "lat": 37.9102, "lon": -122.26268, "elevation_m": 192.7, "time": null, "elevation_f": 632.217868, "step_elevation_m": -0.10000000000002274, "step_elevation_f": -0.3280840000001035, "step_dist_m": 17.773862474230857, "step_dist_f": 58.313198959955564, "step_grade": -0.0056262390994082515, "step_turn": 3.455695070163017, "coast_speed_mps": 0.0, "coast_speed_mph": 0.0}, "geometry": {"type": "Point", "coordinates": [-122.26268, 37.9102]}}, {"id": "1131", "type": "Feature", "properties": {"name": "Arli-griz to Vollmer Peak", "step": 1131, "lat": 37.91046, "lon": -122.2628, "elevation_m": 191.8, "time": null, "elevation_f": 629.265112, "step_elevation_m": -0.8999999999999773, "step_elevation_f": -2.9527559999999085, "step_dist_m": 30.76779818726778, "step_dist_f": 100.94422300471562, "step_grade": -0.029251361911636953, "step_turn": 0.20447975860747647, "coast_speed_mps": 3.4666160603045264, "coast_speed_mph": 7.754599275913839}, "geometry": {"type": "Point", "coordinates": [-122.2628, 37.91046]}}, {"id": "1132", "type": "Feature", "properties": {"name": "Arli-griz to Vollmer Peak", "step": 1132, "lat": 37.91057, "lon": -122.2628, "elevation_m": 191.5, "time": null, "elevation_f": 628.28086, "step_elevation_m": -0.30000000000001137, "step_elevation_f": -0.9842520000000832, "step_dist_m": 12.23144193045933, "step_dist_f": 40.12940394312819, "step_grade": -0.02452695288958016, "step_turn": null, "coast_speed_mps": 3.988773905044325, "coast_speed_mph": 8.922633108993201}, "geometry": {"type": "Point", "coordinates": [-122.2628, 37.91057]}}, {"id": "1133", "type": "Feature", "properties": {"name": "Arli-griz to Vollmer Peak", "step": 1133, "lat": 37.91068, "lon": -122.26275, "elevation_m": 191.1, "time": null, "elevation_f": 626.968524, "step_elevation_m": -0.4000000000000057, "step_elevation_f": -1.3123359999999593, "step_dist_m": 12.994203528872408, "step_dist_f": 42.63190270566575, "step_grade": -0.030782956347515076, "step_turn": null, "coast_speed_mps": 4.4131703048385225, "coast_speed_mph": 9.87198081791007}, "geometry": {"type": "Point", "coordinates": [-122.26275, 37.91068]}}, {"id": "1134", "type": "Feature", "properties": {"name": "Arli-griz to Vollmer Peak", "step": 1134, "lat": 37.91087, "lon": -122.26249, "elevation_m": 190.3, "time": null, "elevation_f": 624.3438520000001, "step_elevation_m": -0.799999999999983, "step_elevation_f": -2.6246719999999186, "step_dist_m": 31.090679070363954, "step_dist_f": 102.00354352121288, "step_grade": -0.02573118451962516, "step_turn": 27.46405079005217, "coast_speed_mps": 5.097902860135645, "coast_speed_mph": 11.40368392120535}, "geometry": {"type": "Point", "coordinates": [-122.26249, 37.91087]}}, {"id": "1135", "type": "Feature", "properties": {"name": "Arli-griz to Vollmer Peak", "step": 1135, "lat": 37.91112, "lon": -122.26205, "elevation_m": 187.1, "time": null, "elevation_f": 613.845164, "step_elevation_m": -3.200000000000017, "step_elevation_f": -10.49868800000013, "step_dist_m": 47.56878631115961, "step_dist_f": 156.0655768811049, "step_grade": -0.06727100370120856, "step_turn": 7.046917525825734, "coast_speed_mps": 8.51587940280725, "coast_speed_mph": 19.04947969489809}, "geometry": {"type": "Point", "coordinates": [-122.26205, 37.91112]}}, {"id": "1136", "type": "Feature", "properties": {"name": "Arli-griz to Vollmer Peak", "step": 1136, "lat": 37.91127, "lon": -122.26177, "elevation_m": 186.5, "time": null, "elevation_f": 611.87666, "step_elevation_m": -0.5999999999999943, "step_elevation_f": -1.968503999999939, "step_dist_m": 29.69158535945784, "step_dist_f": 97.41334091072366, "step_grade": -0.020207745485334036, "step_turn": 1.5830826247466803, "coast_speed_mps": 8.020518709380418, "coast_speed_mph": 17.941389382114373}, "geometry": {"type": "Point", "coordinates": [-122.26177, 37.91127]}}, {"id": "1137", "type": "Feature", "properties": {"name": "Arli-griz to Vollmer Peak", "step": 1137, "lat": 37.91146, "lon": -122.26156, "elevation_m": 188.9, "time": null, "elevation_f": 619.750676, "step_elevation_m": 2.4000000000000057, "step_elevation_f": 7.874015999999983, "step_dist_m": 28.031389097459392, "step_dist_f": 91.96650260650867, "step_grade": 0.08561830423942594, "step_turn": 14.734308976097566, "coast_speed_mps": 0.1593487634794699, "coast_speed_mph": 0.356453032121219}, "geometry": {"type": "Point", "coordinates": [-122.26156, 37.91146]}}, {"id": "1138", "type": "Feature", "properties": {"name": "Arli-griz to Vollmer Peak", "step": 1138, "lat": 37.91159, "lon": -122.26147, "elevation_m": 191.2, "time": null, "elevation_f": 627.296608, "step_elevation_m": 2.299999999999983, "step_elevation_f": 7.545931999999993, "step_dist_m": 16.471086193608354, "step_dist_f": 54.03899842743803, "step_grade": 0.13963863542238664, "step_turn": 12.445227030754438, "coast_speed_mps": 0.0, "coast_speed_mph": 0.0}, "geometry": {"type": "Point", "coordinates": [-122.26147, 37.91159]}}, {"id": "1139", "type": "Feature", "properties": {"name": "Arli-griz to Vollmer Peak", "step": 1139, "lat": 37.91196, "lon": -122.26134, "elevation_m": 191.6, "time": null, "elevation_f": 628.608944, "step_elevation_m": 0.4000000000000057, "step_elevation_f": 1.3123359999999593, "step_dist_m": 42.69356398272765, "step_dist_f": 140.0707524570922, "step_grade": 0.009369093668587423, "step_turn": 13.150082648328521, "coast_speed_mps": 0.0, "coast_speed_mph": 0.0}, "geometry": {"type": "Point", "coordinates": [-122.26134, 37.91196]}}, {"id": "1140", "type": "Feature", "properties": {"name": "Arli-griz to Vollmer Peak", "step": 1140, "lat": 37.91214, "lon": -122.26129, "elevation_m": 191.5, "time": null, "elevation_f": 628.28086, "step_elevation_m": -0.09999999999999432, "step_elevation_f": -0.32808399999998983, "step_dist_m": 20.490097796221075, "step_dist_f": 67.22473245375396, "step_grade": -0.0048804061842221665, "step_turn": 3.1322402865783943, "coast_speed_mps": 0.0, "coast_speed_mph": 0.0}, "geometry": {"type": "Point", "coordinates": [-122.26129, 37.91214]}}, {"id": "1141", "type": "Feature", "properties": {"name": "Arli-griz to Vollmer Peak", "step": 1141, "lat": 37.91257, "lon": -122.26122, "elevation_m": 192.0, "time": null, "elevation_f": 629.92128, "step_elevation_m": 0.5, "step_elevation_f": 1.6404200000000628, "step_dist_m": 48.206556846406535, "step_dist_f": 158.15799996396441, "step_grade": 0.010372033032624099, "step_turn": 5.042529722243614, "coast_speed_mps": 0.0, "coast_speed_mph": 0.0}, "geometry": {"type": "Point", "coordinates": [-122.26122, 37.91257]}}, {"id": "1142", "type": "Feature", "properties": {"name": "Arli-griz to Vollmer Peak", "step": 1142, "lat": 37.91276, "lon": -122.26121, "elevation_m": 188.8, "time": null, "elevation_f": 619.422592, "step_elevation_m": -3.1999999999999886, "step_elevation_f": -10.498688000000016, "step_dist_m": 21.14524192859621, "step_dist_f": 69.3741555290156, "step_grade": -0.15133428176446645, "step_turn": 4.940880350364125, "coast_speed_mps": 7.07668348409286, "coast_speed_mph": 15.830090112949293}, "geometry": {"type": "Point", "coordinates": [-122.26121, 37.91276]}}, {"id": "1143", "type": "Feature", "properties": {"name": "Arli-griz to Vollmer Peak", "step": 1143, "lat": 37.91287, "lon": -122.26122, "elevation_m": 187.7, "time": null, "elevation_f": 615.813668, "step_elevation_m": -1.1000000000000227, "step_elevation_f": -3.608924000000002, "step_dist_m": 12.262861494693547, "step_dist_f": 40.232486506250375, "step_grade": -0.08970173890294861, "step_turn": 6.480122076645102, "coast_speed_mps": 8.646255126278, "coast_speed_mph": 19.341121882332654}, "geometry": {"type": "Point", "coordinates": [-122.26122, 37.91287]}}, {"id": "1144", "type": "Feature", "properties": {"name": "Arli-griz to Vollmer Peak", "step": 1144, "lat": 37.91306, "lon": -122.26133, "elevation_m": 181.8, "time": null, "elevation_f": 596.456712, "step_elevation_m": -5.899999999999977, "step_elevation_f": -19.35695599999997, "step_dist_m": 23.22655618641795, "step_dist_f": 76.20261459864747, "step_grade": -0.25401957796266345, "step_turn": 20.44651560282813, "coast_speed_mps": 13.210970142626895, "coast_speed_mph": 29.552098565289192}, "geometry": {"type": "Point", "coordinates": [-122.26133, 37.91306]}}, {"id": "1145", "type": "Feature", "properties": {"name": "Arli-griz to Vollmer Peak", "step": 1145, "lat": 37.91322, "lon": -122.26145, "elevation_m": 179.7, "time": null, "elevation_f": 589.5669479999999, "step_elevation_m": -2.1000000000000227, "step_elevation_f": -6.8897640000001275, "step_dist_m": 20.672393362095953, "step_dist_f": 67.82281503809888, "step_grade": -0.1015847542767107, "step_turn": 6.064199710839773, "coast_speed_mps": 13.204276280493948, "coast_speed_mph": 29.537124822149995}, "geometry": {"type": "Point", "coordinates": [-122.26145, 37.91322]}}, {"id": "1146", "type": "Feature", "properties": {"name": "Arli-griz to Vollmer Peak", "step": 1146, "lat": 37.91326, "lon": -122.26152, "elevation_m": 179.8, "time": null, "elevation_f": 589.895032, "step_elevation_m": 0.10000000000002274, "step_elevation_f": 0.3280840000001035, "step_dist_m": 7.582405880285217, "step_dist_f": 24.876660508274952, "step_grade": 0.013188426151128325, "step_turn": 23.47118942333543, "coast_speed_mps": 13.006991739291676, "coast_speed_mph": 29.09581187207333}, "geometry": {"type": "Point", "coordinates": [-122.26152, 37.91326]}}, {"id": "1147", "type": "Feature", "properties": {"name": "Arli-griz to Vollmer Peak", "step": 1147, "lat": 37.91329, "lon": -122.26163, "elevation_m": 180.4, "time": null, "elevation_f": 591.8635360000001, "step_elevation_m": 0.5999999999999943, "step_elevation_f": 1.9685040000000527, "step_dist_m": 10.21020838257917, "step_dist_f": 33.498060069901044, "step_grade": 0.05876471640125626, "step_turn": 16.84607068024974, "coast_speed_mps": 12.14172695968194, "coast_speed_mph": 27.160269684327858}, "geometry": {"type": "Point", "coordinates": [-122.26163, 37.91329]}}, {"id": "1148", "type": "Feature", "properties": {"name": "Arli-griz to Vollmer Peak", "step": 1148, "lat": 37.9133, "lon": -122.26181, "elevation_m": 181.5, "time": null, "elevation_f": 595.47246, "step_elevation_m": 1.0999999999999943, "step_elevation_f": 3.608923999999888, "step_dist_m": 15.829835195453544, "step_dist_f": 51.93515650265181, "step_grade": 0.06948903677253211, "step_turn": 15.041609040809476, "coast_speed_mps": 10.393657799803098, "coast_speed_mph": 23.249950339573832}, "geometry": {"type": "Point", "coordinates": [-122.26181, 37.9133]}}, {"id": "1149", "type": "Feature", "properties": {"name": "Arli-griz to Vollmer Peak", "step": 1149, "lat": 37.91329, "lon": -122.26196, "elevation_m": 182.3, "time": null, "elevation_f": 598.097132, "step_elevation_m": 0.8000000000000114, "step_elevation_f": 2.6246720000000323, "step_dist_m": 13.205841299444671, "step_dist_f": 43.32625236887006, "step_grade": 0.06057925291239512, "step_turn": 8.858104232600397, "coast_speed_mps": 8.880421909308446, "coast_speed_mph": 19.864938057687088}, "geometry": {"type": "Point", "coordinates": [-122.26196, 37.91329]}}, {"id": "1150", "type": "Feature", "properties": {"name": "Arli-griz to Vollmer Peak", "step": 1150, "lat": 37.91324, "lon": -122.26223, "elevation_m": 183.5, "time": null, "elevation_f": 602.03414, "step_elevation_m": 1.1999999999999886, "step_elevation_f": 3.9370079999999916, "step_dist_m": 24.329869544351688, "step_dist_f": 79.82240919589078, "step_grade": 0.04932208936889163, "step_turn": 8.379538242043111, "coast_speed_mps": 6.153280863642389, "coast_speed_mph": 13.764497279085502}, "geometry": {"type": "Point", "coordinates": [-122.26223, 37.91324]}}, {"id": "1151", "type": "Feature", "properties": {"name": "Arli-griz to Vollmer Peak", "step": 1151, "lat": 37.91311, "lon": -122.26268, "elevation_m": 188.9, "time": null, "elevation_f": 619.750676, "step_elevation_m": 5.400000000000006, "step_elevation_f": 17.71653600000002, "step_dist_m": 42.040245858375066, "step_dist_f": 137.92732022199124, "step_grade": 0.12844834490719903, "step_turn": 6.901594187615558, "coast_speed_mps": 0.0, "coast_speed_mph": 0.0}, "geometry": {"type": "Point", "coordinates": [-122.26268, 37.91311]}}, {"id": "1152", "type": "Feature", "properties": {"name": "Arli-griz to Vollmer Peak", "step": 1152, "lat": 37.91311, "lon": -122.26268, "elevation_m": 188.9, "time": null, "elevation_f": 619.750676, "step_elevation_m": 0.0, "step_elevation_f": 0.0, "step_dist_m": 0.0, "step_dist_f": 0.0, "step_grade": null, "step_turn": null, "coast_speed_mps": 0.0, "coast_speed_mph": 0.0}, "geometry": {"type": "Point", "coordinates": [-122.26268, 37.91311]}}, {"id": "1153", "type": "Feature", "properties": {"name": "Arli-griz to Vollmer Peak", "step": 1153, "lat": 37.91302, "lon": -122.26299, "elevation_m": 189.3, "time": null, "elevation_f": 621.0630120000001, "step_elevation_m": 0.4000000000000057, "step_elevation_f": 1.312336000000073, "step_dist_m": 28.97812640060242, "step_dist_f": 95.07259622015245, "step_grade": 0.013803514915708635, "step_turn": null, "coast_speed_mps": 0.0, "coast_speed_mph": 0.0}, "geometry": {"type": "Point", "coordinates": [-122.26299, 37.91302]}}, {"id": "1154", "type": "Feature", "properties": {"name": "Arli-griz to Vollmer Peak", "step": 1154, "lat": 37.91299, "lon": -122.26315, "elevation_m": 188.9, "time": null, "elevation_f": 619.750676, "step_elevation_m": -0.4000000000000057, "step_elevation_f": -1.312336000000073, "step_dist_m": 14.427215457792625, "step_dist_f": 47.33338556254436, "step_grade": -0.027725377857579038, "step_turn": 6.834149728872433, "coast_speed_mps": 0.590313575714538, "coast_speed_mph": 1.3204938612082529}, "geometry": {"type": "Point", "coordinates": [-122.26315, 37.91299]}}, {"id": "1155", "type": "Feature", "properties": {"name": "Arli-griz to Vollmer Peak", "step": 1155, "lat": 37.91297, "lon": -122.26327, "elevation_m": 188.4, "time": null, "elevation_f": 618.110256, "step_elevation_m": -0.5, "step_elevation_f": -1.6404199999999491, "step_dist_m": 10.75953875795724, "step_dist_f": 35.300325138656426, "step_grade": -0.04647039350364568, "step_turn": 1.440344215170967, "coast_speed_mps": 2.3905002893278904, "coast_speed_mph": 5.347396853364101}, "geometry": {"type": "Point", "coordinates": [-122.26327, 37.91297]}}, {"id": "1156", "type": "Feature", "properties": {"name": "Arli-griz to Vollmer Peak", "step": 1156, "lat": 37.91296, "lon": -122.26339, "elevation_m": 188.1, "time": null, "elevation_f": 617.126004, "step_elevation_m": -0.30000000000001137, "step_elevation_f": -0.9842520000000832, "step_dist_m": 10.585765249568691, "step_dist_f": 34.73020206139495, "step_grade": -0.028339944531854667, "step_turn": 5.898916857895983, "coast_speed_mps": 3.377445760971833, "coast_speed_mph": 7.555130997163182}, "geometry": {"type": "Point", "coordinates": [-122.26339, 37.91296]}}, {"id": "1157", "type": "Feature", "properties": {"name": "Arli-griz to Vollmer Peak", "step": 1157, "lat": 37.91299, "lon": -122.26367, "elevation_m": 187.5, "time": null, "elevation_f": 615.1575, "step_elevation_m": -0.5999999999999943, "step_elevation_f": -1.968503999999939, "step_dist_m": 24.78894734099729, "step_dist_f": 81.32856999423754, "step_grade": -0.02420433557530223, "step_turn": 13.763385629309084, "coast_speed_mps": 4.156754894544731, "coast_speed_mph": 9.298395880781868}, "geometry": {"type": "Point", "coordinates": [-122.26367, 37.91299]}}, {"id": "1158", "type": "Feature", "properties": {"name": "Arli-griz to Vollmer Peak", "step": 1158, "lat": 37.91305, "lon": -122.26386, "elevation_m": 187.6, "time": null, "elevation_f": 615.485584, "step_elevation_m": 0.09999999999999432, "step_elevation_f": 0.32808399999998983, "step_dist_m": 17.95370966685959, "step_dist_f": 58.903248823419624, "step_grade": 0.005569879532171694, "step_turn": 14.080879548624807, "coast_speed_mps": 3.500842121239958, "coast_speed_mph": 7.831160793754371}, "geometry": {"type": "Point", "coordinates": [-122.26386, 37.91305]}}, {"id": "1159", "type": "Feature", "properties": {"name": "Arli-griz to Vollmer Peak", "step": 1159, "lat": 37.91306, "lon": -122.26398, "elevation_m": 187.5, "time": null, "elevation_f": 615.1575, "step_elevation_m": -0.09999999999999432, "step_elevation_f": -0.32808399999998983, "step_dist_m": 10.585752444018697, "step_dist_f": 34.7301600484343, "step_grade": -0.009446659604863294, "step_turn": 15.785092605449393, "coast_speed_mps": 3.3464407728767385, "coast_speed_mph": 7.485774814058551}, "geometry": {"type": "Point", "coordinates": [-122.26398, 37.91306]}}, {"id": "1160", "type": "Feature", "properties": {"name": "Arli-griz to Vollmer Peak", "step": 1160, "lat": 37.91306, "lon": -122.26412, "elevation_m": 187.2, "time": null, "elevation_f": 614.173248, "step_elevation_m": -0.30000000000001137, "step_elevation_f": -0.9842520000000832, "step_dist_m": 12.28172051596445, "step_dist_f": 40.2943599375968, "step_grade": -0.024426545092770594, "step_turn": 6.029583802175125, "coast_speed_mps": 4.481276447830131, "coast_speed_mph": 10.024329920879845}, "geometry": {"type": "Point", "coordinates": [-122.26412, 37.91306]}}, {"id": "1161", "type": "Feature", "properties": {"name": "Arli-griz to Vollmer Peak", "step": 1161, "lat": 37.91303, "lon": -122.26425, "elevation_m": 185.9, "time": null, "elevation_f": 609.908156, "step_elevation_m": -1.299999999999983, "step_elevation_f": -4.2650919999999815, "step_dist_m": 11.882319726700445, "step_dist_f": 38.983989852147886, "step_grade": -0.10940624641489721, "step_turn": 16.30440517264961, "coast_speed_mps": 6.160628936319051, "coast_speed_mph": 13.780934449532579}, "geometry": {"type": "Point", "coordinates": [-122.26425, 37.91303]}}, {"id": "1162", "type": "Feature", "properties": {"name": "Arli-griz to Vollmer Peak", "step": 1162, "lat": 37.91297, "lon": -122.26436, "elevation_m": 184.2, "time": null, "elevation_f": 604.3307279999999, "step_elevation_m": -1.700000000000017, "step_elevation_f": -5.5774280000000545, "step_dist_m": 11.73169608354642, "step_dist_f": 38.48981777874244, "step_grade": -0.1449065836596508, "step_turn": 18.35451422242383, "coast_speed_mps": 7.83304898357253, "coast_speed_mph": 17.52203154879322}, "geometry": {"type": "Point", "coordinates": [-122.26436, 37.91297]}}, {"id": "1163", "type": "Feature", "properties": {"name": "Arli-griz to Vollmer Peak", "step": 1163, "lat": 37.91291, "lon": -122.26441, "elevation_m": 183.3, "time": null, "elevation_f": 601.377972, "step_elevation_m": -0.8999999999999773, "step_elevation_f": -2.9527559999999085, "step_dist_m": 7.984451447153956, "step_dist_f": 26.195707685880585, "step_grade": -0.11271907731629839, "step_turn": 22.018010935130803, "coast_speed_mps": 8.7037941233526, "coast_speed_mph": 19.46983295309724}, "geometry": {"type": "Point", "coordinates": [-122.26441, 37.91291]}}, {"id": "1164", "type": "Feature", "properties": {"name": "Arli-griz to Vollmer Peak", "step": 1164, "lat": 37.91283, "lon": -122.26442, "elevation_m": 182.4, "time": null, "elevation_f": 598.425216, "step_elevation_m": -0.9000000000000057, "step_elevation_f": -2.952756000000022, "step_dist_m": 8.938746786283488, "step_dist_f": 29.32659800631032, "step_grade": -0.10068525504951725, "step_turn": 27.690911171026244, "coast_speed_mps": 9.391172865534053, "coast_speed_mph": 21.007455407869635}, "geometry": {"type": "Point", "coordinates": [-122.26442, 37.91283]}}, {"id": "1165", "type": "Feature", "properties": {"name": "Arli-griz to Vollmer Peak", "step": 1165, "lat": 37.91244, "lon": -122.26443, "elevation_m": 179.0, "time": null, "elevation_f": 587.27036, "step_elevation_m": -3.4000000000000057, "step_elevation_f": -11.154855999999995, "step_dist_m": 43.37489383774637, "step_dist_f": 142.3060866986318, "step_grade": -0.07838635900109582, "step_turn": 4.4732943229285524, "coast_speed_mps": 10.99576198700852, "coast_speed_mph": 24.596819047531557}, "geometry": {"type": "Point", "coordinates": [-122.26443, 37.91244]}}, {"id": "1166", "type": "Feature", "properties": {"name": "Arli-griz to Vollmer Peak", "step": 1166, "lat": 37.9123, "lon": -122.26446, "elevation_m": 179.0, "time": null, "elevation_f": 587.27036, "step_elevation_m": 0.0, "step_elevation_f": 0.0, "step_dist_m": 15.788191671495722, "step_dist_f": 51.79853076351002, "step_grade": 0.0, "step_turn": 8.436850995256549, "coast_speed_mps": 10.240219975328984, "coast_speed_mph": 22.906719701433815}, "geometry": {"type": "Point", "coordinates": [-122.26446, 37.9123]}}, {"id": "1167", "type": "Feature", "properties": {"name": "Arli-griz to Vollmer Peak", "step": 1167, "lat": 37.91216, "lon": -122.26451, "elevation_m": 178.6, "time": null, "elevation_f": 585.958024, "step_elevation_m": -0.4000000000000057, "step_elevation_f": -1.3123359999999593, "step_dist_m": 16.173460472123914, "step_dist_f": 53.06253605536302, "step_grade": -0.024731874832193985, "step_turn": 6.140443178306299, "coast_speed_mps": 9.905460852659639, "coast_speed_mph": 22.157884870838465}, "geometry": {"type": "Point", "coordinates": [-122.26451, 37.91216]}}, {"id": "1168", "type": "Feature", "properties": {"name": "Arli-griz to Vollmer Peak", "step": 1168, "lat": 37.91204, "lon": -122.26461, "elevation_m": 176.9, "time": null, "elevation_f": 580.380596, "step_elevation_m": -1.6999999999999886, "step_elevation_f": -5.5774280000000545, "step_dist_m": 15.968957920956973, "step_dist_f": 52.39159590539247, "step_grade": -0.1064565395196503, "step_turn": 17.58722698851875, "coast_speed_mps": 10.85495696534916, "coast_speed_mph": 24.28184718447823}, "geometry": {"type": "Point", "coordinates": [-122.26461, 37.91204]}}, {"id": "1169", "type": "Feature", "properties": {"name": "Arli-griz to Vollmer Peak", "step": 1169, "lat": 37.91193, "lon": -122.26477, "elevation_m": 175.1, "time": null, "elevation_f": 574.4750839999999, "step_elevation_m": -1.8000000000000114, "step_elevation_f": -5.905512000000044, "step_dist_m": 18.618010107574563, "step_dist_f": 61.08271228133493, "step_grade": -0.09668057915962235, "step_turn": 15.607557003050687, "coast_speed_mps": 11.603134358578693, "coast_speed_mph": 25.955472348288026}, "geometry": {"type": "Point", "coordinates": [-122.26477, 37.91193]}}, {"id": "1170", "type": "Feature", "properties": {"name": "Arli-griz to Vollmer Peak", "step": 1170, "lat": 37.91183, "lon": -122.26498, "elevation_m": 174.9, "time": null, "elevation_f": 573.8189160000001, "step_elevation_m": -0.19999999999998863, "step_elevation_f": -0.656167999999866, "step_dist_m": 21.51849175119621, "step_dist_f": 70.59872847699457, "step_grade": -0.009294331699101108, "step_turn": 9.955164374151963, "coast_speed_mps": 10.704649562666189, "coast_speed_mph": 23.94561910045226}, "geometry": {"type": "Point", "coordinates": [-122.26498, 37.91183]}}, {"id": "1171", "type": "Feature", "properties": {"name": "Arli-griz to Vollmer Peak", "step": 1171, "lat": 37.91174, "lon": -122.26526, "elevation_m": 173.9, "time": null, "elevation_f": 570.538076, "step_elevation_m": -1.0, "step_elevation_f": -3.280840000000012, "step_dist_m": 26.52422429679827, "step_dist_f": 87.02173604190763, "step_grade": -0.03770138530010507, "step_turn": 8.94750619456343, "coast_speed_mps": 10.413705170799888, "coast_speed_mph": 23.29479503131683}, "geometry": {"type": "Point", "coordinates": [-122.26526, 37.91174]}}, {"id": "1172", "type": "Feature", "properties": {"name": "Arli-griz to Vollmer Peak", "step": 1172, "lat": 37.91165, "lon": -122.26558, "elevation_m": 169.9, "time": null, "elevation_f": 557.414716, "step_elevation_m": -4.0, "step_elevation_f": -13.123360000000048, "step_dist_m": 29.803450351464228, "step_dist_f": 97.78035205109789, "step_grade": -0.13421264829504823, "step_turn": 2.546178626840657, "coast_speed_mps": 12.620505325926668, "coast_speed_mph": 28.231266387631205}, "geometry": {"type": "Point", "coordinates": [-122.26558, 37.91165]}}, {"id": "1173", "type": "Feature", "properties": {"name": "Arli-griz to Vollmer Peak", "step": 1173, "lat": 37.91159, "lon": -122.26589, "elevation_m": 168.7, "time": null, "elevation_f": 553.477708, "step_elevation_m": -1.200000000000017, "step_elevation_f": -3.9370079999999916, "step_dist_m": 28.00216886832648, "step_dist_f": 91.87063570996024, "step_grade": -0.04285382341784777, "step_turn": 5.836606921615157, "coast_speed_mps": 12.113130505088524, "coast_speed_mph": 27.096301237223763}, "geometry": {"type": "Point", "coordinates": [-122.26589, 37.91159]}}, {"id": "1174", "type": "Feature", "properties": {"name": "Arli-griz to Vollmer Peak", "step": 1174, "lat": 37.91158, "lon": -122.26608, "elevation_m": 168.4, "time": null, "elevation_f": 552.493456, "step_elevation_m": -0.29999999999998295, "step_elevation_f": -0.9842519999999695, "step_dist_m": 16.705431407188478, "step_dist_f": 54.807847577960246, "step_grade": -0.017958231229568283, "step_turn": 9.967065438650366, "coast_speed_mps": 11.513968974724838, "coast_speed_mph": 25.75601506515038}, "geometry": {"type": "Point", "coordinates": [-122.26608, 37.91158]}}, {"id": "1175", "type": "Feature", "properties": {"name": "Arli-griz to Vollmer Peak", "step": 1175, "lat": 37.91159, "lon": -122.26628, "elevation_m": 168.2, "time": null, "elevation_f": 551.837288, "step_elevation_m": -0.20000000000001705, "step_elevation_f": -0.6561680000000933, "step_dist_m": 17.580866157559058, "step_dist_f": 57.68000892436606, "step_grade": -0.011376003787732904, "step_turn": 7.442800945405793, "coast_speed_mps": 10.824580114463329, "coast_speed_mph": 24.21389610429339}, "geometry": {"type": "Point", "coordinates": [-122.26628, 37.91159]}}, {"id": "1176", "type": "Feature", "properties": {"name": "Arli-griz to Vollmer Peak", "step": 1176, "lat": 37.91164, "lon": -122.26653, "elevation_m": 168.0, "time": null, "elevation_f": 551.18112, "step_elevation_m": -0.19999999999998863, "step_elevation_f": -0.6561679999999797, "step_dist_m": 22.625796647998232, "step_dist_f": 74.23161867461852, "step_grade": -0.008839467759367633, "step_turn": 10.598510615884152, "coast_speed_mps": 9.934928678895403, "coast_speed_mph": 22.2238025207932}, "geometry": {"type": "Point", "coordinates": [-122.26653, 37.91164]}}, {"id": "1177", "type": "Feature", "properties": {"name": "Arli-griz to Vollmer Peak", "step": 1177, "lat": 37.91171, "lon": -122.26678, "elevation_m": 167.5, "time": null, "elevation_f": 549.5407, "step_elevation_m": -0.5, "step_elevation_f": -1.6404199999999491, "step_dist_m": 23.272306234497723, "step_dist_f": 76.35271318638951, "step_grade": -0.021484763691310686, "step_turn": 5.314934617681274, "coast_speed_mps": 9.409298219894604, "coast_speed_mph": 21.0480006708451}, "geometry": {"type": "Point", "coordinates": [-122.26678, 37.91171]}}, {"id": "1178", "type": "Feature", "properties": {"name": "Arli-griz to Vollmer Peak", "step": 1178, "lat": 37.91179, "lon": -122.26699, "elevation_m": 166.6, "time": null, "elevation_f": 546.587944, "step_elevation_m": -0.9000000000000057, "step_elevation_f": -2.952756000000022, "step_dist_m": 20.458131993979148, "step_dist_f": 67.11985777112655, "step_grade": -0.0439922863077077, "step_turn": 6.234118527750411, "coast_speed_mps": 9.4925843328911, "coast_speed_mph": 21.234306399631105}, "geometry": {"type": "Point", "coordinates": [-122.26699, 37.91179]}}, {"id": "1179", "type": "Feature", "properties": {"name": "Arli-griz to Vollmer Peak", "step": 1179, "lat": 37.91206, "lon": -122.2674, "elevation_m": 163.4, "time": null, "elevation_f": 536.089256, "step_elevation_m": -3.1999999999999886, "step_elevation_f": -10.498688000000016, "step_dist_m": 46.851763798695316, "step_dist_f": 153.71314074131155, "step_grade": -0.06830052362060912, "step_turn": 14.07778550849747, "coast_speed_mps": 10.542582651644793, "coast_speed_mph": 23.583085745447345}, "geometry": {"type": "Point", "coordinates": [-122.2674, 37.91206]}}, {"id": "1180", "type": "Feature", "properties": {"name": "Arli-griz to Vollmer Peak", "step": 1180, "lat": 37.91213, "lon": -122.26754, "elevation_m": 162.7, "time": null, "elevation_f": 533.7926679999999, "step_elevation_m": -0.700000000000017, "step_elevation_f": -2.2965880000000425, "step_dist_m": 14.540623904867443, "step_dist_f": 47.7054605320453, "step_grade": -0.048140987936954587, "step_turn": 7.487127084327881, "coast_speed_mps": 10.807869222103585, "coast_speed_mph": 24.176514902701264}, "geometry": {"type": "Point", "coordinates": [-122.26754, 37.91213]}}, {"id": "1181", "type": "Feature", "properties": {"name": "Arli-griz to Vollmer Peak", "step": 1181, "lat": 37.91218, "lon": -122.26768, "elevation_m": 161.5, "time": null, "elevation_f": 529.85566, "step_elevation_m": -1.1999999999999886, "step_elevation_f": -3.9370079999999916, "step_dist_m": 13.481659741979916, "step_dist_f": 44.23116854787739, "step_grade": -0.08900981206812127, "step_turn": 8.009219081560389, "coast_speed_mps": 11.298904114523703, "coast_speed_mph": 25.274928674220853}, "geometry": {"type": "Point", "coordinates": [-122.26768, 37.91218]}}, {"id": "1182", "type": "Feature", "properties": {"name": "Arli-griz to Vollmer Peak", "step": 1182, "lat": 37.91221, "lon": -122.26783, "elevation_m": 159.6, "time": null, "elevation_f": 523.622064, "step_elevation_m": -1.9000000000000057, "step_elevation_f": -6.23359599999992, "step_dist_m": 13.575377425429568, "step_dist_f": 44.53864127244635, "step_grade": -0.13995927630276428, "step_turn": 10.130415620299118, "coast_speed_mps": 11.988894742443406, "coast_speed_mph": 26.81839375099184}, "geometry": {"type": "Point", "coordinates": [-122.26783, 37.91221]}}, {"id": "1183", "type": "Feature", "properties": {"name": "Arli-griz to Vollmer Peak", "step": 1183, "lat": 37.91223, "lon": -122.26816, "elevation_m": 158.5, "time": null, "elevation_f": 520.01314, "step_elevation_m": -1.0999999999999943, "step_elevation_f": -3.608924000000002, "step_dist_m": 29.035392796752916, "step_dist_f": 95.26047810329884, "step_grade": -0.037884798311494154, "step_turn": 9.832054562704911, "coast_speed_mps": 11.44980752136234, "coast_speed_mph": 25.61248998157285}, "geometry": {"type": "Point", "coordinates": [-122.26816, 37.91223]}}, {"id": "1184", "type": "Feature", "properties": {"name": "Arli-griz to Vollmer Peak", "step": 1184, "lat": 37.91231, "lon": -122.2684, "elevation_m": 158.2, "time": null, "elevation_f": 519.0288879999999, "step_elevation_m": -0.30000000000001137, "step_elevation_f": -0.9842520000000832, "step_dist_m": 22.85668282654914, "step_dist_f": 74.98911928465547, "step_grade": -0.013125264163509627, "step_turn": 18.511345922740247, "coast_speed_mps": 10.587756671364847, "coast_speed_mph": 23.684137149617115}, "geometry": {"type": "Point", "coordinates": [-122.2684, 37.91231]}}, {"id": "1185", "type": "Feature", "properties": {"name": "Arli-griz to Vollmer Peak", "step": 1185, "lat": 37.91257, "lon": -122.26859, "elevation_m": 159.0, "time": null, "elevation_f": 521.65356, "step_elevation_m": 0.8000000000000114, "step_elevation_f": 2.6246720000000323, "step_dist_m": 33.37148515080364, "step_dist_f": 109.48650334216262, "step_grade": 0.023972562095599333, "step_turn": 37.130664322389464, "coast_speed_mps": 8.036140288020352, "coast_speed_mph": 17.97633385831322}, "geometry": {"type": "Point", "coordinates": [-122.26859, 37.91257]}}, {"id": "1186", "type": "Feature", "properties": {"name": "Arli-griz to Vollmer Peak", "step": 1186, "lat": 37.91272, "lon": -122.26875, "elevation_m": 161.0, "time": null, "elevation_f": 528.21524, "step_elevation_m": 2.0, "step_elevation_f": 6.561680000000024, "step_dist_m": 21.799440521665016, "step_dist_f": 71.52047644109945, "step_grade": 0.09174547383508916, "step_turn": 10.116924494956947, "coast_speed_mps": 3.451474985985649, "coast_speed_mph": 7.720729657269249}, "geometry": {"type": "Point", "coordinates": [-122.26875, 37.91272]}}, {"id": "1187", "type": "Feature", "properties": {"name": "Arli-griz to Vollmer Peak", "step": 1187, "lat": 37.91284, "lon": -122.2689, "elevation_m": 161.2, "time": null, "elevation_f": 528.871408, "step_elevation_m": 0.19999999999998863, "step_elevation_f": 0.6561679999999797, "step_dist_m": 18.740499630621034, "step_dist_f": 61.484580808126715, "step_grade": 0.010672074061099133, "step_turn": 4.51932886886533, "coast_speed_mps": 1.8602511898326537, "coast_speed_mph": 4.161263398874042}, "geometry": {"type": "Point", "coordinates": [-122.2689, 37.91284]}}, {"id": "1188", "type": "Feature", "properties": {"name": "Arli-griz to Vollmer Peak", "step": 1188, "lat": 37.91294, "lon": -122.26906, "elevation_m": 160.7, "time": null, "elevation_f": 527.2309879999999, "step_elevation_m": -0.5, "step_elevation_f": -1.6404200000000628, "step_dist_m": 17.906993002500176, "step_dist_f": 58.749978922322676, "step_grade": -0.02792205257075769, "step_turn": 7.012413408107136, "coast_speed_mps": 3.1653510873422226, "coast_speed_mph": 7.080688724369674}, "geometry": {"type": "Point", "coordinates": [-122.26906, 37.91294]}}, {"id": "1189", "type": "Feature", "properties": {"name": "Arli-griz to Vollmer Peak", "step": 1189, "lat": 37.91294, "lon": -122.26906, "elevation_m": 160.7, "time": null, "elevation_f": 527.2309879999999, "step_elevation_m": 0.0, "step_elevation_f": 0.0, "step_dist_m": 0.0, "step_dist_f": 0.0, "step_grade": null, "step_turn": null, "coast_speed_mps": 3.1653510873422226, "coast_speed_mph": 7.080688724369674}, "geometry": {"type": "Point", "coordinates": [-122.26906, 37.91294]}}, {"id": "1190", "type": "Feature", "properties": {"name": "Arli-griz to Vollmer Peak", "step": 1190, "lat": 37.91309, "lon": -122.2693, "elevation_m": 158.8, "time": null, "elevation_f": 520.997392, "step_elevation_m": -1.8999999999999773, "step_elevation_f": -6.23359599999992, "step_dist_m": 26.86046146326736, "step_dist_f": 88.12487638714609, "step_grade": -0.07073594035598738, "step_turn": null, "coast_speed_mps": 6.4162872505611, "coast_speed_mph": 14.352825811026067}, "geometry": {"type": "Point", "coordinates": [-122.2693, 37.91309]}}, {"id": "1191", "type": "Feature", "properties": {"name": "Arli-griz to Vollmer Peak", "step": 1191, "lat": 37.91327, "lon": -122.26978, "elevation_m": 153.6, "time": null, "elevation_f": 503.93702399999995, "step_elevation_m": -5.200000000000017, "step_elevation_f": -17.06036800000004, "step_dist_m": 46.623441006090644, "step_dist_f": 152.96405019042243, "step_grade": -0.111531879410632, "step_turn": 12.96344913458637, "coast_speed_mps": 11.055918565141374, "coast_speed_mph": 24.731385480362746}, "geometry": {"type": "Point", "coordinates": [-122.26978, 37.91327]}}, {"id": "1192", "type": "Feature", "properties": {"name": "Arli-griz to Vollmer Peak", "step": 1192, "lat": 37.91337, "lon": -122.26994, "elevation_m": 152.0, "time": null, "elevation_f": 498.68768, "step_elevation_m": -1.5999999999999943, "step_elevation_f": -5.249343999999951, "step_dist_m": 17.90692869485211, "step_dist_f": 58.74976793921859, "step_grade": -0.08935088910361066, "step_turn": 12.963540178214316, "coast_speed_mps": 11.630076470342289, "coast_speed_mph": 26.0157401358766}, "geometry": {"type": "Point", "coordinates": [-122.26994, 37.91337]}}, {"id": "1193", "type": "Feature", "properties": {"name": "Arli-griz to Vollmer Peak", "step": 1193, "lat": 37.91348, "lon": -122.27008, "elevation_m": 154.0, "time": null, "elevation_f": 505.24936, "step_elevation_m": 2.0, "step_elevation_f": 6.561680000000024, "step_dist_m": 17.333416676183973, "step_dist_f": 56.868166767891424, "step_grade": 0.11538406059020032, "step_turn": 6.496319539642684, "coast_speed_mps": 8.75418086774193, "coast_speed_mph": 19.582544890260202}, "geometry": {"type": "Point", "coordinates": [-122.27008, 37.91348]}}, {"id": "1194", "type": "Feature", "properties": {"name": "Arli-griz to Vollmer Peak", "step": 1194, "lat": 37.91383, "lon": -122.27034, "elevation_m": 158.3, "time": null, "elevation_f": 519.356972, "step_elevation_m": 4.300000000000011, "step_elevation_f": 14.107612000000017, "step_dist_m": 45.10949038771292, "step_dist_f": 147.99702044362405, "step_grade": 0.09532362177098017, "step_turn": 14.744211220312195, "coast_speed_mps": 0.0, "coast_speed_mph": 0.0}, "geometry": {"type": "Point", "coordinates": [-122.27034, 37.91383]}}, {"id": "1195", "type": "Feature", "properties": {"name": "Arli-griz to Vollmer Peak", "step": 1195, "lat": 37.91402, "lon": -122.2705, "elevation_m": 160.5, "time": null, "elevation_f": 526.57482, "step_elevation_m": 2.1999999999999886, "step_elevation_f": 7.217848000000004, "step_dist_m": 25.364609012242116, "step_dist_f": 83.21722383172443, "step_grade": 0.0867350251264732, "step_turn": 3.2255452683189674, "coast_speed_mps": 0.0, "coast_speed_mph": 0.0}, "geometry": {"type": "Point", "coordinates": [-122.2705, 37.91402]}}, {"id": "1196", "type": "Feature", "properties": {"name": "Arli-griz to Vollmer Peak", "step": 1196, "lat": 37.91424, "lon": -122.27066, "elevation_m": 159.3, "time": null, "elevation_f": 522.637812, "step_elevation_m": -1.1999999999999886, "step_elevation_f": -3.9370079999999916, "step_dist_m": 28.203604847711247, "step_dist_f": 92.53151492856497, "step_grade": -0.04254775254721986, "step_turn": 3.7528426826455075, "coast_speed_mps": 4.372317712964489, "coast_speed_mph": 9.780596172522557}, "geometry": {"type": "Point", "coordinates": [-122.27066, 37.91424]}}, {"id": "1197", "type": "Feature", "properties": {"name": "Arli-griz to Vollmer Peak", "step": 1197, "lat": 37.91446, "lon": -122.27084, "elevation_m": 157.0, "time": null, "elevation_f": 515.09188, "step_elevation_m": -2.3000000000000114, "step_elevation_f": -7.545932000000107, "step_dist_m": 29.11653801669419, "step_dist_f": 95.52670258669096, "step_grade": -0.07899290769669419, "step_turn": 2.995891753221997, "coast_speed_mps": 7.464388013123739, "coast_speed_mph": 16.697360444532325}, "geometry": {"type": "Point", "coordinates": [-122.27084, 37.91446]}}, {"id": "1198", "type": "Feature", "properties": {"name": "Arli-griz to Vollmer Peak", "step": 1198, "lat": 37.91473, "lon": -122.27105, "elevation_m": 156.6, "time": null, "elevation_f": 513.779544, "step_elevation_m": -0.4000000000000057, "step_elevation_f": -1.3123359999999593, "step_dist_m": 35.2240775980084, "step_dist_f": 115.56456274664988, "step_grade": -0.011355868692005779, "step_turn": 1.3080720663026568, "coast_speed_mps": 5.891448390731086, "coast_speed_mph": 13.178794717991856}, "geometry": {"type": "Point", "coordinates": [-122.27105, 37.91473]}}, {"id": "1199", "type": "Feature", "properties": {"name": "Arli-griz to Vollmer Peak", "step": 1199, "lat": 37.9148, "lon": -122.27112, "elevation_m": 157.1, "time": null, "elevation_f": 515.4199639999999, "step_elevation_m": 0.5, "step_elevation_f": 1.6404199999999491, "step_dist_m": 9.9143100661586, "step_dist_f": 32.527265037455784, "step_grade": 0.05043215278355018, "step_turn": 6.737152390166727, "coast_speed_mps": 5.445766794106485, "coast_speed_mph": 12.181833379801537}, "geometry": {"type": "Point", "coordinates": [-122.27112, 37.9148]}}, {"id": "1200", "type": "Feature", "properties": {"name": "Arli-griz to Vollmer Peak", "step": 1200, "lat": 37.91485, "lon": -122.27122, "elevation_m": 157.3, "time": null, "elevation_f": 516.076132, "step_elevation_m": 0.20000000000001705, "step_elevation_f": 0.6561680000000933, "step_dist_m": 10.385884948815088, "step_dist_f": 34.07442677547049, "step_grade": 0.01925690501923332, "step_turn": 19.363724195804707, "coast_speed_mps": 4.337127346721672, "coast_speed_mph": 9.701877565143315}, "geometry": {"type": "Point", "coordinates": [-122.27122, 37.91485]}}, {"id": "1201", "type": "Feature", "properties": {"name": "Arli-griz to Vollmer Peak", "step": 1201, "lat": 37.91501, "lon": -122.27169, "elevation_m": 155.0, "time": null, "elevation_f": 508.5302, "step_elevation_m": -2.3000000000000114, "step_elevation_f": -7.54593200000005, "step_dist_m": 44.905186152568035, "step_dist_f": 147.3267309367913, "step_grade": -0.05121902829186867, "step_turn": 9.024841261912286, "coast_speed_mps": 7.133378541273674, "coast_speed_mph": 15.956913343937156}, "geometry": {"type": "Point", "coordinates": [-122.27169, 37.91501]}}, {"id": "1202", "type": "Feature", "properties": {"name": "Arli-griz to Vollmer Peak", "step": 1202, "lat": 37.91509, "lon": -122.27183, "elevation_m": 153.9, "time": null, "elevation_f": 504.92127600000003, "step_elevation_m": -1.0999999999999943, "step_elevation_f": -3.608923999999945, "step_dist_m": 15.16456702020292, "step_dist_f": 49.75251806256255, "step_grade": -0.0725375144924695, "step_turn": 12.575784193327593, "coast_speed_mps": 8.037582624053755, "coast_speed_mph": 17.97956027213168}, "geometry": {"type": "Point", "coordinates": [-122.27183, 37.91509]}}, {"id": "1203", "type": "Feature", "properties": {"name": "Arli-griz to Vollmer Peak", "step": 1203, "lat": 37.91524, "lon": -122.27202, "elevation_m": 151.8, "time": null, "elevation_f": 498.031512, "step_elevation_m": -2.0999999999999943, "step_elevation_f": -6.889764000000014, "step_dist_m": 23.579757856178936, "step_dist_f": 77.3614127648661, "step_grade": -0.08905943872742958, "step_turn": 9.103681719168605, "coast_speed_mps": 9.857801323675323, "coast_speed_mph": 22.051273540791232}, "geometry": {"type": "Point", "coordinates": [-122.27202, 37.91524]}}, {"id": "1204", "type": "Feature", "properties": {"name": "Arli-griz to Vollmer Peak", "step": 1204, "lat": 37.91527, "lon": -122.27208, "elevation_m": 151.1, "time": null, "elevation_f": 495.734924, "step_elevation_m": -0.700000000000017, "step_elevation_f": -2.2965880000000425, "step_dist_m": 6.231504982496737, "step_dist_f": 20.444570806774593, "step_grade": -0.11233241439527063, "step_turn": 12.654485501912006, "coast_speed_mps": 10.214791643331106, "coast_speed_mph": 22.84983814274135}, "geometry": {"type": "Point", "coordinates": [-122.27208, 37.91527]}}, {"id": "1205", "type": "Feature", "properties": {"name": "Arli-griz to Vollmer Peak", "step": 1205, "lat": 37.91529, "lon": -122.27215, "elevation_m": 150.2, "time": null, "elevation_f": 492.78216799999996, "step_elevation_m": -0.9000000000000057, "step_elevation_f": -2.952756000000022, "step_dist_m": 6.530973387003932, "step_dist_f": 21.42707872701798, "step_grade": -0.13780487940602043, "step_turn": 12.457304516265822, "coast_speed_mps": 10.560277084085142, "coast_speed_mph": 23.622667063540465}, "geometry": {"type": "Point", "coordinates": [-122.27215, 37.91529]}}, {"id": "1206", "type": "Feature", "properties": {"name": "Arli-griz to Vollmer Peak", "step": 1206, "lat": 37.91534, "lon": -122.27243, "elevation_m": 147.7, "time": null, "elevation_f": 484.580068, "step_elevation_m": -2.5, "step_elevation_f": -8.202099999999973, "step_dist_m": 25.184050991365424, "step_dist_f": 82.62484185451135, "step_grade": -0.09926917638695805, "step_turn": 7.154283595755373, "coast_speed_mps": 11.690015042457865, "coast_speed_mph": 26.149818903135856}, "geometry": {"type": "Point", "coordinates": [-122.27243, 37.91534]}}, {"id": "1207", "type": "Feature", "properties": {"name": "Arli-griz to Vollmer Peak", "step": 1207, "lat": 37.9154, "lon": -122.27262, "elevation_m": 147.1, "time": null, "elevation_f": 482.611564, "step_elevation_m": -0.5999999999999943, "step_elevation_f": -1.9685039999999958, "step_dist_m": 17.95321533306684, "step_dist_f": 58.90162699333901, "step_grade": -0.033420197377953466, "step_turn": 9.061320696280461, "coast_speed_mps": 11.321396660724208, "coast_speed_mph": 25.325243067117473}, "geometry": {"type": "Point", "coordinates": [-122.27262, 37.9154]}}, {"id": "1208", "type": "Feature", "properties": {"name": "Arli-griz to Vollmer Peak", "step": 1208, "lat": 37.91556, "lon": -122.27298, "elevation_m": 147.7, "time": null, "elevation_f": 484.580068, "step_elevation_m": 0.5999999999999943, "step_elevation_f": 1.9685039999999958, "step_dist_m": 36.24715347776973, "step_dist_f": 118.92111101600604, "step_grade": 0.016553023960018613, "step_turn": 7.579905623981858, "coast_speed_mps": 8.814415228200605, "coast_speed_mph": 19.717285317198897}, "geometry": {"type": "Point", "coordinates": [-122.27298, 37.91556]}}, {"id": "1209", "type": "Feature", "properties": {"name": "Arli-griz to Vollmer Peak", "step": 1209, "lat": 37.91574, "lon": -122.27328, "elevation_m": 149.0, "time": null, "elevation_f": 488.84516, "step_elevation_m": 1.3000000000000114, "step_elevation_f": 4.265092000000038, "step_dist_m": 33.06343306542019, "step_dist_f": 108.47583373835319, "step_grade": 0.039318361085728656, "step_turn": 7.859167029424611, "coast_speed_mps": 5.361119601523591, "coast_speed_mph": 11.992483002692344}, "geometry": {"type": "Point", "coordinates": [-122.27328, 37.91574]}}, {"id": "1210", "type": "Feature", "properties": {"name": "Arli-griz to Vollmer Peak", "step": 1210, "lat": 37.91589, "lon": -122.2736, "elevation_m": 149.2, "time": null, "elevation_f": 489.50132799999994, "step_elevation_m": 0.19999999999998863, "step_elevation_f": 0.6561679999999228, "step_dist_m": 32.6527712447373, "step_dist_f": 107.12851801058393, "step_grade": 0.006125054394340968, "step_turn": 6.536777937299007, "coast_speed_mps": 3.6086767596842853, "coast_speed_mph": 8.072380010031052}, "geometry": {"type": "Point", "coordinates": [-122.2736, 37.91589]}}, {"id": "1211", "type": "Feature", "properties": {"name": "Arli-griz to Vollmer Peak", "step": 1211, "lat": 37.91597, "lon": -122.27375, "elevation_m": 149.3, "time": null, "elevation_f": 489.82941200000005, "step_elevation_m": 0.10000000000002274, "step_elevation_f": 0.3280840000001035, "step_dist_m": 15.883230259531212, "step_dist_f": 52.11033716468038, "step_grade": 0.006295948517148439, "step_turn": 3.342487900440233, "coast_speed_mps": 2.6641137119835476, "coast_speed_mph": 5.95945264849576}, "geometry": {"type": "Point", "coordinates": [-122.27375, 37.91597]}}, {"id": "1212", "type": "Feature", "properties": {"name": "Arli-griz to Vollmer Peak", "step": 1212, "lat": 37.91612, "lon": -122.27406, "elevation_m": 149.2, "time": null, "elevation_f": 489.50132799999994, "step_elevation_m": -0.10000000000002274, "step_elevation_f": -0.3280840000001035, "step_dist_m": 31.901692417984126, "step_dist_f": 104.66434855261905, "step_grade": -0.0031346299340422818, "step_turn": 2.537601242728215, "coast_speed_mps": 1.5630186092962155, "coast_speed_mph": 3.496373052291101}, "geometry": {"type": "Point", "coordinates": [-122.27406, 37.91612]}}, {"id": "1213", "type": "Feature", "properties": {"name": "Arli-griz to Vollmer Peak", "step": 1213, "lat": 37.9162, "lon": -122.27428, "elevation_m": 149.0, "time": null, "elevation_f": 488.84516, "step_elevation_m": -0.19999999999998863, "step_elevation_f": -0.6561679999999228, "step_dist_m": 21.25051241331654, "step_dist_f": 69.71953114610544, "step_grade": -0.009411537760127587, "step_turn": 6.775848654703111, "coast_speed_mps": 1.2244990650625596, "coast_speed_mph": 2.739126398225121}, "geometry": {"type": "Point", "coordinates": [-122.27428, 37.9162]}}, {"id": "1214", "type": "Feature", "properties": {"name": "Arli-griz to Vollmer Peak", "step": 1214, "lat": 37.91625, "lon": -122.27436, "elevation_m": 149.0, "time": null, "elevation_f": 488.84516, "step_elevation_m": 0.0, "step_elevation_f": 0.0, "step_dist_m": 8.953247108562696, "step_dist_f": 29.374171243656836, "step_grade": 0.0, "step_turn": 13.640740404027952, "coast_speed_mps": 0.6801995941420436, "coast_speed_mph": 1.5215631579770106}, "geometry": {"type": "Point", "coordinates": [-122.27436, 37.91625]}}, {"id": "1215", "type": "Feature", "properties": {"name": "Arli-griz to Vollmer Peak", "step": 1215, "lat": 37.9163, "lon": -122.27442, "elevation_m": 149.1, "time": null, "elevation_f": 489.17324399999995, "step_elevation_m": 0.09999999999999432, "step_elevation_f": 0.328083999999933, "step_dist_m": 7.655963999015574, "step_dist_f": 25.117992926530256, "step_grade": 0.013061712413074644, "step_turn": 8.181199571919876, "coast_speed_mps": 0.0, "coast_speed_mph": 0.0}, "geometry": {"type": "Point", "coordinates": [-122.27442, 37.9163]}}, {"id": "1216", "type": "Feature", "properties": {"name": "Arli-griz to Vollmer Peak", "step": 1216, "lat": 37.91653, "lon": -122.27463, "elevation_m": 149.4, "time": null, "elevation_f": 490.15749600000004, "step_elevation_m": 0.30000000000001137, "step_elevation_f": 0.9842520000000832, "step_dist_m": 31.518766077297023, "step_dist_f": 103.40802849703917, "step_grade": 0.00951813910685106, "step_turn": 7.665957306390283, "coast_speed_mps": 0.0, "coast_speed_mph": 0.0}, "geometry": {"type": "Point", "coordinates": [-122.27463, 37.91653]}}, {"id": "1217", "type": "Feature", "properties": {"name": "Arli-griz to Vollmer Peak", "step": 1217, "lat": 37.91671, "lon": -122.27475, "elevation_m": 148.9, "time": null, "elevation_f": 488.51707600000003, "step_elevation_m": -0.5, "step_elevation_f": -1.640420000000006, "step_dist_m": 22.61447947482739, "step_dist_f": 74.19448884019269, "step_grade": -0.022109728439982868, "step_turn": 8.023902373023986, "coast_speed_mps": 3.3343304544827386, "coast_speed_mph": 7.458684803334679}, "geometry": {"type": "Point", "coordinates": [-122.27475, 37.91671]}}, {"id": "1218", "type": "Feature", "properties": {"name": "Arli-griz to Vollmer Peak", "step": 1218, "lat": 37.91682, "lon": -122.27482, "elevation_m": 148.2, "time": null, "elevation_f": 486.22048799999993, "step_elevation_m": -0.700000000000017, "step_elevation_f": -2.2965880000000993, "step_dist_m": 13.686290144666538, "step_dist_f": 44.90252815822777, "step_grade": -0.051146073377145426, "step_turn": 1.0835136342685132, "coast_speed_mps": 4.094486868532648, "coast_speed_mph": 9.159106273560853}, "geometry": {"type": "Point", "coordinates": [-122.27482, 37.91682]}}, {"id": "1219", "type": "Feature", "properties": {"name": "Arli-griz to Vollmer Peak", "step": 1219, "lat": 37.91705, "lon": -122.27487, "elevation_m": 146.9, "time": null, "elevation_f": 481.955396, "step_elevation_m": -1.299999999999983, "step_elevation_f": -4.265091999999925, "step_dist_m": 25.948216558209204, "step_dist_f": 85.13194681283508, "step_grade": -0.0500997822753527, "step_turn": 16.92643417251969, "coast_speed_mps": 4.838040044682832, "coast_speed_mph": 10.822387358363518}, "geometry": {"type": "Point", "coordinates": [-122.27487, 37.91705]}}, {"id": "1220", "type": "Feature", "properties": {"name": "Arli-griz to Vollmer Peak", "step": 1220, "lat": 37.91714, "lon": -122.27492, "elevation_m": 147.2, "time": null, "elevation_f": 482.939648, "step_elevation_m": 0.29999999999998295, "step_elevation_f": 0.9842519999999695, "step_dist_m": 10.926513358946238, "step_dist_f": 35.848142088565176, "step_grade": 0.02745615093714718, "step_turn": 13.935207308071142, "coast_speed_mps": 4.406334857174151, "coast_speed_mph": 9.8566903569572}, "geometry": {"type": "Point", "coordinates": [-122.27492, 37.91714]}}, {"id": "1221", "type": "Feature", "properties": {"name": "Arli-griz to Vollmer Peak", "step": 1221, "lat": 37.91721, "lon": -122.27499, "elevation_m": 148.3, "time": null, "elevation_f": 486.54857200000004, "step_elevation_m": 1.1000000000000227, "step_elevation_f": 3.6089240000000586, "step_dist_m": 9.914185456326711, "step_dist_f": 32.52685621253493, "step_grade": 0.11095213064609968, "step_turn": 14.60310759761893, "coast_speed_mps": 1.8506051566148491, "coast_speed_mph": 4.139685837094772}, "geometry": {"type": "Point", "coordinates": [-122.27499, 37.91721]}}, {"id": "1222", "type": "Feature", "properties": {"name": "Arli-griz to Vollmer Peak", "step": 1222, "lat": 37.91744, "lon": -122.27537, "elevation_m": 149.5, "time": null, "elevation_f": 490.48557999999997, "step_elevation_m": 1.1999999999999886, "step_elevation_f": 3.937007999999935, "step_dist_m": 42.014743798830246, "step_dist_f": 137.8436520449542, "step_grade": 0.028561402295957793, "step_turn": 14.233647448704062, "coast_speed_mps": 0.0, "coast_speed_mph": 0.0}, "geometry": {"type": "Point", "coordinates": [-122.27537, 37.91744]}}, {"id": "1223", "type": "Feature", "properties": {"name": "Arli-griz to Vollmer Peak", "step": 1223, "lat": 37.9176, "lon": -122.27553, "elevation_m": 149.4, "time": null, "elevation_f": 490.15749600000004, "step_elevation_m": -0.09999999999999432, "step_elevation_f": -0.328083999999933, "step_dist_m": 22.66095455363215, "step_dist_f": 74.34696613773849, "step_grade": -0.0044128767728350655, "step_turn": 14.233805792053772, "coast_speed_mps": 0.0, "coast_speed_mph": 0.0}, "geometry": {"type": "Point", "coordinates": [-122.27553, 37.9176]}}, {"id": "1224", "type": "Feature", "properties": {"name": "Arli-griz to Vollmer Peak", "step": 1224, "lat": 37.91776, "lon": -122.27564, "elevation_m": 148.9, "time": null, "elevation_f": 488.51707600000003, "step_elevation_m": -0.5, "step_elevation_f": -1.640420000000006, "step_dist_m": 20.23945903962436, "step_dist_f": 66.40242679556118, "step_grade": -0.024704217589072472, "step_turn": 9.795906154535203, "coast_speed_mps": 2.57550276822615, "coast_speed_mph": 5.761235612531646}, "geometry": {"type": "Point", "coordinates": [-122.27564, 37.91776]}}, {"id": "1225", "type": "Feature", "properties": {"name": "Arli-griz to Vollmer Peak", "step": 1225, "lat": 37.9181, "lon": -122.27581, "elevation_m": 146.6, "time": null, "elevation_f": 480.971144, "step_elevation_m": -2.3000000000000114, "step_elevation_f": -7.54593200000005, "step_dist_m": 40.641087560509064, "step_dist_f": 133.33690571202055, "step_grade": -0.05659297371350173, "step_turn": 6.947319238438979, "coast_speed_mps": 6.592744113615236, "coast_speed_mph": 14.747548571973937}, "geometry": {"type": "Point", "coordinates": [-122.27581, 37.9181]}}, {"id": "1226", "type": "Feature", "properties": {"name": "Arli-griz to Vollmer Peak", "step": 1226, "lat": 37.91823, "lon": -122.27591, "elevation_m": 145.4, "time": null, "elevation_f": 477.034136, "step_elevation_m": -1.1999999999999886, "step_elevation_f": -3.9370079999999916, "step_dist_m": 16.908746445839817, "step_dist_f": 55.47489168936911, "step_grade": -0.07096918768305462, "step_turn": 9.724433199494058, "coast_speed_mps": 7.689678205477444, "coast_speed_mph": 17.201320252052245}, "geometry": {"type": "Point", "coordinates": [-122.27591, 37.91823]}}, {"id": "1227", "type": "Feature", "properties": {"name": "Arli-griz to Vollmer Peak", "step": 1227, "lat": 37.91881, "lon": -122.27638, "elevation_m": 144.8, "time": null, "elevation_f": 475.06563200000005, "step_elevation_m": -0.5999999999999943, "step_elevation_f": -1.968503999999939, "step_dist_m": 76.5450056720604, "step_dist_f": 251.13191640912262, "step_grade": -0.00783852577620227, "step_turn": 1.3384537417972524, "coast_speed_mps": 5.169231253889622, "coast_speed_mph": 11.563240993847566}, "geometry": {"type": "Point", "coordinates": [-122.27638, 37.91881]}}, {"id": "1228", "type": "Feature", "properties": {"name": "Arli-griz to Vollmer Peak", "step": 1228, "lat": 37.91898, "lon": -122.27651, "elevation_m": 145.0, "time": null, "elevation_f": 475.7218, "step_elevation_m": 0.19999999999998863, "step_elevation_f": 0.6561679999999228, "step_dist_m": 22.076448175532935, "step_dist_f": 72.42929423221547, "step_grade": 0.009059428328767409, "step_turn": 1.4884301920657776, "coast_speed_mps": 3.8909359539495463, "coast_speed_mph": 8.703775845449046}, "geometry": {"type": "Point", "coordinates": [-122.27651, 37.91898]}}, {"id": "1229", "type": "Feature", "properties": {"name": "Arli-griz to Vollmer Peak", "step": 1229, "lat": 37.91916, "lon": -122.27662, "elevation_m": 146.4, "time": null, "elevation_f": 480.314976, "step_elevation_m": 1.4000000000000057, "step_elevation_f": 4.593176000000028, "step_dist_m": 22.219574764844527, "step_dist_f": 72.89886967149252, "step_grade": 0.06300750643594964, "step_turn": 5.362596404520787, "coast_speed_mps": 0.0, "coast_speed_mph": 0.0}, "geometry": {"type": "Point", "coordinates": [-122.27662, 37.91916]}}, {"id": "1230", "type": "Feature", "properties": {"name": "Arli-griz to Vollmer Peak", "step": 1230, "lat": 37.91928, "lon": -122.27671, "elevation_m": 147.9, "time": null, "elevation_f": 485.236236, "step_elevation_m": 1.5, "step_elevation_f": 4.921260000000018, "step_dist_m": 15.503962711658575, "step_dist_f": 50.86602102291792, "step_grade": 0.09674945869626216, "step_turn": 4.872652992742758, "coast_speed_mps": 0.0, "coast_speed_mph": 0.0}, "geometry": {"type": "Point", "coordinates": [-122.27671, 37.91928]}}, {"id": "1231", "type": "Feature", "properties": {"name": "Arli-griz to Vollmer Peak", "step": 1231, "lat": 37.91967, "lon": -122.27709, "elevation_m": 149.9, "time": null, "elevation_f": 491.79791600000004, "step_elevation_m": 2.0, "step_elevation_f": 6.561680000000024, "step_dist_m": 54.69655801157856, "step_dist_f": 179.4506553867074, "step_grade": 0.03656537216796395, "step_turn": 6.93646659655127, "coast_speed_mps": 0.0, "coast_speed_mph": 0.0}, "geometry": {"type": "Point", "coordinates": [-122.27709, 37.91967]}}, {"id": "1232", "type": "Feature", "properties": {"name": "Arli-griz to Vollmer Peak", "step": 1232, "lat": 37.91976, "lon": -122.2772, "elevation_m": 149.6, "time": null, "elevation_f": 490.81366399999996, "step_elevation_m": -0.30000000000001137, "step_elevation_f": -0.9842520000000832, "step_dist_m": 13.901622031812034, "step_dist_f": 45.60899762685019, "step_grade": -0.021580215554235387, "step_turn": 6.407652601651364, "coast_speed_mps": 0.0, "coast_speed_mph": 0.0}, "geometry": {"type": "Point", "coordinates": [-122.2772, 37.91976]}}, {"id": "1233", "type": "Feature", "properties": {"name": "Arli-griz to Vollmer Peak", "step": 1233, "lat": 37.9199, "lon": -122.27741, "elevation_m": 148.6, "time": null, "elevation_f": 487.532824, "step_elevation_m": -1.0, "step_elevation_f": -3.280839999999955, "step_dist_m": 24.11782584571508, "step_dist_f": 79.12672774765586, "step_grade": -0.0414631072633633, "step_turn": 5.844013969352034, "coast_speed_mps": 3.9792544597269175, "coast_speed_mph": 8.901338716282465}, "geometry": {"type": "Point", "coordinates": [-122.27741, 37.9199]}}, {"id": "1234", "type": "Feature", "properties": {"name": "Arli-griz to Vollmer Peak", "step": 1234, "lat": 37.92, "lon": -122.27758, "elevation_m": 148.2, "time": null, "elevation_f": 486.22048799999993, "step_elevation_m": -0.4000000000000057, "step_elevation_f": -1.312336000000073, "step_dist_m": 18.6014640906838, "step_dist_f": 61.028427447279036, "step_grade": -0.02150368369123903, "step_turn": 3.490082268852234, "coast_speed_mps": 4.320816144278899, "coast_speed_mph": 9.66539044443203}, "geometry": {"type": "Point", "coordinates": [-122.27758, 37.92]}}, {"id": "1235", "type": "Feature", "properties": {"name": "Arli-griz to Vollmer Peak", "step": 1235, "lat": 37.92011, "lon": -122.27774, "elevation_m": 146.9, "time": null, "elevation_f": 481.955396, "step_elevation_m": -1.299999999999983, "step_elevation_f": -4.265091999999925, "step_dist_m": 18.616849205378465, "step_dist_f": 61.07890354697388, "step_grade": -0.06982921683785294, "step_turn": 4.361455296723989, "coast_speed_mps": 7.869317560890717, "coast_speed_mph": 17.603162045657452}, "geometry": {"type": "Point", "coordinates": [-122.27774, 37.92011]}}, {"id": "1236", "type": "Feature", "properties": {"name": "Arli-griz to Vollmer Peak", "step": 1236, "lat": 37.92018, "lon": -122.27781, "elevation_m": 144.4, "time": null, "elevation_f": 473.75329600000003, "step_elevation_m": -2.5, "step_elevation_f": -8.202099999999973, "step_dist_m": 9.914031883317373, "step_dist_f": 32.526352364062966, "step_grade": -0.25216783942432364, "step_turn": 10.659014790410652, "coast_speed_mps": 9.050625791281607, "coast_speed_mph": 20.245673298321396}, "geometry": {"type": "Point", "coordinates": [-122.27781, 37.92018]}}, {"id": "1237", "type": "Feature", "properties": {"name": "Arli-griz to Vollmer Peak", "step": 1237, "lat": 37.92032, "lon": -122.27787, "elevation_m": 140.8, "time": null, "elevation_f": 461.94227200000006, "step_elevation_m": -3.5999999999999943, "step_elevation_f": -11.811023999999975, "step_dist_m": 16.432909688363186, "step_dist_f": 53.913747421969475, "step_grade": -0.2190725847260818, "step_turn": 19.58911075394741, "coast_speed_mps": 11.027568761975445, "coast_speed_mph": 24.667968776788282}, "geometry": {"type": "Point", "coordinates": [-122.27787, 37.92032]}}, {"id": "1238", "type": "Feature", "properties": {"name": "Arli-griz to Vollmer Peak", "step": 1238, "lat": 37.9204, "lon": -122.27789, "elevation_m": 140.3, "time": null, "elevation_f": 460.30185200000005, "step_elevation_m": -0.5, "step_elevation_f": -1.640420000000006, "step_dist_m": 9.06693800517169, "step_dist_f": 29.747172884887483, "step_grade": -0.055145408484629, "step_turn": 7.523155768825973, "coast_speed_mps": 11.872258720129809, "coast_speed_mph": 26.55748639971769}, "geometry": {"type": "Point", "coordinates": [-122.27789, 37.9204]}}, {"id": "1239", "type": "Feature", "properties": {"name": "Arli-griz to Vollmer Peak", "step": 1239, "lat": 37.92058, "lon": -122.27798, "elevation_m": 142.6, "time": null, "elevation_f": 467.847784, "step_elevation_m": 2.299999999999983, "step_elevation_f": 7.545931999999937, "step_dist_m": 21.515769057215547, "step_dist_f": 70.58979575367505, "step_grade": 0.10689834018406388, "step_turn": 10.369351697762056, "coast_speed_mps": 8.299591536256393, "coast_speed_mph": 18.565657516679458}, "geometry": {"type": "Point", "coordinates": [-122.27798, 37.92058]}}, {"id": "1240", "type": "Feature", "properties": {"name": "Arli-griz to Vollmer Peak", "step": 1240, "lat": 37.92062, "lon": -122.27803, "elevation_m": 143.4, "time": null, "elevation_f": 470.472456, "step_elevation_m": 0.8000000000000114, "step_elevation_f": 2.6246720000000323, "step_dist_m": 6.246505790808417, "step_dist_f": 20.493786058715887, "step_grade": 0.12807160143470805, "step_turn": 23.07254372284183, "coast_speed_mps": 7.152610180256339, "coast_speed_mph": 15.999933295133166}, "geometry": {"type": "Point", "coordinates": [-122.27803, 37.92062]}}, {"id": "1241", "type": "Feature", "properties": {"name": "Arli-griz to Vollmer Peak", "step": 1241, "lat": 37.9208, "lon": -122.27837, "elevation_m": 143.5, "time": null, "elevation_f": 470.80054, "step_elevation_m": 0.09999999999999432, "step_elevation_f": 0.32808399999998983, "step_dist_m": 35.91755438857606, "step_dist_f": 117.83974914021587, "step_grade": 0.0027841539242382364, "step_turn": 11.535621495531245, "coast_speed_mps": 5.522755756441344, "coast_speed_mph": 12.354052783735993}, "geometry": {"type": "Point", "coordinates": [-122.27837, 37.9208]}}, {"id": "1242", "type": "Feature", "properties": {"name": "Arli-griz to Vollmer Peak", "step": 1242, "lat": 37.92093, "lon": -122.27854, "elevation_m": 143.0, "time": null, "elevation_f": 469.16012, "step_elevation_m": -0.5, "step_elevation_f": -1.640420000000006, "step_dist_m": 20.768309610945845, "step_dist_f": 68.13750090397556, "step_grade": -0.024075141856344302, "step_turn": 10.243313054785744, "coast_speed_mps": 6.0900311009022055, "coast_speed_mph": 13.623011589348154}, "geometry": {"type": "Point", "coordinates": [-122.27854, 37.92093]}}, {"id": "1243", "type": "Feature", "properties": {"name": "Arli-griz to Vollmer Peak", "step": 1243, "lat": 37.92102, "lon": -122.27864, "elevation_m": 142.3, "time": null, "elevation_f": 466.863532, "step_elevation_m": -0.6999999999999886, "step_elevation_f": -2.2965879999999856, "step_dist_m": 13.307662591742613, "step_dist_f": 43.66031173749283, "step_grade": -0.0526012735275042, "step_turn": 4.655832274839497, "coast_speed_mps": 6.378603812027126, "coast_speed_mph": 14.268530359760017}, "geometry": {"type": "Point", "coordinates": [-122.27864, 37.92102]}}, {"id": "1244", "type": "Feature", "properties": {"name": "Arli-griz to Vollmer Peak", "step": 1244, "lat": 37.92117, "lon": -122.27878, "elevation_m": 141.4, "time": null, "elevation_f": 463.910776, "step_elevation_m": -0.9000000000000057, "step_elevation_f": -2.952756000000022, "step_dist_m": 20.712429134757425, "step_dist_f": 67.95416600247755, "step_grade": -0.04345217039220765, "step_turn": 4.871904338439151, "coast_speed_mps": 7.007450362226666, "coast_speed_mph": 15.675220030034579}, "geometry": {"type": "Point", "coordinates": [-122.27878, 37.92117]}}, {"id": "1245", "type": "Feature", "properties": {"name": "Arli-griz to Vollmer Peak", "step": 1245, "lat": 37.92134, "lon": -122.27888, "elevation_m": 141.1, "time": null, "elevation_f": 462.926524, "step_elevation_m": -0.30000000000001137, "step_elevation_f": -0.9842520000000263, "step_dist_m": 20.8391694026434, "step_dist_f": 68.36998054296858, "step_grade": -0.01439596723859623, "step_turn": 11.470132965545929, "coast_speed_mps": 6.666849792825376, "coast_speed_mph": 14.91331825524644}, "geometry": {"type": "Point", "coordinates": [-122.27888, 37.92134]}}, {"id": "1246", "type": "Feature", "properties": {"name": "Arli-griz to Vollmer Peak", "step": 1246, "lat": 37.92152, "lon": -122.27899, "elevation_m": 139.4, "time": null, "elevation_f": 457.34909600000003, "step_elevation_m": -1.6999999999999886, "step_elevation_f": -5.577427999999941, "step_dist_m": 22.21944030854433, "step_dist_f": 72.89842854188457, "step_grade": -0.07650957793686035, "step_turn": 0.8448147024268451, "coast_speed_mps": 8.007333544149436, "coast_speed_mph": 17.911895007492454}, "geometry": {"type": "Point", "coordinates": [-122.27899, 37.92152]}}, {"id": "1247", "type": "Feature", "properties": {"name": "Arli-griz to Vollmer Peak", "step": 1247, "lat": 37.9216, "lon": -122.27903, "elevation_m": 138.9, "time": null, "elevation_f": 455.708676, "step_elevation_m": -0.5, "step_elevation_f": -1.640420000000006, "step_dist_m": 9.562545294603154, "step_dist_f": 31.373181104345814, "step_grade": -0.05228733403042667, "step_turn": 4.212066451036264, "coast_speed_mps": 8.440742003707665, "coast_speed_mph": 18.88140211996165}, "geometry": {"type": "Point", "coordinates": [-122.27903, 37.9216]}}, {"id": "1248", "type": "Feature", "properties": {"name": "Arli-griz to Vollmer Peak", "step": 1248, "lat": 37.92178, "lon": -122.27914, "elevation_m": 137.5, "time": null, "elevation_f": 451.1155, "step_elevation_m": -1.4000000000000057, "step_elevation_f": -4.593176000000028, "step_dist_m": 22.21942549534147, "step_dist_f": 72.8983799421361, "step_grade": -0.06300792971868377, "step_turn": 4.211987215269232, "coast_speed_mps": 9.196388940878965, "coast_speed_mph": 20.57173617769988}, "geometry": {"type": "Point", "coordinates": [-122.27914, 37.92178]}}, {"id": "1249", "type": "Feature", "properties": {"name": "Arli-griz to Vollmer Peak", "step": 1249, "lat": 37.92188, "lon": -122.27919, "elevation_m": 136.7, "time": null, "elevation_f": 448.49082799999996, "step_elevation_m": -0.8000000000000114, "step_elevation_f": -2.6246720000000323, "step_dist_m": 11.95317571078209, "step_dist_f": 39.216456998962315, "step_grade": -0.06692782063584905, "step_turn": 4.2120620946210465, "coast_speed_mps": 9.409263470259239, "coast_speed_mph": 21.047922938124618}, "geometry": {"type": "Point", "coordinates": [-122.27919, 37.92188]}}, {"id": "1250", "type": "Feature", "properties": {"name": "Arli-griz to Vollmer Peak", "step": 1250, "lat": 37.92201, "lon": -122.27919, "elevation_m": 136.2, "time": null, "elevation_f": 446.85040799999996, "step_elevation_m": -0.5, "step_elevation_f": -1.640420000000006, "step_dist_m": 14.45534046365593, "step_dist_f": 47.42565920678092, "step_grade": -0.034589292535662904, "step_turn": null, "coast_speed_mps": 9.546264206039133, "coast_speed_mph": 21.35438485602882}, "geometry": {"type": "Point", "coordinates": [-122.27919, 37.92201]}}, {"id": "1251", "type": "Feature", "properties": {"name": "Arli-griz to Vollmer Peak", "step": 1251, "lat": 37.92222, "lon": -122.27924, "elevation_m": 134.5, "time": null, "elevation_f": 441.27298, "step_elevation_m": -1.6999999999999886, "step_elevation_f": -5.577427999999941, "step_dist_m": 23.75923588447161, "step_dist_f": 77.95025145920984, "step_grade": -0.07155112261464024, "step_turn": null, "coast_speed_mps": 9.649016591774053, "coast_speed_mph": 21.58423539677443}, "geometry": {"type": "Point", "coordinates": [-122.27924, 37.92222]}}, {"id": "1252", "type": "Feature", "properties": {"name": "Arli-griz to Vollmer Peak", "step": 1252, "lat": 37.92229, "lon": -122.2793, "elevation_m": 134.7, "time": null, "elevation_f": 441.92914799999994, "step_elevation_m": 0.19999999999998863, "step_elevation_f": 0.6561679999999228, "step_dist_m": 9.395936800733237, "step_dist_f": 30.826565293317632, "step_grade": 0.021285796641840025, "step_turn": 23.427310510557106, "coast_speed_mps": 9.682551925234499, "coast_speed_mph": 21.65925180125825}, "geometry": {"type": "Point", "coordinates": [-122.2793, 37.92229]}}, {"id": "1253", "type": "Feature", "properties": {"name": "Arli-griz to Vollmer Peak", "step": 1253, "lat": 37.92246, "lon": -122.27951, "elevation_m": 136.4, "time": null, "elevation_f": 447.506576, "step_elevation_m": 1.700000000000017, "step_elevation_f": 5.5774280000000545, "step_dist_m": 26.39382765087122, "step_dist_f": 86.59392551008433, "step_grade": 0.06440899828880646, "step_turn": 10.193984514144347, "coast_speed_mps": 6.595266315040159, "coast_speed_mph": 14.753190575877218}, "geometry": {"type": "Point", "coordinates": [-122.27951, 37.92246]}}, {"id": "1254", "type": "Feature", "properties": {"name": "Arli-griz to Vollmer Peak", "step": 1254, "lat": 37.92253, "lon": -122.27958, "elevation_m": 136.7, "time": null, "elevation_f": 448.49082799999996, "step_elevation_m": 0.29999999999998295, "step_elevation_f": 0.9842519999999695, "step_dist_m": 9.91391036643676, "step_dist_f": 32.525953686620376, "step_grade": 0.03026051163581464, "step_turn": 5.990815886505288, "coast_speed_mps": 5.306799377800041, "coast_speed_mph": 11.870972122852619}, "geometry": {"type": "Point", "coordinates": [-122.27958, 37.92253]}}, {"id": "1255", "type": "Feature", "properties": {"name": "Arli-griz to Vollmer Peak", "step": 1255, "lat": 37.92281, "lon": -122.27975, "elevation_m": 139.3, "time": null, "elevation_f": 457.02101200000004, "step_elevation_m": 2.6000000000000227, "step_elevation_f": 8.530184000000077, "step_dist_m": 34.52125344160998, "step_dist_f": 113.25870914137168, "step_grade": 0.07531592108605561, "step_turn": 12.676335239090122, "coast_speed_mps": 0.0, "coast_speed_mph": 0.0}, "geometry": {"type": "Point", "coordinates": [-122.27975, 37.92281]}}, {"id": "1256", "type": "Feature", "properties": {"name": "Arli-griz to Vollmer Peak", "step": 1256, "lat": 37.92294, "lon": -122.27981, "elevation_m": 140.9, "time": null, "elevation_f": 462.270356, "step_elevation_m": 1.5999999999999943, "step_elevation_f": 5.249343999999951, "step_dist_m": 15.383591968139013, "step_dist_f": 50.471103872749204, "step_grade": 0.10400691875562985, "step_turn": 5.586027161879144, "coast_speed_mps": 0.0, "coast_speed_mph": 0.0}, "geometry": {"type": "Point", "coordinates": [-122.27981, 37.92294]}}, {"id": "1257", "type": "Feature", "properties": {"name": "Arli-griz to Vollmer Peak", "step": 1257, "lat": 37.92312, "lon": -122.27987, "elevation_m": 141.8, "time": null, "elevation_f": 465.223112, "step_elevation_m": 0.9000000000000057, "step_elevation_f": 2.952756000000022, "step_dist_m": 20.695449176928282, "step_dist_f": 67.89845747763339, "step_grade": 0.04348782151601447, "step_turn": 5.273332578634722, "coast_speed_mps": 0.0, "coast_speed_mph": 0.0}, "geometry": {"type": "Point", "coordinates": [-122.27987, 37.92312]}}, {"id": "1258", "type": "Feature", "properties": {"name": "Arli-griz to Vollmer Peak", "step": 1258, "lat": 37.9232, "lon": -122.27988, "elevation_m": 141.9, "time": null, "elevation_f": 465.551196, "step_elevation_m": 0.09999999999999432, "step_elevation_f": 0.32808399999998983, "step_dist_m": 8.93873474452192, "step_dist_f": 29.326558499217295, "step_grade": 0.011187265631892596, "step_turn": 9.100760993362542, "coast_speed_mps": 0.0, "coast_speed_mph": 0.0}, "geometry": {"type": "Point", "coordinates": [-122.27988, 37.9232]}}, {"id": "1259", "type": "Feature", "properties": {"name": "Arli-griz to Vollmer Peak", "step": 1259, "lat": 37.92333, "lon": -122.27986, "elevation_m": 142.2, "time": null, "elevation_f": 466.535448, "step_elevation_m": 0.29999999999998295, "step_elevation_f": 0.9842519999999695, "step_dist_m": 14.561400846243133, "step_dist_f": 47.77362635238832, "step_grade": 0.020602413405670615, "step_turn": 12.550936515003684, "coast_speed_mps": 0.0, "coast_speed_mph": 0.0}, "geometry": {"type": "Point", "coordinates": [-122.27986, 37.92333]}}, {"id": "1260", "type": "Feature", "properties": {"name": "Arli-griz to Vollmer Peak", "step": 1260, "lat": 37.9234, "lon": -122.27982, "elevation_m": 142.7, "time": null, "elevation_f": 468.175868, "step_elevation_m": 0.5, "step_elevation_f": 1.640420000000006, "step_dist_m": 8.53786862462814, "step_dist_f": 28.01138089842499, "step_grade": 0.0585626251682664, "step_turn": 17.344506322230473, "coast_speed_mps": 0.0, "coast_speed_mph": 0.0}, "geometry": {"type": "Point", "coordinates": [-122.27982, 37.9234]}}, {"id": "1261", "type": "Feature", "properties": {"name": "Arli-griz to Vollmer Peak", "step": 1261, "lat": 37.92355, "lon": -122.27972, "elevation_m": 144.4, "time": null, "elevation_f": 473.75329600000003, "step_elevation_m": 1.700000000000017, "step_elevation_f": 5.5774280000000545, "step_dist_m": 18.845019002111076, "step_dist_f": 61.8274921428861, "step_grade": 0.09020951370808264, "step_turn": 3.47529254470237, "coast_speed_mps": 0.0, "coast_speed_mph": 0.0}, "geometry": {"type": "Point", "coordinates": [-122.27972, 37.92355]}}, {"id": "1262", "type": "Feature", "properties": {"name": "Arli-griz to Vollmer Peak", "step": 1262, "lat": 37.9236, "lon": -122.27969, "elevation_m": 144.9, "time": null, "elevation_f": 475.39371600000004, "step_elevation_m": 0.5, "step_elevation_f": 1.640420000000006, "step_dist_m": 6.151028851674819, "step_dist_f": 20.18054149772881, "step_grade": 0.08128721422983712, "step_turn": 2.411196392875354, "coast_speed_mps": 0.0, "coast_speed_mph": 0.0}, "geometry": {"type": "Point", "coordinates": [-122.27969, 37.9236]}}, {"id": "1263", "type": "Feature", "properties": {"name": "Arli-griz to Vollmer Peak", "step": 1263, "lat": 37.92365, "lon": -122.27968, "elevation_m": 145.2, "time": null, "elevation_f": 476.37796799999995, "step_elevation_m": 0.29999999999998295, "step_elevation_f": 0.9842519999999126, "step_dist_m": 5.628512540242617, "step_dist_f": 18.466249082529586, "step_grade": 0.05330005003187778, "step_turn": 16.362691582003663, "coast_speed_mps": 0.0, "coast_speed_mph": 0.0}, "geometry": {"type": "Point", "coordinates": [-122.27968, 37.92365]}}, {"id": "1264", "type": "Feature", "properties": {"name": "Arli-griz to Vollmer Peak", "step": 1264, "lat": 37.9237, "lon": -122.2797, "elevation_m": 145.1, "time": null, "elevation_f": 476.04988399999996, "step_elevation_m": -0.09999999999999432, "step_elevation_f": -0.32808399999998983, "step_dist_m": 5.829946109496897, "step_dist_f": 19.1271203938818, "step_grade": -0.017152817216799957, "step_turn": 26.477585645120257, "coast_speed_mps": 0.0, "coast_speed_mph": 0.0}, "geometry": {"type": "Point", "coordinates": [-122.2797, 37.9237]}}, {"id": "1265", "type": "Feature", "properties": {"name": "Arli-griz to Vollmer Peak", "step": 1265, "lat": 37.92374, "lon": -122.27974, "elevation_m": 145.2, "time": null, "elevation_f": 476.37796799999995, "step_elevation_m": 0.09999999999999432, "step_elevation_f": 0.32808399999998983, "step_dist_m": 5.665055441641588, "step_dist_f": 18.586140495155387, "step_grade": 0.0176520779064109, "step_turn": 20.755262849718804, "coast_speed_mps": 0.0, "coast_speed_mph": 0.0}, "geometry": {"type": "Point", "coordinates": [-122.27974, 37.92374]}}, {"id": "1266", "type": "Feature", "properties": {"name": "Arli-griz to Vollmer Peak", "step": 1266, "lat": 37.92375, "lon": -122.2798, "elevation_m": 145.2, "time": null, "elevation_f": 476.37796799999995, "step_elevation_m": 0.0, "step_elevation_f": 0.0, "step_dist_m": 5.379015684055823, "step_dist_f": 17.64768981687771, "step_grade": 0.0, "step_turn": 39.80237247030499, "coast_speed_mps": 0.0, "coast_speed_mph": 0.0}, "geometry": {"type": "Point", "coordinates": [-122.2798, 37.92375]}}, {"id": "1267", "type": "Feature", "properties": {"name": "Arli-griz to Vollmer Peak", "step": 1267, "lat": 37.92375, "lon": -122.27986, "elevation_m": 145.2, "time": null, "elevation_f": 476.37796799999995, "step_elevation_m": 0.0, "step_elevation_f": 0.0, "step_dist_m": 5.262829544686816, "step_dist_f": 17.266501683390292, "step_grade": 0.0, "step_turn": 11.930195455155797, "coast_speed_mps": 0.0, "coast_speed_mph": 0.0}, "geometry": {"type": "Point", "coordinates": [-122.27986, 37.92375]}}, {"id": "1268", "type": "Feature", "properties": {"name": "Arli-griz to Vollmer Peak", "step": 1268, "lat": 37.92375, "lon": -122.27995, "elevation_m": 145.2, "time": null, "elevation_f": 476.37796799999995, "step_elevation_m": 0.0, "step_elevation_f": 0.0, "step_dist_m": 7.894244315914137, "step_dist_f": 25.89975252142374, "step_grade": 0.0, "step_turn": 9.21882940474461e-06, "coast_speed_mps": 0.0, "coast_speed_mph": 0.0}, "geometry": {"type": "Point", "coordinates": [-122.27995, 37.92375]}}, {"id": "1269", "type": "Feature", "properties": {"name": "Arli-griz to Vollmer Peak", "step": 1269, "lat": 37.92368, "lon": -122.28028, "elevation_m": 143.1, "time": null, "elevation_f": 469.488204, "step_elevation_m": -2.0999999999999943, "step_elevation_f": -6.889763999999957, "step_dist_m": 29.973847149524794, "step_dist_f": 98.33939668204692, "step_grade": -0.07006107656198172, "step_turn": 15.051073308243843, "coast_speed_mps": 6.1861690098371716, "coast_speed_mph": 13.838065966887001}, "geometry": {"type": "Point", "coordinates": [-122.28028, 37.92368]}}, {"id": "1270", "type": "Feature", "properties": {"name": "Arli-griz to Vollmer Peak", "step": 1270, "lat": 37.92367, "lon": -122.28039, "elevation_m": 142.3, "time": null, "elevation_f": 466.863532, "step_elevation_m": -0.799999999999983, "step_elevation_f": -2.6246719999999755, "step_dist_m": 9.712392869011737, "step_dist_f": 31.864807020368467, "step_grade": -0.08236899091597241, "step_turn": 8.477003708997842, "coast_speed_mps": 7.037957751639812, "coast_speed_mph": 15.743463116588682}, "geometry": {"type": "Point", "coordinates": [-122.28039, 37.92367]}}, {"id": "1271", "type": "Feature", "properties": {"name": "Arli-griz to Vollmer Peak", "step": 1271, "lat": 37.92368, "lon": -122.2805, "elevation_m": 141.2, "time": null, "elevation_f": 463.25460799999996, "step_elevation_m": -1.1000000000000227, "step_elevation_f": -3.6089240000000586, "step_dist_m": 9.712392871228893, "step_dist_f": 31.864807027642602, "step_grade": -0.1132573624836123, "step_turn": 13.148151489302165, "coast_speed_mps": 7.97557818686195, "coast_speed_mph": 17.840860296308925}, "geometry": {"type": "Point", "coordinates": [-122.2805, 37.92368]}}, {"id": "1272", "type": "Feature", "properties": {"name": "Arli-griz to Vollmer Peak", "step": 1272, "lat": 37.9237, "lon": -122.28056, "elevation_m": 140.7, "time": null, "elevation_f": 461.61418799999996, "step_elevation_m": -0.5, "step_elevation_f": -1.640420000000006, "step_dist_m": 5.713417952226176, "step_dist_f": 18.744810154381728, "step_grade": -0.08751328962467729, "step_turn": 16.333211280397393, "coast_speed_mps": 8.40851225440831, "coast_speed_mph": 18.809306224070106}, "geometry": {"type": "Point", "coordinates": [-122.28056, 37.9237]}}, {"id": "1273", "type": "Feature", "properties": {"name": "Arli-griz to Vollmer Peak", "step": 1273, "lat": 37.92372, "lon": -122.28061, "elevation_m": 140.1, "time": null, "elevation_f": 459.64568399999996, "step_elevation_m": -0.5999999999999943, "step_elevation_f": -1.9685039999999958, "step_dist_m": 4.917319764982274, "step_dist_f": 16.132939377744442, "step_grade": -0.12201769026142582, "step_turn": 3.9813593708467465, "coast_speed_mps": 8.749860572847082, "coast_speed_mph": 19.57288066581754}, "geometry": {"type": "Point", "coordinates": [-122.28061, 37.92372]}}, {"id": "1274", "type": "Feature", "properties": {"name": "Arli-griz to Vollmer Peak", "step": 1274, "lat": 37.92377, "lon": -122.28068, "elevation_m": 139.6, "time": null, "elevation_f": 458.00526399999995, "step_elevation_m": -0.5, "step_elevation_f": -1.640420000000006, "step_dist_m": 8.283114691684561, "step_dist_f": 27.175574005066377, "step_grade": -0.060363766362181506, "step_turn": 15.272207835545998, "coast_speed_mps": 9.192430350389586, "coast_speed_mph": 20.562881062968806}, "geometry": {"type": "Point", "coordinates": [-122.28068, 37.92377]}}, {"id": "1275", "type": "Feature", "properties": {"name": "Arli-griz to Vollmer Peak", "step": 1275, "lat": 37.924, "lon": -122.28088, "elevation_m": 139.1, "time": null, "elevation_f": 456.364844, "step_elevation_m": -0.5, "step_elevation_f": -1.6404199999999491, "step_dist_m": 31.013216031037143, "step_dist_f": 101.7493996832679, "step_grade": -0.016122159001491953, "step_turn": 13.391492403908387, "coast_speed_mps": 8.755975405984433, "coast_speed_mph": 19.586559157982336}, "geometry": {"type": "Point", "coordinates": [-122.28088, 37.924]}}, {"id": "1276", "type": "Feature", "properties": {"name": "Arli-griz to Vollmer Peak", "step": 1276, "lat": 37.92406, "lon": -122.28099, "elevation_m": 138.5, "time": null, "elevation_f": 454.39634, "step_elevation_m": -0.5999999999999943, "step_elevation_f": -1.9685039999999958, "step_dist_m": 11.730505848135532, "step_dist_f": 38.48591280679698, "step_grade": -0.05114868938881774, "step_turn": 20.889417048920507, "coast_speed_mps": 8.623060042260475, "coast_speed_mph": 19.289235957096604}, "geometry": {"type": "Point", "coordinates": [-122.28099, 37.92406]}}, {"id": "1277", "type": "Feature", "properties": {"name": "Arli-griz to Vollmer Peak", "step": 1277, "lat": 37.92413, "lon": -122.28121, "elevation_m": 136.9, "time": null, "elevation_f": 449.146996, "step_elevation_m": -1.5999999999999943, "step_elevation_f": -5.249344000000008, "step_dist_m": 20.807629616087706, "step_dist_f": 68.2665035496452, "step_grade": -0.07689487123333512, "step_turn": 12.695650556167891, "coast_speed_mps": 9.56489746584617, "coast_speed_mph": 21.396066271130458}, "geometry": {"type": "Point", "coordinates": [-122.28121, 37.92413]}}, {"id": "1278", "type": "Feature", "properties": {"name": "Arli-griz to Vollmer Peak", "step": 1278, "lat": 37.92421, "lon": -122.28135, "elevation_m": 136.2, "time": null, "elevation_f": 446.85040799999996, "step_elevation_m": -0.700000000000017, "step_elevation_f": -2.2965880000000425, "step_dist_m": 15.163333763356965, "step_dist_f": 49.74847194417207, "step_grade": -0.04616399077698902, "step_turn": 13.952484614378136, "coast_speed_mps": 9.635791620097907, "coast_speed_mph": 21.55465197767067}, "geometry": {"type": "Point", "coordinates": [-122.28135, 37.92421]}}, {"id": "1279", "type": "Feature", "properties": {"name": "Arli-griz to Vollmer Peak", "step": 1279, "lat": 37.92428, "lon": -122.28144, "elevation_m": 135.7, "time": null, "elevation_f": 445.20998799999995, "step_elevation_m": -0.5, "step_elevation_f": -1.640420000000006, "step_dist_m": 11.086179762615725, "step_dist_f": 36.37198201238017, "step_grade": -0.045101199033960794, "step_turn": 8.676237460068478, "coast_speed_mps": 9.68175809835948, "coast_speed_mph": 21.657476061111915}, "geometry": {"type": "Point", "coordinates": [-122.28144, 37.92428]}}, {"id": "1280", "type": "Feature", "properties": {"name": "Arli-griz to Vollmer Peak", "step": 1280, "lat": 37.92446, "lon": -122.28161, "elevation_m": 134.7, "time": null, "elevation_f": 441.92914799999994, "step_elevation_m": -1.0, "step_elevation_f": -3.280840000000012, "step_dist_m": 24.95893267251228, "step_dist_f": 81.88626466928518, "step_grade": -0.04006581583920525, "step_turn": 8.717934271034096, "coast_speed_mps": 9.643881371106897, "coast_speed_mph": 21.572748235296363}, "geometry": {"type": "Point", "coordinates": [-122.28161, 37.92446]}}, {"id": "1281", "type": "Feature", "properties": {"name": "Arli-griz to Vollmer Peak", "step": 1281, "lat": 37.92452, "lon": -122.28164, "elevation_m": 134.4, "time": null, "elevation_f": 440.944896, "step_elevation_m": -0.29999999999998295, "step_elevation_f": -0.9842519999999126, "step_dist_m": 7.1718705017054125, "step_dist_f": 23.529759616815184, "step_grade": -0.041830091595859875, "step_turn": 15.161232140467234, "coast_speed_mps": 9.533905225214232, "coast_speed_mph": 21.326738603288792}, "geometry": {"type": "Point", "coordinates": [-122.28164, 37.92452]}}, {"id": "1282", "type": "Feature", "properties": {"name": "Arli-griz to Vollmer Peak", "step": 1282, "lat": 37.9246, "lon": -122.28166, "elevation_m": 134.6, "time": null, "elevation_f": 441.60106399999995, "step_elevation_m": 0.19999999999998863, "step_elevation_f": 0.6561679999999228, "step_dist_m": 9.066918619033252, "step_dist_f": 29.747109282069054, "step_grade": 0.02205821055679811, "step_turn": 10.368927584766993, "coast_speed_mps": 9.362586622963128, "coast_speed_mph": 20.943509804409267}, "geometry": {"type": "Point", "coordinates": [-122.28166, 37.9246]}}, {"id": "1283", "type": "Feature", "properties": {"name": "Arli-griz to Vollmer Peak", "step": 1283, "lat": 37.92473, "lon": -122.28168, "elevation_m": 134.0, "time": null, "elevation_f": 439.63256, "step_elevation_m": -0.5999999999999943, "step_elevation_f": -1.968503999999939, "step_dist_m": 14.56139682261953, "step_dist_f": 47.77361315152306, "step_grade": -0.04120483819711308, "step_turn": 4.236477586162948, "coast_speed_mps": 9.512539227296738, "coast_speed_mph": 21.27894422713119}, "geometry": {"type": "Point", "coordinates": [-122.28168, 37.92473]}}, {"id": "1284", "type": "Feature", "properties": {"name": "Arli-griz to Vollmer Peak", "step": 1284, "lat": 37.92482, "lon": -122.28172, "elevation_m": 132.7, "time": null, "elevation_f": 435.367468, "step_elevation_m": -1.3000000000000114, "step_elevation_f": -4.265092000000038, "step_dist_m": 10.604740735002366, "step_dist_f": 34.79245759302516, "step_grade": -0.1225866838695252, "step_turn": 12.400543681902377, "coast_speed_mps": 10.01934414776917, "coast_speed_mph": 22.412634546727716}, "geometry": {"type": "Point", "coordinates": [-122.28172, 37.92482]}}, {"id": "1285", "type": "Feature", "properties": {"name": "Arli-griz to Vollmer Peak", "step": 1285, "lat": 37.92493, "lon": -122.28178, "elevation_m": 131.2, "time": null, "elevation_f": 430.44620799999996, "step_elevation_m": -1.5, "step_elevation_f": -4.921260000000018, "step_dist_m": 13.31558106379836, "step_dist_f": 43.686290977352215, "step_grade": -0.11264998446655206, "step_turn": 3.9605132552634927, "coast_speed_mps": 10.92602829208711, "coast_speed_mph": 24.44082921458281}, "geometry": {"type": "Point", "coordinates": [-122.28178, 37.92493]}}, {"id": "1286", "type": "Feature", "properties": {"name": "Arli-griz to Vollmer Peak", "step": 1286, "lat": 37.92506, "lon": -122.28185, "elevation_m": 131.0, "time": null, "elevation_f": 429.79004, "step_elevation_m": -0.19999999999998863, "step_elevation_f": -0.6561679999999797, "step_dist_m": 15.705247403969395, "step_dist_f": 51.52640389283895, "step_grade": -0.012734597224456329, "step_turn": 0.26725462004122846, "coast_speed_mps": 9.701879763510677, "coast_speed_mph": 21.70248694414519}, "geometry": {"type": "Point", "coordinates": [-122.28185, 37.92506]}}, {"id": "1287", "type": "Feature", "properties": {"name": "Arli-griz to Vollmer Peak", "step": 1287, "lat": 37.92515, "lon": -122.28188, "elevation_m": 132.0, "time": null, "elevation_f": 433.07088, "step_elevation_m": 1.0, "step_elevation_f": 3.280840000000012, "step_dist_m": 10.34770570613917, "step_dist_f": 33.94916678892963, "step_grade": 0.09663977971529593, "step_turn": 8.28141069236409, "coast_speed_mps": 8.907636396487462, "coast_speed_mph": 19.92581513172748}, "geometry": {"type": "Point", "coordinates": [-122.28188, 37.92515]}}, {"id": "1288", "type": "Feature", "properties": {"name": "Arli-griz to Vollmer Peak", "step": 1288, "lat": 37.92538, "lon": -122.28189, "elevation_m": 135.7, "time": null, "elevation_f": 445.20998799999995, "step_elevation_m": 3.6999999999999886, "step_elevation_f": 12.139107999999965, "step_dist_m": 25.589869662031372, "step_dist_f": 83.95626798197901, "step_grade": 0.1445884660166837, "step_turn": 12.767529264262066, "coast_speed_mps": 1.5229704497506682, "coast_speed_mph": 3.406787870773681}, "geometry": {"type": "Point", "coordinates": [-122.28189, 37.92538]}}, {"id": "1289", "type": "Feature", "properties": {"name": "Arli-griz to Vollmer Peak", "step": 1289, "lat": 37.92551, "lon": -122.28192, "elevation_m": 136.7, "time": null, "elevation_f": 448.49082799999996, "step_elevation_m": 1.0, "step_elevation_f": 3.280840000000012, "step_dist_m": 14.692885776464122, "step_dist_f": 48.20500737085455, "step_grade": 0.0680601493276328, "step_turn": 8.352514916664347, "coast_speed_mps": 0.0, "coast_speed_mph": 0.0}, "geometry": {"type": "Point", "coordinates": [-122.28192, 37.92551]}}, {"id": "1290", "type": "Feature", "properties": {"name": "Arli-griz to Vollmer Peak", "step": 1290, "lat": 37.92563, "lon": -122.28197, "elevation_m": 136.9, "time": null, "elevation_f": 449.146996, "step_elevation_m": 0.20000000000001705, "step_elevation_f": 0.6561680000000365, "step_dist_m": 14.0456194099172, "step_dist_f": 46.081429984832745, "step_grade": 0.014239315060666027, "step_turn": 7.877396942283042, "coast_speed_mps": 0.0, "coast_speed_mph": 0.0}, "geometry": {"type": "Point", "coordinates": [-122.28197, 37.92563]}}, {"id": "1291", "type": "Feature", "properties": {"name": "Arli-griz to Vollmer Peak", "step": 1291, "lat": 37.92573, "lon": -122.28199, "elevation_m": 137.2, "time": null, "elevation_f": 450.13124799999997, "step_elevation_m": 0.29999999999998295, "step_elevation_f": 0.9842519999999695, "step_dist_m": 11.25701744100857, "step_dist_f": 36.93247310115856, "step_grade": 0.026650043101745832, "step_turn": 9.228982408909587, "coast_speed_mps": 0.0, "coast_speed_mph": 0.0}, "geometry": {"type": "Point", "coordinates": [-122.28199, 37.92573]}}, {"id": "1292", "type": "Feature", "properties": {"name": "Arli-griz to Vollmer Peak", "step": 1292, "lat": 37.92606, "lon": -122.28201, "elevation_m": 137.6, "time": null, "elevation_f": 451.443584, "step_elevation_m": 0.4000000000000057, "step_elevation_f": 1.3123360000000162, "step_dist_m": 36.73623350238432, "step_dist_f": 120.52570432396259, "step_grade": 0.010888432532802911, "step_turn": 6.228167664076466, "coast_speed_mps": 0.0, "coast_speed_mph": 0.0}, "geometry": {"type": "Point", "coordinates": [-122.28201, 37.92606]}}, {"id": "1293", "type": "Feature", "properties": {"name": "Arli-griz to Vollmer Peak", "step": 1293, "lat": 37.92618, "lon": -122.28201, "elevation_m": 137.6, "time": null, "elevation_f": 451.443584, "step_elevation_m": 0.0, "step_elevation_f": 0.0, "step_dist_m": 13.343391197764953, "step_dist_f": 43.77753157727517, "step_grade": 0.0, "step_turn": null, "coast_speed_mps": 0.0, "coast_speed_mph": 0.0}, "geometry": {"type": "Point", "coordinates": [-122.28201, 37.92618]}}, {"id": "1294", "type": "Feature", "properties": {"name": "Arli-griz to Vollmer Peak", "step": 1294, "lat": 37.92658, "lon": -122.28202, "elevation_m": 137.8, "time": null, "elevation_f": 452.099752, "step_elevation_m": 0.20000000000001705, "step_elevation_f": 0.6561680000000365, "step_dist_m": 44.486618103685146, "step_dist_f": 145.95347613929437, "step_grade": 0.004495733965074087, "step_turn": null, "coast_speed_mps": 0.0, "coast_speed_mph": 0.0}, "geometry": {"type": "Point", "coordinates": [-122.28202, 37.92658]}}, {"id": "1295", "type": "Feature", "properties": {"name": "Arli-griz to Vollmer Peak", "step": 1295, "lat": 37.92665, "lon": -122.28203, "elevation_m": 138.3, "time": null, "elevation_f": 453.74017200000003, "step_elevation_m": 0.5, "step_elevation_f": 1.640420000000006, "step_dist_m": 7.83290744016647, "step_dist_f": 25.69851604599576, "step_grade": 0.06383325780616829, "step_turn": 5.299555263144612, "coast_speed_mps": 0.0, "coast_speed_mph": 0.0}, "geometry": {"type": "Point", "coordinates": [-122.28203, 37.92665]}}, {"id": "1296", "type": "Feature", "properties": {"name": "Arli-griz to Vollmer Peak", "step": 1296, "lat": 37.92671, "lon": -122.28206, "elevation_m": 138.8, "time": null, "elevation_f": 455.38059200000004, "step_elevation_m": 0.5, "step_elevation_f": 1.640420000000006, "step_dist_m": 7.171841748010239, "step_dist_f": 23.529665280541913, "step_grade": 0.06971709883848459, "step_turn": 15.0949360380867, "coast_speed_mps": 0.0, "coast_speed_mph": 0.0}, "geometry": {"type": "Point", "coordinates": [-122.28206, 37.92671]}}, {"id": "1297", "type": "Feature", "properties": {"name": "Arli-griz to Vollmer Peak", "step": 1297, "lat": 37.92676, "lon": -122.2821, "elevation_m": 139.2, "time": null, "elevation_f": 456.69292799999994, "step_elevation_m": 0.39999999999997726, "step_elevation_f": 1.3123359999999025, "step_dist_m": 6.574170994124942, "step_dist_f": 21.568803164364873, "step_grade": 0.06084417341098069, "step_turn": 10.729249830698109, "coast_speed_mps": 0.0, "coast_speed_mph": 0.0}, "geometry": {"type": "Point", "coordinates": [-122.2821, 37.92676]}}, {"id": "1298", "type": "Feature", "properties": {"name": "Arli-griz to Vollmer Peak", "step": 1298, "lat": 37.92683, "lon": -122.28229, "elevation_m": 138.9, "time": null, "elevation_f": 455.708676, "step_elevation_m": -0.29999999999998295, "step_elevation_f": -0.9842519999999126, "step_dist_m": 18.393076011438747, "step_dist_f": 60.3447395013687, "step_grade": -0.01631048552256357, "step_turn": 32.710741455431844, "coast_speed_mps": 1.2275502599497083, "coast_speed_mph": 2.745951726802315}, "geometry": {"type": "Point", "coordinates": [-122.28229, 37.92683]}}, {"id": "1299", "type": "Feature", "properties": {"name": "Arli-griz to Vollmer Peak", "step": 1299, "lat": 37.92687, "lon": -122.28234, "elevation_m": 138.9, "time": null, "elevation_f": 455.708676, "step_elevation_m": 0.0, "step_elevation_f": 0.0, "step_dist_m": 6.24624408097565, "step_dist_f": 20.492927430628153, "step_grade": 0.0, "step_turn": 20.368254434387836, "coast_speed_mps": 1.3970392853103615, "coast_speed_mph": 3.1250878787364886}, "geometry": {"type": "Point", "coordinates": [-122.28234, 37.92687]}}, {"id": "1300", "type": "Feature", "properties": {"name": "Arli-griz to Vollmer Peak", "step": 1300, "lat": 37.92712, "lon": -122.28263, "elevation_m": 141.2, "time": null, "elevation_f": 463.25460799999996, "step_elevation_m": 2.299999999999983, "step_elevation_f": 7.545931999999937, "step_dist_m": 37.679620840670545, "step_dist_f": 123.62080723890556, "step_grade": 0.06104095393437224, "step_turn": 2.1374755083639343, "coast_speed_mps": 0.0, "coast_speed_mph": 0.0}, "geometry": {"type": "Point", "coordinates": [-122.28263, 37.92712]}}, {"id": "1301", "type": "Feature", "properties": {"name": "Arli-griz to Vollmer Peak", "step": 1301, "lat": 37.92717, "lon": -122.28271, "elevation_m": 142.4, "time": null, "elevation_f": 467.191616, "step_elevation_m": 1.200000000000017, "step_elevation_f": 3.9370080000000485, "step_dist_m": 8.952430402496956, "step_dist_f": 29.371491761728112, "step_grade": 0.13404181278698582, "step_turn": 9.149957327314098, "coast_speed_mps": 0.0, "coast_speed_mph": 0.0}, "geometry": {"type": "Point", "coordinates": [-122.28271, 37.92717]}}, {"id": "1302", "type": "Feature", "properties": {"name": "Arli-griz to Vollmer Peak", "step": 1302, "lat": 37.92724, "lon": -122.28285, "elevation_m": 143.0, "time": null, "elevation_f": 469.16012, "step_elevation_m": 0.5999999999999943, "step_elevation_f": 1.9685039999999958, "step_dist_m": 14.53849289612074, "step_dist_f": 47.69846903330877, "step_grade": 0.04126975225610149, "step_turn": 6.021712476999596, "coast_speed_mps": 0.0, "coast_speed_mph": 0.0}, "geometry": {"type": "Point", "coordinates": [-122.28285, 37.92724]}}, {"id": "1303", "type": "Feature", "properties": {"name": "Arli-griz to Vollmer Peak", "step": 1303, "lat": 37.92733, "lon": -122.28301, "elevation_m": 143.1, "time": null, "elevation_f": 469.488204, "step_elevation_m": 0.09999999999999432, "step_elevation_f": 0.32808399999998983, "step_dist_m": 17.236330763582036, "step_dist_f": 56.54964342239049, "step_grade": 0.005801698828574372, "step_turn": 3.123480852892385, "coast_speed_mps": 0.0, "coast_speed_mph": 0.0}, "geometry": {"type": "Point", "coordinates": [-122.28301, 37.92733]}}, {"id": "1304", "type": "Feature", "properties": {"name": "Arli-griz to Vollmer Peak", "step": 1304, "lat": 37.92748, "lon": -122.28323, "elevation_m": 142.3, "time": null, "elevation_f": 466.863532, "step_elevation_m": -0.799999999999983, "step_elevation_f": -2.6246719999999755, "step_dist_m": 25.505603568995493, "step_dist_f": 83.67980441330317, "step_grade": -0.03136565648548147, "step_turn": 5.346368674777921, "coast_speed_mps": 3.419450316031823, "coast_speed_mph": 7.6490925108084715}, "geometry": {"type": "Point", "coordinates": [-122.28323, 37.92748]}}, {"id": "1305", "type": "Feature", "properties": {"name": "Arli-griz to Vollmer Peak", "step": 1305, "lat": 37.92768, "lon": -122.28348, "elevation_m": 138.7, "time": null, "elevation_f": 455.05250799999993, "step_elevation_m": -3.6000000000000227, "step_elevation_f": -11.811024000000089, "step_dist_m": 31.231067550563186, "step_dist_f": 102.46413566258973, "step_grade": -0.11526983489026152, "step_turn": 4.564690641273216, "coast_speed_mps": 8.650278631697336, "coast_speed_mph": 19.35012220762645}, "geometry": {"type": "Point", "coordinates": [-122.28348, 37.92768]}}, {"id": "1306", "type": "Feature", "properties": {"name": "Arli-griz to Vollmer Peak", "step": 1306, "lat": 37.9278, "lon": -122.28359, "elevation_m": 137.1, "time": null, "elevation_f": 449.803164, "step_elevation_m": -1.5999999999999943, "step_elevation_f": -5.249343999999951, "step_dist_m": 16.46602381852474, "step_dist_f": 54.0223895847687, "step_grade": -0.09716978534914722, "step_turn": 8.726666138082805, "coast_speed_mps": 9.111103888557814, "coast_speed_mph": 20.38095894899294}, "geometry": {"type": "Point", "coordinates": [-122.28359, 37.9278]}}, {"id": "1307", "type": "Feature", "properties": {"name": "Arli-griz to Vollmer Peak", "step": 1307, "lat": 37.92791, "lon": -122.28365, "elevation_m": 136.9, "time": null, "elevation_f": 449.146996, "step_elevation_m": -0.19999999999998863, "step_elevation_f": -0.6561679999999797, "step_dist_m": 13.315496769071233, "step_dist_f": 43.686014419839665, "step_grade": -0.01502009301406926, "step_turn": 12.58933366015657, "coast_speed_mps": 9.157367695208405, "coast_speed_mph": 20.484448137098237}, "geometry": {"type": "Point", "coordinates": [-122.28365, 37.92791]}}, {"id": "1308", "type": "Feature", "properties": {"name": "Arli-griz to Vollmer Peak", "step": 1308, "lat": 37.92803, "lon": -122.28369, "elevation_m": 136.9, "time": null, "elevation_f": 449.146996, "step_elevation_m": 0.0, "step_elevation_f": 0.0, "step_dist_m": 13.796906179681482, "step_dist_f": 45.265441670546195, "step_grade": 0.0, "step_turn": 8.548374399943953, "coast_speed_mps": 8.687119583578985, "coast_speed_mph": 19.432533069924336}, "geometry": {"type": "Point", "coordinates": [-122.28369, 37.92803]}}, {"id": "1309", "type": "Feature", "properties": {"name": "Arli-griz to Vollmer Peak", "step": 1309, "lat": 37.92849, "lon": -122.28372, "elevation_m": 134.3, "time": null, "elevation_f": 440.61681200000004, "step_elevation_m": -2.5999999999999943, "step_elevation_f": -8.530183999999963, "step_dist_m": 51.21730032410122, "step_dist_f": 168.03576759532424, "step_grade": -0.05076409696620651, "step_turn": 11.786414849621053, "coast_speed_mps": 8.463362246124705, "coast_speed_mph": 18.932002161159392}, "geometry": {"type": "Point", "coordinates": [-122.28372, 37.92849]}}, {"id": "1310", "type": "Feature", "properties": {"name": "Arli-griz to Vollmer Peak", "step": 1310, "lat": 37.92857, "lon": -122.28374, "elevation_m": 135.0, "time": null, "elevation_f": 442.9134, "step_elevation_m": 0.6999999999999886, "step_elevation_f": 2.2965879999999856, "step_dist_m": 9.066900295169695, "step_dist_f": 29.747049164404544, "step_grade": 0.07720389297463731, "step_turn": 8.210465707219214, "coast_speed_mps": 8.193937914869716, "coast_speed_mph": 18.329317096612623}, "geometry": {"type": "Point", "coordinates": [-122.28374, 37.92857]}}, {"id": "1311", "type": "Feature", "properties": {"name": "Arli-griz to Vollmer Peak", "step": 1311, "lat": 37.92864, "lon": -122.28378, "elevation_m": 136.3, "time": null, "elevation_f": 447.17849200000006, "step_elevation_m": 1.3000000000000114, "step_elevation_f": 4.265092000000038, "step_dist_m": 8.537765882530497, "step_dist_f": 28.011043818041355, "step_grade": 0.15226465774377806, "step_turn": 13.10721674697021, "coast_speed_mps": 6.53423929118223, "coast_speed_mph": 14.616677011413346}, "geometry": {"type": "Point", "coordinates": [-122.28378, 37.92864]}}, {"id": "1312", "type": "Feature", "properties": {"name": "Arli-griz to Vollmer Peak", "step": 1312, "lat": 37.92882, "lon": -122.28396, "elevation_m": 138.5, "time": null, "elevation_f": 454.39634, "step_elevation_m": 2.1999999999999886, "step_elevation_f": 7.217847999999947, "step_dist_m": 25.49208326875714, "step_dist_f": 83.63544647146917, "step_grade": 0.08630130291062905, "step_turn": 14.002971716160346, "coast_speed_mps": 0.0, "coast_speed_mph": 0.0}, "geometry": {"type": "Point", "coordinates": [-122.28396, 37.92882]}}, {"id": "1313", "type": "Feature", "properties": {"name": "Arli-griz to Vollmer Peak", "step": 1313, "lat": 37.92901, "lon": -122.28407, "elevation_m": 141.0, "time": null, "elevation_f": 462.59844, "step_elevation_m": 2.5, "step_elevation_f": 8.202099999999973, "step_dist_m": 23.225686845606614, "step_dist_f": 76.19976243054, "step_grade": 0.10763944320005768, "step_turn": 13.721287984794571, "coast_speed_mps": 0.0, "coast_speed_mph": 0.0}, "geometry": {"type": "Point", "coordinates": [-122.28407, 37.92901]}}, {"id": "1314", "type": "Feature", "properties": {"name": "Arli-griz to Vollmer Peak", "step": 1314, "lat": 37.92913, "lon": -122.28413, "elevation_m": 142.5, "time": null, "elevation_f": 467.5197, "step_elevation_m": 1.5, "step_elevation_f": 4.921260000000018, "step_dist_m": 14.343620736601316, "step_dist_f": 47.05912465747106, "step_grade": 0.10457610582050436, "step_turn": 3.0206129940661413, "coast_speed_mps": 0.0, "coast_speed_mph": 0.0}, "geometry": {"type": "Point", "coordinates": [-122.28413, 37.92913]}}, {"id": "1315", "type": "Feature", "properties": {"name": "Arli-griz to Vollmer Peak", "step": 1315, "lat": 37.92924, "lon": -122.28415, "elevation_m": 143.7, "time": null, "elevation_f": 471.45670799999994, "step_elevation_m": 1.1999999999999886, "step_elevation_f": 3.937007999999935, "step_dist_m": 12.356585405062013, "step_dist_f": 40.539979660343654, "step_grade": 0.09711420757941715, "step_turn": 13.3622705679187, "coast_speed_mps": 0.0, "coast_speed_mph": 0.0}, "geometry": {"type": "Point", "coordinates": [-122.28415, 37.92924]}}, {"id": "1316", "type": "Feature", "properties": {"name": "Arli-griz to Vollmer Peak", "step": 1316, "lat": 37.92953, "lon": -122.28413, "elevation_m": 146.7, "time": null, "elevation_f": 481.29922799999997, "step_elevation_m": 3.0, "step_elevation_f": 9.842520000000036, "step_dist_m": 32.294204269215754, "step_dist_f": 105.95211713461381, "step_grade": 0.0928959256896672, "step_turn": 11.274993460057601, "coast_speed_mps": 0.0, "coast_speed_mph": 0.0}, "geometry": {"type": "Point", "coordinates": [-122.28413, 37.92953]}}, {"id": "1317", "type": "Feature", "properties": {"name": "Arli-griz to Vollmer Peak", "step": 1317, "lat": 37.92958, "lon": -122.28413, "elevation_m": 147.2, "time": null, "elevation_f": 482.939648, "step_elevation_m": 0.5, "step_elevation_f": 1.640420000000006, "step_dist_m": 5.559746332284177, "step_dist_f": 18.24063815681122, "step_grade": 0.08993216059096334, "step_turn": null, "coast_speed_mps": 0.0, "coast_speed_mph": 0.0}, "geometry": {"type": "Point", "coordinates": [-122.28413, 37.92958]}}, {"id": "1318", "type": "Feature", "properties": {"name": "Arli-griz to Vollmer Peak", "step": 1318, "lat": 37.92964, "lon": -122.28415, "elevation_m": 147.7, "time": null, "elevation_f": 484.580068, "step_elevation_m": 0.5, "step_elevation_f": 1.640420000000006, "step_dist_m": 6.898443140636329, "step_dist_f": 22.632688193525293, "step_grade": 0.07248012193572691, "step_turn": null, "coast_speed_mps": 0.0, "coast_speed_mph": 0.0}, "geometry": {"type": "Point", "coordinates": [-122.28415, 37.92964]}}, {"id": "1319", "type": "Feature", "properties": {"name": "Arli-griz to Vollmer Peak", "step": 1319, "lat": 37.92987, "lon": -122.28427, "elevation_m": 148.0, "time": null, "elevation_f": 485.56432, "step_elevation_m": 0.30000000000001137, "step_elevation_f": 0.9842520000000263, "step_dist_m": 27.655803987937357, "step_dist_f": 90.7342679557844, "step_grade": 0.010847632566779201, "step_turn": 7.637652030913898, "coast_speed_mps": 1.683289526759289, "coast_speed_mph": 3.7654114324429293}, "geometry": {"type": "Point", "coordinates": [-122.28427, 37.92987]}}, {"id": "1320", "type": "Feature", "properties": {"name": "Arli-griz to Vollmer Peak", "step": 1320, "lat": 37.92996, "lon": -122.28429, "elevation_m": 147.2, "time": null, "elevation_f": 482.939648, "step_elevation_m": -0.8000000000000114, "step_elevation_f": -2.6246720000000323, "step_dist_m": 10.160112938606824, "step_dist_f": 33.333704933498815, "step_grade": -0.0787392822140921, "step_turn": 12.426732054333456, "coast_speed_mps": 1.9156761080791098, "coast_speed_mph": 4.285245409983688}, "geometry": {"type": "Point", "coordinates": [-122.28429, 37.92996]}}, {"id": "1321", "type": "Feature", "properties": {"name": "Arli-griz to Vollmer Peak", "step": 1321, "lat": 37.9301, "lon": -122.2843, "elevation_m": 145.8, "time": null, "elevation_f": 478.34647200000006, "step_elevation_m": -1.3999999999999773, "step_elevation_f": -4.593175999999914, "step_dist_m": 15.591977092686337, "step_dist_f": 51.15478212476904, "step_grade": -0.08978976762713879, "step_turn": 6.717204474657137, "coast_speed_mps": 3.2156044430503345, "coast_speed_mph": 7.1931022795506685}, "geometry": {"type": "Point", "coordinates": [-122.2843, 37.9301]}}, {"id": "1322", "type": "Feature", "properties": {"name": "Arli-griz to Vollmer Peak", "step": 1322, "lat": 37.93018, "lon": -122.28432, "elevation_m": 146.0, "time": null, "elevation_f": 479.00264, "step_elevation_m": 0.19999999999998863, "step_elevation_f": 0.6561679999999228, "step_dist_m": 9.066892862481378, "step_dist_f": 29.747024778943405, "step_grade": 0.022058273218114734, "step_turn": 7.930405342324434, "coast_speed_mps": 3.2834260217671085, "coast_speed_mph": 7.344814830366645}, "geometry": {"type": "Point", "coordinates": [-122.28432, 37.93018]}}, {"id": "1323", "type": "Feature", "properties": {"name": "Arli-griz to Vollmer Peak", "step": 1323, "lat": 37.93021, "lon": -122.28435, "elevation_m": 146.3, "time": null, "elevation_f": 479.986892, "step_elevation_m": 0.30000000000001137, "step_elevation_f": 0.9842520000000263, "step_dist_m": 4.248648076172531, "step_dist_f": 13.939134554229886, "step_grade": 0.07061069653720806, "step_turn": 27.109917600462097, "coast_speed_mps": 3.3127208381819147, "coast_speed_mph": 7.410345468373996}, "geometry": {"type": "Point", "coordinates": [-122.28435, 37.93021]}}, {"id": "1324", "type": "Feature", "properties": {"name": "Arli-griz to Vollmer Peak", "step": 1324, "lat": 37.93025, "lon": -122.2844, "elevation_m": 146.7, "time": null, "elevation_f": 481.29922799999997, "step_elevation_m": 0.39999999999997726, "step_elevation_f": 1.3123359999999593, "step_dist_m": 6.246102535045872, "step_dist_f": 20.492463041079898, "step_grade": 0.06403993494433399, "step_turn": 6.329672915599247, "coast_speed_mps": 1.9668033801365774, "coast_speed_mph": 4.399613860362775}, "geometry": {"type": "Point", "coordinates": [-122.2844, 37.93025]}}, {"id": "1325", "type": "Feature", "properties": {"name": "Arli-griz to Vollmer Peak", "step": 1325, "lat": 37.93058, "lon": -122.28491, "elevation_m": 149.5, "time": null, "elevation_f": 490.48557999999997, "step_elevation_m": 2.8000000000000114, "step_elevation_f": 9.186352, "step_dist_m": 57.85538971533226, "step_dist_f": 189.8142767936507, "step_grade": 0.048396528202073165, "step_turn": 6.041409466573327, "coast_speed_mps": 0.0, "coast_speed_mph": 0.0}, "geometry": {"type": "Point", "coordinates": [-122.28491, 37.93058]}}, {"id": "1326", "type": "Feature", "properties": {"name": "Arli-griz to Vollmer Peak", "step": 1326, "lat": 37.93064, "lon": -122.28499, "elevation_m": 149.3, "time": null, "elevation_f": 489.82941200000005, "step_elevation_m": -0.19999999999998863, "step_elevation_f": -0.6561679999999228, "step_dist_m": 9.682051047012605, "step_dist_f": 31.765260357080834, "step_grade": -0.020656780162473798, "step_turn": 4.193298135702207, "coast_speed_mps": 0.0, "coast_speed_mph": 0.0}, "geometry": {"type": "Point", "coordinates": [-122.28499, 37.93064]}}, {"id": "1327", "type": "Feature", "properties": {"name": "Arli-griz to Vollmer Peak", "step": 1327, "lat": 37.9308, "lon": -122.28516, "elevation_m": 148.4, "time": null, "elevation_f": 486.876656, "step_elevation_m": -0.9000000000000057, "step_elevation_f": -2.952756000000022, "step_dist_m": 23.21276801781992, "step_dist_f": 76.1573778235843, "step_grade": -0.03877176557785336, "step_turn": 6.478049543271368, "coast_speed_mps": 3.743597725707598, "coast_speed_mph": 8.374189615487637}, "geometry": {"type": "Point", "coordinates": [-122.28516, 37.9308]}}, {"id": "1328", "type": "Feature", "properties": {"name": "Arli-griz to Vollmer Peak", "step": 1328, "lat": 37.93107, "lon": -122.28537, "elevation_m": 149.7, "time": null, "elevation_f": 491.14174799999995, "step_elevation_m": 1.299999999999983, "step_elevation_f": 4.265091999999925, "step_dist_m": 35.22193721412402, "step_dist_f": 115.55754048958664, "step_grade": 0.03690881600568756, "step_turn": 8.436728504895882, "coast_speed_mps": 0.0, "coast_speed_mph": 0.0}, "geometry": {"type": "Point", "coordinates": [-122.28537, 37.93107]}}, {"id": "1329", "type": "Feature", "properties": {"name": "Arli-griz to Vollmer Peak", "step": 1329, "lat": 37.93129, "lon": -122.28558, "elevation_m": 149.9, "time": null, "elevation_f": 491.79791600000004, "step_elevation_m": 0.20000000000001705, "step_elevation_f": 0.6561680000000933, "step_dist_m": 30.621184874069414, "step_dist_f": 100.4632081822419, "step_grade": 0.006531425900810937, "step_turn": 5.447962250970477, "coast_speed_mps": 0.0, "coast_speed_mph": 0.0}, "geometry": {"type": "Point", "coordinates": [-122.28558, 37.93129]}}, {"id": "1330", "type": "Feature", "properties": {"name": "Arli-griz to Vollmer Peak", "step": 1330, "lat": 37.93138, "lon": -122.28568, "elevation_m": 149.7, "time": null, "elevation_f": 491.14174799999995, "step_elevation_m": -0.20000000000001705, "step_elevation_f": -0.6561680000000933, "step_dist_m": 13.306848052428618, "step_dist_f": 43.65763936432991, "step_grade": -0.015029855245361073, "step_turn": 4.254930593633844, "coast_speed_mps": 0.0, "coast_speed_mph": 0.0}, "geometry": {"type": "Point", "coordinates": [-122.28568, 37.93138]}}, {"id": "1331", "type": "Feature", "properties": {"name": "Arli-griz to Vollmer Peak", "step": 1331, "lat": 37.93166, "lon": -122.28601, "elevation_m": 146.8, "time": null, "elevation_f": 481.627312, "step_elevation_m": -2.8999999999999773, "step_elevation_f": -9.514435999999932, "step_dist_m": 42.50918211625285, "step_dist_f": 139.465825054287, "step_grade": -0.06822055508076215, "step_turn": 1.6793709985881833, "coast_speed_mps": 7.087013388941248, "coast_speed_mph": 15.85319745199812}, "geometry": {"type": "Point", "coordinates": [-122.28601, 37.93166]}}, {"id": "1332", "type": "Feature", "properties": {"name": "Arli-griz to Vollmer Peak", "step": 1332, "lat": 37.93178, "lon": -122.28613, "elevation_m": 145.2, "time": null, "elevation_f": 476.37796799999995, "step_elevation_m": -1.6000000000000227, "step_elevation_f": -5.249344000000065, "step_dist_m": 16.99445709763849, "step_dist_f": 55.75609462421627, "step_grade": -0.09414834441650713, "step_turn": 4.645875620957327, "coast_speed_mps": 8.37988297541016, "coast_speed_mph": 18.745264350863795}, "geometry": {"type": "Point", "coordinates": [-122.28613, 37.93178]}}, {"id": "1333", "type": "Feature", "properties": {"name": "Arli-griz to Vollmer Peak", "step": 1333, "lat": 37.93185, "lon": -122.28617, "elevation_m": 144.6, "time": null, "elevation_f": 474.40946399999996, "step_elevation_m": -0.5999999999999943, "step_elevation_f": -1.9685039999999958, "step_dist_m": 8.53770294107612, "step_dist_f": 28.010837317200178, "step_grade": -0.07027651396879925, "step_turn": 14.002794249054944, "coast_speed_mps": 8.810103540211824, "coast_speed_mph": 19.707640345856777}, "geometry": {"type": "Point", "coordinates": [-122.28617, 37.93185]}}, {"id": "1334", "type": "Feature", "properties": {"name": "Arli-griz to Vollmer Peak", "step": 1334, "lat": 37.93192, "lon": -122.28619, "elevation_m": 144.2, "time": null, "elevation_f": 473.09712799999994, "step_elevation_m": -0.4000000000000057, "step_elevation_f": -1.3123360000000162, "step_dist_m": 7.978842807941223, "step_dist_f": 26.17730663800588, "step_grade": -0.050132583086095105, "step_turn": 11.561833728094655, "coast_speed_mps": 9.02453611834096, "coast_speed_mph": 20.187312362072632}, "geometry": {"type": "Point", "coordinates": [-122.28619, 37.93192]}}, {"id": "1335", "type": "Feature", "properties": {"name": "Arli-griz to Vollmer Peak", "step": 1335, "lat": 37.93221, "lon": -122.28624, "elevation_m": 144.0, "time": null, "elevation_f": 472.44096, "step_elevation_m": -0.19999999999998863, "step_elevation_f": -0.6561679999999228, "step_dist_m": 32.54333346662697, "step_dist_f": 106.76947017064842, "step_grade": -0.006145651926072283, "step_turn": 4.955614765551957, "coast_speed_mps": 7.582731827820791, "coast_speed_mph": 16.962088018568323}, "geometry": {"type": "Point", "coordinates": [-122.28624, 37.93221]}}, {"id": "1336", "type": "Feature", "properties": {"name": "Arli-griz to Vollmer Peak", "step": 1336, "lat": 37.93228, "lon": -122.28627, "elevation_m": 144.2, "time": null, "elevation_f": 473.09712799999994, "step_elevation_m": 0.19999999999998863, "step_elevation_f": 0.6561679999999228, "step_dist_m": 8.216317376037301, "step_dist_f": 26.956422699998217, "step_grade": 0.024341805561611335, "step_turn": 10.932706579878356, "coast_speed_mps": 7.225959892339119, "coast_speed_mph": 16.164011928102877}, "geometry": {"type": "Point", "coordinates": [-122.28627, 37.93228]}}, {"id": "1337", "type": "Feature", "properties": {"name": "Arli-griz to Vollmer Peak", "step": 1337, "lat": 37.93236, "lon": -122.28632, "elevation_m": 144.4, "time": null, "elevation_f": 473.75329600000003, "step_elevation_m": 0.20000000000001705, "step_elevation_f": 0.6561680000000933, "step_dist_m": 9.917731580205263, "step_dist_f": 32.53849047760063, "step_grade": 0.02016590168655056, "step_turn": 7.564658258333509, "coast_speed_mps": 6.633048354417388, "coast_speed_mph": 14.83770659094797}, "geometry": {"type": "Point", "coordinates": [-122.28632, 37.93236]}}, {"id": "1338", "type": "Feature", "properties": {"name": "Arli-griz to Vollmer Peak", "step": 1338, "lat": 37.93242, "lon": -122.28637, "elevation_m": 144.4, "time": null, "elevation_f": 473.75329600000003, "step_elevation_m": 0.0, "step_elevation_f": 0.0, "step_dist_m": 7.983814269499375, "step_dist_f": 26.193617207944328, "step_grade": 0.0, "step_turn": 7.07464632088454, "coast_speed_mps": 6.204650971299361, "coast_speed_mph": 13.879408937230123}, "geometry": {"type": "Point", "coordinates": [-122.28637, 37.93242]}}, {"id": "1339", "type": "Feature", "properties": {"name": "Arli-griz to Vollmer Peak", "step": 1339, "lat": 37.93253, "lon": -122.2865, "elevation_m": 143.5, "time": null, "elevation_f": 470.80054, "step_elevation_m": -0.9000000000000057, "step_elevation_f": -2.952756000000022, "step_dist_m": 16.72127697458352, "step_dist_f": 54.8598343492926, "step_grade": -0.05382364046525951, "step_turn": 9.672406950216896, "coast_speed_mps": 6.996865303977437, "coast_speed_mph": 15.651541929083368}, "geometry": {"type": "Point", "coordinates": [-122.2865, 37.93253]}}, {"id": "1340", "type": "Feature", "properties": {"name": "Arli-griz to Vollmer Peak", "step": 1340, "lat": 37.93283, "lon": -122.28697, "elevation_m": 136.1, "time": null, "elevation_f": 446.52232399999997, "step_elevation_m": -7.400000000000006, "step_elevation_f": -24.278216000000043, "step_dist_m": 53.02751135358653, "step_dist_f": 173.97478034930083, "step_grade": -0.1395502034907302, "step_turn": 8.029138949877336, "coast_speed_mps": 12.93719378777781, "coast_speed_mph": 28.93967830122091}, "geometry": {"type": "Point", "coordinates": [-122.28697, 37.93283]}}, {"id": "1341", "type": "Feature", "properties": {"name": "Arli-griz to Vollmer Peak", "step": 1341, "lat": 37.93295, "lon": -122.28711, "elevation_m": 134.1, "time": null, "elevation_f": 439.960644, "step_elevation_m": -2.0, "step_elevation_f": -6.561679999999967, "step_dist_m": 18.132992581839055, "step_dist_f": 59.491447382200846, "step_grade": -0.11029619027159825, "step_turn": 8.397870715378588, "coast_speed_mps": 13.497981742717233, "coast_speed_mph": 30.194125229771874}, "geometry": {"type": "Point", "coordinates": [-122.28711, 37.93295]}}, {"id": "1342", "type": "Feature", "properties": {"name": "Arli-griz to Vollmer Peak", "step": 1342, "lat": 37.93314, "lon": -122.28728, "elevation_m": 133.1, "time": null, "elevation_f": 436.679804, "step_elevation_m": -1.0, "step_elevation_f": -3.280840000000012, "step_dist_m": 25.858147867265217, "step_dist_f": 84.83644584883841, "step_grade": -0.03867253003321003, "step_turn": 7.409024558510964, "coast_speed_mps": 12.816942335391316, "coast_speed_mph": 28.67068346320531}, "geometry": {"type": "Point", "coordinates": [-122.28728, 37.93314]}}, {"id": "1343", "type": "Feature", "properties": {"name": "Arli-griz to Vollmer Peak", "step": 1343, "lat": 37.93338, "lon": -122.28744, "elevation_m": 132.9, "time": null, "elevation_f": 436.023636, "step_elevation_m": -0.19999999999998863, "step_elevation_f": -0.6561679999999797, "step_dist_m": 30.151161163150253, "step_dist_f": 98.92113559050988, "step_grade": -0.006633243705533371, "step_turn": 7.474613548582738, "coast_speed_mps": 11.969450771663025, "coast_speed_mph": 26.77489882709156}, "geometry": {"type": "Point", "coordinates": [-122.28744, 37.93338]}}, {"id": "1344", "type": "Feature", "properties": {"name": "Arli-griz to Vollmer Peak", "step": 1344, "lat": 37.93345, "lon": -122.28752, "elevation_m": 131.8, "time": null, "elevation_f": 432.414712, "step_elevation_m": -1.0999999999999943, "step_elevation_f": -3.608924000000002, "step_dist_m": 10.47912024023116, "step_dist_f": 34.38031684896, "step_grade": -0.10497064398372906, "step_turn": 14.29533623424436, "coast_speed_mps": 11.915812880114826, "coast_speed_mph": 26.65491428085812}, "geometry": {"type": "Point", "coordinates": [-122.28752, 37.93345]}}, {"id": "1345", "type": "Feature", "properties": {"name": "Arli-griz to Vollmer Peak", "step": 1345, "lat": 37.93351, "lon": -122.2876, "elevation_m": 130.4, "time": null, "elevation_f": 427.82153600000004, "step_elevation_m": -1.4000000000000057, "step_elevation_f": -4.593175999999971, "step_dist_m": 9.681852547352538, "step_dist_f": 31.7646091114561, "step_grade": -0.14460042570910975, "step_turn": 4.410131117421258, "coast_speed_mps": 12.41982827559061, "coast_speed_mph": 27.78236461075205}, "geometry": {"type": "Point", "coordinates": [-122.2876, 37.93351]}}, {"id": "1346", "type": "Feature", "properties": {"name": "Arli-griz to Vollmer Peak", "step": 1346, "lat": 37.93359, "lon": -122.28774, "elevation_m": 127.7, "time": null, "elevation_f": 418.963268, "step_elevation_m": -2.700000000000003, "step_elevation_f": -8.85826800000001, "step_dist_m": 15.16206513766376, "step_dist_f": 49.74430978625277, "step_grade": -0.17807600583992947, "step_turn": 7.635099082515808, "coast_speed_mps": 13.719495764733159, "coast_speed_mph": 30.689637984818233}, "geometry": {"type": "Point", "coordinates": [-122.28774, 37.93359]}}, {"id": "1347", "type": "Feature", "properties": {"name": "Arli-griz to Vollmer Peak", "step": 1347, "lat": 37.93367, "lon": -122.2879, "elevation_m": 123.7, "time": null, "elevation_f": 405.839908, "step_elevation_m": -4.0, "step_elevation_f": -13.123360000000048, "step_dist_m": 16.61438466152547, "step_dist_f": 54.509137772919225, "step_grade": -0.24075522997026452, "step_turn": 3.551147327791341, "coast_speed_mps": 15.552218059154281, "coast_speed_mph": 34.78932099846605}, "geometry": {"type": "Point", "coordinates": [-122.2879, 37.93367]}}, {"id": "1348", "type": "Feature", "properties": {"name": "Arli-griz to Vollmer Peak", "step": 1348, "lat": 37.93382, "lon": -122.28823, "elevation_m": 118.6, "time": null, "elevation_f": 389.107624, "step_elevation_m": -5.1000000000000085, "step_elevation_f": -16.732283999999993, "step_dist_m": 33.40381466534484, "step_dist_f": 109.59257130664996, "step_grade": -0.1526771732837765, "step_turn": 2.416908239146494, "coast_speed_mps": 16.711369032511634, "coast_speed_mph": 37.3822678787393}, "geometry": {"type": "Point", "coordinates": [-122.28823, 37.93382]}}, {"id": "1349", "type": "Feature", "properties": {"name": "Arli-griz to Vollmer Peak", "step": 1349, "lat": 37.93395, "lon": -122.28849, "elevation_m": 116.2, "time": null, "elevation_f": 381.233608, "step_elevation_m": -2.3999999999999915, "step_elevation_f": -7.874015999999983, "step_dist_m": 26.998308269982225, "step_dist_f": 88.57712970448848, "step_grade": -0.08889445871941559, "step_turn": 2.4170288546389997, "coast_speed_mps": 16.518553292880355, "coast_speed_mph": 36.95095135307878}, "geometry": {"type": "Point", "coordinates": [-122.28849, 37.93395]}}, {"id": "1350", "type": "Feature", "properties": {"name": "Arli-griz to Vollmer Peak", "step": 1350, "lat": 37.93399, "lon": -122.28858, "elevation_m": 115.1, "time": null, "elevation_f": 377.624684, "step_elevation_m": -1.1000000000000085, "step_elevation_f": -3.608924000000002, "step_dist_m": 9.060059011905018, "step_dist_f": 29.72460400861846, "step_grade": -0.12141201272029203, "step_turn": 2.9709087074435843, "coast_speed_mps": 16.465874634790392, "coast_speed_mph": 36.833112550980616}, "geometry": {"type": "Point", "coordinates": [-122.28858, 37.93399]}}, {"id": "1351", "type": "Feature", "properties": {"name": "Arli-griz to Vollmer Peak", "step": 1351, "lat": 37.93403, "lon": -122.28878, "elevation_m": 112.9, "time": null, "elevation_f": 370.406836, "step_elevation_m": -2.1999999999999886, "step_elevation_f": -7.217848000000004, "step_dist_m": 18.095458778960868, "step_dist_f": 59.36830498036598, "step_grade": -0.1215774646486373, "step_turn": 15.172375154661381, "coast_speed_mps": 16.341878993775886, "coast_speed_mph": 36.55574220153871}, "geometry": {"type": "Point", "coordinates": [-122.28878, 37.93403]}}, {"id": "1352", "type": "Feature", "properties": {"name": "Arli-griz to Vollmer Peak", "step": 1352, "lat": 37.93404, "lon": -122.28891, "elevation_m": 112.3, "time": null, "elevation_f": 368.438332, "step_elevation_m": -0.6000000000000085, "step_elevation_f": -1.9685039999999958, "step_dist_m": 11.455297726565426, "step_dist_f": 37.58299899322491, "step_grade": -0.05237751251183787, "step_turn": 8.658529802633439, "coast_speed_mps": 16.157629018202012, "coast_speed_mph": 36.14358674436738}, "geometry": {"type": "Point", "coordinates": [-122.28891, 37.93404]}}, {"id": "1353", "type": "Feature", "properties": {"name": "Arli-griz to Vollmer Peak", "step": 1353, "lat": 37.93408, "lon": -122.28903, "elevation_m": 111.9, "time": null, "elevation_f": 367.12599600000004, "step_elevation_m": -0.3999999999999915, "step_elevation_f": -1.3123359999999593, "step_dist_m": 11.42546851466169, "step_dist_f": 37.48513412164266, "step_grade": -0.03500950525457166, "step_turn": 17.339806943421536, "coast_speed_mps": 15.744008786131282, "coast_speed_mph": 35.2183446361204}, "geometry": {"type": "Point", "coordinates": [-122.28903, 37.93408]}}, {"id": "1354", "type": "Feature", "properties": {"name": "Arli-griz to Vollmer Peak", "step": 1354, "lat": 37.93421, "lon": -122.28935, "elevation_m": 113.3, "time": null, "elevation_f": 371.719172, "step_elevation_m": 1.3999999999999915, "step_elevation_f": 4.593175999999971, "step_dist_m": 31.56850587135397, "step_dist_f": 103.57121680297296, "step_grade": 0.044347996883513756, "step_turn": 4.341790917568517, "coast_speed_mps": 12.64272309002828, "coast_speed_mph": 28.280966110478406}, "geometry": {"type": "Point", "coordinates": [-122.28935, 37.93421]}}, {"id": "1355", "type": "Feature", "properties": {"name": "Arli-griz to Vollmer Peak", "step": 1355, "lat": 37.93446, "lon": -122.2899, "elevation_m": 117.5, "time": null, "elevation_f": 385.4987, "step_elevation_m": 4.200000000000003, "step_elevation_f": 13.77952799999997, "step_dist_m": 55.67268901050522, "step_dist_f": 182.65318501322596, "step_grade": 0.07544094015662652, "step_turn": 2.703453522179359, "coast_speed_mps": 2.6837557482723327, "coast_speed_mph": 6.003390632319993}, "geometry": {"type": "Point", "coordinates": [-122.2899, 37.93446]}}, {"id": "1356", "type": "Feature", "properties": {"name": "Arli-griz to Vollmer Peak", "step": 1356, "lat": 37.93452, "lon": -122.29005, "elevation_m": 118.5, "time": null, "elevation_f": 388.77954, "step_elevation_m": 1.0, "step_elevation_f": 3.280840000000012, "step_dist_m": 14.750238895324243, "step_dist_f": 48.39317377733559, "step_grade": 0.06779551213350146, "step_turn": 3.063381684624119, "coast_speed_mps": 0.0, "coast_speed_mph": 0.0}, "geometry": {"type": "Point", "coordinates": [-122.29005, 37.93452]}}, {"id": "1357", "type": "Feature", "properties": {"name": "Arli-griz to Vollmer Peak", "step": 1357, "lat": 37.93458, "lon": -122.29025, "elevation_m": 118.5, "time": null, "elevation_f": 388.77954, "step_elevation_m": 0.0, "step_elevation_f": 0.0, "step_dist_m": 18.76618585832987, "step_dist_f": 61.56885321144297, "step_grade": 0.0, "step_turn": 6.066912898930184, "coast_speed_mps": 0.0, "coast_speed_mph": 0.0}, "geometry": {"type": "Point", "coordinates": [-122.29025, 37.93458]}}, {"id": "1358", "type": "Feature", "properties": {"name": "Arli-griz to Vollmer Peak", "step": 1358, "lat": 37.93471, "lon": -122.2909, "elevation_m": 116.8, "time": null, "elevation_f": 383.202112, "step_elevation_m": -1.7000000000000028, "step_elevation_f": -5.577427999999998, "step_dist_m": 58.80976369841002, "step_dist_f": 192.94542513229155, "step_grade": -0.02890676467802172, "step_turn": 6.595970751442735, "coast_speed_mps": 0.0, "coast_speed_mph": 0.0}, "geometry": {"type": "Point", "coordinates": [-122.2909, 37.93471]}}, {"id": "1359", "type": "Feature", "properties": {"name": "Arli-griz to Vollmer Peak", "step": 1359, "lat": 37.93475, "lon": -122.29102, "elevation_m": 118.5, "time": null, "elevation_f": 388.77954, "step_elevation_m": 1.7000000000000028, "step_elevation_f": 5.577427999999998, "step_dist_m": 11.42538015842463, "step_dist_f": 37.48484423896586, "step_grade": 0.14879154797720134, "step_turn": 8.681208157696119, "coast_speed_mps": 0.0, "coast_speed_mph": 0.0}, "geometry": {"type": "Point", "coordinates": [-122.29102, 37.93475]}}, {"id": "1360", "type": "Feature", "properties": {"name": "Arli-griz to Vollmer Peak", "step": 1360, "lat": 37.93479, "lon": -122.2911, "elevation_m": 120.1, "time": null, "elevation_f": 394.028884, "step_elevation_m": 1.5999999999999943, "step_elevation_f": 5.249344000000008, "step_dist_m": 8.307100432157704, "step_dist_f": 27.25426738184028, "step_grade": 0.19260631469028802, "step_turn": 9.462076070395085, "coast_speed_mps": 0.0, "coast_speed_mph": 0.0}, "geometry": {"type": "Point", "coordinates": [-122.2911, 37.93479]}}, {"id": "1361", "type": "Feature", "properties": {"name": "Arli-griz to Vollmer Peak", "step": 1361, "lat": 37.93496, "lon": -122.29134, "elevation_m": 122.9, "time": null, "elevation_f": 403.215236, "step_elevation_m": 2.8000000000000114, "step_elevation_f": 9.186352, "step_dist_m": 28.290502162902445, "step_dist_f": 92.81661111613685, "step_grade": 0.09897314596527994, "step_turn": 9.55429702822147, "coast_speed_mps": 0.0, "coast_speed_mph": 0.0}, "geometry": {"type": "Point", "coordinates": [-122.29134, 37.93496]}}, {"id": "1362", "type": "Feature", "properties": {"name": "Arli-griz to Vollmer Peak", "step": 1362, "lat": 37.93525, "lon": -122.29174, "elevation_m": 116.9, "time": null, "elevation_f": 383.530196, "step_elevation_m": -6.0, "step_elevation_f": -19.685040000000015, "step_dist_m": 47.64926935391166, "step_dist_f": 156.32962886708754, "step_grade": -0.12592008400874763, "step_turn": 0.663334639811751, "coast_speed_mps": 12.181557323281927, "coast_speed_mph": 27.249367670190395}, "geometry": {"type": "Point", "coordinates": [-122.29174, 37.93525]}}, {"id": "1363", "type": "Feature", "properties": {"name": "Arli-griz to Vollmer Peak", "step": 1363, "lat": 37.93531, "lon": -122.29185, "elevation_m": 113.0, "time": null, "elevation_f": 370.73492, "step_elevation_m": -3.9000000000000057, "step_elevation_f": -12.795276000000001, "step_dist_m": 11.729291625172868, "step_dist_f": 38.481929135532155, "step_grade": -0.33250089814716555, "step_turn": 7.923067048988855, "coast_speed_mps": 13.175962082584268, "coast_speed_mph": 29.47378776526542}, "geometry": {"type": "Point", "coordinates": [-122.29185, 37.93531]}}, {"id": "1364", "type": "Feature", "properties": {"name": "Arli-griz to Vollmer Peak", "step": 1364, "lat": 37.93537, "lon": -122.292, "elevation_m": 110.2, "time": null, "elevation_f": 361.548568, "step_elevation_m": -2.799999999999997, "step_elevation_f": -9.186352, "step_dist_m": 14.750103228938277, "step_dist_f": 48.392728677629854, "step_grade": -0.18982917994137613, "step_turn": 7.77469793201783, "coast_speed_mps": 15.043838779603023, "coast_speed_mph": 33.652108937909375}, "geometry": {"type": "Point", "coordinates": [-122.292, 37.93537]}}, {"id": "1365", "type": "Feature", "properties": {"name": "Arli-griz to Vollmer Peak", "step": 1365, "lat": 37.93543, "lon": -122.29224, "elevation_m": 112.7, "time": null, "elevation_f": 369.750668, "step_elevation_m": 2.5, "step_elevation_f": 8.20210000000003, "step_dist_m": 22.080061097310487, "step_dist_f": 72.44114765050014, "step_grade": 0.11322432437945193, "step_turn": 9.304951757485696, "coast_speed_mps": 11.619363346638135, "coast_speed_mph": 25.991775560661512}, "geometry": {"type": "Point", "coordinates": [-122.29224, 37.93543]}}, {"id": "1366", "type": "Feature", "properties": {"name": "Arli-griz to Vollmer Peak", "step": 1366, "lat": 37.93546, "lon": -122.29235, "elevation_m": 114.1, "time": null, "elevation_f": 374.343844, "step_elevation_m": 1.3999999999999915, "step_elevation_f": 4.593175999999971, "step_dist_m": 10.207459166908674, "step_dist_f": 33.48904033316065, "step_grade": 0.1371546020520581, "step_turn": 1.4875796376434778, "coast_speed_mps": 9.971090385483354, "coast_speed_mph": 22.30469395464241}, "geometry": {"type": "Point", "coordinates": [-122.29235, 37.93546]}}, {"id": "1367", "type": "Feature", "properties": {"name": "Arli-griz to Vollmer Peak", "step": 1367, "lat": 37.93564, "lon": -122.29285, "elevation_m": 117.0, "time": null, "elevation_f": 383.85828, "step_elevation_m": 2.9000000000000057, "step_elevation_f": 9.51443599999999, "step_dist_m": 48.201817305148076, "step_dist_f": 158.142450287422, "step_grade": 0.060163706725851564, "step_turn": 5.459282100642099, "coast_speed_mps": 0.9484754504003821, "coast_speed_mph": 2.1216791571232574}, "geometry": {"type": "Point", "coordinates": [-122.29285, 37.93564]}}, {"id": "1368", "type": "Feature", "properties": {"name": "Arli-griz to Vollmer Peak", "step": 1368, "lat": 37.93574, "lon": -122.29315, "elevation_m": 114.9, "time": null, "elevation_f": 376.968516, "step_elevation_m": -2.0999999999999943, "step_elevation_f": -6.889763999999957, "step_dist_m": 28.563133886874542, "step_dist_f": 93.71107218141347, "step_grade": -0.07352134427255531, "step_turn": 1.623529078720594, "coast_speed_mps": 5.8165352913643815, "coast_speed_mph": 13.011218887268198}, "geometry": {"type": "Point", "coordinates": [-122.29315, 37.93574]}}, {"id": "1369", "type": "Feature", "properties": {"name": "Arli-griz to Vollmer Peak", "step": 1369, "lat": 37.93578, "lon": -122.29322, "elevation_m": 114.5, "time": null, "elevation_f": 375.65618, "step_elevation_m": -0.4000000000000057, "step_elevation_f": -1.3123360000000162, "step_dist_m": 7.580883106116236, "step_dist_f": 24.87166452987039, "step_grade": -0.05276430125631231, "step_turn": 13.013319410585154, "coast_speed_mps": 6.3873553566401835, "coast_speed_mph": 14.288107007516501}, "geometry": {"type": "Point", "coordinates": [-122.29322, 37.93578]}}, {"id": "1370", "type": "Feature", "properties": {"name": "Arli-griz to Vollmer Peak", "step": 1370, "lat": 37.93583, "lon": -122.29327, "elevation_m": 114.1, "time": null, "elevation_f": 374.343844, "step_elevation_m": -0.4000000000000057, "step_elevation_f": -1.3123360000000162, "step_dist_m": 7.080872883649748, "step_dist_f": 23.23121099159344, "step_grade": -0.0564902105393863, "step_turn": 15.813101684476635, "coast_speed_mps": 6.852335195627601, "coast_speed_mph": 15.328237284421066}, "geometry": {"type": "Point", "coordinates": [-122.29327, 37.93583]}}, {"id": "1371", "type": "Feature", "properties": {"name": "Arli-griz to Vollmer Peak", "step": 1371, "lat": 37.93597, "lon": -122.29334, "elevation_m": 114.2, "time": null, "elevation_f": 374.671928, "step_elevation_m": 0.10000000000000853, "step_elevation_f": 0.32808399999998983, "step_dist_m": 16.73401493568761, "step_dist_f": 54.90162556160134, "step_grade": 0.005975852201897145, "step_turn": 16.7410795445943, "coast_speed_mps": 3.8266007587794086, "coast_speed_mph": 8.559862112516564}, "geometry": {"type": "Point", "coordinates": [-122.29334, 37.93597]}}, {"id": "1372", "type": "Feature", "properties": {"name": "Arli-griz to Vollmer Peak", "step": 1372, "lat": 37.93604, "lon": -122.29339, "elevation_m": 115.3, "time": null, "elevation_f": 378.280852, "step_elevation_m": 1.0999999999999943, "step_elevation_f": 3.608924000000002, "step_dist_m": 8.933812414241434, "step_dist_f": 29.310409121139866, "step_grade": 0.1231277252079391, "step_turn": 7.873214613116659, "coast_speed_mps": 0.0, "coast_speed_mph": 0.0}, "geometry": {"type": "Point", "coordinates": [-122.29339, 37.93604]}}, {"id": "1373", "type": "Feature", "properties": {"name": "Arli-griz to Vollmer Peak", "step": 1373, "lat": 37.93608, "lon": -122.29343, "elevation_m": 116.4, "time": null, "elevation_f": 381.88977600000004, "step_elevation_m": 1.1000000000000085, "step_elevation_f": 3.6089240000000586, "step_dist_m": 5.66469077055458, "step_dist_f": 18.58494406766629, "step_grade": 0.19418535707507245, "step_turn": 8.867771365404508, "coast_speed_mps": 0.0, "coast_speed_mph": 0.0}, "geometry": {"type": "Point", "coordinates": [-122.29343, 37.93608]}}, {"id": "1374", "type": "Feature", "properties": {"name": "Arli-griz to Vollmer Peak", "step": 1374, "lat": 37.93611, "lon": -122.29348, "elevation_m": 117.6, "time": null, "elevation_f": 385.826784, "step_elevation_m": 1.1999999999999886, "step_elevation_f": 3.937007999999935, "step_dist_m": 5.5096016488871085, "step_dist_f": 18.07612147373478, "step_grade": 0.21780159010994526, "step_turn": 14.475239408400512, "coast_speed_mps": 0.0, "coast_speed_mph": 0.0}, "geometry": {"type": "Point", "coordinates": [-122.29348, 37.93611]}}, {"id": "1375", "type": "Feature", "properties": {"name": "Arli-griz to Vollmer Peak", "step": 1375, "lat": 37.93613, "lon": -122.29359, "elevation_m": 118.4, "time": null, "elevation_f": 388.451456, "step_elevation_m": 0.8000000000000114, "step_elevation_f": 2.6246720000000323, "step_dist_m": 9.899917048569002, "step_dist_f": 32.48004384962712, "step_grade": 0.08080875789920366, "step_turn": 24.280391332415036, "coast_speed_mps": 0.0, "coast_speed_mph": 0.0}, "geometry": {"type": "Point", "coordinates": [-122.29359, 37.93613]}}, {"id": "1376", "type": "Feature", "properties": {"name": "Arli-griz to Vollmer Peak", "step": 1376, "lat": 37.93615, "lon": -122.29382, "elevation_m": 117.7, "time": null, "elevation_f": 386.154868, "step_elevation_m": -0.7000000000000028, "step_elevation_f": -2.2965879999999856, "step_dist_m": 20.293006304160038, "step_dist_f": 66.57810680294041, "step_grade": -0.03449464261273618, "step_turn": 6.689913786038289, "coast_speed_mps": 3.8185473433009935, "coast_speed_mph": 8.541847135157903}, "geometry": {"type": "Point", "coordinates": [-122.29382, 37.93615]}}, {"id": "1377", "type": "Feature", "properties": {"name": "Arli-griz to Vollmer Peak", "step": 1377, "lat": 37.93616, "lon": -122.29392, "elevation_m": 117.1, "time": null, "elevation_f": 384.18636399999997, "step_elevation_m": -0.6000000000000085, "step_elevation_f": -1.9685040000000527, "step_dist_m": 8.840114523702493, "step_dist_f": 29.003001333944088, "step_grade": -0.06787242386863461, "step_turn": 0.9343739243868185, "coast_speed_mps": 4.474055131911295, "coast_speed_mph": 10.008176297224612}, "geometry": {"type": "Point", "coordinates": [-122.29392, 37.93616]}}, {"id": "1378", "type": "Feature", "properties": {"name": "Arli-griz to Vollmer Peak", "step": 1378, "lat": 37.93621, "lon": -122.29414, "elevation_m": 116.1, "time": null, "elevation_f": 380.90552399999996, "step_elevation_m": -1.0, "step_elevation_f": -3.280840000000012, "step_dist_m": 20.078860835607465, "step_dist_f": 65.8755297838944, "step_grade": -0.04980362223670674, "step_turn": 8.84898160376224, "coast_speed_mps": 5.654479693861193, "coast_speed_mph": 12.648710839882755}, "geometry": {"type": "Point", "coordinates": [-122.29414, 37.93621]}}, {"id": "1379", "type": "Feature", "properties": {"name": "Arli-griz to Vollmer Peak", "step": 1379, "lat": 37.93625, "lon": -122.29425, "elevation_m": 115.7, "time": null, "elevation_f": 379.593188, "step_elevation_m": -0.3999999999999915, "step_elevation_f": -1.3123359999999593, "step_dist_m": 10.622864636413183, "step_dist_f": 34.85191921372983, "step_grade": -0.03765462647701136, "step_turn": 8.677522200001988, "coast_speed_mps": 6.071179828940295, "coast_speed_mph": 13.580842494945168}, "geometry": {"type": "Point", "coordinates": [-122.29425, 37.93625]}}, {"id": "1380", "type": "Feature", "properties": {"name": "Arli-griz to Vollmer Peak", "step": 1380, "lat": 37.9363, "lon": -122.29436, "elevation_m": 115.3, "time": null, "elevation_f": 378.280852, "step_elevation_m": -0.4000000000000057, "step_elevation_f": -1.3123360000000162, "step_dist_m": 11.134317205567058, "step_dist_f": 36.529913260712625, "step_grade": -0.03592496895992951, "step_turn": 5.203404620939125, "coast_speed_mps": 6.342502290677594, "coast_speed_mph": 14.187773556454873}, "geometry": {"type": "Point", "coordinates": [-122.29436, 37.9363]}}, {"id": "1381", "type": "Feature", "properties": {"name": "Arli-griz to Vollmer Peak", "step": 1381, "lat": 37.93657, "lon": -122.29478, "elevation_m": 115.6, "time": null, "elevation_f": 379.26510399999995, "step_elevation_m": 0.29999999999999716, "step_elevation_f": 0.9842519999999695, "step_dist_m": 47.519063991304314, "step_dist_f": 155.90244590523085, "step_grade": 0.006313255666292064, "step_turn": 9.227310381855204, "coast_speed_mps": 3.646537350398813, "coast_speed_mph": 8.157071739438996}, "geometry": {"type": "Point", "coordinates": [-122.29478, 37.93657]}}, {"id": "1382", "type": "Feature", "properties": {"name": "Arli-griz to Vollmer Peak", "step": 1382, "lat": 37.93666, "lon": -122.29496, "elevation_m": 115.2, "time": null, "elevation_f": 377.952768, "step_elevation_m": -0.3999999999999915, "step_elevation_f": -1.3123359999999593, "step_dist_m": 18.69064132505721, "step_dist_f": 61.321003684900695, "step_grade": -0.021401084801929187, "step_turn": 6.810129374666701, "coast_speed_mps": 4.0552706181840295, "coast_speed_mph": 9.071382019917737}, "geometry": {"type": "Point", "coordinates": [-122.29496, 37.93666]}}, {"id": "1383", "type": "Feature", "properties": {"name": "Arli-griz to Vollmer Peak", "step": 1383, "lat": 37.93674, "lon": -122.29518, "elevation_m": 116.8, "time": null, "elevation_f": 383.202112, "step_elevation_m": 1.5999999999999943, "step_elevation_f": 5.249344000000008, "step_dist_m": 21.24561723803757, "step_dist_f": 69.70347085924318, "step_grade": 0.07530965008328391, "step_turn": 7.620412509587936, "coast_speed_mps": 0.0, "coast_speed_mph": 0.0}, "geometry": {"type": "Point", "coordinates": [-122.29518, 37.93674]}}, {"id": "1384", "type": "Feature", "properties": {"name": "Arli-griz to Vollmer Peak", "step": 1384, "lat": 37.93683, "lon": -122.29543, "elevation_m": 117.6, "time": null, "elevation_f": 385.826784, "step_elevation_m": 0.7999999999999972, "step_elevation_f": 2.6246719999999755, "step_dist_m": 24.100573536274766, "step_dist_f": 79.0701256807517, "step_grade": 0.033194230784420305, "step_turn": 0.21820510007677285, "coast_speed_mps": 0.0, "coast_speed_mph": 0.0}, "geometry": {"type": "Point", "coordinates": [-122.29543, 37.93683]}}, {"id": "1385", "type": "Feature", "properties": {"name": "Arli-griz to Vollmer Peak", "step": 1385, "lat": 37.93687, "lon": -122.29569, "elevation_m": 114.3, "time": null, "elevation_f": 375.00001199999997, "step_elevation_m": -3.299999999999997, "step_elevation_f": -10.826772000000005, "step_dist_m": 23.231287857391425, "step_dist_f": 76.21813845404408, "step_grade": -0.14204980887230695, "step_turn": 13.496647477450608, "coast_speed_mps": 0.0, "coast_speed_mph": 0.0}, "geometry": {"type": "Point", "coordinates": [-122.29569, 37.93687]}}, {"id": "1386", "type": "Feature", "properties": {"name": "Arli-griz to Vollmer Peak", "step": 1386, "lat": 37.93687, "lon": -122.29585, "elevation_m": 118.0, "time": null, "elevation_f": 387.13912, "step_elevation_m": 3.700000000000003, "step_elevation_f": 12.139108000000022, "step_dist_m": 14.03170784682383, "step_dist_f": 46.03578837217349, "step_grade": 0.26368850038718006, "step_turn": 11.03786703501595, "coast_speed_mps": 0.0, "coast_speed_mph": 0.0}, "geometry": {"type": "Point", "coordinates": [-122.29585, 37.93687]}}, {"id": "1387", "type": "Feature", "properties": {"name": "Arli-griz to Vollmer Peak", "step": 1387, "lat": 37.93686, "lon": -122.29622, "elevation_m": 120.2, "time": null, "elevation_f": 394.356968, "step_elevation_m": 2.200000000000003, "step_elevation_f": 7.217848000000004, "step_dist_m": 32.467373325057636, "step_dist_f": 106.5202570997821, "step_grade": 0.06776033213324618, "step_turn": 1.962596873698942, "coast_speed_mps": 0.0, "coast_speed_mph": 0.0}, "geometry": {"type": "Point", "coordinates": [-122.29622, 37.93686]}}, {"id": "1388", "type": "Feature", "properties": {"name": "Arli-griz to Vollmer Peak", "step": 1388, "lat": 37.93687, "lon": -122.29634, "elevation_m": 119.3, "time": null, "elevation_f": 391.404212, "step_elevation_m": -0.9000000000000057, "step_elevation_f": -2.952756000000022, "step_dist_m": 10.582363173948144, "step_dist_f": 34.71904039561603, "step_grade": -0.08504716623368609, "step_turn": 7.994112821207864, "coast_speed_mps": 0.0, "coast_speed_mph": 0.0}, "geometry": {"type": "Point", "coordinates": [-122.29634, 37.93687]}}, {"id": "1389", "type": "Feature", "properties": {"name": "Arli-griz to Vollmer Peak", "step": 1389, "lat": 37.9369, "lon": -122.29641, "elevation_m": 119.5, "time": null, "elevation_f": 392.06038, "step_elevation_m": 0.20000000000000284, "step_elevation_f": 0.6561680000000365, "step_dist_m": 6.986674232744016, "step_dist_f": 22.922160289755876, "step_grade": 0.028625923198576392, "step_turn": 22.48800763312846, "coast_speed_mps": 2.0892504836188235, "coast_speed_mph": 4.673520229999153}, "geometry": {"type": "Point", "coordinates": [-122.29641, 37.9369]}}, {"id": "1390", "type": "Feature", "properties": {"name": "Arli-griz to Vollmer Peak", "step": 1390, "lat": 37.93702, "lon": -122.29661, "elevation_m": 118.4, "time": null, "elevation_f": 388.451456, "step_elevation_m": -1.0999999999999943, "step_elevation_f": -3.608924000000002, "step_dist_m": 22.038242318593063, "step_dist_f": 72.30394692853287, "step_grade": -0.04991323645951358, "step_turn": 8.742821317721564, "coast_speed_mps": 4.669494393880092, "coast_speed_mph": 10.445361475214941}, "geometry": {"type": "Point", "coordinates": [-122.29661, 37.93702]}}, {"id": "1391", "type": "Feature", "properties": {"name": "Arli-griz to Vollmer Peak", "step": 1391, "lat": 37.93728, "lon": -122.29696, "elevation_m": 116.5, "time": null, "elevation_f": 382.21786, "step_elevation_m": -1.9000000000000057, "step_elevation_f": -6.233596000000034, "step_dist_m": 42.16591141670521, "step_dist_f": 138.33960881238312, "step_grade": -0.045060095611908615, "step_turn": 6.023758627967652, "coast_speed_mps": 6.7771442059050955, "coast_speed_mph": 15.160039830675304}, "geometry": {"type": "Point", "coordinates": [-122.29696, 37.93728]}}, {"id": "1392", "type": "Feature", "properties": {"name": "Arli-griz to Vollmer Peak", "step": 1392, "lat": 37.93738, "lon": -122.29718, "elevation_m": 117.9, "time": null, "elevation_f": 386.811036, "step_elevation_m": 1.4000000000000057, "step_elevation_f": 4.593176000000028, "step_dist_m": 22.26839448272661, "step_dist_f": 73.05903935470877, "step_grade": 0.06286937305183689, "step_turn": 13.32976281780509, "coast_speed_mps": 2.7744421798290073, "coast_speed_mph": 6.206250402266026}, "geometry": {"type": "Point", "coordinates": [-122.29718, 37.93738]}}, {"id": "1393", "type": "Feature", "properties": {"name": "Arli-griz to Vollmer Peak", "step": 1393, "lat": 37.93748, "lon": -122.29737, "elevation_m": 118.8, "time": null, "elevation_f": 389.76379199999997, "step_elevation_m": 0.8999999999999915, "step_elevation_f": 2.9527559999999653, "step_dist_m": 20.03204667010516, "step_dist_f": 65.72193999714781, "step_grade": 0.04492801034370128, "step_turn": 3.760251972998219, "coast_speed_mps": 0.0, "coast_speed_mph": 0.0}, "geometry": {"type": "Point", "coordinates": [-122.29737, 37.93748]}}, {"id": "1394", "type": "Feature", "properties": {"name": "Arli-griz to Vollmer Peak", "step": 1394, "lat": 37.93762, "lon": -122.29756, "elevation_m": 118.1, "time": null, "elevation_f": 387.467204, "step_elevation_m": -0.7000000000000028, "step_elevation_f": -2.2965879999999856, "step_dist_m": 22.80305636441845, "step_dist_f": 74.81317944263863, "step_grade": -0.030697639334535544, "step_turn": 9.337182023662933, "coast_speed_mps": 3.1866647569270503, "coast_speed_mph": 7.128366045380831}, "geometry": {"type": "Point", "coordinates": [-122.29756, 37.93762]}}, {"id": "1395", "type": "Feature", "properties": {"name": "Arli-griz to Vollmer Peak", "step": 1395, "lat": 37.93784, "lon": -122.29793, "elevation_m": 116.6, "time": null, "elevation_f": 382.54594399999996, "step_elevation_m": -1.5, "step_elevation_f": -4.921260000000018, "step_dist_m": 40.63621296742794, "step_dist_f": 133.32091295205626, "step_grade": -0.03691288854112289, "step_turn": 6.040643805451339, "coast_speed_mps": 5.502166653458848, "coast_speed_mph": 12.3079962720536}, "geometry": {"type": "Point", "coordinates": [-122.29793, 37.93784]}}, {"id": "1396", "type": "Feature", "properties": {"name": "Arli-griz to Vollmer Peak", "step": 1396, "lat": 37.93798, "lon": -122.29815, "elevation_m": 116.0, "time": null, "elevation_f": 380.57744, "step_elevation_m": -0.5999999999999943, "step_elevation_f": -1.968503999999939, "step_dist_m": 24.790581087142467, "step_dist_f": 81.33393005394049, "step_grade": -0.024202740463844224, "step_turn": 1.886057889378776, "coast_speed_mps": 6.030713869012602, "coast_speed_mph": 13.490322720590093}, "geometry": {"type": "Point", "coordinates": [-122.29815, 37.93798]}}, {"id": "1397", "type": "Feature", "properties": {"name": "Arli-griz to Vollmer Peak", "step": 1397, "lat": 37.93807, "lon": -122.29825, "elevation_m": 115.4, "time": null, "elevation_f": 378.608936, "step_elevation_m": -0.5999999999999943, "step_elevation_f": -1.9685039999999958, "step_dist_m": 13.306321995376994, "step_dist_f": 43.65591345531266, "step_grade": -0.04509134832363533, "step_turn": 9.872484380944059, "coast_speed_mps": 6.250191987735061, "coast_speed_mph": 13.981281289672186}, "geometry": {"type": "Point", "coordinates": [-122.29825, 37.93807]}}, {"id": "1398", "type": "Feature", "properties": {"name": "Arli-griz to Vollmer Peak", "step": 1398, "lat": 37.93822, "lon": -122.29839, "elevation_m": 113.8, "time": null, "elevation_f": 373.35959199999996, "step_elevation_m": -1.6000000000000085, "step_elevation_f": -5.249344000000065, "step_dist_m": 20.710740944730414, "step_dist_f": 67.94862732110933, "step_grade": -0.07725459964324011, "step_turn": 4.8716618985071705, "coast_speed_mps": 7.129208472522336, "coast_speed_mph": 15.947585165806926}, "geometry": {"type": "Point", "coordinates": [-122.29839, 37.93822]}}, {"id": "1399", "type": "Feature", "properties": {"name": "Arli-griz to Vollmer Peak", "step": 1399, "lat": 37.93831, "lon": -122.29843, "elevation_m": 113.8, "time": null, "elevation_f": 373.35959199999996, "step_elevation_m": 0.0, "step_elevation_f": 0.0, "step_dist_m": 10.60452777525936, "step_dist_f": 34.79175890618192, "step_grade": 0.0, "step_turn": 17.039960795179752, "coast_speed_mps": 7.402990940434116, "coast_speed_mph": 16.560019104407008}, "geometry": {"type": "Point", "coordinates": [-122.29843, 37.93831]}}, {"id": "1400", "type": "Feature", "properties": {"name": "Arli-griz to Vollmer Peak", "step": 1400, "lat": 37.93838, "lon": -122.29846, "elevation_m": 113.6, "time": null, "elevation_f": 372.703424, "step_elevation_m": -0.20000000000000284, "step_elevation_f": -0.6561679999999797, "step_dist_m": 8.216247460709406, "step_dist_f": 26.956193318993847, "step_grade": -0.02434201269574888, "step_turn": 0.6412757425762834, "coast_speed_mps": 7.21300912536103, "coast_speed_mph": 16.13504188743965}, "geometry": {"type": "Point", "coordinates": [-122.29846, 37.93838]}}, {"id": "1401", "type": "Feature", "properties": {"name": "Arli-griz to Vollmer Peak", "step": 1401, "lat": 37.93855, "lon": -122.29847, "elevation_m": 112.9, "time": null, "elevation_f": 370.406836, "step_elevation_m": -0.6999999999999886, "step_elevation_f": -2.2965879999999856, "step_dist_m": 18.923468816403002, "step_dist_f": 62.084873431607626, "step_grade": -0.03699110383996952, "step_turn": 16.01919567291219, "coast_speed_mps": 7.931766456728039, "coast_speed_mph": 17.742856247154684}, "geometry": {"type": "Point", "coordinates": [-122.29847, 37.93855]}}, {"id": "1402", "type": "Feature", "properties": {"name": "Arli-griz to Vollmer Peak", "step": 1402, "lat": 37.93862, "lon": -122.29847, "elevation_m": 112.1, "time": null, "elevation_f": 367.78216399999997, "step_elevation_m": -0.8000000000000114, "step_elevation_f": -2.6246720000000323, "step_dist_m": 7.783644865480777, "step_dist_f": 25.53689342046395, "step_grade": -0.1027796121002236, "step_turn": null, "coast_speed_mps": 8.326979109625801, "coast_speed_mph": 18.626921773500786}, "geometry": {"type": "Point", "coordinates": [-122.29847, 37.93862]}}, {"id": "1403", "type": "Feature", "properties": {"name": "Arli-griz to Vollmer Peak", "step": 1403, "lat": 37.93871, "lon": -122.29844, "elevation_m": 110.9, "time": null, "elevation_f": 363.84515600000003, "step_elevation_m": -1.1999999999999886, "step_elevation_f": -3.937007999999935, "step_dist_m": 10.34758230436807, "step_dist_f": 33.94876192746294, "step_grade": -0.11596911865039503, "step_turn": null, "coast_speed_mps": 9.136548167948797, "coast_speed_mph": 20.437876180987804}, "geometry": {"type": "Point", "coordinates": [-122.29844, 37.93871]}}, {"id": "1404", "type": "Feature", "properties": {"name": "Arli-griz to Vollmer Peak", "step": 1404, "lat": 37.93877, "lon": -122.29841, "elevation_m": 110.3, "time": null, "elevation_f": 361.876652, "step_elevation_m": -0.6000000000000085, "step_elevation_f": -1.9685040000000527, "step_dist_m": 7.1716833937564655, "step_dist_f": 23.529145745571963, "step_grade": -0.08366236587108089, "step_turn": 6.791822072532057, "coast_speed_mps": 9.620450343133022, "coast_speed_mph": 21.52033451846146}, "geometry": {"type": "Point", "coordinates": [-122.29841, 37.93877]}}, {"id": "1405", "type": "Feature", "properties": {"name": "Arli-griz to Vollmer Peak", "step": 1405, "lat": 37.93893, "lon": -122.29827, "elevation_m": 110.5, "time": null, "elevation_f": 362.53282, "step_elevation_m": 0.20000000000000284, "step_elevation_f": 0.6561680000000365, "step_dist_m": 21.616226891515744, "step_dist_f": 70.91938183476051, "step_grade": 0.009252308508961006, "step_turn": 13.08788297367198, "coast_speed_mps": 5.6324981132579515, "coast_speed_mph": 12.599539444474646}, "geometry": {"type": "Point", "coordinates": [-122.29827, 37.93893]}}, {"id": "1406", "type": "Feature", "properties": {"name": "Arli-griz to Vollmer Peak", "step": 1406, "lat": 37.93899, "lon": -122.29824, "elevation_m": 111.5, "time": null, "elevation_f": 365.81365999999997, "step_elevation_m": 1.0, "step_elevation_f": 3.280839999999955, "step_dist_m": 7.171680504850393, "step_dist_f": 23.529136267533364, "step_grade": 0.13943733262011243, "step_turn": 13.087941502721208, "coast_speed_mps": 3.1795930380526607, "coast_speed_mph": 7.112547060783503}, "geometry": {"type": "Point", "coordinates": [-122.29824, 37.93899]}}, {"id": "1407", "type": "Feature", "properties": {"name": "Arli-griz to Vollmer Peak", "step": 1407, "lat": 37.93904, "lon": -122.29824, "elevation_m": 113.8, "time": null, "elevation_f": 373.35959199999996, "step_elevation_m": 2.299999999999997, "step_elevation_f": 7.545931999999993, "step_dist_m": 5.5597463329915, "step_dist_f": 18.240638159131834, "step_grade": 0.41368793866580056, "step_turn": null, "coast_speed_mps": 0.0, "coast_speed_mph": 0.0}, "geometry": {"type": "Point", "coordinates": [-122.29824, 37.93904]}}, {"id": "1408", "type": "Feature", "properties": {"name": "Arli-griz to Vollmer Peak", "step": 1408, "lat": 37.93908, "lon": -122.29827, "elevation_m": 115.6, "time": null, "elevation_f": 379.26510399999995, "step_elevation_m": 1.7999999999999972, "step_elevation_f": 5.905511999999987, "step_dist_m": 5.167626051226569, "step_dist_f": 16.954154253906175, "step_grade": 0.3483224177130146, "step_turn": null, "coast_speed_mps": 0.0, "coast_speed_mph": 0.0}, "geometry": {"type": "Point", "coordinates": [-122.29827, 37.93908]}}, {"id": "1409", "type": "Feature", "properties": {"name": "Arli-griz to Vollmer Peak", "step": 1409, "lat": 37.93911, "lon": -122.29833, "elevation_m": 117.1, "time": null, "elevation_f": 384.18636399999997, "step_elevation_m": 1.5, "step_elevation_f": 4.921260000000018, "step_dist_m": 6.230063827473646, "step_dist_f": 20.43984260772864, "step_grade": 0.24076799877799407, "step_turn": 27.021724852141915, "coast_speed_mps": 0.0, "coast_speed_mph": 0.0}, "geometry": {"type": "Point", "coordinates": [-122.29833, 37.93911]}}, {"id": "1410", "type": "Feature", "properties": {"name": "Arli-griz to Vollmer Peak", "step": 1410, "lat": 37.93912, "lon": -122.29841, "elevation_m": 117.4, "time": null, "elevation_f": 385.170616, "step_elevation_m": 0.30000000000001137, "step_elevation_f": 0.9842520000000263, "step_dist_m": 7.103212694152941, "step_dist_f": 23.304504335484737, "step_grade": 0.042234410388268175, "step_turn": 23.367771066307, "coast_speed_mps": 0.0, "coast_speed_mph": 0.0}, "geometry": {"type": "Point", "coordinates": [-122.29841, 37.93912]}}, {"id": "1411", "type": "Feature", "properties": {"name": "Arli-griz to Vollmer Peak", "step": 1411, "lat": 37.93912, "lon": -122.29862, "elevation_m": 116.0, "time": null, "elevation_f": 380.57744, "step_elevation_m": -1.4000000000000057, "step_elevation_f": -4.593175999999971, "step_dist_m": 18.416052776019423, "step_dist_f": 60.420122589675564, "step_grade": -0.07602063357588898, "step_turn": 9.006183047689092, "coast_speed_mps": 5.45613362256799, "coast_speed_mph": 12.20502331462058}, "geometry": {"type": "Point", "coordinates": [-122.29862, 37.93912]}}, {"id": "1412", "type": "Feature", "properties": {"name": "Arli-griz to Vollmer Peak", "step": 1412, "lat": 37.93913, "lon": -122.29875, "elevation_m": 114.7, "time": null, "elevation_f": 376.312348, "step_elevation_m": -1.2999999999999972, "step_elevation_f": -4.265092000000038, "step_dist_m": 11.454511962064673, "step_dist_f": 37.58042102562026, "step_grade": -0.11349239533778202, "step_turn": 5.570748723520296, "coast_speed_mps": 6.7541773890355215, "coast_speed_mph": 15.108664524506787}, "geometry": {"type": "Point", "coordinates": [-122.29875, 37.93913]}}, {"id": "1413", "type": "Feature", "properties": {"name": "Arli-griz to Vollmer Peak", "step": 1413, "lat": 37.93915, "lon": -122.29884, "elevation_m": 114.0, "time": null, "elevation_f": 374.01576, "step_elevation_m": -0.7000000000000028, "step_elevation_f": -2.2965879999999856, "step_dist_m": 8.199922656567814, "step_dist_f": 26.902634248573946, "step_grade": -0.08536665884760883, "step_turn": 10.165477887175769, "coast_speed_mps": 7.252965277079863, "coast_speed_mph": 16.22442125331034}, "geometry": {"type": "Point", "coordinates": [-122.29884, 37.93915]}}, {"id": "1414", "type": "Feature", "properties": {"name": "Arli-griz to Vollmer Peak", "step": 1414, "lat": 37.93919, "lon": -122.29892, "elevation_m": 114.1, "time": null, "elevation_f": 374.343844, "step_elevation_m": 0.09999999999999432, "step_elevation_f": 0.32808399999998983, "step_dist_m": 8.30674572351425, "step_dist_f": 27.253103639534494, "step_grade": 0.012038408701607436, "step_turn": 16.637760094143232, "coast_speed_mps": 7.356639577749113, "coast_speed_mph": 16.456334059030745}, "geometry": {"type": "Point", "coordinates": [-122.29892, 37.93919]}}, {"id": "1415", "type": "Feature", "properties": {"name": "Arli-griz to Vollmer Peak", "step": 1415, "lat": 37.93931, "lon": -122.29908, "elevation_m": 114.2, "time": null, "elevation_f": 374.671928, "step_elevation_m": 0.10000000000000853, "step_elevation_f": 0.32808399999998983, "step_dist_m": 19.362906885632587, "step_dist_f": 63.52659942665881, "step_grade": 0.005164513809350043, "step_turn": 11.186588761010796, "coast_speed_mps": 7.612144517818436, "coast_speed_mph": 17.027882332271}, "geometry": {"type": "Point", "coordinates": [-122.29908, 37.93931]}}, {"id": "1416", "type": "Feature", "properties": {"name": "Arli-griz to Vollmer Peak", "step": 1416, "lat": 37.93939, "lon": -122.29918, "elevation_m": 112.9, "time": null, "elevation_f": 370.406836, "step_elevation_m": -1.2999999999999972, "step_elevation_f": -4.2650919999999815, "step_dist_m": 12.491441161143658, "step_dist_f": 40.98241981912656, "step_grade": -0.10407125833036988, "step_turn": 1.8482930603224759, "coast_speed_mps": 7.60551110201577, "coast_speed_mph": 17.01304380372173}, "geometry": {"type": "Point", "coordinates": [-122.29918, 37.93939]}}, {"id": "1417", "type": "Feature", "properties": {"name": "Arli-griz to Vollmer Peak", "step": 1417, "lat": 37.93949, "lon": -122.29927, "elevation_m": 112.8, "time": null, "elevation_f": 370.078752, "step_elevation_m": -0.10000000000000853, "step_elevation_f": -0.32808399999998983, "step_dist_m": 13.635821040555829, "step_dist_f": 44.73694710269719, "step_grade": -0.007333625140912841, "step_turn": 9.224154673073087, "coast_speed_mps": 7.777485746810776, "coast_speed_mph": 17.397740127976842}, "geometry": {"type": "Point", "coordinates": [-122.29927, 37.93949]}}, {"id": "1418", "type": "Feature", "properties": {"name": "Arli-griz to Vollmer Peak", "step": 1418, "lat": 37.93957, "lon": -122.29937, "elevation_m": 112.7, "time": null, "elevation_f": 369.750668, "step_elevation_m": -0.09999999999999432, "step_elevation_f": -0.32808399999998983, "step_dist_m": 12.49142608129993, "step_dist_f": 40.98237034457206, "step_grade": -0.008005491074369608, "step_turn": 9.224084507916302, "coast_speed_mps": 7.418534679048141, "coast_speed_mph": 16.594789457426923}, "geometry": {"type": "Point", "coordinates": [-122.29937, 37.93957]}}, {"id": "1419", "type": "Feature", "properties": {"name": "Arli-griz to Vollmer Peak", "step": 1419, "lat": 37.93979, "lon": -122.29969, "elevation_m": 112.6, "time": null, "elevation_f": 369.422584, "step_elevation_m": -0.10000000000000853, "step_elevation_f": -0.32808400000004667, "step_dist_m": 37.228050843871905, "step_dist_f": 122.1392783306087, "step_grade": -0.002686146540934723, "step_turn": 4.329152199870691, "coast_speed_mps": 6.274039775386621, "coast_speed_mph": 14.034627271355166}, "geometry": {"type": "Point", "coordinates": [-122.29969, 37.93979]}}, {"id": "1420", "type": "Feature", "properties": {"name": "Arli-griz to Vollmer Peak", "step": 1420, "lat": 37.93985, "lon": -122.29976, "elevation_m": 112.4, "time": null, "elevation_f": 368.766416, "step_elevation_m": -0.19999999999998863, "step_elevation_f": -0.6561679999999797, "step_dist_m": 9.066104388848325, "step_dist_f": 29.74443792310914, "step_grade": -0.022060191612838332, "step_turn": 6.303017715507735, "coast_speed_mps": 6.026919533479585, "coast_speed_mph": 13.481835033732057}, "geometry": {"type": "Point", "coordinates": [-122.29976, 37.93985]}}, {"id": "1421", "type": "Feature", "properties": {"name": "Arli-griz to Vollmer Peak", "step": 1421, "lat": 37.93994, "lon": -122.29983, "elevation_m": 112.4, "time": null, "elevation_f": 368.766416, "step_elevation_m": 0.0, "step_elevation_f": 0.0, "step_dist_m": 11.74025444922973, "step_dist_f": 38.51789640721086, "step_grade": 0.0, "step_turn": 11.092231588366417, "coast_speed_mps": 5.540803385691614, "coast_speed_mph": 12.394424180591464}, "geometry": {"type": "Point", "coordinates": [-122.29983, 37.93994]}}, {"id": "1422", "type": "Feature", "properties": {"name": "Arli-griz to Vollmer Peak", "step": 1422, "lat": 37.94002, "lon": -122.29988, "elevation_m": 112.7, "time": null, "elevation_f": 369.750668, "step_elevation_m": 0.29999999999999716, "step_elevation_f": 0.9842520000000263, "step_dist_m": 9.917529540055053, "step_dist_f": 32.53782761619422, "step_grade": 0.0302494687601739, "step_turn": 5.2857877039083405, "coast_speed_mps": 4.9279445648017735, "coast_speed_mph": 11.023498042237312}, "geometry": {"type": "Point", "coordinates": [-122.29988, 37.94002]}}, {"id": "1423", "type": "Feature", "properties": {"name": "Arli-griz to Vollmer Peak", "step": 1423, "lat": 37.94021, "lon": -122.29993, "elevation_m": 114.5, "time": null, "elevation_f": 375.65618, "step_elevation_m": 1.7999999999999972, "step_elevation_f": 5.905511999999987, "step_dist_m": 21.57724216378178, "step_dist_f": 70.7914791806218, "step_grade": 0.0834212262316528, "step_turn": 14.51438302297106, "coast_speed_mps": 0.0, "coast_speed_mph": 0.0}, "geometry": {"type": "Point", "coordinates": [-122.29993, 37.94021]}}, {"id": "1424", "type": "Feature", "properties": {"name": "Arli-griz to Vollmer Peak", "step": 1424, "lat": 37.94028, "lon": -122.29998, "elevation_m": 114.5, "time": null, "elevation_f": 375.65618, "step_elevation_m": 0.0, "step_elevation_f": 0.0, "step_dist_m": 8.933688260863322, "step_dist_f": 29.310001793770823, "step_grade": 0.0, "step_turn": 17.66882379811642, "coast_speed_mps": 0.0, "coast_speed_mph": 0.0}, "geometry": {"type": "Point", "coordinates": [-122.29998, 37.94028]}}, {"id": "1425", "type": "Feature", "properties": {"name": "Arli-griz to Vollmer Peak", "step": 1425, "lat": 37.94045, "lon": -122.30012, "elevation_m": 112.0, "time": null, "elevation_f": 367.45408, "step_elevation_m": -2.5, "step_elevation_f": -8.20210000000003, "step_dist_m": 22.540125985174857, "step_dist_f": 73.95054693720108, "step_grade": -0.11091331085036107, "step_turn": 3.609217214315379, "coast_speed_mps": 7.864381943812033, "coast_speed_mph": 17.59212138469046}, "geometry": {"type": "Point", "coordinates": [-122.30012, 37.94045]}}, {"id": "1426", "type": "Feature", "properties": {"name": "Arli-griz to Vollmer Peak", "step": 1426, "lat": 37.94054, "lon": -122.30022, "elevation_m": 109.2, "time": null, "elevation_f": 358.26772800000003, "step_elevation_m": -2.799999999999997, "step_elevation_f": -9.186351999999943, "step_dist_m": 13.306127757952455, "step_dist_f": 43.65527619340073, "step_grade": -0.2104293638941327, "step_turn": 8.224553264245174, "coast_speed_mps": 9.618251419620277, "coast_speed_mph": 21.51541566665235}, "geometry": {"type": "Point", "coordinates": [-122.30022, 37.94054]}}, {"id": "1427", "type": "Feature", "properties": {"name": "Arli-griz to Vollmer Peak", "step": 1427, "lat": 37.94064, "lon": -122.30035, "elevation_m": 108.7, "time": null, "elevation_f": 356.627308, "step_elevation_m": -0.5, "step_elevation_f": -1.640420000000006, "step_dist_m": 15.925054122286207, "step_dist_f": 52.24755456656148, "step_grade": -0.03139706754906901, "step_turn": 4.486753949624585, "coast_speed_mps": 9.452557576834653, "coast_speed_mph": 21.144769096355233}, "geometry": {"type": "Point", "coordinates": [-122.30035, 37.94064]}}, {"id": "1428", "type": "Feature", "properties": {"name": "Arli-griz to Vollmer Peak", "step": 1428, "lat": 37.94073, "lon": -122.3005, "elevation_m": 110.2, "time": null, "elevation_f": 361.548568, "step_elevation_m": 1.5, "step_elevation_f": 4.921259999999961, "step_dist_m": 16.528151140169992, "step_dist_f": 54.226219386715314, "step_grade": 0.09075425238303893, "step_turn": 7.022144823715905, "coast_speed_mps": 6.843312624757038, "coast_speed_mph": 15.308054368193071}, "geometry": {"type": "Point", "coordinates": [-122.3005, 37.94073]}}, {"id": "1429", "type": "Feature", "properties": {"name": "Arli-griz to Vollmer Peak", "step": 1429, "lat": 37.94083, "lon": -122.30064, "elevation_m": 110.7, "time": null, "elevation_f": 363.188988, "step_elevation_m": 0.5, "step_elevation_f": 1.640420000000006, "step_dist_m": 16.56412043545233, "step_dist_f": 54.344228889449425, "step_grade": 0.030185725945933457, "step_turn": 4.903737429747935, "coast_speed_mps": 6.704542194167689, "coast_speed_mph": 14.99763375574374}, "geometry": {"type": "Point", "coordinates": [-122.30064, 37.94083]}}, {"id": "1430", "type": "Feature", "properties": {"name": "Arli-griz to Vollmer Peak", "step": 1430, "lat": 37.94093, "lon": -122.30075, "elevation_m": 109.6, "time": null, "elevation_f": 359.580064, "step_elevation_m": -1.1000000000000085, "step_elevation_f": -3.608924000000002, "step_dist_m": 14.72051957444107, "step_dist_f": 48.29566944060924, "step_grade": -0.07472562326603713, "step_turn": 6.890547935648101, "coast_speed_mps": 6.593692623398142, "coast_speed_mph": 14.749670327930687}, "geometry": {"type": "Point", "coordinates": [-122.30075, 37.94093]}}, {"id": "1431", "type": "Feature", "properties": {"name": "Arli-griz to Vollmer Peak", "step": 1431, "lat": 37.94101, "lon": -122.30089, "elevation_m": 110.0, "time": null, "elevation_f": 360.8924, "step_elevation_m": 0.4000000000000057, "step_elevation_f": 1.3123360000000162, "step_dist_m": 15.161061450019925, "step_dist_f": 49.74101684768337, "step_grade": 0.026383377002899753, "step_turn": 13.132044943671701, "coast_speed_mps": 5.344575644338248, "coast_speed_mph": 11.955475224450256}, "geometry": {"type": "Point", "coordinates": [-122.30089, 37.94101]}}, {"id": "1432", "type": "Feature", "properties": {"name": "Arli-griz to Vollmer Peak", "step": 1432, "lat": 37.94109, "lon": -122.30106, "elevation_m": 112.5, "time": null, "elevation_f": 369.0945, "step_elevation_m": 2.5, "step_elevation_f": 8.202099999999973, "step_dist_m": 17.360165299775826, "step_dist_f": 56.95592472211652, "step_grade": 0.14400784536494493, "step_turn": 5.101197738475548, "coast_speed_mps": 0.0, "coast_speed_mph": 0.0}, "geometry": {"type": "Point", "coordinates": [-122.30106, 37.94109]}}, {"id": "1433", "type": "Feature", "properties": {"name": "Arli-griz to Vollmer Peak", "step": 1433, "lat": 37.94117, "lon": -122.30129, "elevation_m": 112.9, "time": null, "elevation_f": 370.406836, "step_elevation_m": 0.4000000000000057, "step_elevation_f": 1.3123360000000162, "step_dist_m": 22.043972699279095, "step_dist_f": 72.32274739070283, "step_grade": 0.01814554960019012, "step_turn": 7.025168626523509, "coast_speed_mps": 0.0, "coast_speed_mph": 0.0}, "geometry": {"type": "Point", "coordinates": [-122.30129, 37.94117]}}, {"id": "1434", "type": "Feature", "properties": {"name": "Arli-griz to Vollmer Peak", "step": 1434, "lat": 37.94123, "lon": -122.30143, "elevation_m": 112.9, "time": null, "elevation_f": 370.406836, "step_elevation_m": 0.0, "step_elevation_f": 0.0, "step_dist_m": 13.972715128477583, "step_dist_f": 45.84224270211439, "step_grade": 0.0, "step_turn": 4.721353433690297, "coast_speed_mps": 0.0, "coast_speed_mph": 0.0}, "geometry": {"type": "Point", "coordinates": [-122.30143, 37.94123]}}, {"id": "1435", "type": "Feature", "properties": {"name": "Arli-griz to Vollmer Peak", "step": 1435, "lat": 37.94143, "lon": -122.30178, "elevation_m": 114.2, "time": null, "elevation_f": 374.671928, "step_elevation_m": 1.2999999999999972, "step_elevation_f": 4.2650919999999815, "step_dist_m": 37.902531871263086, "step_dist_f": 124.35214266451479, "step_grade": 0.03429850028002035, "step_turn": 7.40521085056497, "coast_speed_mps": 0.0, "coast_speed_mph": 0.0}, "geometry": {"type": "Point", "coordinates": [-122.30178, 37.94143]}}, {"id": "1436", "type": "Feature", "properties": {"name": "Arli-griz to Vollmer Peak", "step": 1436, "lat": 37.94156, "lon": -122.302, "elevation_m": 113.2, "time": null, "elevation_f": 371.391088, "step_elevation_m": -1.0, "step_elevation_f": -3.280839999999955, "step_dist_m": 24.107114229213472, "step_dist_f": 79.09158464777273, "step_grade": -0.04148153074199899, "step_turn": 0.9172291371492634, "coast_speed_mps": 3.9794657116983245, "coast_speed_mph": 8.901811273484073}, "geometry": {"type": "Point", "coordinates": [-122.302, 37.94156]}}, {"id": "1437", "type": "Feature", "properties": {"name": "Arli-griz to Vollmer Peak", "step": 1437, "lat": 37.94167, "lon": -122.3021, "elevation_m": 113.3, "time": null, "elevation_f": 371.719172, "step_elevation_m": 0.09999999999999432, "step_elevation_f": 0.32808399999998983, "step_dist_m": 15.050180690318955, "step_dist_f": 49.37723481602604, "step_grade": 0.006644438499287881, "step_turn": 17.518204976216055, "coast_speed_mps": 3.620609517987795, "coast_speed_mph": 8.099072830144486}, "geometry": {"type": "Point", "coordinates": [-122.3021, 37.94167]}}, {"id": "1438", "type": "Feature", "properties": {"name": "Arli-griz to Vollmer Peak", "step": 1438, "lat": 37.94173, "lon": -122.30213, "elevation_m": 113.1, "time": null, "elevation_f": 371.063004, "step_elevation_m": -0.20000000000000284, "step_elevation_f": -0.6561680000000365, "step_dist_m": 7.1716445249313, "step_dist_f": 23.529018223175605, "step_grade": -0.027887606434581158, "step_turn": 14.118128719164474, "coast_speed_mps": 3.558670279370341, "coast_speed_mph": 7.960518699378885}, "geometry": {"type": "Point", "coordinates": [-122.30213, 37.94173]}}, {"id": "1439", "type": "Feature", "properties": {"name": "Arli-griz to Vollmer Peak", "step": 1439, "lat": 37.94181, "lon": -122.30215, "elevation_m": 112.9, "time": null, "elevation_f": 370.406836, "step_elevation_m": -0.19999999999998863, "step_elevation_f": -0.6561679999999797, "step_dist_m": 9.066839176954332, "step_dist_f": 29.74684864531885, "step_grade": -0.0220584038270293, "step_turn": 10.366895641417784, "coast_speed_mps": 3.847976193894874, "coast_speed_mph": 8.607677599084802}, "geometry": {"type": "Point", "coordinates": [-122.30215, 37.94181]}}, {"id": "1440", "type": "Feature", "properties": {"name": "Arli-griz to Vollmer Peak", "step": 1440, "lat": 37.9421, "lon": -122.30217, "elevation_m": 107.3, "time": null, "elevation_f": 352.034132, "step_elevation_m": -5.6000000000000085, "step_elevation_f": -18.372704, "step_dist_m": 32.29418797820957, "step_dist_f": 105.95206368642909, "step_grade": -0.1734058154296555, "step_turn": 8.040163879090983, "coast_speed_mps": 10.61418613180188, "coast_speed_mph": 23.74325816884813}, "geometry": {"type": "Point", "coordinates": [-122.30217, 37.9421]}}, {"id": "1441", "type": "Feature", "properties": {"name": "Arli-griz to Vollmer Peak", "step": 1441, "lat": 37.94217, "lon": -122.3022, "elevation_m": 105.9, "time": null, "elevation_f": 347.440956, "step_elevation_m": -1.3999999999999915, "step_elevation_f": -4.593175999999971, "step_dist_m": 8.216204018585195, "step_dist_f": 26.956050792335052, "step_grade": -0.17039498980711376, "step_turn": 15.561321634872286, "coast_speed_mps": 11.48228040262135, "coast_speed_mph": 25.685129748168706}, "geometry": {"type": "Point", "coordinates": [-122.3022, 37.94217]}}, {"id": "1442", "type": "Feature", "properties": {"name": "Arli-griz to Vollmer Peak", "step": 1442, "lat": 37.94221, "lon": -122.30222, "elevation_m": 105.3, "time": null, "elevation_f": 345.472452, "step_elevation_m": -0.6000000000000085, "step_elevation_f": -1.9685040000000527, "step_dist_m": 4.781092060937067, "step_dist_f": 15.685998077204767, "step_grade": -0.12549434153384864, "step_turn": 2.8456105964182257, "coast_speed_mps": 11.769403897940022, "coast_speed_mph": 26.327406715148552}, "geometry": {"type": "Point", "coordinates": [-122.30222, 37.94221]}}, {"id": "1443", "type": "Feature", "properties": {"name": "Arli-griz to Vollmer Peak", "step": 1443, "lat": 37.9423, "lon": -122.3023, "elevation_m": 105.6, "time": null, "elevation_f": 346.456704, "step_elevation_m": 0.29999999999999716, "step_elevation_f": 0.9842520000000263, "step_dist_m": 12.221535035432405, "step_dist_f": 40.09690100564805, "step_grade": 0.024546834675860583, "step_turn": 13.510537068988299, "coast_speed_mps": 11.349004482403325, "coast_speed_mph": 25.387000005376056}, "geometry": {"type": "Point", "coordinates": [-122.3023, 37.9423]}}, {"id": "1444", "type": "Feature", "properties": {"name": "Arli-griz to Vollmer Peak", "step": 1444, "lat": 37.94255, "lon": -122.30256, "elevation_m": 108.5, "time": null, "elevation_f": 355.97114, "step_elevation_m": 2.9000000000000057, "step_elevation_f": 9.51443599999999, "step_dist_m": 35.95275299968742, "step_dist_f": 117.95523015149448, "step_grade": 0.08066141694421061, "step_turn": 4.327008881805227, "coast_speed_mps": 0.0, "coast_speed_mph": 0.0}, "geometry": {"type": "Point", "coordinates": [-122.30256, 37.94255]}}, {"id": "1445", "type": "Feature", "properties": {"name": "Arli-griz to Vollmer Peak", "step": 1445, "lat": 37.94267, "lon": -122.30262, "elevation_m": 113.6, "time": null, "elevation_f": 372.703424, "step_elevation_m": 5.099999999999994, "step_elevation_f": 16.732283999999993, "step_dist_m": 14.343265150052076, "step_dist_f": 47.057958034896856, "step_grade": 0.3555675745129398, "step_turn": 17.83766999318408, "coast_speed_mps": 0.0, "coast_speed_mph": 0.0}, "geometry": {"type": "Point", "coordinates": [-122.30262, 37.94267]}}, {"id": "1446", "type": "Feature", "properties": {"name": "Arli-griz to Vollmer Peak", "step": 1446, "lat": 37.94281, "lon": -122.30263, "elevation_m": 120.9, "time": null, "elevation_f": 396.65355600000004, "step_elevation_m": 7.300000000000011, "step_elevation_f": 23.950132000000053, "step_dist_m": 15.591968563752227, "step_dist_f": 51.15475414270085, "step_grade": 0.46818975873071267, "step_turn": 18.295885465396566, "coast_speed_mps": 0.0, "coast_speed_mph": 0.0}, "geometry": {"type": "Point", "coordinates": [-122.30263, 37.94281]}}, {"id": "1447", "type": "Feature", "properties": {"name": "Arli-griz to Vollmer Peak", "step": 1447, "lat": 37.94285, "lon": -122.30271, "elevation_m": 123.5, "time": null, "elevation_f": 405.18374, "step_elevation_m": 2.5999999999999943, "step_elevation_f": 8.530183999999963, "step_dist_m": 8.306450646170136, "step_dist_f": 27.252135537980827, "step_grade": 0.31300974516700214, "step_turn": 54.4005743408145, "coast_speed_mps": 0.0, "coast_speed_mph": 0.0}, "geometry": {"type": "Point", "coordinates": [-122.30271, 37.94285]}}, {"id": "1448", "type": "Feature", "properties": {"name": "Arli-griz to Vollmer Peak", "step": 1448, "lat": 37.94291, "lon": -122.30286, "elevation_m": 126.9, "time": null, "elevation_f": 416.338596, "step_elevation_m": 3.4000000000000057, "step_elevation_f": 11.154855999999995, "step_dist_m": 14.748899669661851, "step_dist_f": 48.38877999221339, "step_grade": 0.230525671484072, "step_turn": 5.4806034727503175, "coast_speed_mps": 0.0, "coast_speed_mph": 0.0}, "geometry": {"type": "Point", "coordinates": [-122.30286, 37.94291]}}, {"id": "1449", "type": "Feature", "properties": {"name": "Arli-griz to Vollmer Peak", "step": 1449, "lat": 37.94304, "lon": -122.30333, "elevation_m": 119.5, "time": null, "elevation_f": 392.06038, "step_elevation_m": -7.400000000000006, "step_elevation_f": -24.278215999999986, "step_dist_m": 43.676193179389834, "step_dist_f": 143.29460163066935, "step_grade": -0.16942868554514864, "step_turn": 7.567167787268943, "coast_speed_mps": 11.761487351460405, "coast_speed_mph": 26.30969790502056}, "geometry": {"type": "Point", "coordinates": [-122.30333, 37.94304]}}, {"id": "1450", "type": "Feature", "properties": {"name": "Arli-griz to Vollmer Peak", "step": 1450, "lat": 37.94309, "lon": -122.30352, "elevation_m": 106.4, "time": null, "elevation_f": 349.08137600000003, "step_elevation_m": -13.099999999999994, "step_elevation_f": -42.979003999999975, "step_dist_m": 17.56439534103094, "step_dist_f": 57.62597081066795, "step_grade": -0.7458269838300674, "step_turn": 0.8740051907353745, "coast_speed_mps": 19.373424620413598, "coast_speed_mph": 43.33711663478341}, "geometry": {"type": "Point", "coordinates": [-122.30352, 37.94309]}}, {"id": "1451", "type": "Feature", "properties": {"name": "Arli-griz to Vollmer Peak", "step": 1451, "lat": 37.94324, "lon": -122.30444, "elevation_m": 93.5, "time": null, "elevation_f": 306.75854, "step_elevation_m": -12.900000000000006, "step_elevation_f": -42.32283600000005, "step_dist_m": 82.38154369547726, "step_dist_f": 270.2806638178696, "step_grade": -0.15658847141399482, "step_turn": 6.772239304736445, "coast_speed_mps": 19.893382741088868, "coast_speed_mph": 44.500229825270324}, "geometry": {"type": "Point", "coordinates": [-122.30444, 37.94324]}}, {"id": "1452", "type": "Feature", "properties": {"name": "Arli-griz to Vollmer Peak", "step": 1452, "lat": 37.9433, "lon": -122.3047, "elevation_m": 103.1, "time": null, "elevation_f": 338.254604, "step_elevation_m": 9.599999999999994, "step_elevation_f": 31.49606399999999, "step_dist_m": 23.755642148602494, "step_dist_f": 77.938460986821, "step_grade": 0.404114523191904, "step_turn": 4.629503691337334, "coast_speed_mps": 11.6983536867809, "coast_speed_mph": 26.168471919248585}, "geometry": {"type": "Point", "coordinates": [-122.3047, 37.9433]}}, {"id": "1453", "type": "Feature", "properties": {"name": "Arli-griz to Vollmer Peak", "step": 1453, "lat": 37.94336, "lon": -122.3049, "elevation_m": 109.4, "time": null, "elevation_f": 358.923896, "step_elevation_m": 6.300000000000011, "step_elevation_f": 20.66929200000004, "step_dist_m": 18.764227506106344, "step_dist_f": 61.56242817113394, "step_grade": 0.33574523640527354, "step_turn": 4.516631676766281, "coast_speed_mps": 3.627321354286019, "coast_speed_mph": 8.11408678034631}, "geometry": {"type": "Point", "coordinates": [-122.3049, 37.94336]}}, {"id": "1454", "type": "Feature", "properties": {"name": "Arli-griz to Vollmer Peak", "step": 1454, "lat": 37.94341, "lon": -122.30505, "elevation_m": 112.3, "time": null, "elevation_f": 368.438332, "step_elevation_m": 2.8999999999999915, "step_elevation_f": 9.51443599999999, "step_dist_m": 14.280298337339316, "step_dist_f": 46.85137399707632, "step_grade": 0.20307698981450797, "step_turn": 2.0853916451847567, "coast_speed_mps": 0.0, "coast_speed_mph": 0.0}, "geometry": {"type": "Point", "coordinates": [-122.30505, 37.94341]}}, {"id": "1455", "type": "Feature", "properties": {"name": "Arli-griz to Vollmer Peak", "step": 1455, "lat": 37.9435, "lon": -122.30526, "elevation_m": 114.7, "time": null, "elevation_f": 376.312348, "step_elevation_m": 2.4000000000000057, "step_elevation_f": 7.874015999999983, "step_dist_m": 20.95857619071944, "step_dist_f": 68.76173510955996, "step_grade": 0.11451159554735103, "step_turn": 5.608911740839574, "coast_speed_mps": 0.0, "coast_speed_mph": 0.0}, "geometry": {"type": "Point", "coordinates": [-122.30526, 37.9435]}}, {"id": "1456", "type": "Feature", "properties": {"name": "Arli-griz to Vollmer Peak", "step": 1456, "lat": 37.94369, "lon": -122.30562, "elevation_m": 119.9, "time": null, "elevation_f": 393.372716, "step_elevation_m": 5.200000000000003, "step_elevation_f": 17.06036800000004, "step_dist_m": 37.9857727461375, "step_dist_f": 124.62524265643775, "step_grade": 0.13689335833055427, "step_turn": 5.2705725750086, "coast_speed_mps": 0.0, "coast_speed_mph": 0.0}, "geometry": {"type": "Point", "coordinates": [-122.30562, 37.94369]}}, {"id": "1457", "type": "Feature", "properties": {"name": "Arli-griz to Vollmer Peak", "step": 1457, "lat": 37.94377, "lon": -122.30573, "elevation_m": 120.4, "time": null, "elevation_f": 395.01313600000003, "step_elevation_m": 0.5, "step_elevation_f": 1.640420000000006, "step_dist_m": 13.12154553896077, "step_dist_f": 43.04969146604405, "step_grade": 0.038105267288475235, "step_turn": 8.890415820734574, "coast_speed_mps": 0.0, "coast_speed_mph": 0.0}, "geometry": {"type": "Point", "coordinates": [-122.30573, 37.94377]}}, {"id": "1458", "type": "Feature", "properties": {"name": "Arli-griz to Vollmer Peak", "step": 1458, "lat": 37.94387, "lon": -122.30587, "elevation_m": 117.4, "time": null, "elevation_f": 385.170616, "step_elevation_m": -3.0, "step_elevation_f": -9.842520000000036, "step_dist_m": 16.563744017327913, "step_dist_f": 54.34299392181011, "step_grade": -0.1811184715763293, "step_turn": 0.5140582823831323, "coast_speed_mps": 7.500676952051742, "coast_speed_mph": 16.77853648902052}, "geometry": {"type": "Point", "coordinates": [-122.30587, 37.94387]}}, {"id": "1459", "type": "Feature", "properties": {"name": "Arli-griz to Vollmer Peak", "step": 1459, "lat": 37.944, "lon": -122.306, "elevation_m": 116.3, "time": null, "elevation_f": 381.561692, "step_elevation_m": -1.1000000000000085, "step_elevation_f": -3.608924000000002, "step_dist_m": 18.409488554262825, "step_dist_f": 60.39858642836765, "step_grade": -0.05975179575237559, "step_turn": 9.571580523200453, "coast_speed_mps": 8.221418806333102, "coast_speed_mph": 18.39079010006508}, "geometry": {"type": "Point", "coordinates": [-122.306, 37.944]}}, {"id": "1460", "type": "Feature", "properties": {"name": "Arli-griz to Vollmer Peak", "step": 1460, "lat": 37.94412, "lon": -122.30611, "elevation_m": 120.5, "time": null, "elevation_f": 395.34122, "step_elevation_m": 4.200000000000003, "step_elevation_f": 13.779528000000028, "step_dist_m": 16.464768912142816, "step_dist_f": 54.018272437714636, "step_grade": 0.25509012743583, "step_turn": 2.396823655060018, "coast_speed_mps": 0.0, "coast_speed_mph": 0.0}, "geometry": {"type": "Point", "coordinates": [-122.30611, 37.94412]}}, {"id": "1461", "type": "Feature", "properties": {"name": "Arli-griz to Vollmer Peak", "step": 1461, "lat": 37.94426, "lon": -122.30624, "elevation_m": 123.7, "time": null, "elevation_f": 405.839908, "step_elevation_m": 3.200000000000003, "step_elevation_f": 10.498687999999959, "step_dist_m": 19.294870003911267, "step_dist_f": 63.30338130363224, "step_grade": 0.16584719147376117, "step_turn": 0.35166031528518715, "coast_speed_mps": 0.0, "coast_speed_mph": 0.0}, "geometry": {"type": "Point", "coordinates": [-122.30624, 37.94426]}}, {"id": "1462", "type": "Feature", "properties": {"name": "Arli-griz to Vollmer Peak", "step": 1462, "lat": 37.94474, "lon": -122.30659, "elevation_m": 111.7, "time": null, "elevation_f": 366.469828, "step_elevation_m": -12.0, "step_elevation_f": -39.37007999999997, "step_dist_m": 61.56854393512293, "step_dist_f": 201.9965416841087, "step_grade": -0.1949047229806969, "step_turn": 6.31465817396861, "coast_speed_mps": 15.025851102148694, "coast_speed_mph": 33.61187164940202}, "geometry": {"type": "Point", "coordinates": [-122.30659, 37.94474]}}, {"id": "1463", "type": "Feature", "properties": {"name": "Arli-griz to Vollmer Peak", "step": 1463, "lat": 37.94505, "lon": -122.3068, "elevation_m": 130.1, "time": null, "elevation_f": 426.83728399999995, "step_elevation_m": 18.39999999999999, "step_elevation_f": 60.36745599999995, "step_dist_m": 39.08078883494551, "step_dist_f": 128.21781524124262, "step_grade": 0.4708195650223662, "step_turn": 1.7881840016884212, "coast_speed_mps": 0.0, "coast_speed_mph": 0.0}, "geometry": {"type": "Point", "coordinates": [-122.3068, 37.94505]}}, {"id": "1464", "type": "Feature", "properties": {"name": "Arli-griz to Vollmer Peak", "step": 1464, "lat": 37.94545, "lon": -122.30709, "elevation_m": 122.9, "time": null, "elevation_f": 403.215236, "step_elevation_m": -7.199999999999989, "step_elevation_f": -23.62204799999995, "step_dist_m": 51.234294534980215, "step_dist_f": 168.0915228821445, "step_grade": -0.1405308702959536, "step_turn": 1.646265824944237, "coast_speed_mps": 11.542194987513826, "coast_speed_mph": 25.819154857538056}, "geometry": {"type": "Point", "coordinates": [-122.30709, 37.94545]}}, {"id": "1465", "type": "Feature", "properties": {"name": "Arli-griz to Vollmer Peak", "step": 1465, "lat": 37.94615, "lon": -122.30759, "elevation_m": 114.8, "time": null, "elevation_f": 376.640432, "step_elevation_m": -8.100000000000009, "step_elevation_f": -26.57480400000003, "step_dist_m": 89.33525593360052, "step_dist_f": 293.0946810771939, "step_grade": -0.09066969043017495, "step_turn": 0.3664227209424098, "coast_speed_mps": 13.91181324399937, "coast_speed_mph": 31.119839933785244}, "geometry": {"type": "Point", "coordinates": [-122.30759, 37.94615]}}, {"id": "1466", "type": "Feature", "properties": {"name": "Arli-griz to Vollmer Peak", "step": 1466, "lat": 37.94641, "lon": -122.30775, "elevation_m": 116.2, "time": null, "elevation_f": 381.233608, "step_elevation_m": 1.4000000000000057, "step_elevation_f": 4.593176000000028, "step_dist_m": 32.13511913532801, "step_dist_f": 105.43018426394956, "step_grade": 0.04356604355827341, "step_turn": 3.5050217244676105, "coast_speed_mps": 10.808580430066607, "coast_speed_mph": 24.178105829604945}, "geometry": {"type": "Point", "coordinates": [-122.30775, 37.94641]}}, {"id": "1467", "type": "Feature", "properties": {"name": "Arli-griz to Vollmer Peak", "step": 1467, "lat": 37.94663, "lon": -122.30788, "elevation_m": 114.0, "time": null, "elevation_f": 374.01576, "step_elevation_m": -2.200000000000003, "step_elevation_f": -7.217848000000004, "step_dist_m": 26.98844094461613, "step_dist_f": 88.54475658873439, "step_grade": -0.08151637971658665, "step_turn": 0.9019046229041123, "coast_speed_mps": 11.547526517805322, "coast_speed_mph": 25.83108115113929}, "geometry": {"type": "Point", "coordinates": [-122.30788, 37.94663]}}, {"id": "1468", "type": "Feature", "properties": {"name": "Arli-griz to Vollmer Peak", "step": 1468, "lat": 37.94684, "lon": -122.30804, "elevation_m": 120.6, "time": null, "elevation_f": 395.66930399999995, "step_elevation_m": 6.599999999999994, "step_elevation_f": 21.653543999999954, "step_dist_m": 27.241551330796504, "step_dist_f": 89.3751712681304, "step_grade": 0.24227695111249817, "step_turn": 6.013813769922592, "coast_speed_mps": 0.0, "coast_speed_mph": 0.0}, "geometry": {"type": "Point", "coordinates": [-122.30804, 37.94684]}}, {"id": "1469", "type": "Feature", "properties": {"name": "Arli-griz to Vollmer Peak", "step": 1469, "lat": 37.94745, "lon": -122.30852, "elevation_m": 145.5, "time": null, "elevation_f": 477.36222, "step_elevation_m": 24.900000000000006, "step_elevation_f": 81.69291600000003, "step_dist_m": 79.8264640863922, "step_dist_f": 261.897856433199, "step_grade": 0.31192663091092165, "step_turn": 0.8218596700680223, "coast_speed_mps": 0.0, "coast_speed_mph": 0.0}, "geometry": {"type": "Point", "coordinates": [-122.30852, 37.94745]}}, {"id": "1470", "type": "Feature", "properties": {"name": "Arli-griz to Vollmer Peak", "step": 1470, "lat": 37.94795, "lon": -122.30888, "elevation_m": 149.2, "time": null, "elevation_f": 489.50132799999994, "step_elevation_m": 3.6999999999999886, "step_elevation_f": 12.139107999999965, "step_dist_m": 63.93382409195701, "step_dist_f": 209.75664743385622, "step_grade": 0.05787233991632069, "step_turn": 2.233717198665829, "coast_speed_mps": 0.0, "coast_speed_mph": 0.0}, "geometry": {"type": "Point", "coordinates": [-122.30888, 37.94795]}}, {"id": "1471", "type": "Feature", "properties": {"name": "Arli-griz to Vollmer Peak", "step": 1471, "lat": 37.94845, "lon": -122.30923, "elevation_m": 142.2, "time": null, "elevation_f": 466.535448, "step_elevation_m": -7.0, "step_elevation_f": -22.96587999999997, "step_dist_m": 63.50536395704921, "step_dist_f": 208.35093828484534, "step_grade": -0.11022690941090162, "step_turn": 0.6881371383680062, "coast_speed_mps": 11.285929207349369, "coast_speed_mph": 25.24590463347655}, "geometry": {"type": "Point", "coordinates": [-122.30923, 37.94845]}}, {"id": "1472", "type": "Feature", "properties": {"name": "Arli-griz to Vollmer Peak", "step": 1472, "lat": 37.94898, "lon": -122.30963, "elevation_m": 123.3, "time": null, "elevation_f": 404.52757199999996, "step_elevation_m": -18.89999999999999, "step_elevation_f": -62.00787600000001, "step_dist_m": 68.58056345051006, "step_dist_f": 225.0018557909714, "step_grade": -0.2755882869588676, "step_turn": 1.8600235704989245, "coast_speed_mps": 20.62387592582503, "coast_speed_mph": 46.13429654130504}, "geometry": {"type": "Point", "coordinates": [-122.30963, 37.94898]}}, {"id": "1473", "type": "Feature", "properties": {"name": "Arli-griz to Vollmer Peak", "step": 1473, "lat": 37.94962, "lon": -122.31007, "elevation_m": 107.8, "time": null, "elevation_f": 353.674552, "step_elevation_m": -15.5, "step_elevation_f": -50.85301999999996, "step_dist_m": 80.94992394375396, "step_dist_f": 265.5837484716257, "step_grade": -0.1914763997896995, "step_turn": 2.2950880338816546, "coast_speed_mps": 21.726546788133287, "coast_speed_mph": 48.600901011393304}, "geometry": {"type": "Point", "coordinates": [-122.31007, 37.94962]}}, {"id": "1474", "type": "Feature", "properties": {"name": "Arli-griz to Vollmer Peak", "step": 1474, "lat": 37.95002, "lon": -122.31037, "elevation_m": 110.6, "time": null, "elevation_f": 362.860904, "step_elevation_m": 2.799999999999997, "step_elevation_f": 9.186352, "step_dist_m": 51.67429950124864, "step_dist_f": 169.53510877567658, "step_grade": 0.05418554343310138, "step_turn": 2.1371066655113395, "coast_speed_mps": 15.350520759820352, "coast_speed_mph": 34.338136989576626}, "geometry": {"type": "Point", "coordinates": [-122.31037, 37.95002]}}, {"id": "1475", "type": "Feature", "properties": {"name": "Arli-griz to Vollmer Peak", "step": 1475, "lat": 37.95026, "lon": -122.31057, "elevation_m": 118.5, "time": null, "elevation_f": 388.77954, "step_elevation_m": 7.900000000000006, "step_elevation_f": 25.918635999999992, "step_dist_m": 31.932930581937946, "step_dist_f": 104.76683597044529, "step_grade": 0.2473935168502336, "step_turn": 2.7092313445172067, "coast_speed_mps": 4.7064544732666445, "coast_speed_mph": 10.52803881815193}, "geometry": {"type": "Point", "coordinates": [-122.31057, 37.95026]}}, {"id": "1476", "type": "Feature", "properties": {"name": "Arli-griz to Vollmer Peak", "step": 1476, "lat": 37.95065, "lon": -122.31083, "elevation_m": 115.2, "time": null, "elevation_f": 377.952768, "step_elevation_m": -3.299999999999997, "step_elevation_f": -10.826772000000005, "step_dist_m": 48.99315431118453, "step_dist_f": 160.73870039030666, "step_grade": -0.0673563489919376, "step_turn": 5.57911810053406, "coast_speed_mps": 8.455411708074342, "coast_speed_mph": 18.91421731405318}, "geometry": {"type": "Point", "coordinates": [-122.31083, 37.95065]}}, {"id": "1477", "type": "Feature", "properties": {"name": "Arli-griz to Vollmer Peak", "step": 1477, "lat": 37.95106, "lon": -122.31114, "elevation_m": 112.3, "time": null, "elevation_f": 368.438332, "step_elevation_m": -2.9000000000000057, "step_elevation_f": -9.51443599999999, "step_dist_m": 53.077883522660336, "step_dist_f": 174.14004337648493, "step_grade": -0.05463669248910273, "step_turn": 3.0732012910974618, "coast_speed_mps": 9.64839730823004, "coast_speed_mph": 21.58285009893976}, "geometry": {"type": "Point", "coordinates": [-122.31114, 37.95106]}}, {"id": "1478", "type": "Feature", "properties": {"name": "Arli-griz to Vollmer Peak", "step": 1478, "lat": 37.95133, "lon": -122.31133, "elevation_m": 102.9, "time": null, "elevation_f": 337.598436, "step_elevation_m": -9.399999999999991, "step_elevation_f": -30.83989600000001, "step_dist_m": 34.33502734386247, "step_dist_f": 112.64773111083775, "step_grade": -0.27377289978131564, "step_turn": 1.7781983773394359, "coast_speed_mps": 15.792853012802642, "coast_speed_mph": 35.3276060594189}, "geometry": {"type": "Point", "coordinates": [-122.31133, 37.95133]}}, {"id": "1479", "type": "Feature", "properties": {"name": "Arli-griz to Vollmer Peak", "step": 1479, "lat": 37.95146, "lon": -122.31147, "elevation_m": 100.4, "time": null, "elevation_f": 329.396336, "step_elevation_m": -2.5, "step_elevation_f": -8.202099999999973, "step_dist_m": 18.96418448448489, "step_dist_f": 62.2184550240774, "step_grade": -0.13182744568032004, "step_turn": 11.311896609987286, "coast_speed_mps": 16.182456294550075, "coast_speed_mph": 36.19912377986323}, "geometry": {"type": "Point", "coordinates": [-122.31147, 37.95146]}}, {"id": "1480", "type": "Feature", "properties": {"name": "Arli-griz to Vollmer Peak", "step": 1480, "lat": 37.95157, "lon": -122.31162, "elevation_m": 105.0, "time": null, "elevation_f": 344.4882, "step_elevation_m": 4.599999999999994, "step_elevation_f": 15.091863999999987, "step_dist_m": 17.960680065408212, "step_dist_f": 58.926117585793875, "step_grade": 0.25611502366547195, "step_turn": 6.739654578629768, "coast_speed_mps": 11.635020646835706, "coast_speed_mph": 26.026799943709047}, "geometry": {"type": "Point", "coordinates": [-122.31162, 37.95157]}}, {"id": "1481", "type": "Feature", "properties": {"name": "Arli-griz to Vollmer Peak", "step": 1481, "lat": 37.95166, "lon": -122.31176, "elevation_m": 109.3, "time": null, "elevation_f": 358.59581199999997, "step_elevation_m": 4.299999999999997, "step_elevation_f": 14.10761199999996, "step_dist_m": 15.837722296813915, "step_dist_f": 51.961032820278966, "step_grade": 0.2715036871725571, "step_turn": 3.7338142022169336, "coast_speed_mps": 5.769255930736451, "coast_speed_mph": 12.905457969614451}, "geometry": {"type": "Point", "coordinates": [-122.31176, 37.95166]}}, {"id": "1482", "type": "Feature", "properties": {"name": "Arli-griz to Vollmer Peak", "step": 1482, "lat": 37.95192, "lon": -122.31242, "elevation_m": 115.3, "time": null, "elevation_f": 378.280852, "step_elevation_m": 6.0, "step_elevation_f": 19.685040000000015, "step_dist_m": 64.68889939468458, "step_dist_f": 212.23392869005696, "step_grade": 0.09275161667834796, "step_turn": 12.642654032921655, "coast_speed_mps": 0.0, "coast_speed_mph": 0.0}, "geometry": {"type": "Point", "coordinates": [-122.31242, 37.95192]}}, {"id": "1483", "type": "Feature", "properties": {"name": "Arli-griz to Vollmer Peak", "step": 1483, "lat": 37.95199, "lon": -122.31256, "elevation_m": 113.5, "time": null, "elevation_f": 372.37534, "step_elevation_m": -1.7999999999999972, "step_elevation_f": -5.905511999999987, "step_dist_m": 14.53500104257724, "step_dist_f": 47.68701282052911, "step_grade": -0.12383900040510999, "step_turn": 5.832210991525358, "coast_speed_mps": 0.0, "coast_speed_mph": 0.0}, "geometry": {"type": "Point", "coordinates": [-122.31256, 37.95199]}}, {"id": "1484", "type": "Feature", "properties": {"name": "Arli-griz to Vollmer Peak", "step": 1484, "lat": 37.9521, "lon": -122.31289, "elevation_m": 105.4, "time": null, "elevation_f": 345.800536, "step_elevation_m": -8.099999999999994, "step_elevation_f": -26.574803999999972, "step_dist_m": 31.413514892611545, "step_dist_f": 103.06271620027566, "step_grade": -0.25785080172308616, "step_turn": 9.463248007136826, "coast_speed_mps": 12.320868669780891, "coast_speed_mph": 27.560998277068894}, "geometry": {"type": "Point", "coordinates": [-122.31289, 37.9521]}}, {"id": "1485", "type": "Feature", "properties": {"name": "Arli-griz to Vollmer Peak", "step": 1485, "lat": 37.9521, "lon": -122.31289, "elevation_m": 105.4, "time": null, "elevation_f": 345.800536, "step_elevation_m": 0.0, "step_elevation_f": 0.0, "step_dist_m": 0.0, "step_dist_f": 0.0, "step_grade": null, "step_turn": null, "coast_speed_mps": 12.320868669780891, "coast_speed_mph": 27.560998277068894}, "geometry": {"type": "Point", "coordinates": [-122.31289, 37.9521]}}, {"id": "1486", "type": "Feature", "properties": {"name": "Arli-griz to Vollmer Peak", "step": 1486, "lat": 37.95214, "lon": -122.31302, "elevation_m": 102.4, "time": null, "elevation_f": 335.95801600000004, "step_elevation_m": -3.0, "step_elevation_f": -9.842519999999979, "step_dist_m": 12.235454584529007, "step_dist_f": 40.142568819106145, "step_grade": -0.2451890920173345, "step_turn": null, "coast_speed_mps": 13.604585794898728, "coast_speed_mph": 30.43259170297672}, "geometry": {"type": "Point", "coordinates": [-122.31302, 37.95214]}}, {"id": "1487", "type": "Feature", "properties": {"name": "Arli-griz to Vollmer Peak", "step": 1487, "lat": 37.95218, "lon": -122.31317, "elevation_m": 101.9, "time": null, "elevation_f": 334.31759600000004, "step_elevation_m": -0.5, "step_elevation_f": -1.640420000000006, "step_dist_m": 13.883721327965533, "step_dist_f": 45.55026828164244, "step_grade": -0.03601339930331691, "step_turn": 2.6316124646547223, "coast_speed_mps": 14.182548027561054, "coast_speed_mph": 31.72545639665587}, "geometry": {"type": "Point", "coordinates": [-122.31317, 37.95218]}}, {"id": "1488", "type": "Feature", "properties": {"name": "Arli-griz to Vollmer Peak", "step": 1488, "lat": 37.95225, "lon": -122.31339, "elevation_m": 105.0, "time": null, "elevation_f": 344.4882, "step_elevation_m": 3.0999999999999943, "step_elevation_f": 10.170603999999969, "step_dist_m": 20.80078425942878, "step_dist_f": 68.24404502970432, "step_grade": 0.14903284228789576, "step_turn": 3.2901397093490345, "coast_speed_mps": 10.359647443651765, "coast_speed_mph": 23.17387133959322}, "geometry": {"type": "Point", "coordinates": [-122.31339, 37.95225]}}, {"id": "1489", "type": "Feature", "properties": {"name": "Arli-griz to Vollmer Peak", "step": 1489, "lat": 37.95234, "lon": -122.31362, "elevation_m": 103.7, "time": null, "elevation_f": 340.223108, "step_elevation_m": -1.2999999999999972, "step_elevation_f": -4.2650919999999815, "step_dist_m": 22.51293960391468, "step_dist_f": 73.86135277010744, "step_grade": -0.057744569250918504, "step_turn": 4.418044566944161, "coast_speed_mps": 10.58882134394311, "coast_speed_mph": 23.686518754346586}, "geometry": {"type": "Point", "coordinates": [-122.31362, 37.95234]}}, {"id": "1490", "type": "Feature", "properties": {"name": "Arli-griz to Vollmer Peak", "step": 1490, "lat": 37.9524, "lon": -122.31379, "elevation_m": 98.6, "time": null, "elevation_f": 323.490824, "step_elevation_m": -5.1000000000000085, "step_elevation_f": -16.73228400000005, "step_dist_m": 16.330547983492707, "step_dist_f": 53.57791504616221, "step_grade": -0.3122981546703274, "step_turn": 2.279706151459436, "coast_speed_mps": 14.021723688209054, "coast_speed_mph": 31.365702595313703}, "geometry": {"type": "Point", "coordinates": [-122.31379, 37.9524]}}, {"id": "1491", "type": "Feature", "properties": {"name": "Arli-griz to Vollmer Peak", "step": 1491, "lat": 37.95243, "lon": -122.31407, "elevation_m": 88.6, "time": null, "elevation_f": 290.68242399999997, "step_elevation_m": -10.0, "step_elevation_f": -32.808400000000006, "step_dist_m": 24.77589239777851, "step_dist_f": 81.28573881432764, "step_grade": -0.4036181558851391, "step_turn": 16.37531711647557, "coast_speed_mps": 18.822873438951653, "coast_speed_mph": 42.10556871633776}, "geometry": {"type": "Point", "coordinates": [-122.31407, 37.95243]}}, {"id": "1492", "type": "Feature", "properties": {"name": "Arli-griz to Vollmer Peak", "step": 1492, "lat": 37.95245, "lon": -122.31452, "elevation_m": 76.8, "time": null, "elevation_f": 251.96851199999998, "step_elevation_m": -11.799999999999997, "step_elevation_f": -38.71391199999999, "step_dist_m": 39.5184416477091, "step_dist_f": 129.65368409546994, "step_grade": -0.2985947701377553, "step_turn": 4.511779913251303, "coast_speed_mps": 21.52445030135086, "coast_speed_mph": 48.148824045613004}, "geometry": {"type": "Point", "coordinates": [-122.31452, 37.95245]}}, {"id": "1493", "type": "Feature", "properties": {"name": "Arli-griz to Vollmer Peak", "step": 1493, "lat": 37.95245, "lon": -122.31465, "elevation_m": 74.5, "time": null, "elevation_f": 244.42258, "step_elevation_m": -2.299999999999997, "step_elevation_f": -7.545931999999965, "step_dist_m": 11.398345620448785, "step_dist_f": 37.39614824539319, "step_grade": -0.20178366901541978, "step_turn": 3.226120087798961, "coast_speed_mps": 22.043396956232563, "coast_speed_mph": 49.30967465155811}, "geometry": {"type": "Point", "coordinates": [-122.31465, 37.95245]}}, {"id": "1494", "type": "Feature", "properties": {"name": "Arli-griz to Vollmer Peak", "step": 1494, "lat": 37.95243, "lon": -122.31492, "elevation_m": 77.5, "time": null, "elevation_f": 254.2651, "step_elevation_m": 3.0, "step_elevation_f": 9.842519999999979, "step_dist_m": 23.77771786131955, "step_dist_f": 78.01088786813163, "step_grade": 0.12616854222499863, "step_turn": 5.366599198659003, "coast_speed_mps": 18.47175714947443, "coast_speed_mph": 41.32014394567469}, "geometry": {"type": "Point", "coordinates": [-122.31492, 37.95243]}}, {"id": "1495", "type": "Feature", "properties": {"name": "Arli-griz to Vollmer Peak", "step": 1495, "lat": 37.95235, "lon": -122.31508, "elevation_m": 82.6, "time": null, "elevation_f": 270.99738399999995, "step_elevation_m": 5.099999999999994, "step_elevation_f": 16.732283999999964, "step_dist_m": 16.611359605275794, "step_dist_f": 54.49921304737303, "step_grade": 0.30701881851863744, "step_turn": 27.012080126012734, "coast_speed_mps": 14.080296201667515, "coast_speed_mph": 31.49672557638578}, "geometry": {"type": "Point", "coordinates": [-122.31508, 37.95235]}}, {"id": "1496", "type": "Feature", "properties": {"name": "Arli-griz to Vollmer Peak", "step": 1496, "lat": 37.95206, "lon": -122.31579, "elevation_m": 90.2, "time": null, "elevation_f": 295.93176800000003, "step_elevation_m": 7.6000000000000085, "step_elevation_f": 24.93438400000008, "step_dist_m": 70.1087626107186, "step_dist_f": 230.01563272375, "step_grade": 0.10840299724300198, "step_turn": 4.994973437722422, "coast_speed_mps": 0.0, "coast_speed_mph": 0.0}, "geometry": {"type": "Point", "coordinates": [-122.31579, 37.95206]}}, {"id": "1497", "type": "Feature", "properties": {"name": "Arli-griz to Vollmer Peak", "step": 1497, "lat": 37.952, "lon": -122.31595, "elevation_m": 87.3, "time": null, "elevation_f": 286.417332, "step_elevation_m": -2.9000000000000057, "step_elevation_f": -9.514436000000046, "step_dist_m": 15.534449591967924, "step_dist_f": 50.966043599312044, "step_grade": -0.186681863611019, "step_turn": 1.9493135442576204, "coast_speed_mps": 7.379682431652789, "coast_speed_mph": 16.507879455200385}, "geometry": {"type": "Point", "coordinates": [-122.31595, 37.952]}}, {"id": "1498", "type": "Feature", "properties": {"name": "Arli-griz to Vollmer Peak", "step": 1498, "lat": 37.95194, "lon": -122.31612, "elevation_m": 84.8, "time": null, "elevation_f": 278.215232, "step_elevation_m": -2.5, "step_elevation_f": -8.202099999999973, "step_dist_m": 16.330622062950063, "step_dist_f": 53.57815808900909, "step_grade": -0.15308663628140964, "step_turn": 1.3213161536972962, "coast_speed_mps": 9.727577471800611, "coast_speed_mph": 21.759971080441574}, "geometry": {"type": "Point", "coordinates": [-122.31612, 37.95194]}}, {"id": "1499", "type": "Feature", "properties": {"name": "Arli-griz to Vollmer Peak", "step": 1499, "lat": 37.95189, "lon": -122.31632, "elevation_m": 81.4, "time": null, "elevation_f": 267.060376, "step_elevation_m": -3.3999999999999915, "step_elevation_f": -11.154855999999995, "step_dist_m": 18.39629365234709, "step_dist_f": 60.35529606636643, "step_grade": -0.18481983731359944, "step_turn": 6.522047012342853, "coast_speed_mps": 12.086135188559586, "coast_speed_mph": 27.035914433964685}, "geometry": {"type": "Point", "coordinates": [-122.31632, 37.95189]}}, {"id": "1500", "type": "Feature", "properties": {"name": "Arli-griz to Vollmer Peak", "step": 1500, "lat": 37.95184, "lon": -122.31653, "elevation_m": 77.5, "time": null, "elevation_f": 254.2651, "step_elevation_m": -3.9000000000000057, "step_elevation_f": -12.79527600000003, "step_dist_m": 19.233932198101247, "step_dist_f": 63.1034541128185, "step_grade": -0.2027666500969058, "step_turn": 0.7894097120975232, "coast_speed_mps": 14.128196216929748, "coast_speed_mph": 31.60387485891583}, "geometry": {"type": "Point", "coordinates": [-122.31653, 37.95184]}}, {"id": "1501", "type": "Feature", "properties": {"name": "Arli-griz to Vollmer Peak", "step": 1501, "lat": 37.95183, "lon": -122.31675, "elevation_m": 76.2, "time": null, "elevation_f": 250.000008, "step_elevation_m": -1.2999999999999972, "step_elevation_f": -4.2650919999999815, "step_dist_m": 19.321691929874902, "step_dist_f": 63.39137975121077, "step_grade": -0.06728189253395336, "step_turn": 13.502494054054097, "coast_speed_mps": 13.952398674678022, "coast_speed_mph": 31.21062695659898}, "geometry": {"type": "Point", "coordinates": [-122.31675, 37.95183]}}, {"id": "1502", "type": "Feature", "properties": {"name": "Arli-griz to Vollmer Peak", "step": 1502, "lat": 37.95183, "lon": -122.31702, "elevation_m": 74.4, "time": null, "elevation_f": 244.09449600000002, "step_elevation_m": -1.7999999999999972, "step_elevation_f": -5.905511999999987, "step_dist_m": 23.6736868566172, "step_dist_f": 77.66957878666396, "step_grade": -0.07603378429823518, "step_turn": 3.299168459130385, "coast_speed_mps": 13.911026497248058, "coast_speed_mph": 31.118080031424576}, "geometry": {"type": "Point", "coordinates": [-122.31702, 37.95183]}}, {"id": "1503", "type": "Feature", "properties": {"name": "Arli-griz to Vollmer Peak", "step": 1503, "lat": 37.95185, "lon": -122.3172, "elevation_m": 72.6, "time": null, "elevation_f": 238.18898399999998, "step_elevation_m": -1.8000000000000114, "step_elevation_f": -5.905512000000044, "step_dist_m": 15.93836987819946, "step_dist_f": 52.291241431191914, "step_grade": -0.11293501241065158, "step_turn": 8.020687180233892, "coast_speed_mps": 14.297221574127093, "coast_speed_mph": 31.981973814708027}, "geometry": {"type": "Point", "coordinates": [-122.3172, 37.95185]}}, {"id": "1504", "type": "Feature", "properties": {"name": "Arli-griz to Vollmer Peak", "step": 1504, "lat": 37.95188, "lon": -122.31739, "elevation_m": 70.0, "time": null, "elevation_f": 229.65879999999999, "step_elevation_m": -2.5999999999999943, "step_elevation_f": -8.530183999999991, "step_dist_m": 16.989955775190516, "step_dist_f": 55.74132650547605, "step_grade": -0.1530315931602735, "step_turn": 3.3024386873476033, "coast_speed_mps": 15.102108812929078, "coast_speed_mph": 33.78245529019564}, "geometry": {"type": "Point", "coordinates": [-122.31739, 37.95188]}}, {"id": "1505", "type": "Feature", "properties": {"name": "Arli-griz to Vollmer Peak", "step": 1505, "lat": 37.95198, "lon": -122.31794, "elevation_m": 63.5, "time": null, "elevation_f": 208.33334, "step_elevation_m": -6.5, "step_elevation_f": -21.325459999999993, "step_dist_m": 49.48947389363796, "step_dist_f": 162.36704552920315, "step_grade": -0.1313410608075912, "step_turn": 1.6612568181296297, "coast_speed_mps": 16.531249447371085, "coast_speed_mph": 36.979351841828624}, "geometry": {"type": "Point", "coordinates": [-122.31794, 37.95198]}}, {"id": "1506", "type": "Feature", "properties": {"name": "Arli-griz to Vollmer Peak", "step": 1506, "lat": 37.952, "lon": -122.31808, "elevation_m": 61.5, "time": null, "elevation_f": 201.77166, "step_elevation_m": -2.0, "step_elevation_f": -6.5616799999999955, "step_dist_m": 12.475043447699543, "step_dist_f": 40.928621544950566, "step_grade": -0.160320082922742, "step_turn": 2.7155424545514393, "coast_speed_mps": 16.75320667245487, "coast_speed_mph": 37.475856013902224}, "geometry": {"type": "Point", "coordinates": [-122.31808, 37.952]}}, {"id": "1507", "type": "Feature", "properties": {"name": "Arli-griz to Vollmer Peak", "step": 1507, "lat": 37.95201, "lon": -122.31826, "elevation_m": 58.3, "time": null, "elevation_f": 191.27297199999998, "step_elevation_m": -3.200000000000003, "step_elevation_f": -10.498688000000016, "step_dist_m": 15.82154296981218, "step_dist_f": 51.90795103707859, "step_grade": -0.20225587391227687, "step_turn": 6.238757504522027, "coast_speed_mps": 17.671805574344873, "coast_speed_mph": 39.530703235381296}, "geometry": {"type": "Point", "coordinates": [-122.31826, 37.95201]}}, {"id": "1508", "type": "Feature", "properties": {"name": "Arli-griz to Vollmer Peak", "step": 1508, "lat": 37.95201, "lon": -122.31843, "elevation_m": 55.0, "time": null, "elevation_f": 180.4462, "step_elevation_m": -3.299999999999997, "step_elevation_f": -10.826771999999977, "step_dist_m": 14.905618166130482, "step_dist_f": 48.90294830416753, "step_grade": -0.22139303202456054, "step_turn": 4.0301134767461235, "coast_speed_mps": 18.404751525704928, "coast_speed_mph": 41.17025663409294}, "geometry": {"type": "Point", "coordinates": [-122.31843, 37.95201]}}, {"id": "1509", "type": "Feature", "properties": {"name": "Arli-griz to Vollmer Peak", "step": 1509, "lat": 37.95197, "lon": -122.31865, "elevation_m": 48.5, "time": null, "elevation_f": 159.12074, "step_elevation_m": -6.5, "step_elevation_f": -21.325459999999993, "step_dist_m": 19.79577420644881, "step_dist_f": 64.94676784748552, "step_grade": -0.3283529066462333, "step_turn": 12.984291454892912, "coast_speed_mps": 20.38385540996468, "coast_speed_mph": 45.59738593853941}, "geometry": {"type": "Point", "coordinates": [-122.31865, 37.95197]}}, {"id": "1510", "type": "Feature", "properties": {"name": "Arli-griz to Vollmer Peak", "step": 1510, "lat": 37.95185, "lon": -122.31915, "elevation_m": 38.7, "time": null, "elevation_f": 126.96850800000001, "step_elevation_m": -9.799999999999997, "step_elevation_f": -32.152232, "step_dist_m": 45.82577446785144, "step_dist_f": 150.34703390510572, "step_grade": -0.21385345067926956, "step_turn": 3.9440149305259524, "coast_speed_mps": 20.97147612876122, "coast_speed_mph": 46.91185605037848}, "geometry": {"type": "Point", "coordinates": [-122.31915, 37.95185]}}, {"id": "1511", "type": "Feature", "properties": {"name": "Arli-griz to Vollmer Peak", "step": 1511, "lat": 37.95186, "lon": -122.31921, "elevation_m": 39.0, "time": null, "elevation_f": 127.95276, "step_elevation_m": 0.29999999999999716, "step_elevation_f": 0.9842519999999837, "step_dist_m": 5.377046779287785, "step_dist_f": 17.64123015535854, "step_grade": 0.0557927078402196, "step_turn": 28.862900772255387, "coast_speed_mps": 21.017268498026606, "coast_speed_mph": 47.01429066308738}, "geometry": {"type": "Point", "coordinates": [-122.31921, 37.95186]}}, {"id": "1512", "type": "Feature", "properties": {"name": "Arli-griz to Vollmer Peak", "step": 1512, "lat": 37.95179, "lon": -122.31947, "elevation_m": 44.3, "time": null, "elevation_f": 145.34121199999998, "step_elevation_m": 5.299999999999997, "step_elevation_f": 17.388451999999987, "step_dist_m": 24.089066020932453, "step_dist_f": 79.03237136411603, "step_grade": 0.22001683234188096, "step_turn": 30.78624575299537, "coast_speed_mps": 16.072791376596246, "coast_speed_mph": 35.95381034492714}, "geometry": {"type": "Point", "coordinates": [-122.31947, 37.95179]}}, {"id": "1513", "type": "Feature", "properties": {"name": "Arli-griz to Vollmer Peak", "step": 1513, "lat": 37.95171, "lon": -122.31961, "elevation_m": 52.3, "time": null, "elevation_f": 171.587932, "step_elevation_m": 8.0, "step_elevation_f": 26.24672000000001, "step_dist_m": 15.159603025798235, "step_dist_f": 49.73623199115988, "step_grade": 0.5277183041261568, "step_turn": 17.078327294313908, "coast_speed_mps": 8.435778110145565, "coast_speed_mph": 18.870298206302692}, "geometry": {"type": "Point", "coordinates": [-122.31961, 37.95171]}}, {"id": "1514", "type": "Feature", "properties": {"name": "Arli-griz to Vollmer Peak", "step": 1514, "lat": 37.95174, "lon": -122.31981, "elevation_m": 50.3, "time": null, "elevation_f": 165.026252, "step_elevation_m": -2.0, "step_elevation_f": -6.5616799999999955, "step_dist_m": 17.850554951749473, "step_dist_f": 58.56481470789774, "step_grade": -0.11204133459189664, "step_turn": 46.700539344698, "coast_speed_mps": 9.928372828835634, "coast_speed_mph": 22.209137501869236}, "geometry": {"type": "Point", "coordinates": [-122.31981, 37.95174]}}, {"id": "1515", "type": "Feature", "properties": {"name": "Arli-griz to Vollmer Peak", "step": 1515, "lat": 37.95177, "lon": -122.32018, "elevation_m": 54.2, "time": null, "elevation_f": 177.821528, "step_elevation_m": 3.9000000000000057, "step_elevation_f": 12.795276000000001, "step_dist_m": 32.61280672998776, "step_dist_f": 106.99740083201304, "step_grade": 0.11958492356359876, "step_turn": 4.899650225567484, "coast_speed_mps": 0.0, "coast_speed_mph": 0.0}, "geometry": {"type": "Point", "coordinates": [-122.32018, 37.95177]}}, {"id": "1516", "type": "Feature", "properties": {"name": "Arli-griz to Vollmer Peak", "step": 1516, "lat": 37.95182, "lon": -122.32053, "elevation_m": 54.6, "time": null, "elevation_f": 179.13386400000002, "step_elevation_m": 0.3999999999999986, "step_elevation_f": 1.3123360000000162, "step_dist_m": 31.187688775510104, "step_dist_f": 102.32181684224457, "step_grade": 0.012825573670405982, "step_turn": 4.397998416173664, "coast_speed_mps": 0.0, "coast_speed_mph": 0.0}, "geometry": {"type": "Point", "coordinates": [-122.32053, 37.95182]}}, {"id": "1517", "type": "Feature", "properties": {"name": "Arli-griz to Vollmer Peak", "step": 1517, "lat": 37.95181, "lon": -122.32076, "elevation_m": 55.7, "time": null, "elevation_f": 182.74278800000002, "step_elevation_m": 1.1000000000000014, "step_elevation_f": 3.608924000000002, "step_dist_m": 20.19711044626731, "step_dist_f": 66.26348783653164, "step_grade": 0.054463236358807746, "step_turn": 13.424897753058872, "coast_speed_mps": 0.0, "coast_speed_mph": 0.0}, "geometry": {"type": "Point", "coordinates": [-122.32076, 37.95181]}}, {"id": "1518", "type": "Feature", "properties": {"name": "Arli-griz to Vollmer Peak", "step": 1518, "lat": 37.95169, "lon": -122.32115, "elevation_m": 54.2, "time": null, "elevation_f": 177.821528, "step_elevation_m": -1.5, "step_elevation_f": -4.921260000000018, "step_dist_m": 36.7065241991244, "step_dist_f": 120.4282328534553, "step_grade": -0.04086467004783256, "step_turn": 18.160197202341237, "coast_speed_mps": 4.865032781154248, "coast_speed_mph": 10.882768390198288}, "geometry": {"type": "Point", "coordinates": [-122.32115, 37.95169]}}, {"id": "1519", "type": "Feature", "properties": {"name": "Arli-griz to Vollmer Peak", "step": 1519, "lat": 37.95169, "lon": -122.32115, "elevation_m": 54.2, "time": null, "elevation_f": 177.821528, "step_elevation_m": 0.0, "step_elevation_f": 0.0, "step_dist_m": 0.0, "step_dist_f": 0.0, "step_grade": null, "step_turn": null, "coast_speed_mps": 4.865032781154248, "coast_speed_mph": 10.882768390198288}, "geometry": {"type": "Point", "coordinates": [-122.32115, 37.95169]}}, {"id": "1520", "type": "Feature", "properties": {"name": "Arli-griz to Vollmer Peak", "step": 1520, "lat": 37.95137, "lon": -122.32212, "elevation_m": 52.8, "time": null, "elevation_f": 173.228352, "step_elevation_m": -1.4000000000000057, "step_elevation_f": -4.593176, "step_dist_m": 92.19355799726891, "step_dist_f": 302.47231281975974, "step_grade": -0.015185442783773227, "step_turn": null, "coast_speed_mps": 3.0039890554418984, "coast_speed_mph": 6.719732139052199}, "geometry": {"type": "Point", "coordinates": [-122.32212, 37.95137]}}, {"id": "1521", "type": "Feature", "properties": {"name": "Arli-griz to Vollmer Peak", "step": 1521, "lat": 37.95131, "lon": -122.32226, "elevation_m": 53.3, "time": null, "elevation_f": 174.86877199999998, "step_elevation_m": 0.5, "step_elevation_f": 1.6404199999999776, "step_dist_m": 13.971226609201691, "step_dist_f": 45.83735910853328, "step_grade": 0.035787838389987274, "step_turn": 5.821621183138149, "coast_speed_mps": 2.873810871427101, "coast_speed_mph": 6.428531834795763}, "geometry": {"type": "Point", "coordinates": [-122.32226, 37.95131]}}, {"id": "1522", "type": "Feature", "properties": {"name": "Arli-griz to Vollmer Peak", "step": 1522, "lat": 37.9512, "lon": -122.32241, "elevation_m": 52.1, "time": null, "elevation_f": 170.93176400000002, "step_elevation_m": -1.1999999999999957, "step_elevation_f": -3.937007999999963, "step_dist_m": 17.96071415091034, "step_dist_f": 58.92622941487269, "step_grade": -0.06681248807354208, "step_turn": 14.398405239011907, "coast_speed_mps": 5.2848336049826, "coast_speed_mph": 11.821836088454264}, "geometry": {"type": "Point", "coordinates": [-122.32241, 37.9512]}}, {"id": "1523", "type": "Feature", "properties": {"name": "Arli-griz to Vollmer Peak", "step": 1523, "lat": 37.95098, "lon": -122.32258, "elevation_m": 49.5, "time": null, "elevation_f": 162.40158, "step_elevation_m": -2.6000000000000014, "step_elevation_f": -8.53018400000002, "step_dist_m": 28.646390776547815, "step_dist_f": 93.98422471532913, "step_grade": -0.09076187015254171, "step_turn": 15.722381090591966, "coast_speed_mps": 8.292102616960758, "coast_speed_mph": 18.54890528131878}, "geometry": {"type": "Point", "coordinates": [-122.32258, 37.95098]}}, {"id": "1524", "type": "Feature", "properties": {"name": "Arli-griz to Vollmer Peak", "step": 1524, "lat": 37.95031, "lon": -122.32285, "elevation_m": 47.1, "time": null, "elevation_f": 154.527564, "step_elevation_m": -2.3999999999999986, "step_elevation_f": -7.874015999999983, "step_dist_m": 78.171612860277, "step_dist_f": 256.46855433651115, "step_grade": -0.0307016820068652, "step_turn": 13.726189506051355, "coast_speed_mps": 8.085603959269474, "coast_speed_mph": 18.08698093966863}, "geometry": {"type": "Point", "coordinates": [-122.32285, 37.95031]}}, {"id": "1525", "type": "Feature", "properties": {"name": "Arli-griz to Vollmer Peak", "step": 1525, "lat": 37.9498, "lon": -122.32304, "elevation_m": 46.3, "time": null, "elevation_f": 151.90289199999998, "step_elevation_m": -0.8000000000000043, "step_elevation_f": -2.6246720000000323, "step_dist_m": 59.10585308244974, "step_dist_f": 193.9168470270244, "step_grade": -0.013535038549973111, "step_turn": 1.2573934210933828, "coast_speed_mps": 6.658310878232378, "coast_speed_mph": 14.89421724729861}, "geometry": {"type": "Point", "coordinates": [-122.32304, 37.9498]}}, {"id": "1526", "type": "Feature", "properties": {"name": "Arli-griz to Vollmer Peak", "step": 1526, "lat": 37.94967, "lon": -122.32312, "elevation_m": 45.9, "time": null, "elevation_f": 150.590556, "step_elevation_m": -0.3999999999999986, "step_elevation_f": -1.3123359999999877, "step_dist_m": 16.067415553985903, "step_dist_f": 52.71461964613911, "step_grade": -0.024895105168346077, "step_turn": 9.51416214478894, "coast_speed_mps": 6.792246625302292, "coast_speed_mph": 15.19382298072272}, "geometry": {"type": "Point", "coordinates": [-122.32312, 37.94967]}}, {"id": "1527", "type": "Feature", "properties": {"name": "Arli-griz to Vollmer Peak", "step": 1527, "lat": 37.94957, "lon": -122.32322, "elevation_m": 45.4, "time": null, "elevation_f": 148.950136, "step_elevation_m": -0.5, "step_elevation_f": -1.640420000000006, "step_dist_m": 14.16072493630621, "step_dist_f": 46.45907280003087, "step_grade": -0.03530892678510171, "step_turn": 12.372083863016258, "coast_speed_mps": 6.895000947858145, "coast_speed_mph": 15.423677854013372}, "geometry": {"type": "Point", "coordinates": [-122.32322, 37.94957]}}, {"id": "1528", "type": "Feature", "properties": {"name": "Arli-griz to Vollmer Peak", "step": 1528, "lat": 37.94946, "lon": -122.32348, "elevation_m": 44.1, "time": null, "elevation_f": 144.685044, "step_elevation_m": -1.2999999999999972, "step_elevation_f": -4.2650919999999815, "step_dist_m": 25.8715834297687, "step_dist_f": 84.88052577972235, "step_grade": -0.05024818073192126, "step_turn": 23.527850654364812, "coast_speed_mps": 7.761757926024328, "coast_speed_mph": 17.36255799486471}, "geometry": {"type": "Point", "coordinates": [-122.32348, 37.94946]}}, {"id": "1529", "type": "Feature", "properties": {"name": "Arli-griz to Vollmer Peak", "step": 1529, "lat": 37.9493, "lon": -122.32399, "elevation_m": 42.2, "time": null, "elevation_f": 138.451448, "step_elevation_m": -1.8999999999999986, "step_elevation_f": -6.233596000000006, "step_dist_m": 48.12760775935419, "step_dist_f": 157.8989806411996, "step_grade": -0.03947838025734222, "step_turn": 6.519584567071547, "coast_speed_mps": 8.32841041507156, "coast_speed_mph": 18.630123512597418}, "geometry": {"type": "Point", "coordinates": [-122.32399, 37.9493]}}, {"id": "1530", "type": "Feature", "properties": {"name": "Arli-griz to Vollmer Peak", "step": 1530, "lat": 37.9493, "lon": -122.32399, "elevation_m": 42.2, "time": null, "elevation_f": 138.451448, "step_elevation_m": 0.0, "step_elevation_f": 0.0, "step_dist_m": 0.0, "step_dist_f": 0.0, "step_grade": null, "step_turn": null, "coast_speed_mps": 8.32841041507156, "coast_speed_mph": 18.630123512597418}, "geometry": {"type": "Point", "coordinates": [-122.32399, 37.9493]}}, {"id": "1531", "type": "Feature", "properties": {"name": "Arli-griz to Vollmer Peak", "step": 1531, "lat": 37.94905, "lon": -122.32485, "elevation_m": 39.5, "time": null, "elevation_f": 129.59318, "step_elevation_m": -2.700000000000003, "step_elevation_f": -8.85826800000001, "step_dist_m": 80.36856382456969, "step_dist_f": 263.6763989382012, "step_grade": -0.03359522519145201, "step_turn": null, "coast_speed_mps": 8.372774103769556, "coast_speed_mph": 18.72936225789537}, "geometry": {"type": "Point", "coordinates": [-122.32485, 37.94905]}}, {"id": "1532", "type": "Feature", "properties": {"name": "Arli-griz to Vollmer Peak", "step": 1532, "lat": 37.9488, "lon": -122.32571, "elevation_m": 37.3, "time": null, "elevation_f": 122.37533199999999, "step_elevation_m": -2.200000000000003, "step_elevation_f": -7.217848000000004, "step_dist_m": 80.36880458349628, "step_dist_f": 263.677188829718, "step_grade": -0.027373805189728706, "step_turn": 6.327190669708216e-05, "coast_speed_mps": 7.785301049752464, "coast_speed_mph": 17.415222462760504}, "geometry": {"type": "Point", "coordinates": [-122.32571, 37.9488]}}, {"id": "1533", "type": "Feature", "properties": {"name": "Arli-griz to Vollmer Peak", "step": 1533, "lat": 37.94813, "lon": -122.32539, "elevation_m": 34.5, "time": null, "elevation_f": 113.18898, "step_elevation_m": -2.799999999999997, "step_elevation_f": -9.186351999999985, "step_dist_m": 79.6093357612673, "step_dist_f": 261.1854931389962, "step_grade": -0.03517175433289187, "step_turn": 90.40201731714535, "coast_speed_mps": 8.292088970777481, "coast_speed_mph": 18.548874755676163}, "geometry": {"type": "Point", "coordinates": [-122.32539, 37.94813]}}, {"id": "1534", "type": "Feature", "properties": {"name": "Arli-griz to Vollmer Peak", "step": 1534, "lat": 37.94746, "lon": -122.32507, "elevation_m": 35.1, "time": null, "elevation_f": 115.15748400000001, "step_elevation_m": 0.6000000000000014, "step_elevation_f": 1.96850400000001, "step_dist_m": 79.60942594499082, "step_dist_f": 261.1857890173637, "step_grade": 0.007536795962008248, "step_turn": 0.00017233440507880005, "coast_speed_mps": 2.3640214030822215, "coast_speed_mph": 5.288165271747984}, "geometry": {"type": "Point", "coordinates": [-122.32507, 37.94746]}}, {"id": "1535", "type": "Feature", "properties": {"name": "Arli-griz to Vollmer Peak", "step": 1535, "lat": 37.9468, "lon": -122.32475, "elevation_m": 36.1, "time": null, "elevation_f": 118.43832400000001, "step_elevation_m": 1.0, "step_elevation_f": 3.2808399999999978, "step_dist_m": 78.5699026691347, "step_dist_f": 257.77527947300393, "step_grade": 0.012727519903023104, "step_turn": 0.2859749177532649, "coast_speed_mps": 0.0, "coast_speed_mph": 0.0}, "geometry": {"type": "Point", "coordinates": [-122.32475, 37.9468]}}, {"id": "1536", "type": "Feature", "properties": {"name": "Arli-griz to Vollmer Peak", "step": 1536, "lat": 37.9468, "lon": -122.32475, "elevation_m": 36.1, "time": null, "elevation_f": 118.43832400000001, "step_elevation_m": 0.0, "step_elevation_f": 0.0, "step_dist_m": 0.0, "step_dist_f": 0.0, "step_grade": null, "step_turn": null, "coast_speed_mps": 0.0, "coast_speed_mph": 0.0}, "geometry": {"type": "Point", "coordinates": [-122.32475, 37.9468]}}, {"id": "1537", "type": "Feature", "properties": {"name": "Arli-griz to Vollmer Peak", "step": 1537, "lat": 37.94606, "lon": -122.3244, "elevation_m": 33.3, "time": null, "elevation_f": 109.251972, "step_elevation_m": -2.8000000000000043, "step_elevation_f": -9.186352000000014, "step_dist_m": 87.82138575650362, "step_dist_f": 288.1279152453673, "step_grade": -0.031882894762824326, "step_turn": null, "coast_speed_mps": 6.414947801164034, "coast_speed_mph": 14.3498295480584}, "geometry": {"type": "Point", "coordinates": [-122.3244, 37.94606]}}, {"id": "1538", "type": "Feature", "properties": {"name": "Arli-griz to Vollmer Peak", "step": 1538, "lat": 37.94532, "lon": -122.32405, "elevation_m": 33.3, "time": null, "elevation_f": 109.251972, "step_elevation_m": 0.0, "step_elevation_f": 0.0, "step_dist_m": 87.821493770705, "step_dist_f": 288.1282696226798, "step_grade": 0.0, "step_turn": 0.00018893441495038132, "coast_speed_mps": 1.2970865041265491, "coast_speed_mph": 2.901499875014647}, "geometry": {"type": "Point", "coordinates": [-122.32405, 37.94532]}}, {"id": "1539", "type": "Feature", "properties": {"name": "Arli-griz to Vollmer Peak", "step": 1539, "lat": 37.9446, "lon": -122.3237, "elevation_m": 32.8, "time": null, "elevation_f": 107.61155199999999, "step_elevation_m": -0.5, "step_elevation_f": -1.640420000000006, "step_dist_m": 85.74144611509803, "step_dist_f": 281.3039660722582, "step_grade": -0.005831485502691517, "step_turn": 0.5195388308148949, "coast_speed_mps": 0.0, "coast_speed_mph": 0.0}, "geometry": {"type": "Point", "coordinates": [-122.3237, 37.9446]}}, {"id": "1540", "type": "Feature", "properties": {"name": "Arli-griz to Vollmer Peak", "step": 1540, "lat": 37.94388, "lon": -122.32335, "elevation_m": 30.6, "time": null, "elevation_f": 100.393704, "step_elevation_m": -2.1999999999999957, "step_elevation_f": -7.217847999999989, "step_dist_m": 85.74155375801578, "step_dist_f": 281.3043192314485, "step_grade": -0.025658503999227127, "step_turn": 0.0001876366031865473, "coast_speed_mps": 5.450321616394922, "coast_speed_mph": 12.1920222270824}, "geometry": {"type": "Point", "coordinates": [-122.32335, 37.94388]}}, {"id": "1541", "type": "Feature", "properties": {"name": "Arli-griz to Vollmer Peak", "step": 1541, "lat": 37.94316, "lon": -122.32301, "elevation_m": 29.6, "time": null, "elevation_f": 97.112864, "step_elevation_m": -1.0, "step_elevation_f": -3.2808399999999978, "step_dist_m": 85.43169441998482, "step_dist_f": 280.287720320863, "step_grade": -0.011705257712482786, "step_turn": 0.5489605092270722, "coast_speed_mps": 4.228503251888309, "coast_speed_mph": 9.458892385219006}, "geometry": {"type": "Point", "coordinates": [-122.32301, 37.94316]}}, {"id": "1542", "type": "Feature", "properties": {"name": "Arli-griz to Vollmer Peak", "step": 1542, "lat": 37.94259, "lon": -122.32282, "elevation_m": 30.4, "time": null, "elevation_f": 99.73753599999999, "step_elevation_m": 0.7999999999999972, "step_elevation_f": 2.6246719999999897, "step_dist_m": 65.53444525510288, "step_dist_f": 215.00802937075173, "step_grade": 0.012207320850674396, "step_turn": 5.697119183045061, "coast_speed_mps": 0.0, "coast_speed_mph": 0.0}, "geometry": {"type": "Point", "coordinates": [-122.32282, 37.94259]}}, {"id": "1543", "type": "Feature", "properties": {"name": "Arli-griz to Vollmer Peak", "step": 1543, "lat": 37.94189, "lon": -122.32248, "elevation_m": 34.7, "time": null, "elevation_f": 113.84514800000001, "step_elevation_m": 4.300000000000004, "step_elevation_f": 14.107612000000017, "step_dist_m": 83.35141826112178, "step_dist_f": 273.4626670878188, "step_grade": 0.051588804242407055, "step_turn": 6.230963080098263, "coast_speed_mps": 0.0, "coast_speed_mph": 0.0}, "geometry": {"type": "Point", "coordinates": [-122.32248, 37.94189]}}, {"id": "1544", "type": "Feature", "properties": {"name": "Arli-griz to Vollmer Peak", "step": 1544, "lat": 37.94162, "lon": -122.32336, "elevation_m": 30.1, "time": null, "elevation_f": 98.75328400000001, "step_elevation_m": -4.600000000000001, "step_elevation_f": -15.091864000000001, "step_dist_m": 82.80370523600727, "step_dist_f": 271.6657082865021, "step_grade": -0.05555306959862572, "step_turn": 89.70120337379177, "coast_speed_mps": 8.789489770524586, "coast_speed_mph": 19.661528656327345}, "geometry": {"type": "Point", "coordinates": [-122.32336, 37.94162]}}, {"id": "1545", "type": "Feature", "properties": {"name": "Arli-griz to Vollmer Peak", "step": 1545, "lat": 37.94156, "lon": -122.32352, "elevation_m": 30.0, "time": null, "elevation_f": 98.4252, "step_elevation_m": -0.10000000000000142, "step_elevation_f": -0.32808400000000404, "step_dist_m": 15.536249867377938, "step_dist_f": 50.971950014888236, "step_grade": -0.006436559713806822, "step_turn": 4.1729885021953805, "coast_speed_mps": 8.141642323681946, "coast_speed_mph": 18.21233519077026}, "geometry": {"type": "Point", "coordinates": [-122.32352, 37.94156]}}, {"id": "1546", "type": "Feature", "properties": {"name": "Arli-griz to Vollmer Peak", "step": 1546, "lat": 37.9415, "lon": -122.32361, "elevation_m": 30.1, "time": null, "elevation_f": 98.75328400000001, "step_elevation_m": 0.10000000000000142, "step_elevation_f": 0.32808400000000404, "step_dist_m": 10.334431655354635, "step_dist_f": 33.9056167521537, "step_grade": 0.009676390858725925, "step_turn": 14.77790385472511, "coast_speed_mps": 7.732769395642453, "coast_speed_mph": 17.29771249920017}, "geometry": {"type": "Point", "coordinates": [-122.32361, 37.9415]}}, {"id": "1547", "type": "Feature", "properties": {"name": "Arli-griz to Vollmer Peak", "step": 1547, "lat": 37.94138, "lon": -122.3237, "elevation_m": 30.2, "time": null, "elevation_f": 99.081368, "step_elevation_m": 0.09999999999999787, "step_elevation_f": 0.32808399999998983, "step_dist_m": 15.502748035431404, "step_dist_f": 50.86203586456477, "step_grade": 0.006450469282700634, "step_turn": 19.187420798336717, "coast_speed_mps": 6.7586005868995205, "coast_speed_mph": 15.118558936335704}, "geometry": {"type": "Point", "coordinates": [-122.3237, 37.94138]}}, {"id": "1548", "type": "Feature", "properties": {"name": "Arli-griz to Vollmer Peak", "step": 1548, "lat": 37.94126, "lon": -122.32376, "elevation_m": 30.6, "time": null, "elevation_f": 100.393704, "step_elevation_m": 0.40000000000000213, "step_elevation_f": 1.312336000000002, "step_dist_m": 14.343299030819386, "step_dist_f": 47.05806919227347, "step_grade": 0.02788758702865525, "step_turn": 9.08313075863208, "coast_speed_mps": 5.835796023154856, "coast_speed_mph": 13.054303917221835}, "geometry": {"type": "Point", "coordinates": [-122.32376, 37.94126]}}, {"id": "1549", "type": "Feature", "properties": {"name": "Arli-griz to Vollmer Peak", "step": 1549, "lat": 37.94126, "lon": -122.32376, "elevation_m": 30.6, "time": null, "elevation_f": 100.393704, "step_elevation_m": 0.0, "step_elevation_f": 0.0, "step_dist_m": 0.0, "step_dist_f": 0.0, "step_grade": null, "step_turn": null, "coast_speed_mps": 5.835796023154856, "coast_speed_mph": 13.054303917221835}, "geometry": {"type": "Point", "coordinates": [-122.32376, 37.94126]}}, {"id": "1550", "type": "Feature", "properties": {"name": "Arli-griz to Vollmer Peak", "step": 1550, "lat": 37.94049, "lon": -122.32413, "elevation_m": 27.9, "time": null, "elevation_f": 91.53543599999999, "step_elevation_m": -2.700000000000003, "step_elevation_f": -8.85826800000001, "step_dist_m": 91.56188850758446, "step_dist_f": 300.3999062912234, "step_grade": -0.02948825154230355, "step_turn": null, "coast_speed_mps": 7.106147420709391, "coast_speed_mph": 15.895999062073601}, "geometry": {"type": "Point", "coordinates": [-122.32413, 37.94049]}}, {"id": "1551", "type": "Feature", "properties": {"name": "Arli-griz to Vollmer Peak", "step": 1551, "lat": 37.93992, "lon": -122.32439, "elevation_m": 27.3, "time": null, "elevation_f": 89.56693200000001, "step_elevation_m": -0.5999999999999979, "step_elevation_f": -1.9685039999999816, "step_dist_m": 67.35745874466693, "step_dist_f": 220.98904494785305, "step_grade": -0.008907699476526098, "step_turn": 0.9692138481907477, "coast_speed_mps": 5.246268204105283, "coast_speed_mph": 11.735567743614165}, "geometry": {"type": "Point", "coordinates": [-122.32439, 37.93992]}}, {"id": "1552", "type": "Feature", "properties": {"name": "Arli-griz to Vollmer Peak", "step": 1552, "lat": 37.93944, "lon": -122.3246, "elevation_m": 26.2, "time": null, "elevation_f": 85.95800799999999, "step_elevation_m": -1.1000000000000014, "step_elevation_f": -3.608924000000016, "step_dist_m": 56.46134296928325, "step_dist_f": 185.24063246734326, "step_grade": -0.01948235628398772, "step_turn": 0.7491351820349053, "coast_speed_mps": 5.40359499677454, "coast_speed_mph": 12.087497755848547}, "geometry": {"type": "Point", "coordinates": [-122.3246, 37.93944]}}, {"id": "1553", "type": "Feature", "properties": {"name": "Arli-griz to Vollmer Peak", "step": 1553, "lat": 37.93896, "lon": -122.3248, "elevation_m": 25.0, "time": null, "elevation_f": 82.021, "step_elevation_m": -1.1999999999999993, "step_elevation_f": -3.9370079999999916, "step_dist_m": 56.181462273016336, "step_dist_f": 184.32238868380293, "step_grade": -0.021359358611360905, "step_turn": 0.8453550493462387, "coast_speed_mps": 5.680319024950696, "coast_speed_mph": 12.706511777359273}, "geometry": {"type": "Point", "coordinates": [-122.3248, 37.93896]}}, {"id": "1554", "type": "Feature", "properties": {"name": "Arli-griz to Vollmer Peak", "step": 1554, "lat": 37.93887, "lon": -122.32454, "elevation_m": 25.3, "time": null, "elevation_f": 83.005252, "step_elevation_m": 0.3000000000000007, "step_elevation_f": 0.9842519999999979, "step_dist_m": 24.90043268945215, "step_dist_f": 81.69433558486219, "step_grade": 0.012047983412235284, "step_turn": 84.49401363247688, "coast_speed_mps": 2.730909668071273, "coast_speed_mph": 6.108870946830865}, "geometry": {"type": "Point", "coordinates": [-122.32454, 37.93887]}}, {"id": "1555", "type": "Feature", "properties": {"name": "Arli-griz to Vollmer Peak", "step": 1555, "lat": 37.9388, "lon": -122.32446, "elevation_m": 26.1, "time": null, "elevation_f": 85.629924, "step_elevation_m": 0.8000000000000007, "step_elevation_f": 2.624672000000004, "step_dist_m": 10.478773871564456, "step_dist_f": 34.37918046878353, "step_grade": 0.07634480997542153, "step_turn": 24.27347232895403, "coast_speed_mps": 0.0, "coast_speed_mph": 0.0}, "geometry": {"type": "Point", "coordinates": [-122.32446, 37.9388]}}, {"id": "1556", "type": "Feature", "properties": {"name": "Arli-griz to Vollmer Peak", "step": 1556, "lat": 37.93846, "lon": -122.32433, "elevation_m": 27.9, "time": null, "elevation_f": 91.53543599999999, "step_elevation_m": 1.7999999999999972, "step_elevation_f": 5.905511999999987, "step_dist_m": 39.48779048873846, "step_dist_f": 129.5531225470727, "step_grade": 0.045583710248699276, "step_turn": 25.24871226794494, "coast_speed_mps": 0.0, "coast_speed_mph": 0.0}, "geometry": {"type": "Point", "coordinates": [-122.32433, 37.93846]}}, {"id": "1557", "type": "Feature", "properties": {"name": "Arli-griz to Vollmer Peak", "step": 1557, "lat": 37.93827, "lon": -122.32422, "elevation_m": 28.9, "time": null, "elevation_f": 94.81627599999999, "step_elevation_m": 1.0, "step_elevation_f": 3.2808399999999978, "step_dist_m": 23.225171707612766, "step_dist_f": 76.19807234520427, "step_grade": 0.04305673226399524, "step_turn": 7.760733645432538, "coast_speed_mps": 0.0, "coast_speed_mph": 0.0}, "geometry": {"type": "Point", "coordinates": [-122.32422, 37.93827]}}, {"id": "1558", "type": "Feature", "properties": {"name": "Arli-griz to Vollmer Peak", "step": 1558, "lat": 37.93812, "lon": -122.32417, "elevation_m": 29.4, "time": null, "elevation_f": 96.456696, "step_elevation_m": 0.5, "step_elevation_f": 1.640420000000006, "step_dist_m": 17.24597763658579, "step_dist_f": 56.58129326921612, "step_grade": 0.02899226767749571, "step_turn": 9.812168042216626, "coast_speed_mps": 0.0, "coast_speed_mph": 0.0}, "geometry": {"type": "Point", "coordinates": [-122.32417, 37.93812]}}, {"id": "1559", "type": "Feature", "properties": {"name": "Arli-griz to Vollmer Peak", "step": 1559, "lat": 37.93778, "lon": -122.32415, "elevation_m": 29.6, "time": null, "elevation_f": 97.112864, "step_elevation_m": 0.20000000000000284, "step_elevation_f": 0.6561680000000081, "step_dist_m": 37.846938203154465, "step_dist_f": 124.16974873443729, "step_grade": 0.005284443326074214, "step_turn": 12.073089565405098, "coast_speed_mps": 0.0, "coast_speed_mph": 0.0}, "geometry": {"type": "Point", "coordinates": [-122.32415, 37.93778]}}, {"id": "1560", "type": "Feature", "properties": {"name": "Arli-griz to Vollmer Peak", "step": 1560, "lat": 37.93756, "lon": -122.32411, "elevation_m": 29.6, "time": null, "elevation_f": 97.112864, "step_elevation_m": 0.0, "step_elevation_f": 0.0, "step_dist_m": 24.713113331080528, "step_dist_f": 81.07977074114224, "step_grade": 0.0, "step_turn": 5.5041786221361235, "coast_speed_mps": 0.0, "coast_speed_mph": 0.0}, "geometry": {"type": "Point", "coordinates": [-122.32411, 37.93756]}}, {"id": "1561", "type": "Feature", "properties": {"name": "Arli-griz to Vollmer Peak", "step": 1561, "lat": 37.93689, "lon": -122.32378, "elevation_m": 29.9, "time": null, "elevation_f": 98.097116, "step_elevation_m": 0.29999999999999716, "step_elevation_f": 0.9842519999999979, "step_dist_m": 79.92420184489838, "step_dist_f": 262.21851838081636, "step_grade": 0.003753556408135046, "step_turn": 13.068704304849234, "coast_speed_mps": 0.0, "coast_speed_mph": 0.0}, "geometry": {"type": "Point", "coordinates": [-122.32378, 37.93689]}}, {"id": "1562", "type": "Feature", "properties": {"name": "Arli-griz to Vollmer Peak", "step": 1562, "lat": 37.93622, "lon": -122.32346, "elevation_m": 28.9, "time": null, "elevation_f": 94.81627599999999, "step_elevation_m": -1.0, "step_elevation_f": -3.280840000000012, "step_dist_m": 79.61093880869603, "step_dist_f": 261.1907524811223, "step_grade": -0.012561087897769751, "step_turn": 0.5881701857848611, "coast_speed_mps": 2.669132264348672, "coast_speed_mph": 5.970678830414883}, "geometry": {"type": "Point", "coordinates": [-122.32346, 37.93622]}}, {"id": "1563", "type": "Feature", "properties": {"name": "Arli-griz to Vollmer Peak", "step": 1563, "lat": 37.93555, "lon": -122.32313, "elevation_m": 28.5, "time": null, "elevation_f": 93.50394, "step_elevation_m": -0.3999999999999986, "step_elevation_f": -1.3123359999999877, "step_dist_m": 79.92439288916607, "step_dist_f": 262.2191451664916, "step_grade": -0.0050047299146168366, "step_turn": 0.5885227396711343, "coast_speed_mps": 0.0, "coast_speed_mph": 0.0}, "geometry": {"type": "Point", "coordinates": [-122.32313, 37.93555]}}, {"id": "1564", "type": "Feature", "properties": {"name": "Arli-griz to Vollmer Peak", "step": 1564, "lat": 37.93555, "lon": -122.32313, "elevation_m": 28.5, "time": null, "elevation_f": 93.50394, "step_elevation_m": 0.0, "step_elevation_f": 0.0, "step_dist_m": 0.0, "step_dist_f": 0.0, "step_grade": null, "step_turn": null, "coast_speed_mps": 0.0, "coast_speed_mph": 0.0}, "geometry": {"type": "Point", "coordinates": [-122.32313, 37.93555]}}, {"id": "1565", "type": "Feature", "properties": {"name": "Arli-griz to Vollmer Peak", "step": 1565, "lat": 37.93511, "lon": -122.32293, "elevation_m": 28.0, "time": null, "elevation_f": 91.86352, "step_elevation_m": -0.5, "step_elevation_f": -1.640420000000006, "step_dist_m": 51.97482494079596, "step_dist_f": 170.52108465876103, "step_grade": -0.009620042021681562, "step_turn": null, "coast_speed_mps": 1.2853137660869685, "coast_speed_mph": 2.8751650100370596}, "geometry": {"type": "Point", "coordinates": [-122.32293, 37.93511]}}, {"id": "1566", "type": "Feature", "properties": {"name": "Arli-griz to Vollmer Peak", "step": 1566, "lat": 37.93467, "lon": -122.32276, "elevation_m": 27.4, "time": null, "elevation_f": 89.895016, "step_elevation_m": -0.6000000000000014, "step_elevation_f": -1.9685039999999958, "step_dist_m": 51.14696225091089, "step_dist_f": 167.8049996312785, "step_grade": -0.011730901965528086, "step_turn": 2.7753954303562978, "coast_speed_mps": 2.1898602293886036, "coast_speed_mph": 4.89857782164594}, "geometry": {"type": "Point", "coordinates": [-122.32276, 37.93467]}}, {"id": "1567", "type": "Feature", "properties": {"name": "Arli-griz to Vollmer Peak", "step": 1567, "lat": 37.93441, "lon": -122.3227, "elevation_m": 26.9, "time": null, "elevation_f": 88.25459599999999, "step_elevation_m": -0.5, "step_elevation_f": -1.640420000000006, "step_dist_m": 29.385654971037834, "step_dist_f": 96.40963225517977, "step_grade": -0.017015104835770865, "step_turn": 6.631991998164153, "coast_speed_mps": 2.998600719520843, "coast_speed_mph": 6.70767877487661}, "geometry": {"type": "Point", "coordinates": [-122.3227, 37.93441]}}, {"id": "1568", "type": "Feature", "properties": {"name": "Arli-griz to Vollmer Peak", "step": 1568, "lat": 37.93416, "lon": -122.32266, "elevation_m": 26.6, "time": null, "elevation_f": 87.27034400000001, "step_elevation_m": -0.29999999999999716, "step_elevation_f": -0.9842519999999837, "step_dist_m": 28.019205896685456, "step_dist_f": 91.92653147408151, "step_grade": -0.010706941556665808, "step_turn": 3.1231374037406567, "coast_speed_mps": 2.94774302073714, "coast_speed_mph": 6.593913342736974}, "geometry": {"type": "Point", "coordinates": [-122.32266, 37.93416]}}, {"id": "1569", "type": "Feature", "properties": {"name": "Arli-griz to Vollmer Peak", "step": 1569, "lat": 37.93376, "lon": -122.32265, "elevation_m": 26.2, "time": null, "elevation_f": 85.95800799999999, "step_elevation_m": -0.40000000000000213, "step_elevation_f": -1.3123360000000162, "step_dist_m": 44.486616320956564, "step_dist_f": 145.95347029044714, "step_grade": -0.008991468290465864, "step_turn": 6.062797599593409, "coast_speed_mps": 2.6090874719299295, "coast_speed_mph": 5.836362455104524}, "geometry": {"type": "Point", "coordinates": [-122.32265, 37.93376]}}, {"id": "1570", "type": "Feature", "properties": {"name": "Arli-griz to Vollmer Peak", "step": 1570, "lat": 37.93336, "lon": -122.32261, "elevation_m": 25.3, "time": null, "elevation_f": 83.005252, "step_elevation_m": -0.8999999999999986, "step_elevation_f": -2.9527559999999937, "step_dist_m": 44.61610173107464, "step_dist_f": 146.37829120337892, "step_grade": -0.020172089561405093, "step_turn": 3.3801181126987103, "coast_speed_mps": 3.9120168992623063, "coast_speed_mph": 8.750932577089975}, "geometry": {"type": "Point", "coordinates": [-122.32261, 37.93336]}}, {"id": "1571", "type": "Feature", "properties": {"name": "Arli-griz to Vollmer Peak", "step": 1571, "lat": 37.93305, "lon": -122.32248, "elevation_m": 25.1, "time": null, "elevation_f": 82.349084, "step_elevation_m": -0.1999999999999993, "step_elevation_f": -0.6561679999999939, "step_dist_m": 36.307033832552456, "step_dist_f": 119.1175688791914, "step_grade": -0.005508574479600745, "step_turn": 13.792295713962972, "coast_speed_mps": 3.0951895675573735, "coast_speed_mph": 6.923741874457252}, "geometry": {"type": "Point", "coordinates": [-122.32248, 37.93305]}}, {"id": "1572", "type": "Feature", "properties": {"name": "Arli-griz to Vollmer Peak", "step": 1572, "lat": 37.93284, "lon": -122.32237, "elevation_m": 25.2, "time": null, "elevation_f": 82.677168, "step_elevation_m": 0.09999999999999787, "step_elevation_f": 0.32808399999998983, "step_dist_m": 25.265328395495725, "step_dist_f": 82.8915000130782, "step_grade": 0.003957993279747979, "step_turn": 4.145711580912916, "coast_speed_mps": 1.3900804838843102, "coast_speed_mph": 3.1095214832773546}, "geometry": {"type": "Point", "coordinates": [-122.32237, 37.93284]}}, {"id": "1573", "type": "Feature", "properties": {"name": "Arli-griz to Vollmer Peak", "step": 1573, "lat": 37.93254, "lon": -122.3222, "elevation_m": 24.9, "time": null, "elevation_f": 81.692916, "step_elevation_m": -0.3000000000000007, "step_elevation_f": -0.9842519999999979, "step_dist_m": 36.538778841830656, "step_dist_f": 119.87788717543168, "step_grade": -0.008210455015441074, "step_turn": 1.634518574599383, "coast_speed_mps": 1.2575406796780344, "coast_speed_mph": 2.813038385106552}, "geometry": {"type": "Point", "coordinates": [-122.3222, 37.93254]}}, {"id": "1574", "type": "Feature", "properties": {"name": "Arli-griz to Vollmer Peak", "step": 1574, "lat": 37.93221, "lon": -122.32196, "elevation_m": 25.0, "time": null, "elevation_f": 82.021, "step_elevation_m": 0.10000000000000142, "step_elevation_f": 0.32808400000000404, "step_dist_m": 42.30280822704426, "step_dist_f": 138.7887453436159, "step_grade": 0.0023639092578272673, "step_turn": 5.757553059974498, "coast_speed_mps": 0.0, "coast_speed_mph": 0.0}, "geometry": {"type": "Point", "coordinates": [-122.32196, 37.93221]}}, {"id": "1575", "type": "Feature", "properties": {"name": "Arli-griz to Vollmer Peak", "step": 1575, "lat": 37.93196, "lon": -122.32174, "elevation_m": 25.8, "time": null, "elevation_f": 84.645672, "step_elevation_m": 0.8000000000000007, "step_elevation_f": 2.624672000000004, "step_dist_m": 33.83874823557562, "step_dist_f": 111.01951876120592, "step_grade": 0.023641536454913493, "step_turn": 4.924429449451395, "coast_speed_mps": 0.0, "coast_speed_mph": 0.0}, "geometry": {"type": "Point", "coordinates": [-122.32174, 37.93196]}}, {"id": "1576", "type": "Feature", "properties": {"name": "Arli-griz to Vollmer Peak", "step": 1576, "lat": 37.9312, "lon": -122.32115, "elevation_m": 26.7, "time": null, "elevation_f": 87.598428, "step_elevation_m": 0.8999999999999986, "step_elevation_f": 2.9527559999999937, "step_dist_m": 99.092070130923, "step_dist_f": 325.1052273683374, "step_grade": 0.009082462388876278, "step_turn": 3.284278366821127, "coast_speed_mps": 0.0, "coast_speed_mph": 0.0}, "geometry": {"type": "Point", "coordinates": [-122.32115, 37.9312]}}, {"id": "1577", "type": "Feature", "properties": {"name": "Arli-griz to Vollmer Peak", "step": 1577, "lat": 37.93044, "lon": -122.32056, "elevation_m": 26.5, "time": null, "elevation_f": 86.94226, "step_elevation_m": -0.1999999999999993, "step_elevation_f": -0.6561679999999939, "step_dist_m": 99.09234947592799, "step_dist_f": 325.1061438546036, "step_grade": -0.0020183192855729422, "step_turn": 0.0002637785491970135, "coast_speed_mps": 0.0, "coast_speed_mph": 0.0}, "geometry": {"type": "Point", "coordinates": [-122.32056, 37.93044]}}, {"id": "1578", "type": "Feature", "properties": {"name": "Arli-griz to Vollmer Peak", "step": 1578, "lat": 37.93017, "lon": -122.32025, "elevation_m": 27.0, "time": null, "elevation_f": 88.58268, "step_elevation_m": 0.5, "step_elevation_f": 1.6404199999999918, "step_dist_m": 40.50422867108193, "step_dist_f": 132.88789359323243, "step_grade": 0.012344390114432073, "step_turn": 10.68424306771658, "coast_speed_mps": 0.0, "coast_speed_mph": 0.0}, "geometry": {"type": "Point", "coordinates": [-122.32025, 37.93017]}}, {"id": "1579", "type": "Feature", "properties": {"name": "Arli-griz to Vollmer Peak", "step": 1579, "lat": 37.92977, "lon": -122.31991, "elevation_m": 29.5, "time": null, "elevation_f": 96.78478, "step_elevation_m": 2.5, "step_elevation_f": 8.202100000000002, "step_dist_m": 53.549350075734914, "step_dist_f": 175.68684970247412, "step_grade": 0.04668590741931035, "step_turn": 8.324557423058195, "coast_speed_mps": 0.0, "coast_speed_mph": 0.0}, "geometry": {"type": "Point", "coordinates": [-122.31991, 37.92977]}}, {"id": "1580", "type": "Feature", "properties": {"name": "Arli-griz to Vollmer Peak", "step": 1580, "lat": 37.92917, "lon": -122.31943, "elevation_m": 34.4, "time": null, "elevation_f": 112.860896, "step_elevation_m": 4.899999999999999, "step_elevation_f": 16.076116, "step_dist_m": 78.88921619097549, "step_dist_f": 258.822896048, "step_grade": 0.06211241835814478, "step_turn": 1.5872481981392639, "coast_speed_mps": 0.0, "coast_speed_mph": 0.0}, "geometry": {"type": "Point", "coordinates": [-122.31943, 37.92917]}}, {"id": "1581", "type": "Feature", "properties": {"name": "Arli-griz to Vollmer Peak", "step": 1581, "lat": 37.92858, "lon": -122.31894, "elevation_m": 27.4, "time": null, "elevation_f": 89.895016, "step_elevation_m": -7.0, "step_elevation_f": -22.96588, "step_dist_m": 78.4284415503084, "step_dist_f": 257.31116817591385, "step_grade": -0.08925333541799128, "step_turn": 0.9756463518039027, "coast_speed_mps": 11.181675715842578, "coast_speed_mph": 25.012696214751625}, "geometry": {"type": "Point", "coordinates": [-122.31894, 37.92858]}}, {"id": "1582", "type": "Feature", "properties": {"name": "Arli-griz to Vollmer Peak", "step": 1582, "lat": 37.92798, "lon": -122.31846, "elevation_m": 25.5, "time": null, "elevation_f": 83.66141999999999, "step_elevation_m": -1.8999999999999986, "step_elevation_f": -6.233596000000006, "step_dist_m": 78.8895798240647, "step_dist_f": 258.82408906998444, "step_grade": -0.02408429610396299, "step_turn": 0.9752278275028061, "coast_speed_mps": 8.934484558311732, "coast_speed_mph": 19.985872759287137}, "geometry": {"type": "Point", "coordinates": [-122.31846, 37.92798]}}, {"id": "1583", "type": "Feature", "properties": {"name": "Arli-griz to Vollmer Peak", "step": 1583, "lat": 37.92763, "lon": -122.31813, "elevation_m": 24.8, "time": null, "elevation_f": 81.364832, "step_elevation_m": -0.6999999999999993, "step_elevation_f": -2.2965879999999856, "step_dist_m": 48.50135430141882, "step_dist_f": 159.12518324626691, "step_grade": -0.014432586678915109, "step_turn": 4.385658207868801, "coast_speed_mps": 7.643991204275745, "coast_speed_mph": 17.099121340989033}, "geometry": {"type": "Point", "coordinates": [-122.31813, 37.92763]}}, {"id": "1584", "type": "Feature", "properties": {"name": "Arli-griz to Vollmer Peak", "step": 1584, "lat": 37.92725, "lon": -122.31772, "elevation_m": 24.3, "time": null, "elevation_f": 79.724412, "step_elevation_m": -0.5, "step_elevation_f": -1.640420000000006, "step_dist_m": 55.48504612988496, "step_dist_f": 182.03755874477176, "step_grade": -0.00901143704250601, "step_turn": 3.7612514270505812, "coast_speed_mps": 6.040743047901859, "coast_speed_mph": 13.512757354826979}, "geometry": {"type": "Point", "coordinates": [-122.31772, 37.92725]}}, {"id": "1585", "type": "Feature", "properties": {"name": "Arli-griz to Vollmer Peak", "step": 1585, "lat": 37.92686, "lon": -122.31719, "elevation_m": 23.7, "time": null, "elevation_f": 77.75590799999999, "step_elevation_m": -0.6000000000000014, "step_elevation_f": -1.96850400000001, "step_dist_m": 63.5734390637901, "step_dist_f": 208.5742818180451, "step_grade": -0.009437903766665142, "step_turn": 6.589029380441673, "coast_speed_mps": 4.668729049065708, "coast_speed_mph": 10.44364944762371}, "geometry": {"type": "Point", "coordinates": [-122.31719, 37.92686]}}, {"id": "1586", "type": "Feature", "properties": {"name": "Arli-griz to Vollmer Peak", "step": 1586, "lat": 37.92655, "lon": -122.31672, "elevation_m": 23.3, "time": null, "elevation_f": 76.443572, "step_elevation_m": -0.3999999999999986, "step_elevation_f": -1.3123359999999877, "step_dist_m": 53.73653745914637, "step_dist_f": 176.30098155746578, "step_grade": -0.007443724864187645, "step_turn": 3.1095313661874684, "coast_speed_mps": 3.589725350890761, "coast_speed_mph": 8.029986915915257}, "geometry": {"type": "Point", "coordinates": [-122.31672, 37.92655]}}, {"id": "1587", "type": "Feature", "properties": {"name": "Arli-griz to Vollmer Peak", "step": 1587, "lat": 37.92655, "lon": -122.31672, "elevation_m": 23.3, "time": null, "elevation_f": 76.443572, "step_elevation_m": 0.0, "step_elevation_f": 0.0, "step_dist_m": 0.0, "step_dist_f": 0.0, "step_grade": null, "step_turn": null, "coast_speed_mps": 3.589725350890761, "coast_speed_mph": 8.029986915915257}, "geometry": {"type": "Point", "coordinates": [-122.31672, 37.92655]}}, {"id": "1588", "type": "Feature", "properties": {"name": "Arli-griz to Vollmer Peak", "step": 1588, "lat": 37.9264, "lon": -122.31646, "elevation_m": 23.4, "time": null, "elevation_f": 76.771656, "step_elevation_m": 0.09999999999999787, "step_elevation_f": 0.32808399999998983, "step_dist_m": 28.253382393220818, "step_dist_f": 92.69482709097458, "step_grade": 0.0035393992339831175, "step_turn": null, "coast_speed_mps": 1.975343376843992, "coast_speed_mph": 4.418717288931616}, "geometry": {"type": "Point", "coordinates": [-122.31646, 37.9264]}}, {"id": "1589", "type": "Feature", "properties": {"name": "Arli-griz to Vollmer Peak", "step": 1589, "lat": 37.92619, "lon": -122.31686, "elevation_m": 21.9, "time": null, "elevation_f": 71.85039599999999, "step_elevation_m": -1.5, "step_elevation_f": -4.921260000000004, "step_dist_m": 42.14469570025613, "step_dist_f": 138.2700034412283, "step_grade": -0.03559166758892707, "step_turn": 110.17232511620892, "coast_speed_mps": 5.0545245257260145, "coast_speed_mph": 11.306649350675574}, "geometry": {"type": "Point", "coordinates": [-122.31686, 37.92619]}}, {"id": "1590", "type": "Feature", "properties": {"name": "Arli-griz to Vollmer Peak", "step": 1590, "lat": 37.92596, "lon": -122.31734, "elevation_m": 20.3, "time": null, "elevation_f": 66.601052, "step_elevation_m": -1.5999999999999979, "step_elevation_f": -5.249343999999994, "step_dist_m": 49.260450527566164, "step_dist_f": 161.61565650886018, "step_grade": -0.032480417512719205, "step_turn": 2.3694370804722666, "coast_speed_mps": 5.779649735325468, "coast_speed_mph": 12.928708248312146}, "geometry": {"type": "Point", "coordinates": [-122.31734, 37.92596]}}, {"id": "1591", "type": "Feature", "properties": {"name": "Arli-griz to Vollmer Peak", "step": 1591, "lat": 37.92592, "lon": -122.31724, "elevation_m": 20.4, "time": null, "elevation_f": 66.929136, "step_elevation_m": 0.09999999999999787, "step_elevation_f": 0.32808400000000404, "step_dist_m": 9.834402291618426, "step_dist_f": 32.2651004144334, "step_grade": 0.010168386144344019, "step_turn": 121.83383147105815, "coast_speed_mps": 5.867168546233061, "coast_speed_mph": 13.124482252668788}, "geometry": {"type": "Point", "coordinates": [-122.31724, 37.92592]}}, {"id": "1592", "type": "Feature", "properties": {"name": "Arli-griz to Vollmer Peak", "step": 1592, "lat": 37.92603, "lon": -122.31704, "elevation_m": 21.1, "time": null, "elevation_f": 69.225724, "step_elevation_m": 0.7000000000000028, "step_elevation_f": 2.296588, "step_dist_m": 21.385466032443546, "step_dist_f": 70.16229237788208, "step_grade": 0.032732510899600886, "step_turn": 61.775794305685565, "coast_speed_mps": 3.478658631911321, "coast_speed_mph": 7.781537741390741}, "geometry": {"type": "Point", "coordinates": [-122.31704, 37.92603]}}, {"id": "1593", "type": "Feature", "properties": {"name": "Arli-griz to Vollmer Peak", "step": 1593, "lat": 37.92557, "lon": -122.31668, "elevation_m": 21.0, "time": null, "elevation_f": 68.89764, "step_elevation_m": -0.10000000000000142, "step_elevation_f": -0.32808400000000404, "step_dist_m": 60.11104938047183, "step_dist_f": 197.2147352494272, "step_grade": -0.0016635876603493173, "step_turn": 93.1981731959363, "coast_speed_mps": 0.0, "coast_speed_mph": 0.0}, "geometry": {"type": "Point", "coordinates": [-122.31668, 37.92557]}}, {"id": "1594", "type": "Feature", "properties": {"name": "Arli-griz to Vollmer Peak", "step": 1594, "lat": 37.92547, "lon": -122.31654, "elevation_m": 21.2, "time": null, "elevation_f": 69.553808, "step_elevation_m": 0.1999999999999993, "step_elevation_f": 0.6561680000000081, "step_dist_m": 16.566009665287936, "step_dist_f": 54.35042715026327, "step_grade": 0.012072913395618442, "step_turn": 16.150202226520264, "coast_speed_mps": 0.0, "coast_speed_mph": 0.0}, "geometry": {"type": "Point", "coordinates": [-122.31654, 37.92547]}}, {"id": "1595", "type": "Feature", "properties": {"name": "Arli-griz to Vollmer Peak", "step": 1595, "lat": 37.9254, "lon": -122.31649, "elevation_m": 21.3, "time": null, "elevation_f": 69.88189200000001, "step_elevation_m": 0.10000000000000142, "step_elevation_f": 0.32808400000000404, "step_dist_m": 8.934121890973831, "step_dist_f": 29.311424464782583, "step_grade": 0.011193041825524197, "step_turn": 18.439968638320636, "coast_speed_mps": 0.0, "coast_speed_mph": 0.0}, "geometry": {"type": "Point", "coordinates": [-122.31649, 37.9254]}}, {"id": "1596", "type": "Feature", "properties": {"name": "Arli-griz to Vollmer Peak", "step": 1596, "lat": 37.92525, "lon": -122.31637, "elevation_m": 21.6, "time": null, "elevation_f": 70.866144, "step_elevation_m": 0.3000000000000007, "step_elevation_f": 0.9842519999999979, "step_dist_m": 19.72262069357675, "step_dist_f": 64.70676287631434, "step_grade": 0.015210960280633724, "step_turn": 2.8554913703571287, "coast_speed_mps": 0.0, "coast_speed_mph": 0.0}, "geometry": {"type": "Point", "coordinates": [-122.31637, 37.92525]}}]}