{"type": "FeatureCollection", "features": [{"id": "0", "type": "Feature", "properties": {"name": "Some South Bay", "step": 0, "lat": 37.77606, "lon": -122.2241, "elevation_m": 11.1, "time": null, "elevation_f": 36.417324, "step_elevation_m": 0.0, "step_elevation_f": 0.0, "step_dist_m": 0.0, "step_dist_f": 0.0, "step_grade": null, "step_turn": null, "coast_speed_mps": 0.0, "coast_speed_mph": 0.0}, "geometry": {"type": "Point", "coordinates": [-122.2241, 37.77606]}}, {"id": "1", "type": "Feature", "properties": {"name": "Some South Bay", "step": 1, "lat": 37.77613, "lon": -122.22432, "elevation_m": 11.2, "time": null, "elevation_f": 36.745408, "step_elevation_m": 0.09999999999999964, "step_elevation_f": 0.32808399999999693, "step_dist_m": 20.843592735119028, "step_dist_f": 68.38449278908791, "step_grade": 0.004797637397295299, "step_turn": null, "coast_speed_mps": 0.0, "coast_speed_mph": 0.0}, "geometry": {"type": "Point", "coordinates": [-122.22432, 37.77613]}}, {"id": "2", "type": "Feature", "properties": {"name": "Some South Bay", "step": 2, "lat": 37.77617, "lon": -122.22446, "elevation_m": 11.2, "time": null, "elevation_f": 36.745408, "step_elevation_m": 0.0, "step_elevation_f": 0.0, "step_dist_m": 13.083755871514285, "step_dist_f": 42.925709613498924, "step_grade": 0.0, "step_turn": 2.0536922662439565, "coast_speed_mps": 0.0, "coast_speed_mph": 0.0}, "geometry": {"type": "Point", "coordinates": [-122.22446, 37.77617]}}, {"id": "3", "type": "Feature", "properties": {"name": "Some South Bay", "step": 3, "lat": 37.77619, "lon": -122.2246, "elevation_m": 11.2, "time": null, "elevation_f": 36.745408, "step_elevation_m": 0.0, "step_elevation_f": 0.0, "step_dist_m": 12.503894224496142, "step_dist_f": 41.02327632749592, "step_grade": 0.0, "step_turn": 9.628777677085282, "coast_speed_mps": 0.0, "coast_speed_mph": 0.0}, "geometry": {"type": "Point", "coordinates": [-122.2246, 37.77619]}}, {"id": "4", "type": "Feature", "properties": {"name": "Some South Bay", "step": 4, "lat": 37.77621, "lon": -122.22488, "elevation_m": 11.2, "time": null, "elevation_f": 36.745408, "step_elevation_m": 0.0, "step_elevation_f": 0.0, "step_dist_m": 24.709350080032973, "step_dist_f": 81.06742411657538, "step_grade": 0.0, "step_turn": 5.0811475430019755, "coast_speed_mps": 0.0, "coast_speed_mph": 0.0}, "geometry": {"type": "Point", "coordinates": [-122.22488, 37.77621]}}, {"id": "5", "type": "Feature", "properties": {"name": "Some South Bay", "step": 5, "lat": 37.77621, "lon": -122.22514, "elevation_m": 11.3, "time": null, "elevation_f": 37.073492, "step_elevation_m": 0.10000000000000142, "step_elevation_f": 0.32808400000000404, "step_dist_m": 22.8512748841017, "step_dist_f": 74.97137669075622, "step_grade": 0.004376123455132665, "step_turn": 5.16374598533389, "coast_speed_mps": 0.0, "coast_speed_mph": 0.0}, "geometry": {"type": "Point", "coordinates": [-122.22514, 37.77621]}}, {"id": "6", "type": "Feature", "properties": {"name": "Some South Bay", "step": 6, "lat": 37.77623, "lon": -122.22533, "elevation_m": 11.5, "time": null, "elevation_f": 37.72966, "step_elevation_m": 0.1999999999999993, "step_elevation_f": 0.656168000000001, "step_dist_m": 16.846439874833234, "step_dist_f": 55.27047379894787, "step_grade": 0.011871944546501943, "step_turn": 7.585736582441541, "coast_speed_mps": 0.0, "coast_speed_mph": 0.0}, "geometry": {"type": "Point", "coordinates": [-122.22533, 37.77623]}}, {"id": "7", "type": "Feature", "properties": {"name": "Some South Bay", "step": 7, "lat": 37.77621, "lon": -122.22562, "elevation_m": 11.7, "time": null, "elevation_f": 38.385828, "step_elevation_m": 0.1999999999999993, "step_elevation_f": 0.6561679999999939, "step_dist_m": 25.58479385643418, "step_dist_f": 83.93961507594352, "step_grade": 0.007817143304819021, "step_turn": 12.572322300385736, "coast_speed_mps": 0.0, "coast_speed_mph": 0.0}, "geometry": {"type": "Point", "coordinates": [-122.22562, 37.77621]}}, {"id": "8", "type": "Feature", "properties": {"name": "Some South Bay", "step": 8, "lat": 37.77622, "lon": -122.22586, "elevation_m": 11.8, "time": null, "elevation_f": 38.713912, "step_elevation_m": 0.10000000000000142, "step_elevation_f": 0.32808400000000404, "step_dist_m": 21.122771115355594, "step_dist_f": 69.30043238610324, "step_grade": 0.004734227315813906, "step_turn": 8.004150627676495, "coast_speed_mps": 0.0, "coast_speed_mph": 0.0}, "geometry": {"type": "Point", "coordinates": [-122.22586, 37.77622]}}, {"id": "9", "type": "Feature", "properties": {"name": "Some South Bay", "step": 9, "lat": 37.77624, "lon": -122.22599, "elevation_m": 11.9, "time": null, "elevation_f": 39.041996, "step_elevation_m": 0.09999999999999964, "step_elevation_f": 0.32808399999999693, "step_dist_m": 11.640053479693178, "step_dist_f": 38.18915305831656, "step_grade": 0.008591025820839747, "step_turn": 7.996795157902909, "coast_speed_mps": 0.0, "coast_speed_mph": 0.0}, "geometry": {"type": "Point", "coordinates": [-122.22599, 37.77624]}}, {"id": "10", "type": "Feature", "properties": {"name": "Some South Bay", "step": 10, "lat": 37.77629, "lon": -122.22621, "elevation_m": 12.1, "time": null, "elevation_f": 39.698164, "step_elevation_m": 0.1999999999999993, "step_elevation_f": 0.656168000000001, "step_dist_m": 20.11912748037329, "step_dist_f": 66.00763820270791, "step_grade": 0.009940788943014764, "step_turn": 5.027591970500907, "coast_speed_mps": 0.0, "coast_speed_mph": 0.0}, "geometry": {"type": "Point", "coordinates": [-122.22621, 37.77629]}}, {"id": "11", "type": "Feature", "properties": {"name": "Some South Bay", "step": 11, "lat": 37.77638, "lon": -122.22648, "elevation_m": 12.4, "time": null, "elevation_f": 40.682416, "step_elevation_m": 0.3000000000000007, "step_elevation_f": 0.984252000000005, "step_dist_m": 25.75402865928894, "step_dist_f": 84.49484738654154, "step_grade": 0.011648662971095862, "step_turn": 6.8243263762371384, "coast_speed_mps": 0.0, "coast_speed_mph": 0.0}, "geometry": {"type": "Point", "coordinates": [-122.22648, 37.77638]}}, {"id": "12", "type": "Feature", "properties": {"name": "Some South Bay", "step": 12, "lat": 37.77625, "lon": -122.22656, "elevation_m": 12.2, "time": null, "elevation_f": 40.026247999999995, "step_elevation_m": -0.20000000000000107, "step_elevation_f": -0.6561680000000081, "step_dist_m": 16.074637152932176, "step_dist_f": 52.738312556826, "step_grade": -0.012441960468359253, "step_turn": 86.92780825314529, "coast_speed_mps": 1.1836067558424066, "coast_speed_mph": 2.6476529076646504}, "geometry": {"type": "Point", "coordinates": [-122.22656, 37.77625]}}, {"id": "13", "type": "Feature", "properties": {"name": "Some South Bay", "step": 13, "lat": 37.77551, "lon": -122.22692, "elevation_m": 11.0, "time": null, "elevation_f": 36.08924, "step_elevation_m": -1.1999999999999993, "step_elevation_f": -3.9370079999999987, "step_dist_m": 88.15786964327894, "step_dist_f": 289.23186504045526, "step_grade": -0.013611944173057566, "step_turn": 4.905428779922232, "coast_speed_mps": 3.1984265135677012, "coast_speed_mph": 7.154676345668615}, "geometry": {"type": "Point", "coordinates": [-122.22692, 37.77551]}}, {"id": "14", "type": "Feature", "properties": {"name": "Some South Bay", "step": 14, "lat": 37.77476, "lon": -122.22729, "elevation_m": 9.5, "time": null, "elevation_f": 31.16798, "step_elevation_m": -1.5, "step_elevation_f": -4.921259999999997, "step_dist_m": 89.51228621715958, "step_dist_f": 293.67548911270586, "step_grade": -0.016757476134180656, "step_turn": 0.26984118784309885, "coast_speed_mps": 4.370602301672903, "coast_speed_mph": 9.77675890674861}, "geometry": {"type": "Point", "coordinates": [-122.22729, 37.77476]}}, {"id": "15", "type": "Feature", "properties": {"name": "Some South Bay", "step": 15, "lat": 37.7744, "lon": -122.22745, "elevation_m": 9.1, "time": null, "elevation_f": 29.855643999999998, "step_elevation_m": -0.40000000000000036, "step_elevation_f": -1.312336000000002, "step_dist_m": 42.42843911962782, "step_dist_f": 139.20092020123974, "step_grade": -0.009427638826688687, "step_turn": 1.9464958536476331, "coast_speed_mps": 3.8118951855144014, "coast_speed_mph": 8.526966681984604}, "geometry": {"type": "Point", "coordinates": [-122.22745, 37.7744]}}, {"id": "16", "type": "Feature", "properties": {"name": "Some South Bay", "step": 16, "lat": 37.77433, "lon": -122.22761, "elevation_m": 8.9, "time": null, "elevation_f": 29.199476, "step_elevation_m": -0.1999999999999993, "step_elevation_f": -0.6561679999999974, "step_dist_m": 16.073080782189077, "step_dist_f": 52.73320635343721, "step_grade": -0.012443165234484702, "step_turn": 41.67919555669894, "coast_speed_mps": 3.756296515142186, "coast_speed_mph": 8.402595998439025}, "geometry": {"type": "Point", "coordinates": [-122.22761, 37.77433]}}, {"id": "17", "type": "Feature", "properties": {"name": "Some South Bay", "step": 17, "lat": 37.77427, "lon": -122.22768, "elevation_m": 8.8, "time": null, "elevation_f": 28.871392000000004, "step_elevation_m": -0.09999999999999964, "step_elevation_f": -0.32808399999999693, "step_dist_m": 9.075453639500626, "step_dist_f": 29.775111318619235, "step_grade": -0.011018732944075963, "step_turn": 18.354376764869954, "coast_speed_mps": 3.728178501735243, "coast_speed_mph": 8.339697793788561}, "geometry": {"type": "Point", "coordinates": [-122.22768, 37.77427]}}, {"id": "18", "type": "Feature", "properties": {"name": "Some South Bay", "step": 18, "lat": 37.77362, "lon": -122.22797, "elevation_m": 8.1, "time": null, "elevation_f": 26.574804, "step_elevation_m": -0.7000000000000011, "step_elevation_f": -2.2965880000000034, "step_dist_m": 76.63939999738574, "step_dist_f": 251.44160908742302, "step_grade": -0.009133683197205079, "step_turn": 23.255742651841786, "coast_speed_mps": 2.834318410402398, "coast_speed_mph": 6.34018971546706}, "geometry": {"type": "Point", "coordinates": [-122.22797, 37.77362]}}, {"id": "19", "type": "Feature", "properties": {"name": "Some South Bay", "step": 19, "lat": 37.77342, "lon": -122.22803, "elevation_m": 7.9, "time": null, "elevation_f": 25.918636, "step_elevation_m": -0.1999999999999993, "step_elevation_f": -0.656168000000001, "step_dist_m": 22.855698089616105, "step_dist_f": 74.9858885203361, "step_grade": -0.008750553110030103, "step_turn": 6.085295788986144, "coast_speed_mps": 2.6580117783294117, "coast_speed_mph": 5.9458030116531155}, "geometry": {"type": "Point", "coordinates": [-122.22803, 37.77342]}}, {"id": "20", "type": "Feature", "properties": {"name": "Some South Bay", "step": 20, "lat": 37.7731, "lon": -122.22816, "elevation_m": 7.5, "time": null, "elevation_f": 24.6063, "step_elevation_m": -0.40000000000000036, "step_elevation_f": -1.3123359999999984, "step_dist_m": 37.37192968660004, "step_dist_f": 122.61132179298488, "step_grade": -0.010703220394408028, "step_turn": 4.462482023342972, "coast_speed_mps": 2.677804940151315, "coast_speed_mph": 5.990079053667037}, "geometry": {"type": "Point", "coordinates": [-122.22816, 37.7731]}}, {"id": "21", "type": "Feature", "properties": {"name": "Some South Bay", "step": 21, "lat": 37.77269, "lon": -122.2283, "elevation_m": 7.2, "time": null, "elevation_f": 23.622048, "step_elevation_m": -0.2999999999999998, "step_elevation_f": -0.9842520000000015, "step_dist_m": 47.22135003951619, "step_dist_f": 154.9256940636463, "step_grade": -0.006353058515882142, "step_turn": 2.6980236045039305, "coast_speed_mps": 1.799525471699104, "coast_speed_mph": 4.025423836120039}, "geometry": {"type": "Point", "coordinates": [-122.2283, 37.77269]}}, {"id": "22", "type": "Feature", "properties": {"name": "Some South Bay", "step": 22, "lat": 37.7721, "lon": -122.22854, "elevation_m": 6.6, "time": null, "elevation_f": 21.653544, "step_elevation_m": -0.6000000000000005, "step_elevation_f": -1.9685039999999994, "step_dist_m": 68.91297349080534, "step_dist_f": 226.0924399475738, "step_grade": -0.008706633448055395, "step_turn": 2.719995452811787, "coast_speed_mps": 1.6148404189183363, "coast_speed_mph": 3.612295138954757}, "geometry": {"type": "Point", "coordinates": [-122.22854, 37.7721]}}, {"id": "23", "type": "Feature", "properties": {"name": "Some South Bay", "step": 23, "lat": 37.77151, "lon": -122.22878, "elevation_m": 6.0, "time": null, "elevation_f": 19.68504, "step_elevation_m": -0.5999999999999996, "step_elevation_f": -1.9685039999999994, "step_dist_m": 68.9130250152107, "step_dist_f": 226.0926089909039, "step_grade": -0.008706626938340983, "step_turn": 0.00013322794555392647, "coast_speed_mps": 1.511937614518163, "coast_speed_mph": 3.382108121237834}, "geometry": {"type": "Point", "coordinates": [-122.22878, 37.77151]}}, {"id": "24", "type": "Feature", "properties": {"name": "Some South Bay", "step": 24, "lat": 37.77091, "lon": -122.22902, "elevation_m": 5.5, "time": null, "elevation_f": 18.04462, "step_elevation_m": -0.5, "step_elevation_f": -1.6404200000000024, "step_dist_m": 69.97247664524016, "step_dist_f": 229.56850027676973, "step_grade": -0.007145666753157753, "step_turn": 0.278579220414656, "coast_speed_mps": 0.0, "coast_speed_mph": 0.0}, "geometry": {"type": "Point", "coordinates": [-122.22902, 37.77091]}}, {"id": "25", "type": "Feature", "properties": {"name": "Some South Bay", "step": 25, "lat": 37.77067, "lon": -122.22913, "elevation_m": 5.2, "time": null, "elevation_f": 17.060368, "step_elevation_m": -0.2999999999999998, "step_elevation_f": -0.9842519999999979, "step_dist_m": 28.384244327746888, "step_dist_f": 93.1241641602451, "step_grade": -0.010569243857118866, "step_turn": 2.3691066583736813, "coast_speed_mps": 1.1961642906878824, "coast_speed_mph": 2.675743313099233}, "geometry": {"type": "Point", "coordinates": [-122.22913, 37.77067]}}, {"id": "26", "type": "Feature", "properties": {"name": "Some South Bay", "step": 26, "lat": 37.7704, "lon": -122.22929, "elevation_m": 4.4, "time": null, "elevation_f": 14.435696000000002, "step_elevation_m": -0.7999999999999998, "step_elevation_f": -2.6246719999999986, "step_dist_m": 33.153244350466885, "step_dist_f": 108.77049019478578, "step_grade": -0.024130368405067836, "step_turn": 5.184335254434444, "coast_speed_mps": 3.4038137530701973, "coast_speed_mph": 7.614114515636618}, "geometry": {"type": "Point", "coordinates": [-122.22929, 37.7704]}}, {"id": "27", "type": "Feature", "properties": {"name": "Some South Bay", "step": 27, "lat": 37.77013, "lon": -122.22948, "elevation_m": 3.7, "time": null, "elevation_f": 12.139108, "step_elevation_m": -0.7000000000000002, "step_elevation_f": -2.2965880000000016, "step_dist_m": 34.35491316447676, "step_dist_f": 112.71297330654194, "step_grade": -0.020375542695995095, "step_turn": 3.9857451652930536, "coast_speed_mps": 4.135065744716995, "coast_speed_mph": 9.2498786343884}, "geometry": {"type": "Point", "coordinates": [-122.22948, 37.77013]}}, {"id": "28", "type": "Feature", "properties": {"name": "Some South Bay", "step": 28, "lat": 37.76979, "lon": -122.22975, "elevation_m": 2.8, "time": null, "elevation_f": 9.186352, "step_elevation_m": -0.9000000000000004, "step_elevation_f": -2.952756000000001, "step_dist_m": 44.63777118524131, "step_dist_f": 146.4493852153871, "step_grade": -0.020162296998770615, "step_turn": 3.0324130459075036, "coast_speed_mps": 4.578054733943109, "coast_speed_mph": 10.240816781368789}, "geometry": {"type": "Point", "coordinates": [-122.22975, 37.76979]}}, {"id": "29", "type": "Feature", "properties": {"name": "Some South Bay", "step": 29, "lat": 37.76977, "lon": -122.22975, "elevation_m": 2.7, "time": null, "elevation_f": 8.858268, "step_elevation_m": -0.09999999999999964, "step_elevation_f": -0.3280839999999987, "step_dist_m": 2.223898532489277, "step_dist_f": 7.296255261332119, "step_grade": -0.04496608030406254, "step_turn": 32.11785470495042, "coast_speed_mps": 4.592371899168474, "coast_speed_mph": 10.272843367860748}, "geometry": {"type": "Point", "coordinates": [-122.22975, 37.76977]}}, {"id": "30", "type": "Feature", "properties": {"name": "Some South Bay", "step": 30, "lat": 37.76973, "lon": -122.22969, "elevation_m": 2.7, "time": null, "elevation_f": 8.858268, "step_elevation_m": 0.0, "step_elevation_f": 0.0, "step_dist_m": 6.899000038878091, "step_dist_f": 22.634515287552794, "step_grade": 0.0, "step_turn": 49.85670459801213, "coast_speed_mps": 4.6358111766764, "coast_speed_mph": 10.37001426421885}, "geometry": {"type": "Point", "coordinates": [-122.22969, 37.76973]}}, {"id": "31", "type": "Feature", "properties": {"name": "Some South Bay", "step": 31, "lat": 37.76948, "lon": -122.22991, "elevation_m": 2.9, "time": null, "elevation_f": 9.514436, "step_elevation_m": 0.19999999999999973, "step_elevation_f": 0.6561679999999992, "step_dist_m": 33.86303814902943, "step_dist_f": 111.09921008086171, "step_grade": 0.005906144602850175, "step_turn": 84.68011301328642, "coast_speed_mps": 2.6607396961979943, "coast_speed_mph": 5.951905190135092}, "geometry": {"type": "Point", "coordinates": [-122.22991, 37.76948]}}, {"id": "32", "type": "Feature", "properties": {"name": "Some South Bay", "step": 32, "lat": 37.76934, "lon": -122.22998, "elevation_m": 3.0, "time": null, "elevation_f": 9.84252, "step_elevation_m": 0.10000000000000009, "step_elevation_f": 0.3280840000000005, "step_dist_m": 16.73911147992797, "step_dist_f": 54.91834650780688, "step_grade": 0.005974032738829122, "step_turn": 13.257420235498842, "coast_speed_mps": 1.28372424329579, "coast_speed_mph": 2.8716093488184247}, "geometry": {"type": "Point", "coordinates": [-122.22998, 37.76934]}}, {"id": "33", "type": "Feature", "properties": {"name": "Some South Bay", "step": 33, "lat": 37.76892, "lon": -122.23031, "elevation_m": 3.3, "time": null, "elevation_f": 10.826772, "step_elevation_m": 0.2999999999999998, "step_elevation_f": 0.9842519999999997, "step_dist_m": 54.97664143974156, "step_dist_f": 180.36956430116172, "step_grade": 0.005456862990235987, "step_turn": 10.278340662649327, "coast_speed_mps": 0.0, "coast_speed_mph": 0.0}, "geometry": {"type": "Point", "coordinates": [-122.23031, 37.76892]}}, {"id": "34", "type": "Feature", "properties": {"name": "Some South Bay", "step": 34, "lat": 37.7685, "lon": -122.23063, "elevation_m": 3.7, "time": null, "elevation_f": 12.139108, "step_elevation_m": 0.40000000000000036, "step_elevation_f": 1.3123360000000002, "step_dist_m": 54.5180776017118, "step_dist_f": 178.86508971880014, "step_grade": 0.00733701585962453, "step_turn": 0.7846087722753907, "coast_speed_mps": 0.0, "coast_speed_mph": 0.0}, "geometry": {"type": "Point", "coordinates": [-122.23063, 37.7685]}}, {"id": "35", "type": "Feature", "properties": {"name": "Some South Bay", "step": 35, "lat": 37.76841, "lon": -122.23072, "elevation_m": 3.8, "time": null, "elevation_f": 12.467191999999999, "step_elevation_m": 0.09999999999999964, "step_elevation_f": 0.3280839999999987, "step_dist_m": 12.756686404811719, "step_dist_f": 41.852647024362476, "step_grade": 0.007839026282113548, "step_turn": 7.26640780855459, "coast_speed_mps": 0.0, "coast_speed_mph": 0.0}, "geometry": {"type": "Point", "coordinates": [-122.23072, 37.76841]}}, {"id": "36", "type": "Feature", "properties": {"name": "Some South Bay", "step": 36, "lat": 37.76824, "lon": -122.23096, "elevation_m": 4.0, "time": null, "elevation_f": 13.12336, "step_elevation_m": 0.20000000000000018, "step_elevation_f": 0.656168000000001, "step_dist_m": 28.325935194005954, "step_dist_f": 92.9328612219025, "step_grade": 0.0070606671458572755, "step_turn": 9.81155725825576, "coast_speed_mps": 0.0, "coast_speed_mph": 0.0}, "geometry": {"type": "Point", "coordinates": [-122.23096, 37.76824]}}, {"id": "37", "type": "Feature", "properties": {"name": "Some South Bay", "step": 37, "lat": 37.76817, "lon": -122.2311, "elevation_m": 4.0, "time": null, "elevation_f": 13.12336, "step_elevation_m": 0.0, "step_elevation_f": 0.0, "step_dist_m": 14.560887231154792, "step_dist_f": 47.77194126346189, "step_grade": 0.0, "step_turn": 9.54838827134185, "coast_speed_mps": 0.0, "coast_speed_mph": 0.0}, "geometry": {"type": "Point", "coordinates": [-122.2311, 37.76817]}}, {"id": "38", "type": "Feature", "properties": {"name": "Some South Bay", "step": 38, "lat": 37.76811, "lon": -122.23126, "elevation_m": 4.0, "time": null, "elevation_f": 13.12336, "step_elevation_m": 0.0, "step_elevation_f": 0.0, "step_dist_m": 15.566104880958063, "step_dist_f": 51.06989953764245, "step_grade": 0.0, "step_turn": 6.934973346517779, "coast_speed_mps": 0.0, "coast_speed_mph": 0.0}, "geometry": {"type": "Point", "coordinates": [-122.23126, 37.76811]}}, {"id": "39", "type": "Feature", "properties": {"name": "Some South Bay", "step": 39, "lat": 37.76803, "lon": -122.23158, "elevation_m": 4.0, "time": null, "elevation_f": 13.12336, "step_elevation_m": 0.0, "step_elevation_f": 0.0, "step_dist_m": 29.500872678047767, "step_dist_f": 96.78764311704623, "step_grade": 0.0, "step_turn": 7.829130341393466, "coast_speed_mps": 0.0, "coast_speed_mph": 0.0}, "geometry": {"type": "Point", "coordinates": [-122.23158, 37.76803]}}, {"id": "40", "type": "Feature", "properties": {"name": "Some South Bay", "step": 40, "lat": 37.76797, "lon": -122.23209, "elevation_m": 4.0, "time": null, "elevation_f": 13.12336, "step_elevation_m": 0.0, "step_elevation_f": 0.0, "step_dist_m": 45.3223759545942, "step_dist_f": 148.69546392687084, "step_grade": 0.0, "step_turn": 9.084972813424201, "coast_speed_mps": 0.0, "coast_speed_mph": 0.0}, "geometry": {"type": "Point", "coordinates": [-122.23209, 37.76797]}}, {"id": "41", "type": "Feature", "properties": {"name": "Some South Bay", "step": 41, "lat": 37.7678, "lon": -122.23289, "elevation_m": 4.3, "time": null, "elevation_f": 14.107612, "step_elevation_m": 0.2999999999999998, "step_elevation_f": 0.9842519999999997, "step_dist_m": 72.81596793101218, "step_dist_f": 238.897540226782, "step_grade": 0.004119975446652414, "step_turn": 6.581325278523423, "coast_speed_mps": 0.0, "coast_speed_mph": 0.0}, "geometry": {"type": "Point", "coordinates": [-122.23289, 37.7678]}}, {"id": "42", "type": "Feature", "properties": {"name": "Some South Bay", "step": 42, "lat": 37.76776, "lon": -122.23313, "elevation_m": 4.4, "time": null, "elevation_f": 14.435696000000002, "step_elevation_m": 0.10000000000000053, "step_elevation_f": 0.32808400000000226, "step_dist_m": 21.559671947686073, "step_dist_f": 70.73383411284638, "step_grade": 0.004638289499146725, "step_turn": 3.1405386693338073, "coast_speed_mps": 0.0, "coast_speed_mph": 0.0}, "geometry": {"type": "Point", "coordinates": [-122.23313, 37.76776]}}, {"id": "43", "type": "Feature", "properties": {"name": "Some South Bay", "step": 43, "lat": 37.76766, "lon": -122.23313, "elevation_m": 4.5, "time": null, "elevation_f": 14.76378, "step_elevation_m": 0.09999999999999964, "step_elevation_f": 0.3280839999999987, "step_dist_m": 11.119492664568353, "step_dist_f": 36.48127631362244, "step_grade": 0.008993216059096303, "step_turn": 78.09436330044741, "coast_speed_mps": 0.0, "coast_speed_mph": 0.0}, "geometry": {"type": "Point", "coordinates": [-122.23313, 37.76766]}}, {"id": "44", "type": "Feature", "properties": {"name": "Some South Bay", "step": 44, "lat": 37.76742, "lon": -122.23304, "elevation_m": 4.6, "time": null, "elevation_f": 15.091864, "step_elevation_m": 0.09999999999999964, "step_elevation_f": 0.3280839999999987, "step_dist_m": 27.8346551343893, "step_dist_f": 91.3210499511098, "step_grade": 0.0035926437571145308, "step_turn": 16.51186792371209, "coast_speed_mps": 0.0, "coast_speed_mph": 0.0}, "geometry": {"type": "Point", "coordinates": [-122.23304, 37.76742]}}, {"id": "45", "type": "Feature", "properties": {"name": "Some South Bay", "step": 45, "lat": 37.76732, "lon": -122.23286, "elevation_m": 4.6, "time": null, "elevation_f": 15.091864, "step_elevation_m": 0.0, "step_elevation_f": 0.0, "step_dist_m": 19.33853550559841, "step_dist_f": 63.44664082818749, "step_grade": 0.0, "step_turn": 38.38915342376879, "coast_speed_mps": 0.0, "coast_speed_mph": 0.0}, "geometry": {"type": "Point", "coordinates": [-122.23286, 37.76732]}}, {"id": "46", "type": "Feature", "properties": {"name": "Some South Bay", "step": 46, "lat": 37.76718, "lon": -122.23257, "elevation_m": 4.6, "time": null, "elevation_f": 15.091864, "step_elevation_m": 0.0, "step_elevation_f": 0.0, "step_dist_m": 29.868613964720897, "step_dist_f": 97.99414344001491, "step_grade": 0.0, "step_turn": 3.686809030926952, "coast_speed_mps": 0.0, "coast_speed_mph": 0.0}, "geometry": {"type": "Point", "coordinates": [-122.23257, 37.76718]}}, {"id": "47", "type": "Feature", "properties": {"name": "Some South Bay", "step": 47, "lat": 37.76715, "lon": -122.23244, "elevation_m": 4.6, "time": null, "elevation_f": 15.091864, "step_elevation_m": 0.0, "step_elevation_f": 0.0, "step_dist_m": 11.90399151385784, "step_dist_f": 39.055091518325355, "step_grade": 0.0, "step_turn": 15.13831595081831, "coast_speed_mps": 0.0, "coast_speed_mph": 0.0}, "geometry": {"type": "Point", "coordinates": [-122.23244, 37.76715]}}, {"id": "48", "type": "Feature", "properties": {"name": "Some South Bay", "step": 48, "lat": 37.76675, "lon": -122.23167, "elevation_m": 4.4, "time": null, "elevation_f": 14.435696000000002, "step_elevation_m": -0.1999999999999993, "step_elevation_f": -0.6561679999999974, "step_dist_m": 80.98971059377114, "step_dist_f": 265.7142821044681, "step_grade": -0.0024694494959138814, "step_turn": 17.03672129051904, "coast_speed_mps": 0.0, "coast_speed_mph": 0.0}, "geometry": {"type": "Point", "coordinates": [-122.23167, 37.76675]}}, {"id": "49", "type": "Feature", "properties": {"name": "Some South Bay", "step": 49, "lat": 37.76635, "lon": -122.2309, "elevation_m": 4.1, "time": null, "elevation_f": 13.451443999999999, "step_elevation_m": -0.3000000000000007, "step_elevation_f": -0.9842520000000032, "step_dist_m": 80.99001653120531, "step_dist_f": 265.7152858362396, "step_grade": -0.0037041602514602677, "step_turn": 0.00014222661013718607, "coast_speed_mps": 0.0, "coast_speed_mph": 0.0}, "geometry": {"type": "Point", "coordinates": [-122.2309, 37.76635]}}, {"id": "50", "type": "Feature", "properties": {"name": "Some South Bay", "step": 50, "lat": 37.76595, "lon": -122.23014, "elevation_m": 3.8, "time": null, "elevation_f": 12.467191999999999, "step_elevation_m": -0.2999999999999998, "step_elevation_f": -0.9842519999999997, "step_dist_m": 80.25717592527116, "step_dist_f": 263.3109530626666, "step_grade": -0.003737983507908813, "step_turn": 0.34448790705295096, "coast_speed_mps": 0.0, "coast_speed_mph": 0.0}, "geometry": {"type": "Point", "coordinates": [-122.23014, 37.76595]}}, {"id": "51", "type": "Feature", "properties": {"name": "Some South Bay", "step": 51, "lat": 37.76549, "lon": -122.22926, "elevation_m": 3.6, "time": null, "elevation_f": 11.811024, "step_elevation_m": -0.19999999999999973, "step_elevation_f": -0.6561679999999992, "step_dist_m": 92.73559697755032, "step_dist_f": 304.2506559878262, "step_grade": -0.0021566691380486423, "step_turn": 0.1807772889167154, "coast_speed_mps": 0.0, "coast_speed_mph": 0.0}, "geometry": {"type": "Point", "coordinates": [-122.22926, 37.76549]}}, {"id": "52", "type": "Feature", "properties": {"name": "Some South Bay", "step": 52, "lat": 37.76538, "lon": -122.22907, "elevation_m": 3.6, "time": null, "elevation_f": 11.811024, "step_elevation_m": 0.0, "step_elevation_f": 0.0, "step_dist_m": 20.701360849508678, "step_dist_f": 67.91785272950204, "step_grade": 0.0, "step_turn": 2.743295552856523, "coast_speed_mps": 0.0, "coast_speed_mph": 0.0}, "geometry": {"type": "Point", "coordinates": [-122.22907, 37.76538]}}, {"id": "53", "type": "Feature", "properties": {"name": "Some South Bay", "step": 53, "lat": 37.76485, "lon": -122.22832, "elevation_m": 3.8, "time": null, "elevation_f": 12.467191999999999, "step_elevation_m": 0.19999999999999973, "step_elevation_f": 0.6561679999999992, "step_dist_m": 88.42798488591261, "step_dist_f": 290.1180699330975, "step_grade": 0.002261727441352806, "step_turn": 5.576410923102458, "coast_speed_mps": 0.0, "coast_speed_mph": 0.0}, "geometry": {"type": "Point", "coordinates": [-122.22832, 37.76485]}}, {"id": "54", "type": "Feature", "properties": {"name": "Some South Bay", "step": 54, "lat": 37.76433, "lon": -122.22758, "elevation_m": 3.8, "time": null, "elevation_f": 12.467191999999999, "step_elevation_m": 0.0, "step_elevation_f": 0.0, "step_dist_m": 87.03225097125224, "step_dist_f": 285.5388902765232, "step_grade": 0.0, "step_turn": 0.16028914024059304, "coast_speed_mps": 0.0, "coast_speed_mph": 0.0}, "geometry": {"type": "Point", "coordinates": [-122.22758, 37.76433]}}, {"id": "55", "type": "Feature", "properties": {"name": "Some South Bay", "step": 55, "lat": 37.76387, "lon": -122.22691, "elevation_m": 3.3, "time": null, "elevation_f": 10.826772, "step_elevation_m": -0.5, "step_elevation_f": -1.6404199999999989, "step_dist_m": 78.00629891412584, "step_dist_f": 255.9261857294206, "step_grade": -0.006409738789817871, "step_turn": 0.6601062274382912, "coast_speed_mps": 0.0, "coast_speed_mph": 0.0}, "geometry": {"type": "Point", "coordinates": [-122.22691, 37.76387]}}, {"id": "56", "type": "Feature", "properties": {"name": "Some South Bay", "step": 56, "lat": 37.76341, "lon": -122.22625, "elevation_m": 2.9, "time": null, "elevation_f": 9.514436, "step_elevation_m": -0.3999999999999999, "step_elevation_f": -1.3123360000000002, "step_dist_m": 77.34503303322603, "step_dist_f": 253.75667817672928, "step_grade": -0.005171631381011462, "step_turn": 0.4268156858711336, "coast_speed_mps": 0.0, "coast_speed_mph": 0.0}, "geometry": {"type": "Point", "coordinates": [-122.22625, 37.76341]}}, {"id": "57", "type": "Feature", "properties": {"name": "Some South Bay", "step": 57, "lat": 37.76329, "lon": -122.22611, "elevation_m": 2.8, "time": null, "elevation_f": 9.186352, "step_elevation_m": -0.10000000000000009, "step_elevation_f": -0.3280840000000005, "step_dist_m": 18.152142623495138, "step_dist_f": 59.55427560486779, "step_grade": -0.0055089915319729565, "step_turn": 5.914195081701223, "coast_speed_mps": 0.0, "coast_speed_mph": 0.0}, "geometry": {"type": "Point", "coordinates": [-122.22611, 37.76329]}}, {"id": "58", "type": "Feature", "properties": {"name": "Some South Bay", "step": 58, "lat": 37.76313, "lon": -122.22595, "elevation_m": 2.7, "time": null, "elevation_f": 8.858268, "step_elevation_m": -0.09999999999999964, "step_elevation_f": -0.3280839999999987, "step_dist_m": 22.679172174732173, "step_dist_f": 74.40673523774831, "step_grade": -0.004409332017480509, "step_turn": 4.357408609765798, "coast_speed_mps": 0.0, "coast_speed_mph": 0.0}, "geometry": {"type": "Point", "coordinates": [-122.22595, 37.76313]}}, {"id": "59", "type": "Feature", "properties": {"name": "Some South Bay", "step": 59, "lat": 37.76303, "lon": -122.22588, "elevation_m": 2.7, "time": null, "elevation_f": 8.858268, "step_elevation_m": 0.0, "step_elevation_f": 0.0, "step_dist_m": 12.708538147520365, "step_dist_f": 41.694680295910715, "step_grade": 0.0, "step_turn": 9.368627237600492, "coast_speed_mps": 0.0, "coast_speed_mph": 0.0}, "geometry": {"type": "Point", "coordinates": [-122.22588, 37.76303]}}, {"id": "60", "type": "Feature", "properties": {"name": "Some South Bay", "step": 60, "lat": 37.76276, "lon": -122.2257, "elevation_m": 2.6, "time": null, "elevation_f": 8.530184, "step_elevation_m": -0.10000000000000009, "step_elevation_f": -0.3280840000000005, "step_dist_m": 33.93706614024842, "step_dist_f": 111.34208407557261, "step_grade": -0.0029466306718070384, "step_turn": 1.168665697792619, "coast_speed_mps": 0.0, "coast_speed_mph": 0.0}, "geometry": {"type": "Point", "coordinates": [-122.2257, 37.76276]}}, {"id": "61", "type": "Feature", "properties": {"name": "Some South Bay", "step": 61, "lat": 37.7626, "lon": -122.22562, "elevation_m": 2.6, "time": null, "elevation_f": 8.530184, "step_elevation_m": 0.0, "step_elevation_f": 0.0, "step_dist_m": 19.130648348249583, "step_dist_f": 62.764596326871164, "step_grade": 0.0, "step_turn": 6.223059597760539, "coast_speed_mps": 0.0, "coast_speed_mph": 0.0}, "geometry": {"type": "Point", "coordinates": [-122.22562, 37.7626]}}, {"id": "62", "type": "Feature", "properties": {"name": "Some South Bay", "step": 62, "lat": 37.76242, "lon": -122.22556, "elevation_m": 2.5, "time": null, "elevation_f": 8.2021, "step_elevation_m": -0.10000000000000009, "step_elevation_f": -0.3280840000000005, "step_dist_m": 20.698368255546747, "step_dist_f": 67.90803450752799, "step_grade": -0.004831298717144145, "step_turn": 6.804864293131573, "coast_speed_mps": 0.0, "coast_speed_mph": 0.0}, "geometry": {"type": "Point", "coordinates": [-122.22556, 37.76242]}}, {"id": "63", "type": "Feature", "properties": {"name": "Some South Bay", "step": 63, "lat": 37.76222, "lon": -122.22552, "elevation_m": 2.6, "time": null, "elevation_f": 8.530184, "step_elevation_m": 0.10000000000000009, "step_elevation_f": 0.3280840000000005, "step_dist_m": 22.515248620236676, "step_dist_f": 73.8689282832173, "step_grade": 0.004441434411260297, "step_turn": 5.778148735692639, "coast_speed_mps": 0.0, "coast_speed_mph": 0.0}, "geometry": {"type": "Point", "coordinates": [-122.22552, 37.76222]}}, {"id": "64", "type": "Feature", "properties": {"name": "Some South Bay", "step": 64, "lat": 37.76203, "lon": -122.2255, "elevation_m": 2.6, "time": null, "elevation_f": 8.530184, "step_elevation_m": 0.0, "step_elevation_f": 0.0, "step_dist_m": 21.200062666090872, "step_dist_f": 69.55401359741758, "step_grade": 0.0, "step_turn": 4.227741285684033, "coast_speed_mps": 0.0, "coast_speed_mph": 0.0}, "geometry": {"type": "Point", "coordinates": [-122.2255, 37.76203]}}, {"id": "65", "type": "Feature", "properties": {"name": "Some South Bay", "step": 65, "lat": 37.76179, "lon": -122.2255, "elevation_m": 2.6, "time": null, "elevation_f": 8.530184, "step_elevation_m": 0.0, "step_elevation_f": 0.0, "step_dist_m": 26.686782395529907, "step_dist_f": 87.55506315455034, "step_grade": 0.0, "step_turn": 4.757019313900855, "coast_speed_mps": 0.0, "coast_speed_mph": 0.0}, "geometry": {"type": "Point", "coordinates": [-122.2255, 37.76179]}}, {"id": "66", "type": "Feature", "properties": {"name": "Some South Bay", "step": 66, "lat": 37.76121, "lon": -122.22556, "elevation_m": 2.6, "time": null, "elevation_f": 8.530184, "step_elevation_m": 0.0, "step_elevation_f": 0.0, "step_dist_m": 64.70837633896237, "step_dist_f": 212.2978294279213, "step_grade": 0.0, "step_turn": 4.675420187845617, "coast_speed_mps": 0.0, "coast_speed_mph": 0.0}, "geometry": {"type": "Point", "coordinates": [-122.22556, 37.76121]}}, {"id": "67", "type": "Feature", "properties": {"name": "Some South Bay", "step": 67, "lat": 37.76036, "lon": -122.22565, "elevation_m": 2.6, "time": null, "elevation_f": 8.530184, "step_elevation_m": 0.0, "step_elevation_f": 0.0, "step_dist_m": 94.84624566271862, "step_dist_f": 311.1753566200737, "step_grade": 0.0, "step_turn": 0.10955972426035032, "coast_speed_mps": 0.0, "coast_speed_mph": 0.0}, "geometry": {"type": "Point", "coordinates": [-122.22565, 37.76036]}}, {"id": "68", "type": "Feature", "properties": {"name": "Some South Bay", "step": 68, "lat": 37.7595, "lon": -122.22575, "elevation_m": 2.6, "time": null, "elevation_f": 8.530184, "step_elevation_m": 0.0, "step_elevation_f": 0.0, "step_dist_m": 96.03085251714795, "step_dist_f": 315.06186217235967, "step_grade": 0.0, "step_turn": 0.4673925067577045, "coast_speed_mps": 0.0, "coast_speed_mph": 0.0}, "geometry": {"type": "Point", "coordinates": [-122.22575, 37.7595]}}, {"id": "69", "type": "Feature", "properties": {"name": "Some South Bay", "step": 69, "lat": 37.75908, "lon": -122.22581, "elevation_m": 2.6, "time": null, "elevation_f": 8.530184, "step_elevation_m": 0.0, "step_elevation_f": 0.0, "step_dist_m": 46.998784633592756, "step_dist_f": 154.19549257727647, "step_grade": 0.0, "step_turn": 1.191409753102505, "coast_speed_mps": 0.0, "coast_speed_mph": 0.0}, "geometry": {"type": "Point", "coordinates": [-122.22581, 37.75908]}}, {"id": "70", "type": "Feature", "properties": {"name": "Some South Bay", "step": 70, "lat": 37.75885, "lon": -122.22588, "elevation_m": 2.6, "time": null, "elevation_f": 8.530184, "step_elevation_m": 0.0, "step_elevation_f": 0.0, "step_dist_m": 26.304754842214972, "step_dist_f": 86.30169187653257, "step_grade": 0.0, "step_turn": 7.085312527317711, "coast_speed_mps": 0.0, "coast_speed_mph": 0.0}, "geometry": {"type": "Point", "coordinates": [-122.22588, 37.75885]}}, {"id": "71", "type": "Feature", "properties": {"name": "Some South Bay", "step": 71, "lat": 37.75876, "lon": -122.22592, "elevation_m": 2.6, "time": null, "elevation_f": 8.530184, "step_elevation_m": 0.0, "step_elevation_f": 0.0, "step_dist_m": 10.607358386517959, "step_dist_f": 34.80104568882358, "step_grade": 0.0, "step_turn": 5.831157032925603, "coast_speed_mps": 0.0, "coast_speed_mph": 0.0}, "geometry": {"type": "Point", "coordinates": [-122.22592, 37.75876]}}, {"id": "72", "type": "Feature", "properties": {"name": "Some South Bay", "step": 72, "lat": 37.75853, "lon": -122.22603, "elevation_m": 2.7, "time": null, "elevation_f": 8.858268, "step_elevation_m": 0.10000000000000009, "step_elevation_f": 0.3280840000000005, "step_dist_m": 27.341978118681475, "step_dist_f": 89.70465549089492, "step_grade": 0.0036573798562026805, "step_turn": 1.3519736966260325, "coast_speed_mps": 0.0, "coast_speed_mph": 0.0}, "geometry": {"type": "Point", "coordinates": [-122.22603, 37.75853]}}, {"id": "73", "type": "Feature", "properties": {"name": "Some South Bay", "step": 73, "lat": 37.75836, "lon": -122.22615, "elevation_m": 2.7, "time": null, "elevation_f": 8.858268, "step_elevation_m": 0.0, "step_elevation_f": 0.0, "step_dist_m": 21.647536467832946, "step_dist_f": 71.02210354512505, "step_grade": 0.0, "step_turn": 8.452391853903066, "coast_speed_mps": 0.0, "coast_speed_mph": 0.0}, "geometry": {"type": "Point", "coordinates": [-122.22615, 37.75836]}}, {"id": "74", "type": "Feature", "properties": {"name": "Some South Bay", "step": 74, "lat": 37.75813, "lon": -122.22636, "elevation_m": 2.7, "time": null, "elevation_f": 8.858268, "step_elevation_m": 0.0, "step_elevation_f": 0.0, "step_dist_m": 31.541893795012143, "step_dist_f": 103.48390683842764, "step_grade": 0.0, "step_turn": 6.659213833452895, "coast_speed_mps": 0.0, "coast_speed_mph": 0.0}, "geometry": {"type": "Point", "coordinates": [-122.22636, 37.75813]}}, {"id": "75", "type": "Feature", "properties": {"name": "Some South Bay", "step": 75, "lat": 37.75782, "lon": -122.22669, "elevation_m": 2.9, "time": null, "elevation_f": 9.514436, "step_elevation_m": 0.19999999999999973, "step_elevation_f": 0.6561679999999992, "step_dist_m": 45.053642487197564, "step_dist_f": 147.81379241769724, "step_grade": 0.004439152729034766, "step_turn": 4.2606069896223175, "coast_speed_mps": 0.0, "coast_speed_mph": 0.0}, "geometry": {"type": "Point", "coordinates": [-122.22669, 37.75782]}}, {"id": "76", "type": "Feature", "properties": {"name": "Some South Bay", "step": 76, "lat": 37.75729, "lon": -122.22728, "elevation_m": 3.0, "time": null, "elevation_f": 9.84252, "step_elevation_m": 0.10000000000000009, "step_elevation_f": 0.3280840000000005, "step_dist_m": 78.50741385798008, "step_dist_f": 257.5702636818154, "step_grade": 0.0012737650507874338, "step_turn": 1.2671272610515132, "coast_speed_mps": 0.0, "coast_speed_mph": 0.0}, "geometry": {"type": "Point", "coordinates": [-122.22728, 37.75729]}}, {"id": "77", "type": "Feature", "properties": {"name": "Some South Bay", "step": 77, "lat": 37.75675, "lon": -122.22786, "elevation_m": 3.1, "time": null, "elevation_f": 10.170604, "step_elevation_m": 0.10000000000000009, "step_elevation_f": 0.3280840000000005, "step_dist_m": 78.7738961979304, "step_dist_f": 258.44454960201796, "step_grade": 0.0012694560612913717, "step_turn": 1.014184685645489, "coast_speed_mps": 0.0, "coast_speed_mph": 0.0}, "geometry": {"type": "Point", "coordinates": [-122.22786, 37.75675]}}, {"id": "78", "type": "Feature", "properties": {"name": "Some South Bay", "step": 78, "lat": 37.75614, "lon": -122.22855, "elevation_m": 3.2, "time": null, "elevation_f": 10.498688000000001, "step_elevation_m": 0.10000000000000009, "step_elevation_f": 0.3280840000000005, "step_dist_m": 90.99666626273478, "step_dist_f": 298.5455025414308, "step_grade": 0.0010989413580412932, "step_turn": 1.4693723926885696, "coast_speed_mps": 0.0, "coast_speed_mph": 0.0}, "geometry": {"type": "Point", "coordinates": [-122.22855, 37.75614]}}, {"id": "79", "type": "Feature", "properties": {"name": "Some South Bay", "step": 79, "lat": 37.75552, "lon": -122.22923, "elevation_m": 3.1, "time": null, "elevation_f": 10.170604, "step_elevation_m": -0.10000000000000009, "step_elevation_f": -0.3280840000000005, "step_dist_m": 91.25048255200113, "step_dist_f": 299.3782331759074, "step_grade": -0.0010958846156568307, "step_turn": 0.8766913375065997, "coast_speed_mps": 0.0, "coast_speed_mph": 0.0}, "geometry": {"type": "Point", "coordinates": [-122.22923, 37.75552]}}, {"id": "80", "type": "Feature", "properties": {"name": "Some South Bay", "step": 80, "lat": 37.75491, "lon": -122.22991, "elevation_m": 3.0, "time": null, "elevation_f": 9.84252, "step_elevation_m": -0.10000000000000009, "step_elevation_f": -0.3280840000000005, "step_dist_m": 90.41365465210836, "step_dist_f": 296.6327347288232, "step_grade": -0.0011060276280698733, "step_turn": 0.46188361954048673, "coast_speed_mps": 0.0, "coast_speed_mph": 0.0}, "geometry": {"type": "Point", "coordinates": [-122.22991, 37.75491]}}, {"id": "81", "type": "Feature", "properties": {"name": "Some South Bay", "step": 81, "lat": 37.75449, "lon": -122.23038, "elevation_m": 3.0, "time": null, "elevation_f": 9.84252, "step_elevation_m": 0.0, "step_elevation_f": 0.0, "step_dist_m": 62.357151984669684, "step_dist_f": 204.5838385173837, "step_grade": 0.0, "step_turn": 0.10941395603313708, "coast_speed_mps": 0.0, "coast_speed_mph": 0.0}, "geometry": {"type": "Point", "coordinates": [-122.23038, 37.75449]}}, {"id": "82", "type": "Feature", "properties": {"name": "Some South Bay", "step": 82, "lat": 37.75408, "lon": -122.23084, "elevation_m": 3.0, "time": null, "elevation_f": 9.84252, "step_elevation_m": 0.0, "step_elevation_f": 0.0, "step_dist_m": 60.942010846004194, "step_dist_f": 199.9409868640044, "step_grade": 0.0, "step_turn": 0.07385167027035777, "coast_speed_mps": 0.0, "coast_speed_mph": 0.0}, "geometry": {"type": "Point", "coordinates": [-122.23084, 37.75408]}}, {"id": "83", "type": "Feature", "properties": {"name": "Some South Bay", "step": 83, "lat": 37.75399, "lon": -122.23098, "elevation_m": 2.9, "time": null, "elevation_f": 9.514436, "step_elevation_m": -0.10000000000000009, "step_elevation_f": -0.3280840000000005, "step_dist_m": 15.863267799273624, "step_dist_f": 52.044843526568876, "step_grade": -0.006303871387998573, "step_turn": 9.31103477328233, "coast_speed_mps": 0.0, "coast_speed_mph": 0.0}, "geometry": {"type": "Point", "coordinates": [-122.23098, 37.75399]}}, {"id": "84", "type": "Feature", "properties": {"name": "Some South Bay", "step": 84, "lat": 37.75344, "lon": -122.23159, "elevation_m": 2.3, "time": null, "elevation_f": 7.545932, "step_elevation_m": -0.6000000000000001, "step_elevation_f": -1.9685040000000003, "step_dist_m": 81.34042584821519, "step_dist_f": 266.86492273985834, "step_grade": -0.00737640593521881, "step_turn": 9.638451628488326, "coast_speed_mps": 0.0, "coast_speed_mph": 0.0}, "geometry": {"type": "Point", "coordinates": [-122.23159, 37.75344]}}, {"id": "85", "type": "Feature", "properties": {"name": "Some South Bay", "step": 85, "lat": 37.75289, "lon": -122.2322, "elevation_m": 2.3, "time": null, "elevation_f": 7.545932, "step_elevation_m": 0.0, "step_elevation_f": 0.0, "step_dist_m": 81.34068868588488, "step_dist_f": 266.8657850681986, "step_grade": 0.0, "step_turn": 0.00021112751957730325, "coast_speed_mps": 0.0, "coast_speed_mph": 0.0}, "geometry": {"type": "Point", "coordinates": [-122.2322, 37.75289]}}, {"id": "86", "type": "Feature", "properties": {"name": "Some South Bay", "step": 86, "lat": 37.75287, "lon": -122.23214, "elevation_m": 2.3, "time": null, "elevation_f": 7.545932, "step_elevation_m": 0.0, "step_elevation_f": 0.0, "step_dist_m": 5.724658694254523, "step_dist_f": 18.78168923045801, "step_grade": 0.0, "step_turn": 108.38825336557073, "coast_speed_mps": 0.0, "coast_speed_mph": 0.0}, "geometry": {"type": "Point", "coordinates": [-122.23214, 37.75287]}}, {"id": "87", "type": "Feature", "properties": {"name": "Some South Bay", "step": 87, "lat": 37.75283, "lon": -122.23209, "elevation_m": 2.3, "time": null, "elevation_f": 7.545932, "step_elevation_m": 0.0, "step_elevation_f": 0.0, "step_dist_m": 6.253520631477493, "step_dist_f": 20.51680062857662, "step_grade": 0.0, "step_turn": 22.476688836812116, "coast_speed_mps": 0.0, "coast_speed_mph": 0.0}, "geometry": {"type": "Point", "coordinates": [-122.23209, 37.75283]}}, {"id": "88", "type": "Feature", "properties": {"name": "Some South Bay", "step": 88, "lat": 37.75281, "lon": -122.23209, "elevation_m": 2.3, "time": null, "elevation_f": 7.545932, "step_elevation_m": 0.0, "step_elevation_f": 0.0, "step_dist_m": 2.223898533903923, "step_dist_f": 7.296255265973347, "step_grade": 0.0, "step_turn": 44.66355927419926, "coast_speed_mps": 0.0, "coast_speed_mph": 0.0}, "geometry": {"type": "Point", "coordinates": [-122.23209, 37.75281]}}, {"id": "89", "type": "Feature", "properties": {"name": "Some South Bay", "step": 89, "lat": 37.75269, "lon": -122.23222, "elevation_m": 2.4, "time": null, "elevation_f": 7.874015999999999, "step_elevation_m": 0.10000000000000009, "step_elevation_f": 0.3280839999999996, "step_dist_m": 17.569124151555762, "step_dist_f": 57.6414852813902, "step_grade": 0.005691803366939324, "step_turn": 40.58169869914437, "coast_speed_mps": 0.0, "coast_speed_mph": 0.0}, "geometry": {"type": "Point", "coordinates": [-122.23222, 37.75269]}}, {"id": "90", "type": "Feature", "properties": {"name": "Some South Bay", "step": 90, "lat": 37.75269, "lon": -122.23222, "elevation_m": 2.4, "time": null, "elevation_f": 7.874015999999999, "step_elevation_m": 0.0, "step_elevation_f": 0.0, "step_dist_m": 0.0, "step_dist_f": 0.0, "step_grade": null, "step_turn": null, "coast_speed_mps": 0.0, "coast_speed_mph": 0.0}, "geometry": {"type": "Point", "coordinates": [-122.23222, 37.75269]}}, {"id": "91", "type": "Feature", "properties": {"name": "Some South Bay", "step": 91, "lat": 37.75269, "lon": -122.23222, "elevation_m": 2.4, "time": null, "elevation_f": 7.874015999999999, "step_elevation_m": 0.0, "step_elevation_f": 0.0, "step_dist_m": 0.0, "step_dist_f": 0.0, "step_grade": null, "step_turn": null, "coast_speed_mps": 0.0, "coast_speed_mph": 0.0}, "geometry": {"type": "Point", "coordinates": [-122.23222, 37.75269]}}, {"id": "92", "type": "Feature", "properties": {"name": "Some South Bay", "step": 92, "lat": 37.7523, "lon": -122.23265, "elevation_m": 2.3, "time": null, "elevation_f": 7.545932, "step_elevation_m": -0.10000000000000009, "step_elevation_f": -0.3280839999999996, "step_dist_m": 57.530866285344196, "step_dist_f": 188.74956734360865, "step_grade": -0.0017381973618129712, "step_turn": null, "coast_speed_mps": 0.0, "coast_speed_mph": 0.0}, "geometry": {"type": "Point", "coordinates": [-122.23265, 37.7523]}}, {"id": "93", "type": "Feature", "properties": {"name": "Some South Bay", "step": 93, "lat": 37.75191, "lon": -122.23308, "elevation_m": 2.3, "time": null, "elevation_f": 7.545932, "step_elevation_m": 0.0, "step_elevation_f": 0.0, "step_dist_m": 57.530997223514035, "step_dist_f": 188.7499969307938, "step_grade": 0.0, "step_turn": 0.00014958594564973282, "coast_speed_mps": 0.0, "coast_speed_mph": 0.0}, "geometry": {"type": "Point", "coordinates": [-122.23308, 37.75191]}}, {"id": "94", "type": "Feature", "properties": {"name": "Some South Bay", "step": 94, "lat": 37.75179, "lon": -122.23324, "elevation_m": 2.3, "time": null, "elevation_f": 7.545932, "step_elevation_m": 0.0, "step_elevation_f": 0.0, "step_dist_m": 19.38879372034894, "step_dist_f": 63.61152998946962, "step_grade": 0.0, "step_turn": 5.4313775462011336, "coast_speed_mps": 0.0, "coast_speed_mph": 0.0}, "geometry": {"type": "Point", "coordinates": [-122.23324, 37.75179]}}, {"id": "95", "type": "Feature", "properties": {"name": "Some South Bay", "step": 95, "lat": 37.7517, "lon": -122.23338, "elevation_m": 2.3, "time": null, "elevation_f": 7.545932, "step_elevation_m": 0.0, "step_elevation_f": 0.0, "step_dist_m": 15.863563372943657, "step_dist_f": 52.045813256488465, "step_grade": 0.0, "step_turn": 4.374951537093153, "coast_speed_mps": 0.0, "coast_speed_mph": 0.0}, "geometry": {"type": "Point", "coordinates": [-122.23338, 37.7517]}}, {"id": "96", "type": "Feature", "properties": {"name": "Some South Bay", "step": 96, "lat": 37.7516, "lon": -122.23358, "elevation_m": 2.3, "time": null, "elevation_f": 7.545932, "step_elevation_m": 0.0, "step_elevation_f": 0.0, "step_dist_m": 20.804593016003917, "step_dist_f": 68.25654095062629, "step_grade": 0.0, "step_turn": 6.804770738089587, "coast_speed_mps": 0.0, "coast_speed_mph": 0.0}, "geometry": {"type": "Point", "coordinates": [-122.23358, 37.7516]}}, {"id": "97", "type": "Feature", "properties": {"name": "Some South Bay", "step": 97, "lat": 37.7515, "lon": -122.23383, "elevation_m": 2.2, "time": null, "elevation_f": 7.217848000000001, "step_elevation_m": -0.09999999999999964, "step_elevation_f": -0.3280839999999987, "step_dist_m": 24.63230869040442, "step_dist_f": 80.81466364382645, "step_grade": -0.004059708785598116, "step_turn": 5.473428698889364, "coast_speed_mps": 0.0, "coast_speed_mph": 0.0}, "geometry": {"type": "Point", "coordinates": [-122.23383, 37.7515]}}, {"id": "98", "type": "Feature", "properties": {"name": "Some South Bay", "step": 98, "lat": 37.75145, "lon": -122.234, "elevation_m": 2.2, "time": null, "elevation_f": 7.217848000000001, "step_elevation_m": 0.0, "step_elevation_f": 0.0, "step_dist_m": 15.94679111013329, "step_dist_f": 52.3188701457697, "step_grade": 0.0, "step_turn": 6.430366061708952, "coast_speed_mps": 0.0, "coast_speed_mph": 0.0}, "geometry": {"type": "Point", "coordinates": [-122.234, 37.75145]}}, {"id": "99", "type": "Feature", "properties": {"name": "Some South Bay", "step": 99, "lat": 37.7514, "lon": -122.23423, "elevation_m": 2.2, "time": null, "elevation_f": 7.217848000000001, "step_elevation_m": 0.0, "step_elevation_f": 0.0, "step_dist_m": 20.97175149824793, "step_dist_f": 68.80496118551173, "step_grade": 0.0, "step_turn": 5.031113724852645, "coast_speed_mps": 0.0, "coast_speed_mph": 0.0}, "geometry": {"type": "Point", "coordinates": [-122.23423, 37.7514]}}, {"id": "100", "type": "Feature", "properties": {"name": "Some South Bay", "step": 100, "lat": 37.75137, "lon": -122.23444, "elevation_m": 2.2, "time": null, "elevation_f": 7.217848000000001, "step_elevation_m": 0.0, "step_elevation_f": 0.0, "step_dist_m": 18.761931215918146, "step_dist_f": 61.55489441043289, "step_grade": 0.0, "step_turn": 5.131702290751434, "coast_speed_mps": 0.0, "coast_speed_mph": 0.0}, "geometry": {"type": "Point", "coordinates": [-122.23444, 37.75137]}}, {"id": "101", "type": "Feature", "properties": {"name": "Some South Bay", "step": 101, "lat": 37.75134, "lon": -122.23483, "elevation_m": 2.3, "time": null, "elevation_f": 7.545932, "step_elevation_m": 0.09999999999999964, "step_elevation_f": 0.3280839999999987, "step_dist_m": 34.45031965010922, "step_dist_f": 113.02598672086434, "step_grade": 0.002902730686264695, "step_turn": 4.684928354603528, "coast_speed_mps": 0.0, "coast_speed_mph": 0.0}, "geometry": {"type": "Point", "coordinates": [-122.23483, 37.75134]}}, {"id": "102", "type": "Feature", "properties": {"name": "Some South Bay", "step": 102, "lat": 37.7513, "lon": -122.23505, "elevation_m": 2.3, "time": null, "elevation_f": 7.545932, "step_elevation_m": 0.0, "step_elevation_f": 0.0, "step_dist_m": 19.847006918326585, "step_dist_f": 65.1148541779226, "step_grade": 0.0, "step_turn": 7.393562163618242, "coast_speed_mps": 0.0, "coast_speed_mph": 0.0}, "geometry": {"type": "Point", "coordinates": [-122.23505, 37.7513]}}, {"id": "103", "type": "Feature", "properties": {"name": "Some South Bay", "step": 103, "lat": 37.75122, "lon": -122.23527, "elevation_m": 2.4, "time": null, "elevation_f": 7.874015999999999, "step_elevation_m": 0.10000000000000009, "step_elevation_f": 0.3280839999999996, "step_dist_m": 21.289738996796263, "step_dist_f": 69.84822729024906, "step_grade": 0.0046970984479916995, "step_turn": 11.74775962324378, "coast_speed_mps": 0.0, "coast_speed_mph": 0.0}, "geometry": {"type": "Point", "coordinates": [-122.23527, 37.75122]}}, {"id": "104", "type": "Feature", "properties": {"name": "Some South Bay", "step": 104, "lat": 37.75119, "lon": -122.23532, "elevation_m": 2.4, "time": null, "elevation_f": 7.874015999999999, "step_elevation_m": 0.0, "step_elevation_f": 0.0, "step_dist_m": 5.5183658184533835, "step_dist_f": 18.1048753118146, "step_grade": 0.0, "step_turn": 12.494900812934588, "coast_speed_mps": 0.0, "coast_speed_mph": 0.0}, "geometry": {"type": "Point", "coordinates": [-122.23532, 37.75119]}}, {"id": "105", "type": "Feature", "properties": {"name": "Some South Bay", "step": 105, "lat": 37.75098, "lon": -122.23559, "elevation_m": 2.3, "time": null, "elevation_f": 7.545932, "step_elevation_m": -0.10000000000000009, "step_elevation_f": -0.3280839999999996, "step_dist_m": 33.29819564918227, "step_dist_f": 109.24605221366315, "step_grade": -0.0030031657286648163, "step_turn": 7.335883850534998, "coast_speed_mps": 0.0, "coast_speed_mph": 0.0}, "geometry": {"type": "Point", "coordinates": [-122.23559, 37.75098]}}, {"id": "106", "type": "Feature", "properties": {"name": "Some South Bay", "step": 106, "lat": 37.7507, "lon": -122.23588, "elevation_m": 2.2, "time": null, "elevation_f": 7.217848000000001, "step_elevation_m": -0.09999999999999964, "step_elevation_f": -0.3280839999999987, "step_dist_m": 40.24231584617759, "step_dist_f": 132.02859952077327, "step_grade": -0.0024849464524417555, "step_turn": 6.156523495934948, "coast_speed_mps": 0.0, "coast_speed_mph": 0.0}, "geometry": {"type": "Point", "coordinates": [-122.23588, 37.7507]}}, {"id": "107", "type": "Feature", "properties": {"name": "Some South Bay", "step": 107, "lat": 37.7506, "lon": -122.23595, "elevation_m": 2.3, "time": null, "elevation_f": 7.545932, "step_elevation_m": 0.09999999999999964, "step_elevation_f": 0.3280839999999987, "step_dist_m": 12.709038815020005, "step_dist_f": 41.69632290587023, "step_grade": 0.007868415657194783, "step_turn": 10.351216222389496, "coast_speed_mps": 0.0, "coast_speed_mph": 0.0}, "geometry": {"type": "Point", "coordinates": [-122.23595, 37.7506]}}, {"id": "108", "type": "Feature", "properties": {"name": "Some South Bay", "step": 108, "lat": 37.75051, "lon": -122.23597, "elevation_m": 2.3, "time": null, "elevation_f": 7.545932, "step_elevation_m": 0.0, "step_elevation_f": 0.0, "step_dist_m": 10.160851150734596, "step_dist_f": 33.33612688937609, "step_grade": 0.0, "step_turn": 18.997999646889212, "coast_speed_mps": 0.0, "coast_speed_mph": 0.0}, "geometry": {"type": "Point", "coordinates": [-122.23597, 37.75051]}}, {"id": "109", "type": "Feature", "properties": {"name": "Some South Bay", "step": 109, "lat": 37.75, "lon": -122.23601, "elevation_m": 2.1, "time": null, "elevation_f": 6.889764, "step_elevation_m": -0.19999999999999973, "step_elevation_f": -0.6561679999999992, "step_dist_m": 56.818354969353344, "step_dist_f": 186.41193171765323, "step_grade": -0.0035199892729713073, "step_turn": 6.416932040555281, "coast_speed_mps": 0.0, "coast_speed_mph": 0.0}, "geometry": {"type": "Point", "coordinates": [-122.23601, 37.75]}}, {"id": "110", "type": "Feature", "properties": {"name": "Some South Bay", "step": 110, "lat": 37.7494, "lon": -122.23601, "elevation_m": 1.9, "time": null, "elevation_f": 6.2335959999999995, "step_elevation_m": -0.20000000000000018, "step_elevation_f": -0.656168000000001, "step_dist_m": 66.7169559867028, "step_dist_f": 218.887657879414, "step_grade": -0.0029977386863972288, "step_turn": 3.5486457581017987, "coast_speed_mps": 0.0, "coast_speed_mph": 0.0}, "geometry": {"type": "Point", "coordinates": [-122.23601, 37.7494]}}, {"id": "111", "type": "Feature", "properties": {"name": "Some South Bay", "step": 111, "lat": 37.7487, "lon": -122.23583, "elevation_m": 1.6, "time": null, "elevation_f": 5.249344000000001, "step_elevation_m": -0.2999999999999998, "step_elevation_f": -0.9842519999999988, "step_dist_m": 79.42904126933317, "step_dist_f": 260.593975758079, "step_grade": -0.003776956075583744, "step_turn": 11.492929313056266, "coast_speed_mps": 0.0, "coast_speed_mph": 0.0}, "geometry": {"type": "Point", "coordinates": [-122.23583, 37.7487]}}, {"id": "112", "type": "Feature", "properties": {"name": "Some South Bay", "step": 112, "lat": 37.74799, "lon": -122.23565, "elevation_m": 1.4, "time": null, "elevation_f": 4.593176, "step_elevation_m": -0.20000000000000018, "step_elevation_f": -0.656168000000001, "step_dist_m": 80.51902982650721, "step_dist_f": 264.1700538159979, "step_grade": -0.0024838848708303653, "step_turn": 0.15754682251633767, "coast_speed_mps": 0.0, "coast_speed_mph": 0.0}, "geometry": {"type": "Point", "coordinates": [-122.23565, 37.74799]}}, {"id": "113", "type": "Feature", "properties": {"name": "Some South Bay", "step": 113, "lat": 37.74797, "lon": -122.23565, "elevation_m": 1.3, "time": null, "elevation_f": 4.265092, "step_elevation_m": -0.09999999999999987, "step_elevation_f": -0.3280839999999996, "step_dist_m": 2.2238985331966, "step_dist_f": 7.296255263652733, "step_grade": -0.04496608028976093, "step_turn": 11.335382490539928, "coast_speed_mps": 0.0, "coast_speed_mph": 0.0}, "geometry": {"type": "Point", "coordinates": [-122.23565, 37.74797]}}, {"id": "114", "type": "Feature", "properties": {"name": "Some South Bay", "step": 114, "lat": 37.74801, "lon": -122.23549, "elevation_m": 1.3, "time": null, "elevation_f": 4.265092, "step_elevation_m": 0.0, "step_elevation_f": 0.0, "step_dist_m": 14.754076625681657, "step_dist_f": 48.40576475660141, "step_grade": 0.0, "step_turn": 107.54549911753986, "coast_speed_mps": 0.0, "coast_speed_mph": 0.0}, "geometry": {"type": "Point", "coordinates": [-122.23549, 37.74801]}}, {"id": "115", "type": "Feature", "properties": {"name": "Some South Bay", "step": 115, "lat": 37.74805, "lon": -122.23533, "elevation_m": 1.3, "time": null, "elevation_f": 4.265092, "step_elevation_m": 0.0, "step_elevation_f": 0.0, "step_dist_m": 14.754069375662834, "step_dist_f": 48.40574097044965, "step_grade": 0.0, "step_turn": 8.901711737507867e-06, "coast_speed_mps": 0.0, "coast_speed_mph": 0.0}, "geometry": {"type": "Point", "coordinates": [-122.23533, 37.74805]}}, {"id": "116", "type": "Feature", "properties": {"name": "Some South Bay", "step": 116, "lat": 37.74806, "lon": -122.23507, "elevation_m": 1.1, "time": null, "elevation_f": 3.6089240000000005, "step_elevation_m": -0.19999999999999996, "step_elevation_f": -0.6561679999999996, "step_dist_m": 22.887002413570485, "step_dist_f": 75.08859299853859, "step_grade": -0.008738584301516616, "step_turn": 14.760656122082082, "coast_speed_mps": 0.57589591174619, "coast_speed_mph": 1.2882424654308102}, "geometry": {"type": "Point", "coordinates": [-122.23507, 37.74806]}}, {"id": "117", "type": "Feature", "properties": {"name": "Some South Bay", "step": 117, "lat": 37.74804, "lon": -122.23398, "elevation_m": 1.2, "time": null, "elevation_f": 3.9370079999999996, "step_elevation_m": 0.09999999999999987, "step_elevation_f": 0.32808399999999915, "step_dist_m": 95.86185428613788, "step_dist_f": 314.5074060161326, "step_grade": 0.001043167803759669, "step_turn": 4.113841926226655, "coast_speed_mps": 0.0, "coast_speed_mph": 0.0}, "geometry": {"type": "Point", "coordinates": [-122.23398, 37.74804]}}, {"id": "118", "type": "Feature", "properties": {"name": "Some South Bay", "step": 118, "lat": 37.74802, "lon": -122.23336, "elevation_m": 1.3, "time": null, "elevation_f": 4.265092, "step_elevation_m": 0.10000000000000009, "step_elevation_f": 0.3280840000000005, "step_dist_m": 54.557610589304254, "step_dist_f": 178.99479112581298, "step_grade": 0.0018329248462285953, "step_turn": 1.0069802865972406, "coast_speed_mps": 0.0, "coast_speed_mph": 0.0}, "geometry": {"type": "Point", "coordinates": [-122.23336, 37.74802]}}, {"id": "119", "type": "Feature", "properties": {"name": "Some South Bay", "step": 119, "lat": 37.74802, "lon": -122.23336, "elevation_m": 1.3, "time": null, "elevation_f": 4.265092, "step_elevation_m": 0.0, "step_elevation_f": 0.0, "step_dist_m": 0.0, "step_dist_f": 0.0, "step_grade": null, "step_turn": null, "coast_speed_mps": 0.0, "coast_speed_mph": 0.0}, "geometry": {"type": "Point", "coordinates": [-122.23336, 37.74802]}}, {"id": "120", "type": "Feature", "properties": {"name": "Some South Bay", "step": 120, "lat": 37.74799, "lon": -122.23278, "elevation_m": 0.7, "time": null, "elevation_f": 2.296588, "step_elevation_m": -0.6000000000000001, "step_elevation_f": -1.9685040000000003, "step_dist_m": 51.10435319279653, "step_dist_f": 167.66520612905458, "step_grade": -0.011740682789515742, "step_turn": null, "coast_speed_mps": 1.9366622634983772, "coast_speed_mph": 4.332190102671741}, "geometry": {"type": "Point", "coordinates": [-122.23278, 37.74799]}}, {"id": "121", "type": "Feature", "properties": {"name": "Some South Bay", "step": 121, "lat": 37.74796, "lon": -122.2322, "elevation_m": 1.0, "time": null, "elevation_f": 3.28084, "step_elevation_m": 0.30000000000000004, "step_elevation_f": 0.9842520000000001, "step_dist_m": 51.104373821514066, "step_dist_f": 167.66527380857622, "step_grade": 0.0058703390251443645, "step_turn": 1.5116414147087198e-06, "coast_speed_mps": 0.0, "coast_speed_mph": 0.0}, "geometry": {"type": "Point", "coordinates": [-122.2322, 37.74796]}}, {"id": "122", "type": "Feature", "properties": {"name": "Some South Bay", "step": 122, "lat": 37.748, "lon": -122.23158, "elevation_m": 1.3, "time": null, "elevation_f": 4.265092, "step_elevation_m": 0.30000000000000004, "step_elevation_f": 0.9842520000000001, "step_dist_m": 54.69345539198063, "step_dist_f": 179.44047618822572, "step_grade": 0.005485116964176801, "step_turn": 8.407241341514236, "coast_speed_mps": 0.0, "coast_speed_mph": 0.0}, "geometry": {"type": "Point", "coordinates": [-122.23158, 37.748]}}, {"id": "123", "type": "Feature", "properties": {"name": "Some South Bay", "step": 123, "lat": 37.74797, "lon": -122.23122, "elevation_m": 1.7, "time": null, "elevation_f": 5.577427999999999, "step_elevation_m": 0.3999999999999999, "step_elevation_f": 1.3123359999999993, "step_dist_m": 31.82760044434086, "step_dist_f": 104.42126464181126, "step_grade": 0.012567708354247684, "step_turn": 10.680869182470872, "coast_speed_mps": 0.0, "coast_speed_mph": 0.0}, "geometry": {"type": "Point", "coordinates": [-122.23122, 37.74797]}}, {"id": "124", "type": "Feature", "properties": {"name": "Some South Bay", "step": 124, "lat": 37.74798, "lon": -122.23106, "elevation_m": 1.6, "time": null, "elevation_f": 5.249344000000001, "step_elevation_m": -0.09999999999999987, "step_elevation_f": -0.3280839999999987, "step_dist_m": 14.11156935765586, "step_dist_f": 46.29780121137165, "step_grade": -0.007086384048826398, "step_turn": 10.535573654515417, "coast_speed_mps": 0.0, "coast_speed_mph": 0.0}, "geometry": {"type": "Point", "coordinates": [-122.23106, 37.74798]}}, {"id": "125", "type": "Feature", "properties": {"name": "Some South Bay", "step": 125, "lat": 37.74798, "lon": -122.2304, "elevation_m": 0.7, "time": null, "elevation_f": 2.296588, "step_elevation_m": -0.9000000000000001, "step_elevation_f": -2.952756000000001, "step_dist_m": 58.029225631906286, "step_dist_f": 190.38460462218342, "step_grade": -0.015509426331292485, "step_turn": 4.519267302172068, "coast_speed_mps": 2.923992603413352, "coast_speed_mph": 6.540785172273955}, "geometry": {"type": "Point", "coordinates": [-122.2304, 37.74798]}}, {"id": "126", "type": "Feature", "properties": {"name": "Some South Bay", "step": 126, "lat": 37.74799, "lon": -122.22973, "elevation_m": 1.5, "time": null, "elevation_f": 4.92126, "step_elevation_m": 0.8, "step_elevation_f": 2.6246720000000003, "step_dist_m": 58.9189459239623, "step_dist_f": 193.30363454517246, "step_grade": 0.013577975428013225, "step_turn": 1.0813832788771833, "coast_speed_mps": 0.0, "coast_speed_mph": 0.0}, "geometry": {"type": "Point", "coordinates": [-122.22973, 37.74799]}}, {"id": "127", "type": "Feature", "properties": {"name": "Some South Bay", "step": 127, "lat": 37.74798, "lon": -122.22892, "elevation_m": 0.3, "time": null, "elevation_f": 0.9842519999999999, "step_elevation_m": -1.2, "step_elevation_f": -3.9370080000000005, "step_dist_m": 71.22636131040345, "step_dist_f": 233.68229524162405, "step_grade": -0.01684769484110549, "step_turn": 1.9758459011649165, "coast_speed_mps": 3.5162921278982315, "coast_speed_mph": 7.865721474360745}, "geometry": {"type": "Point", "coordinates": [-122.22892, 37.74798]}}, {"id": "128", "type": "Feature", "properties": {"name": "Some South Bay", "step": 128, "lat": 37.74797, "lon": -122.2281, "elevation_m": 1.7, "time": null, "elevation_f": 5.577427999999999, "step_elevation_m": 1.4, "step_elevation_f": 4.593176, "step_dist_m": 72.10549584235322, "step_dist_f": 236.56659497942613, "step_grade": 0.019415995738533844, "step_turn": 0.01091008223221479, "coast_speed_mps": 0.0, "coast_speed_mph": 0.0}, "geometry": {"type": "Point", "coordinates": [-122.2281, 37.74797]}}, {"id": "129", "type": "Feature", "properties": {"name": "Some South Bay", "step": 129, "lat": 37.74797, "lon": -122.22714, "elevation_m": 0.0, "time": null, "elevation_f": 0.0, "step_elevation_m": -1.7, "step_elevation_f": -5.577427999999999, "step_dist_m": 84.40615777871137, "step_dist_f": 276.9230986867074, "step_grade": -0.020140710639345888, "step_turn": 0.8836443682646404, "coast_speed_mps": 1.3820411227435854, "coast_speed_mph": 3.0915379445767357}, "geometry": {"type": "Point", "coordinates": [-122.22714, 37.74797]}}, {"id": "130", "type": "Feature", "properties": {"name": "Some South Bay", "step": 130, "lat": 37.74793, "lon": -122.22699, "elevation_m": 0.8, "time": null, "elevation_f": 2.6246720000000003, "step_elevation_m": 0.8, "step_elevation_f": 2.6246720000000003, "step_dist_m": 13.918280308443007, "step_dist_f": 45.663650767152156, "step_grade": 0.057478365306000465, "step_turn": 18.636875819337433, "coast_speed_mps": 0.0, "coast_speed_mph": 0.0}, "geometry": {"type": "Point", "coordinates": [-122.22699, 37.74793]}}, {"id": "131", "type": "Feature", "properties": {"name": "Some South Bay", "step": 131, "lat": 37.74786, "lon": -122.22691, "elevation_m": 2.1, "time": null, "elevation_f": 6.889764, "step_elevation_m": 1.3, "step_elevation_f": 4.265092, "step_dist_m": 10.490959155099995, "step_dist_f": 34.41915843441827, "step_grade": 0.12391621974507716, "step_turn": 29.26018910190021, "coast_speed_mps": 0.0, "coast_speed_mph": 0.0}, "geometry": {"type": "Point", "coordinates": [-122.22691, 37.74786]}}, {"id": "132", "type": "Feature", "properties": {"name": "Some South Bay", "step": 132, "lat": 37.74779, "lon": -122.22688, "elevation_m": 2.3, "time": null, "elevation_f": 7.545932, "step_elevation_m": 0.19999999999999973, "step_elevation_f": 0.6561679999999992, "step_dist_m": 8.218429047619747, "step_dist_f": 26.96335075659277, "step_grade": 0.024335551093906994, "step_turn": 23.382886197807807, "coast_speed_mps": 0.0, "coast_speed_mph": 0.0}, "geometry": {"type": "Point", "coordinates": [-122.22688, 37.74779]}}, {"id": "133", "type": "Feature", "properties": {"name": "Some South Bay", "step": 133, "lat": 37.7477, "lon": -122.22687, "elevation_m": 2.3, "time": null, "elevation_f": 7.545932, "step_elevation_m": 0.0, "step_elevation_f": 0.0, "step_dist_m": 10.046092592783248, "step_dist_f": 32.95962242210699, "step_grade": 0.0, "step_turn": 13.699392297221948, "coast_speed_mps": 0.0, "coast_speed_mph": 0.0}, "geometry": {"type": "Point", "coordinates": [-122.22687, 37.7477]}}, {"id": "134", "type": "Feature", "properties": {"name": "Some South Bay", "step": 134, "lat": 37.74692, "lon": -122.22698, "elevation_m": 2.4, "time": null, "elevation_f": 7.874015999999999, "step_elevation_m": 0.10000000000000009, "step_elevation_f": 0.3280839999999996, "step_dist_m": 87.26962575041733, "step_dist_f": 286.3176789469992, "step_grade": 0.0011458740557223242, "step_turn": 11.38383893202996, "coast_speed_mps": 0.0, "coast_speed_mph": 0.0}, "geometry": {"type": "Point", "coordinates": [-122.22698, 37.74692]}}, {"id": "135", "type": "Feature", "properties": {"name": "Some South Bay", "step": 135, "lat": 37.74679, "lon": -122.22701, "elevation_m": 2.4, "time": null, "elevation_f": 7.874015999999999, "step_elevation_m": 0.0, "step_elevation_f": 0.0, "step_dist_m": 14.694029364262219, "step_dist_f": 48.20875929944606, "step_grade": 0.0, "step_turn": 3.978368279791482, "coast_speed_mps": 0.0, "coast_speed_mph": 0.0}, "geometry": {"type": "Point", "coordinates": [-122.22701, 37.74679]}}, {"id": "136", "type": "Feature", "properties": {"name": "Some South Bay", "step": 136, "lat": 37.74669, "lon": -122.227, "elevation_m": 2.4, "time": null, "elevation_f": 7.874015999999999, "step_elevation_m": 0.0, "step_elevation_f": 0.0, "step_dist_m": 11.154200536952281, "step_dist_f": 36.59514728965452, "step_grade": 0.0, "step_turn": 14.862369954525775, "coast_speed_mps": 0.0, "coast_speed_mph": 0.0}, "geometry": {"type": "Point", "coordinates": [-122.227, 37.74669]}}, {"id": "137", "type": "Feature", "properties": {"name": "Some South Bay", "step": 137, "lat": 37.7463, "lon": -122.2269, "elevation_m": 2.3, "time": null, "elevation_f": 7.545932, "step_elevation_m": -0.10000000000000009, "step_elevation_f": -0.3280839999999996, "step_dist_m": 44.24838499475388, "step_dist_f": 145.17187142618832, "step_grade": -0.0022599694884198863, "step_turn": 6.940301294749702, "coast_speed_mps": 0.0, "coast_speed_mph": 0.0}, "geometry": {"type": "Point", "coordinates": [-122.2269, 37.7463]}}, {"id": "138", "type": "Feature", "properties": {"name": "Some South Bay", "step": 138, "lat": 37.74592, "lon": -122.22683, "elevation_m": 2.4, "time": null, "elevation_f": 7.874015999999999, "step_elevation_m": 0.10000000000000009, "step_elevation_f": 0.3280839999999996, "step_dist_m": 42.69997434772731, "step_dist_f": 140.09178383899769, "step_grade": 0.002341921781630357, "step_turn": 3.173916723720481, "coast_speed_mps": 0.0, "coast_speed_mph": 0.0}, "geometry": {"type": "Point", "coordinates": [-122.22683, 37.74592]}}, {"id": "139", "type": "Feature", "properties": {"name": "Some South Bay", "step": 139, "lat": 37.74568, "lon": -122.22681, "elevation_m": 2.3, "time": null, "elevation_f": 7.545932, "step_elevation_m": -0.10000000000000009, "step_elevation_f": -0.3280839999999996, "step_dist_m": 26.74465784345376, "step_dist_f": 87.74494323911682, "step_grade": -0.00373906447356091, "step_turn": 4.517463034301613, "coast_speed_mps": 0.0, "coast_speed_mph": 0.0}, "geometry": {"type": "Point", "coordinates": [-122.22681, 37.74568]}}, {"id": "140", "type": "Feature", "properties": {"name": "Some South Bay", "step": 140, "lat": 37.74562, "lon": -122.22684, "elevation_m": 2.3, "time": null, "elevation_f": 7.545932, "step_elevation_m": 0.0, "step_elevation_f": 0.0, "step_dist_m": 7.174216315403656, "step_dist_f": 23.53745585622893, "step_grade": 0.0, "step_turn": 25.34230190127613, "coast_speed_mps": 0.0, "coast_speed_mph": 0.0}, "geometry": {"type": "Point", "coordinates": [-122.22684, 37.74562]}}, {"id": "141", "type": "Feature", "properties": {"name": "Some South Bay", "step": 141, "lat": 37.74557, "lon": -122.22694, "elevation_m": 2.4, "time": null, "elevation_f": 7.874015999999999, "step_elevation_m": 0.10000000000000009, "step_elevation_f": 0.3280839999999996, "step_dist_m": 10.402904538263835, "step_dist_f": 34.13026532531752, "step_grade": 0.009612699956265226, "step_turn": 36.121704365250764, "coast_speed_mps": 0.0, "coast_speed_mph": 0.0}, "geometry": {"type": "Point", "coordinates": [-122.22694, 37.74557]}}, {"id": "142", "type": "Feature", "properties": {"name": "Some South Bay", "step": 142, "lat": 37.74536, "lon": -122.22691, "elevation_m": 2.5, "time": null, "elevation_f": 8.2021, "step_elevation_m": 0.10000000000000009, "step_elevation_f": 0.3280840000000005, "step_dist_m": 23.499447628717288, "step_dist_f": 77.09792775820083, "step_grade": 0.004255419173248821, "step_turn": 64.13893849768101, "coast_speed_mps": 0.0, "coast_speed_mph": 0.0}, "geometry": {"type": "Point", "coordinates": [-122.22691, 37.74536]}}, {"id": "143", "type": "Feature", "properties": {"name": "Some South Bay", "step": 143, "lat": 37.74488, "lon": -122.22691, "elevation_m": 2.9, "time": null, "elevation_f": 9.514436, "step_elevation_m": 0.3999999999999999, "step_elevation_f": 1.3123360000000002, "step_dist_m": 53.37356478893784, "step_dist_f": 175.11012630213884, "step_grade": 0.0074943467160526545, "step_turn": 6.444966945190231, "coast_speed_mps": 0.0, "coast_speed_mph": 0.0}, "geometry": {"type": "Point", "coordinates": [-122.22691, 37.74488]}}, {"id": "144", "type": "Feature", "properties": {"name": "Some South Bay", "step": 144, "lat": 37.74425, "lon": -122.2268, "elevation_m": 3.4, "time": null, "elevation_f": 11.154855999999999, "step_elevation_m": 0.5, "step_elevation_f": 1.6404199999999989, "step_dist_m": 70.7173429271797, "step_dist_f": 232.01228736920825, "step_grade": 0.007070401393825964, "step_turn": 7.860994392511429, "coast_speed_mps": 0.0, "coast_speed_mph": 0.0}, "geometry": {"type": "Point", "coordinates": [-122.2268, 37.74425]}}, {"id": "145", "type": "Feature", "properties": {"name": "Some South Bay", "step": 145, "lat": 37.74343, "lon": -122.22679, "elevation_m": 3.3, "time": null, "elevation_f": 10.826772, "step_elevation_m": -0.10000000000000009, "step_elevation_f": -0.3280839999999987, "step_dist_m": 91.1840793559829, "step_dist_f": 299.16037491428295, "step_grade": -0.0010966826742813273, "step_turn": 7.308484719784701, "coast_speed_mps": 0.0, "coast_speed_mph": 0.0}, "geometry": {"type": "Point", "coordinates": [-122.22679, 37.74343]}}, {"id": "146", "type": "Feature", "properties": {"name": "Some South Bay", "step": 146, "lat": 37.74262, "lon": -122.22678, "elevation_m": 2.6, "time": null, "elevation_f": 8.530184, "step_elevation_m": -0.6999999999999997, "step_elevation_f": -2.296588, "step_dist_m": 90.07218252028355, "step_dist_f": 295.51241929984707, "step_grade": -0.007771544781235485, "step_turn": 0.006826795567803856, "coast_speed_mps": 0.0, "coast_speed_mph": 0.0}, "geometry": {"type": "Point", "coordinates": [-122.22678, 37.74262]}}, {"id": "147", "type": "Feature", "properties": {"name": "Some South Bay", "step": 147, "lat": 37.74181, "lon": -122.22676, "elevation_m": 1.6, "time": null, "elevation_f": 5.249344000000001, "step_elevation_m": -1.0, "step_elevation_f": -3.2808399999999995, "step_dist_m": 90.0850574854876, "step_dist_f": 295.55466000068714, "step_grade": -0.011100620101853148, "step_turn": 0.5592421177782398, "coast_speed_mps": 2.3409932458420006, "coast_speed_mph": 5.236652751078199}, "geometry": {"type": "Point", "coordinates": [-122.22676, 37.74181]}}, {"id": "148", "type": "Feature", "properties": {"name": "Some South Bay", "step": 148, "lat": 37.74099, "lon": -122.22675, "elevation_m": 0.6, "time": null, "elevation_f": 1.9685039999999998, "step_elevation_m": -1.0, "step_elevation_f": -3.280840000000001, "step_dist_m": 91.18407963547352, "step_dist_f": 299.16037583124694, "step_grade": -0.010966826709198565, "step_turn": 0.5660507024495018, "coast_speed_mps": 2.6900823541404226, "coast_speed_mph": 6.017542846591848}, "geometry": {"type": "Point", "coordinates": [-122.22675, 37.74099]}}, {"id": "149", "type": "Feature", "properties": {"name": "Some South Bay", "step": 149, "lat": 37.74018, "lon": -122.22674, "elevation_m": 0.0, "time": null, "elevation_f": 0.0, "step_elevation_m": -0.6, "step_elevation_f": -1.9685039999999998, "step_dist_m": 90.07218280253682, "step_dist_f": 295.5124202258749, "step_grade": -0.006661324077327694, "step_turn": 0.006827021439448799, "coast_speed_mps": 0.48824808563876376, "coast_speed_mph": 1.0921798622914352}, "geometry": {"type": "Point", "coordinates": [-122.22674, 37.74018]}}, {"id": "150", "type": "Feature", "properties": {"name": "Some South Bay", "step": 150, "lat": 37.73929, "lon": -122.22675, "elevation_m": 0.9, "time": null, "elevation_f": 2.952756, "step_elevation_m": 0.9, "step_elevation_f": 2.952756, "step_dist_m": 98.96739122405845, "step_dist_f": 324.69617582353993, "step_grade": 0.009093904455483059, "step_turn": 1.0684396145909432, "coast_speed_mps": 0.0, "coast_speed_mph": 0.0}, "geometry": {"type": "Point", "coordinates": [-122.22675, 37.73929]}}, {"id": "151", "type": "Feature", "properties": {"name": "Some South Bay", "step": 151, "lat": 37.73929, "lon": -122.22675, "elevation_m": 0.9, "time": null, "elevation_f": 2.952756, "step_elevation_m": 0.0, "step_elevation_f": 0.0, "step_dist_m": 0.0, "step_dist_f": 0.0, "step_grade": null, "step_turn": null, "coast_speed_mps": 0.0, "coast_speed_mph": 0.0}, "geometry": {"type": "Point", "coordinates": [-122.22675, 37.73929]}}, {"id": "152", "type": "Feature", "properties": {"name": "Some South Bay", "step": 152, "lat": 37.73852, "lon": -122.22675, "elevation_m": 1.0, "time": null, "elevation_f": 3.28084, "step_elevation_m": 0.09999999999999998, "step_elevation_f": 0.32808400000000004, "step_dist_m": 85.6200935160446, "step_dist_f": 280.9058276111798, "step_grade": 0.001167950137560416, "step_turn": null, "coast_speed_mps": 0.0, "coast_speed_mph": 0.0}, "geometry": {"type": "Point", "coordinates": [-122.22675, 37.73852]}}, {"id": "153", "type": "Feature", "properties": {"name": "Some South Bay", "step": 153, "lat": 37.73774, "lon": -122.22676, "elevation_m": 0.9, "time": null, "elevation_f": 2.952756, "step_elevation_m": -0.09999999999999998, "step_elevation_f": -0.32808400000000004, "step_dist_m": 86.7365003769153, "step_dist_f": 284.5685798965988, "step_grade": -0.001152917163655991, "step_turn": 0.5808862531551142, "coast_speed_mps": 0.0, "coast_speed_mph": 0.0}, "geometry": {"type": "Point", "coordinates": [-122.22676, 37.73774]}}, {"id": "154", "type": "Feature", "properties": {"name": "Some South Bay", "step": 154, "lat": 37.73697, "lon": -122.22676, "elevation_m": 0.9, "time": null, "elevation_f": 2.952756, "step_elevation_m": 0.0, "step_elevation_f": 0.0, "step_dist_m": 85.62009351675192, "step_dist_f": 280.9058276135004, "step_grade": 0.0, "step_turn": 0.5808862531551142, "coast_speed_mps": 0.0, "coast_speed_mph": 0.0}, "geometry": {"type": "Point", "coordinates": [-122.22676, 37.73697]}}, {"id": "155", "type": "Feature", "properties": {"name": "Some South Bay", "step": 155, "lat": 37.7362, "lon": -122.22677, "elevation_m": 1.0, "time": null, "elevation_f": 3.28084, "step_elevation_m": 0.09999999999999998, "step_elevation_f": 0.32808400000000004, "step_dist_m": 85.62460918661003, "step_dist_f": 280.92064280379765, "step_grade": 0.0011678885422070687, "step_turn": 0.5884419443800084, "coast_speed_mps": 0.0, "coast_speed_mph": 0.0}, "geometry": {"type": "Point", "coordinates": [-122.22677, 37.7362]}}, {"id": "156", "type": "Feature", "properties": {"name": "Some South Bay", "step": 156, "lat": 37.73542, "lon": -122.22677, "elevation_m": 1.0, "time": null, "elevation_f": 3.28084, "step_elevation_m": 0.0, "step_elevation_f": 0.0, "step_dist_m": 86.7320427826429, "step_dist_f": 284.55395524300616, "step_grade": 0.0, "step_turn": 0.5884419443800084, "coast_speed_mps": 0.0, "coast_speed_mph": 0.0}, "geometry": {"type": "Point", "coordinates": [-122.22677, 37.73542]}}, {"id": "157", "type": "Feature", "properties": {"name": "Some South Bay", "step": 157, "lat": 37.73465, "lon": -122.22678, "elevation_m": 0.7, "time": null, "elevation_f": 2.296588, "step_elevation_m": -0.30000000000000004, "step_elevation_f": -0.9842520000000001, "step_dist_m": 85.62460937566301, "step_dist_f": 280.92064342405024, "step_grade": -0.0035036656188853657, "step_turn": 0.5884542613884776, "coast_speed_mps": 0.0, "coast_speed_mph": 0.0}, "geometry": {"type": "Point", "coordinates": [-122.22678, 37.73465]}}, {"id": "158", "type": "Feature", "properties": {"name": "Some South Bay", "step": 158, "lat": 37.73413, "lon": -122.22681, "elevation_m": 0.4, "time": null, "elevation_f": 1.3123360000000002, "step_elevation_m": -0.29999999999999993, "step_elevation_f": -0.9842519999999997, "step_dist_m": 57.88151571478215, "step_dist_f": 189.89999201768586, "step_grade": -0.005183001797642698, "step_turn": 2.023939129182878, "coast_speed_mps": 0.0, "coast_speed_mph": 0.0}, "geometry": {"type": "Point", "coordinates": [-122.22681, 37.73413]}}, {"id": "159", "type": "Feature", "properties": {"name": "Some South Bay", "step": 159, "lat": 37.73384, "lon": -122.22688, "elevation_m": 0.9, "time": null, "elevation_f": 2.952756, "step_elevation_m": 0.5, "step_elevation_f": 1.6404199999999998, "step_dist_m": 32.82883221637789, "step_dist_f": 107.70614588878124, "step_grade": 0.015230514344965225, "step_turn": 8.195212806870103, "coast_speed_mps": 0.0, "coast_speed_mph": 0.0}, "geometry": {"type": "Point", "coordinates": [-122.22688, 37.73384]}}, {"id": "160", "type": "Feature", "properties": {"name": "Some South Bay", "step": 160, "lat": 37.73356, "lon": -122.227, "elevation_m": 0.9, "time": null, "elevation_f": 2.952756, "step_elevation_m": 0.0, "step_elevation_f": 0.0, "step_dist_m": 32.87436246958862, "step_dist_f": 107.85552336472512, "step_grade": 0.0, "step_turn": 7.91608765835349, "coast_speed_mps": 0.0, "coast_speed_mph": 0.0}, "geometry": {"type": "Point", "coordinates": [-122.227, 37.73356]}}, {"id": "161", "type": "Feature", "properties": {"name": "Some South Bay", "step": 161, "lat": 37.73285, "lon": -122.22739, "elevation_m": 1.0, "time": null, "elevation_f": 3.28084, "step_elevation_m": 0.09999999999999998, "step_elevation_f": 0.32808400000000004, "step_dist_m": 86.07626209629157, "step_dist_f": 282.4024437359972, "step_grade": 0.0011617604850002923, "step_turn": 4.757564046973073, "coast_speed_mps": 0.0, "coast_speed_mph": 0.0}, "geometry": {"type": "Point", "coordinates": [-122.22739, 37.73285]}}, {"id": "162", "type": "Feature", "properties": {"name": "Some South Bay", "step": 162, "lat": 37.73214, "lon": -122.22778, "elevation_m": 0.9, "time": null, "elevation_f": 2.952756, "step_elevation_m": -0.09999999999999998, "step_elevation_f": -0.32808400000000004, "step_dist_m": 86.07639313398063, "step_dist_f": 282.402873649689, "step_grade": -0.0011617587164037741, "step_turn": 0.0002007799366481322, "coast_speed_mps": 0.0, "coast_speed_mph": 0.0}, "geometry": {"type": "Point", "coordinates": [-122.22778, 37.73214]}}, {"id": "163", "type": "Feature", "properties": {"name": "Some South Bay", "step": 163, "lat": 37.73143, "lon": -122.22816, "elevation_m": 1.0, "time": null, "elevation_f": 3.28084, "step_elevation_m": 0.09999999999999998, "step_elevation_f": 0.32808400000000004, "step_dist_m": 85.72990944537342, "step_dist_f": 281.26611610475896, "step_grade": 0.0011664540490821278, "step_turn": 0.5388821713758318, "coast_speed_mps": 0.0, "coast_speed_mph": 0.0}, "geometry": {"type": "Point", "coordinates": [-122.22816, 37.73143]}}, {"id": "164", "type": "Feature", "properties": {"name": "Some South Bay", "step": 164, "lat": 37.73072, "lon": -122.22855, "elevation_m": 1.0, "time": null, "elevation_f": 3.28084, "step_elevation_m": 0.0, "step_elevation_f": 0.0, "step_dist_m": 86.07665520615448, "step_dist_f": 282.40373346655986, "step_grade": 0.0, "step_turn": 0.5392837152955678, "coast_speed_mps": 0.0, "coast_speed_mph": 0.0}, "geometry": {"type": "Point", "coordinates": [-122.22855, 37.73072]}}, {"id": "165", "type": "Feature", "properties": {"name": "Some South Bay", "step": 165, "lat": 37.73002, "lon": -122.22894, "elevation_m": 1.1, "time": null, "elevation_f": 3.6089240000000005, "step_elevation_m": 0.10000000000000009, "step_elevation_f": 0.3280840000000005, "step_dist_m": 85.05807530889112, "step_dist_f": 279.06193579642235, "step_grade": 0.001175667326551264, "step_turn": 0.2986542700230075, "coast_speed_mps": 0.0, "coast_speed_mph": 0.0}, "geometry": {"type": "Point", "coordinates": [-122.22894, 37.73002]}}, {"id": "166", "type": "Feature", "properties": {"name": "Some South Bay", "step": 166, "lat": 37.72931, "lon": -122.22932, "elevation_m": 1.3, "time": null, "elevation_f": 4.265092, "step_elevation_m": 0.19999999999999996, "step_elevation_f": 0.6561679999999996, "step_dist_m": 85.73028239893021, "step_dist_f": 281.2673397057062, "step_grade": 0.0023328979492839704, "step_turn": 0.8373491488299862, "coast_speed_mps": 0.0, "coast_speed_mph": 0.0}, "geometry": {"type": "Point", "coordinates": [-122.22932, 37.72931]}}, {"id": "167", "type": "Feature", "properties": {"name": "Some South Bay", "step": 167, "lat": 37.72928, "lon": -122.22935, "elevation_m": 1.2, "time": null, "elevation_f": 3.9370079999999996, "step_elevation_m": -0.10000000000000009, "step_elevation_f": -0.3280840000000005, "step_dist_m": 4.253094523694585, "step_dist_f": 13.953722637118144, "step_grade": -0.023512291918951267, "step_turn": 15.397695362948326, "coast_speed_mps": 0.0, "coast_speed_mph": 0.0}, "geometry": {"type": "Point", "coordinates": [-122.22935, 37.72928]}}, {"id": "168", "type": "Feature", "properties": {"name": "Some South Bay", "step": 168, "lat": 37.72884, "lon": -122.22953, "elevation_m": 1.1, "time": null, "elevation_f": 3.6089240000000005, "step_elevation_m": -0.09999999999999987, "step_elevation_f": -0.32808399999999915, "step_dist_m": 51.42300951484581, "step_dist_f": 168.71066653668672, "step_grade": -0.0019446547555939894, "step_turn": 20.411536490880138, "coast_speed_mps": 0.0, "coast_speed_mph": 0.0}, "geometry": {"type": "Point", "coordinates": [-122.22953, 37.72884]}}, {"id": "169", "type": "Feature", "properties": {"name": "Some South Bay", "step": 169, "lat": 37.72845, "lon": -122.22963, "elevation_m": 1.0, "time": null, "elevation_f": 3.28084, "step_elevation_m": -0.10000000000000009, "step_elevation_f": -0.3280840000000005, "step_dist_m": 44.24880634974152, "step_dist_f": 145.17325382448598, "step_grade": -0.0022599479680785613, "step_turn": 6.465219107337276, "coast_speed_mps": 0.0, "coast_speed_mph": 0.0}, "geometry": {"type": "Point", "coordinates": [-122.22963, 37.72845]}}, {"id": "170", "type": "Feature", "properties": {"name": "Some South Bay", "step": 170, "lat": 37.72796, "lon": -122.22966, "elevation_m": 1.3, "time": null, "elevation_f": 4.265092, "step_elevation_m": 0.30000000000000004, "step_elevation_f": 0.9842520000000001, "step_dist_m": 54.54935727679897, "step_dist_f": 178.96771332801313, "step_grade": 0.005499606502744196, "step_turn": 8.691780942175399, "coast_speed_mps": 0.0, "coast_speed_mph": 0.0}, "geometry": {"type": "Point", "coordinates": [-122.22966, 37.72796]}}, {"id": "171", "type": "Feature", "properties": {"name": "Some South Bay", "step": 171, "lat": 37.72773, "lon": -122.22963, "elevation_m": 1.5, "time": null, "elevation_f": 4.92126, "step_elevation_m": 0.19999999999999996, "step_elevation_f": 0.6561680000000001, "step_dist_m": 25.710567762432643, "step_dist_f": 84.3522591376995, "step_grade": 0.0077789025060828396, "step_turn": 8.662375253297455, "coast_speed_mps": 0.0, "coast_speed_mph": 0.0}, "geometry": {"type": "Point", "coordinates": [-122.22963, 37.72773]}}, {"id": "172", "type": "Feature", "properties": {"name": "Some South Bay", "step": 172, "lat": 37.72765, "lon": -122.22963, "elevation_m": 1.6, "time": null, "elevation_f": 5.249344000000001, "step_elevation_m": 0.10000000000000009, "step_elevation_f": 0.3280840000000005, "step_dist_m": 8.895594132079076, "step_dist_f": 29.185021052290313, "step_grade": 0.011241520073334114, "step_turn": 5.890051082924515, "coast_speed_mps": 0.0, "coast_speed_mph": 0.0}, "geometry": {"type": "Point", "coordinates": [-122.22963, 37.72765]}}, {"id": "173", "type": "Feature", "properties": {"name": "Some South Bay", "step": 173, "lat": 37.72729, "lon": -122.22952, "elevation_m": 1.8, "time": null, "elevation_f": 5.905512, "step_elevation_m": 0.19999999999999996, "step_elevation_f": 0.6561679999999992, "step_dist_m": 41.182584675954885, "step_dist_f": 135.11347110825983, "step_grade": 0.004856421751419919, "step_turn": 13.586374860878891, "coast_speed_mps": 0.0, "coast_speed_mph": 0.0}, "geometry": {"type": "Point", "coordinates": [-122.22952, 37.72729]}}, {"id": "174", "type": "Feature", "properties": {"name": "Some South Bay", "step": 174, "lat": 37.72732, "lon": -122.22925, "elevation_m": 1.8, "time": null, "elevation_f": 5.905512, "step_elevation_m": 0.0, "step_elevation_f": 0.0, "step_dist_m": 23.979026572353472, "step_dist_f": 78.67134953964016, "step_grade": 0.0, "step_turn": 84.41035941760515, "coast_speed_mps": 0.0, "coast_speed_mph": 0.0}, "geometry": {"type": "Point", "coordinates": [-122.22925, 37.72732]}}, {"id": "175", "type": "Feature", "properties": {"name": "Some South Bay", "step": 175, "lat": 37.72735, "lon": -122.22914, "elevation_m": 1.9, "time": null, "elevation_f": 6.2335959999999995, "step_elevation_m": 0.09999999999999987, "step_elevation_f": 0.3280839999999996, "step_dist_m": 10.23321574858418, "step_dist_f": 33.57354355658492, "step_grade": 0.009772099255684646, "step_turn": 11.028400846937586, "coast_speed_mps": 0.0, "coast_speed_mph": 0.0}, "geometry": {"type": "Point", "coordinates": [-122.22914, 37.72735]}}, {"id": "176", "type": "Feature", "properties": {"name": "Some South Bay", "step": 176, "lat": 37.72734, "lon": -122.22857, "elevation_m": 2.2, "time": null, "elevation_f": 7.217848000000001, "step_elevation_m": 0.30000000000000027, "step_elevation_f": 0.9842520000000015, "step_dist_m": 50.14245107957716, "step_dist_f": 164.5093591999199, "step_grade": 0.005982954433637354, "step_turn": 20.295644984029366, "coast_speed_mps": 0.0, "coast_speed_mph": 0.0}, "geometry": {"type": "Point", "coordinates": [-122.22857, 37.72734]}}, {"id": "177", "type": "Feature", "properties": {"name": "Some South Bay", "step": 177, "lat": 37.72733, "lon": -122.22845, "elevation_m": 2.3, "time": null, "elevation_f": 7.545932, "step_elevation_m": 0.09999999999999964, "step_elevation_f": 0.3280839999999987, "step_dist_m": 10.612127334361867, "step_dist_f": 34.81669184366779, "step_grade": 0.009423181314099157, "step_turn": 4.744002350463802, "coast_speed_mps": 0.0, "coast_speed_mph": 0.0}, "geometry": {"type": "Point", "coordinates": [-122.22845, 37.72733]}}, {"id": "178", "type": "Feature", "properties": {"name": "Some South Bay", "step": 178, "lat": 37.72728, "lon": -122.22829, "elevation_m": 2.3, "time": null, "elevation_f": 7.545932, "step_elevation_m": 0.0, "step_elevation_f": 0.0, "step_dist_m": 15.130144685155887, "step_dist_f": 49.63958388884684, "step_grade": 0.0, "step_turn": 15.544587922750111, "coast_speed_mps": 0.0, "coast_speed_mph": 0.0}, "geometry": {"type": "Point", "coordinates": [-122.22829, 37.72728]}}, {"id": "179", "type": "Feature", "properties": {"name": "Some South Bay", "step": 179, "lat": 37.7272, "lon": -122.22804, "elevation_m": 2.3, "time": null, "elevation_f": 7.545932, "step_elevation_m": 0.0, "step_elevation_f": 0.0, "step_dist_m": 23.718273825260763, "step_dist_f": 77.81586149686852, "step_grade": 0.0, "step_turn": 0.46837126888362945, "coast_speed_mps": 0.0, "coast_speed_mph": 0.0}, "geometry": {"type": "Point", "coordinates": [-122.22804, 37.7272]}}, {"id": "180", "type": "Feature", "properties": {"name": "Some South Bay", "step": 180, "lat": 37.72712, "lon": -122.22784, "elevation_m": 2.3, "time": null, "elevation_f": 7.545932, "step_elevation_m": 0.0, "step_elevation_f": 0.0, "step_dist_m": 19.71101750211343, "step_dist_f": 64.66869466163384, "step_grade": 0.0, "step_turn": 4.799627516667215, "coast_speed_mps": 0.0, "coast_speed_mph": 0.0}, "geometry": {"type": "Point", "coordinates": [-122.22784, 37.72712]}}, {"id": "181", "type": "Feature", "properties": {"name": "Some South Bay", "step": 181, "lat": 37.72704, "lon": -122.22769, "elevation_m": 2.3, "time": null, "elevation_f": 7.545932, "step_elevation_m": 0.0, "step_elevation_f": 0.0, "step_dist_m": 15.911169582981943, "step_dist_f": 52.202001614630476, "step_grade": 0.0, "step_turn": 7.1649546752836955, "coast_speed_mps": 0.0, "coast_speed_mph": 0.0}, "geometry": {"type": "Point", "coordinates": [-122.22769, 37.72704]}}, {"id": "182", "type": "Feature", "properties": {"name": "Some South Bay", "step": 182, "lat": 37.72656, "lon": -122.22693, "elevation_m": 2.0, "time": null, "elevation_f": 6.56168, "step_elevation_m": -0.2999999999999998, "step_elevation_f": -0.9842519999999997, "step_dist_m": 85.53601714073119, "step_dist_f": 280.62998647599653, "step_grade": -0.003507294471128041, "step_turn": 4.61576160578619, "coast_speed_mps": 0.0, "coast_speed_mph": 0.0}, "geometry": {"type": "Point", "coordinates": [-122.22693, 37.72656]}}, {"id": "183", "type": "Feature", "properties": {"name": "Some South Bay", "step": 183, "lat": 37.72607, "lon": -122.22617, "elevation_m": 1.1, "time": null, "elevation_f": 3.6089240000000005, "step_elevation_m": -0.8999999999999999, "step_elevation_f": -2.9527559999999995, "step_dist_m": 86.23457871783943, "step_dist_f": 282.9218552406363, "step_grade": -0.010436648655115609, "step_turn": 0.577149900578263, "coast_speed_mps": 2.030423730271079, "coast_speed_mph": 4.54192853049185}, "geometry": {"type": "Point", "coordinates": [-122.22617, 37.72607]}}, {"id": "184", "type": "Feature", "properties": {"name": "Some South Bay", "step": 184, "lat": 37.72581, "lon": -122.2257, "elevation_m": 1.1, "time": null, "elevation_f": 3.6089240000000005, "step_elevation_m": 0.0, "step_elevation_f": 0.0, "step_dist_m": 50.44308165354687, "step_dist_f": 165.49568001222272, "step_grade": 0.0, "step_turn": 4.215999780611924, "coast_speed_mps": 0.0, "coast_speed_mph": 0.0}, "geometry": {"type": "Point", "coordinates": [-122.2257, 37.72581]}}, {"id": "185", "type": "Feature", "properties": {"name": "Some South Bay", "step": 185, "lat": 37.72556, "lon": -122.22516, "elevation_m": 1.0, "time": null, "elevation_f": 3.28084, "step_elevation_m": -0.10000000000000009, "step_elevation_f": -0.3280840000000005, "step_dist_m": 55.030277978818205, "step_dist_f": 180.54553720402592, "step_grade": -0.0018171814439769186, "step_turn": 4.627595038678635, "coast_speed_mps": 0.0, "coast_speed_mph": 0.0}, "geometry": {"type": "Point", "coordinates": [-122.22516, 37.72556]}}, {"id": "186", "type": "Feature", "properties": {"name": "Some South Bay", "step": 186, "lat": 37.72556, "lon": -122.22516, "elevation_m": 1.0, "time": null, "elevation_f": 3.28084, "step_elevation_m": 0.0, "step_elevation_f": 0.0, "step_dist_m": 0.0, "step_dist_f": 0.0, "step_grade": null, "step_turn": null, "coast_speed_mps": 0.0, "coast_speed_mph": 0.0}, "geometry": {"type": "Point", "coordinates": [-122.22516, 37.72556]}}, {"id": "187", "type": "Feature", "properties": {"name": "Some South Bay", "step": 187, "lat": 37.72547, "lon": -122.22493, "elevation_m": 1.0, "time": null, "elevation_f": 3.28084, "step_elevation_m": 0.0, "step_elevation_f": 0.0, "step_dist_m": 22.568580735338852, "step_dist_f": 74.04390241972912, "step_grade": 0.0, "step_turn": null, "coast_speed_mps": 0.0, "coast_speed_mph": 0.0}, "geometry": {"type": "Point", "coordinates": [-122.22493, 37.72547]}}, {"id": "188", "type": "Feature", "properties": {"name": "Some South Bay", "step": 188, "lat": 37.72528, "lon": -122.22442, "elevation_m": 1.0, "time": null, "elevation_f": 3.28084, "step_elevation_m": 0.0, "step_elevation_f": 0.0, "step_dist_m": 49.58098543912042, "step_dist_f": 162.66728026808383, "step_grade": 0.0, "step_turn": 1.1018517462530895, "coast_speed_mps": 0.0, "coast_speed_mph": 0.0}, "geometry": {"type": "Point", "coordinates": [-122.22442, 37.72528]}}, {"id": "189", "type": "Feature", "properties": {"name": "Some South Bay", "step": 189, "lat": 37.72496, "lon": -122.22341, "elevation_m": 1.0, "time": null, "elevation_f": 3.28084, "step_elevation_m": 0.0, "step_elevation_f": 0.0, "step_dist_m": 95.69130257812695, "step_dist_f": 313.947853150422, "step_grade": 0.0, "step_turn": 3.391724458480894, "coast_speed_mps": 0.0, "coast_speed_mph": 0.0}, "geometry": {"type": "Point", "coordinates": [-122.22341, 37.72496]}}, {"id": "190", "type": "Feature", "properties": {"name": "Some South Bay", "step": 190, "lat": 37.72464, "lon": -122.2224, "elevation_m": 1.0, "time": null, "elevation_f": 3.28084, "step_elevation_m": 0.0, "step_elevation_f": 0.0, "step_dist_m": 95.69165884874849, "step_dist_f": 313.949022017328, "step_grade": 0.0, "step_turn": 8.54459847232647e-05, "coast_speed_mps": 0.0, "coast_speed_mph": 0.0}, "geometry": {"type": "Point", "coordinates": [-122.2224, 37.72464]}}, {"id": "191", "type": "Feature", "properties": {"name": "Some South Bay", "step": 191, "lat": 37.72432, "lon": -122.22139, "elevation_m": 1.0, "time": null, "elevation_f": 3.28084, "step_elevation_m": 0.0, "step_elevation_f": 0.0, "step_dist_m": 95.69201511727368, "step_dist_f": 313.9501908773562, "step_grade": 0.0, "step_turn": 8.544512479602417e-05, "coast_speed_mps": 0.0, "coast_speed_mph": 0.0}, "geometry": {"type": "Point", "coordinates": [-122.22139, 37.72432]}}, {"id": "192", "type": "Feature", "properties": {"name": "Some South Bay", "step": 192, "lat": 37.724, "lon": -122.22038, "elevation_m": 1.0, "time": null, "elevation_f": 3.28084, "step_elevation_m": 0.0, "step_elevation_f": 0.0, "step_dist_m": 95.6923713829135, "step_dist_f": 313.951359727918, "step_grade": 0.0, "step_turn": 8.544387162601197e-05, "coast_speed_mps": 0.0, "coast_speed_mph": 0.0}, "geometry": {"type": "Point", "coordinates": [-122.22038, 37.724]}}, {"id": "193", "type": "Feature", "properties": {"name": "Some South Bay", "step": 193, "lat": 37.72368, "lon": -122.21937, "elevation_m": 1.0, "time": null, "elevation_f": 3.28084, "step_elevation_m": 0.0, "step_elevation_f": 0.0, "step_dist_m": 95.69272764619392, "step_dist_f": 313.9525285707388, "step_grade": 0.0, "step_turn": 8.544379795694113e-05, "coast_speed_mps": 0.0, "coast_speed_mph": 0.0}, "geometry": {"type": "Point", "coordinates": [-122.21937, 37.72368]}}, {"id": "194", "type": "Feature", "properties": {"name": "Some South Bay", "step": 194, "lat": 37.72336, "lon": -122.21836, "elevation_m": 1.1, "time": null, "elevation_f": 3.6089240000000005, "step_elevation_m": 0.10000000000000009, "step_elevation_f": 0.3280840000000005, "step_dist_m": 95.69308390790397, "step_dist_f": 313.95369740840766, "step_grade": 0.0010450076005099924, "step_turn": 8.544038257696229e-05, "coast_speed_mps": 0.0, "coast_speed_mph": 0.0}, "geometry": {"type": "Point", "coordinates": [-122.21836, 37.72336]}}, {"id": "195", "type": "Feature", "properties": {"name": "Some South Bay", "step": 195, "lat": 37.72325, "lon": -122.21814, "elevation_m": 1.1, "time": null, "elevation_f": 3.6089240000000005, "step_elevation_m": 0.0, "step_elevation_f": 0.0, "step_dist_m": 22.89131297999021, "step_dist_f": 75.10273527727108, "step_grade": 0.0, "step_turn": 10.469460081880698, "coast_speed_mps": 0.0, "coast_speed_mph": 0.0}, "geometry": {"type": "Point", "coordinates": [-122.21814, 37.72325]}}, {"id": "196", "type": "Feature", "properties": {"name": "Some South Bay", "step": 196, "lat": 37.72301, "lon": -122.21739, "elevation_m": 1.3, "time": null, "elevation_f": 4.265092, "step_elevation_m": 0.19999999999999996, "step_elevation_f": 0.6561679999999996, "step_dist_m": 71.1582146845119, "step_dist_f": 233.45871706553405, "step_grade": 0.002810638250084307, "step_turn": 10.27198756026604, "coast_speed_mps": 0.0, "coast_speed_mph": 0.0}, "geometry": {"type": "Point", "coordinates": [-122.21739, 37.72301]}}, {"id": "197", "type": "Feature", "properties": {"name": "Some South Bay", "step": 197, "lat": 37.72296, "lon": -122.21722, "elevation_m": 1.4, "time": null, "elevation_f": 4.593176, "step_elevation_m": 0.09999999999999987, "step_elevation_f": 0.3280839999999996, "step_dist_m": 15.952183140736892, "step_dist_f": 52.33656053545523, "step_grade": 0.006268734449558262, "step_turn": 1.6290961761916947, "coast_speed_mps": 0.0, "coast_speed_mph": 0.0}, "geometry": {"type": "Point", "coordinates": [-122.21722, 37.72296]}}, {"id": "198", "type": "Feature", "properties": {"name": "Some South Bay", "step": 198, "lat": 37.72272, "lon": -122.21645, "elevation_m": 1.4, "time": null, "elevation_f": 4.593176, "step_elevation_m": 0.0, "step_elevation_f": 0.0, "step_dist_m": 72.79211089914072, "step_dist_f": 238.81926912233686, "step_grade": 0.0, "step_turn": 1.1097408214508278, "coast_speed_mps": 0.0, "coast_speed_mph": 0.0}, "geometry": {"type": "Point", "coordinates": [-122.21645, 37.72272]}}, {"id": "199", "type": "Feature", "properties": {"name": "Some South Bay", "step": 199, "lat": 37.72248, "lon": -122.21569, "elevation_m": 1.4, "time": null, "elevation_f": 4.593176, "step_elevation_m": 0.0, "step_elevation_f": 0.0, "step_dist_m": 71.97474475291844, "step_dist_f": 236.13762157516493, "step_grade": 0.0, "step_turn": 0.25662820325703706, "coast_speed_mps": 0.0, "coast_speed_mph": 0.0}, "geometry": {"type": "Point", "coordinates": [-122.21569, 37.72248]}}, {"id": "200", "type": "Feature", "properties": {"name": "Some South Bay", "step": 200, "lat": 37.72223, "lon": -122.21493, "elevation_m": 1.3, "time": null, "elevation_f": 4.265092, "step_elevation_m": -0.09999999999999987, "step_elevation_f": -0.3280839999999996, "step_dist_m": 72.39460316347946, "step_dist_f": 237.51510984286995, "step_grade": -0.0013813184357704493, "step_turn": 0.8172724105864404, "coast_speed_mps": 0.0, "coast_speed_mph": 0.0}, "geometry": {"type": "Point", "coordinates": [-122.21493, 37.72223]}}, {"id": "201", "type": "Feature", "properties": {"name": "Some South Bay", "step": 201, "lat": 37.72208, "lon": -122.21435, "elevation_m": 1.2, "time": null, "elevation_f": 3.9370079999999996, "step_elevation_m": -0.10000000000000009, "step_elevation_f": -0.3280840000000005, "step_dist_m": 53.670667931198665, "step_dist_f": 176.08487417539382, "step_grade": -0.0018632151201880285, "step_turn": 4.47528915632023, "coast_speed_mps": 0.0, "coast_speed_mph": 0.0}, "geometry": {"type": "Point", "coordinates": [-122.21435, 37.72208]}}, {"id": "202", "type": "Feature", "properties": {"name": "Some South Bay", "step": 202, "lat": 37.72202, "lon": -122.21405, "elevation_m": 1.2, "time": null, "elevation_f": 3.9370079999999996, "step_elevation_m": 0.0, "step_elevation_f": 0.0, "step_dist_m": 27.21655692078389, "step_dist_f": 89.29316860798463, "step_grade": 0.0, "step_turn": 3.915825162483202, "coast_speed_mps": 0.0, "coast_speed_mph": 0.0}, "geometry": {"type": "Point", "coordinates": [-122.21405, 37.72202]}}, {"id": "203", "type": "Feature", "properties": {"name": "Some South Bay", "step": 203, "lat": 37.72183, "lon": -122.21316, "elevation_m": 1.3, "time": null, "elevation_f": 4.265092, "step_elevation_m": 0.10000000000000009, "step_elevation_f": 0.3280840000000005, "step_dist_m": 81.07999178235342, "step_dist_f": 266.0104802392164, "step_grade": 0.0012333499029999224, "step_turn": 0.913986893495121, "coast_speed_mps": 0.0, "coast_speed_mph": 0.0}, "geometry": {"type": "Point", "coordinates": [-122.21316, 37.72183]}}, {"id": "204", "type": "Feature", "properties": {"name": "Some South Bay", "step": 204, "lat": 37.72165, "lon": -122.21227, "elevation_m": 1.3, "time": null, "elevation_f": 4.265092, "step_elevation_m": 0.0, "step_elevation_f": 0.0, "step_dist_m": 80.79757250121985, "step_dist_f": 265.0839077649021, "step_grade": 0.0, "step_turn": 0.7613330150510365, "coast_speed_mps": 0.0, "coast_speed_mph": 0.0}, "geometry": {"type": "Point", "coordinates": [-122.21227, 37.72165]}}, {"id": "205", "type": "Feature", "properties": {"name": "Some South Bay", "step": 205, "lat": 37.72147, "lon": -122.21138, "elevation_m": 1.6, "time": null, "elevation_f": 5.249344000000001, "step_elevation_m": 0.30000000000000004, "step_elevation_f": 0.9842520000000006, "step_dist_m": 80.79775678882824, "step_dist_f": 265.08451238305923, "step_grade": 0.0037129743686334683, "step_turn": 3.3412468155802344e-05, "coast_speed_mps": 0.0, "coast_speed_mph": 0.0}, "geometry": {"type": "Point", "coordinates": [-122.21138, 37.72147]}}, {"id": "206", "type": "Feature", "properties": {"name": "Some South Bay", "step": 206, "lat": 37.72133, "lon": -122.2108, "elevation_m": 1.9, "time": null, "elevation_f": 6.2335959999999995, "step_elevation_m": 0.2999999999999998, "step_elevation_f": 0.9842519999999988, "step_dist_m": 53.336077299060264, "step_dist_f": 174.98713584584888, "step_grade": 0.005624710612253548, "step_turn": 2.6276013118256287, "coast_speed_mps": 0.0, "coast_speed_mph": 0.0}, "geometry": {"type": "Point", "coordinates": [-122.2108, 37.72133]}}, {"id": "207", "type": "Feature", "properties": {"name": "Some South Bay", "step": 207, "lat": 37.72116, "lon": -122.21013, "elevation_m": 2.3, "time": null, "elevation_f": 7.545932, "step_elevation_m": 0.3999999999999999, "step_elevation_f": 1.3123360000000002, "step_dist_m": 61.88733196573611, "step_dist_f": 203.04243420646566, "step_grade": 0.006463358288275534, "step_turn": 0.8148299233623675, "coast_speed_mps": 0.0, "coast_speed_mph": 0.0}, "geometry": {"type": "Point", "coordinates": [-122.21013, 37.72116]}}, {"id": "208", "type": "Feature", "properties": {"name": "Some South Bay", "step": 208, "lat": 37.72101, "lon": -122.20967, "elevation_m": 1.2, "time": null, "elevation_f": 3.9370079999999996, "step_elevation_m": -1.0999999999999999, "step_elevation_f": -3.608924, "step_dist_m": 43.76245486362338, "step_dist_f": 143.57761241477013, "step_grade": -0.025135701446089388, "step_turn": 4.61893590606536, "coast_speed_mps": 3.8357587364960364, "coast_speed_mph": 8.580347925232713}, "geometry": {"type": "Point", "coordinates": [-122.20967, 37.72101]}}, {"id": "209", "type": "Feature", "properties": {"name": "Some South Bay", "step": 209, "lat": 37.72082, "lon": -122.2092, "elevation_m": 1.1, "time": null, "elevation_f": 3.6089240000000005, "step_elevation_m": -0.09999999999999987, "step_elevation_f": -0.32808399999999915, "step_dist_m": 46.4247834965585, "step_dist_f": 152.31228668684898, "step_grade": -0.0021540218923673158, "step_turn": 4.666369494421701, "coast_speed_mps": 2.1292652069205804, "coast_speed_mph": 4.763030616769368}, "geometry": {"type": "Point", "coordinates": [-122.2092, 37.72082]}}, {"id": "210", "type": "Feature", "properties": {"name": "Some South Bay", "step": 210, "lat": 37.72065, "lon": -122.20882, "elevation_m": 1.1, "time": null, "elevation_f": 3.6089240000000005, "step_elevation_m": 0.0, "step_elevation_f": 0.0, "step_dist_m": 38.398303875753484, "step_dist_f": 125.97869128772706, "step_grade": 0.0, "step_turn": 2.4211533356676114, "coast_speed_mps": 0.0, "coast_speed_mph": 0.0}, "geometry": {"type": "Point", "coordinates": [-122.20882, 37.72065]}}, {"id": "211", "type": "Feature", "properties": {"name": "Some South Bay", "step": 211, "lat": 37.72043, "lon": -122.20841, "elevation_m": 1.1, "time": null, "elevation_f": 3.6089240000000005, "step_elevation_m": 0.0, "step_elevation_f": 0.0, "step_dist_m": 43.57622742267628, "step_dist_f": 142.96662997741325, "step_grade": 0.0, "step_turn": 4.6601053194421524, "coast_speed_mps": 0.0, "coast_speed_mph": 0.0}, "geometry": {"type": "Point", "coordinates": [-122.20841, 37.72043]}}, {"id": "212", "type": "Feature", "properties": {"name": "Some South Bay", "step": 212, "lat": 37.72019, "lon": -122.208, "elevation_m": 1.1, "time": null, "elevation_f": 3.6089240000000005, "step_elevation_m": 0.0, "step_elevation_f": 0.0, "step_dist_m": 44.862538265589606, "step_dist_f": 147.186810043277, "step_grade": 0.0, "step_turn": 2.3510335462077023, "coast_speed_mps": 0.0, "coast_speed_mph": 0.0}, "geometry": {"type": "Point", "coordinates": [-122.208, 37.72019]}}, {"id": "213", "type": "Feature", "properties": {"name": "Some South Bay", "step": 213, "lat": 37.72019, "lon": -122.208, "elevation_m": 1.1, "time": null, "elevation_f": 3.6089240000000005, "step_elevation_m": 0.0, "step_elevation_f": 0.0, "step_dist_m": 0.0, "step_dist_f": 0.0, "step_grade": null, "step_turn": null, "coast_speed_mps": 0.0, "coast_speed_mph": 0.0}, "geometry": {"type": "Point", "coordinates": [-122.208, 37.72019]}}, {"id": "214", "type": "Feature", "properties": {"name": "Some South Bay", "step": 214, "lat": 37.72014, "lon": -122.20791, "elevation_m": 1.1, "time": null, "elevation_f": 3.6089240000000005, "step_elevation_m": 0.0, "step_elevation_f": 0.0, "step_dist_m": 9.673397477628814, "step_dist_f": 31.73686938050372, "step_grade": 0.0, "step_turn": null, "coast_speed_mps": 0.0, "coast_speed_mph": 0.0}, "geometry": {"type": "Point", "coordinates": [-122.20791, 37.72014]}}, {"id": "215", "type": "Feature", "properties": {"name": "Some South Bay", "step": 215, "lat": 37.71988, "lon": -122.20754, "elevation_m": 1.2, "time": null, "elevation_f": 3.9370079999999996, "step_elevation_m": 0.09999999999999987, "step_elevation_f": 0.32808399999999915, "step_dist_m": 43.530772492752824, "step_dist_f": 142.81749962512316, "step_grade": 0.002297225486100626, "step_turn": 6.534722139293592, "coast_speed_mps": 0.0, "coast_speed_mph": 0.0}, "geometry": {"type": "Point", "coordinates": [-122.20754, 37.71988]}}, {"id": "216", "type": "Feature", "properties": {"name": "Some South Bay", "step": 216, "lat": 37.71958, "lon": -122.20714, "elevation_m": 1.4, "time": null, "elevation_f": 4.593176, "step_elevation_m": 0.19999999999999996, "step_elevation_f": 0.6561680000000001, "step_dist_m": 48.483057122229205, "step_dist_f": 159.06515312889445, "step_grade": 0.004125152411403965, "step_turn": 1.8588135435936692, "coast_speed_mps": 0.0, "coast_speed_mph": 0.0}, "geometry": {"type": "Point", "coordinates": [-122.20714, 37.71958]}}, {"id": "217", "type": "Feature", "properties": {"name": "Some South Bay", "step": 217, "lat": 37.71921, "lon": -122.20672, "elevation_m": 1.5, "time": null, "elevation_f": 4.92126, "step_elevation_m": 0.10000000000000009, "step_elevation_f": 0.3280840000000005, "step_dist_m": 55.29359650178214, "step_dist_f": 181.4094431469069, "step_grade": 0.0018085276836130029, "step_turn": 4.6035147295954175, "coast_speed_mps": 0.0, "coast_speed_mph": 0.0}, "geometry": {"type": "Point", "coordinates": [-122.20672, 37.71921]}}, {"id": "218", "type": "Feature", "properties": {"name": "Some South Bay", "step": 218, "lat": 37.7188, "lon": -122.20633, "elevation_m": 1.8, "time": null, "elevation_f": 5.905512, "step_elevation_m": 0.30000000000000004, "step_elevation_f": 0.9842519999999997, "step_dist_m": 57.054055972155595, "step_dist_f": 187.18522899568697, "step_grade": 0.005258171305935037, "step_turn": 4.961956237099514, "coast_speed_mps": 0.0, "coast_speed_mph": 0.0}, "geometry": {"type": "Point", "coordinates": [-122.20633, 37.7188]}}, {"id": "219", "type": "Feature", "properties": {"name": "Some South Bay", "step": 219, "lat": 37.71852, "lon": -122.20617, "elevation_m": 1.9, "time": null, "elevation_f": 6.2335959999999995, "step_elevation_m": 0.09999999999999987, "step_elevation_f": 0.3280839999999996, "step_dist_m": 34.167510346047045, "step_dist_f": 112.09813464372499, "step_grade": 0.002926756997721059, "step_turn": 12.635497010181155, "coast_speed_mps": 0.0, "coast_speed_mph": 0.0}, "geometry": {"type": "Point", "coordinates": [-122.20617, 37.71852]}}, {"id": "220", "type": "Feature", "properties": {"name": "Some South Bay", "step": 220, "lat": 37.71807, "lon": -122.20585, "elevation_m": 2.1, "time": null, "elevation_f": 6.889764, "step_elevation_m": 0.20000000000000018, "step_elevation_f": 0.656168000000001, "step_dist_m": 57.41086855643721, "step_dist_f": 188.35587399470145, "step_grade": 0.0034836609343994176, "step_turn": 5.034562699194737, "coast_speed_mps": 0.0, "coast_speed_mph": 0.0}, "geometry": {"type": "Point", "coordinates": [-122.20585, 37.71807]}}, {"id": "221", "type": "Feature", "properties": {"name": "Some South Bay", "step": 221, "lat": 37.71803, "lon": -122.20584, "elevation_m": 2.1, "time": null, "elevation_f": 6.889764, "step_elevation_m": 0.0, "step_elevation_f": 0.0, "step_dist_m": 4.5339354387505875, "step_dist_f": 14.875116744870477, "step_grade": 0.0, "step_turn": 18.171891434672887, "coast_speed_mps": 0.0, "coast_speed_mph": 0.0}, "geometry": {"type": "Point", "coordinates": [-122.20584, 37.71803]}}, {"id": "222", "type": "Feature", "properties": {"name": "Some South Bay", "step": 222, "lat": 37.71798, "lon": -122.20585, "elevation_m": 2.1, "time": null, "elevation_f": 6.889764, "step_elevation_m": 0.0, "step_elevation_f": 0.0, "step_dist_m": 5.628894389173524, "step_dist_f": 18.467501867776065, "step_grade": 0.0, "step_turn": 20.17639394917407, "coast_speed_mps": 0.0, "coast_speed_mph": 0.0}, "geometry": {"type": "Point", "coordinates": [-122.20585, 37.71798]}}, {"id": "223", "type": "Feature", "properties": {"name": "Some South Bay", "step": 223, "lat": 37.71795, "lon": -122.20584, "elevation_m": 2.1, "time": null, "elevation_f": 6.889764, "step_elevation_m": 0.0, "step_elevation_f": 0.0, "step_dist_m": 3.4498629153250935, "step_dist_f": 11.31844824711518, "step_grade": 0.0, "step_turn": 23.76143589336411, "coast_speed_mps": 0.0, "coast_speed_mph": 0.0}, "geometry": {"type": "Point", "coordinates": [-122.20584, 37.71795]}}, {"id": "224", "type": "Feature", "properties": {"name": "Some South Bay", "step": 224, "lat": 37.71781, "lon": -122.20574, "elevation_m": 2.2, "time": null, "elevation_f": 7.217848000000001, "step_elevation_m": 0.10000000000000009, "step_elevation_f": 0.3280840000000005, "step_dist_m": 17.88038162129538, "step_dist_f": 58.66267123841074, "step_grade": 0.005592721795204916, "step_turn": 14.696100009774852, "coast_speed_mps": 0.0, "coast_speed_mph": 0.0}, "geometry": {"type": "Point", "coordinates": [-122.20574, 37.71781]}}, {"id": "225", "type": "Feature", "properties": {"name": "Some South Bay", "step": 225, "lat": 37.71751, "lon": -122.20555, "elevation_m": 2.3, "time": null, "elevation_f": 7.545932, "step_elevation_m": 0.09999999999999964, "step_elevation_f": 0.3280839999999987, "step_dist_m": 37.31067572164482, "step_dist_f": 122.41035733460119, "step_grade": 0.0026801980416019974, "step_turn": 2.857075628040832, "coast_speed_mps": 0.0, "coast_speed_mph": 0.0}, "geometry": {"type": "Point", "coordinates": [-122.20555, 37.71751]}}, {"id": "226", "type": "Feature", "properties": {"name": "Some South Bay", "step": 226, "lat": 37.7174, "lon": -122.2054, "elevation_m": 2.3, "time": null, "elevation_f": 7.545932, "step_elevation_m": 0.0, "step_elevation_f": 0.0, "step_dist_m": 17.991307012055223, "step_dist_f": 59.02659969743126, "step_grade": 0.0, "step_turn": 20.557481694229637, "coast_speed_mps": 0.0, "coast_speed_mph": 0.0}, "geometry": {"type": "Point", "coordinates": [-122.2054, 37.7174]}}, {"id": "227", "type": "Feature", "properties": {"name": "Some South Bay", "step": 227, "lat": 37.71733, "lon": -122.20529, "elevation_m": 2.3, "time": null, "elevation_f": 7.545932, "step_elevation_m": 0.0, "step_elevation_f": 0.0, "step_dist_m": 12.417775531405255, "step_dist_f": 40.74073467445562, "step_grade": 0.0, "step_turn": 4.016626004457805, "coast_speed_mps": 0.0, "coast_speed_mph": 0.0}, "geometry": {"type": "Point", "coordinates": [-122.20529, 37.71733]}}, {"id": "228", "type": "Feature", "properties": {"name": "Some South Bay", "step": 228, "lat": 37.7173, "lon": -122.20525, "elevation_m": 2.3, "time": null, "elevation_f": 7.545932, "step_elevation_m": 0.0, "step_elevation_f": 0.0, "step_dist_m": 4.8483889421173005, "step_dist_f": 15.906788376856124, "step_grade": 0.0, "step_turn": 4.6590548718829154, "coast_speed_mps": 0.0, "coast_speed_mph": 0.0}, "geometry": {"type": "Point", "coordinates": [-122.20525, 37.7173]}}, {"id": "229", "type": "Feature", "properties": {"name": "Some South Bay", "step": 229, "lat": 37.71728, "lon": -122.2052, "elevation_m": 2.3, "time": null, "elevation_f": 7.545932, "step_elevation_m": 0.0, "step_elevation_f": 0.0, "step_dist_m": 4.928277294819372, "step_dist_f": 16.16888927993519, "step_grade": 0.0, "step_turn": 16.65046052247851, "coast_speed_mps": 0.0, "coast_speed_mph": 0.0}, "geometry": {"type": "Point", "coordinates": [-122.2052, 37.71728]}}, {"id": "230", "type": "Feature", "properties": {"name": "Some South Bay", "step": 230, "lat": 37.71729, "lon": -122.20514, "elevation_m": 2.3, "time": null, "elevation_f": 7.545932, "step_elevation_m": 0.0, "step_elevation_f": 0.0, "step_dist_m": 5.3934397203121245, "step_dist_f": 17.695012771988832, "step_grade": 0.0, "step_turn": 38.721911059051706, "coast_speed_mps": 0.0, "coast_speed_mph": 0.0}, "geometry": {"type": "Point", "coordinates": [-122.20514, 37.71729]}}, {"id": "231", "type": "Feature", "properties": {"name": "Some South Bay", "step": 231, "lat": 37.71731, "lon": -122.20507, "elevation_m": 2.3, "time": null, "elevation_f": 7.545932, "step_elevation_m": 0.0, "step_elevation_f": 0.0, "step_dist_m": 6.546480854961717, "step_dist_f": 21.4779562481926, "step_grade": 0.0, "step_turn": 7.961327052516708, "coast_speed_mps": 0.0, "coast_speed_mph": 0.0}, "geometry": {"type": "Point", "coordinates": [-122.20507, 37.71731]}}, {"id": "232", "type": "Feature", "properties": {"name": "Some South Bay", "step": 232, "lat": 37.71741, "lon": -122.20483, "elevation_m": 2.3, "time": null, "elevation_f": 7.545932, "step_elevation_m": 0.0, "step_elevation_f": 0.0, "step_dist_m": 23.859723139297362, "step_dist_f": 78.27993406433235, "step_grade": 0.0, "step_turn": 7.918203816438165, "coast_speed_mps": 0.0, "coast_speed_mph": 0.0}, "geometry": {"type": "Point", "coordinates": [-122.20483, 37.71741]}}, {"id": "233", "type": "Feature", "properties": {"name": "Some South Bay", "step": 233, "lat": 37.7175, "lon": -122.20454, "elevation_m": 2.3, "time": null, "elevation_f": 7.545932, "step_elevation_m": 0.0, "step_elevation_f": 0.0, "step_dist_m": 27.40108354560286, "step_dist_f": 89.89857093975569, "step_grade": 0.0, "step_turn": 6.355891640610878, "coast_speed_mps": 0.0, "coast_speed_mph": 0.0}, "geometry": {"type": "Point", "coordinates": [-122.20454, 37.7175]}}, {"id": "234", "type": "Feature", "properties": {"name": "Some South Bay", "step": 234, "lat": 37.71764, "lon": -122.20419, "elevation_m": 2.3, "time": null, "elevation_f": 7.545932, "step_elevation_m": 0.0, "step_elevation_f": 0.0, "step_dist_m": 34.49783723466581, "step_dist_f": 113.18188431298097, "step_grade": 0.0, "step_turn": 5.4027998536526525, "coast_speed_mps": 0.0, "coast_speed_mph": 0.0}, "geometry": {"type": "Point", "coordinates": [-122.20419, 37.71764]}}, {"id": "235", "type": "Feature", "properties": {"name": "Some South Bay", "step": 235, "lat": 37.71787, "lon": -122.20372, "elevation_m": 2.3, "time": null, "elevation_f": 7.545932, "step_elevation_m": 0.0, "step_elevation_f": 0.0, "step_dist_m": 48.61200219452065, "step_dist_f": 159.48820127987113, "step_grade": 0.0, "step_turn": 4.918269639979314, "coast_speed_mps": 0.0, "coast_speed_mph": 0.0}, "geometry": {"type": "Point", "coordinates": [-122.20372, 37.71787]}}, {"id": "236", "type": "Feature", "properties": {"name": "Some South Bay", "step": 236, "lat": 37.71811, "lon": -122.20332, "elevation_m": 2.3, "time": null, "elevation_f": 7.545932, "step_elevation_m": 0.0, "step_elevation_f": 0.0, "step_dist_m": 44.159498146890556, "step_dist_f": 144.8802479002444, "step_grade": 0.0, "step_turn": 5.438010430775023, "coast_speed_mps": 0.0, "coast_speed_mph": 0.0}, "geometry": {"type": "Point", "coordinates": [-122.20332, 37.71811]}}, {"id": "237", "type": "Feature", "properties": {"name": "Some South Bay", "step": 237, "lat": 37.71838, "lon": -122.20293, "elevation_m": 2.3, "time": null, "elevation_f": 7.545932, "step_elevation_m": 0.0, "step_elevation_f": 0.0, "step_dist_m": 45.58625858639887, "step_dist_f": 149.56122062060086, "step_grade": 0.0, "step_turn": 4.0119461715895, "coast_speed_mps": 0.0, "coast_speed_mph": 0.0}, "geometry": {"type": "Point", "coordinates": [-122.20293, 37.71838]}}, {"id": "238", "type": "Feature", "properties": {"name": "Some South Bay", "step": 238, "lat": 37.71827, "lon": -122.20295, "elevation_m": 2.3, "time": null, "elevation_f": 7.545932, "step_elevation_m": 0.0, "step_elevation_f": 0.0, "step_dist_m": 12.357298897150116, "step_dist_f": 40.54232051372599, "step_grade": 0.0, "step_turn": 139.37685432495903, "coast_speed_mps": 0.0, "coast_speed_mph": 0.0}, "geometry": {"type": "Point", "coordinates": [-122.20295, 37.71827]}}, {"id": "239", "type": "Feature", "properties": {"name": "Some South Bay", "step": 239, "lat": 37.71794, "lon": -122.20335, "elevation_m": 2.3, "time": null, "elevation_f": 7.545932, "step_elevation_m": 0.0, "step_elevation_f": 0.0, "step_dist_m": 50.83646943174071, "step_dist_f": 166.7863223704322, "step_grade": 0.0, "step_turn": 35.61156624132144, "coast_speed_mps": 0.0, "coast_speed_mph": 0.0}, "geometry": {"type": "Point", "coordinates": [-122.20335, 37.71794]}}, {"id": "240", "type": "Feature", "properties": {"name": "Some South Bay", "step": 240, "lat": 37.71786, "lon": -122.20337, "elevation_m": 2.3, "time": null, "elevation_f": 7.545932, "step_elevation_m": 0.0, "step_elevation_f": 0.0, "step_dist_m": 9.067871568068398, "step_dist_f": 29.75023575538152, "step_grade": 0.0, "step_turn": 32.60953931046441, "coast_speed_mps": 0.0, "coast_speed_mph": 0.0}, "geometry": {"type": "Point", "coordinates": [-122.20337, 37.71786]}}, {"id": "241", "type": "Feature", "properties": {"name": "Some South Bay", "step": 241, "lat": 37.71743, "lon": -122.20291, "elevation_m": 2.2, "time": null, "elevation_f": 7.217848000000001, "step_elevation_m": -0.09999999999999964, "step_elevation_f": -0.3280839999999987, "step_dist_m": 62.636001725213, "step_dist_f": 205.4986999001478, "step_grade": -0.001596525915538227, "step_turn": 51.425205407280174, "coast_speed_mps": 0.0, "coast_speed_mph": 0.0}, "geometry": {"type": "Point", "coordinates": [-122.20291, 37.71743]}}, {"id": "242", "type": "Feature", "properties": {"name": "Some South Bay", "step": 242, "lat": 37.71701, "lon": -122.20245, "elevation_m": 2.2, "time": null, "elevation_f": 7.217848000000001, "step_elevation_m": 0.0, "step_elevation_f": 0.0, "step_dist_m": 61.791511113571374, "step_dist_f": 202.7280613218495, "step_grade": 0.0, "step_turn": 0.6662086395886035, "coast_speed_mps": 0.0, "coast_speed_mph": 0.0}, "geometry": {"type": "Point", "coordinates": [-122.20245, 37.71701]}}, {"id": "243", "type": "Feature", "properties": {"name": "Some South Bay", "step": 243, "lat": 37.7168, "lon": -122.20221, "elevation_m": 2.1, "time": null, "elevation_f": 6.889764, "step_elevation_m": -0.10000000000000009, "step_elevation_f": -0.3280840000000005, "step_dist_m": 31.47880066836917, "step_dist_f": 103.27690838481232, "step_grade": -0.00317674110438658, "step_turn": 1.2101678666916769, "coast_speed_mps": 0.0, "coast_speed_mph": 0.0}, "geometry": {"type": "Point", "coordinates": [-122.20221, 37.7168]}}, {"id": "244", "type": "Feature", "properties": {"name": "Some South Bay", "step": 244, "lat": 37.71644, "lon": -122.20173, "elevation_m": 2.0, "time": null, "elevation_f": 6.56168, "step_elevation_m": -0.10000000000000009, "step_elevation_f": -0.3280840000000005, "step_dist_m": 58.180954722055624, "step_dist_f": 190.88240349030897, "step_grade": -0.0017187755078568936, "step_turn": 4.410665382555976, "coast_speed_mps": 0.0, "coast_speed_mph": 0.0}, "geometry": {"type": "Point", "coordinates": [-122.20173, 37.71644]}}, {"id": "245", "type": "Feature", "properties": {"name": "Some South Bay", "step": 245, "lat": 37.71623, "lon": -122.20151, "elevation_m": 2.0, "time": null, "elevation_f": 6.56168, "step_elevation_m": 0.0, "step_elevation_f": 0.0, "step_dist_m": 30.32722614508243, "step_dist_f": 99.49877662583224, "step_grade": 0.0, "step_turn": 6.876645327788992, "coast_speed_mps": 0.0, "coast_speed_mph": 0.0}, "geometry": {"type": "Point", "coordinates": [-122.20151, 37.71623]}}, {"id": "246", "type": "Feature", "properties": {"name": "Some South Bay", "step": 246, "lat": 37.71623, "lon": -122.20151, "elevation_m": 2.0, "time": null, "elevation_f": 6.56168, "step_elevation_m": 0.0, "step_elevation_f": 0.0, "step_dist_m": 0.0, "step_dist_f": 0.0, "step_grade": null, "step_turn": null, "coast_speed_mps": 0.0, "coast_speed_mph": 0.0}, "geometry": {"type": "Point", "coordinates": [-122.20151, 37.71623]}}, {"id": "247", "type": "Feature", "properties": {"name": "Some South Bay", "step": 247, "lat": 37.71605, "lon": -122.20133, "elevation_m": 2.0, "time": null, "elevation_f": 6.56168, "step_elevation_m": 0.0, "step_elevation_f": 0.0, "step_dist_m": 25.52031142710587, "step_dist_f": 83.72805854250602, "step_grade": 0.0, "step_turn": null, "coast_speed_mps": 0.0, "coast_speed_mph": 0.0}, "geometry": {"type": "Point", "coordinates": [-122.20133, 37.71605]}}, {"id": "248", "type": "Feature", "properties": {"name": "Some South Bay", "step": 248, "lat": 37.71564, "lon": -122.20092, "elevation_m": 1.9, "time": null, "elevation_f": 6.2335959999999995, "step_elevation_m": -0.10000000000000009, "step_elevation_f": -0.3280840000000005, "step_dist_m": 58.12968733842989, "step_dist_f": 190.71420340741432, "step_grade": -0.0017202913791330421, "step_turn": 0.0001813536317740727, "coast_speed_mps": 0.0, "coast_speed_mph": 0.0}, "geometry": {"type": "Point", "coordinates": [-122.20092, 37.71564]}}, {"id": "249", "type": "Feature", "properties": {"name": "Some South Bay", "step": 249, "lat": 37.71543, "lon": -122.20069, "elevation_m": 1.9, "time": null, "elevation_f": 6.2335959999999995, "step_elevation_m": 0.0, "step_elevation_f": 0.0, "step_dist_m": 30.89605684583012, "step_dist_f": 101.3650191420733, "step_grade": 0.0, "step_turn": 2.559574375302077, "coast_speed_mps": 0.0, "coast_speed_mph": 0.0}, "geometry": {"type": "Point", "coordinates": [-122.20069, 37.71543]}}, {"id": "250", "type": "Feature", "properties": {"name": "Some South Bay", "step": 250, "lat": 37.71516, "lon": -122.20038, "elevation_m": 1.8, "time": null, "elevation_f": 5.905512, "step_elevation_m": -0.09999999999999987, "step_elevation_f": -0.3280839999999996, "step_dist_m": 40.557517709803086, "step_dist_f": 133.06272640303035, "step_grade": -0.0024656341326291043, "step_turn": 1.3419171976243547, "coast_speed_mps": 0.0, "coast_speed_mph": 0.0}, "geometry": {"type": "Point", "coordinates": [-122.20038, 37.71516]}}, {"id": "251", "type": "Feature", "properties": {"name": "Some South Bay", "step": 251, "lat": 37.71486, "lon": -122.20001, "elevation_m": 1.8, "time": null, "elevation_f": 5.905512, "step_elevation_m": 0.0, "step_elevation_f": 0.0, "step_dist_m": 46.60506091372617, "step_dist_f": 152.90374804818936, "step_grade": 0.0, "step_turn": 2.0462900793796734, "coast_speed_mps": 0.0, "coast_speed_mph": 0.0}, "geometry": {"type": "Point", "coordinates": [-122.20001, 37.71486]}}, {"id": "252", "type": "Feature", "properties": {"name": "Some South Bay", "step": 252, "lat": 37.71455, "lon": -122.19967, "elevation_m": 1.7, "time": null, "elevation_f": 5.577427999999999, "step_elevation_m": -0.10000000000000009, "step_elevation_f": -0.3280840000000005, "step_dist_m": 45.636123252965106, "step_dist_f": 149.72481861325804, "step_grade": -0.0021912466018572867, "step_turn": 3.348110136917569, "coast_speed_mps": 0.0, "coast_speed_mph": 0.0}, "geometry": {"type": "Point", "coordinates": [-122.19967, 37.71455]}}, {"id": "253", "type": "Feature", "properties": {"name": "Some South Bay", "step": 253, "lat": 37.71451, "lon": -122.19964, "elevation_m": 1.7, "time": null, "elevation_f": 5.577427999999999, "step_elevation_m": 0.0, "step_elevation_f": 0.0, "step_dist_m": 5.17171217466047, "step_dist_f": 16.967560171113057, "step_grade": 0.0, "step_turn": 10.264989425187082, "coast_speed_mps": 0.0, "coast_speed_mph": 0.0}, "geometry": {"type": "Point", "coordinates": [-122.19964, 37.71451]}}, {"id": "254", "type": "Feature", "properties": {"name": "Some South Bay", "step": 254, "lat": 37.71446, "lon": -122.19964, "elevation_m": 1.7, "time": null, "elevation_f": 5.577427999999999, "step_elevation_m": 0.0, "step_elevation_f": 0.0, "step_dist_m": 5.559746331576854, "step_dist_f": 18.240638154490604, "step_grade": 0.0, "step_turn": 30.680721144477843, "coast_speed_mps": 0.0, "coast_speed_mph": 0.0}, "geometry": {"type": "Point", "coordinates": [-122.19964, 37.71446]}}, {"id": "255", "type": "Feature", "properties": {"name": "Some South Bay", "step": 255, "lat": 37.71442, "lon": -122.19967, "elevation_m": 1.7, "time": null, "elevation_f": 5.577427999999999, "step_elevation_m": 0.0, "step_elevation_f": 0.0, "step_dist_m": 5.17171381023341, "step_dist_f": 16.96756553716618, "step_grade": 0.0, "step_turn": 30.680751683412865, "coast_speed_mps": 0.0, "coast_speed_mph": 0.0}, "geometry": {"type": "Point", "coordinates": [-122.19967, 37.71442]}}, {"id": "256", "type": "Feature", "properties": {"name": "Some South Bay", "step": 256, "lat": 37.71407, "lon": -122.2003, "elevation_m": 1.7, "time": null, "elevation_f": 5.577427999999999, "step_elevation_m": 0.0, "step_elevation_f": 0.0, "step_dist_m": 67.71740597517605, "step_dist_f": 222.16997421959658, "step_grade": 0.0, "step_turn": 24.239749224905125, "coast_speed_mps": 0.0, "coast_speed_mph": 0.0}, "geometry": {"type": "Point", "coordinates": [-122.2003, 37.71407]}}, {"id": "257", "type": "Feature", "properties": {"name": "Some South Bay", "step": 257, "lat": 37.71373, "lon": -122.20092, "elevation_m": 1.7, "time": null, "elevation_f": 5.577427999999999, "step_elevation_m": 0.0, "step_elevation_f": 0.0, "step_dist_m": 66.35994354778346, "step_dist_f": 217.7163571893099, "step_grade": 0.0, "step_turn": 0.3493136729866819, "coast_speed_mps": 0.0, "coast_speed_mph": 0.0}, "geometry": {"type": "Point", "coordinates": [-122.20092, 37.71373]}}, {"id": "258", "type": "Feature", "properties": {"name": "Some South Bay", "step": 258, "lat": 37.71365, "lon": -122.20098, "elevation_m": 1.8, "time": null, "elevation_f": 5.905512, "step_elevation_m": 0.10000000000000009, "step_elevation_f": 0.3280840000000005, "step_dist_m": 10.343454879796619, "step_dist_f": 33.93522050783194, "step_grade": 0.00966794955477839, "step_turn": 24.588799200810712, "coast_speed_mps": 0.0, "coast_speed_mph": 0.0}, "geometry": {"type": "Point", "coordinates": [-122.20098, 37.71365]}}, {"id": "259", "type": "Feature", "properties": {"name": "Some South Bay", "step": 259, "lat": 37.7136, "lon": -122.20099, "elevation_m": 1.8, "time": null, "elevation_f": 5.905512, "step_elevation_m": 0.0, "step_elevation_f": 0.0, "step_dist_m": 5.628902514794442, "step_dist_f": 18.467528526638198, "step_grade": 0.0, "step_turn": 21.69044868777985, "coast_speed_mps": 0.0, "coast_speed_mph": 0.0}, "geometry": {"type": "Point", "coordinates": [-122.20099, 37.7136]}}, {"id": "260", "type": "Feature", "properties": {"name": "Some South Bay", "step": 260, "lat": 37.71356, "lon": -122.20098, "elevation_m": 1.8, "time": null, "elevation_f": 5.905512, "step_elevation_m": 0.0, "step_elevation_f": 0.0, "step_dist_m": 4.533945734025205, "step_dist_f": 14.875150522019254, "step_grade": 0.0, "step_turn": 20.177574597835502, "coast_speed_mps": 0.0, "coast_speed_mph": 0.0}, "geometry": {"type": "Point", "coordinates": [-122.20098, 37.71356]}}, {"id": "261", "type": "Feature", "properties": {"name": "Some South Bay", "step": 261, "lat": 37.7134, "lon": -122.20092, "elevation_m": 1.8, "time": null, "elevation_f": 5.905512, "step_elevation_m": 0.0, "step_elevation_f": 0.0, "step_dist_m": 18.557532207179584, "step_dist_f": 60.88429396660307, "step_grade": 0.0, "step_turn": 5.336256330438118, "coast_speed_mps": 0.0, "coast_speed_mph": 0.0}, "geometry": {"type": "Point", "coordinates": [-122.20092, 37.7134]}}, {"id": "262", "type": "Feature", "properties": {"name": "Some South Bay", "step": 262, "lat": 37.71295, "lon": -122.20072, "elevation_m": 1.8, "time": null, "elevation_f": 5.905512, "step_elevation_m": 0.0, "step_elevation_f": 0.0, "step_dist_m": 53.04038629513084, "step_dist_f": 174.01702097251706, "step_grade": 0.0, "step_turn": 2.8480834982462966, "coast_speed_mps": 0.0, "coast_speed_mph": 0.0}, "geometry": {"type": "Point", "coordinates": [-122.20072, 37.71295]}}, {"id": "263", "type": "Feature", "properties": {"name": "Some South Bay", "step": 263, "lat": 37.71249, "lon": -122.20053, "elevation_m": 1.8, "time": null, "elevation_f": 5.905512, "step_elevation_m": 0.0, "step_elevation_f": 0.0, "step_dist_m": 53.81100327496959, "step_dist_f": 176.54529198465124, "step_grade": 0.0, "step_turn": 1.276297847467049, "coast_speed_mps": 0.0, "coast_speed_mph": 0.0}, "geometry": {"type": "Point", "coordinates": [-122.20053, 37.71249]}}, {"id": "264", "type": "Feature", "properties": {"name": "Some South Bay", "step": 264, "lat": 37.71247, "lon": -122.20051, "elevation_m": 1.8, "time": null, "elevation_f": 5.905512, "step_elevation_m": 0.0, "step_elevation_f": 0.0, "step_dist_m": 2.835644073725363, "step_dist_f": 9.30329450284112, "step_grade": 0.0, "step_turn": 20.252135998386166, "coast_speed_mps": 0.0, "coast_speed_mph": 0.0}, "geometry": {"type": "Point", "coordinates": [-122.20051, 37.71247]}}, {"id": "265", "type": "Feature", "properties": {"name": "Some South Bay", "step": 265, "lat": 37.71244, "lon": -122.20063, "elevation_m": 1.8, "time": null, "elevation_f": 5.905512, "step_elevation_m": 0.0, "step_elevation_f": 0.0, "step_dist_m": 11.070386190744102, "step_dist_f": 36.32016583004088, "step_grade": 0.0, "step_turn": 110.8096738545571, "coast_speed_mps": 0.0, "coast_speed_mph": 0.0}, "geometry": {"type": "Point", "coordinates": [-122.20063, 37.71244]}}, {"id": "266", "type": "Feature", "properties": {"name": "Some South Bay", "step": 266, "lat": 37.71232, "lon": -122.20115, "elevation_m": 1.8, "time": null, "elevation_f": 5.905512, "step_elevation_m": 0.0, "step_elevation_f": 0.0, "step_dist_m": 47.64845132149993, "step_dist_f": 156.3269450336298, "step_grade": 0.0, "step_turn": 1.2751806226224858, "coast_speed_mps": 0.0, "coast_speed_mph": 0.0}, "geometry": {"type": "Point", "coordinates": [-122.20115, 37.71232]}}, {"id": "267", "type": "Feature", "properties": {"name": "Some South Bay", "step": 267, "lat": 37.7121, "lon": -122.20195, "elevation_m": 1.8, "time": null, "elevation_f": 5.905512, "step_elevation_m": 0.0, "step_elevation_f": 0.0, "step_dist_m": 74.5031072063784, "step_dist_f": 244.4327742469745, "step_grade": 0.0, "step_turn": 2.9059095761537606, "coast_speed_mps": 0.0, "coast_speed_mph": 0.0}, "geometry": {"type": "Point", "coordinates": [-122.20195, 37.7121]}}, {"id": "268", "type": "Feature", "properties": {"name": "Some South Bay", "step": 268, "lat": 37.71205, "lon": -122.20202, "elevation_m": 1.8, "time": null, "elevation_f": 5.905512, "step_elevation_m": 0.0, "step_elevation_f": 0.0, "step_dist_m": 8.29619270824234, "step_dist_f": 27.218480884909802, "step_grade": 0.0, "step_turn": 22.910871730152024, "coast_speed_mps": 0.0, "coast_speed_mph": 0.0}, "geometry": {"type": "Point", "coordinates": [-122.20202, 37.71205]}}, {"id": "269", "type": "Feature", "properties": {"name": "Some South Bay", "step": 269, "lat": 37.712, "lon": -122.20207, "elevation_m": 1.8, "time": null, "elevation_f": 5.905512, "step_elevation_m": 0.0, "step_elevation_f": 0.0, "step_dist_m": 7.089126939870295, "step_dist_f": 23.25829122940406, "step_grade": 0.0, "step_turn": 9.573521041145028, "coast_speed_mps": 0.0, "coast_speed_mph": 0.0}, "geometry": {"type": "Point", "coordinates": [-122.20207, 37.712]}}, {"id": "270", "type": "Feature", "properties": {"name": "Some South Bay", "step": 270, "lat": 37.71193, "lon": -122.20208, "elevation_m": 1.8, "time": null, "elevation_f": 5.905512, "step_elevation_m": 0.0, "step_elevation_f": 0.0, "step_dist_m": 7.833193875577057, "step_dist_f": 25.699455794748232, "step_grade": 0.0, "step_turn": 31.899513852284542, "coast_speed_mps": 0.0, "coast_speed_mph": 0.0}, "geometry": {"type": "Point", "coordinates": [-122.20208, 37.71193]}}, {"id": "271", "type": "Feature", "properties": {"name": "Some South Bay", "step": 271, "lat": 37.71179, "lon": -122.20205, "elevation_m": 1.8, "time": null, "elevation_f": 5.905512, "step_elevation_m": 0.0, "step_elevation_f": 0.0, "step_dist_m": 15.789386293305354, "step_dist_f": 51.80245012652794, "step_grade": 0.0, "step_turn": 16.069218224104986, "coast_speed_mps": 0.0, "coast_speed_mph": 0.0}, "geometry": {"type": "Point", "coordinates": [-122.20205, 37.71179]}}, {"id": "272", "type": "Feature", "properties": {"name": "Some South Bay", "step": 272, "lat": 37.71103, "lon": -122.20161, "elevation_m": 2.0, "time": null, "elevation_f": 6.56168, "step_elevation_m": 0.19999999999999996, "step_elevation_f": 0.6561680000000001, "step_dist_m": 92.95011339970885, "step_dist_f": 304.9544500463008, "step_grade": 0.0021516918343063196, "step_turn": 14.986845360091365, "coast_speed_mps": 0.0, "coast_speed_mph": 0.0}, "geometry": {"type": "Point", "coordinates": [-122.20161, 37.71103]}}, {"id": "273", "type": "Feature", "properties": {"name": "Some South Bay", "step": 273, "lat": 37.71086, "lon": -122.20154, "elevation_m": 2.1, "time": null, "elevation_f": 6.889764, "step_elevation_m": 0.10000000000000009, "step_elevation_f": 0.3280840000000005, "step_dist_m": 19.88078969988631, "step_dist_f": 65.225690078975, "step_grade": 0.005029981278891147, "step_turn": 6.565179619545461, "coast_speed_mps": 0.0, "coast_speed_mph": 0.0}, "geometry": {"type": "Point", "coordinates": [-122.20154, 37.71086]}}, {"id": "274", "type": "Feature", "properties": {"name": "Some South Bay", "step": 274, "lat": 37.7108, "lon": -122.20153, "elevation_m": 2.2, "time": null, "elevation_f": 7.217848000000001, "step_elevation_m": 0.10000000000000009, "step_elevation_f": 0.3280840000000005, "step_dist_m": 6.729438667543657, "step_dist_f": 22.07821155802393, "step_grade": 0.01486008045252035, "step_turn": 10.531831126131465, "coast_speed_mps": 0.0, "coast_speed_mph": 0.0}, "geometry": {"type": "Point", "coordinates": [-122.20153, 37.7108]}}, {"id": "275", "type": "Feature", "properties": {"name": "Some South Bay", "step": 275, "lat": 37.71076, "lon": -122.20154, "elevation_m": 2.2, "time": null, "elevation_f": 7.217848000000001, "step_elevation_m": 0.0, "step_elevation_f": 0.0, "step_dist_m": 4.533952182320262, "step_dist_f": 14.875171677843609, "step_grade": 0.0, "step_turn": 18.698620420466483, "coast_speed_mps": 0.0, "coast_speed_mph": 0.0}, "geometry": {"type": "Point", "coordinates": [-122.20154, 37.71076]}}, {"id": "276", "type": "Feature", "properties": {"name": "Some South Bay", "step": 276, "lat": 37.71061, "lon": -122.2016, "elevation_m": 2.0, "time": null, "elevation_f": 6.56168, "step_elevation_m": -0.20000000000000018, "step_elevation_f": -0.656168000000001, "step_dist_m": 17.49442016140365, "step_dist_f": 57.39639344233955, "step_grade": -0.011432216567042446, "step_turn": 6.372250380552174, "coast_speed_mps": 1.0853920082007638, "coast_speed_mph": 2.427952774250095}, "geometry": {"type": "Point", "coordinates": [-122.2016, 37.71061]}}, {"id": "277", "type": "Feature", "properties": {"name": "Some South Bay", "step": 277, "lat": 37.7103, "lon": -122.20184, "elevation_m": 1.1, "time": null, "elevation_f": 3.6089240000000005, "step_elevation_m": -0.8999999999999999, "step_elevation_f": -2.9527559999999995, "step_dist_m": 40.42198281338219, "step_dist_f": 132.61805809345682, "step_grade": -0.022265112628320743, "step_turn": 13.926778848160097, "coast_speed_mps": 3.4861159720640544, "coast_speed_mph": 7.798219336220585}, "geometry": {"type": "Point", "coordinates": [-122.20184, 37.7103]}}, {"id": "278", "type": "Feature", "properties": {"name": "Some South Bay", "step": 278, "lat": 37.71015, "lon": -122.20193, "elevation_m": 1.3, "time": null, "elevation_f": 4.265092, "step_elevation_m": 0.19999999999999996, "step_elevation_f": 0.6561679999999996, "step_dist_m": 18.462872718680895, "step_dist_f": 60.57373133035703, "step_grade": 0.010832550440411053, "step_turn": 6.094196402891214, "coast_speed_mps": 1.9329785923488694, "coast_speed_mph": 4.3239499649894135}, "geometry": {"type": "Point", "coordinates": [-122.20193, 37.71015]}}, {"id": "279", "type": "Feature", "properties": {"name": "Some South Bay", "step": 279, "lat": 37.7096, "lon": -122.20215, "elevation_m": 1.3, "time": null, "elevation_f": 4.265092, "step_elevation_m": 0.0, "step_elevation_f": 0.0, "step_dist_m": 64.14627107714911, "step_dist_f": 210.4536520007539, "step_grade": 0.0, "step_turn": 7.832353372263327, "coast_speed_mps": 0.0, "coast_speed_mph": 0.0}, "geometry": {"type": "Point", "coordinates": [-122.20215, 37.7096]}}, {"id": "280", "type": "Feature", "properties": {"name": "Some South Bay", "step": 280, "lat": 37.70937, "lon": -122.20222, "elevation_m": 0.0, "time": null, "elevation_f": 0.0, "step_elevation_m": -1.3, "step_elevation_f": -4.265092, "step_dist_m": 26.305717520383904, "step_dist_f": 86.30485026957633, "step_grade": -0.04941891430988908, "step_turn": 4.022093268455933, "coast_speed_mps": 4.62353269459626, "coast_speed_mph": 10.342548082042445}, "geometry": {"type": "Point", "coordinates": [-122.20222, 37.70937]}}, {"id": "281", "type": "Feature", "properties": {"name": "Some South Bay", "step": 281, "lat": 37.70901, "lon": -122.20229, "elevation_m": 1.2, "time": null, "elevation_f": 3.9370079999999996, "step_elevation_m": 1.2, "step_elevation_f": 3.9370079999999996, "step_dist_m": 40.5010343617823, "step_dist_f": 132.87741357550985, "step_grade": 0.029628872914227278, "step_turn": 4.792529662813308, "coast_speed_mps": 0.0, "coast_speed_mph": 0.0}, "geometry": {"type": "Point", "coordinates": [-122.20229, 37.70901]}}, {"id": "282", "type": "Feature", "properties": {"name": "Some South Bay", "step": 282, "lat": 37.7085, "lon": -122.20235, "elevation_m": 0.7, "time": null, "elevation_f": 2.296588, "step_elevation_m": -0.5, "step_elevation_f": -1.6404199999999998, "step_dist_m": 56.95451387274945, "step_dist_f": 186.85864729427132, "step_grade": -0.008778935434636917, "step_turn": 3.427822789111559, "coast_speed_mps": 0.932962755169383, "coast_speed_mph": 2.0869782461734565}, "geometry": {"type": "Point", "coordinates": [-122.20235, 37.7085]}}, {"id": "283", "type": "Feature", "properties": {"name": "Some South Bay", "step": 283, "lat": 37.7081, "lon": -122.20234, "elevation_m": 0.8, "time": null, "elevation_f": 2.6246720000000003, "step_elevation_m": 0.10000000000000009, "step_elevation_f": 0.3280840000000005, "step_dist_m": 44.48666934340983, "step_dist_f": 145.9536442486327, "step_grade": 0.0022478643934447273, "step_turn": 6.450526357442584, "coast_speed_mps": 0.0, "coast_speed_mph": 0.0}, "geometry": {"type": "Point", "coordinates": [-122.20234, 37.7081]}}, {"id": "284", "type": "Feature", "properties": {"name": "Some South Bay", "step": 284, "lat": 37.70755, "lon": -122.20227, "elevation_m": 1.6, "time": null, "elevation_f": 5.249344000000001, "step_elevation_m": 0.8, "step_elevation_f": 2.6246720000000003, "step_dist_m": 61.46645163212123, "step_dist_f": 201.6615931727286, "step_grade": 0.013015229914165647, "step_turn": 4.616712873186202, "coast_speed_mps": 0.0, "coast_speed_mph": 0.0}, "geometry": {"type": "Point", "coordinates": [-122.20227, 37.70755]}}, {"id": "285", "type": "Feature", "properties": {"name": "Some South Bay", "step": 285, "lat": 37.707, "lon": -122.20214, "elevation_m": 1.9, "time": null, "elevation_f": 6.2335959999999995, "step_elevation_m": 0.2999999999999998, "step_elevation_f": 0.9842519999999988, "step_dist_m": 62.21730356149983, "step_dist_f": 204.1250182167111, "step_grade": 0.0048218097350274805, "step_turn": 4.842127816459424, "coast_speed_mps": 0.0, "coast_speed_mph": 0.0}, "geometry": {"type": "Point", "coordinates": [-122.20214, 37.707]}}, {"id": "286", "type": "Feature", "properties": {"name": "Some South Bay", "step": 286, "lat": 37.70663, "lon": -122.202, "elevation_m": 2.1, "time": null, "elevation_f": 6.889764, "step_elevation_m": 0.20000000000000018, "step_elevation_f": 0.656168000000001, "step_dist_m": 42.946011938251274, "step_dist_f": 140.8989938074923, "step_grade": 0.0046570098356877605, "step_turn": 6.073429280759683, "coast_speed_mps": 0.0, "coast_speed_mph": 0.0}, "geometry": {"type": "Point", "coordinates": [-122.202, 37.70663]}}, {"id": "287", "type": "Feature", "properties": {"name": "Some South Bay", "step": 287, "lat": 37.70636, "lon": -122.20186, "elevation_m": 2.3, "time": null, "elevation_f": 7.545932, "step_elevation_m": 0.19999999999999973, "step_elevation_f": 0.6561679999999992, "step_dist_m": 32.450659494991235, "step_dist_f": 106.46542169754704, "step_grade": 0.006163202939862278, "step_turn": 5.639517180803864, "coast_speed_mps": 0.0, "coast_speed_mph": 0.0}, "geometry": {"type": "Point", "coordinates": [-122.20186, 37.70636]}}, {"id": "288", "type": "Feature", "properties": {"name": "Some South Bay", "step": 288, "lat": 37.706, "lon": -122.20163, "elevation_m": 2.8, "time": null, "elevation_f": 9.186352, "step_elevation_m": 0.5, "step_elevation_f": 1.6404199999999998, "step_dist_m": 44.853297934186706, "step_dist_f": 147.15649399439712, "step_grade": 0.011147452317411544, "step_turn": 4.510063922655377, "coast_speed_mps": 0.0, "coast_speed_mph": 0.0}, "geometry": {"type": "Point", "coordinates": [-122.20163, 37.706]}}, {"id": "289", "type": "Feature", "properties": {"name": "Some South Bay", "step": 289, "lat": 37.70556, "lon": -122.20132, "elevation_m": 3.2, "time": null, "elevation_f": 10.498688000000001, "step_elevation_m": 0.40000000000000036, "step_elevation_f": 1.312336000000002, "step_dist_m": 56.01317377907557, "step_dist_f": 183.7702610613423, "step_grade": 0.0071411772090912195, "step_turn": 2.3208808228229714, "coast_speed_mps": 0.0, "coast_speed_mph": 0.0}, "geometry": {"type": "Point", "coordinates": [-122.20132, 37.70556]}}, {"id": "290", "type": "Feature", "properties": {"name": "Some South Bay", "step": 290, "lat": 37.70528, "lon": -122.20108, "elevation_m": 3.5, "time": null, "elevation_f": 11.48294, "step_elevation_m": 0.2999999999999998, "step_elevation_f": 0.9842519999999979, "step_dist_m": 37.61846548580041, "step_dist_f": 123.42016630443341, "step_grade": 0.007974806949880474, "step_turn": 5.007113449738711, "coast_speed_mps": 0.0, "coast_speed_mph": 0.0}, "geometry": {"type": "Point", "coordinates": [-122.20108, 37.70528]}}, {"id": "291", "type": "Feature", "properties": {"name": "Some South Bay", "step": 291, "lat": 37.70507, "lon": -122.20089, "elevation_m": 3.4, "time": null, "elevation_f": 11.154855999999999, "step_elevation_m": -0.10000000000000009, "step_elevation_f": -0.3280840000000005, "step_dist_m": 28.716872152668515, "step_dist_f": 94.21546283336097, "step_grade": -0.0034822733990097035, "step_turn": 1.452944717915443, "coast_speed_mps": 0.0, "coast_speed_mph": 0.0}, "geometry": {"type": "Point", "coordinates": [-122.20089, 37.70507]}}, {"id": "292", "type": "Feature", "properties": {"name": "Some South Bay", "step": 292, "lat": 37.70485, "lon": -122.20064, "elevation_m": 3.8, "time": null, "elevation_f": 12.467191999999999, "step_elevation_m": 0.3999999999999999, "step_elevation_f": 1.3123360000000002, "step_dist_m": 32.8960247269655, "step_dist_f": 107.92659376521749, "step_grade": 0.012159523933969817, "step_turn": 6.361576968480904, "coast_speed_mps": 0.0, "coast_speed_mph": 0.0}, "geometry": {"type": "Point", "coordinates": [-122.20064, 37.70485]}}, {"id": "293", "type": "Feature", "properties": {"name": "Some South Bay", "step": 293, "lat": 37.70446, "lon": -122.20014, "elevation_m": 4.0, "time": null, "elevation_f": 13.12336, "step_elevation_m": 0.20000000000000018, "step_elevation_f": 0.656168000000001, "step_dist_m": 61.76965889106346, "step_dist_f": 202.65636767615663, "step_grade": 0.0032378355909770977, "step_turn": 3.4501814738447365, "coast_speed_mps": 0.0, "coast_speed_mph": 0.0}, "geometry": {"type": "Point", "coordinates": [-122.20014, 37.70446]}}, {"id": "294", "type": "Feature", "properties": {"name": "Some South Bay", "step": 294, "lat": 37.70425, "lon": -122.19984, "elevation_m": 3.6, "time": null, "elevation_f": 11.811024, "step_elevation_m": -0.3999999999999999, "step_elevation_f": -1.3123360000000002, "step_dist_m": 35.23958294965875, "step_dist_f": 115.6154333245584, "step_grade": -0.01135087213067808, "step_turn": 3.0914275925764514, "coast_speed_mps": 1.5221021845531795, "coast_speed_mph": 3.404845616842291}, "geometry": {"type": "Point", "coordinates": [-122.19984, 37.70425]}}, {"id": "295", "type": "Feature", "properties": {"name": "Some South Bay", "step": 295, "lat": 37.70396, "lon": -122.19931, "elevation_m": 3.8, "time": null, "elevation_f": 12.467191999999999, "step_elevation_m": 0.19999999999999973, "step_elevation_f": 0.6561679999999992, "step_dist_m": 56.69127680001382, "step_dist_f": 185.99500857655732, "step_grade": 0.003527879619037809, "step_turn": 6.833873030115797, "coast_speed_mps": 0.0, "coast_speed_mph": 0.0}, "geometry": {"type": "Point", "coordinates": [-122.19931, 37.70396]}}, {"id": "296", "type": "Feature", "properties": {"name": "Some South Bay", "step": 296, "lat": 37.70384, "lon": -122.19905, "elevation_m": 4.0, "time": null, "elevation_f": 13.12336, "step_elevation_m": 0.20000000000000018, "step_elevation_f": 0.656168000000001, "step_dist_m": 26.481087872584883, "step_dist_f": 86.88021233589139, "step_grade": 0.007552559810318612, "step_turn": 4.409873178783187, "coast_speed_mps": 0.0, "coast_speed_mph": 0.0}, "geometry": {"type": "Point", "coordinates": [-122.19905, 37.70384]}}, {"id": "297", "type": "Feature", "properties": {"name": "Some South Bay", "step": 297, "lat": 37.70368, "lon": -122.19863, "elevation_m": 4.6, "time": null, "elevation_f": 15.091864, "step_elevation_m": 0.5999999999999996, "step_elevation_f": 1.9685039999999994, "step_dist_m": 41.00987608475901, "step_dist_f": 134.54684185392074, "step_grade": 0.014630622115509997, "step_turn": 4.5466609817855215, "coast_speed_mps": 0.0, "coast_speed_mph": 0.0}, "geometry": {"type": "Point", "coordinates": [-122.19863, 37.70368]}}, {"id": "298", "type": "Feature", "properties": {"name": "Some South Bay", "step": 298, "lat": 37.70345, "lon": -122.19787, "elevation_m": 3.0, "time": null, "elevation_f": 9.84252, "step_elevation_m": -1.5999999999999996, "step_elevation_f": -5.249343999999999, "step_dist_m": 71.58594758436972, "step_dist_f": 234.86204027270355, "step_grade": -0.02235075533664303, "step_turn": 4.778726041027312, "coast_speed_mps": 4.489528891449227, "coast_speed_mph": 10.042790111509534}, "geometry": {"type": "Point", "coordinates": [-122.19787, 37.70345]}}, {"id": "299", "type": "Feature", "properties": {"name": "Some South Bay", "step": 299, "lat": 37.70336, "lon": -122.19742, "elevation_m": 2.1, "time": null, "elevation_f": 6.889764, "step_elevation_m": -0.8999999999999999, "step_elevation_f": -2.952756, "step_dist_m": 40.83449197314981, "step_dist_f": 133.97143464518882, "step_grade": -0.02204019093936036, "step_turn": 6.745645767094686, "coast_speed_mps": 5.055198531601071, "coast_speed_mph": 11.308157058878546}, "geometry": {"type": "Point", "coordinates": [-122.19742, 37.70336]}}, {"id": "300", "type": "Feature", "properties": {"name": "Some South Bay", "step": 300, "lat": 37.70331, "lon": -122.19703, "elevation_m": 1.4, "time": null, "elevation_f": 4.593176, "step_elevation_m": -0.7000000000000002, "step_elevation_f": -2.2965880000000007, "step_dist_m": 34.75820852750918, "step_dist_f": 114.03612086539323, "step_grade": -0.02013912769543313, "step_turn": 4.982012102306555, "coast_speed_mps": 5.246008486027873, "coast_speed_mph": 11.734986770821106}, "geometry": {"type": "Point", "coordinates": [-122.19703, 37.70331]}}, {"id": "301", "type": "Feature", "properties": {"name": "Some South Bay", "step": 301, "lat": 37.70323, "lon": -122.1963, "elevation_m": 1.6, "time": null, "elevation_f": 5.249344000000001, "step_elevation_m": 0.20000000000000018, "step_elevation_f": 0.656168000000001, "step_dist_m": 64.83574397038811, "step_dist_f": 212.7157022478081, "step_grade": 0.003084718208698963, "step_turn": 1.3184128063626872, "coast_speed_mps": 0.8595460965774042, "coast_speed_mph": 1.9227498581276916}, "geometry": {"type": "Point", "coordinates": [-122.1963, 37.70323]}}, {"id": "302", "type": "Feature", "properties": {"name": "Some South Bay", "step": 302, "lat": 37.70321, "lon": -122.19568, "elevation_m": 1.7, "time": null, "elevation_f": 5.577427999999999, "step_elevation_m": 0.09999999999999987, "step_elevation_f": 0.3280839999999987, "step_dist_m": 54.59057421190204, "step_dist_f": 179.10293949737667, "step_grade": 0.0018318180646320716, "step_turn": 5.551188270944749, "coast_speed_mps": 0.0, "coast_speed_mph": 0.0}, "geometry": {"type": "Point", "coordinates": [-122.19568, 37.70321]}}, {"id": "303", "type": "Feature", "properties": {"name": "Some South Bay", "step": 303, "lat": 37.70326, "lon": -122.1952, "elevation_m": 1.7, "time": null, "elevation_f": 5.577427999999999, "step_elevation_m": 0.0, "step_elevation_f": 0.0, "step_dist_m": 42.59299875053412, "step_dist_f": 139.74081402070237, "step_grade": 0.0, "step_turn": 9.835037438480072, "coast_speed_mps": 0.0, "coast_speed_mph": 0.0}, "geometry": {"type": "Point", "coordinates": [-122.1952, 37.70326]}}, {"id": "304", "type": "Feature", "properties": {"name": "Some South Bay", "step": 304, "lat": 37.70334, "lon": -122.19457, "elevation_m": 1.7, "time": null, "elevation_f": 5.577427999999999, "step_elevation_m": 0.0, "step_elevation_f": 0.0, "step_dist_m": 56.13428297753028, "step_dist_f": 184.16760096400046, "step_grade": 0.0, "step_turn": 1.617809096211829, "coast_speed_mps": 0.0, "coast_speed_mph": 0.0}, "geometry": {"type": "Point", "coordinates": [-122.19457, 37.70334]}}, {"id": "305", "type": "Feature", "properties": {"name": "Some South Bay", "step": 305, "lat": 37.70338, "lon": -122.19442, "elevation_m": 1.7, "time": null, "elevation_f": 5.577427999999999, "step_elevation_m": 0.0, "step_elevation_f": 0.0, "step_dist_m": 13.925806586457721, "step_dist_f": 45.68834328111395, "step_grade": 0.0, "step_turn": 9.50794341750668, "coast_speed_mps": 0.0, "coast_speed_mph": 0.0}, "geometry": {"type": "Point", "coordinates": [-122.19442, 37.70338]}}, {"id": "306", "type": "Feature", "properties": {"name": "Some South Bay", "step": 306, "lat": 37.70342, "lon": -122.19431, "elevation_m": 1.7, "time": null, "elevation_f": 5.577427999999999, "step_elevation_m": 0.0, "step_elevation_f": 0.0, "step_dist_m": 10.650549803959581, "step_dist_f": 34.942749818822755, "step_grade": 0.0, "step_turn": 6.057715357105167, "coast_speed_mps": 0.0, "coast_speed_mph": 0.0}, "geometry": {"type": "Point", "coordinates": [-122.19431, 37.70342]}}, {"id": "307", "type": "Feature", "properties": {"name": "Some South Bay", "step": 307, "lat": 37.70365, "lon": -122.19388, "elevation_m": 1.7, "time": null, "elevation_f": 5.577427999999999, "step_elevation_m": 0.0, "step_elevation_f": 0.0, "step_dist_m": 45.66346249695597, "step_dist_f": 149.81451429851302, "step_grade": 0.0, "step_turn": 9.376972053674592, "coast_speed_mps": 0.0, "coast_speed_mph": 0.0}, "geometry": {"type": "Point", "coordinates": [-122.19388, 37.70365]}}, {"id": "308", "type": "Feature", "properties": {"name": "Some South Bay", "step": 308, "lat": 37.70382, "lon": -122.19371, "elevation_m": 1.6, "time": null, "elevation_f": 5.249344000000001, "step_elevation_m": -0.09999999999999987, "step_elevation_f": -0.3280839999999987, "step_dist_m": 24.104069520545742, "step_dist_f": 79.08159544578729, "step_grade": -0.004148677048693468, "step_turn": 17.588664187278255, "coast_speed_mps": 0.0, "coast_speed_mph": 0.0}, "geometry": {"type": "Point", "coordinates": [-122.19371, 37.70382]}}, {"id": "309", "type": "Feature", "properties": {"name": "Some South Bay", "step": 309, "lat": 37.7039, "lon": -122.19366, "elevation_m": 1.6, "time": null, "elevation_f": 5.249344000000001, "step_elevation_m": 0.0, "step_elevation_f": 0.0, "step_dist_m": 9.9237492658362, "step_dist_f": 32.55823354132604, "step_grade": 0.0, "step_turn": 12.038545630693818, "coast_speed_mps": 0.0, "coast_speed_mph": 0.0}, "geometry": {"type": "Point", "coordinates": [-122.19366, 37.7039]}}, {"id": "310", "type": "Feature", "properties": {"name": "Some South Bay", "step": 310, "lat": 37.7047, "lon": -122.1933, "elevation_m": 1.6, "time": null, "elevation_f": 5.249344000000001, "step_elevation_m": 0.0, "step_elevation_f": 0.0, "step_dist_m": 94.42568692024285, "step_dist_f": 309.7955706754096, "step_grade": 0.0, "step_turn": 6.714730201306111, "coast_speed_mps": 0.0, "coast_speed_mph": 0.0}, "geometry": {"type": "Point", "coordinates": [-122.1933, 37.7047]}}, {"id": "311", "type": "Feature", "properties": {"name": "Some South Bay", "step": 311, "lat": 37.70489, "lon": -122.19318, "elevation_m": 1.7, "time": null, "elevation_f": 5.577427999999999, "step_elevation_m": 0.09999999999999987, "step_elevation_f": 0.3280839999999987, "step_dist_m": 23.61779539099114, "step_dist_f": 77.48620783057937, "step_grade": 0.004234095449829506, "step_turn": 6.953560878708515, "coast_speed_mps": 0.0, "coast_speed_mph": 0.0}, "geometry": {"type": "Point", "coordinates": [-122.19318, 37.70489]}}, {"id": "312", "type": "Feature", "properties": {"name": "Some South Bay", "step": 312, "lat": 37.70496, "lon": -122.19311, "elevation_m": 1.6, "time": null, "elevation_f": 5.249344000000001, "step_elevation_m": -0.09999999999999987, "step_elevation_f": -0.3280839999999987, "step_dist_m": 9.925143750944589, "step_dist_f": 32.562808623849044, "step_grade": -0.01007542082103171, "step_turn": 11.799297921850496, "coast_speed_mps": 0.0, "coast_speed_mph": 0.0}, "geometry": {"type": "Point", "coordinates": [-122.19311, 37.70496]}}, {"id": "313", "type": "Feature", "properties": {"name": "Some South Bay", "step": 313, "lat": 37.70499, "lon": -122.19309, "elevation_m": 1.6, "time": null, "elevation_f": 5.249344000000001, "step_elevation_m": 0.0, "step_elevation_f": 0.0, "step_dist_m": 3.771426802294148, "step_dist_f": 12.373447910038733, "step_grade": 0.0, "step_turn": 10.540737485477962, "coast_speed_mps": 0.0, "coast_speed_mph": 0.0}, "geometry": {"type": "Point", "coordinates": [-122.19309, 37.70499]}}, {"id": "314", "type": "Feature", "properties": {"name": "Some South Bay", "step": 314, "lat": 37.70503, "lon": -122.19309, "elevation_m": 1.6, "time": null, "elevation_f": 5.249344000000001, "step_elevation_m": 0.0, "step_elevation_f": 0.0, "step_dist_m": 4.447797065685877, "step_dist_f": 14.592510524984851, "step_grade": 0.0, "step_turn": null, "coast_speed_mps": 0.0, "coast_speed_mph": 0.0}, "geometry": {"type": "Point", "coordinates": [-122.19309, 37.70503]}}, {"id": "315", "type": "Feature", "properties": {"name": "Some South Bay", "step": 315, "lat": 37.70506, "lon": -122.19309, "elevation_m": 1.6, "time": null, "elevation_f": 5.249344000000001, "step_elevation_m": 0.0, "step_elevation_f": 0.0, "step_dist_m": 3.3358477997949, "step_dist_f": 10.9443828954791, "step_grade": 0.0, "step_turn": null, "coast_speed_mps": 0.0, "coast_speed_mph": 0.0}, "geometry": {"type": "Point", "coordinates": [-122.19309, 37.70506]}}, {"id": "316", "type": "Feature", "properties": {"name": "Some South Bay", "step": 316, "lat": 37.70513, "lon": -122.19315, "elevation_m": 1.6, "time": null, "elevation_f": 5.249344000000001, "step_elevation_m": 0.0, "step_elevation_f": 0.0, "step_dist_m": 9.404629360915935, "step_dist_f": 30.855084192467437, "step_grade": 0.0, "step_turn": null, "coast_speed_mps": 0.0, "coast_speed_mph": 0.0}, "geometry": {"type": "Point", "coordinates": [-122.19315, 37.70513]}}, {"id": "317", "type": "Feature", "properties": {"name": "Some South Bay", "step": 317, "lat": 37.70523, "lon": -122.1933, "elevation_m": 1.5, "time": null, "elevation_f": 4.92126, "step_elevation_m": -0.10000000000000009, "step_elevation_f": -0.3280840000000005, "step_dist_m": 17.256296113321536, "step_dist_f": 56.615146540429826, "step_grade": -0.005794986325182608, "step_turn": 15.738323808262692, "coast_speed_mps": 0.0, "coast_speed_mph": 0.0}, "geometry": {"type": "Point", "coordinates": [-122.1933, 37.70523]}}, {"id": "318", "type": "Feature", "properties": {"name": "Some South Bay", "step": 318, "lat": 37.70544, "lon": -122.19349, "elevation_m": 1.5, "time": null, "elevation_f": 4.92126, "step_elevation_m": 0.0, "step_elevation_f": 0.0, "step_dist_m": 28.716851150065388, "step_dist_f": 94.21539392718053, "step_grade": 0.0, "step_turn": 14.285578787392524, "coast_speed_mps": 0.0, "coast_speed_mph": 0.0}, "geometry": {"type": "Point", "coordinates": [-122.19349, 37.70544]}}, {"id": "319", "type": "Feature", "properties": {"name": "Some South Bay", "step": 319, "lat": 37.70559, "lon": -122.19361, "elevation_m": 1.5, "time": null, "elevation_f": 4.92126, "step_elevation_m": 0.0, "step_elevation_f": 0.0, "step_dist_m": 19.739388406518742, "step_dist_f": 64.76177505964294, "step_grade": 0.0, "step_turn": 3.2647068075736456, "coast_speed_mps": 0.0, "coast_speed_mph": 0.0}, "geometry": {"type": "Point", "coordinates": [-122.19361, 37.70559]}}, {"id": "320", "type": "Feature", "properties": {"name": "Some South Bay", "step": 320, "lat": 37.70579, "lon": -122.19376, "elevation_m": 1.5, "time": null, "elevation_f": 4.92126, "step_elevation_m": 0.0, "step_elevation_f": 0.0, "step_dist_m": 25.859364075798467, "step_dist_f": 84.84043603444265, "step_grade": 0.0, "step_turn": 1.6473156446963344, "coast_speed_mps": 0.0, "coast_speed_mph": 0.0}, "geometry": {"type": "Point", "coordinates": [-122.19376, 37.70579]}}, {"id": "321", "type": "Feature", "properties": {"name": "Some South Bay", "step": 321, "lat": 37.70607, "lon": -122.19388, "elevation_m": 1.5, "time": null, "elevation_f": 4.92126, "step_elevation_m": 0.0, "step_elevation_f": 0.0, "step_dist_m": 32.87563278904577, "step_dist_f": 107.85969107961292, "step_grade": 0.0, "step_turn": 11.953514316101234, "coast_speed_mps": 0.0, "coast_speed_mph": 0.0}, "geometry": {"type": "Point", "coordinates": [-122.19388, 37.70607]}}, {"id": "322", "type": "Feature", "properties": {"name": "Some South Bay", "step": 322, "lat": 37.70648, "lon": -122.19401, "elevation_m": 1.4, "time": null, "elevation_f": 4.593176, "step_elevation_m": -0.10000000000000009, "step_elevation_f": -0.3280840000000005, "step_dist_m": 47.00247757333382, "step_dist_f": 154.20760852169653, "step_grade": -0.0021275474222391556, "step_turn": 4.647876547157068, "coast_speed_mps": 0.0, "coast_speed_mph": 0.0}, "geometry": {"type": "Point", "coordinates": [-122.19401, 37.70648]}}, {"id": "323", "type": "Feature", "properties": {"name": "Some South Bay", "step": 323, "lat": 37.70691, "lon": -122.19409, "elevation_m": 1.4, "time": null, "elevation_f": 4.593176, "step_elevation_m": 0.0, "step_elevation_f": 0.0, "step_dist_m": 48.32899140169111, "step_dist_f": 158.55968815032426, "step_grade": 0.0, "step_turn": 5.708995645146217, "coast_speed_mps": 0.0, "coast_speed_mph": 0.0}, "geometry": {"type": "Point", "coordinates": [-122.19409, 37.70691]}}, {"id": "324", "type": "Feature", "properties": {"name": "Some South Bay", "step": 324, "lat": 37.70716, "lon": -122.19406, "elevation_m": 1.4, "time": null, "elevation_f": 4.593176, "step_elevation_m": 0.0, "step_elevation_f": 0.0, "step_dist_m": 27.923728239912332, "step_dist_f": 91.61328455863398, "step_grade": 0.0, "step_turn": 13.796551125110227, "coast_speed_mps": 0.0, "coast_speed_mph": 0.0}, "geometry": {"type": "Point", "coordinates": [-122.19406, 37.70716]}}, {"id": "325", "type": "Feature", "properties": {"name": "Some South Bay", "step": 325, "lat": 37.70735, "lon": -122.19398, "elevation_m": 1.4, "time": null, "elevation_f": 4.593176, "step_elevation_m": 0.0, "step_elevation_f": 0.0, "step_dist_m": 22.26838743057433, "step_dist_f": 73.05901621772549, "step_grade": 0.0, "step_turn": 13.00034875803118, "coast_speed_mps": 0.0, "coast_speed_mph": 0.0}, "geometry": {"type": "Point", "coordinates": [-122.19398, 37.70735]}}, {"id": "326", "type": "Feature", "properties": {"name": "Some South Bay", "step": 326, "lat": 37.70777, "lon": -122.19373, "elevation_m": 1.4, "time": null, "elevation_f": 4.593176, "step_elevation_m": 0.0, "step_elevation_f": 0.0, "step_dist_m": 51.62118174839509, "step_dist_f": 169.36083792740453, "step_grade": 0.0, "step_turn": 6.792909578727688, "coast_speed_mps": 0.0, "coast_speed_mph": 0.0}, "geometry": {"type": "Point", "coordinates": [-122.19373, 37.70777]}}, {"id": "327", "type": "Feature", "properties": {"name": "Some South Bay", "step": 327, "lat": 37.70834, "lon": -122.19363, "elevation_m": 1.0, "time": null, "elevation_f": 3.28084, "step_elevation_m": -0.3999999999999999, "step_elevation_f": -1.3123359999999997, "step_dist_m": 63.98869378620033, "step_dist_f": 209.93666612151748, "step_grade": -0.006251104317529656, "step_turn": 17.3146163386034, "coast_speed_mps": 0.0, "coast_speed_mph": 0.0}, "geometry": {"type": "Point", "coordinates": [-122.19363, 37.70834]}}, {"id": "328", "type": "Feature", "properties": {"name": "Some South Bay", "step": 328, "lat": 37.70854, "lon": -122.19355, "elevation_m": 0.2, "time": null, "elevation_f": 0.6561680000000001, "step_elevation_m": -0.8, "step_elevation_f": -2.624672, "step_dist_m": 23.32595786953668, "step_dist_f": 76.52873561669072, "step_grade": -0.03429655512860147, "step_turn": 9.658212698370562, "coast_speed_mps": 3.469114822659741, "coast_speed_mph": 7.760188848111438}, "geometry": {"type": "Point", "coordinates": [-122.19355, 37.70854]}}, {"id": "329", "type": "Feature", "properties": {"name": "Some South Bay", "step": 329, "lat": 37.70892, "lon": -122.19348, "elevation_m": 2.3, "time": null, "elevation_f": 7.545932, "step_elevation_m": 2.0999999999999996, "step_elevation_f": 6.8897639999999996, "step_dist_m": 42.700422345331965, "step_dist_f": 140.09325364745894, "step_grade": 0.049179841431464734, "step_turn": 9.268546027537127, "coast_speed_mps": 0.0, "coast_speed_mph": 0.0}, "geometry": {"type": "Point", "coordinates": [-122.19348, 37.70892]}}, {"id": "330", "type": "Feature", "properties": {"name": "Some South Bay", "step": 330, "lat": 37.709, "lon": -122.19343, "elevation_m": 2.3, "time": null, "elevation_f": 7.545932, "step_elevation_m": 0.0, "step_elevation_f": 0.0, "step_dist_m": 9.923615105926078, "step_dist_f": 32.55779338412651, "step_grade": 0.0, "step_turn": 18.01872459330366, "coast_speed_mps": 0.0, "coast_speed_mph": 0.0}, "geometry": {"type": "Point", "coordinates": [-122.19343, 37.709]}}, {"id": "331", "type": "Feature", "properties": {"name": "Some South Bay", "step": 331, "lat": 37.70906, "lon": -122.19339, "elevation_m": 2.3, "time": null, "elevation_f": 7.545932, "step_elevation_m": 0.0, "step_elevation_f": 0.0, "step_dist_m": 7.542763785723793, "step_dist_f": 24.74660113875405, "step_grade": 0.0, "step_turn": 1.497657938415216, "coast_speed_mps": 0.0, "coast_speed_mph": 0.0}, "geometry": {"type": "Point", "coordinates": [-122.19339, 37.70906]}}, {"id": "332", "type": "Feature", "properties": {"name": "Some South Bay", "step": 332, "lat": 37.70906, "lon": -122.19339, "elevation_m": 2.3, "time": null, "elevation_f": 7.545932, "step_elevation_m": 0.0, "step_elevation_f": 0.0, "step_dist_m": 0.0, "step_dist_f": 0.0, "step_grade": null, "step_turn": null, "coast_speed_mps": 0.0, "coast_speed_mph": 0.0}, "geometry": {"type": "Point", "coordinates": [-122.19339, 37.70906]}}, {"id": "333", "type": "Feature", "properties": {"name": "Some South Bay", "step": 333, "lat": 37.70924, "lon": -122.19325, "elevation_m": 2.4, "time": null, "elevation_f": 7.874015999999999, "step_elevation_m": 0.10000000000000009, "step_elevation_f": 0.3280839999999996, "step_dist_m": 23.50063423610005, "step_dist_f": 77.10182082716649, "step_grade": 0.004255204306204936, "step_turn": null, "coast_speed_mps": 0.0, "coast_speed_mph": 0.0}, "geometry": {"type": "Point", "coordinates": [-122.19325, 37.70924]}}, {"id": "334", "type": "Feature", "properties": {"name": "Some South Bay", "step": 334, "lat": 37.70932, "lon": -122.19318, "elevation_m": 2.5, "time": null, "elevation_f": 8.2021, "step_elevation_m": 0.10000000000000009, "step_elevation_f": 0.3280840000000005, "step_dist_m": 10.818987449249933, "step_dist_f": 35.49536678299715, "step_grade": 0.009243009151187523, "step_turn": 3.08749563793981, "coast_speed_mps": 0.0, "coast_speed_mph": 0.0}, "geometry": {"type": "Point", "coordinates": [-122.19318, 37.70932]}}, {"id": "335", "type": "Feature", "properties": {"name": "Some South Bay", "step": 335, "lat": 37.70939, "lon": -122.19308, "elevation_m": 2.4, "time": null, "elevation_f": 7.874015999999999, "step_elevation_m": -0.10000000000000009, "step_elevation_f": -0.3280840000000005, "step_dist_m": 11.746083164913808, "step_dist_f": 38.53701949077582, "step_grade": -0.008513476245316018, "step_turn": 13.804733585246254, "coast_speed_mps": 0.0, "coast_speed_mph": 0.0}, "geometry": {"type": "Point", "coordinates": [-122.19308, 37.70939]}}, {"id": "336", "type": "Feature", "properties": {"name": "Some South Bay", "step": 336, "lat": 37.70942, "lon": -122.19297, "elevation_m": 2.2, "time": null, "elevation_f": 7.217848000000001, "step_elevation_m": -0.19999999999999973, "step_elevation_f": -0.6561679999999983, "step_dist_m": 10.235429565117403, "step_dist_f": 33.58080673441978, "step_grade": -0.01953997130531821, "step_turn": 22.482129862929014, "coast_speed_mps": 1.0649848651864042, "coast_speed_mph": 2.38230329542413}, "geometry": {"type": "Point", "coordinates": [-122.19297, 37.70942]}}, {"id": "337", "type": "Feature", "properties": {"name": "Some South Bay", "step": 337, "lat": 37.70946, "lon": -122.19265, "elevation_m": 1.9, "time": null, "elevation_f": 6.2335959999999995, "step_elevation_m": -0.30000000000000027, "step_elevation_f": -0.9842520000000015, "step_dist_m": 28.499245359938055, "step_dist_f": 93.50146414669916, "step_grade": -0.010526594518945267, "step_turn": 10.042069296448744, "coast_speed_mps": 1.5222440299045417, "coast_speed_mph": 3.405162915856612}, "geometry": {"type": "Point", "coordinates": [-122.19265, 37.70946]}}, {"id": "338", "type": "Feature", "properties": {"name": "Some South Bay", "step": 338, "lat": 37.70947, "lon": -122.19245, "elevation_m": 2.3, "time": null, "elevation_f": 7.545932, "step_elevation_m": 0.3999999999999999, "step_elevation_f": 1.3123360000000002, "step_dist_m": 17.62886500782972, "step_dist_f": 57.83748547228806, "step_grade": 0.022690059730013423, "step_turn": 5.362371625616049, "coast_speed_mps": 0.0, "coast_speed_mph": 0.0}, "geometry": {"type": "Point", "coordinates": [-122.19245, 37.70947]}}, {"id": "339", "type": "Feature", "properties": {"name": "Some South Bay", "step": 339, "lat": 37.70944, "lon": -122.19246, "elevation_m": 2.3, "time": null, "elevation_f": 7.545932, "step_elevation_m": 0.0, "step_elevation_f": 0.0, "step_dist_m": 3.449888675914659, "step_dist_f": 11.31853276348785, "step_grade": 0.0, "step_turn": 108.38943545966572, "coast_speed_mps": 0.0, "coast_speed_mph": 0.0}, "geometry": {"type": "Point", "coordinates": [-122.19246, 37.70944]}}, {"id": "340", "type": "Feature", "properties": {"name": "Some South Bay", "step": 340, "lat": 37.70942, "lon": -122.19241, "elevation_m": 2.3, "time": null, "elevation_f": 7.545932, "step_elevation_m": 0.0, "step_elevation_f": 0.0, "step_dist_m": 4.92869364998018, "step_dist_f": 16.170255274600972, "step_grade": 0.0, "step_turn": 77.95139150688217, "coast_speed_mps": 0.0, "coast_speed_mph": 0.0}, "geometry": {"type": "Point", "coordinates": [-122.19241, 37.70942]}}, {"id": "341", "type": "Feature", "properties": {"name": "Some South Bay", "step": 341, "lat": 37.70944, "lon": -122.19228, "elevation_m": 2.3, "time": null, "elevation_f": 7.545932, "step_elevation_m": 0.0, "step_elevation_f": 0.0, "step_dist_m": 11.650179761384088, "step_dist_f": 38.22237576833937, "step_grade": 0.0, "step_turn": 37.82636929128586, "coast_speed_mps": 0.0, "coast_speed_mph": 0.0}, "geometry": {"type": "Point", "coordinates": [-122.19228, 37.70944]}}, {"id": "342", "type": "Feature", "properties": {"name": "Some South Bay", "step": 342, "lat": 37.70906, "lon": -122.19232, "elevation_m": 2.3, "time": null, "elevation_f": 7.545932, "step_elevation_m": 0.0, "step_elevation_f": 0.0, "step_dist_m": 42.400333737005454, "step_dist_f": 139.10871093771698, "step_grade": 0.0, "step_turn": 105.76515478688424, "coast_speed_mps": 0.0, "coast_speed_mph": 0.0}, "geometry": {"type": "Point", "coordinates": [-122.19232, 37.70906]}}, {"id": "343", "type": "Feature", "properties": {"name": "Some South Bay", "step": 343, "lat": 37.7088, "lon": -122.19233, "elevation_m": 2.3, "time": null, "elevation_f": 7.545932, "step_elevation_m": 0.0, "step_elevation_f": 0.0, "step_dist_m": 28.92406150634704, "step_dist_f": 94.89521795248362, "step_grade": 0.0, "step_turn": 3.0175465957827328, "coast_speed_mps": 0.0, "coast_speed_mph": 0.0}, "geometry": {"type": "Point", "coordinates": [-122.19233, 37.7088]}}, {"id": "344", "type": "Feature", "properties": {"name": "Some South Bay", "step": 344, "lat": 37.70843, "lon": -122.19229, "elevation_m": 2.2, "time": null, "elevation_f": 7.217848000000001, "step_elevation_m": -0.09999999999999964, "step_elevation_f": -0.3280839999999987, "step_dist_m": 41.29232586438243, "step_dist_f": 135.47351438890044, "step_grade": -0.002421757503523355, "step_turn": 6.631355822423529, "coast_speed_mps": 0.0, "coast_speed_mph": 0.0}, "geometry": {"type": "Point", "coordinates": [-122.19229, 37.70843]}}, {"id": "345", "type": "Feature", "properties": {"name": "Some South Bay", "step": 345, "lat": 37.70824, "lon": -122.19221, "elevation_m": 2.2, "time": null, "elevation_f": 7.217848000000001, "step_elevation_m": 0.0, "step_elevation_f": 0.0, "step_dist_m": 22.26835501839637, "step_dist_f": 73.05890987855555, "step_grade": 0.0, "step_turn": 13.534925385730617, "coast_speed_mps": 0.0, "coast_speed_mph": 0.0}, "geometry": {"type": "Point", "coordinates": [-122.19221, 37.70824]}}, {"id": "346", "type": "Feature", "properties": {"name": "Some South Bay", "step": 346, "lat": 37.70809, "lon": -122.1921, "elevation_m": 2.1, "time": null, "elevation_f": 6.889764, "step_elevation_m": -0.10000000000000009, "step_elevation_f": -0.3280840000000005, "step_dist_m": 19.28305693823804, "step_dist_f": 63.26462452524889, "step_grade": -0.005185899741949184, "step_turn": 11.697492830452461, "coast_speed_mps": 0.0, "coast_speed_mph": 0.0}, "geometry": {"type": "Point", "coordinates": [-122.1921, 37.70809]}}, {"id": "347", "type": "Feature", "properties": {"name": "Some South Bay", "step": 347, "lat": 37.70774, "lon": -122.19178, "elevation_m": 2.1, "time": null, "elevation_f": 6.889764, "step_elevation_m": 0.0, "step_elevation_f": 0.0, "step_dist_m": 48.032123473618284, "step_dist_f": 157.5857119771858, "step_grade": 0.0, "step_turn": 5.758421798867062, "coast_speed_mps": 0.0, "coast_speed_mph": 0.0}, "geometry": {"type": "Point", "coordinates": [-122.19178, 37.70774]}}, {"id": "348", "type": "Feature", "properties": {"name": "Some South Bay", "step": 348, "lat": 37.70721, "lon": -122.1914, "elevation_m": 2.3, "time": null, "elevation_f": 7.545932, "step_elevation_m": 0.19999999999999973, "step_elevation_f": 0.6561679999999992, "step_dist_m": 67.75423380352244, "step_dist_f": 222.29080043194855, "step_grade": 0.0029518450548783573, "step_turn": 6.315787392575373, "coast_speed_mps": 0.0, "coast_speed_mph": 0.0}, "geometry": {"type": "Point", "coordinates": [-122.1914, 37.70721]}}, {"id": "349", "type": "Feature", "properties": {"name": "Some South Bay", "step": 349, "lat": 37.70649, "lon": -122.19095, "elevation_m": 2.4, "time": null, "elevation_f": 7.874015999999999, "step_elevation_m": 0.10000000000000009, "step_elevation_f": 0.3280839999999996, "step_dist_m": 89.31303551067558, "step_dist_f": 293.02177942484485, "step_grade": 0.001119657387392763, "step_turn": 3.2524402672384554, "coast_speed_mps": 0.0, "coast_speed_mph": 0.0}, "geometry": {"type": "Point", "coordinates": [-122.19095, 37.70649]}}, {"id": "350", "type": "Feature", "properties": {"name": "Some South Bay", "step": 350, "lat": 37.70577, "lon": -122.1905, "elevation_m": 2.6, "time": null, "elevation_f": 8.530184, "step_elevation_m": 0.20000000000000018, "step_elevation_f": 0.656168000000001, "step_dist_m": 89.31320597364491, "step_dist_f": 293.02233868657316, "step_grade": 0.002239310500834752, "step_turn": 0.00022115226602181792, "coast_speed_mps": 0.0, "coast_speed_mph": 0.0}, "geometry": {"type": "Point", "coordinates": [-122.1905, 37.70577]}}, {"id": "351", "type": "Feature", "properties": {"name": "Some South Bay", "step": 351, "lat": 37.70505, "lon": -122.19005, "elevation_m": 2.7, "time": null, "elevation_f": 8.858268, "step_elevation_m": 0.10000000000000009, "step_elevation_f": 0.3280840000000005, "step_dist_m": 89.31337643453989, "step_dist_f": 293.02289794149584, "step_grade": 0.001119653113476151, "step_turn": 0.0002211483298424355, "coast_speed_mps": 0.0, "coast_speed_mph": 0.0}, "geometry": {"type": "Point", "coordinates": [-122.19005, 37.70505]}}, {"id": "352", "type": "Feature", "properties": {"name": "Some South Bay", "step": 352, "lat": 37.70494, "lon": -122.18999, "elevation_m": 2.7, "time": null, "elevation_f": 8.858268, "step_elevation_m": 0.0, "step_elevation_f": 0.0, "step_dist_m": 13.321793158450161, "step_dist_f": 43.706671865969625, "step_grade": 0.0, "step_turn": 2.9690435649582696, "coast_speed_mps": 0.0, "coast_speed_mph": 0.0}, "geometry": {"type": "Point", "coordinates": [-122.18999, 37.70494]}}, {"id": "353", "type": "Feature", "properties": {"name": "Some South Bay", "step": 353, "lat": 37.70421, "lon": -122.18983, "elevation_m": 2.8, "time": null, "elevation_f": 9.186352, "step_elevation_m": 0.09999999999999964, "step_elevation_f": 0.3280839999999987, "step_dist_m": 82.38369828425714, "step_dist_f": 270.28773267892217, "step_grade": 0.0012138323731833345, "step_turn": 13.504730473478617, "coast_speed_mps": 0.0, "coast_speed_mph": 0.0}, "geometry": {"type": "Point", "coordinates": [-122.18983, 37.70421]}}, {"id": "354", "type": "Feature", "properties": {"name": "Some South Bay", "step": 354, "lat": 37.70349, "lon": -122.18967, "elevation_m": 3.1, "time": null, "elevation_f": 10.170604, "step_elevation_m": 0.30000000000000027, "step_elevation_f": 0.9842520000000015, "step_dist_m": 81.28834540804633, "step_dist_f": 266.6940551485347, "step_grade": 0.0036905659537548514, "step_turn": 0.13400647107766872, "coast_speed_mps": 0.0, "coast_speed_mph": 0.0}, "geometry": {"type": "Point", "coordinates": [-122.18967, 37.70349]}}, {"id": "355", "type": "Feature", "properties": {"name": "Some South Bay", "step": 355, "lat": 37.70276, "lon": -122.1895, "elevation_m": 4.0, "time": null, "elevation_f": 13.12336, "step_elevation_m": 0.8999999999999999, "step_elevation_f": 2.952755999999999, "step_dist_m": 82.53861491267354, "step_dist_f": 270.79598935009585, "step_grade": 0.01090398719377841, "step_turn": 0.46792073028677805, "coast_speed_mps": 0.0, "coast_speed_mph": 0.0}, "geometry": {"type": "Point", "coordinates": [-122.1895, 37.70276]}}, {"id": "356", "type": "Feature", "properties": {"name": "Some South Bay", "step": 356, "lat": 37.70203, "lon": -122.18934, "elevation_m": 3.7, "time": null, "elevation_f": 12.139108, "step_elevation_m": -0.2999999999999998, "step_elevation_f": -0.9842519999999997, "step_dist_m": 82.3837690186973, "step_dist_f": 270.28796474730285, "step_grade": -0.0036414939929722535, "step_turn": 0.6016435189110325, "coast_speed_mps": 0.0, "coast_speed_mph": 0.0}, "geometry": {"type": "Point", "coordinates": [-122.18934, 37.70203]}}, {"id": "357", "type": "Feature", "properties": {"name": "Some South Bay", "step": 357, "lat": 37.70131, "lon": -122.18918, "elevation_m": 2.4, "time": null, "elevation_f": 7.874015999999999, "step_elevation_m": -1.3000000000000003, "step_elevation_f": -4.265092000000001, "step_dist_m": 81.28841709584992, "step_dist_f": 266.69429034474825, "step_grade": -0.015992438362615997, "step_turn": 0.13401017160072115, "coast_speed_mps": 3.131153214593783, "coast_speed_mph": 7.004190261707631}, "geometry": {"type": "Point", "coordinates": [-122.18918, 37.70131]}}, {"id": "358", "type": "Feature", "properties": {"name": "Some South Bay", "step": 358, "lat": 37.70126, "lon": -122.18915, "elevation_m": 2.4, "time": null, "elevation_f": 7.874015999999999, "step_elevation_m": 0.0, "step_elevation_f": 0.0, "step_dist_m": 6.154427421443835, "step_dist_f": 20.19169166136979, "step_grade": 0.0, "step_turn": 15.422843253497035, "coast_speed_mps": 3.1475589908015422, "coast_speed_mph": 7.04088893790609}, "geometry": {"type": "Point", "coordinates": [-122.18915, 37.70126]}}, {"id": "359", "type": "Feature", "properties": {"name": "Some South Bay", "step": 359, "lat": 37.70122, "lon": -122.18915, "elevation_m": 2.4, "time": null, "elevation_f": 7.874015999999999, "step_elevation_m": 0.0, "step_elevation_f": 0.0, "step_dist_m": 4.447797065685877, "step_dist_f": 14.592510524984851, "step_grade": 0.0, "step_turn": 25.394911790855417, "coast_speed_mps": 3.1463469554654706, "coast_speed_mph": 7.038177692075579}, "geometry": {"type": "Point", "coordinates": [-122.18915, 37.70122]}}, {"id": "360", "type": "Feature", "properties": {"name": "Some South Bay", "step": 360, "lat": 37.70119, "lon": -122.18911, "elevation_m": 2.5, "time": null, "elevation_f": 8.2021, "step_elevation_m": 0.10000000000000009, "step_elevation_f": 0.3280840000000005, "step_dist_m": 4.848944068565478, "step_dist_f": 15.908609657912363, "step_grade": 0.020623046705833484, "step_turn": 46.53168801408458, "coast_speed_mps": 2.8955968074576734, "coast_speed_mph": 6.477265585758926}, "geometry": {"type": "Point", "coordinates": [-122.18911, 37.70119]}}, {"id": "361", "type": "Feature", "properties": {"name": "Some South Bay", "step": 361, "lat": 37.70115, "lon": -122.18904, "elevation_m": 2.5, "time": null, "elevation_f": 8.2021, "step_elevation_m": 0.0, "step_elevation_f": 0.0, "step_dist_m": 7.596715888473857, "step_dist_f": 24.923609355540567, "step_grade": 0.0, "step_turn": 7.630757912371564, "coast_speed_mps": 2.5960398579495925, "coast_speed_mph": 5.8071757738671925}, "geometry": {"type": "Point", "coordinates": [-122.18904, 37.70115]}}, {"id": "362", "type": "Feature", "properties": {"name": "Some South Bay", "step": 362, "lat": 37.70111, "lon": -122.18913, "elevation_m": 2.4, "time": null, "elevation_f": 7.874015999999999, "step_elevation_m": -0.10000000000000009, "step_elevation_f": -0.3280840000000005, "step_dist_m": 9.08179164150639, "step_dist_f": 29.795905289119826, "step_grade": -0.01101104318920635, "step_turn": 114.83839750480064, "coast_speed_mps": 2.4749825455928223, "coast_speed_mph": 5.536378278437767}, "geometry": {"type": "Point", "coordinates": [-122.18913, 37.70111]}}, {"id": "363", "type": "Feature", "properties": {"name": "Some South Bay", "step": 363, "lat": 37.70103, "lon": -122.18922, "elevation_m": 2.3, "time": null, "elevation_f": 7.545932, "step_elevation_m": -0.10000000000000009, "step_elevation_f": -0.3280839999999996, "step_dist_m": 11.909145104687939, "step_dist_f": 39.071999625264375, "step_grade": -0.008396908352442183, "step_turn": 19.003208852996664, "coast_speed_mps": 2.4421492942851852, "coast_speed_mph": 5.462932387001572}, "geometry": {"type": "Point", "coordinates": [-122.18922, 37.70103]}}, {"id": "364", "type": "Feature", "properties": {"name": "Some South Bay", "step": 364, "lat": 37.70092, "lon": -122.18933, "elevation_m": 2.3, "time": null, "elevation_f": 7.545932, "step_elevation_m": 0.0, "step_elevation_f": 0.0, "step_dist_m": 15.596974444119626, "step_dist_f": 51.171177635245435, "step_grade": 0.0, "step_turn": 3.3212015098178256, "coast_speed_mps": 2.013444016092507, "coast_speed_mph": 4.503945991617092}, "geometry": {"type": "Point", "coordinates": [-122.18933, 37.70092]}}, {"id": "365", "type": "Feature", "properties": {"name": "Some South Bay", "step": 365, "lat": 37.70084, "lon": -122.18938, "elevation_m": 2.2, "time": null, "elevation_f": 7.217848000000001, "step_elevation_m": -0.09999999999999964, "step_elevation_f": -0.3280839999999987, "step_dist_m": 9.92382765396642, "step_dist_f": 32.55849072023919, "step_grade": -0.010076757022279705, "step_turn": 12.038723516061538, "coast_speed_mps": 1.7243320617112041, "coast_speed_mph": 3.8572209683947793}, "geometry": {"type": "Point", "coordinates": [-122.18938, 37.70084]}}, {"id": "366", "type": "Feature", "properties": {"name": "Some South Bay", "step": 366, "lat": 37.7007, "lon": -122.18946, "elevation_m": 2.3, "time": null, "elevation_f": 7.545932, "step_elevation_m": 0.09999999999999964, "step_elevation_f": 0.3280839999999987, "step_dist_m": 17.084455013848302, "step_dist_f": 56.05136338763406, "step_grade": 0.00585327421442134, "step_turn": 1.9839715249075596, "coast_speed_mps": 0.0, "coast_speed_mph": 0.0}, "geometry": {"type": "Point", "coordinates": [-122.18946, 37.7007]}}, {"id": "367", "type": "Feature", "properties": {"name": "Some South Bay", "step": 367, "lat": 37.70062, "lon": -122.18949, "elevation_m": 2.3, "time": null, "elevation_f": 7.545932, "step_elevation_m": 0.0, "step_elevation_f": 0.0, "step_dist_m": 9.278895948564422, "step_dist_f": 30.4425729838881, "step_grade": 0.0, "step_turn": 7.802888611020734, "coast_speed_mps": 0.0, "coast_speed_mph": 0.0}, "geometry": {"type": "Point", "coordinates": [-122.18949, 37.70062]}}, {"id": "368", "type": "Feature", "properties": {"name": "Some South Bay", "step": 368, "lat": 37.70051, "lon": -122.18947, "elevation_m": 2.3, "time": null, "elevation_f": 7.545932, "step_elevation_m": 0.0, "step_elevation_f": 0.0, "step_dist_m": 12.35735892775506, "step_dist_f": 40.54251746453591, "step_grade": 0.0, "step_turn": 24.712240852846122, "coast_speed_mps": 0.0, "coast_speed_mph": 0.0}, "geometry": {"type": "Point", "coordinates": [-122.18947, 37.70051]}}, {"id": "369", "type": "Feature", "properties": {"name": "Some South Bay", "step": 369, "lat": 37.70037, "lon": -122.18951, "elevation_m": 2.2, "time": null, "elevation_f": 7.217848000000001, "step_elevation_m": -0.09999999999999964, "step_elevation_f": -0.3280839999999987, "step_dist_m": 15.960111002009661, "step_dist_f": 52.362570579833374, "step_grade": -0.0062656205829275165, "step_turn": 20.924610544927845, "coast_speed_mps": 0.0, "coast_speed_mph": 0.0}, "geometry": {"type": "Point", "coordinates": [-122.18951, 37.70037]}}, {"id": "370", "type": "Feature", "properties": {"name": "Some South Bay", "step": 370, "lat": 37.70027, "lon": -122.18952, "elevation_m": 2.2, "time": null, "elevation_f": 7.217848000000001, "step_elevation_m": 0.0, "step_elevation_f": 0.0, "step_dist_m": 11.154244000583788, "step_dist_f": 36.595289886875314, "step_grade": 0.0, "step_turn": 8.214391535378553, "coast_speed_mps": 0.0, "coast_speed_mph": 0.0}, "geometry": {"type": "Point", "coordinates": [-122.18952, 37.70027]}}, {"id": "371", "type": "Feature", "properties": {"name": "Some South Bay", "step": 371, "lat": 37.70009, "lon": -122.18952, "elevation_m": 2.1, "time": null, "elevation_f": 6.889764, "step_elevation_m": -0.10000000000000009, "step_elevation_f": -0.3280840000000005, "step_dist_m": 20.015086795940107, "step_dist_f": 65.66629736359214, "step_grade": -0.004996231144013038, "step_turn": 4.523935720243344, "coast_speed_mps": 0.0, "coast_speed_mph": 0.0}, "geometry": {"type": "Point", "coordinates": [-122.18952, 37.70009]}}, {"id": "372", "type": "Feature", "properties": {"name": "Some South Bay", "step": 372, "lat": 37.69994, "lon": -122.1895, "elevation_m": 2.1, "time": null, "elevation_f": 6.889764, "step_elevation_m": 0.0, "step_elevation_f": 0.0, "step_dist_m": 16.77179797839033, "step_dist_f": 55.025585679422136, "step_grade": 0.0, "step_turn": 6.0222319053916635, "coast_speed_mps": 0.0, "coast_speed_mph": 0.0}, "geometry": {"type": "Point", "coordinates": [-122.1895, 37.69994]}}, {"id": "373", "type": "Feature", "properties": {"name": "Some South Bay", "step": 373, "lat": 37.69978, "lon": -122.18946, "elevation_m": 2.1, "time": null, "elevation_f": 6.889764, "step_elevation_m": 0.0, "step_elevation_f": 0.0, "step_dist_m": 18.13590933079352, "step_dist_f": 59.501016768840614, "step_grade": 0.0, "step_turn": 5.166804054461068, "coast_speed_mps": 0.0, "coast_speed_mph": 0.0}, "geometry": {"type": "Point", "coordinates": [-122.18946, 37.69978]}}, {"id": "374", "type": "Feature", "properties": {"name": "Some South Bay", "step": 374, "lat": 37.69964, "lon": -122.1894, "elevation_m": 2.0, "time": null, "elevation_f": 6.56168, "step_elevation_m": -0.10000000000000009, "step_elevation_f": -0.3280840000000005, "step_dist_m": 16.43795863368203, "step_dist_f": 53.93031220372935, "step_grade": -0.006083480450856965, "step_turn": 7.542632430743652, "coast_speed_mps": 0.0, "coast_speed_mph": 0.0}, "geometry": {"type": "Point", "coordinates": [-122.1894, 37.69964]}}, {"id": "375", "type": "Feature", "properties": {"name": "Some South Bay", "step": 375, "lat": 37.69951, "lon": -122.18933, "elevation_m": 2.0, "time": null, "elevation_f": 6.56168, "step_elevation_m": 0.0, "step_elevation_f": 0.0, "step_dist_m": 15.71259665386261, "step_dist_f": 51.55051560585861, "step_grade": 0.0, "step_turn": 4.344582664789982, "coast_speed_mps": 0.0, "coast_speed_mph": 0.0}, "geometry": {"type": "Point", "coordinates": [-122.18933, 37.69951]}}, {"id": "376", "type": "Feature", "properties": {"name": "Some South Bay", "step": 376, "lat": 37.69939, "lon": -122.18925, "elevation_m": 2.0, "time": null, "elevation_f": 6.56168, "step_elevation_m": 0.0, "step_elevation_f": 0.0, "step_dist_m": 15.085951954879185, "step_dist_f": 49.49459461164582, "step_grade": 0.0, "step_turn": 4.7348047945178, "coast_speed_mps": 0.0, "coast_speed_mph": 0.0}, "geometry": {"type": "Point", "coordinates": [-122.18925, 37.69939]}}, {"id": "377", "type": "Feature", "properties": {"name": "Some South Bay", "step": 377, "lat": 37.69921, "lon": -122.1891, "elevation_m": 2.0, "time": null, "elevation_f": 6.56168, "step_elevation_m": 0.0, "step_elevation_f": 0.0, "step_dist_m": 23.974318896451337, "step_dist_f": 78.6559044082334, "step_grade": 0.0, "step_turn": 5.588217697471407, "coast_speed_mps": 0.0, "coast_speed_mph": 0.0}, "geometry": {"type": "Point", "coordinates": [-122.1891, 37.69921]}}, {"id": "378", "type": "Feature", "properties": {"name": "Some South Bay", "step": 378, "lat": 37.699, "lon": -122.18888, "elevation_m": 2.0, "time": null, "elevation_f": 6.56168, "step_elevation_m": 0.0, "step_elevation_f": 0.0, "step_dist_m": 30.330097389138334, "step_dist_f": 99.50819671818061, "step_grade": 0.0, "step_turn": 6.2564978171764665, "coast_speed_mps": 0.0, "coast_speed_mph": 0.0}, "geometry": {"type": "Point", "coordinates": [-122.18888, 37.699]}}, {"id": "379", "type": "Feature", "properties": {"name": "Some South Bay", "step": 379, "lat": 37.69887, "lon": -122.18877, "elevation_m": 2.0, "time": null, "elevation_f": 6.56168, "step_elevation_m": 0.0, "step_elevation_f": 0.0, "step_dist_m": 17.395961104931022, "step_dist_f": 57.07336503150189, "step_grade": 0.0, "step_turn": 5.853173927686669, "coast_speed_mps": 0.0, "coast_speed_mph": 0.0}, "geometry": {"type": "Point", "coordinates": [-122.18877, 37.69887]}}, {"id": "380", "type": "Feature", "properties": {"name": "Some South Bay", "step": 380, "lat": 37.69869, "lon": -122.18866, "elevation_m": 2.0, "time": null, "elevation_f": 6.56168, "step_elevation_m": 0.0, "step_elevation_f": 0.0, "step_dist_m": 22.232109345469798, "step_dist_f": 72.93999362499113, "step_grade": 0.0, "step_turn": 7.997243517585673, "coast_speed_mps": 0.0, "coast_speed_mph": 0.0}, "geometry": {"type": "Point", "coordinates": [-122.18866, 37.69869]}}, {"id": "381", "type": "Feature", "properties": {"name": "Some South Bay", "step": 381, "lat": 37.69805, "lon": -122.18834, "elevation_m": 2.0, "time": null, "elevation_f": 6.56168, "step_elevation_m": 0.0, "step_elevation_f": 0.0, "step_dist_m": 76.53158103259065, "step_dist_f": 251.0878723149647, "step_grade": 0.0, "step_turn": 4.2204907295727025, "coast_speed_mps": 0.0, "coast_speed_mph": 0.0}, "geometry": {"type": "Point", "coordinates": [-122.18834, 37.69805]}}, {"id": "382", "type": "Feature", "properties": {"name": "Some South Bay", "step": 382, "lat": 37.69741, "lon": -122.18803, "elevation_m": 1.9, "time": null, "elevation_f": 6.2335959999999995, "step_elevation_m": -0.10000000000000009, "step_elevation_f": -0.3280840000000005, "step_dist_m": 76.21239086144433, "step_dist_f": 250.04066043386104, "step_grade": -0.0013121225941041805, "step_turn": 0.6149067829068144, "coast_speed_mps": 0.0, "coast_speed_mph": 0.0}, "geometry": {"type": "Point", "coordinates": [-122.18803, 37.69741]}}, {"id": "383", "type": "Feature", "properties": {"name": "Some South Bay", "step": 383, "lat": 37.6973, "lon": -122.18796, "elevation_m": 1.8, "time": null, "elevation_f": 5.905512, "step_elevation_m": -0.09999999999999987, "step_elevation_f": -0.3280839999999996, "step_dist_m": 13.69449776303603, "step_dist_f": 44.929456040879124, "step_grade": -0.00730220280658399, "step_turn": 5.75640973450777, "coast_speed_mps": 0.0, "coast_speed_mph": 0.0}, "geometry": {"type": "Point", "coordinates": [-122.18796, 37.6973]}}, {"id": "384", "type": "Feature", "properties": {"name": "Some South Bay", "step": 384, "lat": 37.6973, "lon": -122.18796, "elevation_m": 1.8, "time": null, "elevation_f": 5.905512, "step_elevation_m": 0.0, "step_elevation_f": 0.0, "step_dist_m": 0.0, "step_dist_f": 0.0, "step_grade": null, "step_turn": null, "coast_speed_mps": 0.0, "coast_speed_mph": 0.0}, "geometry": {"type": "Point", "coordinates": [-122.18796, 37.6973]}}, {"id": "385", "type": "Feature", "properties": {"name": "Some South Bay", "step": 385, "lat": 37.69709, "lon": -122.18784, "elevation_m": 1.9, "time": null, "elevation_f": 6.2335959999999995, "step_elevation_m": 0.09999999999999987, "step_elevation_f": 0.3280839999999996, "step_dist_m": 25.626892269749163, "step_dist_f": 84.07773323428384, "step_grade": 0.0039021508713346096, "step_turn": null, "coast_speed_mps": 0.0, "coast_speed_mph": 0.0}, "geometry": {"type": "Point", "coordinates": [-122.18784, 37.69709]}}, {"id": "386", "type": "Feature", "properties": {"name": "Some South Bay", "step": 386, "lat": 37.69682, "lon": -122.18763, "elevation_m": 1.9, "time": null, "elevation_f": 6.2335959999999995, "step_elevation_m": 0.0, "step_elevation_f": 0.0, "step_dist_m": 35.25254434747769, "step_dist_f": 115.65795759697869, "step_grade": 0.0, "step_turn": 7.279197761972455, "coast_speed_mps": 0.0, "coast_speed_mph": 0.0}, "geometry": {"type": "Point", "coordinates": [-122.18763, 37.69682]}}, {"id": "387", "type": "Feature", "properties": {"name": "Some South Bay", "step": 387, "lat": 37.6967, "lon": -122.18753, "elevation_m": 1.9, "time": null, "elevation_f": 6.2335959999999995, "step_elevation_m": 0.0, "step_elevation_f": 0.0, "step_dist_m": 15.983045198193565, "step_dist_f": 52.43781400804138, "step_grade": 0.0, "step_turn": 1.7910670202340384, "coast_speed_mps": 0.0, "coast_speed_mph": 0.0}, "geometry": {"type": "Point", "coordinates": [-122.18753, 37.6967]}}, {"id": "388", "type": "Feature", "properties": {"name": "Some South Bay", "step": 388, "lat": 37.69623, "lon": -122.1871, "elevation_m": 1.9, "time": null, "elevation_f": 6.2335959999999995, "step_elevation_m": 0.0, "step_elevation_f": 0.0, "step_dist_m": 64.51844050997535, "step_dist_f": 211.67468036274752, "step_grade": 0.0, "step_turn": 2.5014974508525256, "coast_speed_mps": 0.0, "coast_speed_mph": 0.0}, "geometry": {"type": "Point", "coordinates": [-122.1871, 37.69623]}}, {"id": "389", "type": "Feature", "properties": {"name": "Some South Bay", "step": 389, "lat": 37.69576, "lon": -122.18667, "elevation_m": 1.8, "time": null, "elevation_f": 5.905512, "step_elevation_m": -0.09999999999999987, "step_elevation_f": -0.3280839999999996, "step_dist_m": 64.51858114505492, "step_dist_f": 211.675141763942, "step_grade": -0.0015499410902290811, "step_turn": 0.00017251923355843246, "coast_speed_mps": 0.0, "coast_speed_mph": 0.0}, "geometry": {"type": "Point", "coordinates": [-122.18667, 37.69576]}}, {"id": "390", "type": "Feature", "properties": {"name": "Some South Bay", "step": 390, "lat": 37.69571, "lon": -122.18659, "elevation_m": 1.8, "time": null, "elevation_f": 5.905512, "step_elevation_m": 0.0, "step_elevation_f": 0.0, "step_dist_m": 8.969704680297518, "step_dist_f": 29.42816590330731, "step_grade": 0.0, "step_turn": 15.794031024190758, "coast_speed_mps": 0.0, "coast_speed_mph": 0.0}, "geometry": {"type": "Point", "coordinates": [-122.18659, 37.69571]}}, {"id": "391", "type": "Feature", "properties": {"name": "Some South Bay", "step": 391, "lat": 37.69563, "lon": -122.18653, "elevation_m": 1.8, "time": null, "elevation_f": 5.905512, "step_elevation_m": 0.0, "step_elevation_f": 0.0, "step_dist_m": 10.344109755014923, "step_dist_f": 33.93736904864316, "step_grade": 0.0, "step_turn": 21.008732808979403, "coast_speed_mps": 0.0, "coast_speed_mph": 0.0}, "geometry": {"type": "Point", "coordinates": [-122.18653, 37.69563]}}, {"id": "392", "type": "Feature", "properties": {"name": "Some South Bay", "step": 392, "lat": 37.69551, "lon": -122.18647, "elevation_m": 1.8, "time": null, "elevation_f": 5.905512, "step_elevation_m": 0.0, "step_elevation_f": 0.0, "step_dist_m": 14.34974478887884, "step_dist_f": 47.079216693145256, "step_grade": 0.0, "step_turn": 9.101604659963868, "coast_speed_mps": 0.0, "coast_speed_mph": 0.0}, "geometry": {"type": "Point", "coordinates": [-122.18647, 37.69551]}}, {"id": "393", "type": "Feature", "properties": {"name": "Some South Bay", "step": 393, "lat": 37.69532, "lon": -122.18629, "elevation_m": 1.8, "time": null, "elevation_f": 5.905512, "step_elevation_m": 0.0, "step_elevation_f": 0.0, "step_dist_m": 26.404061866128714, "step_dist_f": 86.62750233286972, "step_grade": 0.0, "step_turn": 15.270732070529107, "coast_speed_mps": 0.0, "coast_speed_mph": 0.0}, "geometry": {"type": "Point", "coordinates": [-122.18629, 37.69532]}}, {"id": "394", "type": "Feature", "properties": {"name": "Some South Bay", "step": 394, "lat": 37.69513, "lon": -122.18613, "elevation_m": 1.9, "time": null, "elevation_f": 6.2335959999999995, "step_elevation_m": 0.09999999999999987, "step_elevation_f": 0.3280839999999996, "step_dist_m": 25.38766767904751, "step_dist_f": 83.29287562812624, "step_grade": 0.003938920316123803, "step_turn": 3.179241345558296, "coast_speed_mps": 0.0, "coast_speed_mph": 0.0}, "geometry": {"type": "Point", "coordinates": [-122.18613, 37.69513]}}, {"id": "395", "type": "Feature", "properties": {"name": "Some South Bay", "step": 395, "lat": 37.69483, "lon": -122.18591, "elevation_m": 1.9, "time": null, "elevation_f": 6.2335959999999995, "step_elevation_m": 0.0, "step_elevation_f": 0.0, "step_dist_m": 38.56784161423625, "step_dist_f": 126.53491748165087, "step_grade": 0.0, "step_turn": 3.551644955556128, "coast_speed_mps": 0.0, "coast_speed_mph": 0.0}, "geometry": {"type": "Point", "coordinates": [-122.18591, 37.69483]}}, {"id": "396", "type": "Feature", "properties": {"name": "Some South Bay", "step": 396, "lat": 37.69438, "lon": -122.18561, "elevation_m": 1.9, "time": null, "elevation_f": 6.2335959999999995, "step_elevation_m": 0.0, "step_elevation_f": 0.0, "step_dist_m": 56.5731246156538, "step_dist_f": 185.60737016402163, "step_grade": 0.0, "step_turn": 2.3127014315463157, "coast_speed_mps": 0.0, "coast_speed_mph": 0.0}, "geometry": {"type": "Point", "coordinates": [-122.18561, 37.69438]}}, {"id": "397", "type": "Feature", "properties": {"name": "Some South Bay", "step": 397, "lat": 37.69401, "lon": -122.18538, "elevation_m": 1.9, "time": null, "elevation_f": 6.2335959999999995, "step_elevation_m": 0.0, "step_elevation_f": 0.0, "step_dist_m": 45.84986598265917, "step_dist_f": 150.4260743105475, "step_grade": 0.0, "step_turn": 1.6209399596218645, "coast_speed_mps": 0.0, "coast_speed_mph": 0.0}, "geometry": {"type": "Point", "coordinates": [-122.18538, 37.69401]}}, {"id": "398", "type": "Feature", "properties": {"name": "Some South Bay", "step": 398, "lat": 37.69357, "lon": -122.18514, "elevation_m": 1.8, "time": null, "elevation_f": 5.905512, "step_elevation_m": -0.09999999999999987, "step_elevation_f": -0.3280839999999996, "step_dist_m": 53.28843726972796, "step_dist_f": 174.83083653201427, "step_grade": -0.0018765797070353903, "step_turn": 2.8460174660215216, "coast_speed_mps": 0.0, "coast_speed_mph": 0.0}, "geometry": {"type": "Point", "coordinates": [-122.18514, 37.69357]}}, {"id": "399", "type": "Feature", "properties": {"name": "Some South Bay", "step": 399, "lat": 37.69303, "lon": -122.18487, "elevation_m": 1.8, "time": null, "elevation_f": 5.905512, "step_elevation_m": 0.0, "step_elevation_f": 0.0, "step_dist_m": 64.57411911643177, "step_dist_f": 211.857352961954, "step_grade": 0.0, "step_turn": 1.7595226482650332, "coast_speed_mps": 0.0, "coast_speed_mph": 0.0}, "geometry": {"type": "Point", "coordinates": [-122.18487, 37.69303]}}, {"id": "400", "type": "Feature", "properties": {"name": "Some South Bay", "step": 400, "lat": 37.69252, "lon": -122.18462, "elevation_m": 1.8, "time": null, "elevation_f": 5.905512, "step_elevation_m": 0.0, "step_elevation_f": 0.0, "step_dist_m": 60.826246532857965, "step_dist_f": 199.56118267486173, "step_grade": 0.0, "step_turn": 0.3852136519974465, "coast_speed_mps": 0.0, "coast_speed_mph": 0.0}, "geometry": {"type": "Point", "coordinates": [-122.18462, 37.69252]}}, {"id": "401", "type": "Feature", "properties": {"name": "Some South Bay", "step": 401, "lat": 37.69229, "lon": -122.18452, "elevation_m": 1.8, "time": null, "elevation_f": 5.905512, "step_elevation_m": 0.0, "step_elevation_f": 0.0, "step_dist_m": 27.046124098792575, "step_dist_f": 88.73400578828263, "step_grade": 0.0, "step_turn": 2.215397192659111, "coast_speed_mps": 0.0, "coast_speed_mph": 0.0}, "geometry": {"type": "Point", "coordinates": [-122.18452, 37.69229]}}, {"id": "402", "type": "Feature", "properties": {"name": "Some South Bay", "step": 402, "lat": 37.69222, "lon": -122.18448, "elevation_m": 1.8, "time": null, "elevation_f": 5.905512, "step_elevation_m": 0.0, "step_elevation_f": 0.0, "step_dist_m": 8.542394031521553, "step_dist_f": 28.026228034377173, "step_grade": 0.0, "step_turn": 5.345726887167189, "coast_speed_mps": 0.0, "coast_speed_mph": 0.0}, "geometry": {"type": "Point", "coordinates": [-122.18448, 37.69222]}}, {"id": "403", "type": "Feature", "properties": {"name": "Some South Bay", "step": 403, "lat": 37.69212, "lon": -122.18445, "elevation_m": 1.8, "time": null, "elevation_f": 5.905512, "step_elevation_m": 0.0, "step_elevation_f": 0.0, "step_dist_m": 11.428518180715008, "step_dist_f": 37.495139588017025, "step_grade": 0.0, "step_turn": 10.97692729959897, "coast_speed_mps": 0.0, "coast_speed_mph": 0.0}, "geometry": {"type": "Point", "coordinates": [-122.18445, 37.69212]}}, {"id": "404", "type": "Feature", "properties": {"name": "Some South Bay", "step": 404, "lat": 37.69204, "lon": -122.18447, "elevation_m": 1.8, "time": null, "elevation_f": 5.905512, "step_elevation_m": 0.0, "step_elevation_f": 0.0, "step_dist_m": 9.067990498340246, "step_dist_f": 29.750625946574612, "step_grade": 0.0, "step_turn": 24.544551295396474, "coast_speed_mps": 0.0, "coast_speed_mph": 0.0}, "geometry": {"type": "Point", "coordinates": [-122.18447, 37.69204]}}, {"id": "405", "type": "Feature", "properties": {"name": "Some South Bay", "step": 405, "lat": 37.69196, "lon": -122.18446, "elevation_m": 1.8, "time": null, "elevation_f": 5.905512, "step_elevation_m": 0.0, "step_elevation_f": 0.0, "step_dist_m": 8.939005022086354, "step_dist_f": 29.327445236661795, "step_grade": 0.0, "step_turn": 16.83913490438013, "coast_speed_mps": 0.0, "coast_speed_mph": 0.0}, "geometry": {"type": "Point", "coordinates": [-122.18446, 37.69196]}}, {"id": "406", "type": "Feature", "properties": {"name": "Some South Bay", "step": 406, "lat": 37.69194, "lon": -122.18445, "elevation_m": 1.8, "time": null, "elevation_f": 5.905512, "step_elevation_m": 0.0, "step_elevation_f": 0.0, "step_dist_m": 2.3916399355546583, "step_dist_f": 7.846587966165145, "step_grade": 0.0, "step_turn": 15.9375050410207, "coast_speed_mps": 0.0, "coast_speed_mph": 0.0}, "geometry": {"type": "Point", "coordinates": [-122.18445, 37.69194]}}, {"id": "407", "type": "Feature", "properties": {"name": "Some South Bay", "step": 407, "lat": 37.69185, "lon": -122.18435, "elevation_m": 1.8, "time": null, "elevation_f": 5.905512, "step_elevation_m": 0.0, "step_elevation_f": 0.0, "step_dist_m": 13.325641786130598, "step_dist_f": 43.71929859760871, "step_grade": 0.0, "step_turn": 19.736578075027637, "coast_speed_mps": 0.0, "coast_speed_mph": 0.0}, "geometry": {"type": "Point", "coordinates": [-122.18435, 37.69185]}}, {"id": "408", "type": "Feature", "properties": {"name": "Some South Bay", "step": 408, "lat": 37.69182, "lon": -122.18425, "elevation_m": 1.8, "time": null, "elevation_f": 5.905512, "step_elevation_m": 0.0, "step_elevation_f": 0.0, "step_dist_m": 9.4100908593898, "step_dist_f": 30.87300249512043, "step_grade": 0.0, "step_turn": 27.914374777447676, "coast_speed_mps": 0.0, "coast_speed_mph": 0.0}, "geometry": {"type": "Point", "coordinates": [-122.18425, 37.69182]}}, {"id": "409", "type": "Feature", "properties": {"name": "Some South Bay", "step": 409, "lat": 37.69184, "lon": -122.18415, "elevation_m": 1.8, "time": null, "elevation_f": 5.905512, "step_elevation_m": 0.0, "step_elevation_f": 0.0, "step_dist_m": 9.075663314856815, "step_dist_f": 29.77579922991483, "step_grade": 0.0, "step_turn": 34.94679670424267, "coast_speed_mps": 0.0, "coast_speed_mph": 0.0}, "geometry": {"type": "Point", "coordinates": [-122.18415, 37.69184]}}, {"id": "410", "type": "Feature", "properties": {"name": "Some South Bay", "step": 410, "lat": 37.69186, "lon": -122.18409, "elevation_m": 1.8, "time": null, "elevation_f": 5.905512, "step_elevation_m": 0.0, "step_elevation_f": 0.0, "step_dist_m": 5.728665465788422, "step_dist_f": 18.79483480677729, "step_grade": 0.0, "step_turn": 8.658679706450187, "coast_speed_mps": 0.0, "coast_speed_mph": 0.0}, "geometry": {"type": "Point", "coordinates": [-122.18409, 37.69186]}}, {"id": "411", "type": "Feature", "properties": {"name": "Some South Bay", "step": 411, "lat": 37.69148, "lon": -122.1838, "elevation_m": 1.7, "time": null, "elevation_f": 5.577427999999999, "step_elevation_m": -0.10000000000000009, "step_elevation_f": -0.3280840000000005, "step_dist_m": 49.3611986836803, "step_dist_f": 161.9461950893657, "step_grade": -0.0020258827311068093, "step_turn": 81.71518233075784, "coast_speed_mps": 0.0, "coast_speed_mph": 0.0}, "geometry": {"type": "Point", "coordinates": [-122.1838, 37.69148]}}, {"id": "412", "type": "Feature", "properties": {"name": "Some South Bay", "step": 412, "lat": 37.69141, "lon": -122.18377, "elevation_m": 1.7, "time": null, "elevation_f": 5.577427999999999, "step_elevation_m": 0.0, "step_elevation_f": 0.0, "step_dist_m": 8.219073811668464, "step_dist_f": 26.965466124274364, "step_grade": 0.0, "step_turn": 12.394110781495556, "coast_speed_mps": 0.0, "coast_speed_mph": 0.0}, "geometry": {"type": "Point", "coordinates": [-122.18377, 37.69141]}}, {"id": "413", "type": "Feature", "properties": {"name": "Some South Bay", "step": 413, "lat": 37.69082, "lon": -122.18364, "elevation_m": 1.7, "time": null, "elevation_f": 5.577427999999999, "step_elevation_m": 0.0, "step_elevation_f": 0.0, "step_dist_m": 66.59476337052375, "step_dist_f": 218.48676345654914, "step_grade": 0.0, "step_turn": 8.842995565449542, "coast_speed_mps": 0.0, "coast_speed_mph": 0.0}, "geometry": {"type": "Point", "coordinates": [-122.18364, 37.69082]}}, {"id": "414", "type": "Feature", "properties": {"name": "Some South Bay", "step": 414, "lat": 37.6907, "lon": -122.18359, "elevation_m": 1.7, "time": null, "elevation_f": 5.577427999999999, "step_elevation_m": 0.0, "step_elevation_f": 0.0, "step_dist_m": 14.04998691107857, "step_dist_f": 46.09575905734302, "step_grade": 0.0, "step_turn": 8.357704413525994, "coast_speed_mps": 0.0, "coast_speed_mph": 0.0}, "geometry": {"type": "Point", "coordinates": [-122.18359, 37.6907]}}, {"id": "415", "type": "Feature", "properties": {"name": "Some South Bay", "step": 415, "lat": 37.69056, "lon": -122.18351, "elevation_m": 1.7, "time": null, "elevation_f": 5.577427999999999, "step_elevation_m": 0.0, "step_elevation_f": 0.0, "step_dist_m": 17.084851617071525, "step_dist_f": 56.05266457935294, "step_grade": 0.0, "step_turn": 6.083477223007094, "coast_speed_mps": 0.0, "coast_speed_mph": 0.0}, "geometry": {"type": "Point", "coordinates": [-122.18351, 37.69056]}}, {"id": "416", "type": "Feature", "properties": {"name": "Some South Bay", "step": 416, "lat": 37.69049, "lon": -122.18345, "elevation_m": 1.7, "time": null, "elevation_f": 5.577427999999999, "step_elevation_m": 0.0, "step_elevation_f": 0.0, "step_dist_m": 9.405211680478114, "step_dist_f": 30.856994689779818, "step_grade": 0.0, "step_turn": 9.816422596138523, "coast_speed_mps": 0.0, "coast_speed_mph": 0.0}, "geometry": {"type": "Point", "coordinates": [-122.18345, 37.69049]}}, {"id": "417", "type": "Feature", "properties": {"name": "Some South Bay", "step": 417, "lat": 37.69033, "lon": -122.18335, "elevation_m": 1.7, "time": null, "elevation_f": 5.577427999999999, "step_elevation_m": 0.0, "step_elevation_f": 0.0, "step_dist_m": 19.84820608571586, "step_dist_f": 65.11878845426001, "step_grade": 0.0, "step_turn": 7.832162422044576, "coast_speed_mps": 0.0, "coast_speed_mph": 0.0}, "geometry": {"type": "Point", "coordinates": [-122.18335, 37.69033]}}, {"id": "418", "type": "Feature", "properties": {"name": "Some South Bay", "step": 418, "lat": 37.69024, "lon": -122.18328, "elevation_m": 1.7, "time": null, "elevation_f": 5.577427999999999, "step_elevation_m": 0.0, "step_elevation_f": 0.0, "step_dist_m": 11.751138507603223, "step_dist_f": 38.55360526128496, "step_grade": 0.0, "step_turn": 5.295303188008177, "coast_speed_mps": 0.0, "coast_speed_mph": 0.0}, "geometry": {"type": "Point", "coordinates": [-122.18328, 37.69024]}}, {"id": "419", "type": "Feature", "properties": {"name": "Some South Bay", "step": 419, "lat": 37.69016, "lon": -122.18317, "elevation_m": 1.7, "time": null, "elevation_f": 5.577427999999999, "step_elevation_m": 0.0, "step_elevation_f": 0.0, "step_dist_m": 13.145959860472724, "step_dist_f": 43.12979094863333, "step_grade": 0.0, "step_turn": 15.804017139972927, "coast_speed_mps": 0.0, "coast_speed_mph": 0.0}, "geometry": {"type": "Point", "coordinates": [-122.18317, 37.69016]}}, {"id": "420", "type": "Feature", "properties": {"name": "Some South Bay", "step": 420, "lat": 37.69011, "lon": -122.18309, "elevation_m": 1.7, "time": null, "elevation_f": 5.577427999999999, "step_elevation_m": 0.0, "step_elevation_f": 0.0, "step_dist_m": 8.970121849451909, "step_dist_f": 29.4295345685558, "step_grade": 0.0, "step_turn": 4.282597767159189, "coast_speed_mps": 0.0, "coast_speed_mph": 0.0}, "geometry": {"type": "Point", "coordinates": [-122.18309, 37.69011]}}, {"id": "421", "type": "Feature", "properties": {"name": "Some South Bay", "step": 421, "lat": 37.68996, "lon": -122.18294, "elevation_m": 1.7, "time": null, "elevation_f": 5.577427999999999, "step_elevation_m": 0.0, "step_elevation_f": 0.0, "step_dist_m": 21.269809865469036, "step_dist_f": 69.78284299902543, "step_grade": 0.0, "step_turn": 13.342298868938826, "coast_speed_mps": 0.0, "coast_speed_mph": 0.0}, "geometry": {"type": "Point", "coordinates": [-122.18294, 37.68996]}}, {"id": "422", "type": "Feature", "properties": {"name": "Some South Bay", "step": 422, "lat": 37.68966, "lon": -122.18268, "elevation_m": 1.7, "time": null, "elevation_f": 5.577427999999999, "step_elevation_m": 0.0, "step_elevation_f": 0.0, "step_dist_m": 40.44983166135131, "step_dist_f": 132.70942570782785, "step_grade": 0.0, "step_turn": 3.912427761121762, "coast_speed_mps": 0.0, "coast_speed_mph": 0.0}, "geometry": {"type": "Point", "coordinates": [-122.18268, 37.68966]}}, {"id": "423", "type": "Feature", "properties": {"name": "Some South Bay", "step": 423, "lat": 37.68925, "lon": -122.18234, "elevation_m": 1.7, "time": null, "elevation_f": 5.577427999999999, "step_elevation_m": 0.0, "step_elevation_f": 0.0, "step_dist_m": 54.52976942218913, "step_dist_f": 178.903448711095, "step_grade": 0.0, "step_turn": 1.169052089172169, "coast_speed_mps": 0.0, "coast_speed_mph": 0.0}, "geometry": {"type": "Point", "coordinates": [-122.18234, 37.68925]}}, {"id": "424", "type": "Feature", "properties": {"name": "Some South Bay", "step": 424, "lat": 37.68883, "lon": -122.182, "elevation_m": 1.7, "time": null, "elevation_f": 5.577427999999999, "step_elevation_m": 0.0, "step_elevation_f": 0.0, "step_dist_m": 55.462866476635924, "step_dist_f": 181.9647908512062, "step_grade": 0.0, "step_turn": 0.6300943478661338, "coast_speed_mps": 0.0, "coast_speed_mph": 0.0}, "geometry": {"type": "Point", "coordinates": [-122.182, 37.68883]}}, {"id": "425", "type": "Feature", "properties": {"name": "Some South Bay", "step": 425, "lat": 37.68871, "lon": -122.18192, "elevation_m": 1.5, "time": null, "elevation_f": 4.92126, "step_elevation_m": -0.19999999999999996, "step_elevation_f": -0.6561679999999992, "step_dist_m": 15.086425007705332, "step_dist_f": 49.49614662227996, "step_grade": -0.013256951192734578, "step_turn": 4.829631418871372, "coast_speed_mps": 1.2474112115860472, "coast_speed_mph": 2.790379410312379}, "geometry": {"type": "Point", "coordinates": [-122.18192, 37.68871]}}, {"id": "426", "type": "Feature", "properties": {"name": "Some South Bay", "step": 426, "lat": 37.68827, "lon": -122.18156, "elevation_m": 1.7, "time": null, "elevation_f": 5.577427999999999, "step_elevation_m": 0.19999999999999996, "step_elevation_f": 0.6561679999999992, "step_dist_m": 58.28558548365871, "step_dist_f": 191.22568027820682, "step_grade": 0.003431380131817894, "step_turn": 5.107300803630892, "coast_speed_mps": 0.0, "coast_speed_mph": 0.0}, "geometry": {"type": "Point", "coordinates": [-122.18156, 37.68827]}}, {"id": "427", "type": "Feature", "properties": {"name": "Some South Bay", "step": 427, "lat": 37.68794, "lon": -122.18133, "elevation_m": 1.7, "time": null, "elevation_f": 5.577427999999999, "step_elevation_m": 0.0, "step_elevation_f": 0.0, "step_dist_m": 41.90556948852955, "step_dist_f": 137.48546860074728, "step_grade": 0.0, "step_turn": 4.042878518919338, "coast_speed_mps": 0.0, "coast_speed_mph": 0.0}, "geometry": {"type": "Point", "coordinates": [-122.18133, 37.68794]}}, {"id": "428", "type": "Feature", "properties": {"name": "Some South Bay", "step": 428, "lat": 37.68719, "lon": -122.18089, "elevation_m": 1.7, "time": null, "elevation_f": 5.577427999999999, "step_elevation_m": 0.0, "step_elevation_f": 0.0, "step_dist_m": 91.94556274935472, "step_dist_f": 301.65868009059295, "step_grade": 0.0, "step_turn": 3.975083044894518, "coast_speed_mps": 0.0, "coast_speed_mph": 0.0}, "geometry": {"type": "Point", "coordinates": [-122.18089, 37.68719]}}, {"id": "429", "type": "Feature", "properties": {"name": "Some South Bay", "step": 429, "lat": 37.68698, "lon": -122.18081, "elevation_m": 1.7, "time": null, "elevation_f": 5.577427999999999, "step_elevation_m": 0.0, "step_elevation_f": 0.0, "step_dist_m": 24.388983766029916, "step_dist_f": 80.01635349894158, "step_grade": 0.0, "step_turn": 8.127240811187676, "coast_speed_mps": 0.0, "coast_speed_mph": 0.0}, "geometry": {"type": "Point", "coordinates": [-122.18081, 37.68698]}}, {"id": "430", "type": "Feature", "properties": {"name": "Some South Bay", "step": 430, "lat": 37.68689, "lon": -122.18075, "elevation_m": 1.7, "time": null, "elevation_f": 5.577427999999999, "step_elevation_m": 0.0, "step_elevation_f": 0.0, "step_dist_m": 11.314879710965297, "step_dist_f": 37.12230995092338, "step_grade": 0.0, "step_turn": 11.038480521133124, "coast_speed_mps": 0.0, "coast_speed_mph": 0.0}, "geometry": {"type": "Point", "coordinates": [-122.18075, 37.68689]}}, {"id": "431", "type": "Feature", "properties": {"name": "Some South Bay", "step": 431, "lat": 37.68671, "lon": -122.18061, "elevation_m": 1.7, "time": null, "elevation_f": 5.577427999999999, "step_elevation_m": 0.0, "step_elevation_f": 0.0, "step_dist_m": 23.502580448936552, "step_dist_f": 77.108206040089, "step_grade": 0.0, "step_turn": 3.7975338778288688, "coast_speed_mps": 0.0, "coast_speed_mph": 0.0}, "geometry": {"type": "Point", "coordinates": [-122.18061, 37.68671]}}, {"id": "432", "type": "Feature", "properties": {"name": "Some South Bay", "step": 432, "lat": 37.6865, "lon": -122.18041, "elevation_m": 1.7, "time": null, "elevation_f": 5.577427999999999, "step_elevation_m": 0.0, "step_elevation_f": 0.0, "step_dist_m": 29.240341091354217, "step_dist_f": 95.93288066615857, "step_grade": 0.0, "step_turn": 5.3921754511850395, "coast_speed_mps": 0.0, "coast_speed_mph": 0.0}, "geometry": {"type": "Point", "coordinates": [-122.18041, 37.6865]}}, {"id": "433", "type": "Feature", "properties": {"name": "Some South Bay", "step": 433, "lat": 37.68605, "lon": -122.18021, "elevation_m": 1.7, "time": null, "elevation_f": 5.577427999999999, "step_elevation_m": 0.0, "step_elevation_f": 0.0, "step_dist_m": 53.04250445204706, "step_dist_f": 174.0239703064541, "step_grade": 0.0, "step_turn": 17.626895665252846, "coast_speed_mps": 0.0, "coast_speed_mph": 0.0}, "geometry": {"type": "Point", "coordinates": [-122.18021, 37.68605]}}, {"id": "434", "type": "Feature", "properties": {"name": "Some South Bay", "step": 434, "lat": 37.68561, "lon": -122.18001, "elevation_m": 1.7, "time": null, "elevation_f": 5.577427999999999, "step_elevation_m": 0.0, "step_elevation_f": 0.0, "step_dist_m": 51.994890335429254, "step_dist_f": 170.5869160080897, "step_grade": 0.0, "step_turn": 0.40666645823091585, "coast_speed_mps": 0.0, "coast_speed_mph": 0.0}, "geometry": {"type": "Point", "coordinates": [-122.18001, 37.68561]}}, {"id": "435", "type": "Feature", "properties": {"name": "Some South Bay", "step": 435, "lat": 37.685, "lon": -122.1797, "elevation_m": 1.7, "time": null, "elevation_f": 5.577427999999999, "step_elevation_m": 0.0, "step_elevation_f": 0.0, "step_dist_m": 73.10893354245202, "step_dist_f": 239.8587135234183, "step_grade": 0.0, "step_turn": 2.1244261839711953, "coast_speed_mps": 0.0, "coast_speed_mph": 0.0}, "geometry": {"type": "Point", "coordinates": [-122.1797, 37.685]}}, {"id": "436", "type": "Feature", "properties": {"name": "Some South Bay", "step": 436, "lat": 37.68459, "lon": -122.17944, "elevation_m": 1.7, "time": null, "elevation_f": 5.577427999999999, "step_elevation_m": 0.0, "step_elevation_f": 0.0, "step_dist_m": 51.00894445208841, "step_dist_f": 167.35218531618972, "step_grade": 0.0, "step_turn": 4.741120356119268, "coast_speed_mps": 0.0, "coast_speed_mph": 0.0}, "geometry": {"type": "Point", "coordinates": [-122.17944, 37.68459]}}, {"id": "437", "type": "Feature", "properties": {"name": "Some South Bay", "step": 437, "lat": 37.68419, "lon": -122.17919, "elevation_m": 1.7, "time": null, "elevation_f": 5.577427999999999, "step_elevation_m": 0.0, "step_elevation_f": 0.0, "step_dist_m": 49.62130684933816, "step_dist_f": 162.7995683635826, "step_grade": 0.0, "step_turn": 0.3321252604292795, "coast_speed_mps": 0.0, "coast_speed_mph": 0.0}, "geometry": {"type": "Point", "coordinates": [-122.17919, 37.68419]}}, {"id": "438", "type": "Feature", "properties": {"name": "Some South Bay", "step": 438, "lat": 37.68378, "lon": -122.17893, "elevation_m": 1.7, "time": null, "elevation_f": 5.577427999999999, "step_elevation_m": 0.0, "step_elevation_f": 0.0, "step_dist_m": 51.00905652142661, "step_dist_f": 167.35255299775727, "step_grade": 0.0, "step_turn": 0.33237609226193854, "coast_speed_mps": 0.0, "coast_speed_mph": 0.0}, "geometry": {"type": "Point", "coordinates": [-122.17893, 37.68378]}}, {"id": "439", "type": "Feature", "properties": {"name": "Some South Bay", "step": 439, "lat": 37.68338, "lon": -122.17866, "elevation_m": 1.7, "time": null, "elevation_f": 5.577427999999999, "step_elevation_m": 0.0, "step_elevation_f": 0.0, "step_dist_m": 50.4263958356981, "step_dist_f": 165.44093651359177, "step_grade": 0.0, "step_turn": 1.4606369358155575, "coast_speed_mps": 0.0, "coast_speed_mph": 0.0}, "geometry": {"type": "Point", "coordinates": [-122.17866, 37.68338]}}, {"id": "440", "type": "Feature", "properties": {"name": "Some South Bay", "step": 440, "lat": 37.6828, "lon": -122.17835, "elevation_m": 1.7, "time": null, "elevation_f": 5.577427999999999, "step_elevation_m": 0.0, "step_elevation_f": 0.0, "step_dist_m": 70.02538597639696, "step_dist_f": 229.7420873268022, "step_grade": 0.0, "step_turn": 5.182897446666345, "coast_speed_mps": 0.0, "coast_speed_mph": 0.0}, "geometry": {"type": "Point", "coordinates": [-122.17835, 37.6828]}}, {"id": "441", "type": "Feature", "properties": {"name": "Some South Bay", "step": 441, "lat": 37.68256, "lon": -122.17818, "elevation_m": 1.6, "time": null, "elevation_f": 5.249344000000001, "step_elevation_m": -0.09999999999999987, "step_elevation_f": -0.3280839999999987, "step_dist_m": 30.593936921325664, "step_dist_f": 100.37381200896209, "step_grade": -0.003268621500304341, "step_turn": 6.346152664735769, "coast_speed_mps": 0.0, "coast_speed_mph": 0.0}, "geometry": {"type": "Point", "coordinates": [-122.17818, 37.68256]}}, {"id": "442", "type": "Feature", "properties": {"name": "Some South Bay", "step": 442, "lat": 37.68249, "lon": -122.17799, "elevation_m": 1.7, "time": null, "elevation_f": 5.577427999999999, "step_elevation_m": 0.09999999999999987, "step_elevation_f": 0.3280839999999987, "step_dist_m": 18.44311444072645, "step_dist_f": 60.50890758171297, "step_grade": 0.0054220777256132995, "step_turn": 35.76269818621353, "coast_speed_mps": 0.0, "coast_speed_mph": 0.0}, "geometry": {"type": "Point", "coordinates": [-122.17799, 37.68249]}}, {"id": "443", "type": "Feature", "properties": {"name": "Some South Bay", "step": 443, "lat": 37.68254, "lon": -122.17778, "elevation_m": 1.7, "time": null, "elevation_f": 5.577427999999999, "step_elevation_m": 0.0, "step_elevation_f": 0.0, "step_dist_m": 19.298375828782767, "step_dist_f": 63.31488335410365, "step_grade": 0.0, "step_turn": 41.707036905628854, "coast_speed_mps": 0.0, "coast_speed_mph": 0.0}, "geometry": {"type": "Point", "coordinates": [-122.17778, 37.68254]}}, {"id": "444", "type": "Feature", "properties": {"name": "Some South Bay", "step": 444, "lat": 37.68261, "lon": -122.17763, "elevation_m": 1.7, "time": null, "elevation_f": 5.577427999999999, "step_elevation_m": 0.0, "step_elevation_f": 0.0, "step_dist_m": 15.324097796243972, "step_dist_f": 50.275913013829076, "step_grade": 0.0, "step_turn": 13.782476092040781, "coast_speed_mps": 0.0, "coast_speed_mph": 0.0}, "geometry": {"type": "Point", "coordinates": [-122.17763, 37.68261]}}, {"id": "445", "type": "Feature", "properties": {"name": "Some South Bay", "step": 445, "lat": 37.68265, "lon": -122.17749, "elevation_m": 1.7, "time": null, "elevation_f": 5.577427999999999, "step_elevation_m": 0.0, "step_elevation_f": 0.0, "step_dist_m": 13.098379774472736, "step_dist_f": 42.97368829928113, "step_grade": 0.0, "step_turn": 10.675792113434795, "coast_speed_mps": 0.0, "coast_speed_mph": 0.0}, "geometry": {"type": "Point", "coordinates": [-122.17749, 37.68265]}}, {"id": "446", "type": "Feature", "properties": {"name": "Some South Bay", "step": 446, "lat": 37.68265, "lon": -122.17729, "elevation_m": 1.7, "time": null, "elevation_f": 5.577427999999999, "step_elevation_m": 0.0, "step_elevation_f": 0.0, "step_dist_m": 17.600125935353706, "step_dist_f": 57.743197173745855, "step_grade": 0.0, "step_turn": 19.8505681153693, "coast_speed_mps": 0.0, "coast_speed_mph": 0.0}, "geometry": {"type": "Point", "coordinates": [-122.17729, 37.68265]}}, {"id": "447", "type": "Feature", "properties": {"name": "Some South Bay", "step": 447, "lat": 37.68258, "lon": -122.17709, "elevation_m": 1.7, "time": null, "elevation_f": 5.577427999999999, "step_elevation_m": 0.0, "step_elevation_f": 0.0, "step_dist_m": 19.24447589952562, "step_dist_f": 63.13804631019964, "step_grade": 0.0, "step_turn": 23.857370986688238, "coast_speed_mps": 0.0, "coast_speed_mph": 0.0}, "geometry": {"type": "Point", "coordinates": [-122.17709, 37.68258]}}, {"id": "448", "type": "Feature", "properties": {"name": "Some South Bay", "step": 448, "lat": 37.68245, "lon": -122.17693, "elevation_m": 1.7, "time": null, "elevation_f": 5.577427999999999, "step_elevation_m": 0.0, "step_elevation_f": 0.0, "step_dist_m": 20.17936635749599, "step_dist_f": 66.20527232032714, "step_grade": 0.0, "step_turn": 21.89598251413838, "coast_speed_mps": 0.0, "coast_speed_mph": 0.0}, "geometry": {"type": "Point", "coordinates": [-122.17693, 37.68245]}}, {"id": "449", "type": "Feature", "properties": {"name": "Some South Bay", "step": 449, "lat": 37.68219, "lon": -122.17673, "elevation_m": 1.7, "time": null, "elevation_f": 5.577427999999999, "step_elevation_m": 0.0, "step_elevation_f": 0.0, "step_dist_m": 33.84663440834977, "step_dist_f": 111.04539203229027, "step_grade": 0.0, "step_turn": 12.914485491196672, "coast_speed_mps": 0.0, "coast_speed_mph": 0.0}, "geometry": {"type": "Point", "coordinates": [-122.17673, 37.68219]}}, {"id": "450", "type": "Feature", "properties": {"name": "Some South Bay", "step": 450, "lat": 37.68207, "lon": -122.17655, "elevation_m": 1.7, "time": null, "elevation_f": 5.577427999999999, "step_elevation_m": 0.0, "step_elevation_f": 0.0, "step_dist_m": 20.711320506187693, "step_dist_f": 67.95052876952083, "step_grade": 0.0, "step_turn": 18.5579218052506, "coast_speed_mps": 0.0, "coast_speed_mph": 0.0}, "geometry": {"type": "Point", "coordinates": [-122.17655, 37.68207]}}, {"id": "451", "type": "Feature", "properties": {"name": "Some South Bay", "step": 451, "lat": 37.68202, "lon": -122.17637, "elevation_m": 1.7, "time": null, "elevation_f": 5.577427999999999, "step_elevation_m": 0.0, "step_elevation_f": 0.0, "step_dist_m": 16.787616351792217, "step_dist_f": 55.077483231613975, "step_grade": 0.0, "step_turn": 20.769413556605627, "coast_speed_mps": 0.0, "coast_speed_mph": 0.0}, "geometry": {"type": "Point", "coordinates": [-122.17637, 37.68202]}}, {"id": "452", "type": "Feature", "properties": {"name": "Some South Bay", "step": 452, "lat": 37.68202, "lon": -122.17637, "elevation_m": 1.7, "time": null, "elevation_f": 5.577427999999999, "step_elevation_m": 0.0, "step_elevation_f": 0.0, "step_dist_m": 0.0, "step_dist_f": 0.0, "step_grade": null, "step_turn": null, "coast_speed_mps": 0.0, "coast_speed_mph": 0.0}, "geometry": {"type": "Point", "coordinates": [-122.17637, 37.68202]}}, {"id": "453", "type": "Feature", "properties": {"name": "Some South Bay", "step": 453, "lat": 37.68192, "lon": -122.17589, "elevation_m": 1.7, "time": null, "elevation_f": 5.577427999999999, "step_elevation_m": 0.0, "step_elevation_f": 0.0, "step_dist_m": 43.6797317232558, "step_dist_f": 143.30621102692655, "step_grade": 0.0, "step_turn": null, "coast_speed_mps": 0.0, "coast_speed_mph": 0.0}, "geometry": {"type": "Point", "coordinates": [-122.17589, 37.68192]}}, {"id": "454", "type": "Feature", "properties": {"name": "Some South Bay", "step": 454, "lat": 37.68188, "lon": -122.17533, "elevation_m": 1.7, "time": null, "elevation_f": 5.577427999999999, "step_elevation_m": 0.0, "step_elevation_f": 0.0, "step_dist_m": 49.48115966231569, "step_dist_f": 162.3397678665118, "step_grade": 0.0, "step_turn": 9.590850697477947, "coast_speed_mps": 0.0, "coast_speed_mph": 0.0}, "geometry": {"type": "Point", "coordinates": [-122.17533, 37.68188]}}, {"id": "455", "type": "Feature", "properties": {"name": "Some South Bay", "step": 455, "lat": 37.68183, "lon": -122.17488, "elevation_m": 1.8, "time": null, "elevation_f": 5.905512, "step_elevation_m": 0.10000000000000009, "step_elevation_f": 0.3280840000000005, "step_dist_m": 39.98908394427722, "step_dist_f": 131.19778616774246, "step_grade": 0.0025006824397214265, "step_turn": 2.8346425738022276, "coast_speed_mps": 0.0, "coast_speed_mph": 0.0}, "geometry": {"type": "Point", "coordinates": [-122.17488, 37.68183]}}, {"id": "456", "type": "Feature", "properties": {"name": "Some South Bay", "step": 456, "lat": 37.68176, "lon": -122.17448, "elevation_m": 1.7, "time": null, "elevation_f": 5.577427999999999, "step_elevation_m": -0.10000000000000009, "step_elevation_f": -0.3280840000000005, "step_dist_m": 36.05095591336151, "step_dist_f": 118.27741819879299, "step_grade": -0.002773851551684854, "step_turn": 4.4769322592600815, "coast_speed_mps": 0.0, "coast_speed_mph": 0.0}, "geometry": {"type": "Point", "coordinates": [-122.17448, 37.68176]}}, {"id": "457", "type": "Feature", "properties": {"name": "Some South Bay", "step": 457, "lat": 37.6816, "lon": -122.17414, "elevation_m": 1.7, "time": null, "elevation_f": 5.577427999999999, "step_elevation_m": 0.0, "step_elevation_f": 0.0, "step_dist_m": 34.81047261635998, "step_dist_f": 114.20759097865847, "step_grade": 0.0, "step_turn": 18.26756556127674, "coast_speed_mps": 0.0, "coast_speed_mph": 0.0}, "geometry": {"type": "Point", "coordinates": [-122.17414, 37.6816]}}, {"id": "458", "type": "Feature", "properties": {"name": "Some South Bay", "step": 458, "lat": 37.68135, "lon": -122.17376, "elevation_m": 1.7, "time": null, "elevation_f": 5.577427999999999, "step_elevation_m": 0.0, "step_elevation_f": 0.0, "step_dist_m": 43.48625657641429, "step_dist_f": 142.67145002616306, "step_grade": 0.0, "step_turn": 8.99987070269168, "coast_speed_mps": 0.0, "coast_speed_mph": 0.0}, "geometry": {"type": "Point", "coordinates": [-122.17376, 37.68135]}}, {"id": "459", "type": "Feature", "properties": {"name": "Some South Bay", "step": 459, "lat": 37.68083, "lon": -122.17333, "elevation_m": 1.7, "time": null, "elevation_f": 5.577427999999999, "step_elevation_m": 0.0, "step_elevation_f": 0.0, "step_dist_m": 69.10322860548635, "step_dist_f": 226.71663653802383, "step_grade": 0.0, "step_turn": 17.06116904852655, "coast_speed_mps": 0.0, "coast_speed_mph": 0.0}, "geometry": {"type": "Point", "coordinates": [-122.17333, 37.68083]}}, {"id": "460", "type": "Feature", "properties": {"name": "Some South Bay", "step": 460, "lat": 37.68035, "lon": -122.17296, "elevation_m": 1.7, "time": null, "elevation_f": 5.577427999999999, "step_elevation_m": 0.0, "step_elevation_f": 0.0, "step_dist_m": 62.52171681229857, "step_dist_f": 205.12374938646164, "step_grade": 0.0, "step_turn": 1.816930282061378, "coast_speed_mps": 0.0, "coast_speed_mph": 0.0}, "geometry": {"type": "Point", "coordinates": [-122.17296, 37.68035]}}, {"id": "461", "type": "Feature", "properties": {"name": "Some South Bay", "step": 461, "lat": 37.67998, "lon": -122.17259, "elevation_m": 1.7, "time": null, "elevation_f": 5.577427999999999, "step_elevation_m": 0.0, "step_elevation_f": 0.0, "step_dist_m": 52.46821967794095, "step_dist_f": 172.13983384817578, "step_grade": 0.0, "step_turn": 6.97358788417057, "coast_speed_mps": 0.0, "coast_speed_mph": 0.0}, "geometry": {"type": "Point", "coordinates": [-122.17259, 37.67998]}}, {"id": "462", "type": "Feature", "properties": {"name": "Some South Bay", "step": 462, "lat": 37.67961, "lon": -122.17223, "elevation_m": 1.7, "time": null, "elevation_f": 5.577427999999999, "step_elevation_m": 0.0, "step_elevation_f": 0.0, "step_dist_m": 51.926758915627516, "step_dist_f": 170.36338772074737, "step_grade": 0.0, "step_turn": 0.7613049477100162, "coast_speed_mps": 0.0, "coast_speed_mph": 0.0}, "geometry": {"type": "Point", "coordinates": [-122.17223, 37.67961]}}, {"id": "463", "type": "Feature", "properties": {"name": "Some South Bay", "step": 463, "lat": 37.67935, "lon": -122.172, "elevation_m": 1.7, "time": null, "elevation_f": 5.577427999999999, "step_elevation_m": 0.0, "step_elevation_f": 0.0, "step_dist_m": 35.29200968213881, "step_dist_f": 115.7874370455483, "step_grade": 0.0, "step_turn": 2.6013500733994306, "coast_speed_mps": 0.0, "coast_speed_mph": 0.0}, "geometry": {"type": "Point", "coordinates": [-122.172, 37.67935]}}, {"id": "464", "type": "Feature", "properties": {"name": "Some South Bay", "step": 464, "lat": 37.67895, "lon": -122.17157, "elevation_m": 1.7, "time": null, "elevation_f": 5.577427999999999, "step_elevation_m": 0.0, "step_elevation_f": 0.0, "step_dist_m": 58.3978688453439, "step_dist_f": 191.5940640225581, "step_grade": 0.0, "step_turn": 5.394626947420761, "coast_speed_mps": 0.0, "coast_speed_mph": 0.0}, "geometry": {"type": "Point", "coordinates": [-122.17157, 37.67895]}}, {"id": "465", "type": "Feature", "properties": {"name": "Some South Bay", "step": 465, "lat": 37.67862, "lon": -122.17104, "elevation_m": 1.7, "time": null, "elevation_f": 5.577427999999999, "step_elevation_m": 0.0, "step_elevation_f": 0.0, "step_dist_m": 59.346617070670106, "step_dist_f": 194.7067551501373, "step_grade": 0.0, "step_turn": 11.416264207592349, "coast_speed_mps": 0.0, "coast_speed_mph": 0.0}, "geometry": {"type": "Point", "coordinates": [-122.17104, 37.67862]}}, {"id": "466", "type": "Feature", "properties": {"name": "Some South Bay", "step": 466, "lat": 37.67829, "lon": -122.17045, "elevation_m": 1.7, "time": null, "elevation_f": 5.577427999999999, "step_elevation_m": 0.0, "step_elevation_f": 0.0, "step_dist_m": 63.580684320126814, "step_dist_f": 208.59805234484486, "step_grade": 0.0, "step_turn": 2.9435593375711164, "coast_speed_mps": 0.0, "coast_speed_mph": 0.0}, "geometry": {"type": "Point", "coordinates": [-122.17045, 37.67829]}}, {"id": "467", "type": "Feature", "properties": {"name": "Some South Bay", "step": 467, "lat": 37.67819, "lon": -122.17016, "elevation_m": 1.7, "time": null, "elevation_f": 5.577427999999999, "step_elevation_m": 0.0, "step_elevation_f": 0.0, "step_dist_m": 27.83882674456788, "step_dist_f": 91.33473633664808, "step_grade": 0.0, "step_turn": 11.706680167496643, "coast_speed_mps": 0.0, "coast_speed_mph": 0.0}, "geometry": {"type": "Point", "coordinates": [-122.17016, 37.67819]}}, {"id": "468", "type": "Feature", "properties": {"name": "Some South Bay", "step": 468, "lat": 37.67812, "lon": -122.16985, "elevation_m": 1.7, "time": null, "elevation_f": 5.577427999999999, "step_elevation_m": 0.0, "step_elevation_f": 0.0, "step_dist_m": 28.370484124922406, "step_dist_f": 93.07901913641042, "step_grade": 0.0, "step_turn": 7.618467010038387, "coast_speed_mps": 0.0, "coast_speed_mph": 0.0}, "geometry": {"type": "Point", "coordinates": [-122.16985, 37.67812]}}, {"id": "469", "type": "Feature", "properties": {"name": "Some South Bay", "step": 469, "lat": 37.67803, "lon": -122.16907, "elevation_m": 1.8, "time": null, "elevation_f": 5.905512, "step_elevation_m": 0.10000000000000009, "step_elevation_f": 0.3280840000000005, "step_dist_m": 69.37037630448974, "step_dist_f": 227.59310539482212, "step_grade": 0.0014415375168366784, "step_turn": 7.629277063892744, "coast_speed_mps": 0.0, "coast_speed_mph": 0.0}, "geometry": {"type": "Point", "coordinates": [-122.16907, 37.67803]}}, {"id": "470", "type": "Feature", "properties": {"name": "Some South Bay", "step": 470, "lat": 37.6779, "lon": -122.16873, "elevation_m": 1.8, "time": null, "elevation_f": 5.905512, "step_elevation_m": 0.0, "step_elevation_f": 0.0, "step_dist_m": 33.2308464835802, "step_dist_f": 109.02509037718927, "step_grade": 0.0, "step_turn": 17.490705348309746, "coast_speed_mps": 0.0, "coast_speed_mph": 0.0}, "geometry": {"type": "Point", "coordinates": [-122.16873, 37.6779]}}, {"id": "471", "type": "Feature", "properties": {"name": "Some South Bay", "step": 471, "lat": 37.67775, "lon": -122.16846, "elevation_m": 1.8, "time": null, "elevation_f": 5.905512, "step_elevation_m": 0.0, "step_elevation_f": 0.0, "step_dist_m": 29.03129576087362, "step_dist_f": 95.2470363841046, "step_grade": 0.0, "step_turn": 9.28133234330869, "coast_speed_mps": 0.0, "coast_speed_mph": 0.0}, "geometry": {"type": "Point", "coordinates": [-122.16846, 37.67775]}}, {"id": "472", "type": "Feature", "properties": {"name": "Some South Bay", "step": 472, "lat": 37.67733, "lon": -122.16779, "elevation_m": 1.8, "time": null, "elevation_f": 5.905512, "step_elevation_m": 0.0, "step_elevation_f": 0.0, "step_dist_m": 75.21884655921016, "step_dist_f": 246.78100054531907, "step_grade": 0.0, "step_turn": 3.313839043146629, "coast_speed_mps": 0.0, "coast_speed_mph": 0.0}, "geometry": {"type": "Point", "coordinates": [-122.16779, 37.67733]}}, {"id": "473", "type": "Feature", "properties": {"name": "Some South Bay", "step": 473, "lat": 37.67725, "lon": -122.16767, "elevation_m": 1.8, "time": null, "elevation_f": 5.905512, "step_elevation_m": 0.0, "step_elevation_f": 0.0, "step_dist_m": 13.80807394817378, "step_dist_f": 45.30208133212646, "step_grade": 0.0, "step_turn": 1.727820089405725, "coast_speed_mps": 0.0, "coast_speed_mph": 0.0}, "geometry": {"type": "Point", "coordinates": [-122.16767, 37.67725]}}, {"id": "474", "type": "Feature", "properties": {"name": "Some South Bay", "step": 474, "lat": 37.6772, "lon": -122.16754, "elevation_m": 1.8, "time": null, "elevation_f": 5.905512, "step_elevation_m": 0.0, "step_elevation_f": 0.0, "step_dist_m": 12.720274947177849, "step_dist_f": 41.733186857698975, "step_grade": 0.0, "step_turn": 14.190508201854925, "coast_speed_mps": 0.0, "coast_speed_mph": 0.0}, "geometry": {"type": "Point", "coordinates": [-122.16754, 37.6772]}}, {"id": "475", "type": "Feature", "properties": {"name": "Some South Bay", "step": 475, "lat": 37.67721, "lon": -122.16737, "elevation_m": 1.8, "time": null, "elevation_f": 5.905512, "step_elevation_m": 0.0, "step_elevation_f": 0.0, "step_dist_m": 15.002469445411737, "step_dist_f": 49.220701855284645, "step_grade": 0.0, "step_turn": 30.168108268448236, "coast_speed_mps": 0.0, "coast_speed_mph": 0.0}, "geometry": {"type": "Point", "coordinates": [-122.16737, 37.67721]}}, {"id": "476", "type": "Feature", "properties": {"name": "Some South Bay", "step": 476, "lat": 37.67751, "lon": -122.16641, "elevation_m": 1.9, "time": null, "elevation_f": 6.2335959999999995, "step_elevation_m": 0.09999999999999987, "step_elevation_f": 0.3280839999999996, "step_dist_m": 90.83379604048739, "step_dist_f": 298.01115140147266, "step_grade": 0.0011009118231217246, "step_turn": 17.29566835601628, "coast_speed_mps": 0.0, "coast_speed_mph": 0.0}, "geometry": {"type": "Point", "coordinates": [-122.16641, 37.67751]}}, {"id": "477", "type": "Feature", "properties": {"name": "Some South Bay", "step": 477, "lat": 37.67781, "lon": -122.16545, "elevation_m": 2.1, "time": null, "elevation_f": 6.889764, "step_elevation_m": 0.20000000000000018, "step_elevation_f": 0.656168000000001, "step_dist_m": 90.83347828732366, "step_dist_f": 298.01010890418297, "step_grade": 0.0022018313486505707, "step_turn": 7.914057965763277e-05, "coast_speed_mps": 0.0, "coast_speed_mph": 0.0}, "geometry": {"type": "Point", "coordinates": [-122.16545, 37.67781]}}, {"id": "478", "type": "Feature", "properties": {"name": "Some South Bay", "step": 478, "lat": 37.6778, "lon": -122.16516, "elevation_m": 2.1, "time": null, "elevation_f": 6.889764, "step_elevation_m": 0.0, "step_elevation_f": 0.0, "step_dist_m": 25.546060885684877, "step_dist_f": 83.81253839619038, "step_grade": 0.0, "step_turn": 24.040957532972243, "coast_speed_mps": 0.0, "coast_speed_mph": 0.0}, "geometry": {"type": "Point", "coordinates": [-122.16516, 37.6778]}}, {"id": "479", "type": "Feature", "properties": {"name": "Some South Bay", "step": 479, "lat": 37.67774, "lon": -122.16485, "elevation_m": 2.2, "time": null, "elevation_f": 7.217848000000001, "step_elevation_m": 0.10000000000000009, "step_elevation_f": 0.3280840000000005, "step_dist_m": 28.08591264474534, "step_dist_f": 92.1453856413863, "step_grade": 0.0035605038463547784, "step_turn": 11.247026294176123, "coast_speed_mps": 0.0, "coast_speed_mph": 0.0}, "geometry": {"type": "Point", "coordinates": [-122.16485, 37.67774]}}, {"id": "480", "type": "Feature", "properties": {"name": "Some South Bay", "step": 480, "lat": 37.67763, "lon": -122.16463, "elevation_m": 2.2, "time": null, "elevation_f": 7.217848000000001, "step_elevation_m": 0.0, "step_elevation_f": 0.0, "step_dist_m": 22.901382262251804, "step_dist_f": 75.13577098128621, "step_grade": 0.0, "step_turn": 18.54062512848884, "coast_speed_mps": 0.0, "coast_speed_mph": 0.0}, "geometry": {"type": "Point", "coordinates": [-122.16463, 37.67763]}}, {"id": "481", "type": "Feature", "properties": {"name": "Some South Bay", "step": 481, "lat": 37.67761, "lon": -122.16457, "elevation_m": 2.2, "time": null, "elevation_f": 7.217848000000001, "step_elevation_m": 0.0, "step_elevation_f": 0.0, "step_dist_m": 5.7295989790849555, "step_dist_f": 18.797897514541084, "step_grade": 0.0, "step_turn": 9.443351657140624, "coast_speed_mps": 0.0, "coast_speed_mph": 0.0}, "geometry": {"type": "Point", "coordinates": [-122.16457, 37.67761]}}, {"id": "482", "type": "Feature", "properties": {"name": "Some South Bay", "step": 482, "lat": 37.6776, "lon": -122.16453, "elevation_m": 2.2, "time": null, "elevation_f": 7.217848000000001, "step_elevation_m": 0.0, "step_elevation_f": 0.0, "step_dist_m": 3.69170608858152, "step_dist_f": 12.111897003661793, "step_grade": 0.0, "step_turn": 5.309125633269446, "coast_speed_mps": 0.0, "coast_speed_mph": 0.0}, "geometry": {"type": "Point", "coordinates": [-122.16453, 37.6776]}}, {"id": "483", "type": "Feature", "properties": {"name": "Some South Bay", "step": 483, "lat": 37.6776, "lon": -122.16447, "elevation_m": 2.2, "time": null, "elevation_f": 7.217848000000001, "step_elevation_m": 0.0, "step_elevation_f": 0.0, "step_dist_m": 5.280397220649949, "step_dist_f": 17.32413841739718, "step_grade": 0.0, "step_turn": 17.52981859291782, "coast_speed_mps": 0.0, "coast_speed_mph": 0.0}, "geometry": {"type": "Point", "coordinates": [-122.16447, 37.6776]}}, {"id": "484", "type": "Feature", "properties": {"name": "Some South Bay", "step": 484, "lat": 37.67761, "lon": -122.16441, "elevation_m": 2.2, "time": null, "elevation_f": 7.217848000000001, "step_elevation_m": 0.0, "step_elevation_f": 0.0, "step_dist_m": 5.396204425104771, "step_dist_f": 17.704083326060736, "step_grade": 0.0, "step_turn": 11.891637579125302, "coast_speed_mps": 0.0, "coast_speed_mph": 0.0}, "geometry": {"type": "Point", "coordinates": [-122.16441, 37.67761]}}, {"id": "485", "type": "Feature", "properties": {"name": "Some South Bay", "step": 485, "lat": 37.67764, "lon": -122.16431, "elevation_m": 2.2, "time": null, "elevation_f": 7.217848000000001, "step_elevation_m": 0.0, "step_elevation_f": 0.0, "step_dist_m": 9.411667258563638, "step_dist_f": 30.878174408585924, "step_grade": 0.0, "step_turn": 8.867348547916947, "coast_speed_mps": 0.0, "coast_speed_mph": 0.0}, "geometry": {"type": "Point", "coordinates": [-122.16431, 37.67764]}}, {"id": "486", "type": "Feature", "properties": {"name": "Some South Bay", "step": 486, "lat": 37.67764, "lon": -122.16424, "elevation_m": 2.2, "time": null, "elevation_f": 7.217848000000001, "step_elevation_m": 0.0, "step_elevation_f": 0.0, "step_dist_m": 6.160460101608015, "step_dist_f": 20.21148391975964, "step_grade": 0.0, "step_turn": 20.758983072960632, "coast_speed_mps": 0.0, "coast_speed_mph": 0.0}, "geometry": {"type": "Point", "coordinates": [-122.16424, 37.67764]}}, {"id": "487", "type": "Feature", "properties": {"name": "Some South Bay", "step": 487, "lat": 37.67772, "lon": -122.16384, "elevation_m": 2.3, "time": null, "elevation_f": 7.545932, "step_elevation_m": 0.09999999999999964, "step_elevation_f": 0.3280839999999987, "step_dist_m": 36.30916355514119, "step_dist_f": 119.12455615824942, "step_grade": 0.002754125686429925, "step_turn": 14.181688910201729, "coast_speed_mps": 0.0, "coast_speed_mph": 0.0}, "geometry": {"type": "Point", "coordinates": [-122.16384, 37.67772]}}, {"id": "488", "type": "Feature", "properties": {"name": "Some South Bay", "step": 488, "lat": 37.67747, "lon": -122.16377, "elevation_m": 2.3, "time": null, "elevation_f": 7.545932, "step_elevation_m": 0.0, "step_elevation_f": 0.0, "step_dist_m": 28.473159232592607, "step_dist_f": 93.41587973665914, "step_grade": 0.0, "step_turn": 91.68633827149904, "coast_speed_mps": 0.0, "coast_speed_mph": 0.0}, "geometry": {"type": "Point", "coordinates": [-122.16377, 37.67747]}}, {"id": "489", "type": "Feature", "properties": {"name": "Some South Bay", "step": 489, "lat": 37.67726, "lon": -122.16383, "elevation_m": 2.3, "time": null, "elevation_f": 7.545932, "step_elevation_m": 0.0, "step_elevation_f": 0.0, "step_dist_m": 23.940528773101825, "step_dist_f": 78.5450444199434, "step_grade": 0.0, "step_turn": 25.237540064573096, "coast_speed_mps": 0.0, "coast_speed_mph": 0.0}, "geometry": {"type": "Point", "coordinates": [-122.16383, 37.67726]}}, {"id": "490", "type": "Feature", "properties": {"name": "Some South Bay", "step": 490, "lat": 37.67708, "lon": -122.1639, "elevation_m": 2.2, "time": null, "elevation_f": 7.217848000000001, "step_elevation_m": -0.09999999999999964, "step_elevation_f": -0.3280839999999987, "step_dist_m": 20.941715520658093, "step_dist_f": 68.7064179487959, "step_grade": -0.004775157980794553, "step_turn": 4.365840740148087, "coast_speed_mps": 0.0, "coast_speed_mph": 0.0}, "geometry": {"type": "Point", "coordinates": [-122.1639, 37.67708]}}, {"id": "491", "type": "Feature", "properties": {"name": "Some South Bay", "step": 491, "lat": 37.67681, "lon": -122.16388, "elevation_m": 2.2, "time": null, "elevation_f": 7.217848000000001, "step_elevation_m": 0.0, "step_elevation_f": 0.0, "step_dist_m": 30.074182358122474, "step_dist_f": 98.66858044782254, "step_grade": 0.0, "step_turn": 20.46327525377913, "coast_speed_mps": 0.0, "coast_speed_mph": 0.0}, "geometry": {"type": "Point", "coordinates": [-122.16388, 37.67681]}}, {"id": "492", "type": "Feature", "properties": {"name": "Some South Bay", "step": 492, "lat": 37.67629, "lon": -122.1638, "elevation_m": 2.2, "time": null, "elevation_f": 7.217848000000001, "step_elevation_m": 0.0, "step_elevation_f": 0.0, "step_dist_m": 58.24843643637711, "step_dist_f": 191.10380019792348, "step_grade": 0.0, "step_turn": 3.5872128403295847, "coast_speed_mps": 0.0, "coast_speed_mph": 0.0}, "geometry": {"type": "Point", "coordinates": [-122.1638, 37.67629]}}, {"id": "493", "type": "Feature", "properties": {"name": "Some South Bay", "step": 493, "lat": 37.67559, "lon": -122.1638, "elevation_m": 2.1, "time": null, "elevation_f": 6.889764, "step_elevation_m": -0.10000000000000009, "step_elevation_f": -0.3280840000000005, "step_dist_m": 77.83644865127116, "step_dist_f": 255.36893419303647, "step_grade": -0.0012847451513111523, "step_turn": 6.942479321393876, "coast_speed_mps": 0.0, "coast_speed_mph": 0.0}, "geometry": {"type": "Point", "coordinates": [-122.1638, 37.67559]}}, {"id": "494", "type": "Feature", "properties": {"name": "Some South Bay", "step": 494, "lat": 37.67489, "lon": -122.1638, "elevation_m": 2.1, "time": null, "elevation_f": 6.889764, "step_elevation_m": 0.0, "step_elevation_f": 0.0, "step_dist_m": 77.83644865127116, "step_dist_f": 255.36893419303647, "step_grade": 0.0, "step_turn": 0.0, "coast_speed_mps": 0.0, "coast_speed_mph": 0.0}, "geometry": {"type": "Point", "coordinates": [-122.1638, 37.67489]}}, {"id": "495", "type": "Feature", "properties": {"name": "Some South Bay", "step": 495, "lat": 37.67447, "lon": -122.16371, "elevation_m": 2.0, "time": null, "elevation_f": 6.56168, "step_elevation_m": -0.10000000000000009, "step_elevation_f": -0.3280840000000005, "step_dist_m": 47.36882268302603, "step_dist_f": 155.40952821137913, "step_grade": -0.002111093211439129, "step_turn": 9.62611939876956, "coast_speed_mps": 0.0, "coast_speed_mph": 0.0}, "geometry": {"type": "Point", "coordinates": [-122.16371, 37.67447]}}, {"id": "496", "type": "Feature", "properties": {"name": "Some South Bay", "step": 496, "lat": 37.67411, "lon": -122.16355, "elevation_m": 2.0, "time": null, "elevation_f": 6.56168, "step_elevation_m": 0.0, "step_elevation_f": 0.0, "step_dist_m": 42.43475838259063, "step_dist_f": 139.22165269193863, "step_grade": 0.0, "step_turn": 9.754620007619224, "coast_speed_mps": 0.0, "coast_speed_mph": 0.0}, "geometry": {"type": "Point", "coordinates": [-122.16355, 37.67411]}}, {"id": "497", "type": "Feature", "properties": {"name": "Some South Bay", "step": 497, "lat": 37.67411, "lon": -122.16355, "elevation_m": 2.0, "time": null, "elevation_f": 6.56168, "step_elevation_m": 0.0, "step_elevation_f": 0.0, "step_dist_m": 0.0, "step_dist_f": 0.0, "step_grade": null, "step_turn": null, "coast_speed_mps": 0.0, "coast_speed_mph": 0.0}, "geometry": {"type": "Point", "coordinates": [-122.16355, 37.67411]}}, {"id": "498", "type": "Feature", "properties": {"name": "Some South Bay", "step": 498, "lat": 37.67395, "lon": -122.16346, "elevation_m": 2.0, "time": null, "elevation_f": 6.56168, "step_elevation_m": 0.0, "step_elevation_f": 0.0, "step_dist_m": 19.474810795547846, "step_dist_f": 63.8937382504652, "step_grade": 0.0, "step_turn": null, "coast_speed_mps": 0.0, "coast_speed_mph": 0.0}, "geometry": {"type": "Point", "coordinates": [-122.16346, 37.67395]}}, {"id": "499", "type": "Feature", "properties": {"name": "Some South Bay", "step": 499, "lat": 37.67377, "lon": -122.16348, "elevation_m": 2.0, "time": null, "elevation_f": 6.56168, "step_elevation_m": 0.0, "step_elevation_f": 0.0, "step_dist_m": 20.092338785688433, "step_dist_f": 65.91974878163803, "step_grade": 0.0, "step_turn": 29.025505965368865, "coast_speed_mps": 0.0, "coast_speed_mph": 0.0}, "geometry": {"type": "Point", "coordinates": [-122.16348, 37.67377]}}, {"id": "500", "type": "Feature", "properties": {"name": "Some South Bay", "step": 500, "lat": 37.67363, "lon": -122.16369, "elevation_m": 2.0, "time": null, "elevation_f": 6.56168, "step_elevation_m": 0.0, "step_elevation_f": 0.0, "step_dist_m": 24.1648133541781, "step_dist_f": 79.28088624492167, "step_grade": 0.0, "step_turn": 44.86742438890991, "coast_speed_mps": 0.0, "coast_speed_mph": 0.0}, "geometry": {"type": "Point", "coordinates": [-122.16369, 37.67363]}}, {"id": "501", "type": "Feature", "properties": {"name": "Some South Bay", "step": 501, "lat": 37.67337, "lon": -122.1636, "elevation_m": 2.0, "time": null, "elevation_f": 6.56168, "step_elevation_m": 0.0, "step_elevation_f": 0.0, "step_dist_m": 29.97616125775208, "step_dist_f": 98.34698890088333, "step_grade": 0.0, "step_turn": 65.21544968598019, "coast_speed_mps": 0.0, "coast_speed_mph": 0.0}, "geometry": {"type": "Point", "coordinates": [-122.1636, 37.67337]}}, {"id": "502", "type": "Feature", "properties": {"name": "Some South Bay", "step": 502, "lat": 37.67312, "lon": -122.16348, "elevation_m": 2.0, "time": null, "elevation_f": 6.56168, "step_elevation_m": 0.0, "step_elevation_f": 0.0, "step_dist_m": 29.737399925376756, "step_dist_f": 97.56365117117308, "step_grade": 0.0, "step_turn": 5.480949947167005, "coast_speed_mps": 0.0, "coast_speed_mph": 0.0}, "geometry": {"type": "Point", "coordinates": [-122.16348, 37.67312]}}, {"id": "503", "type": "Feature", "properties": {"name": "Some South Bay", "step": 503, "lat": 37.6727, "lon": -122.16316, "elevation_m": 1.9, "time": null, "elevation_f": 6.2335959999999995, "step_elevation_m": -0.10000000000000009, "step_elevation_f": -0.3280840000000005, "step_dist_m": 54.53686618901886, "step_dist_f": 178.92673206758064, "step_grade": -0.001833622042994017, "step_turn": 10.289439587104539, "coast_speed_mps": 0.0, "coast_speed_mph": 0.0}, "geometry": {"type": "Point", "coordinates": [-122.16316, 37.6727]}}, {"id": "504", "type": "Feature", "properties": {"name": "Some South Bay", "step": 504, "lat": 37.67245, "lon": -122.16307, "elevation_m": 1.9, "time": null, "elevation_f": 6.2335959999999995, "step_elevation_m": 0.0, "step_elevation_f": 0.0, "step_dist_m": 28.905255893067956, "step_dist_f": 94.83351974421308, "step_grade": 0.0, "step_turn": 15.187770269552857, "coast_speed_mps": 0.0, "coast_speed_mph": 0.0}, "geometry": {"type": "Point", "coordinates": [-122.16307, 37.67245]}}, {"id": "505", "type": "Feature", "properties": {"name": "Some South Bay", "step": 505, "lat": 37.67216, "lon": -122.16307, "elevation_m": 1.9, "time": null, "elevation_f": 6.2335959999999995, "step_elevation_m": 0.0, "step_elevation_f": 0.0, "step_dist_m": 32.24652872639944, "step_dist_f": 105.79570130672033, "step_grade": 0.0, "step_turn": 15.904708062644659, "coast_speed_mps": 0.0, "coast_speed_mph": 0.0}, "geometry": {"type": "Point", "coordinates": [-122.16307, 37.67216]}}, {"id": "506", "type": "Feature", "properties": {"name": "Some South Bay", "step": 506, "lat": 37.67198, "lon": -122.16304, "elevation_m": 1.9, "time": null, "elevation_f": 6.2335959999999995, "step_elevation_m": 0.0, "step_elevation_f": 0.0, "step_dist_m": 20.1884964098905, "step_dist_f": 66.23522656142515, "step_grade": 0.0, "step_turn": 7.515088742499074, "coast_speed_mps": 0.0, "coast_speed_mph": 0.0}, "geometry": {"type": "Point", "coordinates": [-122.16304, 37.67198]}}, {"id": "507", "type": "Feature", "properties": {"name": "Some South Bay", "step": 507, "lat": 37.67166, "lon": -122.16294, "elevation_m": 1.8, "time": null, "elevation_f": 5.905512, "step_elevation_m": -0.09999999999999987, "step_elevation_f": -0.3280839999999996, "step_dist_m": 36.6547301037574, "step_dist_f": 120.25830471361144, "step_grade": -0.0027281608599199333, "step_turn": 6.378264985653118, "coast_speed_mps": 0.0, "coast_speed_mph": 0.0}, "geometry": {"type": "Point", "coordinates": [-122.16294, 37.67166]}}, {"id": "508", "type": "Feature", "properties": {"name": "Some South Bay", "step": 508, "lat": 37.67138, "lon": -122.16299, "elevation_m": 1.8, "time": null, "elevation_f": 5.905512, "step_elevation_m": 0.0, "step_elevation_f": 0.0, "step_dist_m": 31.444047524277337, "step_dist_f": 103.16288887955005, "step_grade": 0.0, "step_turn": 21.938500753481748, "coast_speed_mps": 0.0, "coast_speed_mph": 0.0}, "geometry": {"type": "Point", "coordinates": [-122.16299, 37.67138]}}, {"id": "509", "type": "Feature", "properties": {"name": "Some South Bay", "step": 509, "lat": 37.67116, "lon": -122.16307, "elevation_m": 1.8, "time": null, "elevation_f": 5.905512, "step_elevation_m": 0.0, "step_elevation_f": 0.0, "step_dist_m": 25.456044516676897, "step_dist_f": 83.51720909209423, "step_grade": 0.0, "step_turn": 8.012236597182465, "coast_speed_mps": 0.0, "coast_speed_mph": 0.0}, "geometry": {"type": "Point", "coordinates": [-122.16307, 37.67116]}}, {"id": "510", "type": "Feature", "properties": {"name": "Some South Bay", "step": 510, "lat": 37.67084, "lon": -122.16293, "elevation_m": 1.8, "time": null, "elevation_f": 5.905512, "step_elevation_m": 0.0, "step_elevation_f": 0.0, "step_dist_m": 37.655514409902864, "step_dist_f": 123.54171789658571, "step_grade": 0.0, "step_turn": 35.15817435689439, "coast_speed_mps": 0.0, "coast_speed_mph": 0.0}, "geometry": {"type": "Point", "coordinates": [-122.16293, 37.67084]}}, {"id": "511", "type": "Feature", "properties": {"name": "Some South Bay", "step": 511, "lat": 37.67081, "lon": -122.16284, "elevation_m": 1.8, "time": null, "elevation_f": 5.905512, "step_elevation_m": 0.0, "step_elevation_f": 0.0, "step_dist_m": 8.595066970750782, "step_dist_f": 28.199039520317996, "step_grade": 0.0, "step_turn": 48.06216936024009, "coast_speed_mps": 0.0, "coast_speed_mph": 0.0}, "geometry": {"type": "Point", "coordinates": [-122.16284, 37.67081]}}, {"id": "512", "type": "Feature", "properties": {"name": "Some South Bay", "step": 512, "lat": 37.67098, "lon": -122.16255, "elevation_m": 1.7, "time": null, "elevation_f": 5.577427999999999, "step_elevation_m": -0.10000000000000009, "step_elevation_f": -0.3280840000000005, "step_dist_m": 31.761843981248756, "step_dist_f": 104.20552820744017, "step_grade": -0.003148431812052131, "step_turn": 59.36062530565164, "coast_speed_mps": 0.0, "coast_speed_mph": 0.0}, "geometry": {"type": "Point", "coordinates": [-122.16255, 37.67098]}}, {"id": "513", "type": "Feature", "properties": {"name": "Some South Bay", "step": 513, "lat": 37.67052, "lon": -122.16213, "elevation_m": 1.7, "time": null, "elevation_f": 5.577427999999999, "step_elevation_m": 0.0, "step_elevation_f": 0.0, "step_dist_m": 63.109331964521104, "step_dist_f": 207.0516206824794, "step_grade": 0.0, "step_turn": 90.66757533231043, "coast_speed_mps": 0.0, "coast_speed_mph": 0.0}, "geometry": {"type": "Point", "coordinates": [-122.16213, 37.67052]}}, {"id": "514", "type": "Feature", "properties": {"name": "Some South Bay", "step": 514, "lat": 37.67046, "lon": -122.16214, "elevation_m": 1.7, "time": null, "elevation_f": 5.577427999999999, "step_elevation_m": 0.0, "step_elevation_f": 0.0, "step_dist_m": 6.729501254687282, "step_dist_f": 22.078416896428223, "step_grade": 0.0, "step_turn": 43.37125086377284, "coast_speed_mps": 0.0, "coast_speed_mph": 0.0}, "geometry": {"type": "Point", "coordinates": [-122.16214, 37.67046]}}, {"id": "515", "type": "Feature", "properties": {"name": "Some South Bay", "step": 515, "lat": 37.6703, "lon": -122.16228, "elevation_m": 1.7, "time": null, "elevation_f": 5.577427999999999, "step_elevation_m": 0.0, "step_elevation_f": 0.0, "step_dist_m": 21.641653426761934, "step_dist_f": 71.00280222865763, "step_grade": 0.0, "step_turn": 27.191164110531616, "coast_speed_mps": 0.0, "coast_speed_mph": 0.0}, "geometry": {"type": "Point", "coordinates": [-122.16228, 37.6703]}}, {"id": "516", "type": "Feature", "properties": {"name": "Some South Bay", "step": 516, "lat": 37.6701, "lon": -122.16235, "elevation_m": 1.7, "time": null, "elevation_f": 5.577427999999999, "step_elevation_m": 0.0, "step_elevation_f": 0.0, "step_dist_m": 23.07664075306333, "step_dist_f": 75.71076604828029, "step_grade": 0.0, "step_turn": 19.221549016191545, "coast_speed_mps": 0.0, "coast_speed_mph": 0.0}, "geometry": {"type": "Point", "coordinates": [-122.16235, 37.6701]}}, {"id": "517", "type": "Feature", "properties": {"name": "Some South Bay", "step": 517, "lat": 37.6698, "lon": -122.16212, "elevation_m": 1.7, "time": null, "elevation_f": 5.577427999999999, "step_elevation_m": 0.0, "step_elevation_f": 0.0, "step_dist_m": 39.020402155456786, "step_dist_f": 128.01969620770885, "step_grade": 0.0, "step_turn": 46.736417798783265, "coast_speed_mps": 0.0, "coast_speed_mph": 0.0}, "geometry": {"type": "Point", "coordinates": [-122.16212, 37.6698]}}, {"id": "518", "type": "Feature", "properties": {"name": "Some South Bay", "step": 518, "lat": 37.66902, "lon": -122.16182, "elevation_m": 1.5, "time": null, "elevation_f": 4.92126, "step_elevation_m": -0.19999999999999996, "step_elevation_f": -0.6561679999999992, "step_dist_m": 90.66237370799968, "step_dist_f": 297.4487421561537, "step_grade": -0.002205986803788624, "step_turn": 14.319004605129294, "coast_speed_mps": 0.0, "coast_speed_mph": 0.0}, "geometry": {"type": "Point", "coordinates": [-122.16182, 37.66902]}}, {"id": "519", "type": "Feature", "properties": {"name": "Some South Bay", "step": 519, "lat": 37.66902, "lon": -122.16182, "elevation_m": 1.5, "time": null, "elevation_f": 4.92126, "step_elevation_m": 0.0, "step_elevation_f": 0.0, "step_dist_m": 0.0, "step_dist_f": 0.0, "step_grade": null, "step_turn": null, "coast_speed_mps": 0.0, "coast_speed_mph": 0.0}, "geometry": {"type": "Point", "coordinates": [-122.16182, 37.66902]}}, {"id": "520", "type": "Feature", "properties": {"name": "Some South Bay", "step": 520, "lat": 37.66851, "lon": -122.16163, "elevation_m": 1.6, "time": null, "elevation_f": 5.249344000000001, "step_elevation_m": 0.10000000000000009, "step_elevation_f": 0.3280840000000005, "step_dist_m": 59.123806789763805, "step_dist_f": 193.97575026812868, "step_grade": 0.0016913660575948104, "step_turn": null, "coast_speed_mps": 0.0, "coast_speed_mph": 0.0}, "geometry": {"type": "Point", "coordinates": [-122.16163, 37.66851]}}, {"id": "521", "type": "Feature", "properties": {"name": "Some South Bay", "step": 521, "lat": 37.66801, "lon": -122.16144, "elevation_m": 1.8, "time": null, "elevation_f": 5.905512, "step_elevation_m": 0.19999999999999996, "step_elevation_f": 0.6561679999999992, "step_dist_m": 58.05815004720067, "step_dist_f": 190.47950100085785, "step_grade": 0.0034448221281146926, "step_turn": 0.31049562844873435, "coast_speed_mps": 0.0, "coast_speed_mph": 0.0}, "geometry": {"type": "Point", "coordinates": [-122.16144, 37.66801]}}, {"id": "522", "type": "Feature", "properties": {"name": "Some South Bay", "step": 522, "lat": 37.66774, "lon": -122.1614, "elevation_m": 1.8, "time": null, "elevation_f": 5.905512, "step_elevation_m": 0.0, "step_elevation_f": 0.0, "step_dist_m": 30.228361462403644, "step_dist_f": 99.17441742031237, "step_grade": 0.0, "step_turn": 10.052523045313706, "coast_speed_mps": 0.0, "coast_speed_mph": 0.0}, "geometry": {"type": "Point", "coordinates": [-122.1614, 37.66774]}}, {"id": "523", "type": "Feature", "properties": {"name": "Some South Bay", "step": 523, "lat": 37.66739, "lon": -122.16138, "elevation_m": 1.8, "time": null, "elevation_f": 5.905512, "step_elevation_m": 0.0, "step_elevation_f": 0.0, "step_dist_m": 38.95801700376556, "step_dist_f": 127.81502050663421, "step_grade": 0.0, "step_turn": 4.098612209835437, "coast_speed_mps": 0.0, "coast_speed_mph": 0.0}, "geometry": {"type": "Point", "coordinates": [-122.16138, 37.66739]}}, {"id": "524", "type": "Feature", "properties": {"name": "Some South Bay", "step": 524, "lat": 37.66711, "lon": -122.16135, "elevation_m": 1.7, "time": null, "elevation_f": 5.577427999999999, "step_elevation_m": -0.10000000000000009, "step_elevation_f": -0.3280840000000005, "step_dist_m": 31.246353892802865, "step_dist_f": 102.51428770566335, "step_grade": -0.003200373404944172, "step_turn": 2.2578678346230845, "coast_speed_mps": 0.0, "coast_speed_mph": 0.0}, "geometry": {"type": "Point", "coordinates": [-122.16135, 37.66711]}}, {"id": "525", "type": "Feature", "properties": {"name": "Some South Bay", "step": 525, "lat": 37.66694, "lon": -122.16126, "elevation_m": 1.8, "time": null, "elevation_f": 5.905512, "step_elevation_m": 0.10000000000000009, "step_elevation_f": 0.3280840000000005, "step_dist_m": 20.49591008211576, "step_dist_f": 67.24380163380867, "step_grade": 0.0048790221853704215, "step_turn": 17.88934644407641, "coast_speed_mps": 0.0, "coast_speed_mph": 0.0}, "geometry": {"type": "Point", "coordinates": [-122.16126, 37.66694]}}, {"id": "526", "type": "Feature", "properties": {"name": "Some South Bay", "step": 526, "lat": 37.66678, "lon": -122.16121, "elevation_m": 1.8, "time": null, "elevation_f": 5.905512, "step_elevation_m": 0.0, "step_elevation_f": 0.0, "step_dist_m": 18.327435677401038, "step_dist_f": 60.12938406784442, "step_grade": 0.0, "step_turn": 8.842858130443574, "coast_speed_mps": 0.0, "coast_speed_mph": 0.0}, "geometry": {"type": "Point", "coordinates": [-122.16121, 37.66678]}}, {"id": "527", "type": "Feature", "properties": {"name": "Some South Bay", "step": 527, "lat": 37.66667, "lon": -122.16127, "elevation_m": 1.7, "time": null, "elevation_f": 5.577427999999999, "step_elevation_m": -0.10000000000000009, "step_elevation_f": -0.3280840000000005, "step_dist_m": 13.322872816703768, "step_dist_f": 43.71021405195439, "step_grade": -0.007505888660486458, "step_turn": 37.24749311394453, "coast_speed_mps": 0.0, "coast_speed_mph": 0.0}, "geometry": {"type": "Point", "coordinates": [-122.16127, 37.66667]}}, {"id": "528", "type": "Feature", "properties": {"name": "Some South Bay", "step": 528, "lat": 37.66652, "lon": -122.16134, "elevation_m": 1.7, "time": null, "elevation_f": 5.577427999999999, "step_elevation_m": 0.0, "step_elevation_f": 0.0, "step_dist_m": 17.780876842713937, "step_dist_f": 58.336211980649594, "step_grade": 0.0, "step_turn": 3.0788106331724236, "coast_speed_mps": 0.0, "coast_speed_mph": 0.0}, "geometry": {"type": "Point", "coordinates": [-122.16134, 37.66652]}}, {"id": "529", "type": "Feature", "properties": {"name": "Some South Bay", "step": 529, "lat": 37.66633, "lon": -122.16128, "elevation_m": 1.7, "time": null, "elevation_f": 5.577427999999999, "step_elevation_m": 0.0, "step_elevation_f": 0.0, "step_dist_m": 21.77711290821302, "step_dist_f": 71.4472231137816, "step_grade": 0.0, "step_turn": 34.30926714554417, "coast_speed_mps": 0.0, "coast_speed_mph": 0.0}, "geometry": {"type": "Point", "coordinates": [-122.16128, 37.66633]}}, {"id": "530", "type": "Feature", "properties": {"name": "Some South Bay", "step": 530, "lat": 37.66618, "lon": -122.1612, "elevation_m": 1.8, "time": null, "elevation_f": 5.905512, "step_elevation_m": 0.10000000000000009, "step_elevation_f": 0.3280840000000005, "step_dist_m": 18.104729487062777, "step_dist_f": 59.39872069033504, "step_grade": 0.005523418622269821, "step_turn": 8.853605078129135, "coast_speed_mps": 0.0, "coast_speed_mph": 0.0}, "geometry": {"type": "Point", "coordinates": [-122.1612, 37.66618]}}, {"id": "531", "type": "Feature", "properties": {"name": "Some South Bay", "step": 531, "lat": 37.6661, "lon": -122.16112, "elevation_m": 1.8, "time": null, "elevation_f": 5.905512, "step_elevation_m": 0.0, "step_elevation_f": 0.0, "step_dist_m": 11.345305849526726, "step_dist_f": 37.22213324336126, "step_grade": 0.0, "step_turn": 15.47620504864949, "coast_speed_mps": 0.0, "coast_speed_mph": 0.0}, "geometry": {"type": "Point", "coordinates": [-122.16112, 37.6661]}}, {"id": "532", "type": "Feature", "properties": {"name": "Some South Bay", "step": 532, "lat": 37.66602, "lon": -122.16101, "elevation_m": 1.8, "time": null, "elevation_f": 5.905512, "step_elevation_m": 0.0, "step_elevation_f": 0.0, "step_dist_m": 13.148279217466449, "step_dist_f": 43.13740038783262, "step_grade": 0.0, "step_turn": 9.060030605497332, "coast_speed_mps": 0.0, "coast_speed_mph": 0.0}, "geometry": {"type": "Point", "coordinates": [-122.16101, 37.66602]}}, {"id": "533", "type": "Feature", "properties": {"name": "Some South Bay", "step": 533, "lat": 37.66595, "lon": -122.16082, "elevation_m": 1.7, "time": null, "elevation_f": 5.577427999999999, "step_elevation_m": -0.10000000000000009, "step_elevation_f": -0.3280840000000005, "step_dist_m": 18.44649376010966, "step_dist_f": 60.51999458791818, "step_grade": -0.005421084423981374, "step_turn": 17.617138111754514, "coast_speed_mps": 0.0, "coast_speed_mph": 0.0}, "geometry": {"type": "Point", "coordinates": [-122.16082, 37.66595]}}, {"id": "534", "type": "Feature", "properties": {"name": "Some South Bay", "step": 534, "lat": 37.66588, "lon": -122.16079, "elevation_m": 1.7, "time": null, "elevation_f": 5.577427999999999, "step_elevation_m": 0.0, "step_elevation_f": 0.0, "step_dist_m": 8.219365648818451, "step_dist_f": 26.96642359526953, "step_grade": 0.0, "step_turn": 46.30219512783202, "coast_speed_mps": 0.0, "coast_speed_mph": 0.0}, "geometry": {"type": "Point", "coordinates": [-122.16079, 37.66588]}}, {"id": "535", "type": "Feature", "properties": {"name": "Some South Bay", "step": 535, "lat": 37.66573, "lon": -122.16072, "elevation_m": 1.7, "time": null, "elevation_f": 5.577427999999999, "step_elevation_m": 0.0, "step_elevation_f": 0.0, "step_dist_m": 17.780899566747422, "step_dist_f": 58.33628653456761, "step_grade": 0.0, "step_turn": 1.5350502411339448, "coast_speed_mps": 0.0, "coast_speed_mph": 0.0}, "geometry": {"type": "Point", "coordinates": [-122.16072, 37.66573]}}, {"id": "536", "type": "Feature", "properties": {"name": "Some South Bay", "step": 536, "lat": 37.66557, "lon": -122.16066, "elevation_m": 1.7, "time": null, "elevation_f": 5.577427999999999, "step_elevation_m": 0.0, "step_elevation_f": 0.0, "step_dist_m": 18.55850091367244, "step_dist_f": 60.88747213761309, "step_grade": 0.0, "step_turn": 3.741307046038173, "coast_speed_mps": 0.0, "coast_speed_mph": 0.0}, "geometry": {"type": "Point", "coordinates": [-122.16066, 37.66557]}}, {"id": "537", "type": "Feature", "properties": {"name": "Some South Bay", "step": 537, "lat": 37.66546, "lon": -122.16071, "elevation_m": 1.7, "time": null, "elevation_f": 5.577427999999999, "step_elevation_m": 0.0, "step_elevation_f": 0.0, "step_dist_m": 12.999130447089515, "step_dist_f": 42.64806713602916, "step_grade": 0.0, "step_turn": 36.32281443269363, "coast_speed_mps": 0.0, "coast_speed_mph": 0.0}, "geometry": {"type": "Point", "coordinates": [-122.16071, 37.66546]}}, {"id": "538", "type": "Feature", "properties": {"name": "Some South Bay", "step": 538, "lat": 37.66488, "lon": -122.16055, "elevation_m": 1.7, "time": null, "elevation_f": 5.577427999999999, "step_elevation_m": 0.0, "step_elevation_f": 0.0, "step_dist_m": 66.0128557441971, "step_dist_f": 216.5776176397916, "step_grade": 0.0, "step_turn": 32.107886776461726, "coast_speed_mps": 0.0, "coast_speed_mph": 0.0}, "geometry": {"type": "Point", "coordinates": [-122.16055, 37.66488]}}, {"id": "539", "type": "Feature", "properties": {"name": "Some South Bay", "step": 539, "lat": 37.66437, "lon": -122.16038, "elevation_m": 1.7, "time": null, "elevation_f": 5.577427999999999, "step_elevation_m": 0.0, "step_elevation_f": 0.0, "step_dist_m": 58.65041378176929, "step_dist_f": 192.42262355177994, "step_grade": 0.0, "step_turn": 2.463189540030612, "coast_speed_mps": 0.0, "coast_speed_mph": 0.0}, "geometry": {"type": "Point", "coordinates": [-122.16038, 37.66437]}}, {"id": "540", "type": "Feature", "properties": {"name": "Some South Bay", "step": 540, "lat": 37.66386, "lon": -122.16021, "elevation_m": 1.7, "time": null, "elevation_f": 5.577427999999999, "step_elevation_m": 0.0, "step_elevation_f": 0.0, "step_dist_m": 58.650440014212634, "step_dist_f": 192.42270961622938, "step_grade": 0.0, "step_turn": 9.7115586640939e-05, "coast_speed_mps": 0.0, "coast_speed_mph": 0.0}, "geometry": {"type": "Point", "coordinates": [-122.16021, 37.66386]}}, {"id": "541", "type": "Feature", "properties": {"name": "Some South Bay", "step": 541, "lat": 37.66305, "lon": -122.15996, "elevation_m": 1.7, "time": null, "elevation_f": 5.577427999999999, "step_elevation_m": 0.0, "step_elevation_f": 0.0, "step_dist_m": 92.71721689749718, "step_dist_f": 304.1903538859847, "step_grade": 0.0, "step_turn": 1.0518078500915635, "coast_speed_mps": 0.0, "coast_speed_mph": 0.0}, "geometry": {"type": "Point", "coordinates": [-122.15996, 37.66305]}}, {"id": "542", "type": "Feature", "properties": {"name": "Some South Bay", "step": 542, "lat": 37.66223, "lon": -122.15971, "elevation_m": 1.7, "time": null, "elevation_f": 5.577427999999999, "step_elevation_m": 0.0, "step_elevation_f": 0.0, "step_dist_m": 93.7978209965004, "step_dist_f": 307.7356430381584, "step_grade": 0.0, "step_turn": 0.1610670761115216, "coast_speed_mps": 0.0, "coast_speed_mph": 0.0}, "geometry": {"type": "Point", "coordinates": [-122.15971, 37.66223]}}, {"id": "543", "type": "Feature", "properties": {"name": "Some South Bay", "step": 543, "lat": 37.66142, "lon": -122.15946, "elevation_m": 1.7, "time": null, "elevation_f": 5.577427999999999, "step_elevation_m": 0.0, "step_elevation_f": 0.0, "step_dist_m": 92.71733158619693, "step_dist_f": 304.19073016125833, "step_grade": 0.0, "step_turn": 0.16135714974791426, "coast_speed_mps": 0.0, "coast_speed_mph": 0.0}, "geometry": {"type": "Point", "coordinates": [-122.15946, 37.66142]}}, {"id": "544", "type": "Feature", "properties": {"name": "Some South Bay", "step": 544, "lat": 37.66093, "lon": -122.1593, "elevation_m": 1.7, "time": null, "elevation_f": 5.577427999999999, "step_elevation_m": 0.0, "step_elevation_f": 0.0, "step_dist_m": 56.27641829211376, "step_dist_f": 184.63392418949852, "step_grade": 0.0, "step_turn": 0.763225449136371, "coast_speed_mps": 0.0, "coast_speed_mph": 0.0}, "geometry": {"type": "Point", "coordinates": [-122.1593, 37.66093]}}, {"id": "545", "type": "Feature", "properties": {"name": "Some South Bay", "step": 545, "lat": 37.66045, "lon": -122.15914, "elevation_m": 1.7, "time": null, "elevation_f": 5.577427999999999, "step_elevation_m": 0.0, "step_elevation_f": 0.0, "step_dist_m": 55.20057992632116, "step_dist_f": 181.10427064547153, "step_grade": 0.0, "step_turn": 0.28894142699391523, "coast_speed_mps": 0.0, "coast_speed_mph": 0.0}, "geometry": {"type": "Point", "coordinates": [-122.15914, 37.66045]}}, {"id": "546", "type": "Feature", "properties": {"name": "Some South Bay", "step": 546, "lat": 37.66006, "lon": -122.159, "elevation_m": 1.7, "time": null, "elevation_f": 5.577427999999999, "step_elevation_m": 0.0, "step_elevation_f": 0.0, "step_dist_m": 45.08312349061131, "step_dist_f": 147.9105148729372, "step_grade": 0.0, "step_turn": 1.0818436013860264, "coast_speed_mps": 0.0, "coast_speed_mph": 0.0}, "geometry": {"type": "Point", "coordinates": [-122.159, 37.66006]}}, {"id": "547", "type": "Feature", "properties": {"name": "Some South Bay", "step": 547, "lat": 37.65982, "lon": -122.15889, "elevation_m": 1.7, "time": null, "elevation_f": 5.577427999999999, "step_elevation_m": 0.0, "step_elevation_f": 0.0, "step_dist_m": 28.38917866052148, "step_dist_f": 93.1403529165853, "step_grade": 0.0, "step_turn": 4.0786360138295095, "coast_speed_mps": 0.0, "coast_speed_mph": 0.0}, "geometry": {"type": "Point", "coordinates": [-122.15889, 37.65982]}}, {"id": "548", "type": "Feature", "properties": {"name": "Some South Bay", "step": 548, "lat": 37.65968, "lon": -122.15868, "elevation_m": 1.7, "time": null, "elevation_f": 5.577427999999999, "step_elevation_m": 0.0, "step_elevation_f": 0.0, "step_dist_m": 24.167470626160817, "step_dist_f": 79.28960432913345, "step_grade": 0.0, "step_turn": 29.955836515188025, "coast_speed_mps": 0.0, "coast_speed_mph": 0.0}, "geometry": {"type": "Point", "coordinates": [-122.15868, 37.65968]}}, {"id": "549", "type": "Feature", "properties": {"name": "Some South Bay", "step": 549, "lat": 37.65948, "lon": -122.15797, "elevation_m": 1.8, "time": null, "elevation_f": 5.905512, "step_elevation_m": 0.10000000000000009, "step_elevation_f": 0.3280840000000005, "step_dist_m": 66.33857624398722, "step_dist_f": 217.64625448432304, "step_grade": 0.0015074185438078928, "step_turn": 20.51474624986986, "coast_speed_mps": 0.0, "coast_speed_mph": 0.0}, "geometry": {"type": "Point", "coordinates": [-122.15797, 37.65948]}}, {"id": "550", "type": "Feature", "properties": {"name": "Some South Bay", "step": 550, "lat": 37.65938, "lon": -122.15775, "elevation_m": 1.8, "time": null, "elevation_f": 5.905512, "step_elevation_m": 0.0, "step_elevation_f": 0.0, "step_dist_m": 22.33142879100339, "step_dist_f": 73.26584483467556, "step_grade": 0.0, "step_turn": 10.276502830635309, "coast_speed_mps": 0.0, "coast_speed_mph": 0.0}, "geometry": {"type": "Point", "coordinates": [-122.15775, 37.65938]}}, {"id": "551", "type": "Feature", "properties": {"name": "Some South Bay", "step": 551, "lat": 37.65926, "lon": -122.15766, "elevation_m": 1.8, "time": null, "elevation_f": 5.905512, "step_elevation_m": 0.0, "step_elevation_f": 0.0, "step_dist_m": 15.518145475688957, "step_dist_f": 50.912552402459355, "step_grade": 0.0, "step_turn": 29.43745090659786, "coast_speed_mps": 0.0, "coast_speed_mph": 0.0}, "geometry": {"type": "Point", "coordinates": [-122.15766, 37.65926]}}, {"id": "552", "type": "Feature", "properties": {"name": "Some South Bay", "step": 552, "lat": 37.65859, "lon": -122.15753, "elevation_m": 1.8, "time": null, "elevation_f": 5.905512, "step_elevation_m": 0.0, "step_elevation_f": 0.0, "step_dist_m": 75.37439027215973, "step_dist_f": 247.29131458051253, "step_grade": 0.0, "step_turn": 21.966699119686382, "coast_speed_mps": 0.0, "coast_speed_mph": 0.0}, "geometry": {"type": "Point", "coordinates": [-122.15753, 37.65859]}}, {"id": "553", "type": "Feature", "properties": {"name": "Some South Bay", "step": 553, "lat": 37.65792, "lon": -122.1574, "elevation_m": 1.7, "time": null, "elevation_f": 5.577427999999999, "step_elevation_m": -0.10000000000000009, "step_elevation_f": -0.3280840000000005, "step_dist_m": 75.37440594971166, "step_dist_f": 247.291366016052, "step_grade": -0.0013267102903168238, "step_turn": 7.75896207869664e-05, "coast_speed_mps": 0.0, "coast_speed_mph": 0.0}, "geometry": {"type": "Point", "coordinates": [-122.1574, 37.65792]}}, {"id": "554", "type": "Feature", "properties": {"name": "Some South Bay", "step": 554, "lat": 37.65725, "lon": -122.15726, "elevation_m": 1.7, "time": null, "elevation_f": 5.577427999999999, "step_elevation_m": 0.0, "step_elevation_f": 0.0, "step_dist_m": 75.51308935645838, "step_dist_f": 247.7463640842429, "step_grade": 0.0, "step_turn": 0.6602847976911335, "coast_speed_mps": 0.0, "coast_speed_mph": 0.0}, "geometry": {"type": "Point", "coordinates": [-122.15726, 37.65725]}}, {"id": "555", "type": "Feature", "properties": {"name": "Some South Bay", "step": 555, "lat": 37.65675, "lon": -122.15721, "elevation_m": 1.7, "time": null, "elevation_f": 5.577427999999999, "step_elevation_m": 0.0, "step_elevation_f": 0.0, "step_dist_m": 55.771422721057085, "step_dist_f": 182.97711452015292, "step_grade": 0.0, "step_turn": 4.866543315337708, "coast_speed_mps": 0.0, "coast_speed_mph": 0.0}, "geometry": {"type": "Point", "coordinates": [-122.15721, 37.65675]}}, {"id": "556", "type": "Feature", "properties": {"name": "Some South Bay", "step": 556, "lat": 37.65662, "lon": -122.15715, "elevation_m": 1.7, "time": null, "elevation_f": 5.577427999999999, "step_elevation_m": 0.0, "step_elevation_f": 0.0, "step_dist_m": 15.39010011859079, "step_dist_f": 50.49245607307741, "step_grade": 0.0, "step_turn": 15.545406930970216, "coast_speed_mps": 0.0, "coast_speed_mph": 0.0}, "geometry": {"type": "Point", "coordinates": [-122.15715, 37.65662]}}, {"id": "557", "type": "Feature", "properties": {"name": "Some South Bay", "step": 557, "lat": 37.65624, "lon": -122.15705, "elevation_m": 1.7, "time": null, "elevation_f": 5.577427999999999, "step_elevation_m": 0.0, "step_elevation_f": 0.0, "step_dist_m": 43.1613537709709, "step_dist_f": 141.60549590595215, "step_grade": 0.0, "step_turn": 8.303353662011318, "coast_speed_mps": 0.0, "coast_speed_mph": 0.0}, "geometry": {"type": "Point", "coordinates": [-122.15705, 37.65624]}}, {"id": "558", "type": "Feature", "properties": {"name": "Some South Bay", "step": 558, "lat": 37.65545, "lon": -122.15681, "elevation_m": 1.8, "time": null, "elevation_f": 5.905512, "step_elevation_m": 0.10000000000000009, "step_elevation_f": 0.3280840000000005, "step_dist_m": 90.34904569726538, "step_dist_f": 296.4207630854161, "step_grade": 0.0011068185527390337, "step_turn": 1.7550605361631142, "coast_speed_mps": 0.0, "coast_speed_mph": 0.0}, "geometry": {"type": "Point", "coordinates": [-122.15681, 37.65545]}}, {"id": "559", "type": "Feature", "properties": {"name": "Some South Bay", "step": 559, "lat": 37.65516, "lon": -122.15674, "elevation_m": 1.9, "time": null, "elevation_f": 6.2335959999999995, "step_elevation_m": 0.09999999999999987, "step_elevation_f": 0.3280839999999996, "step_dist_m": 32.83005834991142, "step_dist_f": 107.71016863672338, "step_grade": 0.003045989103466509, "step_turn": 2.7048831334731176, "coast_speed_mps": 0.0, "coast_speed_mph": 0.0}, "geometry": {"type": "Point", "coordinates": [-122.15674, 37.65516]}}, {"id": "560", "type": "Feature", "properties": {"name": "Some South Bay", "step": 560, "lat": 37.65516, "lon": -122.15674, "elevation_m": 1.9, "time": null, "elevation_f": 6.2335959999999995, "step_elevation_m": 0.0, "step_elevation_f": 0.0, "step_dist_m": 0.0, "step_dist_f": 0.0, "step_grade": null, "step_turn": null, "coast_speed_mps": 0.0, "coast_speed_mph": 0.0}, "geometry": {"type": "Point", "coordinates": [-122.15674, 37.65516]}}, {"id": "561", "type": "Feature", "properties": {"name": "Some South Bay", "step": 561, "lat": 37.65436, "lon": -122.15655, "elevation_m": 1.9, "time": null, "elevation_f": 6.2335959999999995, "step_elevation_m": 0.0, "step_elevation_f": 0.0, "step_dist_m": 90.51481697408447, "step_dist_f": 296.9646321212553, "step_grade": 0.0, "step_turn": null, "coast_speed_mps": 0.0, "coast_speed_mph": 0.0}, "geometry": {"type": "Point", "coordinates": [-122.15655, 37.65436]}}, {"id": "562", "type": "Feature", "properties": {"name": "Some South Bay", "step": 562, "lat": 37.65358, "lon": -122.15634, "elevation_m": 1.9, "time": null, "elevation_f": 6.2335959999999995, "step_elevation_m": 0.0, "step_elevation_f": 0.0, "step_dist_m": 88.68047463540485, "step_dist_f": 290.94644840282166, "step_grade": 0.0, "step_turn": 1.383749362746812, "coast_speed_mps": 0.0, "coast_speed_mph": 0.0}, "geometry": {"type": "Point", "coordinates": [-122.15634, 37.65358]}}, {"id": "563", "type": "Feature", "properties": {"name": "Some South Bay", "step": 563, "lat": 37.65295, "lon": -122.1562, "elevation_m": 1.8, "time": null, "elevation_f": 5.905512, "step_elevation_m": -0.09999999999999987, "step_elevation_f": -0.3280839999999996, "step_dist_m": 71.12875740480482, "step_dist_f": 233.36207244397983, "step_grade": -0.0014059011242229965, "step_turn": 2.0543670781509036, "coast_speed_mps": 0.0, "coast_speed_mph": 0.0}, "geometry": {"type": "Point", "coordinates": [-122.1562, 37.65295]}}, {"id": "564", "type": "Feature", "properties": {"name": "Some South Bay", "step": 564, "lat": 37.65261, "lon": -122.1561, "elevation_m": 1.8, "time": null, "elevation_f": 5.905512, "step_elevation_m": 0.0, "step_elevation_f": 0.0, "step_dist_m": 38.817752396190585, "step_dist_f": 127.35483477151791, "step_grade": 0.0, "step_turn": 3.1299426721178634, "coast_speed_mps": 0.0, "coast_speed_mph": 0.0}, "geometry": {"type": "Point", "coordinates": [-122.1561, 37.65261]}}, {"id": "565", "type": "Feature", "properties": {"name": "Some South Bay", "step": 565, "lat": 37.65236, "lon": -122.15596, "elevation_m": 1.8, "time": null, "elevation_f": 5.905512, "step_elevation_m": 0.0, "step_elevation_f": 0.0, "step_dist_m": 30.408510072357444, "step_dist_f": 99.7654561857932, "step_grade": 0.0, "step_turn": 10.802675273516115, "coast_speed_mps": 0.0, "coast_speed_mph": 0.0}, "geometry": {"type": "Point", "coordinates": [-122.15596, 37.65236]}}, {"id": "566", "type": "Feature", "properties": {"name": "Some South Bay", "step": 566, "lat": 37.65196, "lon": -122.15573, "elevation_m": 1.8, "time": null, "elevation_f": 5.905512, "step_elevation_m": 0.0, "step_elevation_f": 0.0, "step_dist_m": 48.87013466404064, "step_dist_f": 160.3350926111711, "step_grade": 0.0, "step_turn": 0.5662699054244058, "coast_speed_mps": 0.0, "coast_speed_mph": 0.0}, "geometry": {"type": "Point", "coordinates": [-122.15573, 37.65196]}}, {"id": "567", "type": "Feature", "properties": {"name": "Some South Bay", "step": 567, "lat": 37.65155, "lon": -122.15554, "elevation_m": 1.9, "time": null, "elevation_f": 6.2335959999999995, "step_elevation_m": 0.09999999999999987, "step_elevation_f": 0.3280839999999996, "step_dist_m": 48.56167253558193, "step_dist_f": 159.3230777216386, "step_grade": 0.0020592371468822093, "step_turn": 4.329027934365058, "coast_speed_mps": 0.0, "coast_speed_mph": 0.0}, "geometry": {"type": "Point", "coordinates": [-122.15554, 37.65155]}}, {"id": "568", "type": "Feature", "properties": {"name": "Some South Bay", "step": 568, "lat": 37.65124, "lon": -122.15547, "elevation_m": 1.9, "time": null, "elevation_f": 6.2335959999999995, "step_elevation_m": 0.0, "step_elevation_f": 0.0, "step_dist_m": 35.01697404205734, "step_dist_f": 114.8850891161434, "step_grade": 0.0, "step_turn": 10.012000777369735, "coast_speed_mps": 0.0, "coast_speed_mph": 0.0}, "geometry": {"type": "Point", "coordinates": [-122.15547, 37.65124]}}, {"id": "569", "type": "Feature", "properties": {"name": "Some South Bay", "step": 569, "lat": 37.65078, "lon": -122.15548, "elevation_m": 1.8, "time": null, "elevation_f": 5.905512, "step_elevation_m": -0.09999999999999987, "step_elevation_f": -0.3280839999999996, "step_dist_m": 51.15724220323271, "step_dist_f": 167.83872651005402, "step_grade": -0.0019547574437794985, "step_turn": 11.122372205532173, "coast_speed_mps": 0.0, "coast_speed_mph": 0.0}, "geometry": {"type": "Point", "coordinates": [-122.15548, 37.65078]}}, {"id": "570", "type": "Feature", "properties": {"name": "Some South Bay", "step": 570, "lat": 37.65042, "lon": -122.15547, "elevation_m": 1.8, "time": null, "elevation_f": 5.905512, "step_elevation_m": 0.0, "step_elevation_f": 0.0, "step_dist_m": 40.03985362081165, "step_dist_f": 131.3643533533037, "step_grade": 0.0, "step_turn": 2.245983316441283, "coast_speed_mps": 0.0, "coast_speed_mph": 0.0}, "geometry": {"type": "Point", "coordinates": [-122.15547, 37.65042]}}, {"id": "571", "type": "Feature", "properties": {"name": "Some South Bay", "step": 571, "lat": 37.64997, "lon": -122.15534, "elevation_m": 1.8, "time": null, "elevation_f": 5.905512, "step_elevation_m": 0.0, "step_elevation_f": 0.0, "step_dist_m": 51.32994350519427, "step_dist_f": 168.4053318495816, "step_grade": 0.0, "step_turn": 11.623720019689927, "coast_speed_mps": 0.0, "coast_speed_mph": 0.0}, "geometry": {"type": "Point", "coordinates": [-122.15534, 37.64997]}}, {"id": "572", "type": "Feature", "properties": {"name": "Some South Bay", "step": 572, "lat": 37.64956, "lon": -122.15513, "elevation_m": 1.9, "time": null, "elevation_f": 6.2335959999999995, "step_elevation_m": 0.09999999999999987, "step_elevation_f": 0.3280839999999996, "step_dist_m": 49.196126305693134, "step_dist_f": 161.40461902877027, "step_grade": 0.002032680365495109, "step_turn": 9.190725278073387, "coast_speed_mps": 0.0, "coast_speed_mph": 0.0}, "geometry": {"type": "Point", "coordinates": [-122.15513, 37.64956]}}, {"id": "573", "type": "Feature", "properties": {"name": "Some South Bay", "step": 573, "lat": 37.64932, "lon": -122.15488, "elevation_m": 1.9, "time": null, "elevation_f": 6.2335959999999995, "step_elevation_m": 0.0, "step_elevation_f": 0.0, "step_dist_m": 34.59226212367624, "step_dist_f": 113.49167726584196, "step_grade": 0.0, "step_turn": 17.439929883036825, "coast_speed_mps": 0.0, "coast_speed_mph": 0.0}, "geometry": {"type": "Point", "coordinates": [-122.15488, 37.64932]}}, {"id": "574", "type": "Feature", "properties": {"name": "Some South Bay", "step": 574, "lat": 37.64925, "lon": -122.15489, "elevation_m": 1.8, "time": null, "elevation_f": 5.905512, "step_elevation_m": -0.09999999999999987, "step_elevation_f": -0.3280839999999996, "step_dist_m": 7.833277411498665, "step_dist_f": 25.69972986274128, "step_grade": -0.012766048583088267, "step_turn": 45.967541869711, "coast_speed_mps": 0.0, "coast_speed_mph": 0.0}, "geometry": {"type": "Point", "coordinates": [-122.15489, 37.64925]}}, {"id": "575", "type": "Feature", "properties": {"name": "Some South Bay", "step": 575, "lat": 37.64895, "lon": -122.15484, "elevation_m": 1.8, "time": null, "elevation_f": 5.905512, "step_elevation_m": 0.0, "step_elevation_f": 0.0, "step_dist_m": 33.64767215230537, "step_dist_f": 110.39262870416954, "step_grade": 0.0, "step_turn": 13.970650564783455, "coast_speed_mps": 0.0, "coast_speed_mph": 0.0}, "geometry": {"type": "Point", "coordinates": [-122.15484, 37.64895]}}, {"id": "576", "type": "Feature", "properties": {"name": "Some South Bay", "step": 576, "lat": 37.64846, "lon": -122.15478, "elevation_m": 1.8, "time": null, "elevation_f": 5.905512, "step_elevation_m": 0.0, "step_elevation_f": 0.0, "step_dist_m": 54.74098603661815, "step_dist_f": 179.5964166283783, "step_grade": 0.0, "step_turn": 1.9797701305473083, "coast_speed_mps": 0.0, "coast_speed_mph": 0.0}, "geometry": {"type": "Point", "coordinates": [-122.15478, 37.64846]}}, {"id": "577", "type": "Feature", "properties": {"name": "Some South Bay", "step": 577, "lat": 37.64806, "lon": -122.15472, "elevation_m": 1.8, "time": null, "elevation_f": 5.905512, "step_elevation_m": 0.0, "step_elevation_f": 0.0, "step_dist_m": 44.79056283030064, "step_dist_f": 146.95067015616354, "step_grade": 0.0, "step_turn": 1.2354763876859352, "coast_speed_mps": 0.0, "coast_speed_mph": 0.0}, "geometry": {"type": "Point", "coordinates": [-122.15472, 37.64806]}}, {"id": "578", "type": "Feature", "properties": {"name": "Some South Bay", "step": 578, "lat": 37.64723, "lon": -122.15469, "elevation_m": 1.8, "time": null, "elevation_f": 5.905512, "step_elevation_m": 0.0, "step_elevation_f": 0.0, "step_dist_m": 92.3295760563999, "step_dist_f": 302.91856630887906, "step_grade": 0.0, "step_turn": 5.13381189700624, "coast_speed_mps": 0.0, "coast_speed_mph": 0.0}, "geometry": {"type": "Point", "coordinates": [-122.15469, 37.64723]}}, {"id": "579", "type": "Feature", "properties": {"name": "Some South Bay", "step": 579, "lat": 37.64695, "lon": -122.15466, "elevation_m": 1.8, "time": null, "elevation_f": 5.905512, "step_elevation_m": 0.0, "step_elevation_f": 0.0, "step_dist_m": 31.246414500926313, "step_dist_f": 102.51448655121908, "step_grade": 0.0, "step_turn": 3.209764691208761, "coast_speed_mps": 0.0, "coast_speed_mph": 0.0}, "geometry": {"type": "Point", "coordinates": [-122.15466, 37.64695]}}, {"id": "580", "type": "Feature", "properties": {"name": "Some South Bay", "step": 580, "lat": 37.64664, "lon": -122.15459, "elevation_m": 1.8, "time": null, "elevation_f": 5.905512, "step_elevation_m": 0.0, "step_elevation_f": 0.0, "step_dist_m": 35.01704122202787, "step_dist_f": 114.88530952287792, "step_grade": 0.0, "step_turn": 5.287860776046841, "coast_speed_mps": 0.0, "coast_speed_mph": 0.0}, "geometry": {"type": "Point", "coordinates": [-122.15459, 37.64664]}}, {"id": "581", "type": "Feature", "properties": {"name": "Some South Bay", "step": 581, "lat": 37.64634, "lon": -122.15449, "elevation_m": 1.8, "time": null, "elevation_f": 5.905512, "step_elevation_m": 0.0, "step_elevation_f": 0.0, "step_dist_m": 34.50079202846009, "step_dist_f": 113.191578518653, "step_grade": 0.0, "step_turn": 4.648121935463109, "coast_speed_mps": 0.0, "coast_speed_mph": 0.0}, "geometry": {"type": "Point", "coordinates": [-122.15449, 37.64634]}}, {"id": "582", "type": "Feature", "properties": {"name": "Some South Bay", "step": 582, "lat": 37.64601, "lon": -122.15441, "elevation_m": 1.8, "time": null, "elevation_f": 5.905512, "step_elevation_m": 0.0, "step_elevation_f": 0.0, "step_dist_m": 37.364215341709276, "step_dist_f": 122.58601226169345, "step_grade": 0.0, "step_turn": 3.9191963514995223, "coast_speed_mps": 0.0, "coast_speed_mph": 0.0}, "geometry": {"type": "Point", "coordinates": [-122.15441, 37.64601]}}, {"id": "583", "type": "Feature", "properties": {"name": "Some South Bay", "step": 583, "lat": 37.64576, "lon": -122.15432, "elevation_m": 1.8, "time": null, "elevation_f": 5.905512, "step_elevation_m": 0.0, "step_elevation_f": 0.0, "step_dist_m": 28.906036533833362, "step_dist_f": 94.83608090166184, "step_grade": 0.0, "step_turn": 5.044298159599748, "coast_speed_mps": 0.0, "coast_speed_mph": 0.0}, "geometry": {"type": "Point", "coordinates": [-122.15432, 37.64576]}}, {"id": "584", "type": "Feature", "properties": {"name": "Some South Bay", "step": 584, "lat": 37.6456, "lon": -122.155, "elevation_m": 1.7, "time": null, "elevation_f": 5.577427999999999, "step_elevation_m": -0.10000000000000009, "step_elevation_f": -0.3280840000000005, "step_dist_m": 62.45776161819209, "step_dist_f": 204.91392262742932, "step_grade": -0.0016010820338280113, "step_turn": 89.36037173908244, "coast_speed_mps": 0.0, "coast_speed_mph": 0.0}, "geometry": {"type": "Point", "coordinates": [-122.155, 37.6456]}}, {"id": "585", "type": "Feature", "properties": {"name": "Some South Bay", "step": 585, "lat": 37.64545, "lon": -122.15514, "elevation_m": 1.7, "time": null, "elevation_f": 5.577427999999999, "step_elevation_m": 0.0, "step_elevation_f": 0.0, "step_dist_m": 20.739659852833526, "step_dist_f": 68.04350563157034, "step_grade": 0.0, "step_turn": 36.985137427989144, "coast_speed_mps": 0.0, "coast_speed_mph": 0.0}, "geometry": {"type": "Point", "coordinates": [-122.15514, 37.64545]}}, {"id": "586", "type": "Feature", "properties": {"name": "Some South Bay", "step": 586, "lat": 37.64531, "lon": -122.15521, "elevation_m": 1.7, "time": null, "elevation_f": 5.577427999999999, "step_elevation_m": 0.0, "step_elevation_f": 0.0, "step_dist_m": 16.742902291468447, "step_dist_f": 54.93078355394134, "step_grade": 0.0, "step_turn": 14.866310722709642, "coast_speed_mps": 0.0, "coast_speed_mph": 0.0}, "geometry": {"type": "Point", "coordinates": [-122.15521, 37.64531]}}, {"id": "587", "type": "Feature", "properties": {"name": "Some South Bay", "step": 587, "lat": 37.64522, "lon": -122.1549, "elevation_m": 1.7, "time": null, "elevation_f": 5.577427999999999, "step_elevation_m": 0.0, "step_elevation_f": 0.0, "step_dist_m": 29.070775539582797, "step_dist_f": 95.37656322128483, "step_grade": 0.0, "step_turn": 91.46301032494313, "coast_speed_mps": 0.0, "coast_speed_mph": 0.0}, "geometry": {"type": "Point", "coordinates": [-122.1549, 37.64522]}}, {"id": "588", "type": "Feature", "properties": {"name": "Some South Bay", "step": 588, "lat": 37.64526, "lon": -122.15456, "elevation_m": 1.7, "time": null, "elevation_f": 5.577427999999999, "step_elevation_m": 0.0, "step_elevation_f": 0.0, "step_dist_m": 30.263921043684977, "step_dist_f": 99.29108271696342, "step_grade": 0.0, "step_turn": 28.587078914894448, "coast_speed_mps": 0.0, "coast_speed_mph": 0.0}, "geometry": {"type": "Point", "coordinates": [-122.15456, 37.64526]}}, {"id": "589", "type": "Feature", "properties": {"name": "Some South Bay", "step": 589, "lat": 37.64529, "lon": -122.15442, "elevation_m": 1.8, "time": null, "elevation_f": 5.905512, "step_elevation_m": 0.10000000000000009, "step_elevation_f": 0.3280840000000005, "step_dist_m": 12.769705578746555, "step_dist_f": 41.895360850974846, "step_grade": 0.007831034112989773, "step_turn": 6.691880034179178, "coast_speed_mps": 0.0, "coast_speed_mph": 0.0}, "geometry": {"type": "Point", "coordinates": [-122.15442, 37.64529]}}, {"id": "590", "type": "Feature", "properties": {"name": "Some South Bay", "step": 590, "lat": 37.64503, "lon": -122.15432, "elevation_m": 1.8, "time": null, "elevation_f": 5.905512, "step_elevation_m": 0.0, "step_elevation_f": 0.0, "step_dist_m": 30.221628752460507, "step_dist_f": 99.15232847622254, "step_grade": 0.0, "step_turn": 88.20547226441784, "coast_speed_mps": 0.0, "coast_speed_mph": 0.0}, "geometry": {"type": "Point", "coordinates": [-122.15432, 37.64503]}}, {"id": "591", "type": "Feature", "properties": {"name": "Some South Bay", "step": 591, "lat": 37.64424, "lon": -122.15397, "elevation_m": 1.8, "time": null, "elevation_f": 5.905512, "step_elevation_m": 0.0, "step_elevation_f": 0.0, "step_dist_m": 93.09238786379377, "step_dist_f": 305.4212297990492, "step_grade": 0.0, "step_turn": 2.393455616035567, "coast_speed_mps": 0.0, "coast_speed_mph": 0.0}, "geometry": {"type": "Point", "coordinates": [-122.15397, 37.64424]}}, {"id": "592", "type": "Feature", "properties": {"name": "Some South Bay", "step": 592, "lat": 37.64345, "lon": -122.15362, "elevation_m": 1.8, "time": null, "elevation_f": 5.905512, "step_elevation_m": 0.0, "step_elevation_f": 0.0, "step_dist_m": 93.09249635524195, "step_dist_f": 305.421585742132, "step_grade": 0.0, "step_turn": 0.00019033985574878898, "coast_speed_mps": 0.0, "coast_speed_mph": 0.0}, "geometry": {"type": "Point", "coordinates": [-122.15362, 37.64345]}}, {"id": "593", "type": "Feature", "properties": {"name": "Some South Bay", "step": 593, "lat": 37.64345, "lon": -122.15362, "elevation_m": 1.8, "time": null, "elevation_f": 5.905512, "step_elevation_m": 0.0, "step_elevation_f": 0.0, "step_dist_m": 0.0, "step_dist_f": 0.0, "step_grade": null, "step_turn": null, "coast_speed_mps": 0.0, "coast_speed_mph": 0.0}, "geometry": {"type": "Point", "coordinates": [-122.15362, 37.64345]}}, {"id": "594", "type": "Feature", "properties": {"name": "Some South Bay", "step": 594, "lat": 37.64287, "lon": -122.15337, "elevation_m": 1.8, "time": null, "elevation_f": 5.905512, "step_elevation_m": 0.0, "step_elevation_f": 0.0, "step_dist_m": 68.14599496308595, "step_dist_f": 223.57610611469093, "step_grade": 0.0, "step_turn": null, "coast_speed_mps": 0.0, "coast_speed_mph": 0.0}, "geometry": {"type": "Point", "coordinates": [-122.15337, 37.64287]}}, {"id": "595", "type": "Feature", "properties": {"name": "Some South Bay", "step": 595, "lat": 37.6423, "lon": -122.15311, "elevation_m": 1.8, "time": null, "elevation_f": 5.905512, "step_elevation_m": 0.0, "step_elevation_f": 0.0, "step_dist_m": 67.38866497474096, "step_dist_f": 221.09142759572913, "step_grade": 0.0, "step_turn": 1.014052357385367, "coast_speed_mps": 0.0, "coast_speed_mph": 0.0}, "geometry": {"type": "Point", "coordinates": [-122.15311, 37.6423]}}, {"id": "596", "type": "Feature", "properties": {"name": "Some South Bay", "step": 596, "lat": 37.64215, "lon": -122.15307, "elevation_m": 1.8, "time": null, "elevation_f": 5.905512, "step_elevation_m": 0.0, "step_elevation_f": 0.0, "step_dist_m": 17.047025936263733, "step_dist_f": 55.9285645727315, "step_grade": 0.0, "step_turn": 7.935924420579681, "coast_speed_mps": 0.0, "coast_speed_mph": 0.0}, "geometry": {"type": "Point", "coordinates": [-122.15307, 37.64215]}}, {"id": "597", "type": "Feature", "properties": {"name": "Some South Bay", "step": 597, "lat": 37.64192, "lon": -122.15303, "elevation_m": 1.8, "time": null, "elevation_f": 5.905512, "step_elevation_m": 0.0, "step_elevation_f": 0.0, "step_dist_m": 25.816200975048034, "step_dist_f": 84.69882480697659, "step_grade": 0.0, "step_turn": 4.0822945743752825, "coast_speed_mps": 0.0, "coast_speed_mph": 0.0}, "geometry": {"type": "Point", "coordinates": [-122.15303, 37.64192]}}, {"id": "598", "type": "Feature", "properties": {"name": "Some South Bay", "step": 598, "lat": 37.64186, "lon": -122.15299, "elevation_m": 1.8, "time": null, "elevation_f": 5.905512, "step_elevation_m": 0.0, "step_elevation_f": 0.0, "step_dist_m": 7.544250382546801, "step_dist_f": 24.751478425074847, "step_grade": 0.0, "step_turn": 19.98839846584235, "coast_speed_mps": 0.0, "coast_speed_mph": 0.0}, "geometry": {"type": "Point", "coordinates": [-122.15299, 37.64186]}}, {"id": "599", "type": "Feature", "properties": {"name": "Some South Bay", "step": 599, "lat": 37.64183, "lon": -122.15293, "elevation_m": 1.8, "time": null, "elevation_f": 5.905512, "step_elevation_m": 0.0, "step_elevation_f": 0.0, "step_dist_m": 6.2479873250732405, "step_dist_f": 20.49864673559329, "step_grade": 0.0, "step_turn": 29.90077513977542, "coast_speed_mps": 0.0, "coast_speed_mph": 0.0}, "geometry": {"type": "Point", "coordinates": [-122.15293, 37.64183]}}, {"id": "600", "type": "Feature", "properties": {"name": "Some South Bay", "step": 600, "lat": 37.64181, "lon": -122.15283, "elevation_m": 1.7, "time": null, "elevation_f": 5.577427999999999, "step_elevation_m": -0.10000000000000009, "step_elevation_f": -0.3280840000000005, "step_dist_m": 9.081413363931945, "step_dist_f": 29.794664220922485, "step_grade": -0.011011501843662742, "step_turn": 18.094853063819414, "coast_speed_mps": 0.0, "coast_speed_mph": 0.0}, "geometry": {"type": "Point", "coordinates": [-122.15283, 37.64181]}}, {"id": "601", "type": "Feature", "properties": {"name": "Some South Bay", "step": 601, "lat": 37.64183, "lon": -122.15245, "elevation_m": 1.6, "time": null, "elevation_f": 5.249344000000001, "step_elevation_m": -0.09999999999999987, "step_elevation_f": -0.3280839999999987, "step_dist_m": 33.532463857671104, "step_dist_f": 110.01464872280167, "step_grade": -0.002982184680029804, "step_turn": 17.977792055913085, "coast_speed_mps": 0.0, "coast_speed_mph": 0.0}, "geometry": {"type": "Point", "coordinates": [-122.15245, 37.64183]}}, {"id": "602", "type": "Feature", "properties": {"name": "Some South Bay", "step": 602, "lat": 37.64183, "lon": -122.15214, "elevation_m": 1.7, "time": null, "elevation_f": 5.577427999999999, "step_elevation_m": 0.09999999999999987, "step_elevation_f": 0.3280839999999987, "step_dist_m": 27.29520041129621, "step_dist_f": 89.55118531739706, "step_grade": 0.003663647765656798, "step_turn": 3.8027122293835873, "coast_speed_mps": 0.0, "coast_speed_mph": 0.0}, "geometry": {"type": "Point", "coordinates": [-122.15214, 37.64183]}}, {"id": "603", "type": "Feature", "properties": {"name": "Some South Bay", "step": 603, "lat": 37.64182, "lon": -122.15149, "elevation_m": 1.7, "time": null, "elevation_f": 5.577427999999999, "step_elevation_m": 0.0, "step_elevation_f": 0.0, "step_dist_m": 57.24267660730432, "step_dist_f": 187.80406312030829, "step_grade": 0.0, "step_turn": 1.1129469833515486, "coast_speed_mps": 0.0, "coast_speed_mph": 0.0}, "geometry": {"type": "Point", "coordinates": [-122.15149, 37.64182]}}, {"id": "604", "type": "Feature", "properties": {"name": "Some South Bay", "step": 604, "lat": 37.64182, "lon": -122.15055, "elevation_m": 1.7, "time": null, "elevation_f": 5.577427999999999, "step_elevation_m": 0.0, "step_elevation_f": 0.0, "step_dist_m": 82.76610270968725, "step_dist_f": 271.54234041405033, "step_grade": 0.0, "step_turn": 1.1131393613630394, "coast_speed_mps": 0.0, "coast_speed_mph": 0.0}, "geometry": {"type": "Point", "coordinates": [-122.15055, 37.64182]}}, {"id": "605", "type": "Feature", "properties": {"name": "Some South Bay", "step": 605, "lat": 37.64183, "lon": -122.14962, "elevation_m": 1.8, "time": null, "elevation_f": 5.905512, "step_elevation_m": 0.10000000000000009, "step_elevation_f": 0.3280840000000005, "step_dist_m": 81.89315614136437, "step_dist_f": 268.67834239483386, "step_grade": 0.0012211032607826178, "step_turn": 0.7779857405505481, "coast_speed_mps": 0.0, "coast_speed_mph": 0.0}, "geometry": {"type": "Point", "coordinates": [-122.14962, 37.64183]}}, {"id": "606", "type": "Feature", "properties": {"name": "Some South Bay", "step": 606, "lat": 37.64185, "lon": -122.1485, "elevation_m": 1.9, "time": null, "elevation_f": 6.2335959999999995, "step_elevation_m": 0.09999999999999987, "step_elevation_f": 0.3280839999999996, "step_dist_m": 98.63997710040498, "step_dist_f": 323.6219824700927, "step_grade": 0.0010137877454919778, "step_turn": 0.5139470303819849, "coast_speed_mps": 0.0, "coast_speed_mph": 0.0}, "geometry": {"type": "Point", "coordinates": [-122.1485, 37.64185]}}, {"id": "607", "type": "Feature", "properties": {"name": "Some South Bay", "step": 607, "lat": 37.64187, "lon": -122.14822, "elevation_m": 1.9, "time": null, "elevation_f": 6.2335959999999995, "step_elevation_m": 0.0, "step_elevation_f": 0.0, "step_dist_m": 24.753820055273657, "step_dist_f": 81.21332299014402, "step_grade": 0.0, "step_turn": 3.8623038172290194, "coast_speed_mps": 0.0, "coast_speed_mph": 0.0}, "geometry": {"type": "Point", "coordinates": [-122.14822, 37.64187]}}, {"id": "608", "type": "Feature", "properties": {"name": "Some South Bay", "step": 608, "lat": 37.64189, "lon": -122.14806, "elevation_m": 2.0, "time": null, "elevation_f": 6.56168, "step_elevation_m": 0.10000000000000009, "step_elevation_f": 0.3280840000000005, "step_dist_m": 14.262287501709489, "step_dist_f": 46.79228332710856, "step_grade": 0.007011497979409966, "step_turn": 3.816181240397384, "coast_speed_mps": 0.0, "coast_speed_mph": 0.0}, "geometry": {"type": "Point", "coordinates": [-122.14806, 37.64189]}}, {"id": "609", "type": "Feature", "properties": {"name": "Some South Bay", "step": 609, "lat": 37.64175, "lon": -122.14794, "elevation_m": 2.2, "time": null, "elevation_f": 7.217848000000001, "step_elevation_m": 0.20000000000000018, "step_elevation_f": 0.656168000000001, "step_dist_m": 18.81431489314538, "step_dist_f": 61.72675687402709, "step_grade": 0.010630203711157518, "step_turn": 64.80500793056177, "coast_speed_mps": 0.0, "coast_speed_mph": 0.0}, "geometry": {"type": "Point", "coordinates": [-122.14794, 37.64175]}}, {"id": "610", "type": "Feature", "properties": {"name": "Some South Bay", "step": 610, "lat": 37.64149, "lon": -122.14776, "elevation_m": 2.1, "time": null, "elevation_f": 6.889764, "step_elevation_m": -0.10000000000000009, "step_elevation_f": -0.3280840000000005, "step_dist_m": 32.96989807151162, "step_dist_f": 108.16896038893819, "step_grade": -0.003033069734795672, "step_turn": 5.434034564304341, "coast_speed_mps": 0.0, "coast_speed_mph": 0.0}, "geometry": {"type": "Point", "coordinates": [-122.14776, 37.64149]}}, {"id": "611", "type": "Feature", "properties": {"name": "Some South Bay", "step": 611, "lat": 37.64124, "lon": -122.1475, "elevation_m": 2.2, "time": null, "elevation_f": 7.217848000000001, "step_elevation_m": 0.10000000000000009, "step_elevation_f": 0.3280840000000005, "step_dist_m": 36.011858981862424, "step_dist_f": 118.14914742205352, "step_grade": 0.0027768630342123036, "step_turn": 10.740654442761866, "coast_speed_mps": 0.0, "coast_speed_mph": 0.0}, "geometry": {"type": "Point", "coordinates": [-122.1475, 37.64124]}}, {"id": "612", "type": "Feature", "properties": {"name": "Some South Bay", "step": 612, "lat": 37.64101, "lon": -122.14732, "elevation_m": 2.4, "time": null, "elevation_f": 7.874015999999999, "step_elevation_m": 0.19999999999999973, "step_elevation_f": 0.6561679999999983, "step_dist_m": 30.087574579525935, "step_dist_f": 98.71251818349187, "step_grade": 0.006647262293322115, "step_turn": 7.685358218239003, "coast_speed_mps": 0.0, "coast_speed_mph": 0.0}, "geometry": {"type": "Point", "coordinates": [-122.14732, 37.64101]}}, {"id": "613", "type": "Feature", "properties": {"name": "Some South Bay", "step": 613, "lat": 37.64094, "lon": -122.14729, "elevation_m": 2.5, "time": null, "elevation_f": 8.2021, "step_elevation_m": 0.10000000000000009, "step_elevation_f": 0.3280840000000005, "step_dist_m": 8.219650666536529, "step_dist_f": 26.967358692799706, "step_grade": 0.01216596715078362, "step_turn": 13.041503834614161, "coast_speed_mps": 0.0, "coast_speed_mph": 0.0}, "geometry": {"type": "Point", "coordinates": [-122.14729, 37.64094]}}, {"id": "614", "type": "Feature", "properties": {"name": "Some South Bay", "step": 614, "lat": 37.64088, "lon": -122.1473, "elevation_m": 2.4, "time": null, "elevation_f": 7.874015999999999, "step_elevation_m": -0.10000000000000009, "step_elevation_f": -0.3280840000000005, "step_dist_m": 6.729547130862276, "step_dist_f": 22.078567408818188, "step_grade": -0.014859840945520921, "step_turn": 26.263655830083792, "coast_speed_mps": 0.0, "coast_speed_mph": 0.0}, "geometry": {"type": "Point", "coordinates": [-122.1473, 37.64088]}}, {"id": "615", "type": "Feature", "properties": {"name": "Some South Bay", "step": 615, "lat": 37.64073, "lon": -122.14742, "elevation_m": 2.2, "time": null, "elevation_f": 7.217848000000001, "step_elevation_m": -0.19999999999999973, "step_elevation_f": -0.6561679999999983, "step_dist_m": 19.74431562580907, "step_dist_f": 64.77794047777942, "step_grade": -0.010129497714196122, "step_turn": 24.835436881781618, "coast_speed_mps": 0.9082577934556925, "coast_speed_mph": 2.0317148207222875}, "geometry": {"type": "Point", "coordinates": [-122.14742, 37.64073]}}, {"id": "616", "type": "Feature", "properties": {"name": "Some South Bay", "step": 616, "lat": 37.64037, "lon": -122.14767, "elevation_m": 2.0, "time": null, "elevation_f": 6.56168, "step_elevation_m": -0.20000000000000018, "step_elevation_f": -0.656168000000001, "step_dist_m": 45.6833778848162, "step_dist_f": 149.8798534996204, "step_grade": -0.004377959977133701, "step_turn": 3.5471172740065526, "coast_speed_mps": 0.0, "coast_speed_mph": 0.0}, "geometry": {"type": "Point", "coordinates": [-122.14767, 37.64037]}}, {"id": "617", "type": "Feature", "properties": {"name": "Some South Bay", "step": 617, "lat": 37.63982, "lon": -122.14803, "elevation_m": 1.9, "time": null, "elevation_f": 6.2335959999999995, "step_elevation_m": -0.10000000000000009, "step_elevation_f": -0.3280840000000005, "step_dist_m": 68.88390502870524, "step_dist_f": 225.9970709743773, "step_grade": -0.0014517179297301478, "step_turn": 1.4082525304609135, "coast_speed_mps": 0.0, "coast_speed_mph": 0.0}, "geometry": {"type": "Point", "coordinates": [-122.14803, 37.63982]}}, {"id": "618", "type": "Feature", "properties": {"name": "Some South Bay", "step": 618, "lat": 37.63966, "lon": -122.14815, "elevation_m": 2.0, "time": null, "elevation_f": 6.56168, "step_elevation_m": 0.10000000000000009, "step_elevation_f": 0.3280840000000005, "step_dist_m": 20.692282780900353, "step_dist_f": 67.88806903888911, "step_grade": 0.004832719572743483, "step_turn": 3.307831953001738, "coast_speed_mps": 0.0, "coast_speed_mph": 0.0}, "geometry": {"type": "Point", "coordinates": [-122.14815, 37.63966]}}, {"id": "619", "type": "Feature", "properties": {"name": "Some South Bay", "step": 619, "lat": 37.63935, "lon": -122.14841, "elevation_m": 2.0, "time": null, "elevation_f": 6.56168, "step_elevation_m": 0.0, "step_elevation_f": 0.0, "step_dist_m": 41.380201835791745, "step_dist_f": 135.761821390939, "step_grade": 0.0, "step_turn": 2.8840242868813277, "coast_speed_mps": 0.0, "coast_speed_mph": 0.0}, "geometry": {"type": "Point", "coordinates": [-122.14841, 37.63935]}}, {"id": "620", "type": "Feature", "properties": {"name": "Some South Bay", "step": 620, "lat": 37.63886, "lon": -122.14885, "elevation_m": 1.9, "time": null, "elevation_f": 6.2335959999999995, "step_elevation_m": -0.10000000000000009, "step_elevation_f": -0.3280840000000005, "step_dist_m": 66.85574745857352, "step_dist_f": 219.34301049198635, "step_grade": -0.0014957577142034658, "step_turn": 1.8254877865039134, "coast_speed_mps": 0.0, "coast_speed_mph": 0.0}, "geometry": {"type": "Point", "coordinates": [-122.14885, 37.63886]}}, {"id": "621", "type": "Feature", "properties": {"name": "Some South Bay", "step": 621, "lat": 37.63837, "lon": -122.14928, "elevation_m": 1.9, "time": null, "elevation_f": 6.2335959999999995, "step_elevation_m": 0.0, "step_elevation_f": 0.0, "step_dist_m": 66.34950662084182, "step_dist_f": 217.6821153019227, "step_grade": 0.0, "step_turn": 0.6195197874335747, "coast_speed_mps": 0.0, "coast_speed_mph": 0.0}, "geometry": {"type": "Point", "coordinates": [-122.14928, 37.63837]}}, {"id": "622", "type": "Feature", "properties": {"name": "Some South Bay", "step": 622, "lat": 37.63803, "lon": -122.14956, "elevation_m": 1.8, "time": null, "elevation_f": 5.905512, "step_elevation_m": -0.09999999999999987, "step_elevation_f": -0.3280839999999996, "step_dist_m": 45.135132723940366, "step_dist_f": 148.0811488460125, "step_grade": -0.0022155689806348643, "step_turn": 1.6860815548563721, "coast_speed_mps": 0.0, "coast_speed_mph": 0.0}, "geometry": {"type": "Point", "coordinates": [-122.14956, 37.63803]}}, {"id": "623", "type": "Feature", "properties": {"name": "Some South Bay", "step": 623, "lat": 37.63792, "lon": -122.14962, "elevation_m": 1.8, "time": null, "elevation_f": 5.905512, "step_elevation_m": 0.0, "step_elevation_f": 0.0, "step_dist_m": 13.323683597455075, "step_dist_f": 43.712874093874504, "step_grade": 0.0, "step_turn": 9.748674970695788, "coast_speed_mps": 0.0, "coast_speed_mph": 0.0}, "geometry": {"type": "Point", "coordinates": [-122.14962, 37.63792]}}, {"id": "624", "type": "Feature", "properties": {"name": "Some South Bay", "step": 624, "lat": 37.63718, "lon": -122.14994, "elevation_m": 1.8, "time": null, "elevation_f": 5.905512, "step_elevation_m": 0.0, "step_elevation_f": 0.0, "step_dist_m": 86.97504306407659, "step_dist_f": 285.35120028634503, "step_grade": 0.0, "step_turn": 4.458047262293263, "coast_speed_mps": 0.0, "coast_speed_mph": 0.0}, "geometry": {"type": "Point", "coordinates": [-122.14994, 37.63718]}}, {"id": "625", "type": "Feature", "properties": {"name": "Some South Bay", "step": 625, "lat": 37.63643, "lon": -122.15026, "elevation_m": 1.8, "time": null, "elevation_f": 5.905512, "step_elevation_m": 0.0, "step_elevation_f": 0.0, "step_dist_m": 88.02784947152821, "step_dist_f": 288.8052896601686, "step_grade": 0.0, "step_turn": 0.23429946811785385, "coast_speed_mps": 0.0, "coast_speed_mph": 0.0}, "geometry": {"type": "Point", "coordinates": [-122.15026, 37.63643]}}, {"id": "626", "type": "Feature", "properties": {"name": "Some South Bay", "step": 626, "lat": 37.63642, "lon": -122.15037, "elevation_m": 1.8, "time": null, "elevation_f": 5.905512, "step_elevation_m": 0.0, "step_elevation_f": 0.0, "step_dist_m": 9.749714465527536, "step_dist_f": 31.98725320708136, "step_grade": 0.0, "step_turn": 64.78224444308378, "coast_speed_mps": 0.0, "coast_speed_mph": 0.0}, "geometry": {"type": "Point", "coordinates": [-122.15037, 37.63642]}}, {"id": "627", "type": "Feature", "properties": {"name": "Some South Bay", "step": 627, "lat": 37.63611, "lon": -122.15136, "elevation_m": 1.8, "time": null, "elevation_f": 5.905512, "step_elevation_m": 0.0, "step_elevation_f": 0.0, "step_dist_m": 93.74275259418162, "step_dist_f": 307.5549724210948, "step_grade": 0.0, "step_turn": 15.02557133469287, "coast_speed_mps": 0.0, "coast_speed_mph": 0.0}, "geometry": {"type": "Point", "coordinates": [-122.15136, 37.63611]}}, {"id": "628", "type": "Feature", "properties": {"name": "Some South Bay", "step": 628, "lat": 37.6358, "lon": -122.15235, "elevation_m": 1.7, "time": null, "elevation_f": 5.577427999999999, "step_elevation_m": -0.10000000000000009, "step_elevation_f": -0.3280840000000005, "step_dist_m": 93.74309081629139, "step_dist_f": 307.5560820737214, "step_grade": -0.001066745283617439, "step_turn": 8.173861215254874e-05, "coast_speed_mps": 0.0, "coast_speed_mph": 0.0}, "geometry": {"type": "Point", "coordinates": [-122.15235, 37.6358]}}, {"id": "629", "type": "Feature", "properties": {"name": "Some South Bay", "step": 629, "lat": 37.63573, "lon": -122.1526, "elevation_m": 1.7, "time": null, "elevation_f": 5.577427999999999, "step_elevation_m": 0.0, "step_elevation_f": 0.0, "step_dist_m": 23.349598763393534, "step_dist_f": 76.60629760689204, "step_grade": 0.0, "step_turn": 2.1019528083513137, "coast_speed_mps": 0.0, "coast_speed_mph": 0.0}, "geometry": {"type": "Point", "coordinates": [-122.1526, 37.63573]}}, {"id": "630", "type": "Feature", "properties": {"name": "Some South Bay", "step": 630, "lat": 37.63569, "lon": -122.15267, "elevation_m": 1.7, "time": null, "elevation_f": 5.577427999999999, "step_elevation_m": 0.0, "step_elevation_f": 0.0, "step_dist_m": 7.6011220202587975, "step_dist_f": 24.938065168945872, "step_grade": 0.0, "step_turn": 16.341267737085815, "coast_speed_mps": 0.0, "coast_speed_mph": 0.0}, "geometry": {"type": "Point", "coordinates": [-122.15267, 37.63569]}}, {"id": "631", "type": "Feature", "properties": {"name": "Some South Bay", "step": 631, "lat": 37.63566, "lon": -122.15271, "elevation_m": 1.7, "time": null, "elevation_f": 5.577427999999999, "step_elevation_m": 0.0, "step_elevation_f": 0.0, "step_dist_m": 4.851200640104653, "step_dist_f": 15.91601310808095, "step_grade": 0.0, "step_turn": 7.629482928696319, "coast_speed_mps": 0.0, "coast_speed_mph": 0.0}, "geometry": {"type": "Point", "coordinates": [-122.15271, 37.63566]}}, {"id": "632", "type": "Feature", "properties": {"name": "Some South Bay", "step": 632, "lat": 37.63561, "lon": -122.15273, "elevation_m": 1.7, "time": null, "elevation_f": 5.577427999999999, "step_elevation_m": 0.0, "step_elevation_f": 0.0, "step_dist_m": 5.832010750729704, "step_dist_f": 19.13389415142404, "step_grade": 0.0, "step_turn": 28.980612602742553, "coast_speed_mps": 0.0, "coast_speed_mph": 0.0}, "geometry": {"type": "Point", "coordinates": [-122.15273, 37.63561]}}, {"id": "633", "type": "Feature", "properties": {"name": "Some South Bay", "step": 633, "lat": 37.63555, "lon": -122.15274, "elevation_m": 1.7, "time": null, "elevation_f": 5.577427999999999, "step_elevation_m": 0.0, "step_elevation_f": 0.0, "step_dist_m": 6.729555396156891, "step_dist_f": 22.07859452592737, "step_grade": 0.0, "step_turn": 10.057599253937894, "coast_speed_mps": 0.0, "coast_speed_mph": 0.0}, "geometry": {"type": "Point", "coordinates": [-122.15274, 37.63555]}}, {"id": "634", "type": "Feature", "properties": {"name": "Some South Bay", "step": 634, "lat": 37.63546, "lon": -122.15273, "elevation_m": 1.7, "time": null, "elevation_f": 5.577427999999999, "step_elevation_m": 0.0, "step_elevation_f": 0.0, "step_dist_m": 10.04620924114892, "step_dist_f": 32.960005126731026, "step_grade": 0.0, "step_turn": 12.547251158757149, "coast_speed_mps": 0.0, "coast_speed_mph": 0.0}, "geometry": {"type": "Point", "coordinates": [-122.15273, 37.63546]}}, {"id": "635", "type": "Feature", "properties": {"name": "Some South Bay", "step": 635, "lat": 37.63481, "lon": -122.15259, "elevation_m": 1.8, "time": null, "elevation_f": 5.905512, "step_elevation_m": 0.10000000000000009, "step_elevation_f": 0.3280840000000005, "step_dist_m": 73.32053381674648, "step_dist_f": 240.5529401673345, "step_grade": 0.0013638744127250203, "step_turn": 4.651107950130154, "coast_speed_mps": 0.0, "coast_speed_mph": 0.0}, "geometry": {"type": "Point", "coordinates": [-122.15259, 37.63481]}}, {"id": "636", "type": "Feature", "properties": {"name": "Some South Bay", "step": 636, "lat": 37.63415, "lon": -122.15246, "elevation_m": 1.8, "time": null, "elevation_f": 5.905512, "step_elevation_m": 0.0, "step_elevation_f": 0.0, "step_dist_m": 74.27610378013574, "step_dist_f": 243.68801232602056, "step_grade": 0.0, "step_turn": 0.813764940113515, "coast_speed_mps": 0.0, "coast_speed_mph": 0.0}, "geometry": {"type": "Point", "coordinates": [-122.15246, 37.63415]}}, {"id": "637", "type": "Feature", "properties": {"name": "Some South Bay", "step": 637, "lat": 37.63389, "lon": -122.15245, "elevation_m": 1.8, "time": null, "elevation_f": 5.905512, "step_elevation_m": 0.0, "step_elevation_f": 0.0, "step_dist_m": 28.9240885408346, "step_dist_f": 94.89530664831179, "step_grade": 0.0, "step_turn": 7.121239019781228, "coast_speed_mps": 0.0, "coast_speed_mph": 0.0}, "geometry": {"type": "Point", "coordinates": [-122.15245, 37.63389]}}, {"id": "638", "type": "Feature", "properties": {"name": "Some South Bay", "step": 638, "lat": 37.63319, "lon": -122.15239, "elevation_m": 1.7, "time": null, "elevation_f": 5.577427999999999, "step_elevation_m": -0.10000000000000009, "step_elevation_f": -0.3280840000000005, "step_dist_m": 78.01556539402203, "step_dist_f": 255.95658756732325, "step_grade": -0.0012817954916425258, "step_turn": 2.138673068478056, "coast_speed_mps": 0.0, "coast_speed_mph": 0.0}, "geometry": {"type": "Point", "coordinates": [-122.15239, 37.63319]}}, {"id": "639", "type": "Feature", "properties": {"name": "Some South Bay", "step": 639, "lat": 37.63249, "lon": -122.15233, "elevation_m": 1.7, "time": null, "elevation_f": 5.577427999999999, "step_elevation_m": 0.0, "step_elevation_f": 0.0, "step_dist_m": 78.01556876454127, "step_dist_f": 255.9565986254576, "step_grade": 0.0, "step_turn": 3.6466291476244805e-05, "coast_speed_mps": 0.0, "coast_speed_mph": 0.0}, "geometry": {"type": "Point", "coordinates": [-122.15233, 37.63249]}}, {"id": "640", "type": "Feature", "properties": {"name": "Some South Bay", "step": 640, "lat": 37.63231, "lon": -122.15229, "elevation_m": 1.7, "time": null, "elevation_f": 5.577427999999999, "step_elevation_m": 0.0, "step_elevation_f": 0.0, "step_dist_m": 20.32267354874968, "step_dist_f": 66.6754402856799, "step_grade": 0.0, "step_turn": 6.097825507592233, "coast_speed_mps": 0.0, "coast_speed_mph": 0.0}, "geometry": {"type": "Point", "coordinates": [-122.15229, 37.63231]}}, {"id": "641", "type": "Feature", "properties": {"name": "Some South Bay", "step": 641, "lat": 37.63144, "lon": -122.15239, "elevation_m": 1.7, "time": null, "elevation_f": 5.577427999999999, "step_elevation_m": 0.0, "step_elevation_f": 0.0, "step_dist_m": 97.13956266387619, "step_dist_f": 318.69936277015154, "step_grade": 0.0, "step_turn": 15.182414781916776, "coast_speed_mps": 0.0, "coast_speed_mph": 0.0}, "geometry": {"type": "Point", "coordinates": [-122.15239, 37.63144]}}, {"id": "642", "type": "Feature", "properties": {"name": "Some South Bay", "step": 642, "lat": 37.63106, "lon": -122.15245, "elevation_m": 1.7, "time": null, "elevation_f": 5.577427999999999, "step_elevation_m": 0.0, "step_elevation_f": 0.0, "step_dist_m": 42.583142636346714, "step_dist_f": 139.70847768703175, "step_grade": 0.0, "step_turn": 1.9263596632741837, "coast_speed_mps": 0.0, "coast_speed_mph": 0.0}, "geometry": {"type": "Point", "coordinates": [-122.15245, 37.63106]}}, {"id": "643", "type": "Feature", "properties": {"name": "Some South Bay", "step": 643, "lat": 37.6306, "lon": -122.15255, "elevation_m": 1.7, "time": null, "elevation_f": 5.577427999999999, "step_elevation_m": 0.0, "step_elevation_f": 0.0, "step_dist_m": 51.90219300976516, "step_dist_f": 170.28279091415794, "step_grade": 0.0, "step_turn": 2.6410020293103287, "coast_speed_mps": 0.0, "coast_speed_mph": 0.0}, "geometry": {"type": "Point", "coordinates": [-122.15255, 37.6306]}}, {"id": "644", "type": "Feature", "properties": {"name": "Some South Bay", "step": 644, "lat": 37.63048, "lon": -122.15257, "elevation_m": 1.7, "time": null, "elevation_f": 5.577427999999999, "step_elevation_m": 0.0, "step_elevation_f": 0.0, "step_dist_m": 13.459126424130112, "step_dist_f": 44.15724033734303, "step_grade": 0.0, "step_turn": 2.249379107323847, "coast_speed_mps": 0.0, "coast_speed_mph": 0.0}, "geometry": {"type": "Point", "coordinates": [-122.15257, 37.63048]}}, {"id": "645", "type": "Feature", "properties": {"name": "Some South Bay", "step": 645, "lat": 37.6303, "lon": -122.15256, "elevation_m": 1.7, "time": null, "elevation_f": 5.577427999999999, "step_elevation_m": 0.0, "step_elevation_f": 0.0, "step_dist_m": 20.034450365320772, "step_dist_f": 65.729826136559, "step_grade": 0.0, "step_turn": 10.03852546668972, "coast_speed_mps": 0.0, "coast_speed_mph": 0.0}, "geometry": {"type": "Point", "coordinates": [-122.15256, 37.6303]}}, {"id": "646", "type": "Feature", "properties": {"name": "Some South Bay", "step": 646, "lat": 37.63025, "lon": -122.15255, "elevation_m": 1.7, "time": null, "elevation_f": 5.577427999999999, "step_elevation_m": 0.0, "step_elevation_f": 0.0, "step_dist_m": 5.629057085413801, "step_dist_f": 18.468035648109016, "step_grade": 0.0, "step_turn": 6.481221286446157, "coast_speed_mps": 0.0, "coast_speed_mph": 0.0}, "geometry": {"type": "Point", "coordinates": [-122.15255, 37.63025]}}, {"id": "647", "type": "Feature", "properties": {"name": "Some South Bay", "step": 647, "lat": 37.63017, "lon": -122.15252, "elevation_m": 1.7, "time": null, "elevation_f": 5.577427999999999, "step_elevation_m": 0.0, "step_elevation_f": 0.0, "step_dist_m": 9.27960918929359, "step_dist_f": 30.44491301260198, "step_grade": 0.0, "step_turn": 7.540288102132877, "coast_speed_mps": 0.0, "coast_speed_mph": 0.0}, "geometry": {"type": "Point", "coordinates": [-122.15252, 37.63017]}}, {"id": "648", "type": "Feature", "properties": {"name": "Some South Bay", "step": 648, "lat": 37.6301, "lon": -122.15248, "elevation_m": 1.7, "time": null, "elevation_f": 5.577427999999999, "step_elevation_m": 0.0, "step_elevation_f": 0.0, "step_dist_m": 8.54360839601752, "step_dist_f": 28.03021216999012, "step_grade": 0.0, "step_turn": 7.808514948833476, "coast_speed_mps": 0.0, "coast_speed_mph": 0.0}, "geometry": {"type": "Point", "coordinates": [-122.15248, 37.6301]}}, {"id": "649", "type": "Feature", "properties": {"name": "Some South Bay", "step": 649, "lat": 37.63004, "lon": -122.15243, "elevation_m": 1.7, "time": null, "elevation_f": 5.577427999999999, "step_elevation_m": 0.0, "step_elevation_f": 0.0, "step_dist_m": 7.993699953590865, "step_dist_f": 26.226050555739054, "step_grade": 0.0, "step_turn": 9.074497598228334, "coast_speed_mps": 0.0, "coast_speed_mph": 0.0}, "geometry": {"type": "Point", "coordinates": [-122.15243, 37.63004]}}, {"id": "650", "type": "Feature", "properties": {"name": "Some South Bay", "step": 650, "lat": 37.63, "lon": -122.15239, "elevation_m": 1.7, "time": null, "elevation_f": 5.577427999999999, "step_elevation_m": 0.0, "step_elevation_f": 0.0, "step_dist_m": 5.67371608218339, "step_dist_f": 18.61455467107055, "step_grade": 0.0, "step_turn": 4.954368586775161, "coast_speed_mps": 0.0, "coast_speed_mph": 0.0}, "geometry": {"type": "Point", "coordinates": [-122.15239, 37.63]}}, {"id": "651", "type": "Feature", "properties": {"name": "Some South Bay", "step": 651, "lat": 37.62994, "lon": -122.1523, "elevation_m": 1.7, "time": null, "elevation_f": 5.577427999999999, "step_elevation_m": 0.0, "step_elevation_f": 0.0, "step_dist_m": 10.35991764455892, "step_dist_f": 33.989232204974684, "step_grade": 0.0, "step_turn": 11.531773157550447, "coast_speed_mps": 0.0, "coast_speed_mph": 0.0}, "geometry": {"type": "Point", "coordinates": [-122.1523, 37.62994]}}, {"id": "652", "type": "Feature", "properties": {"name": "Some South Bay", "step": 652, "lat": 37.62992, "lon": -122.15224, "elevation_m": 1.7, "time": null, "elevation_f": 5.577427999999999, "step_elevation_m": 0.0, "step_elevation_f": 0.0, "step_dist_m": 5.732725531977592, "step_dist_f": 18.808155234333363, "step_grade": 0.0, "step_turn": 17.264286352468616, "coast_speed_mps": 0.0, "coast_speed_mph": 0.0}, "geometry": {"type": "Point", "coordinates": [-122.15224, 37.62992]}}, {"id": "653", "type": "Feature", "properties": {"name": "Some South Bay", "step": 653, "lat": 37.62991, "lon": -122.15216, "elevation_m": 1.7, "time": null, "elevation_f": 5.577427999999999, "step_elevation_m": 0.0, "step_elevation_f": 0.0, "step_dist_m": 7.132264240060798, "step_dist_f": 23.399817809361068, "step_grade": 0.0, "step_turn": 13.856555281186274, "coast_speed_mps": 0.0, "coast_speed_mph": 0.0}, "geometry": {"type": "Point", "coordinates": [-122.15216, 37.62991]}}, {"id": "654", "type": "Feature", "properties": {"name": "Some South Bay", "step": 654, "lat": 37.62991, "lon": -122.15209, "elevation_m": 1.7, "time": null, "elevation_f": 5.577427999999999, "step_elevation_m": 0.0, "step_elevation_f": 0.0, "step_dist_m": 6.164421182860561, "step_dist_f": 20.224479593576245, "step_grade": 0.0, "step_turn": 8.969232024969017, "coast_speed_mps": 0.0, "coast_speed_mph": 0.0}, "geometry": {"type": "Point", "coordinates": [-122.15209, 37.62991]}}, {"id": "655", "type": "Feature", "properties": {"name": "Some South Bay", "step": 655, "lat": 37.63002, "lon": -122.15144, "elevation_m": 1.8, "time": null, "elevation_f": 5.905512, "step_elevation_m": 0.10000000000000009, "step_elevation_f": 0.3280840000000005, "step_dist_m": 58.53325180810108, "step_dist_f": 192.03823386209035, "step_grade": 0.0017084306255160072, "step_turn": 12.061923571950842, "coast_speed_mps": 0.0, "coast_speed_mph": 0.0}, "geometry": {"type": "Point", "coordinates": [-122.15144, 37.63002]}}, {"id": "656", "type": "Feature", "properties": {"name": "Some South Bay", "step": 656, "lat": 37.63003, "lon": -122.15126, "elevation_m": 1.8, "time": null, "elevation_f": 5.905512, "step_elevation_m": 0.0, "step_elevation_f": 0.0, "step_dist_m": 15.890297197504854, "step_dist_f": 52.133522657461825, "step_grade": 0.0, "step_turn": 8.04924572376683, "coast_speed_mps": 0.0, "coast_speed_mph": 0.0}, "geometry": {"type": "Point", "coordinates": [-122.15126, 37.63003]}}, {"id": "657", "type": "Feature", "properties": {"name": "Some South Bay", "step": 657, "lat": 37.63003, "lon": -122.15114, "elevation_m": 1.8, "time": null, "elevation_f": 5.905512, "step_elevation_m": 0.0, "step_elevation_f": 0.0, "step_dist_m": 10.567562109638825, "step_dist_f": 34.67048047178744, "step_grade": 0.0, "step_turn": 4.012662584017562, "coast_speed_mps": 0.0, "coast_speed_mph": 0.0}, "geometry": {"type": "Point", "coordinates": [-122.15114, 37.63003]}}, {"id": "658", "type": "Feature", "properties": {"name": "Some South Bay", "step": 658, "lat": 37.63001, "lon": -122.15096, "elevation_m": 1.8, "time": null, "elevation_f": 5.905512, "step_elevation_m": 0.0, "step_elevation_f": 0.0, "step_dist_m": 16.00658840436324, "step_dist_f": 52.51505550057109, "step_grade": 0.0, "step_turn": 7.986289425099869, "coast_speed_mps": 0.0, "coast_speed_mph": 0.0}, "geometry": {"type": "Point", "coordinates": [-122.15096, 37.63001]}}, {"id": "659", "type": "Feature", "properties": {"name": "Some South Bay", "step": 659, "lat": 37.62998, "lon": -122.15089, "elevation_m": 1.8, "time": null, "elevation_f": 5.905512, "step_elevation_m": 0.0, "step_elevation_f": 0.0, "step_dist_m": 7.0091284842593, "step_dist_f": 22.995829096297282, "step_grade": 0.0, "step_turn": 20.43358289492147, "coast_speed_mps": 0.0, "coast_speed_mph": 0.0}, "geometry": {"type": "Point", "coordinates": [-122.15089, 37.62998]}}, {"id": "660", "type": "Feature", "properties": {"name": "Some South Bay", "step": 660, "lat": 37.62995, "lon": -122.15081, "elevation_m": 1.8, "time": null, "elevation_f": 5.905512, "step_elevation_m": 0.0, "step_elevation_f": 0.0, "step_dist_m": 7.794907041090018, "step_dist_f": 25.573842816689773, "step_grade": 0.0, "step_turn": 3.0821869795650514, "coast_speed_mps": 0.0, "coast_speed_mph": 0.0}, "geometry": {"type": "Point", "coordinates": [-122.15081, 37.62995]}}, {"id": "661", "type": "Feature", "properties": {"name": "Some South Bay", "step": 661, "lat": 37.62988, "lon": -122.15079, "elevation_m": 1.8, "time": null, "elevation_f": 5.905512, "step_elevation_m": 0.0, "step_elevation_f": 0.0, "step_dist_m": 7.980424487899962, "step_dist_f": 26.182495876881713, "step_grade": 0.0, "step_turn": 51.912316758217685, "coast_speed_mps": 0.0, "coast_speed_mph": 0.0}, "geometry": {"type": "Point", "coordinates": [-122.15079, 37.62988]}}, {"id": "662", "type": "Feature", "properties": {"name": "Some South Bay", "step": 662, "lat": 37.62969, "lon": -122.15071, "elevation_m": 1.7, "time": null, "elevation_f": 5.577427999999999, "step_elevation_m": -0.10000000000000009, "step_elevation_f": -0.3280840000000005, "step_dist_m": 22.270711448884576, "step_dist_f": 73.06664094995847, "step_grade": -0.004490202310308707, "step_turn": 5.691575571961721, "coast_speed_mps": 0.0, "coast_speed_mph": 0.0}, "geometry": {"type": "Point", "coordinates": [-122.15071, 37.62969]}}, {"id": "663", "type": "Feature", "properties": {"name": "Some South Bay", "step": 663, "lat": 37.6295, "lon": -122.15083, "elevation_m": 1.7, "time": null, "elevation_f": 5.577427999999999, "step_elevation_m": 0.0, "step_elevation_f": 0.0, "step_dist_m": 23.62258091152541, "step_dist_f": 77.50190835776903, "step_grade": 0.0, "step_turn": 45.01560533374416, "coast_speed_mps": 0.0, "coast_speed_mph": 0.0}, "geometry": {"type": "Point", "coordinates": [-122.15083, 37.6295]}}, {"id": "664", "type": "Feature", "properties": {"name": "Some South Bay", "step": 664, "lat": 37.62944, "lon": -122.15093, "elevation_m": 1.7, "time": null, "elevation_f": 5.577427999999999, "step_elevation_m": 0.0, "step_elevation_f": 0.0, "step_dist_m": 11.048241555302843, "step_dist_f": 36.247512824299776, "step_grade": 0.0, "step_turn": 26.27850283092019, "coast_speed_mps": 0.0, "coast_speed_mph": 0.0}, "geometry": {"type": "Point", "coordinates": [-122.15093, 37.62944]}}, {"id": "665", "type": "Feature", "properties": {"name": "Some South Bay", "step": 665, "lat": 37.62943, "lon": -122.15109, "elevation_m": 1.7, "time": null, "elevation_f": 5.577427999999999, "step_elevation_m": 0.0, "step_elevation_f": 0.0, "step_dist_m": 14.134003100125312, "step_dist_f": 46.37140273101513, "step_grade": 0.0, "step_turn": 32.63531861211487, "coast_speed_mps": 0.0, "coast_speed_mph": 0.0}, "geometry": {"type": "Point", "coordinates": [-122.15109, 37.62943]}}, {"id": "666", "type": "Feature", "properties": {"name": "Some South Bay", "step": 666, "lat": 37.62945, "lon": -122.15129, "elevation_m": 1.7, "time": null, "elevation_f": 5.577427999999999, "step_elevation_m": 0.0, "step_elevation_f": 0.0, "step_dist_m": 17.75259002054057, "step_dist_f": 58.243407442990325, "step_grade": 0.0, "step_turn": 11.708695326434736, "coast_speed_mps": 0.0, "coast_speed_mph": 0.0}, "geometry": {"type": "Point", "coordinates": [-122.15129, 37.62945]}}, {"id": "667", "type": "Feature", "properties": {"name": "Some South Bay", "step": 667, "lat": 37.62942, "lon": -122.15139, "elevation_m": 1.7, "time": null, "elevation_f": 5.577427999999999, "step_elevation_m": 0.0, "step_elevation_f": 0.0, "step_dist_m": 9.417009765899255, "step_dist_f": 30.895702320352914, "step_grade": 0.0, "step_turn": 27.94313487766945, "coast_speed_mps": 0.0, "coast_speed_mph": 0.0}, "geometry": {"type": "Point", "coordinates": [-122.15139, 37.62942]}}, {"id": "668", "type": "Feature", "properties": {"name": "Some South Bay", "step": 668, "lat": 37.62932, "lon": -122.15145, "elevation_m": 1.7, "time": null, "elevation_f": 5.577427999999999, "step_elevation_m": 0.0, "step_elevation_f": 0.0, "step_dist_m": 12.311050125377948, "step_dist_f": 40.39058569334499, "step_grade": 0.0, "step_turn": 43.83694306757212, "coast_speed_mps": 0.0, "coast_speed_mph": 0.0}, "geometry": {"type": "Point", "coordinates": [-122.15145, 37.62932]}}, {"id": "669", "type": "Feature", "properties": {"name": "Some South Bay", "step": 669, "lat": 37.62897, "lon": -122.15134, "elevation_m": 1.7, "time": null, "elevation_f": 5.577427999999999, "step_elevation_m": 0.0, "step_elevation_f": 0.0, "step_dist_m": 40.10569871815846, "step_dist_f": 131.580380582483, "step_grade": 0.0, "step_turn": 39.3937954059235, "coast_speed_mps": 0.0, "coast_speed_mph": 0.0}, "geometry": {"type": "Point", "coordinates": [-122.15134, 37.62897]}}, {"id": "670", "type": "Feature", "properties": {"name": "Some South Bay", "step": 670, "lat": 37.62897, "lon": -122.15134, "elevation_m": 1.7, "time": null, "elevation_f": 5.577427999999999, "step_elevation_m": 0.0, "step_elevation_f": 0.0, "step_dist_m": 0.0, "step_dist_f": 0.0, "step_grade": null, "step_turn": null, "coast_speed_mps": 0.0, "coast_speed_mph": 0.0}, "geometry": {"type": "Point", "coordinates": [-122.15134, 37.62897]}}, {"id": "671", "type": "Feature", "properties": {"name": "Some South Bay", "step": 671, "lat": 37.62891, "lon": -122.15132, "elevation_m": 1.7, "time": null, "elevation_f": 5.577427999999999, "step_elevation_m": 0.0, "step_elevation_f": 0.0, "step_dist_m": 6.900264573971269, "step_dist_f": 22.638664024867897, "step_grade": 0.0, "step_turn": null, "coast_speed_mps": 0.0, "coast_speed_mph": 0.0}, "geometry": {"type": "Point", "coordinates": [-122.15132, 37.62891]}}, {"id": "672", "type": "Feature", "properties": {"name": "Some South Bay", "step": 672, "lat": 37.62878, "lon": -122.15124, "elevation_m": 1.7, "time": null, "elevation_f": 5.577427999999999, "step_elevation_m": 0.0, "step_elevation_f": 0.0, "step_dist_m": 16.08076674420654, "step_dist_f": 52.75842276506258, "step_grade": 0.0, "step_turn": 11.195063017054622, "coast_speed_mps": 0.0, "coast_speed_mph": 0.0}, "geometry": {"type": "Point", "coordinates": [-122.15124, 37.62878]}}, {"id": "673", "type": "Feature", "properties": {"name": "Some South Bay", "step": 673, "lat": 37.62861, "lon": -122.15104, "elevation_m": 1.7, "time": null, "elevation_f": 5.577427999999999, "step_elevation_m": 0.0, "step_elevation_f": 0.0, "step_dist_m": 25.836864269780026, "step_dist_f": 84.7666177708651, "step_grade": 0.0, "step_turn": 16.993063778078806, "coast_speed_mps": 0.0, "coast_speed_mph": 0.0}, "geometry": {"type": "Point", "coordinates": [-122.15104, 37.62861]}}, {"id": "674", "type": "Feature", "properties": {"name": "Some South Bay", "step": 674, "lat": 37.62863, "lon": -122.15073, "elevation_m": 1.8, "time": null, "elevation_f": 5.905512, "step_elevation_m": 0.10000000000000009, "step_elevation_f": 0.3280840000000005, "step_dist_m": 27.39048445426574, "step_dist_f": 89.8637970169332, "step_grade": 0.0036509029318912353, "step_turn": 51.68072381204723, "coast_speed_mps": 0.0, "coast_speed_mph": 0.0}, "geometry": {"type": "Point", "coordinates": [-122.15073, 37.62863]}}, {"id": "675", "type": "Feature", "properties": {"name": "Some South Bay", "step": 675, "lat": 37.62859, "lon": -122.15042, "elevation_m": 1.8, "time": null, "elevation_f": 5.905512, "step_elevation_m": 0.0, "step_elevation_f": 0.0, "step_dist_m": 27.660007470087503, "step_dist_f": 90.74805890816188, "step_grade": 0.0, "step_turn": 13.910583420826583, "coast_speed_mps": 0.0, "coast_speed_mph": 0.0}, "geometry": {"type": "Point", "coordinates": [-122.15042, 37.62859]}}, {"id": "676", "type": "Feature", "properties": {"name": "Some South Bay", "step": 676, "lat": 37.62854, "lon": -122.15023, "elevation_m": 1.8, "time": null, "elevation_f": 5.905512, "step_elevation_m": 0.0, "step_elevation_f": 0.0, "step_dist_m": 17.631810688693747, "step_dist_f": 57.847149779893996, "step_grade": 0.0, "step_turn": 9.126979965438295, "coast_speed_mps": 0.0, "coast_speed_mph": 0.0}, "geometry": {"type": "Point", "coordinates": [-122.15023, 37.62854]}}, {"id": "677", "type": "Feature", "properties": {"name": "Some South Bay", "step": 677, "lat": 37.62839, "lon": -122.15004, "elevation_m": 1.9, "time": null, "elevation_f": 6.2335959999999995, "step_elevation_m": 0.09999999999999987, "step_elevation_f": 0.3280839999999996, "step_dist_m": 23.625573766133662, "step_dist_f": 77.51172743488196, "step_grade": 0.004232701435735963, "step_turn": 26.52854458243462, "coast_speed_mps": 0.0, "coast_speed_mph": 0.0}, "geometry": {"type": "Point", "coordinates": [-122.15004, 37.62839]}}, {"id": "678", "type": "Feature", "properties": {"name": "Some South Bay", "step": 678, "lat": 37.62817, "lon": -122.1499, "elevation_m": 1.9, "time": null, "elevation_f": 6.2335959999999995, "step_elevation_m": 0.0, "step_elevation_f": 0.0, "step_dist_m": 27.394154638601798, "step_dist_f": 89.87583830451032, "step_grade": 0.0, "step_turn": 18.343284143107326, "coast_speed_mps": 0.0, "coast_speed_mph": 0.0}, "geometry": {"type": "Point", "coordinates": [-122.1499, 37.62817]}}, {"id": "679", "type": "Feature", "properties": {"name": "Some South Bay", "step": 679, "lat": 37.62791, "lon": -122.14984, "elevation_m": 1.7, "time": null, "elevation_f": 5.577427999999999, "step_elevation_m": -0.19999999999999996, "step_elevation_f": -0.6561680000000001, "step_dist_m": 29.389578237900917, "step_dist_f": 96.42250386603484, "step_grade": -0.0068051333837135216, "step_turn": 16.39032187444002, "coast_speed_mps": 0.0, "coast_speed_mph": 0.0}, "geometry": {"type": "Point", "coordinates": [-122.14984, 37.62791]}}, {"id": "680", "type": "Feature", "properties": {"name": "Some South Bay", "step": 680, "lat": 37.62757, "lon": -122.14982, "elevation_m": 1.7, "time": null, "elevation_f": 5.577427999999999, "step_elevation_m": 0.0, "step_elevation_f": 0.0, "step_dist_m": 37.84728078803328, "step_dist_f": 124.17087270061111, "step_grade": 0.0, "step_turn": 7.690120548618438, "coast_speed_mps": 0.0, "coast_speed_mph": 0.0}, "geometry": {"type": "Point", "coordinates": [-122.14982, 37.62757]}}, {"id": "681", "type": "Feature", "properties": {"name": "Some South Bay", "step": 681, "lat": 37.62746, "lon": -122.14987, "elevation_m": 1.7, "time": null, "elevation_f": 5.577427999999999, "step_elevation_m": 0.0, "step_elevation_f": 0.0, "step_dist_m": 12.999893134704495, "step_dist_f": 42.65056939206389, "step_grade": 0.0, "step_turn": 22.466178899313576, "coast_speed_mps": 0.0, "coast_speed_mph": 0.0}, "geometry": {"type": "Point", "coordinates": [-122.14987, 37.62746]}}, {"id": "682", "type": "Feature", "properties": {"name": "Some South Bay", "step": 682, "lat": 37.62753, "lon": -122.15017, "elevation_m": 1.7, "time": null, "elevation_f": 5.577427999999999, "step_elevation_m": 0.0, "step_elevation_f": 0.0, "step_dist_m": 27.542536130554062, "step_dist_f": 90.36265423856699, "step_grade": 0.0, "step_turn": 86.61699120590845, "coast_speed_mps": 0.0, "coast_speed_mph": 0.0}, "geometry": {"type": "Point", "coordinates": [-122.15017, 37.62753]}}, {"id": "683", "type": "Feature", "properties": {"name": "Some South Bay", "step": 683, "lat": 37.62752, "lon": -122.15031, "elevation_m": 1.6, "time": null, "elevation_f": 5.249344000000001, "step_elevation_m": -0.09999999999999987, "step_elevation_f": -0.3280839999999987, "step_dist_m": 12.379278690588675, "step_dist_f": 40.614432699230946, "step_grade": -0.008078015084677323, "step_turn": 21.569209600178283, "coast_speed_mps": 0.6412198519571812, "coast_speed_mph": 1.4343679580287683}, "geometry": {"type": "Point", "coordinates": [-122.15031, 37.62752]}}, {"id": "684", "type": "Feature", "properties": {"name": "Some South Bay", "step": 684, "lat": 37.6275, "lon": -122.15044, "elevation_m": 1.2, "time": null, "elevation_f": 3.9370079999999996, "step_elevation_m": -0.40000000000000013, "step_elevation_f": -1.312336000000001, "step_dist_m": 11.66257771935927, "step_dist_f": 38.263051484782665, "step_grade": -0.03429773499695706, "step_turn": 5.8394161486586995, "coast_speed_mps": 1.8623090738925239, "coast_speed_mph": 4.165866754412406}, "geometry": {"type": "Point", "coordinates": [-122.15044, 37.6275]}}, {"id": "685", "type": "Feature", "properties": {"name": "Some South Bay", "step": 685, "lat": 37.62742, "lon": -122.15055, "elevation_m": 0.9, "time": null, "elevation_f": 2.952756, "step_elevation_m": -0.29999999999999993, "step_elevation_f": -0.9842519999999997, "step_dist_m": 13.15198597046999, "step_dist_f": 43.14956165135676, "step_grade": -0.02281024331029448, "step_turn": 31.56768648265674, "coast_speed_mps": 2.8911677060792473, "coast_speed_mph": 6.467357968144336}, "geometry": {"type": "Point", "coordinates": [-122.15055, 37.62742]}}, {"id": "686", "type": "Feature", "properties": {"name": "Some South Bay", "step": 686, "lat": 37.62727, "lon": -122.15059, "elevation_m": 0.7, "time": null, "elevation_f": 2.296588, "step_elevation_m": -0.20000000000000007, "step_elevation_f": -0.6561680000000001, "step_dist_m": 17.04717167645062, "step_dist_f": 55.92904272296625, "step_grade": -0.011732151455732974, "step_turn": 35.51388863777518, "coast_speed_mps": 2.931623328629305, "coast_speed_mph": 6.557854618444215}, "geometry": {"type": "Point", "coordinates": [-122.15059, 37.62727]}}, {"id": "687", "type": "Feature", "properties": {"name": "Some South Bay", "step": 687, "lat": 37.62714, "lon": -122.15051, "elevation_m": 0.5, "time": null, "elevation_f": 1.64042, "step_elevation_m": -0.19999999999999996, "step_elevation_f": -0.6561679999999999, "step_dist_m": 16.08083485198238, "step_dist_f": 52.75864621577787, "step_grade": -0.012437165224375447, "step_turn": 37.90951407707439, "coast_speed_mps": 3.00202280556118, "coast_speed_mph": 6.7153337633347725}, "geometry": {"type": "Point", "coordinates": [-122.15051, 37.62714]}}, {"id": "688", "type": "Feature", "properties": {"name": "Some South Bay", "step": 688, "lat": 37.62699, "lon": -122.15031, "elevation_m": 1.0, "time": null, "elevation_f": 3.28084, "step_elevation_m": 0.5, "step_elevation_f": 1.64042, "step_dist_m": 24.257484761932634, "step_dist_f": 79.58492630633906, "step_grade": 0.020612194747604333, "step_turn": 20.576397274509418, "coast_speed_mps": 0.0, "coast_speed_mph": 0.0}, "geometry": {"type": "Point", "coordinates": [-122.15031, 37.62699]}}, {"id": "689", "type": "Feature", "properties": {"name": "Some South Bay", "step": 689, "lat": 37.62695, "lon": -122.1501, "elevation_m": 1.3, "time": null, "elevation_f": 4.265092, "step_elevation_m": 0.30000000000000004, "step_elevation_f": 0.9842520000000001, "step_dist_m": 19.02132364994919, "step_dist_f": 62.40591948369929, "step_grade": 0.015771773064846697, "step_turn": 29.916962811912697, "coast_speed_mps": 0.0, "coast_speed_mph": 0.0}, "geometry": {"type": "Point", "coordinates": [-122.1501, 37.62695]}}, {"id": "690", "type": "Feature", "properties": {"name": "Some South Bay", "step": 690, "lat": 37.6269, "lon": -122.14968, "elevation_m": 1.6, "time": null, "elevation_f": 5.249344000000001, "step_elevation_m": 0.30000000000000004, "step_elevation_f": 0.9842520000000006, "step_dist_m": 37.403527295747224, "step_dist_f": 122.71498849297932, "step_grade": 0.008020633926525694, "step_turn": 4.9746022447864675, "coast_speed_mps": 0.0, "coast_speed_mph": 0.0}, "geometry": {"type": "Point", "coordinates": [-122.14968, 37.6269]}}, {"id": "691", "type": "Feature", "properties": {"name": "Some South Bay", "step": 691, "lat": 37.62647, "lon": -122.14903, "elevation_m": 1.8, "time": null, "elevation_f": 5.905512, "step_elevation_m": 0.19999999999999996, "step_elevation_f": 0.6561679999999992, "step_dist_m": 74.58541303655672, "step_dist_f": 244.70280650685675, "step_grade": 0.0026814894743825246, "step_turn": 31.322675902638252, "coast_speed_mps": 0.0, "coast_speed_mph": 0.0}, "geometry": {"type": "Point", "coordinates": [-122.14903, 37.62647]}}, {"id": "692", "type": "Feature", "properties": {"name": "Some South Bay", "step": 692, "lat": 37.62645, "lon": -122.14805, "elevation_m": 1.9, "time": null, "elevation_f": 6.2335959999999995, "step_elevation_m": 0.09999999999999987, "step_elevation_f": 0.3280839999999996, "step_dist_m": 86.33455016896089, "step_dist_f": 283.24984557633366, "step_grade": 0.0011582848327152343, "step_turn": 38.39505111185662, "coast_speed_mps": 0.0, "coast_speed_mph": 0.0}, "geometry": {"type": "Point", "coordinates": [-122.14805, 37.62645]}}, {"id": "693", "type": "Feature", "properties": {"name": "Some South Bay", "step": 693, "lat": 37.62641, "lon": -122.14791, "elevation_m": 1.9, "time": null, "elevation_f": 6.2335959999999995, "step_elevation_m": 0.0, "step_elevation_f": 0.0, "step_dist_m": 13.107154053061633, "step_dist_f": 43.00247530344673, "step_grade": 0.0, "step_turn": 18.36094663589921, "coast_speed_mps": 0.0, "coast_speed_mph": 0.0}, "geometry": {"type": "Point", "coordinates": [-122.14791, 37.62641]}}, {"id": "694", "type": "Feature", "properties": {"name": "Some South Bay", "step": 694, "lat": 37.62599, "lon": -122.14732, "elevation_m": 2.0, "time": null, "elevation_f": 6.56168, "step_elevation_m": 0.10000000000000009, "step_elevation_f": 0.3280840000000005, "step_dist_m": 69.86337675025553, "step_dist_f": 229.21056097730835, "step_grade": 0.0014313651107571799, "step_turn": 22.112539145251617, "coast_speed_mps": 0.0, "coast_speed_mph": 0.0}, "geometry": {"type": "Point", "coordinates": [-122.14732, 37.62599]}}, {"id": "695", "type": "Feature", "properties": {"name": "Some South Bay", "step": 695, "lat": 37.62557, "lon": -122.14674, "elevation_m": 1.9, "time": null, "elevation_f": 6.2335959999999995, "step_elevation_m": -0.10000000000000009, "step_elevation_f": -0.3280840000000005, "step_dist_m": 69.2111041110058, "step_dist_f": 227.07055881155225, "step_grade": -0.001444854857966329, "step_turn": 0.48720651806110027, "coast_speed_mps": 0.0, "coast_speed_mph": 0.0}, "geometry": {"type": "Point", "coordinates": [-122.14674, 37.62557]}}, {"id": "696", "type": "Feature", "properties": {"name": "Some South Bay", "step": 696, "lat": 37.62553, "lon": -122.14662, "elevation_m": 2.0, "time": null, "elevation_f": 6.56168, "step_elevation_m": 0.10000000000000009, "step_elevation_f": 0.3280840000000005, "step_dist_m": 11.466025063991268, "step_dist_f": 37.61819367094511, "step_grade": 0.008721418228366454, "step_turn": 19.61190254611364, "coast_speed_mps": 0.0, "coast_speed_mph": 0.0}, "geometry": {"type": "Point", "coordinates": [-122.14662, 37.62553]}}, {"id": "697", "type": "Feature", "properties": {"name": "Some South Bay", "step": 697, "lat": 37.62522, "lon": -122.14559, "elevation_m": 2.2, "time": null, "elevation_f": 7.217848000000001, "step_elevation_m": 0.20000000000000018, "step_elevation_f": 0.656168000000001, "step_dist_m": 97.03927725280982, "step_dist_f": 318.37034238210856, "step_grade": 0.0020610211211585364, "step_turn": 2.0178411427555716, "coast_speed_mps": 0.0, "coast_speed_mph": 0.0}, "geometry": {"type": "Point", "coordinates": [-122.14559, 37.62522]}}, {"id": "698", "type": "Feature", "properties": {"name": "Some South Bay", "step": 698, "lat": 37.6249, "lon": -122.14457, "elevation_m": 2.3, "time": null, "elevation_f": 7.545932, "step_elevation_m": 0.09999999999999964, "step_elevation_f": 0.3280839999999987, "step_dist_m": 96.62083378719078, "step_dist_f": 316.997496322367, "step_grade": 0.0010349734739430168, "step_turn": 0.8018391038211803, "coast_speed_mps": 0.0, "coast_speed_mph": 0.0}, "geometry": {"type": "Point", "coordinates": [-122.14457, 37.6249]}}, {"id": "699", "type": "Feature", "properties": {"name": "Some South Bay", "step": 699, "lat": 37.62458, "lon": -122.14354, "elevation_m": 1.9, "time": null, "elevation_f": 6.2335959999999995, "step_elevation_m": -0.3999999999999999, "step_elevation_f": -1.3123360000000002, "step_dist_m": 97.44053099085099, "step_dist_f": 319.68679169602353, "step_grade": -0.0041050679417742215, "step_turn": 0.19079633879891844, "coast_speed_mps": 0.0, "coast_speed_mph": 0.0}, "geometry": {"type": "Point", "coordinates": [-122.14354, 37.62458]}}, {"id": "700", "type": "Feature", "properties": {"name": "Some South Bay", "step": 700, "lat": 37.62426, "lon": -122.14251, "elevation_m": 1.3, "time": null, "elevation_f": 4.265092, "step_elevation_m": -0.5999999999999999, "step_elevation_f": -1.9685039999999994, "step_dist_m": 97.4408945262631, "step_dist_f": 319.687984397545, "step_grade": -0.006157578939695415, "step_turn": 8.384739248867845e-05, "coast_speed_mps": 0.0, "coast_speed_mph": 0.0}, "geometry": {"type": "Point", "coordinates": [-122.14251, 37.62426]}}, {"id": "701", "type": "Feature", "properties": {"name": "Some South Bay", "step": 701, "lat": 37.62394, "lon": -122.14149, "elevation_m": 1.2, "time": null, "elevation_f": 3.9370079999999996, "step_elevation_m": -0.10000000000000009, "step_elevation_f": -0.3280840000000005, "step_dist_m": 96.62191239101763, "step_dist_f": 317.0010350489463, "step_grade": -0.0010349619203903948, "step_turn": 0.1906268432086904, "coast_speed_mps": 0.0, "coast_speed_mph": 0.0}, "geometry": {"type": "Point", "coordinates": [-122.14149, 37.62394]}}, {"id": "702", "type": "Feature", "properties": {"name": "Some South Bay", "step": 702, "lat": 37.62363, "lon": -122.14046, "elevation_m": 1.8, "time": null, "elevation_f": 5.905512, "step_elevation_m": 0.6000000000000001, "step_elevation_f": 1.9685040000000003, "step_dist_m": 97.04109102512322, "step_dist_f": 318.3762930788653, "step_grade": 0.0061829477972858374, "step_turn": 0.8019926961567307, "coast_speed_mps": 0.0, "coast_speed_mph": 0.0}, "geometry": {"type": "Point", "coordinates": [-122.14046, 37.62363]}}, {"id": "703", "type": "Feature", "properties": {"name": "Some South Bay", "step": 703, "lat": 37.62355, "lon": -122.14005, "elevation_m": 1.7, "time": null, "elevation_f": 5.577427999999999, "step_elevation_m": -0.10000000000000009, "step_elevation_f": -0.3280840000000005, "step_dist_m": 37.188560005709284, "step_dist_f": 122.00971520913124, "step_grade": -0.0026889989820699654, "step_turn": 6.966945209402354, "coast_speed_mps": 0.0, "coast_speed_mph": 0.0}, "geometry": {"type": "Point", "coordinates": [-122.14005, 37.62355]}}, {"id": "704", "type": "Feature", "properties": {"name": "Some South Bay", "step": 704, "lat": 37.62354, "lon": -122.13978, "elevation_m": 1.3, "time": null, "elevation_f": 4.265092, "step_elevation_m": -0.3999999999999999, "step_elevation_f": -1.3123359999999993, "step_dist_m": 23.80507342586983, "step_dist_f": 78.10063709853077, "step_grade": -0.01680314077776822, "step_turn": 11.162135086714613, "coast_speed_mps": 1.6014030704781987, "coast_speed_mph": 3.5822366465600326}, "geometry": {"type": "Point", "coordinates": [-122.13978, 37.62354]}}, {"id": "705", "type": "Feature", "properties": {"name": "Some South Bay", "step": 705, "lat": 37.62355, "lon": -122.13963, "elevation_m": 1.2, "time": null, "elevation_f": 3.9370079999999996, "step_elevation_m": -0.10000000000000009, "step_elevation_f": -0.3280840000000005, "step_dist_m": 13.257319509890474, "step_dist_f": 43.49514414082906, "step_grade": -0.007543002937011227, "step_turn": 7.4885574454011135, "coast_speed_mps": 1.6963490219731219, "coast_speed_mph": 3.794624691242663}, "geometry": {"type": "Point", "coordinates": [-122.13963, 37.62355]}}, {"id": "706", "type": "Feature", "properties": {"name": "Some South Bay", "step": 706, "lat": 37.62359, "lon": -122.1395, "elevation_m": 1.2, "time": null, "elevation_f": 3.9370079999999996, "step_elevation_m": 0.0, "step_elevation_f": 0.0, "step_dist_m": 12.282784245848744, "step_dist_f": 40.29784986515039, "step_grade": 0.0, "step_turn": 16.41891992857768, "coast_speed_mps": 1.2814309863350821, "coast_speed_mph": 2.866479479096011}, "geometry": {"type": "Point", "coordinates": [-122.1395, 37.62359]}}, {"id": "707", "type": "Feature", "properties": {"name": "Some South Bay", "step": 707, "lat": 37.62372, "lon": -122.13915, "elevation_m": 1.3, "time": null, "elevation_f": 4.265092, "step_elevation_m": 0.10000000000000009, "step_elevation_f": 0.3280840000000005, "step_dist_m": 34.0458365585954, "step_dist_f": 111.69894241490212, "step_grade": 0.0029372167086537206, "step_turn": 3.8942190383905313, "coast_speed_mps": 0.0, "coast_speed_mph": 0.0}, "geometry": {"type": "Point", "coordinates": [-122.13915, 37.62372]}}, {"id": "708", "type": "Feature", "properties": {"name": "Some South Bay", "step": 708, "lat": 37.62377, "lon": -122.13869, "elevation_m": 1.3, "time": null, "elevation_f": 4.265092, "step_elevation_m": 0.0, "step_elevation_f": 0.0, "step_dist_m": 40.892131676291775, "step_dist_f": 134.1605412888451, "step_grade": 0.0, "step_turn": 17.310134588693984, "coast_speed_mps": 0.0, "coast_speed_mph": 0.0}, "geometry": {"type": "Point", "coordinates": [-122.13869, 37.62377]}}, {"id": "709", "type": "Feature", "properties": {"name": "Some South Bay", "step": 709, "lat": 37.62376, "lon": -122.13856, "elevation_m": 1.3, "time": null, "elevation_f": 4.265092, "step_elevation_m": 0.0, "step_elevation_f": 0.0, "step_dist_m": 11.503027147402351, "step_dist_f": 37.73959158628353, "step_grade": 0.0, "step_turn": 13.361514291969968, "coast_speed_mps": 0.0, "coast_speed_mph": 0.0}, "geometry": {"type": "Point", "coordinates": [-122.13856, 37.62376]}}, {"id": "710", "type": "Feature", "properties": {"name": "Some South Bay", "step": 710, "lat": 37.6236, "lon": -122.13799, "elevation_m": 1.2, "time": null, "elevation_f": 3.9370079999999996, "step_elevation_m": -0.10000000000000009, "step_elevation_f": -0.3280840000000005, "step_dist_m": 53.259621828904244, "step_dist_f": 174.7362976811422, "step_grade": -0.0018775950066121127, "step_turn": 13.967225773352993, "coast_speed_mps": 0.0, "coast_speed_mph": 0.0}, "geometry": {"type": "Point", "coordinates": [-122.13799, 37.6236]}}, {"id": "711", "type": "Feature", "properties": {"name": "Some South Bay", "step": 711, "lat": 37.62358, "lon": -122.13782, "elevation_m": 1.2, "time": null, "elevation_f": 3.9370079999999996, "step_elevation_m": 0.0, "step_elevation_f": 0.0, "step_dist_m": 15.136274724161465, "step_dist_f": 49.6596955660179, "step_grade": 0.0, "step_turn": 11.065669303538357, "coast_speed_mps": 0.0, "coast_speed_mph": 0.0}, "geometry": {"type": "Point", "coordinates": [-122.13782, 37.62358]}}, {"id": "712", "type": "Feature", "properties": {"name": "Some South Bay", "step": 712, "lat": 37.62358, "lon": -122.13691, "elevation_m": 1.2, "time": null, "elevation_f": 3.9370079999999996, "step_elevation_m": 0.0, "step_elevation_f": 0.0, "step_dist_m": 80.14430039824911, "step_dist_f": 262.9406265185916, "step_grade": 0.0, "step_turn": 8.44899872914118, "coast_speed_mps": 0.0, "coast_speed_mph": 0.0}, "geometry": {"type": "Point", "coordinates": [-122.13691, 37.62358]}}, {"id": "713", "type": "Feature", "properties": {"name": "Some South Bay", "step": 713, "lat": 37.62358, "lon": -122.136, "elevation_m": 1.2, "time": null, "elevation_f": 3.9370079999999996, "step_elevation_m": 0.0, "step_elevation_f": 0.0, "step_dist_m": 80.14430039824911, "step_dist_f": 262.9406265185916, "step_grade": 0.0, "step_turn": 0.0, "coast_speed_mps": 0.0, "coast_speed_mph": 0.0}, "geometry": {"type": "Point", "coordinates": [-122.136, 37.62358]}}, {"id": "714", "type": "Feature", "properties": {"name": "Some South Bay", "step": 714, "lat": 37.62357, "lon": -122.13564, "elevation_m": 1.5, "time": null, "elevation_f": 4.92126, "step_elevation_m": 0.30000000000000004, "step_elevation_f": 0.9842520000000006, "step_dist_m": 31.72493238320409, "step_dist_f": 104.08442716011132, "step_grade": 0.009456284929982291, "step_turn": 2.008778987509629, "coast_speed_mps": 0.0, "coast_speed_mph": 0.0}, "geometry": {"type": "Point", "coordinates": [-122.13564, 37.62357]}}, {"id": "715", "type": "Feature", "properties": {"name": "Some South Bay", "step": 715, "lat": 37.62391, "lon": -122.1346, "elevation_m": 1.5, "time": null, "elevation_f": 4.92126, "step_elevation_m": 0.0, "step_elevation_f": 0.0, "step_dist_m": 99.0890762298426, "step_dist_f": 325.09540485791683, "step_grade": 0.0, "step_turn": 24.43781811691116, "coast_speed_mps": 0.0, "coast_speed_mph": 0.0}, "geometry": {"type": "Point", "coordinates": [-122.1346, 37.62391]}}, {"id": "716", "type": "Feature", "properties": {"name": "Some South Bay", "step": 716, "lat": 37.62426, "lon": -122.13357, "elevation_m": 1.4, "time": null, "elevation_f": 4.593176, "step_elevation_m": -0.10000000000000009, "step_elevation_f": -0.3280840000000005, "step_dist_m": 98.70828110368514, "step_dist_f": 323.84607697621436, "step_grade": -0.0010130862262200484, "step_turn": 0.791773447800324, "coast_speed_mps": 0.0, "coast_speed_mph": 0.0}, "geometry": {"type": "Point", "coordinates": [-122.13357, 37.62426]}}, {"id": "717", "type": "Feature", "properties": {"name": "Some South Bay", "step": 717, "lat": 37.6246, "lon": -122.13253, "elevation_m": 1.8, "time": null, "elevation_f": 5.905512, "step_elevation_m": 0.40000000000000013, "step_elevation_f": 1.3123360000000002, "step_dist_m": 99.08829035663582, "step_dist_f": 325.09282653366506, "step_grade": 0.00403680393072008, "step_turn": 0.7915858768305384, "coast_speed_mps": 0.0, "coast_speed_mph": 0.0}, "geometry": {"type": "Point", "coordinates": [-122.13253, 37.6246]}}, {"id": "718", "type": "Feature", "properties": {"name": "Some South Bay", "step": 718, "lat": 37.62494, "lon": -122.1315, "elevation_m": 2.5, "time": null, "elevation_f": 8.2021, "step_elevation_m": 0.7, "step_elevation_f": 2.296588, "step_dist_m": 98.27440843136391, "step_dist_f": 322.42261015795594, "step_grade": 0.007122912375391085, "step_turn": 0.19599666152288364, "coast_speed_mps": 0.0, "coast_speed_mph": 0.0}, "geometry": {"type": "Point", "coordinates": [-122.1315, 37.62494]}}, {"id": "719", "type": "Feature", "properties": {"name": "Some South Bay", "step": 719, "lat": 37.62519, "lon": -122.13078, "elevation_m": 2.3, "time": null, "elevation_f": 7.545932, "step_elevation_m": -0.20000000000000018, "step_elevation_f": -0.6561680000000001, "step_dist_m": 69.23545265674417, "step_dist_f": 227.15044249435255, "step_grade": -0.0028886934702595365, "step_turn": 1.0473330892094168, "coast_speed_mps": 0.0, "coast_speed_mph": 0.0}, "geometry": {"type": "Point", "coordinates": [-122.13078, 37.62519]}}, {"id": "720", "type": "Feature", "properties": {"name": "Some South Bay", "step": 720, "lat": 37.62543, "lon": -122.13006, "elevation_m": 2.3, "time": null, "elevation_f": 7.545932, "step_elevation_m": 0.0, "step_elevation_f": 0.0, "step_dist_m": 68.7963390889458, "step_dist_f": 225.70978113657694, "step_grade": 0.0, "step_turn": 0.8481035519315583, "coast_speed_mps": 0.0, "coast_speed_mph": 0.0}, "geometry": {"type": "Point", "coordinates": [-122.13006, 37.62543]}}, {"id": "721", "type": "Feature", "properties": {"name": "Some South Bay", "step": 721, "lat": 37.62553, "lon": -122.13009, "elevation_m": 2.3, "time": null, "elevation_f": 7.545932, "step_elevation_m": 0.0, "step_elevation_f": 0.0, "step_dist_m": 11.429066333149251, "step_dist_f": 37.49693798844939, "step_grade": 0.0, "step_turn": 80.5411987124092, "coast_speed_mps": 0.0, "coast_speed_mph": 0.0}, "geometry": {"type": "Point", "coordinates": [-122.13009, 37.62553]}}, {"id": "722", "type": "Feature", "properties": {"name": "Some South Bay", "step": 722, "lat": 37.62553, "lon": -122.13009, "elevation_m": 2.3, "time": null, "elevation_f": 7.545932, "step_elevation_m": 0.0, "step_elevation_f": 0.0, "step_dist_m": 0.0, "step_dist_f": 0.0, "step_grade": null, "step_turn": null, "coast_speed_mps": 0.0, "coast_speed_mph": 0.0}, "geometry": {"type": "Point", "coordinates": [-122.13009, 37.62553]}}, {"id": "723", "type": "Feature", "properties": {"name": "Some South Bay", "step": 723, "lat": 37.62568, "lon": -122.13015, "elevation_m": 2.3, "time": null, "elevation_f": 7.545932, "step_elevation_m": 0.0, "step_elevation_f": 0.0, "step_dist_m": 17.496247604427545, "step_dist_f": 57.40238899051007, "step_grade": 0.0, "step_turn": null, "coast_speed_mps": 0.0, "coast_speed_mph": 0.0}, "geometry": {"type": "Point", "coordinates": [-122.13015, 37.62568]}}, {"id": "724", "type": "Feature", "properties": {"name": "Some South Bay", "step": 724, "lat": 37.62577, "lon": -122.13015, "elevation_m": 2.3, "time": null, "elevation_f": 7.545932, "step_elevation_m": 0.0, "step_elevation_f": 0.0, "step_dist_m": 10.007543397970053, "step_dist_f": 32.83314868179607, "step_grade": 0.0, "step_turn": null, "coast_speed_mps": 0.0, "coast_speed_mph": 0.0}, "geometry": {"type": "Point", "coordinates": [-122.13015, 37.62577]}}, {"id": "725", "type": "Feature", "properties": {"name": "Some South Bay", "step": 725, "lat": 37.62583, "lon": -122.13011, "elevation_m": 2.3, "time": null, "elevation_f": 7.545932, "step_elevation_m": 0.0, "step_elevation_f": 0.0, "step_dist_m": 7.5446064623510996, "step_dist_f": 24.75264666593998, "step_grade": 0.0, "step_turn": null, "coast_speed_mps": 0.0, "coast_speed_mph": 0.0}, "geometry": {"type": "Point", "coordinates": [-122.13011, 37.62583]}}, {"id": "726", "type": "Feature", "properties": {"name": "Some South Bay", "step": 726, "lat": 37.62588, "lon": -122.13006, "elevation_m": 2.3, "time": null, "elevation_f": 7.545932, "step_elevation_m": 0.0, "step_elevation_f": 0.0, "step_dist_m": 7.092298300067727, "step_dist_f": 23.2686959547942, "step_grade": 0.0, "step_turn": 10.545225433473888, "coast_speed_mps": 0.0, "coast_speed_mph": 0.0}, "geometry": {"type": "Point", "coordinates": [-122.13006, 37.62588]}}, {"id": "727", "type": "Feature", "properties": {"name": "Some South Bay", "step": 727, "lat": 37.62591, "lon": -122.12999, "elevation_m": 2.3, "time": null, "elevation_f": 7.545932, "step_elevation_m": 0.0, "step_elevation_f": 0.0, "step_dist_m": 7.009427563098036, "step_dist_f": 22.996810326114563, "step_grade": 0.0, "step_turn": 23.201734748083084, "coast_speed_mps": 0.0, "coast_speed_mph": 0.0}, "geometry": {"type": "Point", "coordinates": [-122.12999, 37.62591]}}, {"id": "728", "type": "Feature", "properties": {"name": "Some South Bay", "step": 728, "lat": 37.62593, "lon": -122.12994, "elevation_m": 2.3, "time": null, "elevation_f": 7.545932, "step_elevation_m": 0.0, "step_elevation_f": 0.0, "step_dist_m": 4.933113281593551, "step_dist_f": 16.184755378783386, "step_grade": 0.0, "step_turn": 1.6228530826245446, "coast_speed_mps": 0.0, "coast_speed_mph": 0.0}, "geometry": {"type": "Point", "coordinates": [-122.12994, 37.62593]}}, {"id": "729", "type": "Feature", "properties": {"name": "Some South Bay", "step": 729, "lat": 37.62593, "lon": -122.12983, "elevation_m": 2.3, "time": null, "elevation_f": 7.545932, "step_elevation_m": 0.0, "step_elevation_f": 0.0, "step_dist_m": 9.687466309169617, "step_dist_f": 31.783026965776045, "step_grade": 0.0, "step_turn": 26.795668834120136, "coast_speed_mps": 0.0, "coast_speed_mph": 0.0}, "geometry": {"type": "Point", "coordinates": [-122.12983, 37.62593]}}, {"id": "730", "type": "Feature", "properties": {"name": "Some South Bay", "step": 730, "lat": 37.62589, "lon": -122.12919, "elevation_m": 2.3, "time": null, "elevation_f": 7.545932, "step_elevation_m": 0.0, "step_elevation_f": 0.0, "step_dist_m": 56.53867716626716, "step_dist_f": 185.49435359417595, "step_grade": 0.0, "step_turn": 4.5118572754544175, "coast_speed_mps": 0.0, "coast_speed_mph": 0.0}, "geometry": {"type": "Point", "coordinates": [-122.12919, 37.62589]}}, {"id": "731", "type": "Feature", "properties": {"name": "Some South Bay", "step": 731, "lat": 37.62585, "lon": -122.12855, "elevation_m": 2.3, "time": null, "elevation_f": 7.545932, "step_elevation_m": 0.0, "step_elevation_f": 0.0, "step_dist_m": 56.538707401329454, "step_dist_f": 185.49445279057772, "step_grade": 0.0, "step_turn": 2.416699430796143e-06, "coast_speed_mps": 0.0, "coast_speed_mph": 0.0}, "geometry": {"type": "Point", "coordinates": [-122.12855, 37.62585]}}, {"id": "732", "type": "Feature", "properties": {"name": "Some South Bay", "step": 732, "lat": 37.62584, "lon": -122.12847, "elevation_m": 2.3, "time": null, "elevation_f": 7.545932, "step_elevation_m": 0.0, "step_elevation_f": 0.0, "step_dist_m": 7.132645315884449, "step_dist_f": 23.401068058166338, "step_grade": 0.0, "step_turn": 4.456906232473784, "coast_speed_mps": 0.0, "coast_speed_mph": 0.0}, "geometry": {"type": "Point", "coordinates": [-122.12847, 37.62584]}}, {"id": "733", "type": "Feature", "properties": {"name": "Some South Bay", "step": 733, "lat": 37.62581, "lon": -122.12842, "elevation_m": 2.3, "time": null, "elevation_f": 7.545932, "step_elevation_m": 0.0, "step_elevation_f": 0.0, "step_dist_m": 5.524292901687308, "step_dist_f": 18.124321123571786, "step_grade": 0.0, "step_turn": 28.17743723007561, "coast_speed_mps": 0.0, "coast_speed_mph": 0.0}, "geometry": {"type": "Point", "coordinates": [-122.12842, 37.62581]}}, {"id": "734", "type": "Feature", "properties": {"name": "Some South Bay", "step": 734, "lat": 37.62577, "lon": -122.12836, "elevation_m": 2.3, "time": null, "elevation_f": 7.545932, "step_elevation_m": 0.0, "step_elevation_f": 0.0, "step_dist_m": 6.906839105225966, "step_dist_f": 22.66023400998956, "step_grade": 0.0, "step_turn": 2.942309187589899, "coast_speed_mps": 0.0, "coast_speed_mph": 0.0}, "geometry": {"type": "Point", "coordinates": [-122.12836, 37.62577]}}, {"id": "735", "type": "Feature", "properties": {"name": "Some South Bay", "step": 735, "lat": 37.62571, "lon": -122.12833, "elevation_m": 2.3, "time": null, "elevation_f": 7.545932, "step_elevation_m": 0.0, "step_elevation_f": 0.0, "step_dist_m": 7.1757866118199525, "step_dist_f": 23.542607747523373, "step_grade": 0.0, "step_turn": 28.30756838765103, "coast_speed_mps": 0.0, "coast_speed_mph": 0.0}, "geometry": {"type": "Point", "coordinates": [-122.12833, 37.62571]}}, {"id": "736", "type": "Feature", "properties": {"name": "Some South Bay", "step": 736, "lat": 37.62564, "lon": -122.12831, "elevation_m": 2.3, "time": null, "elevation_f": 7.545932, "step_elevation_m": 0.0, "step_elevation_f": 0.0, "step_dist_m": 7.980446663471797, "step_dist_f": 26.18256863138481, "step_grade": 0.0, "step_turn": 8.853219560856473, "coast_speed_mps": 0.0, "coast_speed_mph": 0.0}, "geometry": {"type": "Point", "coordinates": [-122.12831, 37.62564]}}, {"id": "737", "type": "Feature", "properties": {"name": "Some South Bay", "step": 737, "lat": 37.62558, "lon": -122.12833, "elevation_m": 2.3, "time": null, "elevation_f": 7.545932, "step_elevation_m": 0.0, "step_elevation_f": 0.0, "step_dist_m": 6.900284715693542, "step_dist_f": 22.638730106636, "step_grade": 0.0, "step_turn": 27.539722545823793, "coast_speed_mps": 0.0, "coast_speed_mph": 0.0}, "geometry": {"type": "Point", "coordinates": [-122.12833, 37.62558]}}, {"id": "738", "type": "Feature", "properties": {"name": "Some South Bay", "step": 738, "lat": 37.62552, "lon": -122.12836, "elevation_m": 2.3, "time": null, "elevation_f": 7.545932, "step_elevation_m": 0.0, "step_elevation_f": 0.0, "step_dist_m": 7.175789097033617, "step_dist_f": 23.54261590111177, "step_grade": 0.0, "step_turn": 6.8150233936787, "coast_speed_mps": 0.0, "coast_speed_mph": 0.0}, "geometry": {"type": "Point", "coordinates": [-122.12836, 37.62552]}}, {"id": "739", "type": "Feature", "properties": {"name": "Some South Bay", "step": 739, "lat": 37.62546, "lon": -122.12844, "elevation_m": 2.3, "time": null, "elevation_f": 7.545932, "step_elevation_m": 0.0, "step_elevation_f": 0.0, "step_dist_m": 9.70310230289324, "step_dist_f": 31.834326159424258, "step_grade": 0.0, "step_turn": 24.956870764953095, "coast_speed_mps": 0.0, "coast_speed_mph": 0.0}, "geometry": {"type": "Point", "coordinates": [-122.12844, 37.62546]}}, {"id": "740", "type": "Feature", "properties": {"name": "Some South Bay", "step": 740, "lat": 37.62522, "lon": -122.12914, "elevation_m": 2.3, "time": null, "elevation_f": 7.545932, "step_elevation_m": 0.0, "step_elevation_f": 0.0, "step_dist_m": 67.17633906441012, "step_dist_f": 220.39482025607927, "step_grade": 0.0, "step_turn": 20.03204781698571, "coast_speed_mps": 0.0, "coast_speed_mph": 0.0}, "geometry": {"type": "Point", "coordinates": [-122.12914, 37.62522]}}, {"id": "741", "type": "Feature", "properties": {"name": "Some South Bay", "step": 741, "lat": 37.62499, "lon": -122.12983, "elevation_m": 2.3, "time": null, "elevation_f": 7.545932, "step_elevation_m": 0.0, "step_elevation_f": 0.0, "step_dist_m": 65.92997942552383, "step_dist_f": 216.3057136984356, "step_grade": 0.0, "step_turn": 0.5828298288080873, "coast_speed_mps": 0.0, "coast_speed_mph": 0.0}, "geometry": {"type": "Point", "coordinates": [-122.12983, 37.62499]}}, {"id": "742", "type": "Feature", "properties": {"name": "Some South Bay", "step": 742, "lat": 37.62495, "lon": -122.1299, "elevation_m": 2.3, "time": null, "elevation_f": 7.545932, "step_elevation_m": 0.0, "step_elevation_f": 0.0, "step_dist_m": 7.60184443649178, "step_dist_f": 24.940435301019694, "step_grade": 0.0, "step_turn": 12.985398322241878, "coast_speed_mps": 0.0, "coast_speed_mph": 0.0}, "geometry": {"type": "Point", "coordinates": [-122.1299, 37.62495]}}, {"id": "743", "type": "Feature", "properties": {"name": "Some South Bay", "step": 743, "lat": 37.6249, "lon": -122.12995, "elevation_m": 2.3, "time": null, "elevation_f": 7.545932, "step_elevation_m": 0.0, "step_elevation_f": 0.0, "step_dist_m": 7.092332504566516, "step_dist_f": 23.26880817428201, "step_grade": 0.0, "step_turn": 15.810268734102294, "coast_speed_mps": 0.0, "coast_speed_mph": 0.0}, "geometry": {"type": "Point", "coordinates": [-122.12995, 37.6249]}}, {"id": "744", "type": "Feature", "properties": {"name": "Some South Bay", "step": 744, "lat": 37.62483, "lon": -122.12997, "elevation_m": 2.3, "time": null, "elevation_f": 7.545932, "step_elevation_m": 0.0, "step_elevation_f": 0.0, "step_dist_m": 7.980450899737542, "step_dist_f": 26.182582529894916, "step_grade": 0.0, "step_turn": 25.629216649755307, "coast_speed_mps": 0.0, "coast_speed_mph": 0.0}, "geometry": {"type": "Point", "coordinates": [-122.12997, 37.62483]}}, {"id": "745", "type": "Feature", "properties": {"name": "Some South Bay", "step": 745, "lat": 37.6247, "lon": -122.12999, "elevation_m": 2.4, "time": null, "elevation_f": 7.874015999999999, "step_elevation_m": 0.10000000000000009, "step_elevation_f": 0.3280839999999996, "step_dist_m": 14.562257567778069, "step_dist_f": 47.776437118669, "step_grade": 0.006867067110615476, "step_turn": 5.8036161375601125, "coast_speed_mps": 0.0, "coast_speed_mph": 0.0}, "geometry": {"type": "Point", "coordinates": [-122.12999, 37.6247]}}, {"id": "746", "type": "Feature", "properties": {"name": "Some South Bay", "step": 746, "lat": 37.62383, "lon": -122.13008, "elevation_m": 2.4, "time": null, "elevation_f": 7.874015999999999, "step_elevation_m": 0.0, "step_elevation_f": 0.0, "step_dist_m": 97.06376022763246, "step_dist_f": 318.45066710522565, "step_grade": 0.0, "step_turn": 2.2632045929034064, "coast_speed_mps": 0.0, "coast_speed_mph": 0.0}, "geometry": {"type": "Point", "coordinates": [-122.13008, 37.62383]}}, {"id": "747", "type": "Feature", "properties": {"name": "Some South Bay", "step": 747, "lat": 37.62383, "lon": -122.13008, "elevation_m": 2.4, "time": null, "elevation_f": 7.874015999999999, "step_elevation_m": 0.0, "step_elevation_f": 0.0, "step_dist_m": 0.0, "step_dist_f": 0.0, "step_grade": null, "step_turn": null, "coast_speed_mps": 0.0, "coast_speed_mph": 0.0}, "geometry": {"type": "Point", "coordinates": [-122.13008, 37.62383]}}, {"id": "748", "type": "Feature", "properties": {"name": "Some South Bay", "step": 748, "lat": 37.62331, "lon": -122.13012, "elevation_m": 2.4, "time": null, "elevation_f": 7.874015999999999, "step_elevation_m": 0.0, "step_elevation_f": 0.0, "step_dist_m": 57.92857840417897, "step_dist_f": 190.05439717156654, "step_grade": 0.0, "step_turn": null, "coast_speed_mps": 0.0, "coast_speed_mph": 0.0}, "geometry": {"type": "Point", "coordinates": [-122.13012, 37.62331]}}, {"id": "749", "type": "Feature", "properties": {"name": "Some South Bay", "step": 749, "lat": 37.62279, "lon": -122.13017, "elevation_m": 2.4, "time": null, "elevation_f": 7.874015999999999, "step_elevation_m": 0.0, "step_elevation_f": 0.0, "step_dist_m": 57.98880293649765, "step_dist_f": 190.25198422617893, "step_grade": 0.0, "step_turn": 0.8686375394609058, "coast_speed_mps": 0.0, "coast_speed_mph": 0.0}, "geometry": {"type": "Point", "coordinates": [-122.13017, 37.62279]}}, {"id": "750", "type": "Feature", "properties": {"name": "Some South Bay", "step": 750, "lat": 37.62273, "lon": -122.13017, "elevation_m": 2.3, "time": null, "elevation_f": 7.545932, "step_elevation_m": -0.10000000000000009, "step_elevation_f": -0.3280839999999996, "step_dist_m": 6.671695598882477, "step_dist_f": 21.888765788637585, "step_grade": -0.014988693431509421, "step_turn": 4.355145285884646, "coast_speed_mps": 0.0, "coast_speed_mph": 0.0}, "geometry": {"type": "Point", "coordinates": [-122.13017, 37.62273]}}, {"id": "751", "type": "Feature", "properties": {"name": "Some South Bay", "step": 751, "lat": 37.62272, "lon": -122.13015, "elevation_m": 2.3, "time": null, "elevation_f": 7.545932, "step_elevation_m": 0.0, "step_elevation_f": 0.0, "step_dist_m": 2.0830456037707625, "step_dist_f": 6.834139338675269, "step_grade": 0.0, "step_turn": 57.73680412428962, "coast_speed_mps": 0.0, "coast_speed_mph": 0.0}, "geometry": {"type": "Point", "coordinates": [-122.13015, 37.62272]}}, {"id": "752", "type": "Feature", "properties": {"name": "Some South Bay", "step": 752, "lat": 37.62269, "lon": -122.13011, "elevation_m": 2.3, "time": null, "elevation_f": 7.545932, "step_elevation_m": 0.0, "step_elevation_f": 0.0, "step_dist_m": 4.851646984717363, "step_dist_f": 15.917477493340114, "step_grade": 0.0, "step_turn": 11.174866046226043, "coast_speed_mps": 0.0, "coast_speed_mph": 0.0}, "geometry": {"type": "Point", "coordinates": [-122.13011, 37.62269]}}, {"id": "753", "type": "Feature", "properties": {"name": "Some South Bay", "step": 753, "lat": 37.62266, "lon": -122.13001, "elevation_m": 2.3, "time": null, "elevation_f": 7.545932, "step_elevation_m": 0.0, "step_elevation_f": 0.0, "step_dist_m": 9.41775877145037, "step_dist_f": 30.89815968772523, "step_grade": 0.0, "step_turn": 22.6931651407495, "coast_speed_mps": 0.0, "coast_speed_mph": 0.0}, "geometry": {"type": "Point", "coordinates": [-122.13001, 37.62266]}}, {"id": "754", "type": "Feature", "properties": {"name": "Some South Bay", "step": 754, "lat": 37.62266, "lon": -122.12971, "elevation_m": 2.3, "time": null, "elevation_f": 7.545932, "step_elevation_m": 0.0, "step_elevation_f": 0.0, "step_dist_m": 26.421524920610327, "step_dist_f": 86.68479582053519, "step_grade": 0.0, "step_turn": 20.744988350434255, "coast_speed_mps": 0.0, "coast_speed_mph": 0.0}, "geometry": {"type": "Point", "coordinates": [-122.12971, 37.62266]}}, {"id": "755", "type": "Feature", "properties": {"name": "Some South Bay", "step": 755, "lat": 37.62263, "lon": -122.12935, "elevation_m": 2.3, "time": null, "elevation_f": 7.545932, "step_elevation_m": 0.0, "step_elevation_f": 0.0, "step_dist_m": 31.880839641161913, "step_dist_f": 104.59593392830965, "step_grade": 0.0, "step_turn": 6.0061124820614396, "coast_speed_mps": 0.0, "coast_speed_mph": 0.0}, "geometry": {"type": "Point", "coordinates": [-122.12935, 37.62263]}}, {"id": "756", "type": "Feature", "properties": {"name": "Some South Bay", "step": 756, "lat": 37.6226, "lon": -122.12918, "elevation_m": 2.3, "time": null, "elevation_f": 7.545932, "step_elevation_m": 0.0, "step_elevation_f": 0.0, "step_dist_m": 15.339323603213876, "step_dist_f": 50.32586645036821, "step_grade": 0.0, "step_turn": 6.554423938702882, "coast_speed_mps": 0.0, "coast_speed_mph": 0.0}, "geometry": {"type": "Point", "coordinates": [-122.12918, 37.6226]}}, {"id": "757", "type": "Feature", "properties": {"name": "Some South Bay", "step": 757, "lat": 37.62262, "lon": -122.129, "elevation_m": 2.3, "time": null, "elevation_f": 7.545932, "step_elevation_m": 0.0, "step_elevation_f": 0.0, "step_dist_m": 16.008153399094283, "step_dist_f": 52.520189997884486, "step_grade": 0.0, "step_turn": 20.54602167761766, "coast_speed_mps": 0.0, "coast_speed_mph": 0.0}, "geometry": {"type": "Point", "coordinates": [-122.129, 37.62262]}}, {"id": "758", "type": "Feature", "properties": {"name": "Some South Bay", "step": 758, "lat": 37.62258, "lon": -122.12835, "elevation_m": 2.3, "time": null, "elevation_f": 7.545932, "step_elevation_m": 0.0, "step_elevation_f": 0.0, "step_dist_m": 57.41920997707359, "step_dist_f": 188.38324086118212, "step_grade": 0.0, "step_turn": 12.428064854541276, "coast_speed_mps": 0.0, "coast_speed_mph": 0.0}, "geometry": {"type": "Point", "coordinates": [-122.12835, 37.62258]}}, {"id": "759", "type": "Feature", "properties": {"name": "Some South Bay", "step": 759, "lat": 37.62256, "lon": -122.12769, "elevation_m": 2.5, "time": null, "elevation_f": 8.2021, "step_elevation_m": 0.20000000000000018, "step_elevation_f": 0.6561680000000001, "step_dist_m": 58.1699517357076, "step_dist_f": 190.84630445257892, "step_grade": 0.0034382012367603575, "step_turn": 2.251677515172048, "coast_speed_mps": 0.0, "coast_speed_mph": 0.0}, "geometry": {"type": "Point", "coordinates": [-122.12769, 37.62256]}}, {"id": "760", "type": "Feature", "properties": {"name": "Some South Bay", "step": 760, "lat": 37.62253, "lon": -122.12703, "elevation_m": 2.4, "time": null, "elevation_f": 7.874015999999999, "step_elevation_m": -0.10000000000000009, "step_elevation_f": -0.3280840000000005, "step_dist_m": 58.223085744409275, "step_dist_f": 191.02062863368772, "step_grade": -0.0017175317783565316, "step_turn": 1.093505174247241, "coast_speed_mps": 0.0, "coast_speed_mph": 0.0}, "geometry": {"type": "Point", "coordinates": [-122.12703, 37.62253]}}, {"id": "761", "type": "Feature", "properties": {"name": "Some South Bay", "step": 761, "lat": 37.62252, "lon": -122.12692, "elevation_m": 2.4, "time": null, "elevation_f": 7.874015999999999, "step_elevation_m": 0.0, "step_elevation_f": 0.0, "step_dist_m": 9.751514374165431, "step_dist_f": 31.993158419336915, "step_grade": 0.0, "step_turn": 3.2632367029248144, "coast_speed_mps": 0.0, "coast_speed_mph": 0.0}, "geometry": {"type": "Point", "coordinates": [-122.12692, 37.62252]}}, {"id": "762", "type": "Feature", "properties": {"name": "Some South Bay", "step": 762, "lat": 37.62247, "lon": -122.12681, "elevation_m": 2.5, "time": null, "elevation_f": 8.2021, "step_elevation_m": 0.10000000000000009, "step_elevation_f": 0.3280840000000005, "step_dist_m": 11.169890617505065, "step_dist_f": 36.64662393353532, "step_grade": 0.00895263914610619, "step_turn": 23.30327193193216, "coast_speed_mps": 0.0, "coast_speed_mph": 0.0}, "geometry": {"type": "Point", "coordinates": [-122.12681, 37.62247]}}, {"id": "763", "type": "Feature", "properties": {"name": "Some South Bay", "step": 763, "lat": 37.62245, "lon": -122.1267, "elevation_m": 2.8, "time": null, "elevation_f": 9.186352, "step_elevation_m": 0.2999999999999998, "step_elevation_f": 0.9842519999999997, "step_dist_m": 9.939893876555468, "step_dist_f": 32.61120142595824, "step_grade": 0.03018140874799366, "step_turn": 16.92237655964948, "coast_speed_mps": 0.0, "coast_speed_mph": 0.0}, "geometry": {"type": "Point", "coordinates": [-122.1267, 37.62245]}}, {"id": "764", "type": "Feature", "properties": {"name": "Some South Bay", "step": 764, "lat": 37.62252, "lon": -122.12656, "elevation_m": 3.1, "time": null, "elevation_f": 10.170604, "step_elevation_m": 0.30000000000000027, "step_elevation_f": 0.9842520000000015, "step_dist_m": 14.581352884952848, "step_dist_f": 47.8390857990687, "step_grade": 0.02057422259559905, "step_turn": 45.191608968339835, "coast_speed_mps": 0.0, "coast_speed_mph": 0.0}, "geometry": {"type": "Point", "coordinates": [-122.12656, 37.62252]}}, {"id": "765", "type": "Feature", "properties": {"name": "Some South Bay", "step": 765, "lat": 37.6227, "lon": -122.12599, "elevation_m": 2.9, "time": null, "elevation_f": 9.514436, "step_elevation_m": -0.20000000000000018, "step_elevation_f": -0.656168000000001, "step_dist_m": 54.04384501684721, "step_dist_f": 177.309208485073, "step_grade": -0.0037006989406037586, "step_turn": 10.52584136440072, "coast_speed_mps": 0.0, "coast_speed_mph": 0.0}, "geometry": {"type": "Point", "coordinates": [-122.12599, 37.6227]}}, {"id": "766", "type": "Feature", "properties": {"name": "Some South Bay", "step": 766, "lat": 37.62288, "lon": -122.12542, "elevation_m": 3.4, "time": null, "elevation_f": 11.154855999999999, "step_elevation_m": 0.5, "step_elevation_f": 1.6404199999999989, "step_dist_m": 54.04373210703849, "step_dist_f": 177.30883804605614, "step_grade": 0.009251766680541323, "step_turn": 4.772712566136761e-05, "coast_speed_mps": 0.0, "coast_speed_mph": 0.0}, "geometry": {"type": "Point", "coordinates": [-122.12542, 37.62288]}}, {"id": "767", "type": "Feature", "properties": {"name": "Some South Bay", "step": 767, "lat": 37.62289, "lon": -122.12528, "elevation_m": 3.3, "time": null, "elevation_f": 10.826772, "step_elevation_m": -0.10000000000000009, "step_elevation_f": -0.3280839999999987, "step_dist_m": 12.380045222907796, "step_dist_f": 40.61694756912481, "step_grade": -0.008077514920136319, "step_turn": 16.58419558553925, "coast_speed_mps": 0.0, "coast_speed_mph": 0.0}, "geometry": {"type": "Point", "coordinates": [-122.12528, 37.62289]}}, {"id": "768", "type": "Feature", "properties": {"name": "Some South Bay", "step": 768, "lat": 37.62289, "lon": -122.12516, "elevation_m": 3.3, "time": null, "elevation_f": 10.826772, "step_elevation_m": 0.0, "step_elevation_f": 0.0, "step_dist_m": 10.568577269236506, "step_dist_f": 34.6738110480019, "step_grade": 0.0, "step_turn": 5.153135354376445, "coast_speed_mps": 0.0, "coast_speed_mph": 0.0}, "geometry": {"type": "Point", "coordinates": [-122.12516, 37.62289]}}, {"id": "769", "type": "Feature", "properties": {"name": "Some South Bay", "step": 769, "lat": 37.62273, "lon": -122.12411, "elevation_m": 3.3, "time": null, "elevation_f": 10.826772, "step_elevation_m": 0.0, "step_elevation_f": 0.0, "step_dist_m": 94.17101392602741, "step_dist_f": 308.96002932906777, "step_grade": 0.0, "step_turn": 10.889727508933674, "coast_speed_mps": 0.0, "coast_speed_mph": 0.0}, "geometry": {"type": "Point", "coordinates": [-122.12411, 37.62273]}}, {"id": "770", "type": "Feature", "properties": {"name": "Some South Bay", "step": 770, "lat": 37.62266, "lon": -122.12392, "elevation_m": 3.5, "time": null, "elevation_f": 11.48294, "step_elevation_m": 0.20000000000000018, "step_elevation_f": 0.6561679999999992, "step_dist_m": 18.455333070171726, "step_dist_f": 60.548994949942205, "step_grade": 0.010836975915826113, "step_turn": 14.055743100144298, "coast_speed_mps": 0.0, "coast_speed_mph": 0.0}, "geometry": {"type": "Point", "coordinates": [-122.12392, 37.62266]}}, {"id": "771", "type": "Feature", "properties": {"name": "Some South Bay", "step": 771, "lat": 37.62253, "lon": -122.12375, "elevation_m": 3.6, "time": null, "elevation_f": 11.811024, "step_elevation_m": 0.10000000000000009, "step_elevation_f": 0.3280840000000005, "step_dist_m": 20.811630319532796, "step_dist_f": 68.27962921753598, "step_grade": 0.0048050055889251935, "step_turn": 19.048265617712502, "coast_speed_mps": 0.0, "coast_speed_mph": 0.0}, "geometry": {"type": "Point", "coordinates": [-122.12375, 37.62253]}}, {"id": "772", "type": "Feature", "properties": {"name": "Some South Bay", "step": 772, "lat": 37.62211, "lon": -122.12348, "elevation_m": 3.7, "time": null, "elevation_f": 12.139108, "step_elevation_m": 0.10000000000000009, "step_elevation_f": 0.3280840000000005, "step_dist_m": 52.407330703030325, "step_dist_f": 171.94006686373, "step_grade": 0.0019081300012522453, "step_turn": 19.02210556428423, "coast_speed_mps": 0.0, "coast_speed_mph": 0.0}, "geometry": {"type": "Point", "coordinates": [-122.12348, 37.62211]}}, {"id": "773", "type": "Feature", "properties": {"name": "Some South Bay", "step": 773, "lat": 37.6217, "lon": -122.1232, "elevation_m": 3.4, "time": null, "elevation_f": 11.154855999999999, "step_elevation_m": -0.30000000000000027, "step_elevation_f": -0.9842520000000015, "step_dist_m": 51.83216362644462, "step_dist_f": 170.05303571218457, "step_grade": -0.005787911964511185, "step_turn": 1.4255780094335933, "coast_speed_mps": 0.0, "coast_speed_mph": 0.0}, "geometry": {"type": "Point", "coordinates": [-122.1232, 37.6217]}}, {"id": "774", "type": "Feature", "properties": {"name": "Some South Bay", "step": 774, "lat": 37.62174, "lon": -122.12291, "elevation_m": 2.5, "time": null, "elevation_f": 8.2021, "step_elevation_m": -0.8999999999999999, "step_elevation_f": -2.952755999999999, "step_dist_m": 25.925513294622387, "step_dist_f": 85.05746103752891, "step_grade": -0.03471483822797379, "step_turn": 71.46888471931527, "coast_speed_mps": 3.6862896567247763, "coast_speed_mph": 8.245995116152407}, "geometry": {"type": "Point", "coordinates": [-122.12291, 37.62174]}}, {"id": "775", "type": "Feature", "properties": {"name": "Some South Bay", "step": 775, "lat": 37.62172, "lon": -122.12264, "elevation_m": 2.3, "time": null, "elevation_f": 7.545932, "step_elevation_m": -0.20000000000000018, "step_elevation_f": -0.6561680000000001, "step_dist_m": 23.883434128482435, "step_dist_f": 78.3577260260903, "step_grade": -0.008374005133603804, "step_turn": 15.221393558130728, "coast_speed_mps": 3.3848840328279652, "coast_speed_mph": 7.571769937428332}, "geometry": {"type": "Point", "coordinates": [-122.12264, 37.62172]}}, {"id": "776", "type": "Feature", "properties": {"name": "Some South Bay", "step": 776, "lat": 37.62179, "lon": -122.12243, "elevation_m": 2.4, "time": null, "elevation_f": 7.874015999999999, "step_elevation_m": 0.10000000000000009, "step_elevation_f": 0.3280839999999996, "step_dist_m": 20.066414124089125, "step_dist_f": 65.83469411487657, "step_grade": 0.00498345142194355, "step_turn": 28.166331325573253, "coast_speed_mps": 2.170678565215085, "coast_speed_mph": 4.855669660914197}, "geometry": {"type": "Point", "coordinates": [-122.12243, 37.62179]}}, {"id": "777", "type": "Feature", "properties": {"name": "Some South Bay", "step": 777, "lat": 37.62198, "lon": -122.12214, "elevation_m": 2.3, "time": null, "elevation_f": 7.545932, "step_elevation_m": -0.10000000000000009, "step_elevation_f": -0.3280839999999996, "step_dist_m": 33.146615181538294, "step_dist_f": 108.74874095219809, "step_grade": -0.003016899295820021, "step_turn": 16.773326420052, "coast_speed_mps": 0.6009725980131653, "coast_speed_mph": 1.3443374150258693}, "geometry": {"type": "Point", "coordinates": [-122.12214, 37.62198]}}, {"id": "778", "type": "Feature", "properties": {"name": "Some South Bay", "step": 778, "lat": 37.6221, "lon": -122.12186, "elevation_m": 2.3, "time": null, "elevation_f": 7.545932, "step_elevation_m": 0.0, "step_elevation_f": 0.0, "step_dist_m": 28.03883498618842, "step_dist_f": 91.99093137608641, "step_grade": 0.0, "step_turn": 11.179545819267389, "coast_speed_mps": 0.0, "coast_speed_mph": 0.0}, "geometry": {"type": "Point", "coordinates": [-122.12186, 37.6221]}}, {"id": "779", "type": "Feature", "properties": {"name": "Some South Bay", "step": 779, "lat": 37.62214, "lon": -122.12167, "elevation_m": 2.3, "time": null, "elevation_f": 7.545932, "step_elevation_m": 0.0, "step_elevation_f": 0.0, "step_dist_m": 17.314774667753483, "step_dist_f": 56.807005320952335, "step_grade": 0.0, "step_turn": 13.532381540975848, "coast_speed_mps": 0.0, "coast_speed_mph": 0.0}, "geometry": {"type": "Point", "coordinates": [-122.12167, 37.62214]}}, {"id": "780", "type": "Feature", "properties": {"name": "Some South Bay", "step": 780, "lat": 37.62218, "lon": -122.12129, "elevation_m": 2.4, "time": null, "elevation_f": 7.874015999999999, "step_elevation_m": 0.10000000000000009, "step_elevation_f": 0.3280839999999996, "step_dist_m": 33.76175033191973, "step_dist_f": 110.76690095897553, "step_grade": 0.0029619317427821874, "step_turn": 7.314685343230508, "coast_speed_mps": 0.0, "coast_speed_mph": 0.0}, "geometry": {"type": "Point", "coordinates": [-122.12129, 37.62218]}}, {"id": "781", "type": "Feature", "properties": {"name": "Some South Bay", "step": 781, "lat": 37.62205, "lon": -122.12018, "elevation_m": 2.3, "time": null, "elevation_f": 7.545932, "step_elevation_m": -0.10000000000000009, "step_elevation_f": -0.3280839999999996, "step_dist_m": 98.82330009156638, "step_dist_f": 324.22343587241465, "step_grade": -0.0010119071100372424, "step_turn": 15.981066707910657, "coast_speed_mps": 0.0, "coast_speed_mph": 0.0}, "geometry": {"type": "Point", "coordinates": [-122.12018, 37.62205]}}, {"id": "782", "type": "Feature", "properties": {"name": "Some South Bay", "step": 782, "lat": 37.62193, "lon": -122.11907, "elevation_m": 2.3, "time": null, "elevation_f": 7.545932, "step_elevation_m": 0.0, "step_elevation_f": 0.0, "step_dist_m": 98.66694482767507, "step_dist_f": 323.7104592684295, "step_grade": 0.0, "step_turn": 0.6387896172604997, "coast_speed_mps": 0.0, "coast_speed_mph": 0.0}, "geometry": {"type": "Point", "coordinates": [-122.11907, 37.62193]}}, {"id": "783", "type": "Feature", "properties": {"name": "Some South Bay", "step": 783, "lat": 37.6218, "lon": -122.11796, "elevation_m": 2.3, "time": null, "elevation_f": 7.545932, "step_elevation_m": 0.0, "step_elevation_f": 0.0, "step_dist_m": 98.82362531457716, "step_dist_f": 324.2245028770773, "step_grade": 0.0, "step_turn": 0.6387617384119721, "coast_speed_mps": 0.0, "coast_speed_mph": 0.0}, "geometry": {"type": "Point", "coordinates": [-122.11796, 37.6218]}}, {"id": "784", "type": "Feature", "properties": {"name": "Some South Bay", "step": 784, "lat": 37.62167, "lon": -122.11685, "elevation_m": 2.3, "time": null, "elevation_f": 7.545932, "step_elevation_m": 0.0, "step_elevation_f": 0.0, "step_dist_m": 98.82379442645473, "step_dist_f": 324.22505770608973, "step_grade": 0.0, "step_turn": 1.449669917974461e-05, "coast_speed_mps": 0.0, "coast_speed_mph": 0.0}, "geometry": {"type": "Point", "coordinates": [-122.11685, 37.62167]}}, {"id": "785", "type": "Feature", "properties": {"name": "Some South Bay", "step": 785, "lat": 37.62154, "lon": -122.11574, "elevation_m": 2.3, "time": null, "elevation_f": 7.545932, "step_elevation_m": 0.0, "step_elevation_f": 0.0, "step_dist_m": 98.8239635400576, "step_dist_f": 324.2256125407626, "step_grade": 0.0, "step_turn": 1.4497405459223955e-05, "coast_speed_mps": 0.0, "coast_speed_mph": 0.0}, "geometry": {"type": "Point", "coordinates": [-122.11574, 37.62154]}}, {"id": "786", "type": "Feature", "properties": {"name": "Some South Bay", "step": 786, "lat": 37.62142, "lon": -122.11464, "elevation_m": 2.3, "time": null, "elevation_f": 7.545932, "step_elevation_m": 0.0, "step_elevation_f": 0.0, "step_dist_m": 97.79504126957295, "step_dist_f": 320.8498831988657, "step_grade": 0.0, "step_turn": 0.5690007375884534, "coast_speed_mps": 0.0, "coast_speed_mph": 0.0}, "geometry": {"type": "Point", "coordinates": [-122.11464, 37.62142]}}, {"id": "787", "type": "Feature", "properties": {"name": "Some South Bay", "step": 787, "lat": 37.62129, "lon": -122.11353, "elevation_m": 2.3, "time": null, "elevation_f": 7.545932, "step_elevation_m": 0.0, "step_elevation_f": 0.0, "step_dist_m": 98.82428875714317, "step_dist_f": 324.22667952598556, "step_grade": 0.0, "step_turn": 0.5689728598290458, "coast_speed_mps": 0.0, "coast_speed_mph": 0.0}, "geometry": {"type": "Point", "coordinates": [-122.11353, 37.62129]}}, {"id": "788", "type": "Feature", "properties": {"name": "Some South Bay", "step": 788, "lat": 37.62122, "lon": -122.11306, "elevation_m": 2.3, "time": null, "elevation_f": 7.545932, "step_elevation_m": 0.0, "step_elevation_f": 0.0, "step_dist_m": 42.11994950952695, "step_dist_f": 138.1888151488364, "step_grade": 0.0, "step_turn": 2.238487233735384, "coast_speed_mps": 0.0, "coast_speed_mph": 0.0}, "geometry": {"type": "Point", "coordinates": [-122.11306, 37.62122]}}, {"id": "789", "type": "Feature", "properties": {"name": "Some South Bay", "step": 789, "lat": 37.62117, "lon": -122.11281, "elevation_m": 2.3, "time": null, "elevation_f": 7.545932, "step_elevation_m": 0.0, "step_elevation_f": 0.0, "step_dist_m": 22.709457401205988, "step_dist_f": 74.50609622017265, "step_grade": 0.0, "step_turn": 3.5220042580456834, "coast_speed_mps": 0.0, "coast_speed_mph": 0.0}, "geometry": {"type": "Point", "coordinates": [-122.11281, 37.62117]}}, {"id": "790", "type": "Feature", "properties": {"name": "Some South Bay", "step": 790, "lat": 37.62107, "lon": -122.11245, "elevation_m": 2.3, "time": null, "elevation_f": 7.545932, "step_elevation_m": 0.0, "step_elevation_f": 0.0, "step_dist_m": 33.59976810072884, "step_dist_f": 110.2354631755952, "step_grade": 0.0, "step_turn": 5.154538943645832, "coast_speed_mps": 0.0, "coast_speed_mph": 0.0}, "geometry": {"type": "Point", "coordinates": [-122.11245, 37.62107]}}, {"id": "791", "type": "Feature", "properties": {"name": "Some South Bay", "step": 791, "lat": 37.62078, "lon": -122.11151, "elevation_m": 2.3, "time": null, "elevation_f": 7.545932, "step_elevation_m": 0.0, "step_elevation_f": 0.0, "step_dist_m": 88.84773233087499, "step_dist_f": 291.4951941404279, "step_grade": 0.0, "step_turn": 1.954963278483035, "coast_speed_mps": 0.0, "coast_speed_mph": 0.0}, "geometry": {"type": "Point", "coordinates": [-122.11151, 37.62078]}}, {"id": "792", "type": "Feature", "properties": {"name": "Some South Bay", "step": 792, "lat": 37.6205, "lon": -122.11057, "elevation_m": 2.3, "time": null, "elevation_f": 7.545932, "step_elevation_m": 0.0, "step_elevation_f": 0.0, "step_dist_m": 88.45052580014732, "step_dist_f": 290.19202306615534, "step_grade": 0.0, "step_turn": 0.6712644759945192, "coast_speed_mps": 0.0, "coast_speed_mph": 0.0}, "geometry": {"type": "Point", "coordinates": [-122.11057, 37.6205]}}, {"id": "793", "type": "Feature", "properties": {"name": "Some South Bay", "step": 793, "lat": 37.62021, "lon": -122.10962, "elevation_m": 2.3, "time": null, "elevation_f": 7.545932, "step_elevation_m": 0.0, "step_elevation_f": 0.0, "step_dist_m": 89.66958290328583, "step_dist_f": 294.19155437241625, "step_grade": 0.0, "step_turn": 0.466862790132609, "coast_speed_mps": 0.0, "coast_speed_mph": 0.0}, "geometry": {"type": "Point", "coordinates": [-122.10962, 37.62021]}}, {"id": "794", "type": "Feature", "properties": {"name": "Some South Bay", "step": 794, "lat": 37.61993, "lon": -122.10868, "elevation_m": 2.3, "time": null, "elevation_f": 7.545932, "step_elevation_m": 0.0, "step_elevation_f": 0.0, "step_dist_m": 88.45111992043236, "step_dist_f": 290.19397227975134, "step_grade": 0.0, "step_turn": 0.46700751749403935, "coast_speed_mps": 0.0, "coast_speed_mph": 0.0}, "geometry": {"type": "Point", "coordinates": [-122.10868, 37.61993]}}, {"id": "795", "type": "Feature", "properties": {"name": "Some South Bay", "step": 795, "lat": 37.61964, "lon": -122.10774, "elevation_m": 2.3, "time": null, "elevation_f": 7.545932, "step_elevation_m": 0.0, "step_elevation_f": 0.0, "step_dist_m": 88.84891525609565, "step_dist_f": 291.49907512880884, "step_grade": 0.0, "step_turn": 0.6711120889989957, "coast_speed_mps": 0.0, "coast_speed_mph": 0.0}, "geometry": {"type": "Point", "coordinates": [-122.10774, 37.61964]}}, {"id": "796", "type": "Feature", "properties": {"name": "Some South Bay", "step": 796, "lat": 37.61936, "lon": -122.1068, "elevation_m": 2.3, "time": null, "elevation_f": 7.545932, "step_elevation_m": 0.0, "step_elevation_f": 0.0, "step_dist_m": 88.45171403361239, "step_dist_f": 290.19592147003686, "step_grade": 0.0, "step_turn": 0.6712568127624081, "coast_speed_mps": 0.0, "coast_speed_mph": 0.0}, "geometry": {"type": "Point", "coordinates": [-122.1068, 37.61936]}}, {"id": "797", "type": "Feature", "properties": {"name": "Some South Bay", "step": 797, "lat": 37.61907, "lon": -122.10585, "elevation_m": 2.3, "time": null, "elevation_f": 7.545932, "step_elevation_m": 0.0, "step_elevation_f": 0.0, "step_dist_m": 89.67078005065092, "step_dist_f": 294.1954820213776, "step_grade": 0.0, "step_turn": 0.4668574479651397, "coast_speed_mps": 0.0, "coast_speed_mph": 0.0}, "geometry": {"type": "Point", "coordinates": [-122.10585, 37.61907]}}, {"id": "798", "type": "Feature", "properties": {"name": "Some South Bay", "step": 798, "lat": 37.61879, "lon": -122.10491, "elevation_m": 3.1, "time": null, "elevation_f": 10.170604, "step_elevation_m": 0.8000000000000003, "step_elevation_f": 2.6246720000000012, "step_dist_m": 88.4523081401853, "step_dist_f": 290.1978706386455, "step_grade": 0.009044421980849898, "step_turn": 0.4670021664152273, "coast_speed_mps": 0.0, "coast_speed_mph": 0.0}, "geometry": {"type": "Point", "coordinates": [-122.10491, 37.61879]}}, {"id": "799", "type": "Feature", "properties": {"name": "Some South Bay", "step": 799, "lat": 37.61875, "lon": -122.10482, "elevation_m": 3.1, "time": null, "elevation_f": 10.170604, "step_elevation_m": 0.0, "step_elevation_f": 0.0, "step_dist_m": 9.089455545175424, "step_dist_f": 29.821049330833336, "step_grade": 0.0, "step_turn": 8.687947236222271, "coast_speed_mps": 0.0, "coast_speed_mph": 0.0}, "geometry": {"type": "Point", "coordinates": [-122.10482, 37.61875]}}, {"id": "800", "type": "Feature", "properties": {"name": "Some South Bay", "step": 800, "lat": 37.6187, "lon": -122.10476, "elevation_m": 2.9, "time": null, "elevation_f": 9.514436, "step_elevation_m": -0.20000000000000018, "step_elevation_f": -0.656168000000001, "step_dist_m": 7.670568074815689, "step_dist_f": 25.165906562578304, "step_grade": -0.02607368816093922, "step_turn": 17.156564972388082, "coast_speed_mps": 0.0, "coast_speed_mph": 0.0}, "geometry": {"type": "Point", "coordinates": [-122.10476, 37.6187]}}, {"id": "801", "type": "Feature", "properties": {"name": "Some South Bay", "step": 801, "lat": 37.6186, "lon": -122.10473, "elevation_m": 2.9, "time": null, "elevation_f": 9.514436, "step_elevation_m": 0.0, "step_elevation_f": 0.0, "step_dist_m": 11.429122452084686, "step_dist_f": 37.49712210569752, "step_grade": 0.0, "step_turn": 30.179388162336863, "coast_speed_mps": 0.7444322312597106, "coast_speed_mph": 1.6652474750798805}, "geometry": {"type": "Point", "coordinates": [-122.10473, 37.6186]}}, {"id": "802", "type": "Feature", "properties": {"name": "Some South Bay", "step": 802, "lat": 37.61789, "lon": -122.10486, "elevation_m": 3.7, "time": null, "elevation_f": 12.139108, "step_elevation_m": 0.8000000000000003, "step_elevation_f": 2.6246720000000003, "step_dist_m": 79.77438312669966, "step_dist_f": 261.7269871374013, "step_grade": 0.010028281870001056, "step_turn": 21.619328215660573, "coast_speed_mps": 0.0, "coast_speed_mph": 0.0}, "geometry": {"type": "Point", "coordinates": [-122.10486, 37.61789]}}, {"id": "803", "type": "Feature", "properties": {"name": "Some South Bay", "step": 803, "lat": 37.61717, "lon": -122.105, "elevation_m": 3.8, "time": null, "elevation_f": 12.467191999999999, "step_elevation_m": 0.09999999999999964, "step_elevation_f": 0.3280839999999987, "step_dist_m": 81.00438372211153, "step_dist_f": 265.7624222908524, "step_grade": 0.0012345010900033913, "step_turn": 0.5037392987161411, "coast_speed_mps": 0.0, "coast_speed_mph": 0.0}, "geometry": {"type": "Point", "coordinates": [-122.105, 37.61717]}}, {"id": "804", "type": "Feature", "properties": {"name": "Some South Bay", "step": 804, "lat": 37.61646, "lon": -122.10514, "elevation_m": 3.8, "time": null, "elevation_f": 12.467191999999999, "step_elevation_m": 0.0, "step_elevation_f": 0.0, "step_dist_m": 79.90559084924696, "step_dist_f": 262.1574586818434, "step_grade": 0.0, "step_turn": 0.12145557300732435, "coast_speed_mps": 0.0, "coast_speed_mph": 0.0}, "geometry": {"type": "Point", "coordinates": [-122.10514, 37.61646]}}, {"id": "805", "type": "Feature", "properties": {"name": "Some South Bay", "step": 805, "lat": 37.61575, "lon": -122.10528, "elevation_m": 3.8, "time": null, "elevation_f": 12.467191999999999, "step_elevation_m": 0.0, "step_elevation_f": 0.0, "step_dist_m": 79.90560901977383, "step_dist_f": 262.1575182964348, "step_grade": 0.0, "step_turn": 8.34164367233825e-05, "coast_speed_mps": 0.0, "coast_speed_mph": 0.0}, "geometry": {"type": "Point", "coordinates": [-122.10528, 37.61575]}}, {"id": "806", "type": "Feature", "properties": {"name": "Some South Bay", "step": 806, "lat": 37.61558, "lon": -122.10533, "elevation_m": 3.8, "time": null, "elevation_f": 12.467191999999999, "step_elevation_m": 0.0, "step_elevation_f": 0.0, "step_dist_m": 19.409375064298477, "step_dist_f": 63.67905408595301, "step_grade": 0.0, "step_turn": 4.23721488613532, "coast_speed_mps": 0.0, "coast_speed_mph": 0.0}, "geometry": {"type": "Point", "coordinates": [-122.10533, 37.61558]}}, {"id": "807", "type": "Feature", "properties": {"name": "Some South Bay", "step": 807, "lat": 37.61486, "lon": -122.10564, "elevation_m": 3.8, "time": null, "elevation_f": 12.467191999999999, "step_elevation_m": 0.0, "step_elevation_f": 0.0, "step_dist_m": 84.58853841748025, "step_dist_f": 277.5214603816059, "step_grade": 0.0, "step_turn": 5.717599571878878, "coast_speed_mps": 0.0, "coast_speed_mph": 0.0}, "geometry": {"type": "Point", "coordinates": [-122.10564, 37.61486]}}, {"id": "808", "type": "Feature", "properties": {"name": "Some South Bay", "step": 808, "lat": 37.61415, "lon": -122.10594, "elevation_m": 3.8, "time": null, "elevation_f": 12.467191999999999, "step_elevation_m": 0.0, "step_elevation_f": 0.0, "step_dist_m": 83.25322617984123, "step_dist_f": 273.14051457987034, "step_grade": 0.0, "step_turn": 0.326546706511607, "coast_speed_mps": 0.0, "coast_speed_mph": 0.0}, "geometry": {"type": "Point", "coordinates": [-122.10594, 37.61415]}}, {"id": "809", "type": "Feature", "properties": {"name": "Some South Bay", "step": 809, "lat": 37.61344, "lon": -122.10624, "elevation_m": 3.8, "time": null, "elevation_f": 12.467191999999999, "step_elevation_m": 0.0, "step_elevation_f": 0.0, "step_dist_m": 83.25330625984397, "step_dist_f": 273.1407773095465, "step_grade": 0.0, "step_turn": 0.00016465250055830438, "coast_speed_mps": 0.0, "coast_speed_mph": 0.0}, "geometry": {"type": "Point", "coordinates": [-122.10624, 37.61344]}}, {"id": "810", "type": "Feature", "properties": {"name": "Some South Bay", "step": 810, "lat": 37.61273, "lon": -122.10654, "elevation_m": 3.8, "time": null, "elevation_f": 12.467191999999999, "step_elevation_m": 0.0, "step_elevation_f": 0.0, "step_dist_m": 83.25338633727469, "step_dist_f": 273.14104003078427, "step_grade": 0.0, "step_turn": 0.00016465231155393667, "coast_speed_mps": 0.0, "coast_speed_mph": 0.0}, "geometry": {"type": "Point", "coordinates": [-122.10654, 37.61273]}}, {"id": "811", "type": "Feature", "properties": {"name": "Some South Bay", "step": 811, "lat": 37.61201, "lon": -122.10684, "elevation_m": 3.8, "time": null, "elevation_f": 12.467191999999999, "step_elevation_m": 0.0, "step_elevation_f": 0.0, "step_dist_m": 84.30865567552716, "step_dist_f": 276.60320988649653, "step_grade": 0.0, "step_turn": 0.23969117222125647, "coast_speed_mps": 0.0, "coast_speed_mph": 0.0}, "geometry": {"type": "Point", "coordinates": [-122.10684, 37.61201]}}, {"id": "812", "type": "Feature", "properties": {"name": "Some South Bay", "step": 812, "lat": 37.6113, "lon": -122.10714, "elevation_m": 3.8, "time": null, "elevation_f": 12.467191999999999, "step_elevation_m": 0.0, "step_elevation_f": 0.0, "step_dist_m": 83.25354762086666, "step_dist_f": 273.14156917644414, "step_grade": 0.0, "step_turn": 0.2400227854150785, "coast_speed_mps": 0.0, "coast_speed_mph": 0.0}, "geometry": {"type": "Point", "coordinates": [-122.10714, 37.6113]}}, {"id": "813", "type": "Feature", "properties": {"name": "Some South Bay", "step": 813, "lat": 37.6112, "lon": -122.10716, "elevation_m": 3.8, "time": null, "elevation_f": 12.467191999999999, "step_elevation_m": 0.0, "step_elevation_f": 0.0, "step_dist_m": 11.258184700457457, "step_dist_f": 36.936302692648844, "step_grade": 0.0, "step_turn": 9.503629306732336, "coast_speed_mps": 0.0, "coast_speed_mph": 0.0}, "geometry": {"type": "Point", "coordinates": [-122.10716, 37.6112]}}, {"id": "814", "type": "Feature", "properties": {"name": "Some South Bay", "step": 814, "lat": 37.61113, "lon": -122.10715, "elevation_m": 3.8, "time": null, "elevation_f": 12.467191999999999, "step_elevation_m": 0.0, "step_elevation_f": 0.0, "step_dist_m": 7.83332819085625, "step_dist_f": 25.69989646168882, "step_grade": 0.0, "step_turn": 15.459313836632674, "coast_speed_mps": 0.0, "coast_speed_mph": 0.0}, "geometry": {"type": "Point", "coordinates": [-122.10715, 37.61113]}}, {"id": "815", "type": "Feature", "properties": {"name": "Some South Bay", "step": 815, "lat": 37.61105, "lon": -122.10711, "elevation_m": 3.8, "time": null, "elevation_f": 12.467191999999999, "step_elevation_m": 0.0, "step_elevation_f": 0.0, "step_dist_m": 9.567971093477302, "step_dist_f": 31.39098228232407, "step_grade": 0.0, "step_turn": 15.15128604761378, "coast_speed_mps": 0.0, "coast_speed_mph": 0.0}, "geometry": {"type": "Point", "coordinates": [-122.10711, 37.61105]}}, {"id": "816", "type": "Feature", "properties": {"name": "Some South Bay", "step": 816, "lat": 37.61103, "lon": -122.10701, "elevation_m": 3.8, "time": null, "elevation_f": 12.467191999999999, "step_elevation_m": 0.0, "step_elevation_f": 0.0, "step_dist_m": 9.084949272345145, "step_dist_f": 29.806264970680846, "step_grade": 0.0, "step_turn": 54.22282144374469, "coast_speed_mps": 0.0, "coast_speed_mph": 0.0}, "geometry": {"type": "Point", "coordinates": [-122.10701, 37.61103]}}, {"id": "817", "type": "Feature", "properties": {"name": "Some South Bay", "step": 817, "lat": 37.61103, "lon": -122.10593, "elevation_m": 3.8, "time": null, "elevation_f": 12.467191999999999, "step_elevation_m": 0.0, "step_elevation_f": 0.0, "step_dist_m": 95.13236840767007, "step_dist_f": 312.11407956662026, "step_grade": 0.0, "step_turn": 14.16968244583785, "coast_speed_mps": 0.0, "coast_speed_mph": 0.0}, "geometry": {"type": "Point", "coordinates": [-122.10593, 37.61103]}}, {"id": "818", "type": "Feature", "properties": {"name": "Some South Bay", "step": 818, "lat": 37.61103, "lon": -122.10486, "elevation_m": 3.8, "time": null, "elevation_f": 12.467191999999999, "step_elevation_m": 0.0, "step_elevation_f": 0.0, "step_dist_m": 94.25151314564181, "step_dist_f": 309.2241343887475, "step_grade": 0.0, "step_turn": 3.051561463962571e-06, "coast_speed_mps": 0.0, "coast_speed_mph": 0.0}, "geometry": {"type": "Point", "coordinates": [-122.10486, 37.61103]}}, {"id": "819", "type": "Feature", "properties": {"name": "Some South Bay", "step": 819, "lat": 37.61104, "lon": -122.10378, "elevation_m": 3.7, "time": null, "elevation_f": 12.139108, "step_elevation_m": -0.09999999999999964, "step_elevation_f": -0.3280839999999987, "step_dist_m": 95.13886026813972, "step_dist_f": 312.13537832212353, "step_grade": -0.0010510952067132114, "step_turn": 0.6696710547247449, "coast_speed_mps": 0.0, "coast_speed_mph": 0.0}, "geometry": {"type": "Point", "coordinates": [-122.10378, 37.61104]}}, {"id": "820", "type": "Feature", "properties": {"name": "Some South Bay", "step": 820, "lat": 37.61104, "lon": -122.10271, "elevation_m": 3.3, "time": null, "elevation_f": 10.826772, "step_elevation_m": -0.40000000000000036, "step_elevation_f": -1.3123360000000002, "step_dist_m": 94.25150047015399, "step_dist_f": 309.2240928025, "step_grade": -0.004243964265870396, "step_turn": 0.6696710546808617, "coast_speed_mps": 0.0, "coast_speed_mph": 0.0}, "geometry": {"type": "Point", "coordinates": [-122.10271, 37.61104]}}, {"id": "821", "type": "Feature", "properties": {"name": "Some South Bay", "step": 821, "lat": 37.61116, "lon": -122.10225, "elevation_m": 3.0, "time": null, "elevation_f": 9.84252, "step_elevation_m": -0.2999999999999998, "step_elevation_f": -0.9842519999999997, "step_dist_m": 42.65981812273162, "step_dist_f": 139.9600376897828, "step_grade": -0.0070323787864473445, "step_turn": 18.227018334736158, "coast_speed_mps": 0.0, "coast_speed_mph": 0.0}, "geometry": {"type": "Point", "coordinates": [-122.10225, 37.61116]}}, {"id": "822", "type": "Feature", "properties": {"name": "Some South Bay", "step": 822, "lat": 37.61117, "lon": -122.10216, "elevation_m": 3.4, "time": null, "elevation_f": 11.154855999999999, "step_elevation_m": 0.3999999999999999, "step_elevation_f": 1.3123359999999984, "step_dist_m": 8.005285038662038, "step_dist_f": 26.26405936624396, "step_grade": 0.04996699031554457, "step_turn": 10.243008715957615, "coast_speed_mps": 0.0, "coast_speed_mph": 0.0}, "geometry": {"type": "Point", "coordinates": [-122.10216, 37.61117]}}, {"id": "823", "type": "Feature", "properties": {"name": "Some South Bay", "step": 823, "lat": 37.61115, "lon": -122.10207, "elevation_m": 3.8, "time": null, "elevation_f": 12.467191999999999, "step_elevation_m": 0.3999999999999999, "step_elevation_f": 1.3123360000000002, "step_dist_m": 8.233704543850182, "step_dist_f": 27.01346721564543, "step_grade": 0.04858080562275738, "step_turn": 23.654345038843076, "coast_speed_mps": 0.0, "coast_speed_mph": 0.0}, "geometry": {"type": "Point", "coordinates": [-122.10207, 37.61115]}}, {"id": "824", "type": "Feature", "properties": {"name": "Some South Bay", "step": 824, "lat": 37.61111, "lon": -122.10199, "elevation_m": 3.9, "time": null, "elevation_f": 12.795276, "step_elevation_m": 0.10000000000000009, "step_elevation_f": 0.3280840000000005, "step_dist_m": 8.33311159523589, "step_dist_f": 27.339605846113717, "step_grade": 0.012000319311356748, "step_turn": 16.58913567618862, "coast_speed_mps": 0.0, "coast_speed_mph": 0.0}, "geometry": {"type": "Point", "coordinates": [-122.10199, 37.61111]}}, {"id": "825", "type": "Feature", "properties": {"name": "Some South Bay", "step": 825, "lat": 37.61106, "lon": -122.10192, "elevation_m": 3.9, "time": null, "elevation_f": 12.795276, "step_elevation_m": 0.0, "step_elevation_f": 0.0, "step_dist_m": 8.302416320646284, "step_dist_f": 27.238899561429154, "step_grade": 0.0, "step_turn": 9.781200331529703, "coast_speed_mps": 0.0, "coast_speed_mph": 0.0}, "geometry": {"type": "Point", "coordinates": [-122.10192, 37.61106]}}, {"id": "826", "type": "Feature", "properties": {"name": "Some South Bay", "step": 826, "lat": 37.61111, "lon": -122.1018, "elevation_m": 3.9, "time": null, "elevation_f": 12.795276, "step_elevation_m": 0.0, "step_elevation_f": 0.0, "step_dist_m": 11.943243997928825, "step_dist_f": 39.18387263816481, "step_grade": 0.0, "step_turn": 69.78386868043975, "coast_speed_mps": 0.0, "coast_speed_mph": 0.0}, "geometry": {"type": "Point", "coordinates": [-122.1018, 37.61111]}}, {"id": "827", "type": "Feature", "properties": {"name": "Some South Bay", "step": 827, "lat": 37.61147, "lon": -122.10136, "elevation_m": 3.9, "time": null, "elevation_f": 12.795276, "step_elevation_m": 0.0, "step_elevation_f": 0.0, "step_dist_m": 55.718563334035174, "step_dist_f": 182.80369132883595, "step_grade": 0.0, "step_turn": 18.182043499080294, "coast_speed_mps": 0.0, "coast_speed_mph": 0.0}, "geometry": {"type": "Point", "coordinates": [-122.10136, 37.61147]}}, {"id": "828", "type": "Feature", "properties": {"name": "Some South Bay", "step": 828, "lat": 37.61183, "lon": -122.10093, "elevation_m": 4.0, "time": null, "elevation_f": 13.12336, "step_elevation_m": 0.10000000000000009, "step_elevation_f": 0.3280840000000005, "step_dist_m": 55.10935547663069, "step_dist_f": 180.80497782194902, "step_grade": 0.0018145739345909323, "step_turn": 0.6580908075916341, "coast_speed_mps": 0.0, "coast_speed_mph": 0.0}, "geometry": {"type": "Point", "coordinates": [-122.10093, 37.61183]}}, {"id": "829", "type": "Feature", "properties": {"name": "Some South Bay", "step": 829, "lat": 37.61236, "lon": -122.1004, "elevation_m": 3.9, "time": null, "elevation_f": 12.795276, "step_elevation_m": -0.10000000000000009, "step_elevation_f": -0.3280840000000005, "step_dist_m": 75.18372613498302, "step_dist_f": 246.66577605269768, "step_grade": -0.0013300750726355666, "step_turn": 5.03161754008363, "coast_speed_mps": 0.0, "coast_speed_mph": 0.0}, "geometry": {"type": "Point", "coordinates": [-122.1004, 37.61236]}}, {"id": "830", "type": "Feature", "properties": {"name": "Some South Bay", "step": 830, "lat": 37.61241, "lon": -122.10033, "elevation_m": 3.9, "time": null, "elevation_f": 12.795276, "step_elevation_m": 0.0, "step_elevation_f": 0.0, "step_dist_m": 8.302336273021808, "step_dist_f": 27.238636937980868, "step_grade": 0.0, "step_turn": 9.574389858446011, "coast_speed_mps": 0.0, "coast_speed_mph": 0.0}, "geometry": {"type": "Point", "coordinates": [-122.10033, 37.61241]}}, {"id": "831", "type": "Feature", "properties": {"name": "Some South Bay", "step": 831, "lat": 37.61241, "lon": -122.1002, "elevation_m": 3.9, "time": null, "elevation_f": 12.795276, "step_elevation_m": 0.0, "step_elevation_f": 0.0, "step_dist_m": 11.450905930311215, "step_dist_f": 37.56859021240225, "step_grade": 0.0, "step_turn": 42.040846079832704, "coast_speed_mps": 0.0, "coast_speed_mph": 0.0}, "geometry": {"type": "Point", "coordinates": [-122.1002, 37.61241]}}, {"id": "832", "type": "Feature", "properties": {"name": "Some South Bay", "step": 832, "lat": 37.61241, "lon": -122.1002, "elevation_m": 3.9, "time": null, "elevation_f": 12.795276, "step_elevation_m": 0.0, "step_elevation_f": 0.0, "step_dist_m": 0.0, "step_dist_f": 0.0, "step_grade": null, "step_turn": null, "coast_speed_mps": 0.0, "coast_speed_mph": 0.0}, "geometry": {"type": "Point", "coordinates": [-122.1002, 37.61241]}}, {"id": "833", "type": "Feature", "properties": {"name": "Some South Bay", "step": 833, "lat": 37.61245, "lon": -122.09946, "elevation_m": 3.9, "time": null, "elevation_f": 12.795276, "step_elevation_m": 0.0, "step_elevation_f": 0.0, "step_dist_m": 65.3336372521391, "step_dist_f": 214.34921044230805, "step_grade": 0.0, "step_turn": null, "coast_speed_mps": 0.0, "coast_speed_mph": 0.0}, "geometry": {"type": "Point", "coordinates": [-122.09946, 37.61245]}}, {"id": "834", "type": "Feature", "properties": {"name": "Some South Bay", "step": 834, "lat": 37.61246, "lon": -122.09938, "elevation_m": 3.9, "time": null, "elevation_f": 12.795276, "step_elevation_m": 0.0, "step_elevation_f": 0.0, "step_dist_m": 7.133898780327336, "step_dist_f": 23.40518047444914, "step_grade": 0.0, "step_turn": 5.063348292724697, "coast_speed_mps": 0.0, "coast_speed_mph": 0.0}, "geometry": {"type": "Point", "coordinates": [-122.09938, 37.61246]}}, {"id": "835", "type": "Feature", "properties": {"name": "Some South Bay", "step": 835, "lat": 37.61268, "lon": -122.09868, "elevation_m": 3.9, "time": null, "elevation_f": 12.795276, "step_elevation_m": 0.0, "step_elevation_f": 0.0, "step_dist_m": 66.33411342366828, "step_dist_f": 217.63161268490785, "step_grade": 0.0, "step_turn": 12.673598612657315, "coast_speed_mps": 0.0, "coast_speed_mph": 0.0}, "geometry": {"type": "Point", "coordinates": [-122.09868, 37.61268]}}, {"id": "836", "type": "Feature", "properties": {"name": "Some South Bay", "step": 836, "lat": 37.6129, "lon": -122.09798, "elevation_m": 3.9, "time": null, "elevation_f": 12.795276, "step_elevation_m": 0.0, "step_elevation_f": 0.0, "step_dist_m": 66.33394387400698, "step_dist_f": 217.63105641959706, "step_grade": 0.0, "step_turn": 5.810482548440632e-05, "coast_speed_mps": 0.0, "coast_speed_mph": 0.0}, "geometry": {"type": "Point", "coordinates": [-122.09798, 37.6129]}}, {"id": "837", "type": "Feature", "properties": {"name": "Some South Bay", "step": 837, "lat": 37.6129, "lon": -122.09791, "elevation_m": 3.9, "time": null, "elevation_f": 12.795276, "step_elevation_m": 0.0, "step_elevation_f": 0.0, "step_dist_m": 6.165831800000124, "step_dist_f": 20.229107602712407, "step_grade": 0.0, "step_turn": 21.640822844725847, "coast_speed_mps": 0.0, "coast_speed_mph": 0.0}, "geometry": {"type": "Point", "coordinates": [-122.09791, 37.6129]}}, {"id": "838", "type": "Feature", "properties": {"name": "Some South Bay", "step": 838, "lat": 37.61289, "lon": -122.09786, "elevation_m": 3.9, "time": null, "elevation_f": 12.795276, "step_elevation_m": 0.0, "step_elevation_f": 0.0, "step_dist_m": 4.542368120641073, "step_dist_f": 14.902783024924057, "step_grade": 0.0, "step_turn": 14.169728704854322, "coast_speed_mps": 0.0, "coast_speed_mph": 0.0}, "geometry": {"type": "Point", "coordinates": [-122.09786, 37.61289]}}, {"id": "839", "type": "Feature", "properties": {"name": "Some South Bay", "step": 839, "lat": 37.61284, "lon": -122.09784, "elevation_m": 3.9, "time": null, "elevation_f": 12.795276, "step_elevation_m": 0.0, "step_elevation_f": 0.0, "step_dist_m": 5.832173703539611, "step_dist_f": 19.134428773520895, "step_grade": 0.0, "step_turn": 58.24890606952641, "coast_speed_mps": 0.0, "coast_speed_mph": 0.0}, "geometry": {"type": "Point", "coordinates": [-122.09784, 37.61284]}}, {"id": "840", "type": "Feature", "properties": {"name": "Some South Bay", "step": 840, "lat": 37.61234, "lon": -122.09784, "elevation_m": 3.9, "time": null, "elevation_f": 12.795276, "step_elevation_m": 0.0, "step_elevation_f": 0.0, "step_dist_m": 55.59746332142712, "step_dist_f": 182.40638156347094, "step_grade": 0.0, "step_turn": 17.581386587139377, "coast_speed_mps": 0.0, "coast_speed_mph": 0.0}, "geometry": {"type": "Point", "coordinates": [-122.09784, 37.61234]}}, {"id": "841", "type": "Feature", "properties": {"name": "Some South Bay", "step": 841, "lat": 37.61183, "lon": -122.09785, "elevation_m": 3.9, "time": null, "elevation_f": 12.795276, "step_elevation_m": 0.0, "step_elevation_f": 0.0, "step_dist_m": 56.71625305164553, "step_dist_f": 186.07695166196072, "step_grade": 0.0, "step_turn": 0.8898820418937419, "coast_speed_mps": 0.0, "coast_speed_mph": 0.0}, "geometry": {"type": "Point", "coordinates": [-122.09785, 37.61183]}}, {"id": "842", "type": "Feature", "properties": {"name": "Some South Bay", "step": 842, "lat": 37.61181, "lon": -122.09756, "elevation_m": 3.8, "time": null, "elevation_f": 12.467191999999999, "step_elevation_m": -0.10000000000000009, "step_elevation_f": -0.3280840000000005, "step_dist_m": 25.64115447278698, "step_dist_f": 84.12452524049843, "step_grade": -0.003899980404787559, "step_turn": 85.91436409924884, "coast_speed_mps": 0.0, "coast_speed_mph": 0.0}, "geometry": {"type": "Point", "coordinates": [-122.09756, 37.61181]}}, {"id": "843", "type": "Feature", "properties": {"name": "Some South Bay", "step": 843, "lat": 37.6118, "lon": -122.09735, "elevation_m": 3.8, "time": null, "elevation_f": 12.467191999999999, "step_elevation_m": 0.0, "step_elevation_f": 0.0, "step_dist_m": 18.531158711520387, "step_dist_f": 60.797766747104546, "step_grade": 0.0, "step_turn": 1.535522255476394, "coast_speed_mps": 0.0, "coast_speed_mph": 0.0}, "geometry": {"type": "Point", "coordinates": [-122.09735, 37.6118]}}, {"id": "844", "type": "Feature", "properties": {"name": "Some South Bay", "step": 844, "lat": 37.61178, "lon": -122.09732, "elevation_m": 3.8, "time": null, "elevation_f": 12.467191999999999, "step_elevation_m": 0.0, "step_elevation_f": 0.0, "step_dist_m": 3.4538002137892176, "step_dist_f": 11.331365893408217, "step_grade": 0.0, "step_turn": 36.64317215892885, "coast_speed_mps": 0.0, "coast_speed_mph": 0.0}, "geometry": {"type": "Point", "coordinates": [-122.09732, 37.61178]}}, {"id": "845", "type": "Feature", "properties": {"name": "Some South Bay", "step": 845, "lat": 37.61168, "lon": -122.09723, "elevation_m": 3.8, "time": null, "elevation_f": 12.467191999999999, "step_elevation_m": 0.0, "step_elevation_f": 0.0, "step_dist_m": 13.656145853103485, "step_dist_f": 44.80362956069604, "step_grade": 0.0, "step_turn": 14.429901490994723, "coast_speed_mps": 0.0, "coast_speed_mph": 0.0}, "geometry": {"type": "Point", "coordinates": [-122.09723, 37.61168]}}, {"id": "846", "type": "Feature", "properties": {"name": "Some South Bay", "step": 846, "lat": 37.611, "lon": -122.0972, "elevation_m": 3.8, "time": null, "elevation_f": 12.467191999999999, "step_elevation_m": 0.0, "step_elevation_f": 0.0, "step_dist_m": 75.65871285711111, "step_dist_f": 248.22413149012442, "step_grade": 0.0, "step_turn": 33.485327364555985, "coast_speed_mps": 0.0, "coast_speed_mph": 0.0}, "geometry": {"type": "Point", "coordinates": [-122.0972, 37.611]}}, {"id": "847", "type": "Feature", "properties": {"name": "Some South Bay", "step": 847, "lat": 37.61097, "lon": -122.09715, "elevation_m": 3.8, "time": null, "elevation_f": 12.467191999999999, "step_elevation_m": 0.0, "step_elevation_f": 0.0, "step_dist_m": 5.52499356459575, "step_dist_f": 18.12661988646832, "step_grade": 0.0, "step_turn": 50.857736247672904, "coast_speed_mps": 0.0, "coast_speed_mph": 0.0}, "geometry": {"type": "Point", "coordinates": [-122.09715, 37.61097]}}, {"id": "848", "type": "Feature", "properties": {"name": "Some South Bay", "step": 848, "lat": 37.61097, "lon": -122.09704, "elevation_m": 3.8, "time": null, "elevation_f": 12.467191999999999, "step_elevation_m": 0.0, "step_elevation_f": 0.0, "step_dist_m": 9.68941570857095, "step_dist_f": 31.789422633307915, "step_grade": 0.0, "step_turn": 37.14069402116445, "coast_speed_mps": 0.0, "coast_speed_mph": 0.0}, "geometry": {"type": "Point", "coordinates": [-122.09704, 37.61097]}}, {"id": "849", "type": "Feature", "properties": {"name": "Some South Bay", "step": 849, "lat": 37.61106, "lon": -122.09591, "elevation_m": 3.8, "time": null, "elevation_f": 12.467191999999999, "step_elevation_m": 0.0, "step_elevation_f": 0.0, "step_dist_m": 100.03848541655195, "step_dist_f": 328.2102644940403, "step_grade": 0.0, "step_turn": 5.741608575298244, "coast_speed_mps": 0.0, "coast_speed_mph": 0.0}, "geometry": {"type": "Point", "coordinates": [-122.09591, 37.61106]}}, {"id": "850", "type": "Feature", "properties": {"name": "Some South Bay", "step": 850, "lat": 37.61082, "lon": -122.09586, "elevation_m": 3.8, "time": null, "elevation_f": 12.467191999999999, "step_elevation_m": 0.0, "step_elevation_f": 0.0, "step_dist_m": 27.047773501586832, "step_dist_f": 88.73941721494614, "step_grade": 0.0, "step_turn": 86.37023000436955, "coast_speed_mps": 0.0, "coast_speed_mph": 0.0}, "geometry": {"type": "Point", "coordinates": [-122.09586, 37.61082]}}, {"id": "851", "type": "Feature", "properties": {"name": "Some South Bay", "step": 851, "lat": 37.61075, "lon": -122.09584, "elevation_m": 3.8, "time": null, "elevation_f": 12.467191999999999, "step_elevation_m": 0.0, "step_elevation_f": 0.0, "step_dist_m": 7.980524532141495, "step_dist_f": 26.182824106031102, "step_grade": 0.0, "step_turn": 3.381796262894568, "coast_speed_mps": 0.0, "coast_speed_mph": 0.0}, "geometry": {"type": "Point", "coordinates": [-122.09584, 37.61075]}}, {"id": "852", "type": "Feature", "properties": {"name": "Some South Bay", "step": 852, "lat": 37.61064, "lon": -122.09579, "elevation_m": 3.9, "time": null, "elevation_f": 12.795276, "step_elevation_m": 0.10000000000000009, "step_elevation_f": 0.3280840000000005, "step_dist_m": 13.00023062579731, "step_dist_f": 42.651676646340846, "step_grade": 0.0076921712297597835, "step_turn": 7.049734840867927, "coast_speed_mps": 0.0, "coast_speed_mph": 0.0}, "geometry": {"type": "Point", "coordinates": [-122.09579, 37.61064]}}, {"id": "853", "type": "Feature", "properties": {"name": "Some South Bay", "step": 853, "lat": 37.61055, "lon": -122.09572, "elevation_m": 3.9, "time": null, "elevation_f": 12.795276, "step_elevation_m": 0.0, "step_elevation_f": 0.0, "step_dist_m": 11.75460604737682, "step_dist_f": 38.56498170447576, "step_grade": 0.0, "step_turn": 11.835858707336001, "coast_speed_mps": 0.0, "coast_speed_mph": 0.0}, "geometry": {"type": "Point", "coordinates": [-122.09572, 37.61055]}}, {"id": "854", "type": "Feature", "properties": {"name": "Some South Bay", "step": 854, "lat": 37.61051, "lon": -122.09567, "elevation_m": 3.8, "time": null, "elevation_f": 12.467191999999999, "step_elevation_m": -0.10000000000000009, "step_elevation_f": -0.3280840000000005, "step_dist_m": 6.259457599807685, "step_dist_f": 20.536278871753044, "step_grade": -0.015975825126297284, "step_turn": 13.079716508794604, "coast_speed_mps": 0.0, "coast_speed_mph": 0.0}, "geometry": {"type": "Point", "coordinates": [-122.09567, 37.61051]}}, {"id": "855", "type": "Feature", "properties": {"name": "Some South Bay", "step": 855, "lat": 37.61029, "lon": -122.09557, "elevation_m": 4.0, "time": null, "elevation_f": 13.12336, "step_elevation_m": 0.20000000000000018, "step_elevation_f": 0.656168000000001, "step_dist_m": 26.000473088751423, "step_dist_f": 85.30339212849923, "step_grade": 0.007692167727768235, "step_turn": 24.91548751760331, "coast_speed_mps": 0.0, "coast_speed_mph": 0.0}, "geometry": {"type": "Point", "coordinates": [-122.09557, 37.61029]}}, {"id": "856", "type": "Feature", "properties": {"name": "Some South Bay", "step": 856, "lat": 37.61023, "lon": -122.09559, "elevation_m": 4.0, "time": null, "elevation_f": 13.12336, "step_elevation_m": 0.0, "step_elevation_f": 0.0, "step_dist_m": 6.900377554905459, "step_dist_f": 22.639034697236028, "step_grade": 0.0, "step_turn": 34.59493500524101, "coast_speed_mps": 0.0, "coast_speed_mph": 0.0}, "geometry": {"type": "Point", "coordinates": [-122.09559, 37.61023]}}, {"id": "857", "type": "Feature", "properties": {"name": "Some South Bay", "step": 857, "lat": 37.61017, "lon": -122.09557, "elevation_m": 4.0, "time": null, "elevation_f": 13.12336, "step_elevation_m": 0.0, "step_elevation_f": 0.0, "step_dist_m": 6.900377918453261, "step_dist_f": 22.639035889978196, "step_grade": 0.0, "step_turn": 29.583819540537178, "coast_speed_mps": 0.0, "coast_speed_mph": 0.0}, "geometry": {"type": "Point", "coordinates": [-122.09557, 37.61017]}}, {"id": "858", "type": "Feature", "properties": {"name": "Some South Bay", "step": 858, "lat": 37.61012, "lon": -122.09554, "elevation_m": 4.0, "time": null, "elevation_f": 13.12336, "step_elevation_m": 0.0, "step_elevation_f": 0.0, "step_dist_m": 6.155818338297971, "step_dist_f": 20.196255037021515, "step_grade": 0.0, "step_turn": 10.630253280342004, "coast_speed_mps": 0.0, "coast_speed_mph": 0.0}, "geometry": {"type": "Point", "coordinates": [-122.09554, 37.61012]}}, {"id": "859", "type": "Feature", "properties": {"name": "Some South Bay", "step": 859, "lat": 37.61008, "lon": -122.09548, "elevation_m": 4.0, "time": null, "elevation_f": 13.12336, "step_elevation_m": 0.0, "step_elevation_f": 0.0, "step_dist_m": 6.907692316134297, "step_dist_f": 22.663033258466047, "step_grade": 0.0, "step_turn": 24.495313965116964, "coast_speed_mps": 0.0, "coast_speed_mph": 0.0}, "geometry": {"type": "Point", "coordinates": [-122.09548, 37.61008]}}, {"id": "860", "type": "Feature", "properties": {"name": "Some South Bay", "step": 860, "lat": 37.61006, "lon": -122.09541, "elevation_m": 4.0, "time": null, "elevation_f": 13.12336, "step_elevation_m": 0.0, "step_elevation_f": 0.0, "step_dist_m": 6.554853159584542, "step_dist_f": 21.505424440091346, "step_grade": 0.0, "step_turn": 20.249822555835863, "coast_speed_mps": 0.0, "coast_speed_mph": 0.0}, "geometry": {"type": "Point", "coordinates": [-122.09541, 37.61006]}}, {"id": "861", "type": "Feature", "properties": {"name": "Some South Bay", "step": 861, "lat": 37.61005, "lon": -122.09535, "elevation_m": 4.0, "time": null, "elevation_f": 13.12336, "step_elevation_m": 0.0, "step_elevation_f": 0.0, "step_dist_m": 5.400905421255992, "step_dist_f": 17.719506542273507, "step_grade": 0.0, "step_turn": 7.951577071114798, "coast_speed_mps": 0.0, "coast_speed_mph": 0.0}, "geometry": {"type": "Point", "coordinates": [-122.09535, 37.61005]}}, {"id": "862", "type": "Feature", "properties": {"name": "Some South Bay", "step": 862, "lat": 37.61006, "lon": -122.09529, "elevation_m": 4.0, "time": null, "elevation_f": 13.12336, "step_elevation_m": 0.0, "step_elevation_f": 0.0, "step_dist_m": 5.400905419062693, "step_dist_f": 17.719506535077645, "step_grade": 0.0, "step_turn": 23.762271930557688, "coast_speed_mps": 0.0, "coast_speed_mph": 0.0}, "geometry": {"type": "Point", "coordinates": [-122.09529, 37.61006]}}, {"id": "863", "type": "Feature", "properties": {"name": "Some South Bay", "step": 863, "lat": 37.61007, "lon": -122.09525, "elevation_m": 4.0, "time": null, "elevation_f": 13.12336, "step_elevation_m": 0.0, "step_elevation_f": 0.0, "step_dist_m": 3.6947597040578293, "step_dist_f": 12.121915427461088, "step_grade": 0.0, "step_turn": 5.633713466473125, "coast_speed_mps": 0.0, "coast_speed_mph": 0.0}, "geometry": {"type": "Point", "coordinates": [-122.09525, 37.61007]}}, {"id": "864", "type": "Feature", "properties": {"name": "Some South Bay", "step": 864, "lat": 37.61012, "lon": -122.09518, "elevation_m": 4.0, "time": null, "elevation_f": 13.12336, "step_elevation_m": 0.0, "step_elevation_f": 0.0, "step_dist_m": 8.302477278113457, "step_dist_f": 27.239099553125754, "step_grade": 0.0, "step_turn": 24.52514059846669, "coast_speed_mps": 0.0, "coast_speed_mph": 0.0}, "geometry": {"type": "Point", "coordinates": [-122.09518, 37.61012]}}, {"id": "865", "type": "Feature", "properties": {"name": "Some South Bay", "step": 865, "lat": 37.61015, "lon": -122.09516, "elevation_m": 4.0, "time": null, "elevation_f": 13.12336, "step_elevation_m": 0.0, "step_elevation_f": 0.0, "step_dist_m": 3.772476535698793, "step_dist_f": 12.376891917382029, "step_grade": 0.0, "step_turn": 20.12051663047521, "coast_speed_mps": 0.0, "coast_speed_mph": 0.0}, "geometry": {"type": "Point", "coordinates": [-122.09516, 37.61015]}}, {"id": "866", "type": "Feature", "properties": {"name": "Some South Bay", "step": 866, "lat": 37.61021, "lon": -122.09513, "elevation_m": 4.0, "time": null, "elevation_f": 13.12336, "step_elevation_m": 0.0, "step_elevation_f": 0.0, "step_dist_m": 7.175990228208647, "step_dist_f": 23.54327578031606, "step_grade": 0.0, "step_turn": 6.231430679672201, "coast_speed_mps": 0.0, "coast_speed_mph": 0.0}, "geometry": {"type": "Point", "coordinates": [-122.09513, 37.61021]}}, {"id": "867", "type": "Feature", "properties": {"name": "Some South Bay", "step": 867, "lat": 37.61027, "lon": -122.09514, "elevation_m": 4.0, "time": null, "elevation_f": 13.12336, "step_elevation_m": 0.0, "step_elevation_f": 0.0, "step_dist_m": 6.729594685817547, "step_dist_f": 22.078723429017643, "step_grade": 0.0, "step_turn": 29.12930654700466, "coast_speed_mps": 0.0, "coast_speed_mph": 0.0}, "geometry": {"type": "Point", "coordinates": [-122.09514, 37.61027]}}, {"id": "868", "type": "Feature", "properties": {"name": "Some South Bay", "step": 868, "lat": 37.61035, "lon": -122.09509, "elevation_m": 4.1, "time": null, "elevation_f": 13.451443999999999, "step_elevation_m": 0.09999999999999964, "step_elevation_f": 0.3280839999999987, "step_dist_m": 9.926208762287741, "step_dist_f": 32.56630275566411, "step_grade": 0.010074339800299764, "step_turn": 33.861829304551975, "coast_speed_mps": 0.0, "coast_speed_mph": 0.0}, "geometry": {"type": "Point", "coordinates": [-122.09509, 37.61035]}}, {"id": "869", "type": "Feature", "properties": {"name": "Some South Bay", "step": 869, "lat": 37.61049, "lon": -122.09497, "elevation_m": 4.1, "time": null, "elevation_f": 13.451443999999999, "step_elevation_m": 0.0, "step_elevation_f": 0.0, "step_dist_m": 18.81682241069977, "step_dist_f": 61.73498363792024, "step_grade": 0.0, "step_turn": 7.836304293469311, "coast_speed_mps": 0.0, "coast_speed_mph": 0.0}, "geometry": {"type": "Point", "coordinates": [-122.09497, 37.61049]}}, {"id": "870", "type": "Feature", "properties": {"name": "Some South Bay", "step": 870, "lat": 37.61087, "lon": -122.09442, "elevation_m": 4.2, "time": null, "elevation_f": 13.779528, "step_elevation_m": 0.10000000000000053, "step_elevation_f": 0.32808400000000226, "step_dist_m": 64.28486863925136, "step_dist_f": 210.9083684264014, "step_grade": 0.001555576018381129, "step_turn": 14.729121677977616, "coast_speed_mps": 0.0, "coast_speed_mph": 0.0}, "geometry": {"type": "Point", "coordinates": [-122.09442, 37.61087]}}, {"id": "871", "type": "Feature", "properties": {"name": "Some South Bay", "step": 871, "lat": 37.61125, "lon": -122.09388, "elevation_m": 4.3, "time": null, "elevation_f": 14.107612, "step_elevation_m": 0.09999999999999964, "step_elevation_f": 0.3280839999999987, "step_dist_m": 63.62347574209217, "step_dist_f": 208.73844415368566, "step_grade": 0.0015717468879783538, "step_turn": 0.5215487585655296, "coast_speed_mps": 0.0, "coast_speed_mph": 0.0}, "geometry": {"type": "Point", "coordinates": [-122.09388, 37.61125]}}, {"id": "872", "type": "Feature", "properties": {"name": "Some South Bay", "step": 872, "lat": 37.61165, "lon": -122.09333, "elevation_m": 4.2, "time": null, "elevation_f": 13.779528, "step_elevation_m": -0.09999999999999964, "step_elevation_f": -0.3280839999999987, "step_dist_m": 65.76761358575499, "step_dist_f": 215.7730173566884, "step_grade": -0.0015205052235871192, "step_turn": 0.9390082224003322, "coast_speed_mps": 0.0, "coast_speed_mph": 0.0}, "geometry": {"type": "Point", "coordinates": [-122.09333, 37.61165]}}, {"id": "873", "type": "Feature", "properties": {"name": "Some South Bay", "step": 873, "lat": 37.61205, "lon": -122.09278, "elevation_m": 3.6, "time": null, "elevation_f": 11.811024, "step_elevation_m": -0.6000000000000001, "step_elevation_f": -1.9685040000000011, "step_dist_m": 65.76742163595533, "step_dist_f": 215.7723876001077, "step_grade": -0.009123057968141137, "step_turn": 0.00015352808503621418, "coast_speed_mps": 1.2038045937860733, "coast_speed_mph": 2.692834184381872}, "geometry": {"type": "Point", "coordinates": [-122.09278, 37.61205]}}, {"id": "874", "type": "Feature", "properties": {"name": "Some South Bay", "step": 874, "lat": 37.61237, "lon": -122.09235, "elevation_m": 3.2, "time": null, "elevation_f": 10.498688000000001, "step_elevation_m": -0.3999999999999999, "step_elevation_f": -1.3123359999999984, "step_dist_m": 51.968357459008395, "step_dist_f": 170.4998658858131, "step_grade": -0.007696991391646579, "step_turn": 0.6568909078933416, "coast_speed_mps": 0.7777952540523493, "coast_speed_mph": 1.739878431577372}, "geometry": {"type": "Point", "coordinates": [-122.09235, 37.61237]}}, {"id": "875", "type": "Feature", "properties": {"name": "Some South Bay", "step": 875, "lat": 37.61268, "lon": -122.09191, "elevation_m": 2.8, "time": null, "elevation_f": 9.186352, "step_elevation_m": -0.40000000000000036, "step_elevation_f": -1.312336000000002, "step_dist_m": 51.86814019596268, "step_dist_f": 170.17106908052222, "step_grade": -0.00771186316858023, "step_turn": 1.5615116998933445, "coast_speed_mps": 0.29788491696238734, "coast_speed_mph": 0.6663495816087756}, "geometry": {"type": "Point", "coordinates": [-122.09191, 37.61268]}}, {"id": "876", "type": "Feature", "properties": {"name": "Some South Bay", "step": 876, "lat": 37.61289, "lon": -122.09154, "elevation_m": 2.5, "time": null, "elevation_f": 8.2021, "step_elevation_m": -0.2999999999999998, "step_elevation_f": -0.9842519999999997, "step_dist_m": 40.09278389003173, "step_dist_f": 131.53800909777172, "step_grade": -0.007482643281216219, "step_turn": 6.028882833543037, "coast_speed_mps": 0.0, "coast_speed_mph": 0.0}, "geometry": {"type": "Point", "coordinates": [-122.09154, 37.61289]}}, {"id": "877", "type": "Feature", "properties": {"name": "Some South Bay", "step": 877, "lat": 37.61306, "lon": -122.09118, "elevation_m": 2.5, "time": null, "elevation_f": 8.2021, "step_elevation_m": 0.0, "step_elevation_f": 0.0, "step_dist_m": 36.916800774898235, "step_dist_f": 121.11811665431712, "step_grade": 0.0, "step_turn": 4.820827322792354, "coast_speed_mps": 0.0, "coast_speed_mph": 0.0}, "geometry": {"type": "Point", "coordinates": [-122.09118, 37.61306]}}, {"id": "878", "type": "Feature", "properties": {"name": "Some South Bay", "step": 878, "lat": 37.61312, "lon": -122.09103, "elevation_m": 2.6, "time": null, "elevation_f": 8.530184, "step_elevation_m": 0.10000000000000009, "step_elevation_f": 0.3280840000000005, "step_dist_m": 14.801374916197057, "step_dist_f": 48.560942880055954, "step_grade": 0.006756129114098088, "step_turn": 4.008632051406096, "coast_speed_mps": 0.0, "coast_speed_mph": 0.0}, "geometry": {"type": "Point", "coordinates": [-122.09103, 37.61312]}}, {"id": "879", "type": "Feature", "properties": {"name": "Some South Bay", "step": 879, "lat": 37.61322, "lon": -122.09069, "elevation_m": 2.9, "time": null, "elevation_f": 9.514436, "step_elevation_m": 0.2999999999999998, "step_elevation_f": 0.9842519999999997, "step_dist_m": 31.945873398447244, "step_dist_f": 104.80929928056166, "step_grade": 0.009390884270347781, "step_turn": 6.422160645942938, "coast_speed_mps": 0.0, "coast_speed_mph": 0.0}, "geometry": {"type": "Point", "coordinates": [-122.09069, 37.61322]}}, {"id": "880", "type": "Feature", "properties": {"name": "Some South Bay", "step": 880, "lat": 37.61331, "lon": -122.09035, "elevation_m": 3.0, "time": null, "elevation_f": 9.84252, "step_elevation_m": 0.10000000000000009, "step_elevation_f": 0.3280840000000005, "step_dist_m": 31.57600898259584, "step_dist_f": 103.59583331045974, "step_grade": 0.0031669613488873273, "step_turn": 1.8918205652678353, "coast_speed_mps": 0.0, "coast_speed_mph": 0.0}, "geometry": {"type": "Point", "coordinates": [-122.09035, 37.61331]}}, {"id": "881", "type": "Feature", "properties": {"name": "Some South Bay", "step": 881, "lat": 37.61337, "lon": -122.08996, "elevation_m": 3.0, "time": null, "elevation_f": 9.84252, "step_elevation_m": 0.0, "step_elevation_f": 0.0, "step_dist_m": 34.99415988503659, "step_dist_f": 114.81023951722344, "step_grade": 0.0, "step_turn": 7.486835896738455, "coast_speed_mps": 0.0, "coast_speed_mph": 0.0}, "geometry": {"type": "Point", "coordinates": [-122.08996, 37.61337]}}, {"id": "882", "type": "Feature", "properties": {"name": "Some South Bay", "step": 882, "lat": 37.61339, "lon": -122.08973, "elevation_m": 3.0, "time": null, "elevation_f": 9.84252, "step_elevation_m": 0.0, "step_elevation_f": 0.0, "step_dist_m": 20.380727560600967, "step_dist_f": 66.86590620992207, "step_grade": 0.0, "step_turn": 4.726408607941892, "coast_speed_mps": 0.0, "coast_speed_mph": 0.0}, "geometry": {"type": "Point", "coordinates": [-122.08973, 37.61339]}}, {"id": "883", "type": "Feature", "properties": {"name": "Some South Bay", "step": 883, "lat": 37.61331, "lon": -122.08952, "elevation_m": 3.0, "time": null, "elevation_f": 9.84252, "step_elevation_m": 0.0, "step_elevation_f": 0.0, "step_dist_m": 20.525223261580543, "step_dist_f": 67.33997348552391, "step_grade": 0.0, "step_turn": 31.947875093305925, "coast_speed_mps": 0.0, "coast_speed_mph": 0.0}, "geometry": {"type": "Point", "coordinates": [-122.08952, 37.61331]}}, {"id": "884", "type": "Feature", "properties": {"name": "Some South Bay", "step": 884, "lat": 37.61325, "lon": -122.08944, "elevation_m": 3.0, "time": null, "elevation_f": 9.84252, "step_elevation_m": 0.0, "step_elevation_f": 0.0, "step_dist_m": 9.703942553458738, "step_dist_f": 31.837082887089565, "step_grade": 0.0, "step_turn": 17.751077263939806, "coast_speed_mps": 0.0, "coast_speed_mph": 0.0}, "geometry": {"type": "Point", "coordinates": [-122.08944, 37.61325]}}, {"id": "885", "type": "Feature", "properties": {"name": "Some South Bay", "step": 885, "lat": 37.61316, "lon": -122.08942, "elevation_m": 3.0, "time": null, "elevation_f": 9.84252, "step_elevation_m": 0.0, "step_elevation_f": 0.0, "step_dist_m": 10.161415614822468, "step_dist_f": 33.337978805734146, "step_grade": 0.0, "step_turn": 36.58190084294142, "coast_speed_mps": 0.0, "coast_speed_mph": 0.0}, "geometry": {"type": "Point", "coordinates": [-122.08942, 37.61316]}}, {"id": "886", "type": "Feature", "properties": {"name": "Some South Bay", "step": 886, "lat": 37.61293, "lon": -122.0894, "elevation_m": 3.0, "time": null, "elevation_f": 9.84252, "step_elevation_m": 0.0, "step_elevation_f": 0.0, "step_dist_m": 25.635435345824877, "step_dist_f": 84.1057616999961, "step_grade": 0.0, "step_turn": 6.043207533987697, "coast_speed_mps": 0.0, "coast_speed_mph": 0.0}, "geometry": {"type": "Point", "coordinates": [-122.0894, 37.61293]}}, {"id": "887", "type": "Feature", "properties": {"name": "Some South Bay", "step": 887, "lat": 37.61233, "lon": -122.08925, "elevation_m": 2.9, "time": null, "elevation_f": 9.514436, "step_elevation_m": -0.10000000000000009, "step_elevation_f": -0.3280840000000005, "step_dist_m": 68.01267200303742, "step_dist_f": 223.1386948144453, "step_grade": -0.0014703142378457669, "step_turn": 7.261421999022787, "coast_speed_mps": 0.0, "coast_speed_mph": 0.0}, "geometry": {"type": "Point", "coordinates": [-122.08925, 37.61233]}}, {"id": "888", "type": "Feature", "properties": {"name": "Some South Bay", "step": 888, "lat": 37.61202, "lon": -122.08913, "elevation_m": 3.0, "time": null, "elevation_f": 9.84252, "step_elevation_m": 0.10000000000000009, "step_elevation_f": 0.3280840000000005, "step_dist_m": 36.054644337293894, "step_dist_f": 118.28951932756729, "step_grade": 0.0027735677840694424, "step_turn": 5.8459156587255166, "coast_speed_mps": 0.0, "coast_speed_mph": 0.0}, "geometry": {"type": "Point", "coordinates": [-122.08913, 37.61202]}}, {"id": "889", "type": "Feature", "properties": {"name": "Some South Bay", "step": 889, "lat": 37.6116, "lon": -122.08888, "elevation_m": 3.1, "time": null, "elevation_f": 10.170604, "step_elevation_m": 0.10000000000000009, "step_elevation_f": 0.3280840000000005, "step_dist_m": 51.633280547963686, "step_dist_f": 169.40053215298119, "step_grade": 0.001936735356319402, "step_turn": 8.197372006750584, "coast_speed_mps": 0.0, "coast_speed_mph": 0.0}, "geometry": {"type": "Point", "coordinates": [-122.08888, 37.6116]}}, {"id": "890", "type": "Feature", "properties": {"name": "Some South Bay", "step": 890, "lat": 37.61118, "lon": -122.08863, "elevation_m": 3.1, "time": null, "elevation_f": 10.170604, "step_elevation_m": 0.0, "step_elevation_f": 0.0, "step_dist_m": 51.633333591022236, "step_dist_f": 169.40070617876938, "step_grade": 0.0, "step_turn": 0.00012482480042308453, "coast_speed_mps": 0.0, "coast_speed_mph": 0.0}, "geometry": {"type": "Point", "coordinates": [-122.08863, 37.61118]}}, {"id": "891", "type": "Feature", "properties": {"name": "Some South Bay", "step": 891, "lat": 37.61151, "lon": -122.08776, "elevation_m": 3.3, "time": null, "elevation_f": 10.826772, "step_elevation_m": 0.19999999999999973, "step_elevation_f": 0.6561679999999992, "step_dist_m": 84.96620662040567, "step_dist_f": 278.7605293284917, "step_grade": 0.0023538770054019015, "step_turn": 90.34123438236531, "coast_speed_mps": 0.0, "coast_speed_mph": 0.0}, "geometry": {"type": "Point", "coordinates": [-122.08776, 37.61151]}}, {"id": "892", "type": "Feature", "properties": {"name": "Some South Bay", "step": 892, "lat": 37.6117, "lon": -122.08726, "elevation_m": 3.3, "time": null, "elevation_f": 10.826772, "step_elevation_m": 0.0, "step_elevation_f": 0.0, "step_dist_m": 48.84758585689612, "step_dist_f": 160.26111358273906, "step_grade": 0.0, "step_turn": 0.040529231445589176, "coast_speed_mps": 0.0, "coast_speed_mph": 0.0}, "geometry": {"type": "Point", "coordinates": [-122.08726, 37.6117]}}, {"id": "893", "type": "Feature", "properties": {"name": "Some South Bay", "step": 893, "lat": 37.61193, "lon": -122.08674, "elevation_m": 3.1, "time": null, "elevation_f": 10.170604, "step_elevation_m": -0.19999999999999973, "step_elevation_f": -0.6561679999999992, "step_dist_m": 52.46024787699257, "step_dist_f": 172.1136796447523, "step_grade": -0.0038124105030718602, "step_turn": 3.550066718396124, "coast_speed_mps": 0.0, "coast_speed_mph": 0.0}, "geometry": {"type": "Point", "coordinates": [-122.08674, 37.61193]}}, {"id": "894", "type": "Feature", "properties": {"name": "Some South Bay", "step": 894, "lat": 37.61195, "lon": -122.08657, "elevation_m": 2.9, "time": null, "elevation_f": 9.514436, "step_elevation_m": -0.20000000000000018, "step_elevation_f": -0.656168000000001, "step_dist_m": 15.138595362161134, "step_dist_f": 49.66730920799273, "step_grade": -0.013211265326497825, "step_turn": 20.72961268490701, "coast_speed_mps": 1.244124620749542, "coast_speed_mph": 2.783027515993067}, "geometry": {"type": "Point", "coordinates": [-122.08657, 37.61195]}}, {"id": "895", "type": "Feature", "properties": {"name": "Some South Bay", "step": 895, "lat": 37.61216, "lon": -122.08604, "elevation_m": 2.6, "time": null, "elevation_f": 8.530184, "step_elevation_m": -0.2999999999999998, "step_elevation_f": -0.9842519999999997, "step_dist_m": 52.19890809768498, "step_dist_f": 171.2562656432088, "step_grade": -0.005747246655784067, "step_turn": 18.12612793791004, "coast_speed_mps": 0.0, "coast_speed_mph": 0.0}, "geometry": {"type": "Point", "coordinates": [-122.08604, 37.61216]}}, {"id": "896", "type": "Feature", "properties": {"name": "Some South Bay", "step": 896, "lat": 37.61238, "lon": -122.0855, "elevation_m": 2.4, "time": null, "elevation_f": 7.874015999999999, "step_elevation_m": -0.20000000000000018, "step_elevation_f": -0.656168000000001, "step_dist_m": 53.48737344558203, "step_dist_f": 175.48351429520335, "step_grade": -0.0037392002470168005, "step_turn": 0.6432786472344105, "coast_speed_mps": 0.0, "coast_speed_mph": 0.0}, "geometry": {"type": "Point", "coordinates": [-122.0855, 37.61238]}}, {"id": "897", "type": "Feature", "properties": {"name": "Some South Bay", "step": 897, "lat": 37.61161, "lon": -122.08501, "elevation_m": 2.5, "time": null, "elevation_f": 8.2021, "step_elevation_m": 0.10000000000000009, "step_elevation_f": 0.3280840000000005, "step_dist_m": 95.88379613077652, "step_dist_f": 314.57939369769684, "step_grade": 0.0010429290874509126, "step_turn": 90.4639661818536, "coast_speed_mps": 0.0, "coast_speed_mph": 0.0}, "geometry": {"type": "Point", "coordinates": [-122.08501, 37.61161]}}, {"id": "898", "type": "Feature", "properties": {"name": "Some South Bay", "step": 898, "lat": 37.61085, "lon": -122.08453, "elevation_m": 2.7, "time": null, "elevation_f": 8.858268, "step_elevation_m": 0.20000000000000018, "step_elevation_f": 0.656168000000001, "step_dist_m": 94.49499584934377, "step_dist_f": 310.022962182361, "step_grade": 0.0021165141942422667, "step_turn": 0.1731923663521684, "coast_speed_mps": 0.0, "coast_speed_mph": 0.0}, "geometry": {"type": "Point", "coordinates": [-122.08453, 37.61085]}}, {"id": "899", "type": "Feature", "properties": {"name": "Some South Bay", "step": 899, "lat": 37.61009, "lon": -122.08404, "elevation_m": 3.1, "time": null, "elevation_f": 10.170604, "step_elevation_m": 0.3999999999999999, "step_elevation_f": 1.3123360000000002, "step_dist_m": 94.8925960891377, "step_dist_f": 311.3274249530865, "step_grade": 0.004215291987841269, "step_turn": 0.47589225113677003, "coast_speed_mps": 0.0, "coast_speed_mph": 0.0}, "geometry": {"type": "Point", "coordinates": [-122.08404, 37.61009]}}, {"id": "900", "type": "Feature", "properties": {"name": "Some South Bay", "step": 900, "lat": 37.60993, "lon": -122.08395, "elevation_m": 3.2, "time": null, "elevation_f": 10.498688000000001, "step_elevation_m": 0.10000000000000009, "step_elevation_f": 0.3280840000000005, "step_dist_m": 19.477589412249294, "step_dist_f": 63.90285444728397, "step_grade": 0.005134105555028843, "step_turn": 3.0377388682073843, "coast_speed_mps": 0.0, "coast_speed_mph": 0.0}, "geometry": {"type": "Point", "coordinates": [-122.08395, 37.60993]}}, {"id": "901", "type": "Feature", "properties": {"name": "Some South Bay", "step": 901, "lat": 37.60993, "lon": -122.08395, "elevation_m": 3.2, "time": null, "elevation_f": 10.498688000000001, "step_elevation_m": 0.0, "step_elevation_f": 0.0, "step_dist_m": 0.0, "step_dist_f": 0.0, "step_grade": null, "step_turn": null, "coast_speed_mps": 0.0, "coast_speed_mph": 0.0}, "geometry": {"type": "Point", "coordinates": [-122.08395, 37.60993]}}, {"id": "902", "type": "Feature", "properties": {"name": "Some South Bay", "step": 902, "lat": 37.60972, "lon": -122.08382, "elevation_m": 3.4, "time": null, "elevation_f": 11.154855999999999, "step_elevation_m": 0.19999999999999973, "step_elevation_f": 0.6561679999999974, "step_dist_m": 26.00766250082681, "step_dist_f": 85.32697943921264, "step_grade": 0.0076900413481465904, "step_turn": null, "coast_speed_mps": 0.0, "coast_speed_mph": 0.0}, "geometry": {"type": "Point", "coordinates": [-122.08382, 37.60972]}}, {"id": "903", "type": "Feature", "properties": {"name": "Some South Bay", "step": 903, "lat": 37.60908, "lon": -122.08342, "elevation_m": 3.8, "time": null, "elevation_f": 12.467191999999999, "step_elevation_m": 0.3999999999999999, "step_elevation_f": 1.3123360000000002, "step_dist_m": 79.40986139092978, "step_dist_f": 260.53104964581803, "step_grade": 0.005037157765970966, "step_turn": 0.2176002693420287, "coast_speed_mps": 0.0, "coast_speed_mph": 0.0}, "geometry": {"type": "Point", "coordinates": [-122.08342, 37.60908]}}, {"id": "904", "type": "Feature", "properties": {"name": "Some South Bay", "step": 904, "lat": 37.60845, "lon": -122.08303, "elevation_m": 3.9, "time": null, "elevation_f": 12.795276, "step_elevation_m": 0.10000000000000009, "step_elevation_f": 0.3280840000000005, "step_dist_m": 78.02320308608769, "step_dist_f": 255.98164561295994, "step_grade": 0.0012816700166700934, "step_turn": 0.21719811679122358, "coast_speed_mps": 0.0, "coast_speed_mph": 0.0}, "geometry": {"type": "Point", "coordinates": [-122.08303, 37.60845]}}, {"id": "905", "type": "Feature", "properties": {"name": "Some South Bay", "step": 905, "lat": 37.60825, "lon": -122.08292, "elevation_m": 3.9, "time": null, "elevation_f": 12.795276, "step_elevation_m": 0.0, "step_elevation_f": 0.0, "step_dist_m": 24.258274054218155, "step_dist_f": 79.5875158480411, "step_grade": 0.0, "step_turn": 2.5804940644687804, "coast_speed_mps": 0.0, "coast_speed_mph": 0.0}, "geometry": {"type": "Point", "coordinates": [-122.08292, 37.60825]}}, {"id": "906", "type": "Feature", "properties": {"name": "Some South Bay", "step": 906, "lat": 37.60809, "lon": -122.08285, "elevation_m": 3.9, "time": null, "elevation_f": 12.795276, "step_elevation_m": 0.0, "step_elevation_f": 0.0, "step_dist_m": 18.82946355237792, "step_dist_f": 61.776457201183575, "step_grade": 0.0, "step_turn": 4.427533772914103, "coast_speed_mps": 0.0, "coast_speed_mph": 0.0}, "geometry": {"type": "Point", "coordinates": [-122.08285, 37.60809]}}, {"id": "907", "type": "Feature", "properties": {"name": "Some South Bay", "step": 907, "lat": 37.60792, "lon": -122.0828, "elevation_m": 3.9, "time": null, "elevation_f": 12.795276, "step_elevation_m": 0.0, "step_elevation_f": 0.0, "step_dist_m": 19.4094780006243, "step_dist_f": 63.67939180356823, "step_grade": 0.0, "step_turn": 5.999763308122056, "coast_speed_mps": 0.0, "coast_speed_mph": 0.0}, "geometry": {"type": "Point", "coordinates": [-122.0828, 37.60792]}}, {"id": "908", "type": "Feature", "properties": {"name": "Some South Bay", "step": 908, "lat": 37.60774, "lon": -122.08277, "elevation_m": 3.9, "time": null, "elevation_f": 12.795276, "step_elevation_m": 0.0, "step_elevation_f": 0.0, "step_dist_m": 20.188795267123425, "step_dist_f": 66.23620706418922, "step_grade": 0.0, "step_turn": 5.594478595647047, "coast_speed_mps": 0.0, "coast_speed_mph": 0.0}, "geometry": {"type": "Point", "coordinates": [-122.08277, 37.60774]}}, {"id": "909", "type": "Feature", "properties": {"name": "Some South Bay", "step": 909, "lat": 37.60712, "lon": -122.08272, "elevation_m": 3.9, "time": null, "elevation_f": 12.795276, "step_elevation_m": 0.0, "step_elevation_f": 0.0, "step_dist_m": 69.08140813341811, "step_dist_f": 226.64504706044346, "step_grade": 0.0, "step_turn": 3.865958644102875, "coast_speed_mps": 0.0, "coast_speed_mph": 0.0}, "geometry": {"type": "Point", "coordinates": [-122.08272, 37.60712]}}, {"id": "910", "type": "Feature", "properties": {"name": "Some South Bay", "step": 910, "lat": 37.60651, "lon": -122.08267, "elevation_m": 3.8, "time": null, "elevation_f": 12.467191999999999, "step_elevation_m": -0.10000000000000009, "step_elevation_f": -0.3280840000000005, "step_dist_m": 67.97176058074245, "step_dist_f": 223.00447098372308, "step_grade": -0.0014711992031045283, "step_turn": 0.05979104602715779, "coast_speed_mps": 0.0, "coast_speed_mph": 0.0}, "geometry": {"type": "Point", "coordinates": [-122.08267, 37.60651]}}, {"id": "911", "type": "Feature", "properties": {"name": "Some South Bay", "step": 911, "lat": 37.60568, "lon": -122.08258, "elevation_m": 3.8, "time": null, "elevation_f": 12.467191999999999, "step_elevation_m": 0.0, "step_elevation_f": 0.0, "step_dist_m": 92.63169578631751, "step_dist_f": 303.9097728035819, "step_grade": 0.0, "step_turn": 1.1945561201557666, "coast_speed_mps": 0.0, "coast_speed_mph": 0.0}, "geometry": {"type": "Point", "coordinates": [-122.08258, 37.60568]}}, {"id": "912", "type": "Feature", "properties": {"name": "Some South Bay", "step": 912, "lat": 37.60562, "lon": -122.08239, "elevation_m": 3.8, "time": null, "elevation_f": 12.467191999999999, "step_elevation_m": 0.0, "step_elevation_f": 0.0, "step_dist_m": 18.018160576930462, "step_dist_f": 59.11470194721654, "step_grade": 0.0, "step_turn": 63.35750334275724, "coast_speed_mps": 0.0, "coast_speed_mph": 0.0}, "geometry": {"type": "Point", "coordinates": [-122.08239, 37.60562]}}, {"id": "913", "type": "Feature", "properties": {"name": "Some South Bay", "step": 913, "lat": 37.60562, "lon": -122.08143, "elevation_m": 3.9, "time": null, "elevation_f": 12.795276, "step_elevation_m": 0.10000000000000009, "step_elevation_f": 0.3280840000000005, "step_dist_m": 84.56825625511556, "step_dist_f": 277.4549178520333, "step_grade": 0.0011824767877243662, "step_turn": 21.732885717636464, "coast_speed_mps": 0.0, "coast_speed_mph": 0.0}, "geometry": {"type": "Point", "coordinates": [-122.08143, 37.60562]}}, {"id": "914", "type": "Feature", "properties": {"name": "Some South Bay", "step": 914, "lat": 37.60562, "lon": -122.08143, "elevation_m": 3.9, "time": null, "elevation_f": 12.795276, "step_elevation_m": 0.0, "step_elevation_f": 0.0, "step_dist_m": 0.0, "step_dist_f": 0.0, "step_grade": null, "step_turn": null, "coast_speed_mps": 0.0, "coast_speed_mph": 0.0}, "geometry": {"type": "Point", "coordinates": [-122.08143, 37.60562]}}, {"id": "915", "type": "Feature", "properties": {"name": "Some South Bay", "step": 915, "lat": 37.60563, "lon": -122.08062, "elevation_m": 4.0, "time": null, "elevation_f": 13.12336, "step_elevation_m": 0.10000000000000009, "step_elevation_f": 0.3280840000000005, "step_dist_m": 71.36312489992568, "step_dist_f": 234.13099469667216, "step_grade": 0.0014012839283626191, "step_turn": null, "coast_speed_mps": 0.0, "coast_speed_mph": 0.0}, "geometry": {"type": "Point", "coordinates": [-122.08062, 37.60563]}}, {"id": "916", "type": "Feature", "properties": {"name": "Some South Bay", "step": 916, "lat": 37.60563, "lon": -122.0798, "elevation_m": 3.9, "time": null, "elevation_f": 12.795276, "step_elevation_m": -0.10000000000000009, "step_elevation_f": -0.3280840000000005, "step_dist_m": 72.23537583867801, "step_dist_f": 236.99271046656835, "step_grade": -0.0013843632546929406, "step_turn": 0.8927910672750841, "coast_speed_mps": 0.0, "coast_speed_mph": 0.0}, "geometry": {"type": "Point", "coordinates": [-122.0798, 37.60563]}}, {"id": "917", "type": "Feature", "properties": {"name": "Some South Bay", "step": 917, "lat": 37.60564, "lon": -122.07899, "elevation_m": 3.9, "time": null, "elevation_f": 12.795276, "step_elevation_m": 0.0, "step_elevation_f": 0.0, "step_dist_m": 71.36311530850993, "step_dist_f": 234.13096322877172, "step_grade": 0.0, "step_turn": 0.8927911884480295, "coast_speed_mps": 0.0, "coast_speed_mph": 0.0}, "geometry": {"type": "Point", "coordinates": [-122.07899, 37.60564]}}, {"id": "918", "type": "Feature", "properties": {"name": "Some South Bay", "step": 918, "lat": 37.60552, "lon": -122.07897, "elevation_m": 3.9, "time": null, "elevation_f": 12.795276, "step_elevation_m": 0.0, "step_elevation_f": 0.0, "step_dist_m": 13.459203821248718, "step_dist_f": 44.157494264905644, "step_grade": 0.0, "step_turn": 83.37130419240737, "coast_speed_mps": 0.0, "coast_speed_mph": 0.0}, "geometry": {"type": "Point", "coordinates": [-122.07897, 37.60552]}}, {"id": "919", "type": "Feature", "properties": {"name": "Some South Bay", "step": 919, "lat": 37.60531, "lon": -122.07896, "elevation_m": 3.9, "time": null, "elevation_f": 12.795276, "step_elevation_m": 0.0, "step_elevation_f": 0.0, "step_dist_m": 23.36754521947569, "step_dist_f": 76.66517705786462, "step_grade": 0.0, "step_turn": 5.3612563627197005, "coast_speed_mps": 0.0, "coast_speed_mph": 0.0}, "geometry": {"type": "Point", "coordinates": [-122.07896, 37.60531]}}, {"id": "920", "type": "Feature", "properties": {"name": "Some South Bay", "step": 920, "lat": 37.60509, "lon": -122.0789, "elevation_m": 4.1, "time": null, "elevation_f": 13.451443999999999, "step_elevation_m": 0.19999999999999973, "step_elevation_f": 0.6561679999999992, "step_dist_m": 25.02737864644301, "step_dist_f": 82.1108249583961, "step_grade": 0.007991248417397661, "step_turn": 10.031668109618408, "coast_speed_mps": 0.0, "coast_speed_mph": 0.0}, "geometry": {"type": "Point", "coordinates": [-122.0789, 37.60509]}}, {"id": "921", "type": "Feature", "properties": {"name": "Some South Bay", "step": 921, "lat": 37.60439, "lon": -122.07879, "elevation_m": 4.0, "time": null, "elevation_f": 13.12336, "step_elevation_m": -0.09999999999999964, "step_elevation_f": -0.3280839999999987, "step_dist_m": 78.43732048154206, "step_dist_f": 257.34029852866246, "step_grade": -0.0012749033162540494, "step_turn": 5.095605485919009, "coast_speed_mps": 0.0, "coast_speed_mph": 0.0}, "geometry": {"type": "Point", "coordinates": [-122.07879, 37.60439]}}, {"id": "922", "type": "Feature", "properties": {"name": "Some South Bay", "step": 922, "lat": 37.6037, "lon": -122.07871, "elevation_m": 4.1, "time": null, "elevation_f": 13.451443999999999, "step_elevation_m": 0.09999999999999964, "step_elevation_f": 0.3280839999999987, "step_dist_m": 77.04749260732797, "step_dist_f": 252.78049564582588, "step_grade": 0.001297900770238546, "step_turn": 1.8483608731974073, "coast_speed_mps": 0.0, "coast_speed_mph": 0.0}, "geometry": {"type": "Point", "coordinates": [-122.07871, 37.6037]}}, {"id": "923", "type": "Feature", "properties": {"name": "Some South Bay", "step": 923, "lat": 37.6035, "lon": -122.07867, "elevation_m": 4.0, "time": null, "elevation_f": 13.12336, "step_elevation_m": -0.09999999999999964, "step_elevation_f": -0.3280839999999987, "step_dist_m": 22.516426111743137, "step_dist_f": 73.87279144445135, "step_grade": -0.004441202147433424, "step_turn": 3.75550855269978, "coast_speed_mps": 0.0, "coast_speed_mph": 0.0}, "geometry": {"type": "Point", "coordinates": [-122.07867, 37.6035]}}, {"id": "924", "type": "Feature", "properties": {"name": "Some South Bay", "step": 924, "lat": 37.60303, "lon": -122.0785, "elevation_m": 4.1, "time": null, "elevation_f": 13.451443999999999, "step_elevation_m": 0.09999999999999964, "step_elevation_f": 0.3280839999999987, "step_dist_m": 54.36506334738154, "step_dist_f": 178.36307443262325, "step_grade": 0.0018394166003453407, "step_turn": 6.9865599011392305, "coast_speed_mps": 0.0, "coast_speed_mph": 0.0}, "geometry": {"type": "Point", "coordinates": [-122.0785, 37.60303]}}, {"id": "925", "type": "Feature", "properties": {"name": "Some South Bay", "step": 925, "lat": 37.60257, "lon": -122.07832, "elevation_m": 4.1, "time": null, "elevation_f": 13.451443999999999, "step_elevation_m": 0.0, "step_elevation_f": 0.0, "step_dist_m": 53.55126084188949, "step_dist_f": 175.6931186205047, "step_grade": 0.0, "step_turn": 1.234009219975178, "coast_speed_mps": 0.0, "coast_speed_mph": 0.0}, "geometry": {"type": "Point", "coordinates": [-122.07832, 37.60257]}}, {"id": "926", "type": "Feature", "properties": {"name": "Some South Bay", "step": 926, "lat": 37.60261, "lon": -122.07816, "elevation_m": 4.1, "time": null, "elevation_f": 13.451443999999999, "step_elevation_m": 0.0, "step_elevation_f": 0.0, "step_dist_m": 14.780389557302883, "step_dist_f": 48.49209327518159, "step_grade": 0.0, "step_turn": 90.28899168868634, "coast_speed_mps": 0.0, "coast_speed_mph": 0.0}, "geometry": {"type": "Point", "coordinates": [-122.07816, 37.60261]}}, {"id": "927", "type": "Feature", "properties": {"name": "Some South Bay", "step": 927, "lat": 37.60261, "lon": -122.07816, "elevation_m": 4.1, "time": null, "elevation_f": 13.451443999999999, "step_elevation_m": 0.0, "step_elevation_f": 0.0, "step_dist_m": 0.0, "step_dist_f": 0.0, "step_grade": null, "step_turn": null, "coast_speed_mps": 0.0, "coast_speed_mph": 0.0}, "geometry": {"type": "Point", "coordinates": [-122.07816, 37.60261]}}, {"id": "928", "type": "Feature", "properties": {"name": "Some South Bay", "step": 928, "lat": 37.60264, "lon": -122.078, "elevation_m": 4.1, "time": null, "elevation_f": 13.451443999999999, "step_elevation_m": 0.0, "step_elevation_f": 0.0, "step_dist_m": 14.484637042871507, "step_dist_f": 47.52177659573455, "step_grade": 0.0, "step_turn": null, "coast_speed_mps": 0.0, "coast_speed_mph": 0.0}, "geometry": {"type": "Point", "coordinates": [-122.078, 37.60264]}}, {"id": "929", "type": "Feature", "properties": {"name": "Some South Bay", "step": 929, "lat": 37.60206, "lon": -122.07781, "elevation_m": 4.1, "time": null, "elevation_f": 13.451443999999999, "step_elevation_m": 0.0, "step_elevation_f": 0.0, "step_dist_m": 66.62973738607793, "step_dist_f": 218.60150760573993, "step_grade": 0.0, "step_turn": 88.76561564221873, "coast_speed_mps": 0.0, "coast_speed_mph": 0.0}, "geometry": {"type": "Point", "coordinates": [-122.07781, 37.60206]}}, {"id": "930", "type": "Feature", "properties": {"name": "Some South Bay", "step": 930, "lat": 37.60191, "lon": -122.07768, "elevation_m": 4.1, "time": null, "elevation_f": 13.451443999999999, "step_elevation_m": 0.0, "step_elevation_f": 0.0, "step_dist_m": 20.23257326949952, "step_dist_f": 66.37983568550482, "step_grade": 0.0, "step_turn": 19.925491904227783, "coast_speed_mps": 0.0, "coast_speed_mph": 0.0}, "geometry": {"type": "Point", "coordinates": [-122.07768, 37.60191]}}, {"id": "931", "type": "Feature", "properties": {"name": "Some South Bay", "step": 931, "lat": 37.60163, "lon": -122.07727, "elevation_m": 4.2, "time": null, "elevation_f": 13.779528, "step_elevation_m": 0.10000000000000053, "step_elevation_f": 0.32808400000000226, "step_dist_m": 47.68631671482572, "step_dist_f": 156.45117533066883, "step_grade": 0.002097037617688565, "step_turn": 14.764420778022838, "coast_speed_mps": 0.0, "coast_speed_mph": 0.0}, "geometry": {"type": "Point", "coordinates": [-122.07727, 37.60163]}}, {"id": "932", "type": "Feature", "properties": {"name": "Some South Bay", "step": 932, "lat": 37.60152, "lon": -122.07699, "elevation_m": 4.2, "time": null, "elevation_f": 13.779528, "step_elevation_m": 0.0, "step_elevation_f": 0.0, "step_dist_m": 27.533128014637967, "step_dist_f": 90.33178771554482, "step_grade": 0.0, "step_turn": 14.3858439349857, "coast_speed_mps": 0.0, "coast_speed_mph": 0.0}, "geometry": {"type": "Point", "coordinates": [-122.07699, 37.60152]}}, {"id": "933", "type": "Feature", "properties": {"name": "Some South Bay", "step": 933, "lat": 37.60144, "lon": -122.07677, "elevation_m": 4.3, "time": null, "elevation_f": 14.107612, "step_elevation_m": 0.09999999999999964, "step_elevation_f": 0.3280839999999987, "step_dist_m": 21.325255889027694, "step_dist_f": 69.96475253095763, "step_grade": 0.004689275501329473, "step_turn": 1.7209101696745392, "coast_speed_mps": 0.0, "coast_speed_mph": 0.0}, "geometry": {"type": "Point", "coordinates": [-122.07677, 37.60144]}}, {"id": "934", "type": "Feature", "properties": {"name": "Some South Bay", "step": 934, "lat": 37.6012, "lon": -122.07634, "elevation_m": 4.2, "time": null, "elevation_f": 13.779528, "step_elevation_m": -0.09999999999999964, "step_elevation_f": -0.3280839999999987, "step_dist_m": 46.33798813850074, "step_dist_f": 152.02752500431876, "step_grade": -0.0021580565755489256, "step_turn": 10.50964514704657, "coast_speed_mps": 0.0, "coast_speed_mph": 0.0}, "geometry": {"type": "Point", "coordinates": [-122.07634, 37.6012]}}, {"id": "935", "type": "Feature", "properties": {"name": "Some South Bay", "step": 935, "lat": 37.60118, "lon": -122.0762, "elevation_m": 4.2, "time": null, "elevation_f": 13.779528, "step_elevation_m": 0.0, "step_elevation_f": 0.0, "step_dist_m": 12.532499379751792, "step_dist_f": 41.11712526506487, "step_grade": 0.0, "step_turn": 24.942412484071326, "coast_speed_mps": 0.0, "coast_speed_mph": 0.0}, "geometry": {"type": "Point", "coordinates": [-122.0762, 37.60118]}}, {"id": "936", "type": "Feature", "properties": {"name": "Some South Bay", "step": 936, "lat": 37.60103, "lon": -122.07594, "elevation_m": 4.0, "time": null, "elevation_f": 13.12336, "step_elevation_m": -0.20000000000000018, "step_elevation_f": -0.656168000000001, "step_dist_m": 28.33459820296657, "step_dist_f": 92.96128316822085, "step_grade": -0.007058508420248593, "step_turn": 25.840129541564295, "coast_speed_mps": 0.0, "coast_speed_mph": 0.0}, "geometry": {"type": "Point", "coordinates": [-122.07594, 37.60103]}}, {"id": "937", "type": "Feature", "properties": {"name": "Some South Bay", "step": 937, "lat": 37.60089, "lon": -122.07575, "elevation_m": 3.9, "time": null, "elevation_f": 12.795276, "step_elevation_m": -0.10000000000000009, "step_elevation_f": -0.3280840000000005, "step_dist_m": 22.85866189204292, "step_dist_f": 74.99561228189009, "step_grade": -0.0043747092665476625, "step_turn": 6.862248138567452, "coast_speed_mps": 0.0, "coast_speed_mph": 0.0}, "geometry": {"type": "Point", "coordinates": [-122.07575, 37.60089]}}, {"id": "938", "type": "Feature", "properties": {"name": "Some South Bay", "step": 938, "lat": 37.60081, "lon": -122.07552, "elevation_m": 3.9, "time": null, "elevation_f": 12.795276, "step_elevation_m": 0.0, "step_elevation_f": 0.0, "step_dist_m": 22.12912624927346, "step_dist_f": 72.60212256366634, "step_grade": 0.0, "step_turn": 19.221321864962874, "coast_speed_mps": 0.0, "coast_speed_mph": 0.0}, "geometry": {"type": "Point", "coordinates": [-122.07552, 37.60081]}}, {"id": "939", "type": "Feature", "properties": {"name": "Some South Bay", "step": 939, "lat": 37.60068, "lon": -122.0753, "elevation_m": 3.9, "time": null, "elevation_f": 12.795276, "step_elevation_m": 0.0, "step_elevation_f": 0.0, "step_dist_m": 24.17848700585943, "step_dist_f": 79.32574730830386, "step_grade": 0.0, "step_turn": 13.014380677824079, "coast_speed_mps": 0.0, "coast_speed_mph": 0.0}, "geometry": {"type": "Point", "coordinates": [-122.0753, 37.60068]}}, {"id": "940", "type": "Feature", "properties": {"name": "Some South Bay", "step": 940, "lat": 37.60052, "lon": -122.07479, "elevation_m": 4.1, "time": null, "elevation_f": 13.451443999999999, "step_elevation_m": 0.19999999999999973, "step_elevation_f": 0.6561679999999992, "step_dist_m": 48.32415446958153, "step_dist_f": 158.54381894998187, "step_grade": 0.004138717007990138, "step_turn": 15.11444620196096, "coast_speed_mps": 0.0, "coast_speed_mph": 0.0}, "geometry": {"type": "Point", "coordinates": [-122.07479, 37.60052]}}, {"id": "941", "type": "Feature", "properties": {"name": "Some South Bay", "step": 941, "lat": 37.60048, "lon": -122.07462, "elevation_m": 4.1, "time": null, "elevation_f": 13.451443999999999, "step_elevation_m": 0.0, "step_elevation_f": 0.0, "step_dist_m": 15.62316314898499, "step_dist_f": 51.257098585715916, "step_grade": 0.0, "step_turn": 5.061826797749461, "coast_speed_mps": 0.0, "coast_speed_mph": 0.0}, "geometry": {"type": "Point", "coordinates": [-122.07462, 37.60048]}}, {"id": "942", "type": "Feature", "properties": {"name": "Some South Bay", "step": 942, "lat": 37.60047, "lon": -122.07442, "elevation_m": 4.1, "time": null, "elevation_f": 13.451443999999999, "step_elevation_m": 0.0, "step_elevation_f": 0.0, "step_dist_m": 17.65465719623313, "step_dist_f": 57.92210551568951, "step_grade": 0.0, "step_turn": 12.92940701469388, "coast_speed_mps": 0.0, "coast_speed_mph": 0.0}, "geometry": {"type": "Point", "coordinates": [-122.07442, 37.60047]}}, {"id": "943", "type": "Feature", "properties": {"name": "Some South Bay", "step": 943, "lat": 37.60042, "lon": -122.07403, "elevation_m": 4.2, "time": null, "elevation_f": 13.779528, "step_elevation_m": 0.10000000000000053, "step_elevation_f": 0.32808400000000226, "step_dist_m": 34.80516798077588, "step_dist_f": 114.19018731804873, "step_grade": 0.002873136542689122, "step_turn": 5.580625552071012, "coast_speed_mps": 0.0, "coast_speed_mph": 0.0}, "geometry": {"type": "Point", "coordinates": [-122.07403, 37.60042]}}, {"id": "944", "type": "Feature", "properties": {"name": "Some South Bay", "step": 944, "lat": 37.60036, "lon": -122.07384, "elevation_m": 4.2, "time": null, "elevation_f": 13.779528, "step_elevation_m": 0.0, "step_elevation_f": 0.0, "step_dist_m": 18.019259952054313, "step_dist_f": 59.11830882109787, "step_grade": 0.0, "step_turn": 12.53956520772391, "coast_speed_mps": 0.0, "coast_speed_mph": 0.0}, "geometry": {"type": "Point", "coordinates": [-122.07384, 37.60036]}}, {"id": "945", "type": "Feature", "properties": {"name": "Some South Bay", "step": 945, "lat": 37.60028, "lon": -122.07364, "elevation_m": 4.0, "time": null, "elevation_f": 13.12336, "step_elevation_m": -0.20000000000000018, "step_elevation_f": -0.656168000000001, "step_dist_m": 19.73786660588206, "step_dist_f": 64.7567822752421, "step_grade": -0.010132807359251195, "step_turn": 5.056490557006953, "coast_speed_mps": 0.9088148642824647, "coast_speed_mph": 2.032960952671939}, "geometry": {"type": "Point", "coordinates": [-122.07364, 37.60028]}}, {"id": "946", "type": "Feature", "properties": {"name": "Some South Bay", "step": 946, "lat": 37.60025, "lon": -122.07345, "elevation_m": 3.9, "time": null, "elevation_f": 12.795276, "step_elevation_m": -0.10000000000000009, "step_elevation_f": -0.3280840000000005, "step_dist_m": 17.067836100358775, "step_dist_f": 55.996839391501084, "step_grade": -0.005858973534313353, "step_turn": 15.51694341101421, "coast_speed_mps": 0.09374871822073086, "coast_speed_mph": 0.20970991012153445}, "geometry": {"type": "Point", "coordinates": [-122.07345, 37.60025]}}, {"id": "947", "type": "Feature", "properties": {"name": "Some South Bay", "step": 947, "lat": 37.60019, "lon": -122.07322, "elevation_m": 3.9, "time": null, "elevation_f": 12.795276, "step_elevation_m": 0.0, "step_elevation_f": 0.0, "step_dist_m": 21.33272390271806, "step_dist_f": 69.98925388899353, "step_grade": 0.0, "step_turn": 6.953898136767293, "coast_speed_mps": 0.0, "coast_speed_mph": 0.0}, "geometry": {"type": "Point", "coordinates": [-122.07322, 37.60019]}}, {"id": "948", "type": "Feature", "properties": {"name": "Some South Bay", "step": 948, "lat": 37.6001, "lon": -122.07311, "elevation_m": 3.9, "time": null, "elevation_f": 12.795276, "step_elevation_m": 0.0, "step_elevation_f": 0.0, "step_dist_m": 13.93065077704796, "step_dist_f": 45.70423629537003, "step_grade": 0.0, "step_turn": 27.69646467729649, "coast_speed_mps": 0.0, "coast_speed_mph": 0.0}, "geometry": {"type": "Point", "coordinates": [-122.07311, 37.6001]}}, {"id": "949", "type": "Feature", "properties": {"name": "Some South Bay", "step": 949, "lat": 37.6, "lon": -122.07285, "elevation_m": 4.0, "time": null, "elevation_f": 13.12336, "step_elevation_m": 0.10000000000000009, "step_elevation_f": 0.3280840000000005, "step_dist_m": 25.461940984442855, "step_dist_f": 83.5365544593995, "step_grade": 0.003927430358160821, "step_turn": 20.027013801040198, "coast_speed_mps": 0.0, "coast_speed_mph": 0.0}, "geometry": {"type": "Point", "coordinates": [-122.07285, 37.6]}}, {"id": "950", "type": "Feature", "properties": {"name": "Some South Bay", "step": 950, "lat": 37.59993, "lon": -122.07276, "elevation_m": 4.0, "time": null, "elevation_f": 13.12336, "step_elevation_m": 0.0, "step_elevation_f": 0.0, "step_dist_m": 11.110905157849949, "step_dist_f": 36.45310207808043, "step_grade": 0.0, "step_turn": 18.576303449440843, "coast_speed_mps": 0.0, "coast_speed_mph": 0.0}, "geometry": {"type": "Point", "coordinates": [-122.07276, 37.59993]}}, {"id": "951", "type": "Feature", "properties": {"name": "Some South Bay", "step": 951, "lat": 37.59988, "lon": -122.07259, "elevation_m": 4.1, "time": null, "elevation_f": 13.451443999999999, "step_elevation_m": 0.09999999999999964, "step_elevation_f": 0.3280839999999987, "step_dist_m": 15.975440368435011, "step_dist_f": 52.41286377837632, "step_grade": 0.006259608354683237, "step_turn": 24.104294781578517, "coast_speed_mps": 0.0, "coast_speed_mph": 0.0}, "geometry": {"type": "Point", "coordinates": [-122.07259, 37.59988]}}, {"id": "952", "type": "Feature", "properties": {"name": "Some South Bay", "step": 952, "lat": 37.5998, "lon": -122.0724, "elevation_m": 4.2, "time": null, "elevation_f": 13.779528, "step_elevation_m": 0.10000000000000053, "step_elevation_f": 0.32808400000000226, "step_dist_m": 18.955683699816763, "step_dist_f": 62.19056530970683, "step_grade": 0.005275462578063971, "step_turn": 7.621650348699802, "coast_speed_mps": 0.0, "coast_speed_mph": 0.0}, "geometry": {"type": "Point", "coordinates": [-122.0724, 37.5998]}}, {"id": "953", "type": "Feature", "properties": {"name": "Some South Bay", "step": 953, "lat": 37.59966, "lon": -122.07216, "elevation_m": 4.3, "time": null, "elevation_f": 14.107612, "step_elevation_m": 0.09999999999999964, "step_elevation_f": 0.3280839999999987, "step_dist_m": 26.25639289256528, "step_dist_f": 86.14302405764387, "step_grade": 0.0038085962686944517, "step_turn": 8.374903997180866, "coast_speed_mps": 0.0, "coast_speed_mph": 0.0}, "geometry": {"type": "Point", "coordinates": [-122.07216, 37.59966]}}, {"id": "954", "type": "Feature", "properties": {"name": "Some South Bay", "step": 954, "lat": 37.59953, "lon": -122.07199, "elevation_m": 4.2, "time": null, "elevation_f": 13.779528, "step_elevation_m": -0.09999999999999964, "step_elevation_f": -0.3280839999999987, "step_dist_m": 20.814962233790084, "step_dist_f": 68.29056069510786, "step_grade": -0.004804236437079098, "step_turn": 7.622186803066484, "coast_speed_mps": 0.0, "coast_speed_mph": 0.0}, "geometry": {"type": "Point", "coordinates": [-122.07199, 37.59953]}}, {"id": "955", "type": "Feature", "properties": {"name": "Some South Bay", "step": 955, "lat": 37.59935, "lon": -122.07181, "elevation_m": 4.0, "time": null, "elevation_f": 13.12336, "step_elevation_m": -0.20000000000000018, "step_elevation_f": -0.656168000000001, "step_dist_m": 25.53577084246603, "step_dist_f": 83.77877841079625, "step_grade": -0.007832150485443732, "step_turn": 7.625468992402261, "coast_speed_mps": 0.0, "coast_speed_mph": 0.0}, "geometry": {"type": "Point", "coordinates": [-122.07181, 37.59935]}}, {"id": "956", "type": "Feature", "properties": {"name": "Some South Bay", "step": 956, "lat": 37.59925, "lon": -122.07173, "elevation_m": 4.0, "time": null, "elevation_f": 13.12336, "step_elevation_m": 0.0, "step_elevation_f": 0.0, "step_dist_m": 13.164982506575168, "step_dist_f": 43.19220120687207, "step_grade": 0.0, "step_turn": 6.02159819359747, "coast_speed_mps": 0.0, "coast_speed_mph": 0.0}, "geometry": {"type": "Point", "coordinates": [-122.07173, 37.59925]}}, {"id": "957", "type": "Feature", "properties": {"name": "Some South Bay", "step": 957, "lat": 37.59883, "lon": -122.07165, "elevation_m": 4.5, "time": null, "elevation_f": 14.76378, "step_elevation_m": 0.5, "step_elevation_f": 1.6404200000000007, "step_dist_m": 47.23069531983389, "step_dist_f": 154.95635443312383, "step_grade": 0.010586335784686866, "step_turn": 23.786073721746902, "coast_speed_mps": 0.0, "coast_speed_mph": 0.0}, "geometry": {"type": "Point", "coordinates": [-122.07165, 37.59883]}}, {"id": "958", "type": "Feature", "properties": {"name": "Some South Bay", "step": 958, "lat": 37.5987, "lon": -122.0716, "elevation_m": 4.8, "time": null, "elevation_f": 15.748031999999998, "step_elevation_m": 0.2999999999999998, "step_elevation_f": 0.9842519999999979, "step_dist_m": 15.111615249315156, "step_dist_f": 49.578791774563136, "step_grade": 0.019852278863015358, "step_turn": 8.365649801554696, "coast_speed_mps": 0.0, "coast_speed_mph": 0.0}, "geometry": {"type": "Point", "coordinates": [-122.0716, 37.5987]}}, {"id": "959", "type": "Feature", "properties": {"name": "Some South Bay", "step": 959, "lat": 37.59823, "lon": -122.07157, "elevation_m": 5.2, "time": null, "elevation_f": 17.060368, "step_elevation_m": 0.40000000000000036, "step_elevation_f": 1.312336000000002, "step_dist_m": 52.32840500653689, "step_dist_f": 171.68112428164648, "step_grade": 0.0076440319545384985, "step_turn": 14.052517296235237, "coast_speed_mps": 0.0, "coast_speed_mph": 0.0}, "geometry": {"type": "Point", "coordinates": [-122.07157, 37.59823]}}, {"id": "960", "type": "Feature", "properties": {"name": "Some South Bay", "step": 960, "lat": 37.59767, "lon": -122.07156, "elevation_m": 5.2, "time": null, "elevation_f": 17.060368, "step_elevation_m": 0.0, "step_elevation_f": 0.0, "step_dist_m": 62.27539105966313, "step_dist_f": 204.3155940041852, "step_grade": 0.0, "step_turn": 2.084552533874671, "coast_speed_mps": 0.0, "coast_speed_mph": 0.0}, "geometry": {"type": "Point", "coordinates": [-122.07156, 37.59767]}}, {"id": "961", "type": "Feature", "properties": {"name": "Some South Bay", "step": 961, "lat": 37.59726, "lon": -122.07157, "elevation_m": 5.2, "time": null, "elevation_f": 17.060368, "step_elevation_m": 0.0, "step_elevation_f": 0.0, "step_dist_m": 45.59843185586092, "step_dist_f": 149.60115916998274, "step_grade": 0.0, "step_turn": 1.917688173064164, "coast_speed_mps": 0.0, "coast_speed_mph": 0.0}, "geometry": {"type": "Point", "coordinates": [-122.07157, 37.59726]}}, {"id": "962", "type": "Feature", "properties": {"name": "Some South Bay", "step": 962, "lat": 37.59713, "lon": -122.07153, "elevation_m": 5.3, "time": null, "elevation_f": 17.388452, "step_elevation_m": 0.09999999999999964, "step_elevation_f": 0.3280840000000005, "step_dist_m": 14.878709030547203, "step_dist_f": 48.814663735780485, "step_grade": 0.006721013213894532, "step_turn": 14.808020482419522, "coast_speed_mps": 0.0, "coast_speed_mph": 0.0}, "geometry": {"type": "Point", "coordinates": [-122.07153, 37.59713]}}, {"id": "963", "type": "Feature", "properties": {"name": "Some South Bay", "step": 963, "lat": 37.59709, "lon": -122.07131, "elevation_m": 5.4, "time": null, "elevation_f": 17.716536, "step_elevation_m": 0.10000000000000053, "step_elevation_f": 0.3280840000000005, "step_dist_m": 19.886225658311655, "step_dist_f": 65.2435245888152, "step_grade": 0.005028606318675887, "step_turn": 63.37491770038747, "coast_speed_mps": 0.0, "coast_speed_mph": 0.0}, "geometry": {"type": "Point", "coordinates": [-122.07131, 37.59709]}}, {"id": "964", "type": "Feature", "properties": {"name": "Some South Bay", "step": 964, "lat": 37.5971, "lon": -122.07126, "elevation_m": 5.3, "time": null, "elevation_f": 17.388452, "step_elevation_m": -0.10000000000000053, "step_elevation_f": -0.3280840000000005, "step_dist_m": 4.543275221928351, "step_dist_f": 14.90575907911141, "step_grade": -0.02201055298550821, "step_turn": 27.091005968735942, "coast_speed_mps": 0.0, "coast_speed_mph": 0.0}, "geometry": {"type": "Point", "coordinates": [-122.07126, 37.5971]}}, {"id": "965", "type": "Feature", "properties": {"name": "Some South Bay", "step": 965, "lat": 37.59687, "lon": -122.07118, "elevation_m": 5.3, "time": null, "elevation_f": 17.388452, "step_elevation_m": 0.0, "step_elevation_f": 0.0, "step_dist_m": 26.52826469914582, "step_dist_f": 87.03499195554556, "step_grade": 0.0, "step_turn": 88.75914170795636, "coast_speed_mps": 0.0, "coast_speed_mph": 0.0}, "geometry": {"type": "Point", "coordinates": [-122.07118, 37.59687]}}, {"id": "966", "type": "Feature", "properties": {"name": "Some South Bay", "step": 966, "lat": 37.59693, "lon": -122.07104, "elevation_m": 5.3, "time": null, "elevation_f": 17.388452, "step_elevation_m": 0.0, "step_elevation_f": 0.0, "step_dist_m": 14.023083868310238, "step_dist_f": 46.00749447850696, "step_grade": 0.0, "step_turn": 103.00151996853435, "coast_speed_mps": 0.0, "coast_speed_mph": 0.0}, "geometry": {"type": "Point", "coordinates": [-122.07104, 37.59693]}}, {"id": "967", "type": "Feature", "properties": {"name": "Some South Bay", "step": 967, "lat": 37.59714, "lon": -122.07048, "elevation_m": 5.4, "time": null, "elevation_f": 17.716536, "step_elevation_m": 0.10000000000000053, "step_elevation_f": 0.3280840000000005, "step_dist_m": 54.58409162380915, "step_dist_f": 179.08167116305802, "step_grade": 0.0018320356174321918, "step_turn": 3.081196005649474, "coast_speed_mps": 0.0, "coast_speed_mph": 0.0}, "geometry": {"type": "Point", "coordinates": [-122.07048, 37.59714]}}, {"id": "968", "type": "Feature", "properties": {"name": "Some South Bay", "step": 968, "lat": 37.59734, "lon": -122.06992, "elevation_m": 5.4, "time": null, "elevation_f": 17.716536, "step_elevation_m": 0.0, "step_elevation_f": 0.0, "step_dist_m": 54.11761236209851, "step_dist_f": 177.55122734206728, "step_grade": 0.0, "step_turn": 1.0640866960915787, "coast_speed_mps": 0.0, "coast_speed_mph": 0.0}, "geometry": {"type": "Point", "coordinates": [-122.06992, 37.59734]}}, {"id": "969", "type": "Feature", "properties": {"name": "Some South Bay", "step": 969, "lat": 37.59753, "lon": -122.0691, "elevation_m": 5.4, "time": null, "elevation_f": 17.716536, "step_elevation_m": 0.0, "step_elevation_f": 0.0, "step_dist_m": 75.2691892878459, "step_dist_f": 246.94616698313635, "step_grade": 0.0, "step_turn": 7.962520952860018, "coast_speed_mps": 0.0, "coast_speed_mph": 0.0}, "geometry": {"type": "Point", "coordinates": [-122.0691, 37.59753]}}, {"id": "970", "type": "Feature", "properties": {"name": "Some South Bay", "step": 970, "lat": 37.59771, "lon": -122.06827, "elevation_m": 5.4, "time": null, "elevation_f": 17.716536, "step_elevation_m": 0.0, "step_elevation_f": 0.0, "step_dist_m": 75.81390113812313, "step_dist_f": 248.73327940999988, "step_grade": 0.0, "step_turn": 0.9934600036968959, "coast_speed_mps": 0.0, "coast_speed_mph": 0.0}, "geometry": {"type": "Point", "coordinates": [-122.06827, 37.59771]}}, {"id": "971", "type": "Feature", "properties": {"name": "Some South Bay", "step": 971, "lat": 37.59778, "lon": -122.06798, "elevation_m": 5.4, "time": null, "elevation_f": 17.716536, "step_elevation_m": 0.0, "step_elevation_f": 0.0, "step_dist_m": 26.70870987629053, "step_dist_f": 87.62700371052902, "step_grade": 0.0, "step_turn": 1.63554469368637, "coast_speed_mps": 0.0, "coast_speed_mph": 0.0}, "geometry": {"type": "Point", "coordinates": [-122.06798, 37.59778]}}, {"id": "972", "type": "Feature", "properties": {"name": "Some South Bay", "step": 972, "lat": 37.59778, "lon": -122.06798, "elevation_m": 5.4, "time": null, "elevation_f": 17.716536, "step_elevation_m": 0.0, "step_elevation_f": 0.0, "step_dist_m": 0.0, "step_dist_f": 0.0, "step_grade": null, "step_turn": null, "coast_speed_mps": 0.0, "coast_speed_mph": 0.0}, "geometry": {"type": "Point", "coordinates": [-122.06798, 37.59778]}}, {"id": "973", "type": "Feature", "properties": {"name": "Some South Bay", "step": 973, "lat": 37.59795, "lon": -122.0673, "elevation_m": 5.4, "time": null, "elevation_f": 17.716536, "step_elevation_m": 0.0, "step_elevation_f": 0.0, "step_dist_m": 62.82028386582706, "step_dist_f": 206.10330011836004, "step_grade": 0.0, "step_turn": null, "coast_speed_mps": 0.0, "coast_speed_mph": 0.0}, "geometry": {"type": "Point", "coordinates": [-122.0673, 37.59795]}}, {"id": "974", "type": "Feature", "properties": {"name": "Some South Bay", "step": 974, "lat": 37.59803, "lon": -122.06694, "elevation_m": 5.4, "time": null, "elevation_f": 17.716536, "step_elevation_m": 0.0, "step_elevation_f": 0.0, "step_dist_m": 32.94022425737779, "step_dist_f": 108.07160535257536, "step_grade": 0.0, "step_turn": 1.8448579730849133, "coast_speed_mps": 0.0, "coast_speed_mph": 0.0}, "geometry": {"type": "Point", "coordinates": [-122.06694, 37.59803]}}, {"id": "975", "type": "Feature", "properties": {"name": "Some South Bay", "step": 975, "lat": 37.59805, "lon": -122.06677, "elevation_m": 5.4, "time": null, "elevation_f": 17.716536, "step_elevation_m": 0.0, "step_elevation_f": 0.0, "step_dist_m": 15.141363396260811, "step_dist_f": 49.67639068498832, "step_grade": 0.0, "step_turn": 7.221543862165959, "coast_speed_mps": 0.0, "coast_speed_mph": 0.0}, "geometry": {"type": "Point", "coordinates": [-122.06677, 37.59805]}}, {"id": "976", "type": "Feature", "properties": {"name": "Some South Bay", "step": 976, "lat": 37.59806, "lon": -122.06666, "elevation_m": 5.4, "time": null, "elevation_f": 17.716536, "step_elevation_m": 0.0, "step_elevation_f": 0.0, "step_dist_m": 9.754681626714898, "step_dist_f": 32.003549668191305, "step_grade": 0.0, "step_turn": 1.9004802298480286, "coast_speed_mps": 0.0, "coast_speed_mph": 0.0}, "geometry": {"type": "Point", "coordinates": [-122.06666, 37.59806]}}, {"id": "977", "type": "Feature", "properties": {"name": "Some South Bay", "step": 977, "lat": 37.59794, "lon": -122.06663, "elevation_m": 5.4, "time": null, "elevation_f": 17.716536, "step_elevation_m": 0.0, "step_elevation_f": 0.0, "step_dist_m": 13.602635383966554, "step_dist_f": 44.62807027313283, "step_grade": 0.0, "step_turn": 85.34148329814985, "coast_speed_mps": 0.0, "coast_speed_mph": 0.0}, "geometry": {"type": "Point", "coordinates": [-122.06663, 37.59794]}}, {"id": "978", "type": "Feature", "properties": {"name": "Some South Bay", "step": 978, "lat": 37.59773, "lon": -122.0665, "elevation_m": 5.3, "time": null, "elevation_f": 17.388452, "step_elevation_m": -0.10000000000000053, "step_elevation_f": -0.3280840000000005, "step_dist_m": 26.008475288394102, "step_dist_f": 85.3296460651749, "step_grade": -0.0038449005138192034, "step_turn": 14.923032865654022, "coast_speed_mps": 0.0, "coast_speed_mph": 0.0}, "geometry": {"type": "Point", "coordinates": [-122.0665, 37.59773]}}, {"id": "979", "type": "Feature", "properties": {"name": "Some South Bay", "step": 979, "lat": 37.5977, "lon": -122.06642, "elevation_m": 5.3, "time": null, "elevation_f": 17.388452, "step_elevation_m": 0.0, "step_elevation_f": 0.0, "step_dist_m": 7.797669155023302, "step_dist_f": 25.582904870566647, "step_grade": 0.0, "step_turn": 38.544927014130224, "coast_speed_mps": 0.0, "coast_speed_mph": 0.0}, "geometry": {"type": "Point", "coordinates": [-122.06642, 37.5977]}}, {"id": "980", "type": "Feature", "properties": {"name": "Some South Bay", "step": 980, "lat": 37.59711, "lon": -122.066, "elevation_m": 5.2, "time": null, "elevation_f": 17.060368, "step_elevation_m": -0.09999999999999964, "step_elevation_f": -0.3280840000000005, "step_dist_m": 75.32075778115804, "step_dist_f": 247.11535495873454, "step_grade": -0.0013276552566099551, "step_turn": 35.24785780824453, "coast_speed_mps": 0.0, "coast_speed_mph": 0.0}, "geometry": {"type": "Point", "coordinates": [-122.066, 37.59711]}}, {"id": "981", "type": "Feature", "properties": {"name": "Some South Bay", "step": 981, "lat": 37.59689, "lon": -122.06561, "elevation_m": 5.2, "time": null, "elevation_f": 17.060368, "step_elevation_m": 0.0, "step_elevation_f": 0.0, "step_dist_m": 42.178560283803044, "step_dist_f": 138.38110772151236, "step_grade": 0.0, "step_turn": 25.126609035785236, "coast_speed_mps": 0.0, "coast_speed_mph": 0.0}, "geometry": {"type": "Point", "coordinates": [-122.06561, 37.59689]}}, {"id": "982", "type": "Feature", "properties": {"name": "Some South Bay", "step": 982, "lat": 37.59699, "lon": -122.06553, "elevation_m": 5.3, "time": null, "elevation_f": 17.388452, "step_elevation_m": 0.09999999999999964, "step_elevation_f": 0.3280840000000005, "step_dist_m": 13.16510218857502, "step_dist_f": 43.19259386436447, "step_grade": 0.00759583925499507, "step_turn": 93.08042753147794, "coast_speed_mps": 0.0, "coast_speed_mph": 0.0}, "geometry": {"type": "Point", "coordinates": [-122.06553, 37.59699]}}, {"id": "983", "type": "Feature", "properties": {"name": "Some South Bay", "step": 983, "lat": 37.59713, "lon": -122.06528, "elevation_m": 5.2, "time": null, "elevation_f": 17.060368, "step_elevation_m": -0.09999999999999964, "step_elevation_f": -0.3280840000000005, "step_dist_m": 26.97153926561753, "step_dist_f": 88.48930488420862, "step_grade": -0.003707611902131092, "step_turn": 22.378993828874457, "coast_speed_mps": 0.0, "coast_speed_mph": 0.0}, "geometry": {"type": "Point", "coordinates": [-122.06528, 37.59713]}}, {"id": "984", "type": "Feature", "properties": {"name": "Some South Bay", "step": 984, "lat": 37.59713, "lon": -122.06525, "elevation_m": 5.2, "time": null, "elevation_f": 17.060368, "step_elevation_m": 0.0, "step_elevation_f": 0.0, "step_dist_m": 2.6430596118344516, "step_dist_f": 8.671455696890941, "step_grade": 0.0, "step_turn": 35.25213664253715, "coast_speed_mps": 0.0, "coast_speed_mph": 0.0}, "geometry": {"type": "Point", "coordinates": [-122.06525, 37.59713]}}, {"id": "985", "type": "Feature", "properties": {"name": "Some South Bay", "step": 985, "lat": 37.59713, "lon": -122.06525, "elevation_m": 5.2, "time": null, "elevation_f": 17.060368, "step_elevation_m": 0.0, "step_elevation_f": 0.0, "step_dist_m": 0.0, "step_dist_f": 0.0, "step_grade": null, "step_turn": null, "coast_speed_mps": 0.0, "coast_speed_mph": 0.0}, "geometry": {"type": "Point", "coordinates": [-122.06525, 37.59713]}}, {"id": "986", "type": "Feature", "properties": {"name": "Some South Bay", "step": 986, "lat": 37.59716, "lon": -122.06506, "elevation_m": 5.2, "time": null, "elevation_f": 17.060368, "step_elevation_m": 0.0, "step_elevation_f": 0.0, "step_dist_m": 17.068524489385805, "step_dist_f": 55.99909788575653, "step_grade": 0.0, "step_turn": null, "coast_speed_mps": 0.0, "coast_speed_mph": 0.0}, "geometry": {"type": "Point", "coordinates": [-122.06506, 37.59716]}}, {"id": "987", "type": "Feature", "properties": {"name": "Some South Bay", "step": 987, "lat": 37.59724, "lon": -122.06411, "elevation_m": 5.3, "time": null, "elevation_f": 17.388452, "step_elevation_m": 0.09999999999999964, "step_elevation_f": 0.3280840000000005, "step_dist_m": 84.1682091433148, "step_dist_f": 276.14242728575294, "step_grade": 0.0011880970382740087, "step_turn": 5.203288821542401, "coast_speed_mps": 0.0, "coast_speed_mph": 0.0}, "geometry": {"type": "Point", "coordinates": [-122.06411, 37.59724]}}, {"id": "988", "type": "Feature", "properties": {"name": "Some South Bay", "step": 988, "lat": 37.59728, "lon": -122.0637, "elevation_m": 5.3, "time": null, "elevation_f": 17.388452, "step_elevation_m": 0.0, "step_elevation_f": 0.0, "step_dist_m": 36.39455779652794, "step_dist_f": 119.40472100116072, "step_grade": 0.0, "step_turn": 0.9527058971678457, "coast_speed_mps": 0.0, "coast_speed_mph": 0.0}, "geometry": {"type": "Point", "coordinates": [-122.0637, 37.59728]}}, {"id": "989", "type": "Feature", "properties": {"name": "Some South Bay", "step": 989, "lat": 37.59721, "lon": -122.06336, "elevation_m": 5.3, "time": null, "elevation_f": 17.388452, "step_elevation_m": 0.0, "step_elevation_f": 0.0, "step_dist_m": 30.94939328407478, "step_dist_f": 101.5400074621239, "step_grade": 0.0, "step_turn": 21.585763588767236, "coast_speed_mps": 0.0, "coast_speed_mph": 0.0}, "geometry": {"type": "Point", "coordinates": [-122.06336, 37.59721]}}, {"id": "990", "type": "Feature", "properties": {"name": "Some South Bay", "step": 990, "lat": 37.59685, "lon": -122.06235, "elevation_m": 6.7, "time": null, "elevation_f": 21.981628, "step_elevation_m": 1.4000000000000004, "step_elevation_f": 4.593176, "step_dist_m": 97.57259660082339, "step_dist_f": 320.1200778318454, "step_grade": 0.014348290901055985, "step_turn": 9.65494182582762, "coast_speed_mps": 0.0, "coast_speed_mph": 0.0}, "geometry": {"type": "Point", "coordinates": [-122.06235, 37.59685]}}, {"id": "991", "type": "Feature", "properties": {"name": "Some South Bay", "step": 991, "lat": 37.59679, "lon": -122.06223, "elevation_m": 6.7, "time": null, "elevation_f": 21.981628, "step_elevation_m": 0.0, "step_elevation_f": 0.0, "step_dist_m": 12.501387096445221, "step_dist_f": 41.01505084150134, "step_grade": 0.0, "step_turn": 8.033271439047155, "coast_speed_mps": 0.0, "coast_speed_mph": 0.0}, "geometry": {"type": "Point", "coordinates": [-122.06223, 37.59679]}}, {"id": "992", "type": "Feature", "properties": {"name": "Some South Bay", "step": 992, "lat": 37.59671, "lon": -122.06213, "elevation_m": 6.7, "time": null, "elevation_f": 21.981628, "step_elevation_m": 0.0, "step_elevation_f": 0.0, "step_dist_m": 12.520063460743799, "step_dist_f": 41.07632500454668, "step_grade": 0.0, "step_turn": 13.022002037472987, "coast_speed_mps": 0.0, "coast_speed_mph": 0.0}, "geometry": {"type": "Point", "coordinates": [-122.06213, 37.59671]}}, {"id": "993", "type": "Feature", "properties": {"name": "Some South Bay", "step": 993, "lat": 37.59655, "lon": -122.06199, "elevation_m": 6.6, "time": null, "elevation_f": 21.653544, "step_elevation_m": -0.10000000000000053, "step_elevation_f": -0.3280840000000005, "step_dist_m": 21.648622194732948, "step_dist_f": 71.02566564136764, "step_grade": -0.004619231612085238, "step_turn": 9.990814469792952, "coast_speed_mps": 0.0, "coast_speed_mph": 0.0}, "geometry": {"type": "Point", "coordinates": [-122.06199, 37.59655]}}, {"id": "994", "type": "Feature", "properties": {"name": "Some South Bay", "step": 994, "lat": 37.59606, "lon": -122.0617, "elevation_m": 5.5, "time": null, "elevation_f": 18.04462, "step_elevation_m": -1.0999999999999996, "step_elevation_f": -3.608924000000002, "step_dist_m": 60.17862215212071, "step_dist_f": 197.4364307015637, "step_grade": -0.018278916343737447, "step_turn": 9.609675631768312, "coast_speed_mps": 3.483728385939858, "coast_speed_mph": 7.792878458168965}, "geometry": {"type": "Point", "coordinates": [-122.0617, 37.59606]}}, {"id": "995", "type": "Feature", "properties": {"name": "Some South Bay", "step": 995, "lat": 37.59592, "lon": -122.06158, "elevation_m": 5.4, "time": null, "elevation_f": 17.716536, "step_elevation_m": -0.09999999999999964, "step_elevation_f": -0.32808399999999693, "step_dist_m": 18.817974393682174, "step_dist_f": 61.73876310976822, "step_grade": -0.005314068236460827, "step_turn": 9.058759803412158, "coast_speed_mps": 2.9738600882910458, "coast_speed_mph": 6.652335558990342}, "geometry": {"type": "Point", "coordinates": [-122.06158, 37.59592]}}, {"id": "996", "type": "Feature", "properties": {"name": "Some South Bay", "step": 996, "lat": 37.59585, "lon": -122.06151, "elevation_m": 5.4, "time": null, "elevation_f": 17.716536, "step_elevation_m": 0.0, "step_elevation_f": 0.0, "step_dist_m": 9.93076053365172, "step_dist_f": 32.58123638922591, "step_grade": 0.0, "step_turn": 4.208874665288761, "coast_speed_mps": 2.6667249595911224, "coast_speed_mph": 5.965293843036685}, "geometry": {"type": "Point", "coordinates": [-122.06151, 37.59585]}}, {"id": "997", "type": "Feature", "properties": {"name": "Some South Bay", "step": 997, "lat": 37.59577, "lon": -122.06138, "elevation_m": 5.4, "time": null, "elevation_f": 17.716536, "step_elevation_m": 0.0, "step_elevation_f": 0.0, "step_dist_m": 14.502185190152149, "step_dist_f": 47.57934925925878, "step_grade": 0.0, "step_turn": 13.773533347791044, "coast_speed_mps": 2.0253901204443463, "coast_speed_mph": 4.53066866599039}, "geometry": {"type": "Point", "coordinates": [-122.06138, 37.59577]}}, {"id": "998", "type": "Feature", "properties": {"name": "Some South Bay", "step": 998, "lat": 37.59571, "lon": -122.06123, "elevation_m": 5.4, "time": null, "elevation_f": 17.716536, "step_elevation_m": 0.0, "step_elevation_f": 0.0, "step_dist_m": 14.804126115038438, "step_dist_f": 48.56996912326271, "step_grade": 0.0, "step_turn": 11.049195778947649, "coast_speed_mps": 1.160579197100287, "coast_speed_mph": 2.5961417257969885}, "geometry": {"type": "Point", "coordinates": [-122.06123, 37.59571]}}, {"id": "999", "type": "Feature", "properties": {"name": "Some South Bay", "step": 999, "lat": 37.59555, "lon": -122.06067, "elevation_m": 5.5, "time": null, "elevation_f": 18.04462, "step_elevation_m": 0.09999999999999964, "step_elevation_f": 0.32808399999999693, "step_dist_m": 52.447833285939005, "step_dist_f": 172.07294935784012, "step_grade": 0.0019066564571850316, "step_turn": 6.957290257671275, "coast_speed_mps": 0.0, "coast_speed_mph": 0.0}, "geometry": {"type": "Point", "coordinates": [-122.06067, 37.59555]}}, {"id": "1000", "type": "Feature", "properties": {"name": "Some South Bay", "step": 1000, "lat": 37.59539, "lon": -122.0601, "elevation_m": 5.7, "time": null, "elevation_f": 18.700788, "step_elevation_m": 0.20000000000000018, "step_elevation_f": 0.656168000000001, "step_dist_m": 53.27757264989485, "step_dist_f": 174.79519145268102, "step_grade": 0.003753924776458353, "step_turn": 0.3214472309937264, "coast_speed_mps": 0.0, "coast_speed_mph": 0.0}, "geometry": {"type": "Point", "coordinates": [-122.0601, 37.59539]}}, {"id": "1001", "type": "Feature", "properties": {"name": "Some South Bay", "step": 1001, "lat": 37.59548, "lon": -122.06007, "elevation_m": 5.5, "time": null, "elevation_f": 18.04462, "step_elevation_m": -0.20000000000000018, "step_elevation_f": -0.656168000000001, "step_dist_m": 10.350700809748787, "step_dist_f": 33.95899324465621, "step_grade": -0.019322363159374734, "step_turn": 94.71284129608927, "coast_speed_mps": 0.0, "coast_speed_mph": 0.0}, "geometry": {"type": "Point", "coordinates": [-122.06007, 37.59548]}}, {"id": "1002", "type": "Feature", "properties": {"name": "Some South Bay", "step": 1002, "lat": 37.59555, "lon": -122.06002, "elevation_m": 5.5, "time": null, "elevation_f": 18.04462, "step_elevation_m": 0.0, "step_elevation_f": 0.0, "step_dist_m": 8.943761515558267, "step_dist_f": 29.343050530704183, "step_grade": 0.0, "step_turn": 14.71319793252701, "coast_speed_mps": 0.37678649303397704, "coast_speed_mph": 0.8428473806236055}, "geometry": {"type": "Point", "coordinates": [-122.06002, 37.59555]}}, {"id": "1003", "type": "Feature", "properties": {"name": "Some South Bay", "step": 1003, "lat": 37.59559, "lon": -122.05998, "elevation_m": 5.4, "time": null, "elevation_f": 17.716536, "step_elevation_m": -0.09999999999999964, "step_elevation_f": -0.32808399999999693, "step_dist_m": 5.674729569840715, "step_dist_f": 18.61787976191621, "step_grade": -0.01762198511299395, "step_turn": 8.883163544399167, "coast_speed_mps": 0.47573079866697454, "coast_speed_mph": 1.0641794887861802}, "geometry": {"type": "Point", "coordinates": [-122.05998, 37.59559]}}, {"id": "1004", "type": "Feature", "properties": {"name": "Some South Bay", "step": 1004, "lat": 37.59561, "lon": -122.05988, "elevation_m": 5.4, "time": null, "elevation_f": 17.716536, "step_elevation_m": 0.0, "step_elevation_f": 0.0, "step_dist_m": 9.086722072099509, "step_dist_f": 29.812081243026952, "step_grade": 0.0, "step_turn": 37.442339221121244, "coast_speed_mps": 0.0, "coast_speed_mph": 0.0}, "geometry": {"type": "Point", "coordinates": [-122.05988, 37.59561]}}, {"id": "1005", "type": "Feature", "properties": {"name": "Some South Bay", "step": 1005, "lat": 37.59553, "lon": -122.05924, "elevation_m": 5.6, "time": null, "elevation_f": 18.372704, "step_elevation_m": 0.1999999999999993, "step_elevation_f": 0.6561679999999974, "step_dist_m": 57.083831108143826, "step_dist_f": 187.28291645284258, "step_grade": 0.0035036190829782344, "step_turn": 23.13155749688559, "coast_speed_mps": 0.0, "coast_speed_mph": 0.0}, "geometry": {"type": "Point", "coordinates": [-122.05924, 37.59553]}}, {"id": "1006", "type": "Feature", "properties": {"name": "Some South Bay", "step": 1006, "lat": 37.59553, "lon": -122.05924, "elevation_m": 5.6, "time": null, "elevation_f": 18.372704, "step_elevation_m": 0.0, "step_elevation_f": 0.0, "step_dist_m": 0.0, "step_dist_f": 0.0, "step_grade": null, "step_turn": null, "coast_speed_mps": 0.0, "coast_speed_mph": 0.0}, "geometry": {"type": "Point", "coordinates": [-122.05924, 37.59553]}}, {"id": "1007", "type": "Feature", "properties": {"name": "Some South Bay", "step": 1007, "lat": 37.59549, "lon": -122.05896, "elevation_m": 6.4, "time": null, "elevation_f": 20.997376000000003, "step_elevation_m": 0.8000000000000007, "step_elevation_f": 2.624672000000004, "step_dist_m": 25.066852030786702, "step_dist_f": 82.24033081668624, "step_grade": 0.03191465761306819, "step_turn": null, "coast_speed_mps": 0.0, "coast_speed_mph": 0.0}, "geometry": {"type": "Point", "coordinates": [-122.05896, 37.59549]}}, {"id": "1008", "type": "Feature", "properties": {"name": "Some South Bay", "step": 1008, "lat": 37.59569, "lon": -122.05828, "elevation_m": 5.6, "time": null, "elevation_f": 18.372704, "step_elevation_m": -0.8000000000000007, "step_elevation_f": -2.624672000000004, "step_dist_m": 63.905018562175535, "step_dist_f": 209.662141099528, "step_grade": -0.012518578634347025, "step_turn": 30.585725143944217, "coast_speed_mps": 2.380224419352289, "coast_speed_mph": 5.324410386883246}, "geometry": {"type": "Point", "coordinates": [-122.05828, 37.59569]}}, {"id": "1009", "type": "Feature", "properties": {"name": "Some South Bay", "step": 1009, "lat": 37.59577, "lon": -122.05812, "elevation_m": 5.5, "time": null, "elevation_f": 18.04462, "step_elevation_m": -0.09999999999999964, "step_elevation_f": -0.3280840000000005, "step_dist_m": 16.668690758519606, "step_dist_f": 54.687307388181466, "step_grade": -0.005999271415416248, "step_turn": 11.888584943210446, "coast_speed_mps": 2.083265152005831, "coast_speed_mph": 4.660131424494069}, "geometry": {"type": "Point", "coordinates": [-122.05812, 37.59577]}}, {"id": "1010", "type": "Feature", "properties": {"name": "Some South Bay", "step": 1010, "lat": 37.59585, "lon": -122.05764, "elevation_m": 5.4, "time": null, "elevation_f": 17.716536, "step_elevation_m": -0.09999999999999964, "step_elevation_f": -0.32808399999999693, "step_dist_m": 43.215167006800854, "step_dist_f": 141.7820485225925, "step_grade": -0.0023140023960629944, "step_turn": 20.374792236696976, "coast_speed_mps": 0.0, "coast_speed_mph": 0.0}, "geometry": {"type": "Point", "coordinates": [-122.05764, 37.59585]}}, {"id": "1011", "type": "Feature", "properties": {"name": "Some South Bay", "step": 1011, "lat": 37.59593, "lon": -122.05692, "elevation_m": 5.4, "time": null, "elevation_f": 17.716536, "step_elevation_m": 0.0, "step_elevation_f": 0.0, "step_dist_m": 64.05517806869808, "step_dist_f": 210.1547904149074, "step_grade": 0.0, "step_turn": 3.8961620406212774, "coast_speed_mps": 0.0, "coast_speed_mph": 0.0}, "geometry": {"type": "Point", "coordinates": [-122.05692, 37.59593]}}, {"id": "1012", "type": "Feature", "properties": {"name": "Some South Bay", "step": 1012, "lat": 37.59598, "lon": -122.05639, "elevation_m": 5.6, "time": null, "elevation_f": 18.372704, "step_elevation_m": 0.1999999999999993, "step_elevation_f": 0.6561679999999974, "step_dist_m": 47.024613129339926, "step_dist_f": 154.2802317392636, "step_grade": 0.004253091874459545, "step_turn": 1.1927543303353332, "coast_speed_mps": 0.0, "coast_speed_mph": 0.0}, "geometry": {"type": "Point", "coordinates": [-122.05639, 37.59598]}}, {"id": "1013", "type": "Feature", "properties": {"name": "Some South Bay", "step": 1013, "lat": 37.59599, "lon": -122.05589, "elevation_m": 5.9, "time": null, "elevation_f": 19.356956, "step_elevation_m": 0.3000000000000007, "step_elevation_f": 0.9842520000000015, "step_dist_m": 44.06570303678613, "step_dist_f": 144.5725211512094, "step_grade": 0.006808015742981796, "step_turn": 5.344054201536437, "coast_speed_mps": 0.0, "coast_speed_mph": 0.0}, "geometry": {"type": "Point", "coordinates": [-122.05589, 37.59599]}}, {"id": "1014", "type": "Feature", "properties": {"name": "Some South Bay", "step": 1014, "lat": 37.59595, "lon": -122.05549, "elevation_m": 6.9, "time": null, "elevation_f": 22.637796, "step_elevation_m": 1.0, "step_elevation_f": 3.2808400000000013, "step_dist_m": 35.52091273098445, "step_dist_f": 116.53843132432301, "step_grade": 0.028152429741134227, "step_turn": 8.639226268985624, "coast_speed_mps": 0.0, "coast_speed_mph": 0.0}, "geometry": {"type": "Point", "coordinates": [-122.05549, 37.59595]}}, {"id": "1015", "type": "Feature", "properties": {"name": "Some South Bay", "step": 1015, "lat": 37.59593, "lon": -122.05533, "elevation_m": 6.9, "time": null, "elevation_f": 22.637796, "step_elevation_m": 0.0, "step_elevation_f": 0.0, "step_dist_m": 14.270888542491466, "step_dist_f": 46.8205019657477, "step_grade": 0.0, "step_turn": 1.772031372112508, "coast_speed_mps": 0.0, "coast_speed_mph": 0.0}, "geometry": {"type": "Point", "coordinates": [-122.05533, 37.59593]}}, {"id": "1016", "type": "Feature", "properties": {"name": "Some South Bay", "step": 1016, "lat": 37.59592, "lon": -122.05512, "elevation_m": 6.9, "time": null, "elevation_f": 22.637796, "step_elevation_m": 0.0, "step_elevation_f": 0.0, "step_dist_m": 18.53510074454259, "step_dist_f": 60.81069992672511, "step_grade": 0.0, "step_turn": 5.525892831294755, "coast_speed_mps": 0.0, "coast_speed_mph": 0.0}, "geometry": {"type": "Point", "coordinates": [-122.05512, 37.59592]}}, {"id": "1017", "type": "Feature", "properties": {"name": "Some South Bay", "step": 1017, "lat": 37.59584, "lon": -122.05491, "elevation_m": 6.9, "time": null, "elevation_f": 22.637796, "step_elevation_m": 0.0, "step_elevation_f": 0.0, "step_dist_m": 20.529138740245756, "step_dist_f": 67.35281954454788, "step_grade": 0.0, "step_turn": 22.238827966851204, "coast_speed_mps": 0.0, "coast_speed_mph": 0.0}, "geometry": {"type": "Point", "coordinates": [-122.05491, 37.59584]}}, {"id": "1018", "type": "Feature", "properties": {"name": "Some South Bay", "step": 1018, "lat": 37.59566, "lon": -122.05448, "elevation_m": 6.9, "time": null, "elevation_f": 22.637796, "step_elevation_m": 0.0, "step_elevation_f": 0.0, "step_dist_m": 42.846742725973414, "step_dist_f": 140.5733074050826, "step_grade": 0.0, "step_turn": 2.170069869722454, "coast_speed_mps": 0.0, "coast_speed_mph": 0.0}, "geometry": {"type": "Point", "coordinates": [-122.05448, 37.59566]}}, {"id": "1019", "type": "Feature", "properties": {"name": "Some South Bay", "step": 1019, "lat": 37.59556, "lon": -122.05432, "elevation_m": 6.9, "time": null, "elevation_f": 22.637796, "step_elevation_m": 0.0, "step_elevation_f": 0.0, "step_dist_m": 17.954314653737946, "step_dist_f": 58.9052336885696, "step_grade": 0.0, "step_turn": 10.418392181158026, "coast_speed_mps": 0.0, "coast_speed_mph": 0.0}, "geometry": {"type": "Point", "coordinates": [-122.05432, 37.59556]}}, {"id": "1020", "type": "Feature", "properties": {"name": "Some South Bay", "step": 1020, "lat": 37.59531, "lon": -122.05399, "elevation_m": 6.9, "time": null, "elevation_f": 22.637796, "step_elevation_m": 0.0, "step_elevation_f": 0.0, "step_dist_m": 40.22543287896443, "step_dist_f": 131.97320920662168, "step_grade": 0.0, "step_turn": 5.4484939132680665, "coast_speed_mps": 0.0, "coast_speed_mph": 0.0}, "geometry": {"type": "Point", "coordinates": [-122.05399, 37.59531]}}, {"id": "1021", "type": "Feature", "properties": {"name": "Some South Bay", "step": 1021, "lat": 37.59518, "lon": -122.05391, "elevation_m": 6.9, "time": null, "elevation_f": 22.637796, "step_elevation_m": 0.0, "step_elevation_f": 0.0, "step_dist_m": 16.08216184632703, "step_dist_f": 52.76299987190357, "step_grade": 0.0, "step_turn": 20.291342670128415, "coast_speed_mps": 0.0, "coast_speed_mph": 0.0}, "geometry": {"type": "Point", "coordinates": [-122.05391, 37.59518]}}, {"id": "1022", "type": "Feature", "properties": {"name": "Some South Bay", "step": 1022, "lat": 37.59507, "lon": -122.05388, "elevation_m": 6.9, "time": null, "elevation_f": 22.637796, "step_elevation_m": 0.0, "step_elevation_f": 0.0, "step_dist_m": 12.513764913164128, "step_dist_f": 41.055660477705395, "step_grade": 0.0, "step_turn": 13.799868686206992, "coast_speed_mps": 0.0, "coast_speed_mph": 0.0}, "geometry": {"type": "Point", "coordinates": [-122.05388, 37.59507]}}, {"id": "1023", "type": "Feature", "properties": {"name": "Some South Bay", "step": 1023, "lat": 37.59495, "lon": -122.05391, "elevation_m": 6.9, "time": null, "elevation_f": 22.637796, "step_elevation_m": 0.0, "step_elevation_f": 0.0, "step_dist_m": 13.602656021385249, "step_dist_f": 44.628137981201576, "step_grade": 0.0, "step_turn": 23.398181328877, "coast_speed_mps": 0.0, "coast_speed_mph": 0.0}, "geometry": {"type": "Point", "coordinates": [-122.05391, 37.59495]}}, {"id": "1024", "type": "Feature", "properties": {"name": "Some South Bay", "step": 1024, "lat": 37.59466, "lon": -122.05405, "elevation_m": 6.9, "time": null, "elevation_f": 22.637796, "step_elevation_m": 0.0, "step_elevation_f": 0.0, "step_dist_m": 34.52510015497517, "step_dist_f": 113.27132959244874, "step_grade": 0.0, "step_turn": 9.728023280214472, "coast_speed_mps": 0.0, "coast_speed_mph": 0.0}, "geometry": {"type": "Point", "coordinates": [-122.05405, 37.59466]}}, {"id": "1025", "type": "Feature", "properties": {"name": "Some South Bay", "step": 1025, "lat": 37.59449, "lon": -122.05408, "elevation_m": 6.9, "time": null, "elevation_f": 22.637796, "step_elevation_m": 0.0, "step_elevation_f": 0.0, "step_dist_m": 19.08703361737467, "step_dist_f": 62.621503373227505, "step_grade": 0.0, "step_turn": 12.972620837130904, "coast_speed_mps": 0.0, "coast_speed_mph": 0.0}, "geometry": {"type": "Point", "coordinates": [-122.05408, 37.59449]}}, {"id": "1026", "type": "Feature", "properties": {"name": "Some South Bay", "step": 1026, "lat": 37.59433, "lon": -122.05406, "elevation_m": 6.9, "time": null, "elevation_f": 22.637796, "step_elevation_m": 0.0, "step_elevation_f": 0.0, "step_dist_m": 17.878237912606533, "step_dist_f": 58.655638073196016, "step_grade": 0.0, "step_turn": 13.616183843817879, "coast_speed_mps": 0.0, "coast_speed_mph": 0.0}, "geometry": {"type": "Point", "coordinates": [-122.05406, 37.59433]}}, {"id": "1027", "type": "Feature", "properties": {"name": "Some South Bay", "step": 1027, "lat": 37.59413, "lon": -122.054, "elevation_m": 6.9, "time": null, "elevation_f": 22.637796, "step_elevation_m": 0.0, "step_elevation_f": 0.0, "step_dist_m": 22.858646133119898, "step_dist_f": 74.99556057938509, "step_grade": 0.0, "step_turn": 7.715030774101024, "coast_speed_mps": 0.0, "coast_speed_mph": 0.0}, "geometry": {"type": "Point", "coordinates": [-122.054, 37.59413]}}, {"id": "1028", "type": "Feature", "properties": {"name": "Some South Bay", "step": 1028, "lat": 37.59395, "lon": -122.05387, "elevation_m": 6.9, "time": null, "elevation_f": 22.637796, "step_elevation_m": 0.0, "step_elevation_f": 0.0, "step_dist_m": 23.060609716560407, "step_dist_f": 75.65817078248004, "step_grade": 0.0, "step_turn": 16.40923210383687, "coast_speed_mps": 0.0, "coast_speed_mph": 0.0}, "geometry": {"type": "Point", "coordinates": [-122.05387, 37.59395]}}, {"id": "1029", "type": "Feature", "properties": {"name": "Some South Bay", "step": 1029, "lat": 37.5937, "lon": -122.05365, "elevation_m": 6.9, "time": null, "elevation_f": 22.637796, "step_elevation_m": 0.0, "step_elevation_f": 0.0, "step_dist_m": 33.889256778834586, "step_dist_f": 111.18522921027166, "step_grade": 0.0, "step_turn": 5.106475954468181, "coast_speed_mps": 0.0, "coast_speed_mph": 0.0}, "geometry": {"type": "Point", "coordinates": [-122.05365, 37.5937]}}, {"id": "1030", "type": "Feature", "properties": {"name": "Some South Bay", "step": 1030, "lat": 37.59349, "lon": -122.05343, "elevation_m": 6.9, "time": null, "elevation_f": 22.637796, "step_elevation_m": 0.0, "step_elevation_f": 0.0, "step_dist_m": 30.347664026763404, "step_dist_f": 99.56583004556644, "step_grade": 0.0, "step_turn": 4.8086848399505016, "coast_speed_mps": 0.0, "coast_speed_mph": 0.0}, "geometry": {"type": "Point", "coordinates": [-122.05343, 37.59349]}}, {"id": "1031", "type": "Feature", "properties": {"name": "Some South Bay", "step": 1031, "lat": 37.59343, "lon": -122.05333, "elevation_m": 6.9, "time": null, "elevation_f": 22.637796, "step_elevation_m": 0.0, "step_elevation_f": 0.0, "step_dist_m": 11.051641515239476, "step_dist_f": 36.258667548858284, "step_grade": 0.0, "step_turn": 13.170085510848196, "coast_speed_mps": 0.0, "coast_speed_mph": 0.0}, "geometry": {"type": "Point", "coordinates": [-122.05333, 37.59343]}}, {"id": "1032", "type": "Feature", "properties": {"name": "Some South Bay", "step": 1032, "lat": 37.5934, "lon": -122.05318, "elevation_m": 6.9, "time": null, "elevation_f": 22.637796, "step_elevation_m": 0.0, "step_elevation_f": 0.0, "step_dist_m": 13.630459355998983, "step_dist_f": 44.7193562735357, "step_grade": 0.0, "step_turn": 22.96803297057204, "coast_speed_mps": 0.0, "coast_speed_mph": 0.0}, "geometry": {"type": "Point", "coordinates": [-122.05318, 37.5934]}}, {"id": "1033", "type": "Feature", "properties": {"name": "Some South Bay", "step": 1033, "lat": 37.59338, "lon": -122.053, "elevation_m": 6.9, "time": null, "elevation_f": 22.637796, "step_elevation_m": 0.0, "step_elevation_f": 0.0, "step_dist_m": 16.01432214373983, "step_dist_f": 52.54042866206738, "step_grade": 0.0, "step_turn": 6.183745375674107, "coast_speed_mps": 0.0, "coast_speed_mph": 0.0}, "geometry": {"type": "Point", "coordinates": [-122.053, 37.59338]}}, {"id": "1034", "type": "Feature", "properties": {"name": "Some South Bay", "step": 1034, "lat": 37.59324, "lon": -122.05242, "elevation_m": 6.9, "time": null, "elevation_f": 22.637796, "step_elevation_m": 0.0, "step_elevation_f": 0.0, "step_dist_m": 53.4203331652411, "step_dist_f": 175.2635658618496, "step_grade": 0.0, "step_turn": 8.95992071370415, "coast_speed_mps": 0.0, "coast_speed_mph": 0.0}, "geometry": {"type": "Point", "coordinates": [-122.05242, 37.59324]}}, {"id": "1035", "type": "Feature", "properties": {"name": "Some South Bay", "step": 1035, "lat": 37.59319, "lon": -122.05226, "elevation_m": 6.9, "time": null, "elevation_f": 22.637796, "step_elevation_m": 0.0, "step_elevation_f": 0.0, "step_dist_m": 15.15380705355252, "step_dist_f": 49.71721633357725, "step_grade": 0.0, "step_turn": 4.5814645708111925, "coast_speed_mps": 0.0, "coast_speed_mph": 0.0}, "geometry": {"type": "Point", "coordinates": [-122.05226, 37.59319]}}, {"id": "1036", "type": "Feature", "properties": {"name": "Some South Bay", "step": 1036, "lat": 37.59311, "lon": -122.05208, "elevation_m": 6.9, "time": null, "elevation_f": 22.637796, "step_elevation_m": 0.0, "step_elevation_f": 0.0, "step_dist_m": 18.183674168324107, "step_dist_f": 59.65772555840446, "step_grade": 0.0, "step_turn": 7.76471079343861, "coast_speed_mps": 0.0, "coast_speed_mph": 0.0}, "geometry": {"type": "Point", "coordinates": [-122.05208, 37.59311]}}, {"id": "1037", "type": "Feature", "properties": {"name": "Some South Bay", "step": 1037, "lat": 37.59299, "lon": -122.05187, "elevation_m": 6.9, "time": null, "elevation_f": 22.637796, "step_elevation_m": 0.0, "step_elevation_f": 0.0, "step_dist_m": 22.81197204329585, "step_dist_f": 74.84243035852676, "step_grade": 0.0, "step_turn": 6.509465631399451, "coast_speed_mps": 0.0, "coast_speed_mph": 0.0}, "geometry": {"type": "Point", "coordinates": [-122.05187, 37.59299]}}, {"id": "1038", "type": "Feature", "properties": {"name": "Some South Bay", "step": 1038, "lat": 37.59285, "lon": -122.0515, "elevation_m": 6.9, "time": null, "elevation_f": 22.637796, "step_elevation_m": 0.0, "step_elevation_f": 0.0, "step_dist_m": 36.12579541193812, "step_dist_f": 118.52295461930306, "step_grade": 0.0, "step_turn": 10.272152461890471, "coast_speed_mps": 0.0, "coast_speed_mph": 0.0}, "geometry": {"type": "Point", "coordinates": [-122.0515, 37.59285]}}, {"id": "1039", "type": "Feature", "properties": {"name": "Some South Bay", "step": 1039, "lat": 37.59273, "lon": -122.05124, "elevation_m": 6.9, "time": null, "elevation_f": 22.637796, "step_elevation_m": 0.0, "step_elevation_f": 0.0, "step_dist_m": 26.51067335475673, "step_dist_f": 86.97727756922006, "step_grade": 0.0, "step_turn": 4.694131907719964, "coast_speed_mps": 0.0, "coast_speed_mph": 0.0}, "geometry": {"type": "Point", "coordinates": [-122.05124, 37.59273]}}, {"id": "1040", "type": "Feature", "properties": {"name": "Some South Bay", "step": 1040, "lat": 37.59263, "lon": -122.05109, "elevation_m": 6.9, "time": null, "elevation_f": 22.637796, "step_elevation_m": 0.0, "step_elevation_f": 0.0, "step_dist_m": 17.27159833300857, "step_dist_f": 56.66535067486783, "step_grade": 0.0, "step_turn": 9.85596857086199, "coast_speed_mps": 0.0, "coast_speed_mph": 0.0}, "geometry": {"type": "Point", "coordinates": [-122.05109, 37.59263]}}, {"id": "1041", "type": "Feature", "properties": {"name": "Some South Bay", "step": 1041, "lat": 37.59254, "lon": -122.05091, "elevation_m": 6.9, "time": null, "elevation_f": 22.637796, "step_elevation_m": 0.0, "step_elevation_f": 0.0, "step_dist_m": 18.752843924509403, "step_dist_f": 61.52508046128743, "step_grade": 0.0, "step_turn": 7.823212752512973, "coast_speed_mps": 0.0, "coast_speed_mph": 0.0}, "geometry": {"type": "Point", "coordinates": [-122.05091, 37.59254]}}, {"id": "1042", "type": "Feature", "properties": {"name": "Some South Bay", "step": 1042, "lat": 37.59246, "lon": -122.05072, "elevation_m": 6.9, "time": null, "elevation_f": 22.637796, "step_elevation_m": 0.0, "step_elevation_f": 0.0, "step_dist_m": 18.957141831726215, "step_dist_f": 62.195349207200636, "step_grade": 0.0, "step_turn": 4.267255289528521, "coast_speed_mps": 0.0, "coast_speed_mph": 0.0}, "geometry": {"type": "Point", "coordinates": [-122.05072, 37.59246]}}, {"id": "1043", "type": "Feature", "properties": {"name": "Some South Bay", "step": 1043, "lat": 37.5924, "lon": -122.05056, "elevation_m": 6.9, "time": null, "elevation_f": 22.637796, "step_elevation_m": 0.0, "step_elevation_f": 0.0, "step_dist_m": 15.596243251487886, "step_dist_f": 51.168778709211516, "step_grade": 0.0, "step_turn": 2.6589712827620247, "coast_speed_mps": 0.0, "coast_speed_mph": 0.0}, "geometry": {"type": "Point", "coordinates": [-122.05056, 37.5924]}}, {"id": "1044", "type": "Feature", "properties": {"name": "Some South Bay", "step": 1044, "lat": 37.59239, "lon": -122.05052, "elevation_m": 6.9, "time": null, "elevation_f": 22.637796, "step_elevation_m": 0.0, "step_elevation_f": 0.0, "step_dist_m": 3.6955578671627065, "step_dist_f": 12.124534072902094, "step_grade": 0.0, "step_turn": 7.815503144821889, "coast_speed_mps": 0.0, "coast_speed_mph": 0.0}, "geometry": {"type": "Point", "coordinates": [-122.05052, 37.59239]}}, {"id": "1045", "type": "Feature", "properties": {"name": "Some South Bay", "step": 1045, "lat": 37.59213, "lon": -122.05063, "elevation_m": 6.9, "time": null, "elevation_f": 22.637796, "step_elevation_m": 0.0, "step_elevation_f": 0.0, "step_dist_m": 30.491957678657457, "step_dist_f": 100.03923443044653, "step_grade": 0.0, "step_turn": 91.02201559097722, "coast_speed_mps": 0.0, "coast_speed_mph": 0.0}, "geometry": {"type": "Point", "coordinates": [-122.05063, 37.59213]}}, {"id": "1046", "type": "Feature", "properties": {"name": "Some South Bay", "step": 1046, "lat": 37.59189, "lon": -122.0508, "elevation_m": 7.0, "time": null, "elevation_f": 22.96588, "step_elevation_m": 0.09999999999999964, "step_elevation_f": 0.32808399999999693, "step_dist_m": 30.602873599864893, "step_dist_f": 100.40313182138074, "step_grade": 0.0032676669945282894, "step_turn": 10.771089314698855, "coast_speed_mps": 0.0, "coast_speed_mph": 0.0}, "geometry": {"type": "Point", "coordinates": [-122.0508, 37.59189]}}, {"id": "1047", "type": "Feature", "properties": {"name": "Some South Bay", "step": 1047, "lat": 37.59154, "lon": -122.05098, "elevation_m": 7.0, "time": null, "elevation_f": 22.96588, "step_elevation_m": 0.0, "step_elevation_f": 0.0, "step_dist_m": 42.025614756977085, "step_dist_f": 137.8793179192807, "step_grade": 0.0, "step_turn": 7.13266920440347, "coast_speed_mps": 0.0, "coast_speed_mph": 0.0}, "geometry": {"type": "Point", "coordinates": [-122.05098, 37.59154]}}, {"id": "1048", "type": "Feature", "properties": {"name": "Some South Bay", "step": 1048, "lat": 37.59139, "lon": -122.05102, "elevation_m": 6.9, "time": null, "elevation_f": 22.637796, "step_elevation_m": -0.09999999999999964, "step_elevation_f": -0.32808399999999693, "step_dist_m": 17.047523009127676, "step_dist_f": 55.930195389266444, "step_grade": -0.005865954833817037, "step_turn": 10.240181923635532, "coast_speed_mps": 0.0, "coast_speed_mph": 0.0}, "geometry": {"type": "Point", "coordinates": [-122.05102, 37.59139]}}, {"id": "1049", "type": "Feature", "properties": {"name": "Some South Bay", "step": 1049, "lat": 37.59124, "lon": -122.05097, "elevation_m": 7.0, "time": null, "elevation_f": 22.96588, "step_elevation_m": 0.09999999999999964, "step_elevation_f": 0.32808399999999693, "step_dist_m": 17.25123029606772, "step_dist_f": 56.598526404550825, "step_grade": 0.005796688020725909, "step_turn": 26.726707045931448, "coast_speed_mps": 0.0, "coast_speed_mph": 0.0}, "geometry": {"type": "Point", "coordinates": [-122.05097, 37.59124]}}, {"id": "1050", "type": "Feature", "properties": {"name": "Some South Bay", "step": 1050, "lat": 37.5911, "lon": -122.05089, "elevation_m": 7.2, "time": null, "elevation_f": 23.622048, "step_elevation_m": 0.20000000000000018, "step_elevation_f": 0.656168000000001, "step_dist_m": 17.088739340855042, "step_dist_f": 56.065419579050854, "step_grade": 0.01170361347380661, "step_turn": 9.565083096988928, "coast_speed_mps": 0.0, "coast_speed_mph": 0.0}, "geometry": {"type": "Point", "coordinates": [-122.05089, 37.5911]}}, {"id": "1051", "type": "Feature", "properties": {"name": "Some South Bay", "step": 1051, "lat": 37.59088, "lon": -122.05071, "elevation_m": 8.9, "time": null, "elevation_f": 29.199476, "step_elevation_m": 1.7000000000000002, "step_elevation_f": 5.577428000000001, "step_dist_m": 29.154102600827674, "step_dist_f": 95.64994597689946, "step_grade": 0.058310832724850804, "step_turn": 8.595422345872635, "coast_speed_mps": 0.0, "coast_speed_mph": 0.0}, "geometry": {"type": "Point", "coordinates": [-122.05071, 37.59088]}}, {"id": "1052", "type": "Feature", "properties": {"name": "Some South Bay", "step": 1052, "lat": 37.5907, "lon": -122.05053, "elevation_m": 8.9, "time": null, "elevation_f": 29.199476, "step_elevation_m": 0.0, "step_elevation_f": 0.0, "step_dist_m": 25.536915689071144, "step_dist_f": 83.78253446933218, "step_grade": 0.0, "step_turn": 5.436906926071401, "coast_speed_mps": 0.0, "coast_speed_mph": 0.0}, "geometry": {"type": "Point", "coordinates": [-122.05053, 37.5907]}}, {"id": "1053", "type": "Feature", "properties": {"name": "Some South Bay", "step": 1053, "lat": 37.59062, "lon": -122.05044, "elevation_m": 9.0, "time": null, "elevation_f": 29.52756, "step_elevation_m": 0.09999999999999964, "step_elevation_f": 0.3280840000000005, "step_dist_m": 11.91697971355133, "step_dist_f": 39.09770372340775, "step_grade": 0.00839138795262739, "step_turn": 3.322115931399651, "coast_speed_mps": 0.0, "coast_speed_mph": 0.0}, "geometry": {"type": "Point", "coordinates": [-122.05044, 37.59062]}}, {"id": "1054", "type": "Feature", "properties": {"name": "Some South Bay", "step": 1054, "lat": 37.59049, "lon": -122.05018, "elevation_m": 9.9, "time": null, "elevation_f": 32.480316, "step_elevation_m": 0.9000000000000004, "step_elevation_f": 2.952756000000001, "step_dist_m": 27.0879696714116, "step_dist_f": 88.87129441675403, "step_grade": 0.03322508149991959, "step_turn": 16.03301843753485, "coast_speed_mps": 0.0, "coast_speed_mph": 0.0}, "geometry": {"type": "Point", "coordinates": [-122.05018, 37.59049]}}, {"id": "1055", "type": "Feature", "properties": {"name": "Some South Bay", "step": 1055, "lat": 37.58992, "lon": -122.04949, "elevation_m": 9.4, "time": null, "elevation_f": 30.839896, "step_elevation_m": -0.5, "step_elevation_f": -1.6404200000000024, "step_dist_m": 87.8255198189732, "step_dist_f": 288.14147844288004, "step_grade": -0.005693106070201517, "step_turn": 13.940444355407294, "coast_speed_mps": 0.5042762677501753, "coast_speed_mph": 1.128033884552109}, "geometry": {"type": "Point", "coordinates": [-122.04949, 37.58992]}}, {"id": "1056", "type": "Feature", "properties": {"name": "Some South Bay", "step": 1056, "lat": 37.58986, "lon": -122.0494, "elevation_m": 9.1, "time": null, "elevation_f": 29.855643999999998, "step_elevation_m": -0.3000000000000007, "step_elevation_f": -0.9842520000000015, "step_dist_m": 10.36318647228663, "step_dist_f": 33.999956705736864, "step_grade": -0.028948625097335135, "step_turn": 6.117541703782251, "coast_speed_mps": 0.0, "coast_speed_mph": 0.0}, "geometry": {"type": "Point", "coordinates": [-122.0494, 37.58986]}}, {"id": "1057", "type": "Feature", "properties": {"name": "Some South Bay", "step": 1057, "lat": 37.58984, "lon": -122.04934, "elevation_m": 9.2, "time": null, "elevation_f": 30.183728, "step_elevation_m": 0.09999999999999964, "step_elevation_f": 0.3280840000000005, "step_dist_m": 5.735350802071259, "step_dist_f": 18.816768325467468, "step_grade": 0.01743572511098811, "step_turn": 17.260112793917074, "coast_speed_mps": 0.0, "coast_speed_mph": 0.0}, "geometry": {"type": "Point", "coordinates": [-122.04934, 37.58984]}}, {"id": "1058", "type": "Feature", "properties": {"name": "Some South Bay", "step": 1058, "lat": 37.58982, "lon": -122.04927, "elevation_m": 9.6, "time": null, "elevation_f": 31.496063999999997, "step_elevation_m": 0.40000000000000036, "step_elevation_f": 1.3123359999999984, "step_dist_m": 6.5564313359409825, "step_dist_f": 21.51060218420861, "step_grade": 0.06100879876637832, "step_turn": 2.9870073138148996, "coast_speed_mps": 0.0, "coast_speed_mph": 0.0}, "geometry": {"type": "Point", "coordinates": [-122.04927, 37.58982]}}, {"id": "1059", "type": "Feature", "properties": {"name": "Some South Bay", "step": 1059, "lat": 37.58982, "lon": -122.04919, "elevation_m": 9.9, "time": null, "elevation_f": 32.480316, "step_elevation_m": 0.3000000000000007, "step_elevation_f": 0.984252000000005, "step_dist_m": 7.048851338525527, "step_dist_f": 23.126153425488088, "step_grade": 0.04256012584069541, "step_turn": 19.827745079355452, "coast_speed_mps": 0.0, "coast_speed_mph": 0.0}, "geometry": {"type": "Point", "coordinates": [-122.04919, 37.58982]}}, {"id": "1060", "type": "Feature", "properties": {"name": "Some South Bay", "step": 1060, "lat": 37.58991, "lon": -122.04838, "elevation_m": 9.7, "time": null, "elevation_f": 31.824147999999997, "step_elevation_m": -0.20000000000000107, "step_elevation_f": -0.6561680000000045, "step_dist_m": 72.06779721055372, "step_dist_f": 236.44291180027307, "step_grade": -0.002775164605290763, "step_turn": 7.9822752375768005, "coast_speed_mps": 0.0, "coast_speed_mph": 0.0}, "geometry": {"type": "Point", "coordinates": [-122.04838, 37.58991]}}, {"id": "1061", "type": "Feature", "properties": {"name": "Some South Bay", "step": 1061, "lat": 37.5899, "lon": -122.04828, "elevation_m": 9.7, "time": null, "elevation_f": 31.824147999999997, "step_elevation_m": 0.0, "step_elevation_f": 0.0, "step_dist_m": 8.880940584720191, "step_dist_f": 29.136945107973393, "step_grade": 0.0, "step_turn": 15.17493574367279, "coast_speed_mps": 0.0, "coast_speed_mph": 0.0}, "geometry": {"type": "Point", "coordinates": [-122.04828, 37.5899]}}, {"id": "1062", "type": "Feature", "properties": {"name": "Some South Bay", "step": 1062, "lat": 37.58981, "lon": -122.04798, "elevation_m": 9.8, "time": null, "elevation_f": 32.152232000000005, "step_elevation_m": 0.10000000000000142, "step_elevation_f": 0.3280840000000076, "step_dist_m": 28.26418111965274, "step_dist_f": 92.7302559846015, "step_grade": 0.003538046956912157, "step_turn": 13.54382707309378, "coast_speed_mps": 0.0, "coast_speed_mph": 0.0}, "geometry": {"type": "Point", "coordinates": [-122.04798, 37.58981]}}, {"id": "1063", "type": "Feature", "properties": {"name": "Some South Bay", "step": 1063, "lat": 37.58976, "lon": -122.0477, "elevation_m": 9.8, "time": null, "elevation_f": 32.152232000000005, "step_elevation_m": 0.0, "step_elevation_f": 0.0, "step_dist_m": 25.28969335752248, "step_dist_f": 82.97143755509406, "step_grade": 0.0, "step_turn": 8.036773298897288, "coast_speed_mps": 0.0, "coast_speed_mph": 0.0}, "geometry": {"type": "Point", "coordinates": [-122.0477, 37.58976]}}, {"id": "1064", "type": "Feature", "properties": {"name": "Some South Bay", "step": 1064, "lat": 37.58976, "lon": -122.04756, "elevation_m": 9.7, "time": null, "elevation_f": 31.824147999999997, "step_elevation_m": -0.10000000000000142, "step_elevation_f": -0.3280840000000076, "step_dist_m": 12.335499784478584, "step_dist_f": 40.47080111290872, "step_grade": -0.008106684102562964, "step_turn": 12.699732579759711, "coast_speed_mps": 0.0, "coast_speed_mph": 0.0}, "geometry": {"type": "Point", "coordinates": [-122.04756, 37.58976]}}, {"id": "1065", "type": "Feature", "properties": {"name": "Some South Bay", "step": 1065, "lat": 37.58977, "lon": -122.04747, "elevation_m": 9.7, "time": null, "elevation_f": 31.824147999999997, "step_elevation_m": 0.0, "step_elevation_f": 0.0, "step_dist_m": 8.007543574831958, "step_dist_f": 26.27146926205168, "step_grade": 0.0, "step_turn": 7.9820267474686375, "coast_speed_mps": 0.0, "coast_speed_mph": 0.0}, "geometry": {"type": "Point", "coordinates": [-122.04747, 37.58977]}}, {"id": "1066", "type": "Feature", "properties": {"name": "Some South Bay", "step": 1066, "lat": 37.58973, "lon": -122.04739, "elevation_m": 9.7, "time": null, "elevation_f": 31.824147999999997, "step_elevation_m": 0.0, "step_elevation_f": 0.0, "step_dist_m": 8.33482437675742, "step_dist_f": 27.345225208240812, "step_grade": 0.0, "step_turn": 40.23378280353677, "coast_speed_mps": 0.0, "coast_speed_mph": 0.0}, "geometry": {"type": "Point", "coordinates": [-122.04739, 37.58973]}}, {"id": "1067", "type": "Feature", "properties": {"name": "Some South Bay", "step": 1067, "lat": 37.58963, "lon": -122.04728, "elevation_m": 9.8, "time": null, "elevation_f": 32.152232000000005, "step_elevation_m": 0.10000000000000142, "step_elevation_f": 0.3280840000000076, "step_dist_m": 14.750648841681635, "step_dist_f": 48.39451874574277, "step_grade": 0.006779362797752089, "step_turn": 16.671560911503548, "coast_speed_mps": 0.0, "coast_speed_mph": 0.0}, "geometry": {"type": "Point", "coordinates": [-122.04728, 37.58963]}}, {"id": "1068", "type": "Feature", "properties": {"name": "Some South Bay", "step": 1068, "lat": 37.58955, "lon": -122.04718, "elevation_m": 9.9, "time": null, "elevation_f": 32.480316, "step_elevation_m": 0.09999999999999964, "step_elevation_f": 0.32808399999999693, "step_dist_m": 12.520659990471998, "step_dist_f": 41.07828212314015, "step_grade": 0.007986799423999843, "step_turn": 3.6498705822831425, "coast_speed_mps": 0.0, "coast_speed_mph": 0.0}, "geometry": {"type": "Point", "coordinates": [-122.04718, 37.58955]}}, {"id": "1069", "type": "Feature", "properties": {"name": "Some South Bay", "step": 1069, "lat": 37.58932, "lon": -122.04677, "elevation_m": 10.1, "time": null, "elevation_f": 33.136483999999996, "step_elevation_m": 0.1999999999999993, "step_elevation_f": 0.6561679999999939, "step_dist_m": 44.26203170468537, "step_dist_f": 145.21664409799996, "step_grade": 0.0045185454055609526, "step_turn": 9.977207369621908, "coast_speed_mps": 0.0, "coast_speed_mph": 0.0}, "geometry": {"type": "Point", "coordinates": [-122.04677, 37.58932]}}, {"id": "1070", "type": "Feature", "properties": {"name": "Some South Bay", "step": 1070, "lat": 37.58883, "lon": -122.04641, "elevation_m": 10.4, "time": null, "elevation_f": 34.120736, "step_elevation_m": 0.3000000000000007, "step_elevation_f": 0.984252000000005, "step_dist_m": 63.04632474813408, "step_dist_f": 206.84490408666824, "step_grade": 0.004758405842029348, "step_turn": 24.496764634654824, "coast_speed_mps": 0.0, "coast_speed_mph": 0.0}, "geometry": {"type": "Point", "coordinates": [-122.04641, 37.58883]}}, {"id": "1071", "type": "Feature", "properties": {"name": "Some South Bay", "step": 1071, "lat": 37.58883, "lon": -122.04641, "elevation_m": 10.4, "time": null, "elevation_f": 34.120736, "step_elevation_m": 0.0, "step_elevation_f": 0.0, "step_dist_m": 0.0, "step_dist_f": 0.0, "step_grade": null, "step_turn": null, "coast_speed_mps": 0.0, "coast_speed_mph": 0.0}, "geometry": {"type": "Point", "coordinates": [-122.04641, 37.58883]}}, {"id": "1072", "type": "Feature", "properties": {"name": "Some South Bay", "step": 1072, "lat": 37.5888, "lon": -122.04638, "elevation_m": 10.5, "time": null, "elevation_f": 34.44882, "step_elevation_m": 0.09999999999999964, "step_elevation_f": 0.32808399999999693, "step_dist_m": 4.2561961773520185, "step_dist_f": 13.963898666503596, "step_grade": 0.023495157608598386, "step_turn": null, "coast_speed_mps": 0.0, "coast_speed_mph": 0.0}, "geometry": {"type": "Point", "coordinates": [-122.04638, 37.5888]}}, {"id": "1073", "type": "Feature", "properties": {"name": "Some South Bay", "step": 1073, "lat": 37.58864, "lon": -122.04631, "elevation_m": 10.3, "time": null, "elevation_f": 33.792652000000004, "step_elevation_m": -0.1999999999999993, "step_elevation_f": -0.6561679999999939, "step_dist_m": 18.829991546725925, "step_dist_f": 61.778189466160285, "step_grade": -0.010621353679512108, "step_turn": 19.27322972183208, "coast_speed_mps": 0.9840957914887579, "coast_speed_mph": 2.201359590839202}, "geometry": {"type": "Point", "coordinates": [-122.04631, 37.58864]}}, {"id": "1074", "type": "Feature", "properties": {"name": "Some South Bay", "step": 1074, "lat": 37.58854, "lon": -122.04617, "elevation_m": 10.3, "time": null, "elevation_f": 33.792652000000004, "step_elevation_m": 0.0, "step_elevation_f": 0.0, "step_dist_m": 16.60760235766528, "step_dist_f": 54.48688611912255, "step_grade": 0.0, "step_turn": 28.847899710403908, "coast_speed_mps": 0.0, "coast_speed_mph": 0.0}, "geometry": {"type": "Point", "coordinates": [-122.04617, 37.58854]}}, {"id": "1075", "type": "Feature", "properties": {"name": "Some South Bay", "step": 1075, "lat": 37.58849, "lon": -122.04601, "elevation_m": 10.0, "time": null, "elevation_f": 32.8084, "step_elevation_m": -0.3000000000000007, "step_elevation_f": -0.984252000000005, "step_dist_m": 15.154635249589788, "step_dist_f": 49.719933512264156, "step_grade": -0.01979592349529635, "step_turn": 20.50918694539456, "coast_speed_mps": 0.878085242922883, "coast_speed_mph": 1.964220747411601}, "geometry": {"type": "Point", "coordinates": [-122.04601, 37.58849]}}, {"id": "1076", "type": "Feature", "properties": {"name": "Some South Bay", "step": 1076, "lat": 37.58839, "lon": -122.04593, "elevation_m": 10.0, "time": null, "elevation_f": 32.8084, "step_elevation_m": 0.0, "step_elevation_f": 0.0, "step_dist_m": 13.16553321323474, "step_dist_f": 43.194007987309064, "step_grade": 0.0, "step_turn": 36.1056103463705, "coast_speed_mps": 1.1699241997852048, "coast_speed_mph": 2.6170459014522267}, "geometry": {"type": "Point", "coordinates": [-122.04593, 37.58839]}}, {"id": "1077", "type": "Feature", "properties": {"name": "Some South Bay", "step": 1077, "lat": 37.58806, "lon": -122.04579, "elevation_m": 9.0, "time": null, "elevation_f": 29.52756, "step_elevation_m": -1.0, "step_elevation_f": -3.2808399999999978, "step_dist_m": 38.712328485634174, "step_dist_f": 127.00895578880802, "step_grade": -0.025831564235953716, "step_turn": 13.790413030432205, "coast_speed_mps": 3.812592365520919, "coast_speed_mph": 8.528526229243278}, "geometry": {"type": "Point", "coordinates": [-122.04579, 37.58806]}}, {"id": "1078", "type": "Feature", "properties": {"name": "Some South Bay", "step": 1078, "lat": 37.58787, "lon": -122.04569, "elevation_m": 7.8, "time": null, "elevation_f": 25.590552, "step_elevation_m": -1.2000000000000002, "step_elevation_f": -3.9370080000000023, "step_dist_m": 22.89083603690991, "step_dist_f": 75.10117050333551, "step_grade": -0.0524227248871593, "step_turn": 4.057737252254469, "coast_speed_mps": 5.212511131177353, "coast_speed_mph": 11.660055322068153}, "geometry": {"type": "Point", "coordinates": [-122.04569, 37.58787]}}, {"id": "1079", "type": "Feature", "properties": {"name": "Some South Bay", "step": 1079, "lat": 37.58781, "lon": -122.04563, "elevation_m": 7.7, "time": null, "elevation_f": 25.262468000000002, "step_elevation_m": -0.09999999999999964, "step_elevation_f": -0.32808399999999693, "step_dist_m": 8.512435364408525, "step_dist_f": 27.927938440966063, "step_grade": -0.011747519448795018, "step_turn": 15.754803682468662, "coast_speed_mps": 5.577121681526226, "coast_speed_mph": 12.475665894609474}, "geometry": {"type": "Point", "coordinates": [-122.04563, 37.58781]}}, {"id": "1080", "type": "Feature", "properties": {"name": "Some South Bay", "step": 1080, "lat": 37.5878, "lon": -122.04534, "elevation_m": 8.1, "time": null, "elevation_f": 26.574804, "step_elevation_m": 0.39999999999999947, "step_elevation_f": 1.3123359999999984, "step_dist_m": 25.576960097495178, "step_dist_f": 83.91391376626608, "step_grade": 0.015639075108037276, "step_turn": 49.114393139515926, "coast_speed_mps": 4.145923129777571, "coast_speed_mph": 9.274165913067211}, "geometry": {"type": "Point", "coordinates": [-122.04534, 37.5878]}}, {"id": "1081", "type": "Feature", "properties": {"name": "Some South Bay", "step": 1081, "lat": 37.58776, "lon": -122.04524, "elevation_m": 8.0, "time": null, "elevation_f": 26.24672, "step_elevation_m": -0.09999999999999964, "step_elevation_f": -0.3280840000000005, "step_dist_m": 9.870258676484656, "step_dist_f": 32.38273947615792, "step_grade": -0.010131446730797855, "step_turn": 24.29222570677041, "coast_speed_mps": 3.576973288902951, "coast_speed_mph": 8.0014613656562}, "geometry": {"type": "Point", "coordinates": [-122.04524, 37.58776]}}, {"id": "1082", "type": "Feature", "properties": {"name": "Some South Bay", "step": 1082, "lat": 37.58767, "lon": -122.04554, "elevation_m": 7.5, "time": null, "elevation_f": 24.6063, "step_elevation_m": -0.5, "step_elevation_f": -1.6404199999999989, "step_dist_m": 28.26489189781622, "step_dist_f": 92.73258793403137, "step_grade": -0.01768978992764627, "step_turn": 132.48024603149565, "coast_speed_mps": 3.9494416096198965, "coast_speed_mph": 8.834649269908493}, "geometry": {"type": "Point", "coordinates": [-122.04554, 37.58767]}}, {"id": "1083", "type": "Feature", "properties": {"name": "Some South Bay", "step": 1083, "lat": 37.58746, "lon": -122.04627, "elevation_m": 7.0, "time": null, "elevation_f": 22.96588, "step_elevation_m": -0.5, "step_elevation_f": -1.6404200000000024, "step_dist_m": 68.43009640114037, "step_dist_f": 224.50819747671738, "step_grade": -0.007306726517948725, "step_turn": 0.7838357039351536, "coast_speed_mps": 2.6610961658620624, "coast_speed_mph": 5.952702590063662}, "geometry": {"type": "Point", "coordinates": [-122.04627, 37.58746]}}, {"id": "1084", "type": "Feature", "properties": {"name": "Some South Bay", "step": 1084, "lat": 37.58731, "lon": -122.04667, "elevation_m": 7.2, "time": null, "elevation_f": 23.622048, "step_elevation_m": 0.20000000000000018, "step_elevation_f": 0.656168000000001, "step_dist_m": 38.99276753476955, "step_dist_f": 127.92903143877332, "step_grade": 0.005129156319095887, "step_turn": 5.372784437621817, "coast_speed_mps": 0.0, "coast_speed_mph": 0.0}, "geometry": {"type": "Point", "coordinates": [-122.04667, 37.58731]}}, {"id": "1085", "type": "Feature", "properties": {"name": "Some South Bay", "step": 1085, "lat": 37.5872, "lon": -122.04695, "elevation_m": 7.3, "time": null, "elevation_f": 23.950132, "step_elevation_m": 0.09999999999999964, "step_elevation_f": 0.3280840000000005, "step_dist_m": 27.537381175697377, "step_dist_f": 90.34574165647498, "step_grade": 0.003631427380910602, "step_turn": 1.0456753152308522, "coast_speed_mps": 0.0, "coast_speed_mph": 0.0}, "geometry": {"type": "Point", "coordinates": [-122.04695, 37.5872]}}, {"id": "1086", "type": "Feature", "properties": {"name": "Some South Bay", "step": 1086, "lat": 37.58683, "lon": -122.04766, "elevation_m": 7.7, "time": null, "elevation_f": 25.262468000000002, "step_elevation_m": 0.40000000000000036, "step_elevation_f": 1.312336000000002, "step_dist_m": 74.87684647587737, "step_dist_f": 245.65895299191752, "step_grade": 0.005342105321287349, "step_turn": 6.959482635662511, "coast_speed_mps": 0.0, "coast_speed_mph": 0.0}, "geometry": {"type": "Point", "coordinates": [-122.04766, 37.58683]}}, {"id": "1087", "type": "Feature", "properties": {"name": "Some South Bay", "step": 1087, "lat": 37.58664, "lon": -122.048, "elevation_m": 7.7, "time": null, "elevation_f": 25.262468000000002, "step_elevation_m": 0.0, "step_elevation_f": 0.0, "step_dist_m": 36.659036237914435, "step_dist_f": 120.2724324507992, "step_grade": 0.0, "step_turn": 1.8614238529439149, "coast_speed_mps": 0.0, "coast_speed_mph": 0.0}, "geometry": {"type": "Point", "coordinates": [-122.048, 37.58664]}}, {"id": "1088", "type": "Feature", "properties": {"name": "Some South Bay", "step": 1088, "lat": 37.58641, "lon": -122.04831, "elevation_m": 7.6, "time": null, "elevation_f": 24.934383999999998, "step_elevation_m": -0.10000000000000053, "step_elevation_f": -0.32808400000000404, "step_dist_m": 37.41936763040806, "step_dist_f": 122.76695809654798, "step_grade": -0.0026724128795468376, "step_turn": 7.923475131522366, "coast_speed_mps": 0.0, "coast_speed_mph": 0.0}, "geometry": {"type": "Point", "coordinates": [-122.04831, 37.58641]}}, {"id": "1089", "type": "Feature", "properties": {"name": "Some South Bay", "step": 1089, "lat": 37.58614, "lon": -122.04867, "elevation_m": 7.5, "time": null, "elevation_f": 24.6063, "step_elevation_m": -0.09999999999999964, "step_elevation_f": -0.32808399999999693, "step_dist_m": 43.6761015688295, "step_dist_f": 143.2943010710786, "step_grade": -0.002289581634075305, "step_turn": 0.3090322880096039, "coast_speed_mps": 0.0, "coast_speed_mph": 0.0}, "geometry": {"type": "Point", "coordinates": [-122.04867, 37.58614]}}, {"id": "1090", "type": "Feature", "properties": {"name": "Some South Bay", "step": 1090, "lat": 37.58567, "lon": -122.0492, "elevation_m": 7.5, "time": null, "elevation_f": 24.6063, "step_elevation_m": 0.0, "step_elevation_f": 0.0, "step_dist_m": 70.08757995766747, "step_dist_f": 229.94613582831374, "step_grade": 0.0, "step_turn": 4.79183775369043, "coast_speed_mps": 0.0, "coast_speed_mph": 0.0}, "geometry": {"type": "Point", "coordinates": [-122.0492, 37.58567]}}, {"id": "1091", "type": "Feature", "properties": {"name": "Some South Bay", "step": 1091, "lat": 37.58556, "lon": -122.04931, "elevation_m": 7.5, "time": null, "elevation_f": 24.6063, "step_elevation_m": 0.0, "step_elevation_f": 0.0, "step_dist_m": 15.606311443102998, "step_dist_f": 51.20181083499004, "step_grade": 0.0, "step_turn": 3.389361379016492, "coast_speed_mps": 0.0, "coast_speed_mph": 0.0}, "geometry": {"type": "Point", "coordinates": [-122.04931, 37.58556]}}, {"id": "1092", "type": "Feature", "properties": {"name": "Some South Bay", "step": 1092, "lat": 37.58509, "lon": -122.04972, "elevation_m": 7.3, "time": null, "elevation_f": 23.950132, "step_elevation_m": -0.20000000000000018, "step_elevation_f": -0.656168000000001, "step_dist_m": 63.53326646433928, "step_dist_f": 208.44248194686287, "step_grade": -0.0031479571432433528, "step_turn": 3.7392900329789427, "coast_speed_mps": 0.0, "coast_speed_mph": 0.0}, "geometry": {"type": "Point", "coordinates": [-122.04972, 37.58509]}}, {"id": "1093", "type": "Feature", "properties": {"name": "Some South Bay", "step": 1093, "lat": 37.58462, "lon": -122.05013, "elevation_m": 7.5, "time": null, "elevation_f": 24.6063, "step_elevation_m": 0.20000000000000018, "step_elevation_f": 0.656168000000001, "step_dist_m": 63.53339617289563, "step_dist_f": 208.4429074998829, "step_grade": 0.0031479507164347592, "step_turn": 0.00016921087694754533, "coast_speed_mps": 0.0, "coast_speed_mph": 0.0}, "geometry": {"type": "Point", "coordinates": [-122.05013, 37.58462]}}, {"id": "1094", "type": "Feature", "properties": {"name": "Some South Bay", "step": 1094, "lat": 37.58438, "lon": -122.05023, "elevation_m": 7.5, "time": null, "elevation_f": 24.6063, "step_elevation_m": 0.0, "step_elevation_f": 0.0, "step_dist_m": 28.10391973915175, "step_dist_f": 92.20446403699863, "step_grade": 0.0, "step_turn": 16.38301592546145, "coast_speed_mps": 0.0, "coast_speed_mph": 0.0}, "geometry": {"type": "Point", "coordinates": [-122.05023, 37.58438]}}, {"id": "1095", "type": "Feature", "properties": {"name": "Some South Bay", "step": 1095, "lat": 37.5842, "lon": -122.05029, "elevation_m": 7.2, "time": null, "elevation_f": 23.622048, "step_elevation_m": -0.2999999999999998, "step_elevation_f": -0.9842520000000015, "step_dist_m": 20.701603783254043, "step_dist_f": 67.9186497562512, "step_grade": -0.014491630848556576, "step_turn": 3.4758550857401076, "coast_speed_mps": 1.6237845516510008, "coast_speed_mph": 3.632302594065406}, "geometry": {"type": "Point", "coordinates": [-122.05029, 37.5842]}}, {"id": "1096", "type": "Feature", "properties": {"name": "Some South Bay", "step": 1096, "lat": 37.58399, "lon": -122.05043, "elevation_m": 7.5, "time": null, "elevation_f": 24.6063, "step_elevation_m": 0.2999999999999998, "step_elevation_f": 0.9842520000000015, "step_dist_m": 26.40935183981156, "step_dist_f": 86.64485789012735, "step_grade": 0.01135961237593707, "step_turn": 13.050951394926358, "coast_speed_mps": 0.0, "coast_speed_mph": 0.0}, "geometry": {"type": "Point", "coordinates": [-122.05043, 37.58399]}}, {"id": "1097", "type": "Feature", "properties": {"name": "Some South Bay", "step": 1097, "lat": 37.58387, "lon": -122.05054, "elevation_m": 7.8, "time": null, "elevation_f": 25.590552, "step_elevation_m": 0.2999999999999998, "step_elevation_f": 0.9842519999999979, "step_dist_m": 16.49239603524323, "step_dist_f": 54.1089126082674, "step_grade": 0.018190201069566748, "step_turn": 8.14772165322745, "coast_speed_mps": 0.0, "coast_speed_mph": 0.0}, "geometry": {"type": "Point", "coordinates": [-122.05054, 37.58387]}}, {"id": "1098", "type": "Feature", "properties": {"name": "Some South Bay", "step": 1098, "lat": 37.58369, "lon": -122.05075, "elevation_m": 8.5, "time": null, "elevation_f": 27.88714, "step_elevation_m": 0.7000000000000002, "step_elevation_f": 2.296588, "step_dist_m": 27.258557613490503, "step_dist_f": 89.43096616064418, "step_grade": 0.025680008822387725, "step_turn": 6.759137744371628, "coast_speed_mps": 0.0, "coast_speed_mph": 0.0}, "geometry": {"type": "Point", "coordinates": [-122.05075, 37.58369]}}, {"id": "1099", "type": "Feature", "properties": {"name": "Some South Bay", "step": 1099, "lat": 37.58354, "lon": -122.05095, "elevation_m": 8.1, "time": null, "elevation_f": 26.574804, "step_elevation_m": -0.40000000000000036, "step_elevation_f": -1.3123359999999984, "step_dist_m": 24.264958244192854, "step_dist_f": 79.60944560587768, "step_grade": -0.016484677038161782, "step_turn": 3.822353505798162, "coast_speed_mps": 2.0098189356236786, "coast_speed_mph": 4.495836917554752}, "geometry": {"type": "Point", "coordinates": [-122.05095, 37.58354]}}, {"id": "1100", "type": "Feature", "properties": {"name": "Some South Bay", "step": 1100, "lat": 37.58339, "lon": -122.05113, "elevation_m": 7.4, "time": null, "elevation_f": 24.278216, "step_elevation_m": -0.6999999999999993, "step_elevation_f": -2.296588, "step_dist_m": 23.016882656976033, "step_dist_f": 75.51470929631324, "step_grade": -0.030412458995086416, "step_turn": 3.016901129725511, "coast_speed_mps": 3.6742178913022236, "coast_speed_mph": 8.218991345969531}, "geometry": {"type": "Point", "coordinates": [-122.05113, 37.58339]}}, {"id": "1101", "type": "Feature", "properties": {"name": "Some South Bay", "step": 1101, "lat": 37.58296, "lon": -122.05149, "elevation_m": 6.7, "time": null, "elevation_f": 21.981628, "step_elevation_m": -0.7000000000000002, "step_elevation_f": -2.296588, "step_dist_m": 57.380210619523275, "step_dist_f": 188.25529020895675, "step_grade": -0.012199327824736659, "step_turn": 9.997235319724581, "coast_speed_mps": 3.566820463913789, "coast_speed_mph": 7.978750142971065}, "geometry": {"type": "Point", "coordinates": [-122.05149, 37.58296]}}, {"id": "1102", "type": "Feature", "properties": {"name": "Some South Bay", "step": 1102, "lat": 37.58262, "lon": -122.05176, "elevation_m": 6.4, "time": null, "elevation_f": 20.997376000000003, "step_elevation_m": -0.2999999999999998, "step_elevation_f": -0.9842519999999979, "step_dist_m": 44.669669965087024, "step_dist_f": 146.55404000825612, "step_grade": -0.006715966342139402, "step_turn": 1.3799064240237158, "coast_speed_mps": 2.761916214925939, "coast_speed_mph": 6.178230616781353}, "geometry": {"type": "Point", "coordinates": [-122.05176, 37.58262]}}, {"id": "1103", "type": "Feature", "properties": {"name": "Some South Bay", "step": 1103, "lat": 37.58252, "lon": -122.05186, "elevation_m": 6.3, "time": null, "elevation_f": 20.669292, "step_elevation_m": -0.10000000000000053, "step_elevation_f": -0.32808400000000404, "step_dist_m": 14.187779718088201, "step_dist_f": 46.5478352102925, "step_grade": -0.007048319186441069, "step_turn": 6.2130081657271035, "coast_speed_mps": 2.5541893955890935, "coast_speed_mph": 5.713558955773736}, "geometry": {"type": "Point", "coordinates": [-122.05186, 37.58252]}}, {"id": "1104", "type": "Feature", "properties": {"name": "Some South Bay", "step": 1104, "lat": 37.58203, "lon": -122.05225, "elevation_m": 6.0, "time": null, "elevation_f": 19.68504, "step_elevation_m": -0.2999999999999998, "step_elevation_f": -0.9842519999999979, "step_dist_m": 64.41845030711978, "step_dist_f": 211.34662850561088, "step_grade": -0.004657050869273125, "step_turn": 6.154263046539825, "coast_speed_mps": 0.0, "coast_speed_mph": 0.0}, "geometry": {"type": "Point", "coordinates": [-122.05225, 37.58203]}}, {"id": "1105", "type": "Feature", "properties": {"name": "Some South Bay", "step": 1105, "lat": 37.58154, "lon": -122.05264, "elevation_m": 5.9, "time": null, "elevation_f": 19.356956, "step_elevation_m": -0.09999999999999964, "step_elevation_f": -0.3280840000000005, "step_dist_m": 64.41857097925896, "step_dist_f": 211.34702441159197, "step_grade": -0.0015523473818162925, "step_turn": 0.00017015977456935616, "coast_speed_mps": 0.0, "coast_speed_mph": 0.0}, "geometry": {"type": "Point", "coordinates": [-122.05264, 37.58154]}}, {"id": "1106", "type": "Feature", "properties": {"name": "Some South Bay", "step": 1106, "lat": 37.58116, "lon": -122.05285, "elevation_m": 6.2, "time": null, "elevation_f": 20.341208, "step_elevation_m": 0.2999999999999998, "step_elevation_f": 0.9842520000000015, "step_dist_m": 46.12867036418748, "step_dist_f": 151.34078687764085, "step_grade": 0.0065035475254649495, "step_turn": 8.590618281137779, "coast_speed_mps": 0.0, "coast_speed_mph": 0.0}, "geometry": {"type": "Point", "coordinates": [-122.05285, 37.58116]}}, {"id": "1107", "type": "Feature", "properties": {"name": "Some South Bay", "step": 1107, "lat": 37.5809, "lon": -122.05301, "elevation_m": 6.1, "time": null, "elevation_f": 20.013123999999998, "step_elevation_m": -0.10000000000000053, "step_elevation_f": -0.32808400000000404, "step_dist_m": 32.16550380051326, "step_dist_f": 105.52987148887591, "step_grade": -0.00310892068161559, "step_turn": 2.346673626298127, "coast_speed_mps": 0.0, "coast_speed_mph": 0.0}, "geometry": {"type": "Point", "coordinates": [-122.05301, 37.5809]}}, {"id": "1108", "type": "Feature", "properties": {"name": "Some South Bay", "step": 1108, "lat": 37.5808, "lon": -122.05314, "elevation_m": 6.0, "time": null, "elevation_f": 19.68504, "step_elevation_m": -0.09999999999999964, "step_elevation_f": -0.32808399999999693, "step_dist_m": 15.964887739304192, "step_dist_f": 52.378242290618765, "step_grade": -0.0062637458924191605, "step_turn": 19.85548385569453, "coast_speed_mps": 0.0, "coast_speed_mph": 0.0}, "geometry": {"type": "Point", "coordinates": [-122.05314, 37.5808]}}, {"id": "1109", "type": "Feature", "properties": {"name": "Some South Bay", "step": 1109, "lat": 37.58064, "lon": -122.05336, "elevation_m": 5.8, "time": null, "elevation_f": 19.028872, "step_elevation_m": -0.20000000000000018, "step_elevation_f": -0.656168000000001, "step_dist_m": 26.31294249991365, "step_dist_f": 86.32855427141669, "step_grade": -0.007600822294984931, "step_turn": 1.6040294065385012, "coast_speed_mps": 0.0, "coast_speed_mph": 0.0}, "geometry": {"type": "Point", "coordinates": [-122.05336, 37.58064]}}, {"id": "1110", "type": "Feature", "properties": {"name": "Some South Bay", "step": 1110, "lat": 37.58095, "lon": -122.05337, "elevation_m": 6.0, "time": null, "elevation_f": 19.68504, "step_elevation_m": 0.20000000000000018, "step_elevation_f": 0.656168000000001, "step_dist_m": 34.481689231393766, "step_dist_f": 113.12890529792593, "step_grade": 0.005800179876857967, "step_turn": 131.07813531288645, "coast_speed_mps": 0.0, "coast_speed_mph": 0.0}, "geometry": {"type": "Point", "coordinates": [-122.05337, 37.58095]}}, {"id": "1111", "type": "Feature", "properties": {"name": "Some South Bay", "step": 1111, "lat": 37.58099, "lon": -122.05334, "elevation_m": 6.0, "time": null, "elevation_f": 19.68504, "step_elevation_m": 0.0, "step_elevation_f": 0.0, "step_dist_m": 5.1741373175568075, "step_dist_f": 16.975516676933076, "step_grade": 0.0, "step_turn": 32.1903420919042, "coast_speed_mps": 0.0, "coast_speed_mph": 0.0}, "geometry": {"type": "Point", "coordinates": [-122.05334, 37.58099]}}, {"id": "1112", "type": "Feature", "properties": {"name": "Some South Bay", "step": 1112, "lat": 37.5809, "lon": -122.05316, "elevation_m": 6.1, "time": null, "elevation_f": 20.013123999999998, "step_elevation_m": 0.09999999999999964, "step_elevation_f": 0.32808399999999693, "step_dist_m": 18.75494150176316, "step_dist_f": 61.53196227664464, "step_grade": 0.005331928120948743, "step_turn": 91.52268826983476, "coast_speed_mps": 0.0, "coast_speed_mph": 0.0}, "geometry": {"type": "Point", "coordinates": [-122.05316, 37.5809]}}, {"id": "1113", "type": "Feature", "properties": {"name": "Some South Bay", "step": 1113, "lat": 37.58064, "lon": -122.05262, "elevation_m": 6.4, "time": null, "elevation_f": 20.997376000000003, "step_elevation_m": 0.3000000000000007, "step_elevation_f": 0.984252000000005, "step_dist_m": 55.679531873667685, "step_dist_f": 182.67563535240387, "step_grade": 0.005387976333577593, "step_turn": 0.9679355404873036, "coast_speed_mps": 0.0, "coast_speed_mph": 0.0}, "geometry": {"type": "Point", "coordinates": [-122.05262, 37.58064]}}, {"id": "1114", "type": "Feature", "properties": {"name": "Some South Bay", "step": 1114, "lat": 37.58038, "lon": -122.05208, "elevation_m": 6.7, "time": null, "elevation_f": 21.981628, "step_elevation_m": 0.2999999999999998, "step_elevation_f": 0.9842519999999979, "step_dist_m": 55.679673892787505, "step_dist_f": 182.67610129441294, "step_grade": 0.005387962590759004, "step_turn": 8.878650015731182e-05, "coast_speed_mps": 0.0, "coast_speed_mph": 0.0}, "geometry": {"type": "Point", "coordinates": [-122.05208, 37.58038]}}, {"id": "1115", "type": "Feature", "properties": {"name": "Some South Bay", "step": 1115, "lat": 37.58035, "lon": -122.05201, "elevation_m": 6.8, "time": null, "elevation_f": 22.309711999999998, "step_elevation_m": 0.09999999999999964, "step_elevation_f": 0.32808399999999693, "step_dist_m": 7.012747159653089, "step_dist_f": 23.00770139127624, "step_grade": 0.014259746961267389, "step_turn": 2.8767623303125447, "coast_speed_mps": 0.0, "coast_speed_mph": 0.0}, "geometry": {"type": "Point", "coordinates": [-122.05201, 37.58035]}}, {"id": "1116", "type": "Feature", "properties": {"name": "Some South Bay", "step": 1116, "lat": 37.58031, "lon": -122.05208, "elevation_m": 6.8, "time": null, "elevation_f": 22.309711999999998, "step_elevation_m": 0.0, "step_elevation_f": 0.0, "step_dist_m": 7.604845606938306, "step_dist_f": 24.95028166106747, "step_grade": 0.0, "step_turn": 115.80283197596793, "coast_speed_mps": 0.0, "coast_speed_mph": 0.0}, "geometry": {"type": "Point", "coordinates": [-122.05208, 37.58031]}}, {"id": "1117", "type": "Feature", "properties": {"name": "Some South Bay", "step": 1117, "lat": 37.58031, "lon": -122.05211, "elevation_m": 6.8, "time": null, "elevation_f": 22.309711999999998, "step_elevation_m": 0.0, "step_elevation_f": 0.0, "step_dist_m": 2.6436569679860553, "step_dist_f": 8.67341552684737, "step_grade": 0.0, "step_turn": 35.7933394657573, "coast_speed_mps": 0.0, "coast_speed_mph": 0.0}, "geometry": {"type": "Point", "coordinates": [-122.05211, 37.58031]}}, {"id": "1118", "type": "Feature", "properties": {"name": "Some South Bay", "step": 1118, "lat": 37.58032, "lon": -122.05216, "elevation_m": 6.9, "time": null, "elevation_f": 22.637796, "step_elevation_m": 0.10000000000000053, "step_elevation_f": 0.32808400000000404, "step_dist_m": 4.544238243979467, "step_dist_f": 14.908918600377595, "step_grade": 0.02200588847481483, "step_turn": 14.163775562415367, "coast_speed_mps": 0.0, "coast_speed_mph": 0.0}, "geometry": {"type": "Point", "coordinates": [-122.05216, 37.58032]}}, {"id": "1119", "type": "Feature", "properties": {"name": "Some South Bay", "step": 1119, "lat": 37.58032, "lon": -122.05219, "elevation_m": 6.9, "time": null, "elevation_f": 22.637796, "step_elevation_m": 0.0, "step_elevation_f": 0.0, "step_dist_m": 2.643656610666512, "step_dist_f": 8.67341435453912, "step_grade": 0.0, "step_turn": 14.163775562414116, "coast_speed_mps": 0.0, "coast_speed_mph": 0.0}, "geometry": {"type": "Point", "coordinates": [-122.05219, 37.58032]}}, {"id": "1120", "type": "Feature", "properties": {"name": "Some South Bay", "step": 1120, "lat": 37.58031, "lon": -122.05222, "elevation_m": 6.9, "time": null, "elevation_f": 22.637796, "step_elevation_m": 0.0, "step_elevation_f": 0.0, "step_dist_m": 2.8679875171869402, "step_dist_f": 9.409408165887601, "step_grade": 0.0, "step_turn": 22.812123360160314, "coast_speed_mps": 0.0, "coast_speed_mph": 0.0}, "geometry": {"type": "Point", "coordinates": [-122.05222, 37.58031]}}, {"id": "1121", "type": "Feature", "properties": {"name": "Some South Bay", "step": 1121, "lat": 37.5801, "lon": -122.05243, "elevation_m": 6.3, "time": null, "elevation_f": 20.669292, "step_elevation_m": -0.6000000000000005, "step_elevation_f": -1.968504000000003, "step_dist_m": 29.794702515568538, "step_dist_f": 97.75165180117789, "step_grade": -0.020137808044449656, "step_turn": 28.7909833172169, "coast_speed_mps": 2.6637236142581258, "coast_speed_mph": 5.9585800247363165}, "geometry": {"type": "Point", "coordinates": [-122.05243, 37.5801]}}, {"id": "1122", "type": "Feature", "properties": {"name": "Some South Bay", "step": 1122, "lat": 37.57997, "lon": -122.05252, "elevation_m": 6.2, "time": null, "elevation_f": 20.341208, "step_elevation_m": -0.09999999999999964, "step_elevation_f": -0.32808399999999693, "step_dist_m": 16.488105773120253, "step_dist_f": 54.09483694468385, "step_grade": -0.006064978074256699, "step_turn": 9.645263840422189, "coast_speed_mps": 2.3744475114773236, "coast_speed_mph": 5.311487812001881}, "geometry": {"type": "Point", "coordinates": [-122.05252, 37.57997]}}, {"id": "1123", "type": "Feature", "properties": {"name": "Some South Bay", "step": 1123, "lat": 37.57976, "lon": -122.05272, "elevation_m": 6.2, "time": null, "elevation_f": 20.341208, "step_elevation_m": 0.0, "step_elevation_f": 0.0, "step_dist_m": 29.255574205518062, "step_dist_f": 95.98285807643188, "step_grade": 0.0, "step_turn": 8.29267646211386, "coast_speed_mps": 0.0, "coast_speed_mph": 0.0}, "geometry": {"type": "Point", "coordinates": [-122.05272, 37.57976]}}, {"id": "1124", "type": "Feature", "properties": {"name": "Some South Bay", "step": 1124, "lat": 37.57938, "lon": -122.05318, "elevation_m": 6.4, "time": null, "elevation_f": 20.997376000000003, "step_elevation_m": 0.20000000000000018, "step_elevation_f": 0.656168000000001, "step_dist_m": 58.55435533014096, "step_dist_f": 192.10747114133966, "step_grade": 0.0034156297831708826, "step_turn": 6.76732148713495, "coast_speed_mps": 0.0, "coast_speed_mph": 0.0}, "geometry": {"type": "Point", "coordinates": [-122.05318, 37.57938]}}, {"id": "1125", "type": "Feature", "properties": {"name": "Some South Bay", "step": 1125, "lat": 37.57919, "lon": -122.05343, "elevation_m": 6.9, "time": null, "elevation_f": 22.637796, "step_elevation_m": 0.5, "step_elevation_f": 1.6404199999999989, "step_dist_m": 30.52387316030956, "step_dist_f": 100.14394401927001, "step_grade": 0.01638062107564233, "step_turn": 2.388060947842831, "coast_speed_mps": 0.0, "coast_speed_mph": 0.0}, "geometry": {"type": "Point", "coordinates": [-122.05343, 37.57919]}}, {"id": "1126", "type": "Feature", "properties": {"name": "Some South Bay", "step": 1126, "lat": 37.57893, "lon": -122.05379, "elevation_m": 6.8, "time": null, "elevation_f": 22.309711999999998, "step_elevation_m": -0.10000000000000053, "step_elevation_f": -0.32808400000000404, "step_dist_m": 42.92162689489032, "step_dist_f": 140.81899038183198, "step_grade": -0.002329827810229281, "step_turn": 1.457282513315107, "coast_speed_mps": 0.0, "coast_speed_mph": 0.0}, "geometry": {"type": "Point", "coordinates": [-122.05379, 37.57893]}}, {"id": "1127", "type": "Feature", "properties": {"name": "Some South Bay", "step": 1127, "lat": 37.57866, "lon": -122.05423, "elevation_m": 6.7, "time": null, "elevation_f": 21.981628, "step_elevation_m": -0.09999999999999964, "step_elevation_f": -0.32808399999999693, "step_dist_m": 49.0389061582416, "step_dist_f": 160.88880488020538, "step_grade": -0.0020391971973704676, "step_turn": 4.592911119818382, "coast_speed_mps": 0.0, "coast_speed_mph": 0.0}, "geometry": {"type": "Point", "coordinates": [-122.05423, 37.57866]}}, {"id": "1128", "type": "Feature", "properties": {"name": "Some South Bay", "step": 1128, "lat": 37.57834, "lon": -122.05481, "elevation_m": 6.6, "time": null, "elevation_f": 21.653544, "step_elevation_m": -0.10000000000000053, "step_elevation_f": -0.3280840000000005, "step_dist_m": 62.27789595410618, "step_dist_f": 204.32381216206971, "step_grade": -0.0016057061412879544, "step_turn": 2.9059779277450275, "coast_speed_mps": 0.0, "coast_speed_mph": 0.0}, "geometry": {"type": "Point", "coordinates": [-122.05481, 37.57834]}}, {"id": "1129", "type": "Feature", "properties": {"name": "Some South Bay", "step": 1129, "lat": 37.57801, "lon": -122.05538, "elevation_m": 6.5, "time": null, "elevation_f": 21.32546, "step_elevation_m": -0.09999999999999964, "step_elevation_f": -0.3280840000000005, "step_dist_m": 62.20626287221932, "step_dist_f": 204.08879548169202, "step_grade": -0.001607555178252938, "step_turn": 1.3042972608496655, "coast_speed_mps": 0.0, "coast_speed_mph": 0.0}, "geometry": {"type": "Point", "coordinates": [-122.05538, 37.57801]}}, {"id": "1130", "type": "Feature", "properties": {"name": "Some South Bay", "step": 1130, "lat": 37.57781, "lon": -122.05576, "elevation_m": 6.4, "time": null, "elevation_f": 20.997376000000003, "step_elevation_m": -0.09999999999999964, "step_elevation_f": -0.32808399999999693, "step_dist_m": 40.199234981178975, "step_dist_f": 131.88725809565122, "step_grade": -0.002487609529057431, "step_turn": 2.5604045739989942, "coast_speed_mps": 0.0, "coast_speed_mph": 0.0}, "geometry": {"type": "Point", "coordinates": [-122.05576, 37.57781]}}, {"id": "1131", "type": "Feature", "properties": {"name": "Some South Bay", "step": 1131, "lat": 37.57733, "lon": -122.05655, "elevation_m": 5.7, "time": null, "elevation_f": 18.700788, "step_elevation_m": -0.7000000000000002, "step_elevation_f": -2.2965880000000034, "step_dist_m": 87.72413219715298, "step_dist_f": 287.8088418777074, "step_grade": -0.007979560269992823, "step_turn": 3.887450599375768, "coast_speed_mps": 0.0, "coast_speed_mph": 0.0}, "geometry": {"type": "Point", "coordinates": [-122.05655, 37.57733]}}, {"id": "1132", "type": "Feature", "properties": {"name": "Some South Bay", "step": 1132, "lat": 37.57708, "lon": -122.05687, "elevation_m": 5.5, "time": null, "elevation_f": 18.04462, "step_elevation_m": -0.20000000000000018, "step_elevation_f": -0.656168000000001, "step_dist_m": 39.59823023813543, "step_dist_f": 129.91545769448425, "step_grade": -0.005050730772492665, "step_turn": 7.113686193822446, "coast_speed_mps": 0.0, "coast_speed_mph": 0.0}, "geometry": {"type": "Point", "coordinates": [-122.05687, 37.57708]}}, {"id": "1133", "type": "Feature", "properties": {"name": "Some South Bay", "step": 1133, "lat": 37.57692, "lon": -122.05705, "elevation_m": 5.6, "time": null, "elevation_f": 18.372704, "step_elevation_m": 0.09999999999999964, "step_elevation_f": 0.3280840000000005, "step_dist_m": 23.835896212959987, "step_dist_f": 78.20176173132765, "step_grade": 0.004195353055180192, "step_turn": 3.690546480129626, "coast_speed_mps": 0.0, "coast_speed_mph": 0.0}, "geometry": {"type": "Point", "coordinates": [-122.05705, 37.57692]}}, {"id": "1134", "type": "Feature", "properties": {"name": "Some South Bay", "step": 1134, "lat": 37.57692, "lon": -122.05705, "elevation_m": 5.6, "time": null, "elevation_f": 18.372704, "step_elevation_m": 0.0, "step_elevation_f": 0.0, "step_dist_m": 0.0, "step_dist_f": 0.0, "step_grade": null, "step_turn": null, "coast_speed_mps": 0.0, "coast_speed_mph": 0.0}, "geometry": {"type": "Point", "coordinates": [-122.05705, 37.57692]}}, {"id": "1135", "type": "Feature", "properties": {"name": "Some South Bay", "step": 1135, "lat": 37.57664, "lon": -122.05733, "elevation_m": 5.7, "time": null, "elevation_f": 18.700788, "step_elevation_m": 0.10000000000000053, "step_elevation_f": 0.3280840000000005, "step_dist_m": 39.72697499598063, "step_dist_f": 130.3378486458131, "step_grade": 0.0025171813361102376, "step_turn": null, "coast_speed_mps": 0.0, "coast_speed_mph": 0.0}, "geometry": {"type": "Point", "coordinates": [-122.05733, 37.57664]}}, {"id": "1136", "type": "Feature", "properties": {"name": "Some South Bay", "step": 1136, "lat": 37.57621, "lon": -122.0577, "elevation_m": 5.6, "time": null, "elevation_f": 18.372704, "step_elevation_m": -0.10000000000000053, "step_elevation_f": -0.3280840000000005, "step_dist_m": 57.87369777141355, "step_dist_f": 189.87434259636444, "step_grade": -0.0017279006500496167, "step_turn": 4.1059221068819625, "coast_speed_mps": 0.0, "coast_speed_mph": 0.0}, "geometry": {"type": "Point", "coordinates": [-122.0577, 37.57621]}}, {"id": "1137", "type": "Feature", "properties": {"name": "Some South Bay", "step": 1137, "lat": 37.57571, "lon": -122.05812, "elevation_m": 5.4, "time": null, "elevation_f": 17.716536, "step_elevation_m": -0.1999999999999993, "step_elevation_f": -0.6561679999999974, "step_dist_m": 66.7912174988017, "step_dist_f": 219.13129801876858, "step_grade": -0.0029944056642415224, "step_turn": 0.6389303341803156, "coast_speed_mps": 0.0, "coast_speed_mph": 0.0}, "geometry": {"type": "Point", "coordinates": [-122.05812, 37.57571]}}, {"id": "1138", "type": "Feature", "properties": {"name": "Some South Bay", "step": 1138, "lat": 37.5752, "lon": -122.05855, "elevation_m": 5.0, "time": null, "elevation_f": 16.4042, "step_elevation_m": -0.40000000000000036, "step_elevation_f": -1.312336000000002, "step_dist_m": 68.20542471144287, "step_dist_f": 223.77108561029024, "step_grade": -0.005864636158960712, "step_turn": 0.09878089663851597, "coast_speed_mps": 0.0, "coast_speed_mph": 0.0}, "geometry": {"type": "Point", "coordinates": [-122.05855, 37.5752]}}, {"id": "1139", "type": "Feature", "properties": {"name": "Some South Bay", "step": 1139, "lat": 37.5747, "lon": -122.05898, "elevation_m": 4.5, "time": null, "elevation_f": 14.76378, "step_elevation_m": -0.5, "step_elevation_f": -1.6404199999999989, "step_dist_m": 67.28387540100871, "step_dist_f": 220.74762977064543, "step_grade": -0.007431200967839971, "step_turn": 0.5262772466357433, "coast_speed_mps": 0.0, "coast_speed_mph": 0.0}, "geometry": {"type": "Point", "coordinates": [-122.05898, 37.5747]}}, {"id": "1140", "type": "Feature", "properties": {"name": "Some South Bay", "step": 1140, "lat": 37.57428, "lon": -122.05936, "elevation_m": 4.0, "time": null, "elevation_f": 13.12336, "step_elevation_m": -0.5, "step_elevation_f": -1.6404200000000007, "step_dist_m": 57.46802261640993, "step_dist_f": 188.54338732082235, "step_grade": -0.008700490764010133, "step_turn": 1.3652235946379108, "coast_speed_mps": 0.888717711159341, "coast_speed_mph": 1.9880049014838492}, "geometry": {"type": "Point", "coordinates": [-122.05936, 37.57428]}}, {"id": "1141", "type": "Feature", "properties": {"name": "Some South Bay", "step": 1141, "lat": 37.57383, "lon": -122.05973, "elevation_m": 4.7, "time": null, "elevation_f": 15.419948, "step_elevation_m": 0.7000000000000002, "step_elevation_f": 2.296588, "step_dist_m": 59.724739076796325, "step_dist_f": 195.94731295271646, "step_grade": 0.011720436301947067, "step_turn": 2.55263315705497, "coast_speed_mps": 0.0, "coast_speed_mph": 0.0}, "geometry": {"type": "Point", "coordinates": [-122.05973, 37.57383]}}, {"id": "1142", "type": "Feature", "properties": {"name": "Some South Bay", "step": 1142, "lat": 37.57372, "lon": -122.05992, "elevation_m": 5.2, "time": null, "elevation_f": 17.060368, "step_elevation_m": 0.5, "step_elevation_f": 1.6404200000000007, "step_dist_m": 20.736219883324054, "step_dist_f": 68.03221964200489, "step_grade": 0.024112398634531122, "step_turn": 20.762065652882967, "coast_speed_mps": 0.0, "coast_speed_mph": 0.0}, "geometry": {"type": "Point", "coordinates": [-122.05992, 37.57372]}}, {"id": "1143", "type": "Feature", "properties": {"name": "Some South Bay", "step": 1143, "lat": 37.57358, "lon": -122.06009, "elevation_m": 7.3, "time": null, "elevation_f": 23.950132, "step_elevation_m": 2.0999999999999996, "step_elevation_f": 6.8897639999999996, "step_dist_m": 21.60561765924464, "step_dist_f": 70.88457464115618, "step_grade": 0.09719694355053297, "step_turn": 9.950484614555336, "coast_speed_mps": 0.0, "coast_speed_mph": 0.0}, "geometry": {"type": "Point", "coordinates": [-122.06009, 37.57358]}}, {"id": "1144", "type": "Feature", "properties": {"name": "Some South Bay", "step": 1144, "lat": 37.57336, "lon": -122.06023, "elevation_m": 7.4, "time": null, "elevation_f": 24.278216, "step_elevation_m": 0.10000000000000053, "step_elevation_f": 0.3280840000000005, "step_dist_m": 27.39824529757643, "step_dist_f": 89.88925910210065, "step_grade": 0.003649868774948381, "step_turn": 17.137806159590752, "coast_speed_mps": 0.0, "coast_speed_mph": 0.0}, "geometry": {"type": "Point", "coordinates": [-122.06023, 37.57336]}}, {"id": "1145", "type": "Feature", "properties": {"name": "Some South Bay", "step": 1145, "lat": 37.57317, "lon": -122.0603, "elevation_m": 6.4, "time": null, "elevation_f": 20.997376000000003, "step_elevation_m": -1.0, "step_elevation_f": -3.2808399999999978, "step_dist_m": 22.009308302473716, "step_dist_f": 72.20901905108786, "step_grade": -0.0454353215583611, "step_turn": 10.486896971668926, "coast_speed_mps": 4.0206242013950675, "coast_speed_mph": 8.993880192812865}, "geometry": {"type": "Point", "coordinates": [-122.0603, 37.57317]}}, {"id": "1146", "type": "Feature", "properties": {"name": "Some South Bay", "step": 1146, "lat": 37.5725, "lon": -122.06085, "elevation_m": 4.9, "time": null, "elevation_f": 16.076116000000003, "step_elevation_m": -1.5, "step_elevation_f": -4.92126, "step_dist_m": 88.88118803958122, "step_dist_f": 291.60495696777963, "step_grade": -0.01687646208477782, "step_turn": 16.771297692402015, "coast_speed_mps": 4.629607776393439, "coast_speed_mph": 10.356137652991755}, "geometry": {"type": "Point", "coordinates": [-122.06085, 37.5725]}}, {"id": "1147", "type": "Feature", "properties": {"name": "Some South Bay", "step": 1147, "lat": 37.57184, "lon": -122.0614, "elevation_m": 4.6, "time": null, "elevation_f": 15.091864, "step_elevation_m": -0.3000000000000007, "step_elevation_f": -0.9842520000000032, "step_dist_m": 87.95147640169158, "step_dist_f": 288.5547218377258, "step_grade": -0.0034109717343440843, "step_turn": 0.39528282303584206, "coast_speed_mps": 0.342160123879523, "coast_speed_mph": 0.7653903987999343}, "geometry": {"type": "Point", "coordinates": [-122.0614, 37.57184]}}, {"id": "1148", "type": "Feature", "properties": {"name": "Some South Bay", "step": 1148, "lat": 37.57117, "lon": -122.06194, "elevation_m": 4.4, "time": null, "elevation_f": 14.435696000000002, "step_elevation_m": -0.1999999999999993, "step_elevation_f": -0.6561679999999974, "step_dist_m": 88.40410552638319, "step_dist_f": 290.03972557517903, "step_grade": -0.002262338370024134, "step_turn": 0.8736004263744235, "coast_speed_mps": 0.0, "coast_speed_mph": 0.0}, "geometry": {"type": "Point", "coordinates": [-122.06194, 37.57117]}}, {"id": "1149", "type": "Feature", "properties": {"name": "Some South Bay", "step": 1149, "lat": 37.5705, "lon": -122.06249, "elevation_m": 4.4, "time": null, "elevation_f": 14.435696000000002, "step_elevation_m": 0.0, "step_elevation_f": 0.0, "step_dist_m": 88.8818979363811, "step_dist_f": 291.6072860255965, "step_grade": 0.0, "step_turn": 0.47902094336669165, "coast_speed_mps": 0.0, "coast_speed_mph": 0.0}, "geometry": {"type": "Point", "coordinates": [-122.06249, 37.5705]}}, {"id": "1150", "type": "Feature", "properties": {"name": "Some South Bay", "step": 1150, "lat": 37.56984, "lon": -122.06303, "elevation_m": 4.2, "time": null, "elevation_f": 13.779528, "step_elevation_m": -0.20000000000000018, "step_elevation_f": -0.656168000000001, "step_dist_m": 87.46954742432888, "step_dist_f": 286.97358997163514, "step_grade": -0.002286510058520915, "step_turn": 0.08643756983320827, "coast_speed_mps": 0.0, "coast_speed_mph": 0.0}, "geometry": {"type": "Point", "coordinates": [-122.06303, 37.56984]}}, {"id": "1151", "type": "Feature", "properties": {"name": "Some South Bay", "step": 1151, "lat": 37.56909, "lon": -122.06365, "elevation_m": 3.9, "time": null, "elevation_f": 12.795276, "step_elevation_m": -0.30000000000000027, "step_elevation_f": -0.9842520000000015, "step_dist_m": 99.70376732723098, "step_dist_f": 327.1121079978725, "step_grade": -0.003008913384540331, "step_turn": 0.2706901788322966, "coast_speed_mps": 0.0, "coast_speed_mph": 0.0}, "geometry": {"type": "Point", "coordinates": [-122.06365, 37.56909]}}, {"id": "1152", "type": "Feature", "properties": {"name": "Some South Bay", "step": 1152, "lat": 37.56835, "lon": -122.06427, "elevation_m": 3.8, "time": null, "elevation_f": 12.467191999999999, "step_elevation_m": -0.10000000000000009, "step_elevation_f": -0.3280840000000005, "step_dist_m": 98.77587107998481, "step_dist_f": 324.06782887405734, "step_grade": -0.0010123929954414072, "step_turn": 0.35376297905318665, "coast_speed_mps": 0.0, "coast_speed_mph": 0.0}, "geometry": {"type": "Point", "coordinates": [-122.06427, 37.56835]}}, {"id": "1153", "type": "Feature", "properties": {"name": "Some South Bay", "step": 1153, "lat": 37.5676, "lon": -122.06489, "elevation_m": 4.0, "time": null, "elevation_f": 13.12336, "step_elevation_m": 0.20000000000000018, "step_elevation_f": 0.656168000000001, "step_dist_m": 99.70436642402288, "step_dist_f": 327.11407353859124, "step_grade": 0.0020059302031913014, "step_turn": 0.35323756234717507, "coast_speed_mps": 0.0, "coast_speed_mph": 0.0}, "geometry": {"type": "Point", "coordinates": [-122.06489, 37.5676]}}, {"id": "1154", "type": "Feature", "properties": {"name": "Some South Bay", "step": 1154, "lat": 37.56685, "lon": -122.06551, "elevation_m": 4.2, "time": null, "elevation_f": 13.779528, "step_elevation_m": 0.20000000000000018, "step_elevation_f": 0.656168000000001, "step_dist_m": 99.70466797558267, "step_dist_f": 327.11506288101066, "step_grade": 0.00200592413636019, "step_turn": 0.0002644609924971064, "coast_speed_mps": 0.0, "coast_speed_mph": 0.0}, "geometry": {"type": "Point", "coordinates": [-122.06551, 37.56685]}}, {"id": "1155", "type": "Feature", "properties": {"name": "Some South Bay", "step": 1155, "lat": 37.5661, "lon": -122.06613, "elevation_m": 4.4, "time": null, "elevation_f": 14.435696000000002, "step_elevation_m": 0.20000000000000018, "step_elevation_f": 0.656168000000001, "step_dist_m": 99.70496952836798, "step_dist_f": 327.11605222745084, "step_grade": 0.002005918069541121, "step_turn": 0.0002644566025651329, "coast_speed_mps": 0.0, "coast_speed_mph": 0.0}, "geometry": {"type": "Point", "coordinates": [-122.06613, 37.5661]}}, {"id": "1156", "type": "Feature", "properties": {"name": "Some South Bay", "step": 1156, "lat": 37.56536, "lon": -122.06675, "elevation_m": 4.9, "time": null, "elevation_f": 16.076116000000003, "step_elevation_m": 0.5, "step_elevation_f": 1.6404200000000007, "step_dist_m": 98.77708456300896, "step_dist_f": 324.0718101177023, "step_grade": 0.005061902790632121, "step_turn": 0.35376853952672604, "coast_speed_mps": 0.0, "coast_speed_mph": 0.0}, "geometry": {"type": "Point", "coordinates": [-122.06675, 37.56536]}}, {"id": "1157", "type": "Feature", "properties": {"name": "Some South Bay", "step": 1157, "lat": 37.56531, "lon": -122.06679, "elevation_m": 5.0, "time": null, "elevation_f": 16.4042, "step_elevation_m": 0.09999999999999964, "step_elevation_f": 0.32808399999999693, "step_dist_m": 6.583352298845474, "step_dist_f": 21.598925556144184, "step_grade": 0.015189829658293798, "step_turn": 1.2090611360167713, "coast_speed_mps": 0.0, "coast_speed_mph": 0.0}, "geometry": {"type": "Point", "coordinates": [-122.06679, 37.56531]}}, {"id": "1158", "type": "Feature", "properties": {"name": "Some South Bay", "step": 1158, "lat": 37.56521, "lon": -122.06697, "elevation_m": 5.1, "time": null, "elevation_f": 16.732284, "step_elevation_m": 0.09999999999999964, "step_elevation_f": 0.3280840000000005, "step_dist_m": 19.373849009931384, "step_dist_f": 63.56249878574328, "step_grade": 0.005161596952094436, "step_turn": 22.59448770168001, "coast_speed_mps": 0.0, "coast_speed_mph": 0.0}, "geometry": {"type": "Point", "coordinates": [-122.06697, 37.56521]}}, {"id": "1159", "type": "Feature", "properties": {"name": "Some South Bay", "step": 1159, "lat": 37.56513, "lon": -122.06707, "elevation_m": 5.3, "time": null, "elevation_f": 17.388452, "step_elevation_m": 0.20000000000000018, "step_elevation_f": 0.656168000000001, "step_dist_m": 12.52269401977469, "step_dist_f": 41.084955447837594, "step_grade": 0.01597100429701297, "step_turn": 10.238392693540874, "coast_speed_mps": 0.0, "coast_speed_mph": 0.0}, "geometry": {"type": "Point", "coordinates": [-122.06707, 37.56513]}}, {"id": "1160", "type": "Feature", "properties": {"name": "Some South Bay", "step": 1160, "lat": 37.56496, "lon": -122.06722, "elevation_m": 5.4, "time": null, "elevation_f": 17.716536, "step_elevation_m": 0.10000000000000053, "step_elevation_f": 0.3280840000000005, "step_dist_m": 23.06779798383108, "step_dist_f": 75.68175433727237, "step_grade": 0.004335047500853509, "step_turn": 9.766718725081972, "coast_speed_mps": 0.0, "coast_speed_mph": 0.0}, "geometry": {"type": "Point", "coordinates": [-122.06722, 37.56496]}}, {"id": "1161", "type": "Feature", "properties": {"name": "Some South Bay", "step": 1161, "lat": 37.56487, "lon": -122.06727, "elevation_m": 5.2, "time": null, "elevation_f": 17.060368, "step_elevation_m": -0.20000000000000018, "step_elevation_f": -0.656168000000001, "step_dist_m": 10.934926860174675, "step_dist_f": 35.87574543993548, "step_grade": -0.018290017167687335, "step_turn": 11.202081111752307, "coast_speed_mps": 0.0, "coast_speed_mph": 0.0}, "geometry": {"type": "Point", "coordinates": [-122.06727, 37.56487]}}, {"id": "1162", "type": "Feature", "properties": {"name": "Some South Bay", "step": 1162, "lat": 37.56463, "lon": -122.06736, "elevation_m": 4.1, "time": null, "elevation_f": 13.451443999999999, "step_elevation_m": -1.1000000000000005, "step_elevation_f": -3.608924000000002, "step_dist_m": 27.8408143423823, "step_dist_f": 91.34125732706154, "step_grade": -0.03951033854370637, "step_turn": 7.212617859788054, "coast_speed_mps": 4.1487474954279495, "coast_speed_mph": 9.280483839092575}, "geometry": {"type": "Point", "coordinates": [-122.06736, 37.56463]}}, {"id": "1163", "type": "Feature", "properties": {"name": "Some South Bay", "step": 1163, "lat": 37.56434, "lon": -122.06764, "elevation_m": 4.0, "time": null, "elevation_f": 13.12336, "step_elevation_m": -0.09999999999999964, "step_elevation_f": -0.3280839999999987, "step_dist_m": 40.60677501507891, "step_dist_f": 133.22433174047148, "step_grade": -0.0024626432402687893, "step_turn": 20.8735821897871, "coast_speed_mps": 2.7987817582757435, "coast_speed_mph": 6.260696488626835}, "geometry": {"type": "Point", "coordinates": [-122.06764, 37.56434]}}, {"id": "1164", "type": "Feature", "properties": {"name": "Some South Bay", "step": 1164, "lat": 37.56382, "lon": -122.06828, "elevation_m": 3.8, "time": null, "elevation_f": 12.467191999999999, "step_elevation_m": -0.20000000000000018, "step_elevation_f": -0.656168000000001, "step_dist_m": 80.78015008247542, "step_dist_f": 265.0267475965886, "step_grade": -0.00247585576154294, "step_turn": 6.864325307510882, "coast_speed_mps": 0.0, "coast_speed_mph": 0.0}, "geometry": {"type": "Point", "coordinates": [-122.06828, 37.56382]}}, {"id": "1165", "type": "Feature", "properties": {"name": "Some South Bay", "step": 1165, "lat": 37.56329, "lon": -122.06917, "elevation_m": 3.8, "time": null, "elevation_f": 12.467191999999999, "step_elevation_m": 0.0, "step_elevation_f": 0.0, "step_dist_m": 98.11692748957681, "step_dist_f": 321.9059403849032, "step_grade": 0.0, "step_turn": 8.791779488849869, "coast_speed_mps": 0.0, "coast_speed_mph": 0.0}, "geometry": {"type": "Point", "coordinates": [-122.06917, 37.56329]}}, {"id": "1166", "type": "Feature", "properties": {"name": "Some South Bay", "step": 1166, "lat": 37.56297, "lon": -122.06984, "elevation_m": 3.8, "time": null, "elevation_f": 12.467191999999999, "step_elevation_m": 0.0, "step_elevation_f": 0.0, "step_dist_m": 68.94659674372916, "step_dist_f": 226.2027524606964, "step_grade": 0.0, "step_turn": 5.845868255051926, "coast_speed_mps": 0.0, "coast_speed_mph": 0.0}, "geometry": {"type": "Point", "coordinates": [-122.06984, 37.56297]}}, {"id": "1167", "type": "Feature", "properties": {"name": "Some South Bay", "step": 1167, "lat": 37.56278, "lon": -122.07045, "elevation_m": 3.8, "time": null, "elevation_f": 12.467191999999999, "step_elevation_m": 0.0, "step_elevation_f": 0.0, "step_dist_m": 57.7688141753803, "step_dist_f": 189.5302362991547, "step_grade": 0.0, "step_turn": 9.618343886459456, "coast_speed_mps": 0.0, "coast_speed_mph": 0.0}, "geometry": {"type": "Point", "coordinates": [-122.07045, 37.56278]}}, {"id": "1168", "type": "Feature", "properties": {"name": "Some South Bay", "step": 1168, "lat": 37.5626, "lon": -122.07119, "elevation_m": 3.8, "time": null, "elevation_f": 12.467191999999999, "step_elevation_m": 0.0, "step_elevation_f": 0.0, "step_dist_m": 68.2274660320511, "step_dist_f": 223.84339965659453, "step_grade": 0.0, "step_turn": 4.392638862556282, "coast_speed_mps": 0.0, "coast_speed_mph": 0.0}, "geometry": {"type": "Point", "coordinates": [-122.07119, 37.5626]}}, {"id": "1169", "type": "Feature", "properties": {"name": "Some South Bay", "step": 1169, "lat": 37.56241, "lon": -122.07194, "elevation_m": 3.8, "time": null, "elevation_f": 12.467191999999999, "step_elevation_m": 0.0, "step_elevation_f": 0.0, "step_dist_m": 69.40113131791652, "step_dist_f": 227.69400767307323, "step_grade": 0.0, "step_turn": 0.6641071693952085, "coast_speed_mps": 0.0, "coast_speed_mph": 0.0}, "geometry": {"type": "Point", "coordinates": [-122.07194, 37.56241]}}, {"id": "1170", "type": "Feature", "properties": {"name": "Some South Bay", "step": 1170, "lat": 37.56218, "lon": -122.07277, "elevation_m": 3.8, "time": null, "elevation_f": 12.467191999999999, "step_elevation_m": 0.0, "step_elevation_f": 0.0, "step_dist_m": 77.5002732598036, "step_dist_f": 254.26599652169406, "step_grade": 0.0, "step_turn": 1.5453254902153617, "coast_speed_mps": 0.0, "coast_speed_mph": 0.0}, "geometry": {"type": "Point", "coordinates": [-122.07277, 37.56218]}}, {"id": "1171", "type": "Feature", "properties": {"name": "Some South Bay", "step": 1171, "lat": 37.56196, "lon": -122.07359, "elevation_m": 3.8, "time": null, "elevation_f": 12.467191999999999, "step_elevation_m": 0.0, "step_elevation_f": 0.0, "step_dist_m": 76.30525713198189, "step_dist_f": 250.34533980889145, "step_grade": 0.0, "step_turn": 0.5698179410977104, "coast_speed_mps": 0.0, "coast_speed_mph": 0.0}, "geometry": {"type": "Point", "coordinates": [-122.07359, 37.56196]}}, {"id": "1172", "type": "Feature", "properties": {"name": "Some South Bay", "step": 1172, "lat": 37.56173, "lon": -122.07442, "elevation_m": 3.8, "time": null, "elevation_f": 12.467191999999999, "step_elevation_m": 0.0, "step_elevation_f": 0.0, "step_dist_m": 77.5006903967275, "step_dist_f": 254.26736508119947, "step_grade": 0.0, "step_turn": 0.5697101378685261, "coast_speed_mps": 0.0, "coast_speed_mph": 0.0}, "geometry": {"type": "Point", "coordinates": [-122.07442, 37.56173]}}, {"id": "1173", "type": "Feature", "properties": {"name": "Some South Bay", "step": 1173, "lat": 37.56154, "lon": -122.07545, "elevation_m": 3.8, "time": null, "elevation_f": 12.467191999999999, "step_elevation_m": 0.0, "step_elevation_f": 0.0, "step_dist_m": 93.21410989137586, "step_dist_f": 305.82058029602155, "step_grade": 0.0, "step_turn": 6.168567607452758, "coast_speed_mps": 0.0, "coast_speed_mph": 0.0}, "geometry": {"type": "Point", "coordinates": [-122.07545, 37.56154]}}, {"id": "1174", "type": "Feature", "properties": {"name": "Some South Bay", "step": 1174, "lat": 37.56134, "lon": -122.07648, "elevation_m": 3.8, "time": null, "elevation_f": 12.467191999999999, "step_elevation_m": 0.0, "step_elevation_f": 0.0, "step_dist_m": 93.47263901984729, "step_dist_f": 306.66877300187576, "step_grade": 0.0, "step_turn": 0.6638340609897568, "coast_speed_mps": 0.0, "coast_speed_mph": 0.0}, "geometry": {"type": "Point", "coordinates": [-122.07648, 37.56134]}}, {"id": "1175", "type": "Feature", "properties": {"name": "Some South Bay", "step": 1175, "lat": 37.56122, "lon": -122.0771, "elevation_m": 3.8, "time": null, "elevation_f": 12.467191999999999, "step_elevation_m": 0.0, "step_elevation_f": 0.0, "step_dist_m": 56.25493936110625, "step_dist_f": 184.56345525349184, "step_grade": 0.0, "step_turn": 0.042622002312725726, "coast_speed_mps": 0.0, "coast_speed_mph": 0.0}, "geometry": {"type": "Point", "coordinates": [-122.0771, 37.56122]}}, {"id": "1176", "type": "Feature", "properties": {"name": "Some South Bay", "step": 1176, "lat": 37.56108, "lon": -122.07788, "elevation_m": 3.7, "time": null, "elevation_f": 12.139108, "step_elevation_m": -0.09999999999999964, "step_elevation_f": -0.3280839999999987, "step_dist_m": 70.49314375811225, "step_dist_f": 231.276725767365, "step_grade": -0.0014185776753429555, "step_turn": 0.9630673573590798, "coast_speed_mps": 0.0, "coast_speed_mph": 0.0}, "geometry": {"type": "Point", "coordinates": [-122.07788, 37.56108]}}, {"id": "1177", "type": "Feature", "properties": {"name": "Some South Bay", "step": 1177, "lat": 37.56093, "lon": -122.07865, "elevation_m": 3.6, "time": null, "elevation_f": 11.811024, "step_elevation_m": -0.10000000000000009, "step_elevation_f": -0.3280840000000005, "step_dist_m": 69.89085087352913, "step_dist_f": 229.30069917990932, "step_grade": -0.001430802440521935, "step_turn": 1.0486713494631772, "coast_speed_mps": 0.0, "coast_speed_mph": 0.0}, "geometry": {"type": "Point", "coordinates": [-122.07865, 37.56093]}}, {"id": "1178", "type": "Feature", "properties": {"name": "Some South Bay", "step": 1178, "lat": 37.56079, "lon": -122.07943, "elevation_m": 3.3, "time": null, "elevation_f": 10.826772, "step_elevation_m": -0.30000000000000027, "step_elevation_f": -0.9842519999999997, "step_dist_m": 70.49340476223377, "step_dist_f": 231.27758208012702, "step_grade": -0.004255717269039084, "step_turn": 1.0487193811733846, "coast_speed_mps": 0.0, "coast_speed_mph": 0.0}, "geometry": {"type": "Point", "coordinates": [-122.07943, 37.56079]}}, {"id": "1179", "type": "Feature", "properties": {"name": "Some South Bay", "step": 1179, "lat": 37.5607, "lon": -122.0802, "elevation_m": 2.8, "time": null, "elevation_f": 9.186352, "step_elevation_m": -0.5, "step_elevation_f": -1.6404200000000007, "step_dist_m": 68.60551798731416, "step_dist_f": 225.0837276334998, "step_grade": -0.007288043508285368, "step_turn": 4.370267254221517, "coast_speed_mps": 0.0, "coast_speed_mph": 0.0}, "geometry": {"type": "Point", "coordinates": [-122.0802, 37.5607]}}, {"id": "1180", "type": "Feature", "properties": {"name": "Some South Bay", "step": 1180, "lat": 37.56066, "lon": -122.08105, "elevation_m": 3.1, "time": null, "elevation_f": 10.170604, "step_elevation_m": 0.30000000000000027, "step_elevation_f": 0.9842520000000015, "step_dist_m": 75.05526325234997, "step_dist_f": 246.2443098888399, "step_grade": 0.0039970547966948515, "step_turn": 4.990379011498362, "coast_speed_mps": 0.0, "coast_speed_mph": 0.0}, "geometry": {"type": "Point", "coordinates": [-122.08105, 37.56066]}}, {"id": "1181", "type": "Feature", "properties": {"name": "Some South Bay", "step": 1181, "lat": 37.56067, "lon": -122.08158, "elevation_m": 2.8, "time": null, "elevation_f": 9.186352, "step_elevation_m": -0.30000000000000027, "step_elevation_f": -0.9842520000000015, "step_dist_m": 46.73015838363352, "step_dist_f": 153.3141728313602, "step_grade": -0.006419837004127732, "step_turn": 4.760745797668051, "coast_speed_mps": 0.0, "coast_speed_mph": 0.0}, "geometry": {"type": "Point", "coordinates": [-122.08158, 37.56067]}}, {"id": "1182", "type": "Feature", "properties": {"name": "Some South Bay", "step": 1182, "lat": 37.56071, "lon": -122.08216, "elevation_m": 3.3, "time": null, "elevation_f": 10.826772, "step_elevation_m": 0.5, "step_elevation_f": 1.6404200000000007, "step_dist_m": 51.317281351017236, "step_dist_f": 168.3637893476714, "step_grade": 0.009743306481493661, "step_turn": 3.6087342193360996, "coast_speed_mps": 0.0, "coast_speed_mph": 0.0}, "geometry": {"type": "Point", "coordinates": [-122.08216, 37.56071]}}, {"id": "1183", "type": "Feature", "properties": {"name": "Some South Bay", "step": 1183, "lat": 37.56075, "lon": -122.08274, "elevation_m": 3.5, "time": null, "elevation_f": 11.48294, "step_elevation_m": 0.20000000000000018, "step_elevation_f": 0.6561679999999992, "step_dist_m": 51.317254007202024, "step_dist_f": 168.36369963698868, "step_grade": 0.0038973246692414905, "step_turn": 2.65575698676912e-06, "coast_speed_mps": 0.0, "coast_speed_mph": 0.0}, "geometry": {"type": "Point", "coordinates": [-122.08274, 37.56075]}}, {"id": "1184", "type": "Feature", "properties": {"name": "Some South Bay", "step": 1184, "lat": 37.56087, "lon": -122.08386, "elevation_m": 3.6, "time": null, "elevation_f": 11.811024, "step_elevation_m": 0.10000000000000009, "step_elevation_f": 0.3280840000000005, "step_dist_m": 99.6200409416017, "step_dist_f": 326.8374151228445, "step_grade": 0.0010038140825360746, "step_turn": 2.7254487801087635, "coast_speed_mps": 0.0, "coast_speed_mph": 0.0}, "geometry": {"type": "Point", "coordinates": [-122.08386, 37.56087]}}, {"id": "1185", "type": "Feature", "properties": {"name": "Some South Bay", "step": 1185, "lat": 37.56099, "lon": -122.08498, "elevation_m": 3.1, "time": null, "elevation_f": 10.170604, "step_elevation_m": -0.5, "step_elevation_f": -1.6404199999999989, "step_dist_m": 99.619883369807, "step_dist_f": 326.8368981549976, "step_grade": -0.005019078351496455, "step_turn": 1.2249491533111723e-05, "coast_speed_mps": 0.0, "coast_speed_mph": 0.0}, "geometry": {"type": "Point", "coordinates": [-122.08498, 37.56099]}}, {"id": "1186", "type": "Feature", "properties": {"name": "Some South Bay", "step": 1186, "lat": 37.56111, "lon": -122.08609, "elevation_m": 3.8, "time": null, "elevation_f": 12.467191999999999, "step_elevation_m": 0.6999999999999997, "step_elevation_f": 2.296587999999998, "step_dist_m": 98.74629219431603, "step_dist_f": 323.9707852827998, "step_grade": 0.007088873763710722, "step_turn": 0.06851368170993055, "coast_speed_mps": 0.0, "coast_speed_mph": 0.0}, "geometry": {"type": "Point", "coordinates": [-122.08609, 37.56111]}}, {"id": "1187", "type": "Feature", "properties": {"name": "Some South Bay", "step": 1187, "lat": 37.56123, "lon": -122.08721, "elevation_m": 3.8, "time": null, "elevation_f": 12.467191999999999, "step_elevation_m": 0.0, "step_elevation_f": 0.0, "step_dist_m": 99.61956822522808, "step_dist_f": 326.8358642160573, "step_grade": 0.0, "step_turn": 0.06848918089787048, "coast_speed_mps": 0.0, "coast_speed_mph": 0.0}, "geometry": {"type": "Point", "coordinates": [-122.08721, 37.56123]}}, {"id": "1188", "type": "Feature", "properties": {"name": "Some South Bay", "step": 1188, "lat": 37.56136, "lon": -122.08833, "elevation_m": 3.8, "time": null, "elevation_f": 12.467191999999999, "step_elevation_m": 0.0, "step_elevation_f": 0.0, "step_dist_m": 99.77442783525267, "step_dist_f": 327.3439338190104, "step_grade": 0.0, "step_turn": 0.632812071147157, "coast_speed_mps": 0.0, "coast_speed_mph": 0.0}, "geometry": {"type": "Point", "coordinates": [-122.08833, 37.56136]}}, {"id": "1189", "type": "Feature", "properties": {"name": "Some South Bay", "step": 1189, "lat": 37.56148, "lon": -122.08945, "elevation_m": 3.8, "time": null, "elevation_f": 12.467191999999999, "step_elevation_m": 0.0, "step_elevation_f": 0.0, "step_dist_m": 99.61923994772042, "step_dist_f": 326.83478719007906, "step_grade": 0.0, "step_turn": 0.6327865496148206, "coast_speed_mps": 0.0, "coast_speed_mph": 0.0}, "geometry": {"type": "Point", "coordinates": [-122.08945, 37.56148]}}, {"id": "1190", "type": "Feature", "properties": {"name": "Some South Bay", "step": 1190, "lat": 37.5616, "lon": -122.09056, "elevation_m": 3.8, "time": null, "elevation_f": 12.467191999999999, "step_elevation_m": 0.0, "step_elevation_f": 0.0, "step_dist_m": 98.7456546187644, "step_dist_f": 323.968693499427, "step_grade": 0.0, "step_turn": 0.06851411521847695, "coast_speed_mps": 0.0, "coast_speed_mph": 0.0}, "geometry": {"type": "Point", "coordinates": [-122.09056, 37.5616]}}, {"id": "1191", "type": "Feature", "properties": {"name": "Some South Bay", "step": 1191, "lat": 37.56172, "lon": -122.09168, "elevation_m": 3.8, "time": null, "elevation_f": 12.467191999999999, "step_elevation_m": 0.0, "step_elevation_f": 0.0, "step_dist_m": 99.61892479948455, "step_dist_f": 326.8337532391409, "step_grade": 0.0, "step_turn": 0.06848961462384295, "coast_speed_mps": 0.0, "coast_speed_mph": 0.0}, "geometry": {"type": "Point", "coordinates": [-122.09168, 37.56172]}}, {"id": "1192", "type": "Feature", "properties": {"name": "Some South Bay", "step": 1192, "lat": 37.56193, "lon": -122.09266, "elevation_m": 4.0, "time": null, "elevation_f": 13.12336, "step_elevation_m": 0.20000000000000018, "step_elevation_f": 0.656168000000001, "step_dist_m": 89.48142601805282, "step_dist_f": 293.5742417370684, "step_grade": 0.002235100723133875, "step_turn": 7.429317671196145, "coast_speed_mps": 0.0, "coast_speed_mph": 0.0}, "geometry": {"type": "Point", "coordinates": [-122.09266, 37.56193]}}, {"id": "1193", "type": "Feature", "properties": {"name": "Some South Bay", "step": 1193, "lat": 37.56222, "lon": -122.09358, "elevation_m": 4.0, "time": null, "elevation_f": 13.12336, "step_elevation_m": 0.0, "step_elevation_f": 0.0, "step_dist_m": 87.26826983967308, "step_dist_f": 286.31323042079305, "step_grade": 0.0, "step_turn": 6.558463036942044, "coast_speed_mps": 0.0, "coast_speed_mph": 0.0}, "geometry": {"type": "Point", "coordinates": [-122.09358, 37.56222]}}, {"id": "1194", "type": "Feature", "properties": {"name": "Some South Bay", "step": 1194, "lat": 37.5625, "lon": -122.09449, "elevation_m": 3.9, "time": null, "elevation_f": 12.795276, "step_elevation_m": -0.10000000000000009, "step_elevation_f": -0.3280840000000005, "step_dist_m": 86.04096369040144, "step_dist_f": 282.2866353140167, "step_grade": -0.0011622370985967453, "step_turn": 0.47110184670737, "coast_speed_mps": 0.0, "coast_speed_mph": 0.0}, "geometry": {"type": "Point", "coordinates": [-122.09449, 37.5625]}}, {"id": "1195", "type": "Feature", "properties": {"name": "Some South Bay", "step": 1195, "lat": 37.56279, "lon": -122.09541, "elevation_m": 3.9, "time": null, "elevation_f": 12.795276, "step_elevation_m": 0.0, "step_elevation_f": 0.0, "step_dist_m": 87.26769332670905, "step_dist_f": 286.31133897400014, "step_grade": 0.0, "step_turn": 0.47125236632086853, "coast_speed_mps": 0.0, "coast_speed_mph": 0.0}, "geometry": {"type": "Point", "coordinates": [-122.09541, 37.56279]}}, {"id": "1196", "type": "Feature", "properties": {"name": "Some South Bay", "step": 1196, "lat": 37.56308, "lon": -122.09633, "elevation_m": 3.8, "time": null, "elevation_f": 12.467191999999999, "step_elevation_m": -0.10000000000000009, "step_elevation_f": -0.3280840000000005, "step_dist_m": 87.26740001059756, "step_dist_f": 286.3103766507689, "step_grade": -0.0011459032810403004, "step_turn": 7.658219482209461e-05, "coast_speed_mps": 0.0, "coast_speed_mph": 0.0}, "geometry": {"type": "Point", "coordinates": [-122.09633, 37.56308]}}, {"id": "1197", "type": "Feature", "properties": {"name": "Some South Bay", "step": 1197, "lat": 37.56317, "lon": -122.09651, "elevation_m": 3.6, "time": null, "elevation_f": 11.811024, "step_elevation_m": -0.19999999999999973, "step_elevation_f": -0.6561679999999992, "step_dist_m": 18.758151849334666, "step_dist_f": 61.542494913371144, "step_grade": -0.010662031185502614, "step_turn": 10.556617773809023, "coast_speed_mps": 0.9898083075668872, "coast_speed_mph": 2.2141381253733137}, "geometry": {"type": "Point", "coordinates": [-122.09651, 37.56317]}}, {"id": "1198", "type": "Feature", "properties": {"name": "Some South Bay", "step": 1198, "lat": 37.56322, "lon": -122.09674, "elevation_m": 3.8, "time": null, "elevation_f": 12.467191999999999, "step_elevation_m": 0.19999999999999973, "step_elevation_f": 0.6561679999999992, "step_dist_m": 21.021249754279623, "step_dist_f": 68.96735704383076, "step_grade": 0.009514182188872126, "step_turn": 16.906290347046593, "coast_speed_mps": 0.0, "coast_speed_mph": 0.0}, "geometry": {"type": "Point", "coordinates": [-122.09674, 37.56322]}}, {"id": "1199", "type": "Feature", "properties": {"name": "Some South Bay", "step": 1199, "lat": 37.56318, "lon": -122.09692, "elevation_m": 4.2, "time": null, "elevation_f": 13.779528, "step_elevation_m": 0.40000000000000036, "step_elevation_f": 1.312336000000002, "step_dist_m": 16.477248795207966, "step_dist_f": 54.05921693727011, "step_grade": 0.024275897327976942, "step_turn": 30.99664083476827, "coast_speed_mps": 0.0, "coast_speed_mph": 0.0}, "geometry": {"type": "Point", "coordinates": [-122.09692, 37.56318]}}, {"id": "1200", "type": "Feature", "properties": {"name": "Some South Bay", "step": 1200, "lat": 37.56309, "lon": -122.09709, "elevation_m": 5.8, "time": null, "elevation_f": 19.028872, "step_elevation_m": 1.5999999999999996, "step_elevation_f": 5.249343999999999, "step_dist_m": 18.018782229445232, "step_dist_f": 59.116741489653094, "step_grade": 0.08879623382013985, "step_turn": 18.077497381009834, "coast_speed_mps": 0.0, "coast_speed_mph": 0.0}, "geometry": {"type": "Point", "coordinates": [-122.09709, 37.56309]}}, {"id": "1201", "type": "Feature", "properties": {"name": "Some South Bay", "step": 1201, "lat": 37.56301, "lon": -122.09732, "elevation_m": 4.9, "time": null, "elevation_f": 16.076116000000003, "step_elevation_m": -0.8999999999999995, "step_elevation_f": -2.9527559999999973, "step_dist_m": 22.13854911079411, "step_dist_f": 72.63303746465775, "step_grade": -0.04065307060078231, "step_turn": 10.04627873567486, "coast_speed_mps": 3.3535663749473086, "coast_speed_mph": 7.501714331932948}, "geometry": {"type": "Point", "coordinates": [-122.09732, 37.56301]}}, {"id": "1202", "type": "Feature", "properties": {"name": "Some South Bay", "step": 1202, "lat": 37.563, "lon": -122.09747, "elevation_m": 4.6, "time": null, "elevation_f": 15.091864, "step_elevation_m": -0.3000000000000007, "step_elevation_f": -0.9842520000000032, "step_dist_m": 13.26803300552112, "step_dist_f": 43.53029340583391, "step_grade": -0.022610736638593233, "step_turn": 18.884242401739414, "coast_speed_mps": 4.114133150106543, "coast_speed_mph": 9.203053753817418}, "geometry": {"type": "Point", "coordinates": [-122.09747, 37.563]}}, {"id": "1203", "type": "Feature", "properties": {"name": "Some South Bay", "step": 1203, "lat": 37.56331, "lon": -122.09848, "elevation_m": 4.0, "time": null, "elevation_f": 13.12336, "step_elevation_m": -0.5999999999999996, "step_elevation_f": -1.9685039999999994, "step_dist_m": 95.46421071756141, "step_dist_f": 313.20280109060417, "step_grade": -0.0062850778892955825, "step_turn": 25.97434018991197, "coast_speed_mps": 1.4934092781683155, "coast_speed_mph": 3.3406614132254693}, "geometry": {"type": "Point", "coordinates": [-122.09848, 37.56331]}}, {"id": "1204", "type": "Feature", "properties": {"name": "Some South Bay", "step": 1204, "lat": 37.56363, "lon": -122.09948, "elevation_m": 3.8, "time": null, "elevation_f": 12.467191999999999, "step_elevation_m": -0.20000000000000018, "step_elevation_f": -0.656168000000001, "step_dist_m": 95.05307539239782, "step_dist_f": 311.85393187039443, "step_grade": -0.0021040876286680973, "step_turn": 0.8169865039116075, "coast_speed_mps": 0.0, "coast_speed_mph": 0.0}, "geometry": {"type": "Point", "coordinates": [-122.09948, 37.56363]}}, {"id": "1205", "type": "Feature", "properties": {"name": "Some South Bay", "step": 1205, "lat": 37.56395, "lon": -122.10049, "elevation_m": 3.8, "time": null, "elevation_f": 12.467191999999999, "step_elevation_m": 0.0, "step_elevation_f": 0.0, "step_dist_m": 95.87061900758256, "step_dist_f": 314.53616166483715, "step_grade": 0.0, "step_turn": 0.1971031709620661, "coast_speed_mps": 0.0, "coast_speed_mph": 0.0}, "geometry": {"type": "Point", "coordinates": [-122.10049, 37.56395]}}, {"id": "1206", "type": "Feature", "properties": {"name": "Some South Bay", "step": 1206, "lat": 37.56427, "lon": -122.1015, "elevation_m": 3.8, "time": null, "elevation_f": 12.467191999999999, "step_elevation_m": 0.0, "step_elevation_f": 0.0, "step_dist_m": 95.87026392870858, "step_dist_f": 314.53499670786425, "step_grade": 0.0, "step_turn": 8.48228465883949e-05, "coast_speed_mps": 0.0, "coast_speed_mph": 0.0}, "geometry": {"type": "Point", "coordinates": [-122.1015, 37.56427]}}, {"id": "1207", "type": "Feature", "properties": {"name": "Some South Bay", "step": 1207, "lat": 37.56458, "lon": -122.1025, "elevation_m": 3.8, "time": null, "elevation_f": 12.467191999999999, "step_elevation_m": 0.0, "step_elevation_f": 0.0, "step_dist_m": 94.64139049248077, "step_dist_f": 310.5032595833506, "step_grade": 0.0, "step_turn": 0.426964651078265, "coast_speed_mps": 0.0, "coast_speed_mph": 0.0}, "geometry": {"type": "Point", "coordinates": [-122.1025, 37.56458]}}, {"id": "1208", "type": "Feature", "properties": {"name": "Some South Bay", "step": 1208, "lat": 37.5649, "lon": -122.10351, "elevation_m": 3.9, "time": null, "elevation_f": 12.795276, "step_elevation_m": 0.10000000000000009, "step_elevation_f": 0.3280840000000005, "step_dist_m": 95.86956485381735, "step_dist_f": 314.5327031549981, "step_grade": 0.0010430839041825303, "step_turn": 0.4271316498458191, "coast_speed_mps": 0.0, "coast_speed_mph": 0.0}, "geometry": {"type": "Point", "coordinates": [-122.10351, 37.5649]}}, {"id": "1209", "type": "Feature", "properties": {"name": "Some South Bay", "step": 1209, "lat": 37.56522, "lon": -122.10452, "elevation_m": 3.9, "time": null, "elevation_f": 12.795276, "step_elevation_m": 0.0, "step_elevation_f": 0.0, "step_dist_m": 95.86920976504213, "step_dist_f": 314.53153816554084, "step_grade": 0.0, "step_turn": 8.482566420298099e-05, "coast_speed_mps": 0.0, "coast_speed_mph": 0.0}, "geometry": {"type": "Point", "coordinates": [-122.10452, 37.56522]}}, {"id": "1210", "type": "Feature", "properties": {"name": "Some South Bay", "step": 1210, "lat": 37.56554, "lon": -122.10552, "elevation_m": 3.9, "time": null, "elevation_f": 12.795276, "step_elevation_m": 0.0, "step_elevation_f": 0.0, "step_dist_m": 95.05097986585437, "step_dist_f": 311.84705678308967, "step_grade": 0.0, "step_turn": 0.19727646972569346, "coast_speed_mps": 0.0, "coast_speed_mph": 0.0}, "geometry": {"type": "Point", "coordinates": [-122.10552, 37.56554]}}, {"id": "1211", "type": "Feature", "properties": {"name": "Some South Bay", "step": 1211, "lat": 37.56585, "lon": -122.10653, "elevation_m": 3.9, "time": null, "elevation_f": 12.795276, "step_elevation_m": 0.0, "step_elevation_f": 0.0, "step_dist_m": 95.46138021252516, "step_dist_f": 313.19351465646105, "step_grade": 0.0, "step_turn": 0.8168386210282392, "coast_speed_mps": 0.0, "coast_speed_mph": 0.0}, "geometry": {"type": "Point", "coordinates": [-122.10653, 37.56585]}}, {"id": "1212", "type": "Feature", "properties": {"name": "Some South Bay", "step": 1212, "lat": 37.56617, "lon": -122.10754, "elevation_m": 3.8, "time": null, "elevation_f": 12.467191999999999, "step_elevation_m": -0.10000000000000009, "step_elevation_f": -0.3280840000000005, "step_dist_m": 95.86815558310975, "step_dist_f": 314.5280795632898, "step_grade": -0.0010430992376118926, "step_turn": 0.6198139867926784, "coast_speed_mps": 0.0, "coast_speed_mph": 0.0}, "geometry": {"type": "Point", "coordinates": [-122.10754, 37.56617]}}, {"id": "1213", "type": "Feature", "properties": {"name": "Some South Bay", "step": 1213, "lat": 37.56649, "lon": -122.10854, "elevation_m": 3.8, "time": null, "elevation_f": 12.467191999999999, "step_elevation_m": 0.0, "step_elevation_f": 0.0, "step_dist_m": 95.04993755620153, "step_dist_f": 311.8436371318882, "step_grade": 0.0, "step_turn": 0.19727828879200615, "coast_speed_mps": 0.0, "coast_speed_mph": 0.0}, "geometry": {"type": "Point", "coordinates": [-122.10854, 37.56649]}}, {"id": "1214", "type": "Feature", "properties": {"name": "Some South Bay", "step": 1214, "lat": 37.56682, "lon": -122.10957, "elevation_m": 3.8, "time": null, "elevation_f": 12.467191999999999, "step_elevation_m": 0.0, "step_elevation_f": 0.0, "step_dist_m": 97.91772767898524, "step_dist_f": 321.2523976783219, "step_grade": 0.0, "step_turn": 0.024229381771590397, "coast_speed_mps": 0.0, "coast_speed_mph": 0.0}, "geometry": {"type": "Point", "coordinates": [-122.10957, 37.56682]}}, {"id": "1215", "type": "Feature", "properties": {"name": "Some South Bay", "step": 1215, "lat": 37.56716, "lon": -122.11061, "elevation_m": 3.7, "time": null, "elevation_f": 12.139108, "step_elevation_m": -0.09999999999999964, "step_elevation_f": -0.3280839999999987, "step_dist_m": 99.15367303683043, "step_dist_f": 325.30733664615474, "step_grade": -0.0010085355079368049, "step_turn": 0.4049502098218909, "coast_speed_mps": 0.0, "coast_speed_mph": 0.0}, "geometry": {"type": "Point", "coordinates": [-122.11061, 37.56716]}}, {"id": "1216", "type": "Feature", "properties": {"name": "Some South Bay", "step": 1216, "lat": 37.56749, "lon": -122.11164, "elevation_m": 3.7, "time": null, "elevation_f": 12.139108, "step_elevation_m": 0.0, "step_elevation_f": 0.0, "step_dist_m": 97.91697063451471, "step_dist_f": 321.24991393654125, "step_grade": 0.0, "step_turn": 0.4047711505318148, "coast_speed_mps": 0.0, "coast_speed_mph": 0.0}, "geometry": {"type": "Point", "coordinates": [-122.11164, 37.56749]}}, {"id": "1217", "type": "Feature", "properties": {"name": "Some South Bay", "step": 1217, "lat": 37.56783, "lon": -122.11267, "elevation_m": 3.7, "time": null, "elevation_f": 12.139108, "step_elevation_m": 0.0, "step_elevation_f": 0.0, "step_dist_m": 98.33869990037368, "step_dist_f": 322.633540181142, "step_grade": 0.0, "step_turn": 0.6007508323104958, "coast_speed_mps": 0.0, "coast_speed_mph": 0.0}, "geometry": {"type": "Point", "coordinates": [-122.11267, 37.56783]}}, {"id": "1218", "type": "Feature", "properties": {"name": "Some South Bay", "step": 1218, "lat": 37.56817, "lon": -122.11353, "elevation_m": 3.7, "time": null, "elevation_f": 12.139108, "step_elevation_m": 0.0, "step_elevation_f": 0.0, "step_dist_m": 84.70274165307168, "step_dist_f": 277.8961429250637, "step_grade": 0.0, "step_turn": 3.8995162222577733, "coast_speed_mps": 0.0, "coast_speed_mph": 0.0}, "geometry": {"type": "Point", "coordinates": [-122.11353, 37.56817]}}, {"id": "1219", "type": "Feature", "properties": {"name": "Some South Bay", "step": 1219, "lat": 37.5685, "lon": -122.11439, "elevation_m": 3.7, "time": null, "elevation_f": 12.139108, "step_elevation_m": 0.0, "step_elevation_f": 0.0, "step_dist_m": 84.21200553609657, "step_dist_f": 276.28611624304705, "step_grade": 0.0, "step_turn": 0.6769146309636653, "coast_speed_mps": 0.0, "coast_speed_mph": 0.0}, "geometry": {"type": "Point", "coordinates": [-122.11439, 37.5685]}}, {"id": "1220", "type": "Feature", "properties": {"name": "Some South Bay", "step": 1220, "lat": 37.56884, "lon": -122.11526, "elevation_m": 3.8, "time": null, "elevation_f": 12.467191999999999, "step_elevation_m": 0.09999999999999964, "step_elevation_f": 0.3280839999999987, "step_dist_m": 85.49172887146338, "step_dist_f": 280.4846837506519, "step_grade": 0.0011697037984849904, "step_turn": 0.4134774372751622, "coast_speed_mps": 0.0, "coast_speed_mph": 0.0}, "geometry": {"type": "Point", "coordinates": [-122.11526, 37.56884]}}, {"id": "1221", "type": "Feature", "properties": {"name": "Some South Bay", "step": 1221, "lat": 37.56918, "lon": -122.11612, "elevation_m": 3.9, "time": null, "elevation_f": 12.795276, "step_elevation_m": 0.10000000000000009, "step_elevation_f": 0.3280840000000005, "step_dist_m": 84.70182191926732, "step_dist_f": 277.89312542560896, "step_grade": 0.0011806121489962055, "step_turn": 0.26374751440789623, "coast_speed_mps": 0.0, "coast_speed_mph": 0.0}, "geometry": {"type": "Point", "coordinates": [-122.11612, 37.56918]}}, {"id": "1222", "type": "Feature", "properties": {"name": "Some South Bay", "step": 1222, "lat": 37.56951, "lon": -122.11698, "elevation_m": 3.8, "time": null, "elevation_f": 12.467191999999999, "step_elevation_m": -0.10000000000000009, "step_elevation_f": -0.3280840000000005, "step_dist_m": 84.21108044344473, "step_dist_f": 276.2830811620712, "step_grade": -0.0011874921859856558, "step_turn": 0.6769202369878258, "coast_speed_mps": 0.0, "coast_speed_mph": 0.0}, "geometry": {"type": "Point", "coordinates": [-122.11698, 37.56951]}}, {"id": "1223", "type": "Feature", "properties": {"name": "Some South Bay", "step": 1223, "lat": 37.5697, "lon": -122.11755, "elevation_m": 3.8, "time": null, "elevation_f": 12.467191999999999, "step_elevation_m": 0.0, "step_elevation_f": 0.0, "step_dist_m": 54.49842235695663, "step_dist_f": 178.8006040055976, "step_grade": 0.0, "step_turn": 3.0234437850396034, "coast_speed_mps": 0.0, "coast_speed_mph": 0.0}, "geometry": {"type": "Point", "coordinates": [-122.11755, 37.5697]}}, {"id": "1224", "type": "Feature", "properties": {"name": "Some South Bay", "step": 1224, "lat": 37.56986, "lon": -122.11817, "elevation_m": 3.8, "time": null, "elevation_f": 12.467191999999999, "step_elevation_m": 0.0, "step_elevation_f": 0.0, "step_dist_m": 57.46665994882497, "step_dist_f": 188.5389166265029, "step_grade": 0.0, "step_turn": 4.774550410983352, "coast_speed_mps": 0.0, "coast_speed_mph": 0.0}, "geometry": {"type": "Point", "coordinates": [-122.11817, 37.56986]}}, {"id": "1225", "type": "Feature", "properties": {"name": "Some South Bay", "step": 1225, "lat": 37.57, "lon": -122.11892, "elevation_m": 3.6, "time": null, "elevation_f": 11.811024, "step_elevation_m": -0.19999999999999973, "step_elevation_f": -0.6561679999999992, "step_dist_m": 67.90901829366543, "step_dist_f": 222.7986235785893, "step_grade": -0.0029451169377109933, "step_turn": 4.782392219728763, "coast_speed_mps": 0.0, "coast_speed_mph": 0.0}, "geometry": {"type": "Point", "coordinates": [-122.11892, 37.57]}}, {"id": "1226", "type": "Feature", "properties": {"name": "Some South Bay", "step": 1226, "lat": 37.57006, "lon": -122.11959, "elevation_m": 3.6, "time": null, "elevation_f": 11.811024, "step_elevation_m": 0.0, "step_elevation_f": 0.0, "step_dist_m": 59.42552621383758, "step_dist_f": 194.96564342340687, "step_grade": 0.0, "step_turn": 6.806025659016484, "coast_speed_mps": 0.0, "coast_speed_mph": 0.0}, "geometry": {"type": "Point", "coordinates": [-122.11959, 37.57006]}}, {"id": "1227", "type": "Feature", "properties": {"name": "Some South Bay", "step": 1227, "lat": 37.57006, "lon": -122.12032, "elevation_m": 3.8, "time": null, "elevation_f": 12.467191999999999, "step_elevation_m": 0.19999999999999973, "step_elevation_f": 0.6561679999999992, "step_dist_m": 64.33784137569396, "step_dist_f": 211.08216349903176, "step_grade": 0.00310859046128267, "step_turn": 6.446161452377851, "coast_speed_mps": 0.0, "coast_speed_mph": 0.0}, "geometry": {"type": "Point", "coordinates": [-122.12032, 37.57006]}}, {"id": "1228", "type": "Feature", "properties": {"name": "Some South Bay", "step": 1228, "lat": 37.56999, "lon": -122.12107, "elevation_m": 4.0, "time": null, "elevation_f": 13.12336, "step_elevation_m": 0.20000000000000018, "step_elevation_f": 0.656168000000001, "step_dist_m": 66.55725533039042, "step_dist_f": 218.3637055781581, "step_grade": 0.0030049316037327497, "step_turn": 6.7159087574164005, "coast_speed_mps": 0.0, "coast_speed_mph": 0.0}, "geometry": {"type": "Point", "coordinates": [-122.12107, 37.56999]}}, {"id": "1229", "type": "Feature", "properties": {"name": "Some South Bay", "step": 1229, "lat": 37.56988, "lon": -122.12176, "elevation_m": 4.1, "time": null, "elevation_f": 13.451443999999999, "step_elevation_m": 0.09999999999999964, "step_elevation_f": 0.3280839999999987, "step_dist_m": 62.03046294696278, "step_dist_f": 203.51202405491335, "step_grade": 0.0016121111345807871, "step_turn": 4.656464110890511, "coast_speed_mps": 0.0, "coast_speed_mph": 0.0}, "geometry": {"type": "Point", "coordinates": [-122.12176, 37.56988]}}, {"id": "1230", "type": "Feature", "properties": {"name": "Some South Bay", "step": 1230, "lat": 37.56976, "lon": -122.12231, "elevation_m": 4.2, "time": null, "elevation_f": 13.779528, "step_elevation_m": 0.10000000000000053, "step_elevation_f": 0.32808400000000226, "step_dist_m": 50.27685734653358, "step_dist_f": 164.95032465680123, "step_grade": 0.0019889866884628417, "step_turn": 4.018301690047679, "coast_speed_mps": 0.0, "coast_speed_mph": 0.0}, "geometry": {"type": "Point", "coordinates": [-122.12231, 37.56976]}}, {"id": "1231", "type": "Feature", "properties": {"name": "Some South Bay", "step": 1231, "lat": 37.56956, "lon": -122.12288, "elevation_m": 4.1, "time": null, "elevation_f": 13.451443999999999, "step_elevation_m": -0.10000000000000053, "step_elevation_f": -0.32808400000000226, "step_dist_m": 54.93901280382471, "step_dist_f": 180.24611076730025, "step_grade": -0.0018202001618973175, "step_turn": 8.487595930795749, "coast_speed_mps": 0.0, "coast_speed_mph": 0.0}, "geometry": {"type": "Point", "coordinates": [-122.12288, 37.56956]}}, {"id": "1232", "type": "Feature", "properties": {"name": "Some South Bay", "step": 1232, "lat": 37.56936, "lon": -122.12345, "elevation_m": 4.0, "time": null, "elevation_f": 13.12336, "step_elevation_m": -0.09999999999999964, "step_elevation_f": -0.3280839999999987, "step_dist_m": 54.93913615601319, "step_dist_f": 180.2465154660943, "step_grade": -0.0018201960750898057, "step_turn": 5.694803871847398e-05, "coast_speed_mps": 0.0, "coast_speed_mph": 0.0}, "geometry": {"type": "Point", "coordinates": [-122.12345, 37.56936]}}, {"id": "1233", "type": "Feature", "properties": {"name": "Some South Bay", "step": 1233, "lat": 37.56914, "lon": -122.12392, "elevation_m": 4.0, "time": null, "elevation_f": 13.12336, "step_elevation_m": 0.0, "step_elevation_f": 0.0, "step_dist_m": 48.10752976283944, "step_dist_f": 157.83310794711414, "step_grade": 0.0, "step_turn": 6.686116298844297, "coast_speed_mps": 0.0, "coast_speed_mph": 0.0}, "geometry": {"type": "Point", "coordinates": [-122.12392, 37.56914]}}, {"id": "1234", "type": "Feature", "properties": {"name": "Some South Bay", "step": 1234, "lat": 37.56893, "lon": -122.12433, "elevation_m": 4.0, "time": null, "elevation_f": 13.12336, "step_elevation_m": 0.0, "step_elevation_f": 0.0, "step_dist_m": 43.023677687967016, "step_dist_f": 141.1538027057897, "step_grade": 0.0, "step_turn": 2.3065439754005297, "coast_speed_mps": 0.0, "coast_speed_mph": 0.0}, "geometry": {"type": "Point", "coordinates": [-122.12433, 37.56893]}}, {"id": "1235", "type": "Feature", "properties": {"name": "Some South Bay", "step": 1235, "lat": 37.56867, "lon": -122.12473, "elevation_m": 3.9, "time": null, "elevation_f": 12.795276, "step_elevation_m": -0.10000000000000009, "step_elevation_f": -0.3280840000000005, "step_dist_m": 45.592616289673764, "step_dist_f": 149.58207922781327, "step_grade": -0.002193337608981413, "step_turn": 6.483146721079919, "coast_speed_mps": 0.0, "coast_speed_mph": 0.0}, "geometry": {"type": "Point", "coordinates": [-122.12473, 37.56867]}}, {"id": "1236", "type": "Feature", "properties": {"name": "Some South Bay", "step": 1236, "lat": 37.56838, "lon": -122.12513, "elevation_m": 3.7, "time": null, "elevation_f": 12.139108, "step_elevation_m": -0.19999999999999973, "step_elevation_f": -0.6561679999999992, "step_dist_m": 47.77768287223387, "step_dist_f": 156.75093307453977, "step_grade": -0.004186054826786719, "step_turn": 3.0946925917157557, "coast_speed_mps": 0.0, "coast_speed_mph": 0.0}, "geometry": {"type": "Point", "coordinates": [-122.12513, 37.56838]}}, {"id": "1237", "type": "Feature", "properties": {"name": "Some South Bay", "step": 1237, "lat": 37.56784, "lon": -122.12575, "elevation_m": 2.7, "time": null, "elevation_f": 8.858268, "step_elevation_m": -1.0, "step_elevation_f": -3.2808399999999995, "step_dist_m": 81.18779352519735, "step_dist_f": 266.3641605092085, "step_grade": -0.012317122520267055, "step_turn": 5.247381783920218, "coast_speed_mps": 2.6223584667785267, "coast_speed_mph": 5.866048825113018}, "geometry": {"type": "Point", "coordinates": [-122.12575, 37.56784]}}, {"id": "1238", "type": "Feature", "properties": {"name": "Some South Bay", "step": 1238, "lat": 37.56725, "lon": -122.12623, "elevation_m": 0.0, "time": null, "elevation_f": 0.0, "step_elevation_m": -2.7, "step_elevation_f": -8.858268, "step_dist_m": 78.0627596783382, "step_dist_f": 256.11142446307906, "step_grade": -0.034587555079086306, "step_turn": 9.487804356428768, "coast_speed_mps": 6.616861453728947, "coast_speed_mph": 14.801497525342116}, "geometry": {"type": "Point", "coordinates": [-122.12623, 37.56725]}}, {"id": "1239", "type": "Feature", "properties": {"name": "Some South Bay", "step": 1239, "lat": 37.56666, "lon": -122.12672, "elevation_m": 0.0, "time": null, "elevation_f": 0.0, "step_elevation_m": 0.0, "step_elevation_f": 0.0, "step_dist_m": 78.54409508416558, "step_dist_f": 257.6906089159338, "step_grade": 0.0, "step_turn": 0.5405524989696175, "coast_speed_mps": 2.648470457820375, "coast_speed_mph": 5.924459685532328}, "geometry": {"type": "Point", "coordinates": [-122.12672, 37.56666]}}, {"id": "1240", "type": "Feature", "properties": {"name": "Some South Bay", "step": 1240, "lat": 37.56608, "lon": -122.1272, "elevation_m": 0.0, "time": null, "elevation_f": 0.0, "step_elevation_m": 0.0, "step_elevation_f": 0.0, "step_dist_m": 77.13098253446368, "step_dist_f": 253.05441273836982, "step_grade": 0.0, "step_turn": 0.09248567108616612, "coast_speed_mps": 0.0, "coast_speed_mph": 0.0}, "geometry": {"type": "Point", "coordinates": [-122.1272, 37.56608]}}, {"id": "1241", "type": "Feature", "properties": {"name": "Some South Bay", "step": 1241, "lat": 37.56549, "lon": -122.12769, "elevation_m": 0.0, "time": null, "elevation_f": 0.0, "step_elevation_m": 0.0, "step_elevation_f": 0.0, "step_dist_m": 78.54446807047772, "step_dist_f": 257.69183262434615, "step_grade": 0.0, "step_turn": 0.09289897795159163, "coast_speed_mps": 0.0, "coast_speed_mph": 0.0}, "geometry": {"type": "Point", "coordinates": [-122.12769, 37.56549]}}, {"id": "1242", "type": "Feature", "properties": {"name": "Some South Bay", "step": 1242, "lat": 37.56549, "lon": -122.12769, "elevation_m": 0.0, "time": null, "elevation_f": 0.0, "step_elevation_m": 0.0, "step_elevation_f": 0.0, "step_dist_m": 0.0, "step_dist_f": 0.0, "step_grade": null, "step_turn": null, "coast_speed_mps": 0.0, "coast_speed_mph": 0.0}, "geometry": {"type": "Point", "coordinates": [-122.12769, 37.56549]}}, {"id": "1243", "type": "Feature", "properties": {"name": "Some South Bay", "step": 1243, "lat": 37.5649, "lon": -122.12818, "elevation_m": 0.7, "time": null, "elevation_f": 2.296588, "step_elevation_m": 0.7, "step_elevation_f": 2.296588, "step_dist_m": 78.54465615297204, "step_dist_f": 257.6924496929168, "step_grade": 0.008912127626310995, "step_turn": null, "coast_speed_mps": 0.0, "coast_speed_mph": 0.0}, "geometry": {"type": "Point", "coordinates": [-122.12818, 37.5649]}}, {"id": "1244", "type": "Feature", "properties": {"name": "Some South Bay", "step": 1244, "lat": 37.5643, "lon": -122.12867, "elevation_m": 0.5, "time": null, "elevation_f": 1.64042, "step_elevation_m": -0.19999999999999996, "step_elevation_f": -0.6561679999999999, "step_dist_m": 79.47595935992777, "step_dist_f": 260.7479065064254, "step_grade": -0.00251648425021518, "step_turn": 0.4405780204687346, "coast_speed_mps": 0.0, "coast_speed_mph": 0.0}, "geometry": {"type": "Point", "coordinates": [-122.12867, 37.5643]}}, {"id": "1245", "type": "Feature", "properties": {"name": "Some South Bay", "step": 1245, "lat": 37.56371, "lon": -122.12916, "elevation_m": 0.1, "time": null, "elevation_f": 0.32808400000000004, "step_elevation_m": -0.4, "step_elevation_f": -1.312336, "step_dist_m": 78.54503550858512, "step_dist_f": 257.6936942979864, "step_grade": -0.005092619761516045, "step_turn": 0.4409983704335332, "coast_speed_mps": 0.0, "coast_speed_mph": 0.0}, "geometry": {"type": "Point", "coordinates": [-122.12916, 37.56371]}}, {"id": "1246", "type": "Feature", "properties": {"name": "Some South Bay", "step": 1246, "lat": 37.56356, "lon": -122.12927, "elevation_m": 0.0, "time": null, "elevation_f": 0.0, "step_elevation_m": -0.1, "step_elevation_f": -0.32808400000000004, "step_dist_m": 19.292518620483705, "step_dist_f": 63.29566679082776, "step_grade": -0.005183356407069923, "step_turn": 3.188607021607993, "coast_speed_mps": 0.0, "coast_speed_mph": 0.0}, "geometry": {"type": "Point", "coordinates": [-122.12927, 37.56356]}}, {"id": "1247", "type": "Feature", "properties": {"name": "Some South Bay", "step": 1247, "lat": 37.56349, "lon": -122.12928, "elevation_m": 0.0, "time": null, "elevation_f": 0.0, "step_elevation_m": 0.0, "step_elevation_f": 0.0, "step_dist_m": 7.833391628490108, "step_dist_f": 25.700104590415485, "step_grade": 0.0, "step_turn": 23.708672454374266, "coast_speed_mps": 0.0, "coast_speed_mph": 0.0}, "geometry": {"type": "Point", "coordinates": [-122.12928, 37.56349]}}, {"id": "1248", "type": "Feature", "properties": {"name": "Some South Bay", "step": 1248, "lat": 37.56328, "lon": -122.1291, "elevation_m": 0.3, "time": null, "elevation_f": 0.9842519999999999, "step_elevation_m": 0.3, "step_elevation_f": 0.9842519999999999, "step_dist_m": 28.23086476642905, "step_dist_f": 92.62095036029109, "step_grade": 0.010626667035603787, "step_turn": 40.65442897927943, "coast_speed_mps": 0.0, "coast_speed_mph": 0.0}, "geometry": {"type": "Point", "coordinates": [-122.1291, 37.56328]}}, {"id": "1249", "type": "Feature", "properties": {"name": "Some South Bay", "step": 1249, "lat": 37.56277, "lon": -122.12887, "elevation_m": 1.3, "time": null, "elevation_f": 4.265092, "step_elevation_m": 1.0, "step_elevation_f": 3.2808400000000004, "step_dist_m": 60.224094129094595, "step_dist_f": 197.58561698249872, "step_grade": 0.01660464992393957, "step_turn": 14.522533258943895, "coast_speed_mps": 0.0, "coast_speed_mph": 0.0}, "geometry": {"type": "Point", "coordinates": [-122.12887, 37.56277]}}, {"id": "1250", "type": "Feature", "properties": {"name": "Some South Bay", "step": 1250, "lat": 37.56267, "lon": -122.12885, "elevation_m": 0.5, "time": null, "elevation_f": 1.64042, "step_elevation_m": -0.8, "step_elevation_f": -2.6246720000000003, "step_dist_m": 11.258364550555898, "step_dist_f": 36.936892752045814, "step_grade": -0.07105827817242771, "step_turn": 10.662707877120852, "coast_speed_mps": 0.0, "coast_speed_mph": 0.0}, "geometry": {"type": "Point", "coordinates": [-122.12885, 37.56267]}}, {"id": "1251", "type": "Feature", "properties": {"name": "Some South Bay", "step": 1251, "lat": 37.56239, "lon": -122.12874, "elevation_m": 0.6, "time": null, "elevation_f": 1.9685039999999998, "step_elevation_m": 0.09999999999999998, "step_elevation_f": 0.3280839999999998, "step_dist_m": 32.60934050266097, "step_dist_f": 106.98602869475022, "step_grade": 0.0030666060232601095, "step_turn": 8.288769200123966, "coast_speed_mps": 0.0, "coast_speed_mph": 0.0}, "geometry": {"type": "Point", "coordinates": [-122.12874, 37.56239]}}, {"id": "1252", "type": "Feature", "properties": {"name": "Some South Bay", "step": 1252, "lat": 37.562, "lon": -122.12865, "elevation_m": 0.5, "time": null, "elevation_f": 1.64042, "step_elevation_m": -0.09999999999999998, "step_elevation_f": -0.3280839999999998, "step_dist_m": 44.085629364442354, "step_dist_f": 144.63789624403705, "step_grade": -0.00226831285935221, "step_turn": 6.930851808144894, "coast_speed_mps": 0.0, "coast_speed_mph": 0.0}, "geometry": {"type": "Point", "coordinates": [-122.12865, 37.562]}}, {"id": "1253", "type": "Feature", "properties": {"name": "Some South Bay", "step": 1253, "lat": 37.5619, "lon": -122.1286, "elevation_m": 1.0, "time": null, "elevation_f": 3.28084, "step_elevation_m": 0.5, "step_elevation_f": 1.64042, "step_dist_m": 11.96103522721263, "step_dist_f": 39.24224281484828, "step_grade": 0.041802401757202984, "step_turn": 11.254315040598726, "coast_speed_mps": 0.0, "coast_speed_mph": 0.0}, "geometry": {"type": "Point", "coordinates": [-122.1286, 37.5619]}}, {"id": "1254", "type": "Feature", "properties": {"name": "Some South Bay", "step": 1254, "lat": 37.56176, "lon": -122.12859, "elevation_m": 1.1, "time": null, "elevation_f": 3.6089240000000005, "step_elevation_m": 0.10000000000000009, "step_elevation_f": 0.3280840000000005, "step_dist_m": 15.592223764848212, "step_dist_f": 51.155591416664606, "step_grade": 0.006413453366763786, "step_turn": 18.38008679138784, "coast_speed_mps": 0.0, "coast_speed_mph": 0.0}, "geometry": {"type": "Point", "coordinates": [-122.12859, 37.56176]}}, {"id": "1255", "type": "Feature", "properties": {"name": "Some South Bay", "step": 1255, "lat": 37.56137, "lon": -122.12851, "elevation_m": 1.6, "time": null, "elevation_f": 5.249344000000001, "step_elevation_m": 0.5, "step_elevation_f": 1.6404200000000002, "step_dist_m": 43.93558735899897, "step_dist_f": 144.1456324308982, "step_grade": 0.011380296248562363, "step_turn": 5.995069675621039, "coast_speed_mps": 0.0, "coast_speed_mph": 0.0}, "geometry": {"type": "Point", "coordinates": [-122.12851, 37.56137]}}, {"id": "1256", "type": "Feature", "properties": {"name": "Some South Bay", "step": 1256, "lat": 37.56088, "lon": -122.12825, "elevation_m": 1.6, "time": null, "elevation_f": 5.249344000000001, "step_elevation_m": 0.0, "step_elevation_f": 0.0, "step_dist_m": 59.10911487986611, "step_dist_f": 193.92754846245992, "step_grade": 0.0, "step_turn": 13.576820289003763, "coast_speed_mps": 0.0, "coast_speed_mph": 0.0}, "geometry": {"type": "Point", "coordinates": [-122.12825, 37.56088]}}, {"id": "1257", "type": "Feature", "properties": {"name": "Some South Bay", "step": 1257, "lat": 37.56078, "lon": -122.12818, "elevation_m": 1.5, "time": null, "elevation_f": 4.92126, "step_elevation_m": -0.10000000000000009, "step_elevation_f": -0.3280840000000005, "step_dist_m": 12.71667507850487, "step_dist_f": 41.72137626456192, "step_grade": -0.007863690735405448, "step_turn": 6.213094171924581, "coast_speed_mps": 0.0, "coast_speed_mph": 0.0}, "geometry": {"type": "Point", "coordinates": [-122.12818, 37.56078]}}, {"id": "1258", "type": "Feature", "properties": {"name": "Some South Bay", "step": 1258, "lat": 37.56042, "lon": -122.12799, "elevation_m": 1.3, "time": null, "elevation_f": 4.265092, "step_elevation_m": -0.19999999999999996, "step_elevation_f": -0.6561680000000001, "step_dist_m": 43.39235696770421, "step_dist_f": 142.36338043392269, "step_grade": -0.004609106625594334, "step_turn": 6.322444593243972, "coast_speed_mps": 0.0, "coast_speed_mph": 0.0}, "geometry": {"type": "Point", "coordinates": [-122.12799, 37.56042]}}, {"id": "1259", "type": "Feature", "properties": {"name": "Some South Bay", "step": 1259, "lat": 37.55991, "lon": -122.12766, "elevation_m": 1.4, "time": null, "elevation_f": 4.593176, "step_elevation_m": 0.09999999999999987, "step_elevation_f": 0.3280839999999996, "step_dist_m": 63.73440703564078, "step_dist_f": 209.10239197881168, "step_grade": 0.00156901122409563, "step_turn": 4.451621655839062, "coast_speed_mps": 0.0, "coast_speed_mph": 0.0}, "geometry": {"type": "Point", "coordinates": [-122.12766, 37.55991]}}, {"id": "1260", "type": "Feature", "properties": {"name": "Some South Bay", "step": 1260, "lat": 37.55972, "lon": -122.12756, "elevation_m": 1.4, "time": null, "elevation_f": 4.593176, "step_elevation_m": 0.0, "step_elevation_f": 0.0, "step_dist_m": 22.892118558530502, "step_dist_f": 75.1053782515692, "step_grade": 0.0, "step_turn": 4.507968331144639, "coast_speed_mps": 0.0, "coast_speed_mph": 0.0}, "geometry": {"type": "Point", "coordinates": [-122.12756, 37.55972]}}, {"id": "1261", "type": "Feature", "properties": {"name": "Some South Bay", "step": 1261, "lat": 37.55936, "lon": -122.12734, "elevation_m": 0.8, "time": null, "elevation_f": 2.6246720000000003, "step_elevation_m": -0.5999999999999999, "step_elevation_f": -1.9685039999999994, "step_dist_m": 44.480031247351114, "step_dist_f": 145.93186571755942, "step_grade": -0.013489199156885286, "step_turn": 3.2005917328644955, "coast_speed_mps": 2.1887015089810133, "coast_speed_mph": 4.895985837913858}, "geometry": {"type": "Point", "coordinates": [-122.12734, 37.55936]}}, {"id": "1262", "type": "Feature", "properties": {"name": "Some South Bay", "step": 1262, "lat": 37.55909, "lon": -122.12714, "elevation_m": 1.3, "time": null, "elevation_f": 4.265092, "step_elevation_m": 0.5, "step_elevation_f": 1.6404199999999998, "step_dist_m": 34.815987747389435, "step_dist_f": 114.22568524114516, "step_grade": 0.014361218289361643, "step_turn": 4.57415250991221, "coast_speed_mps": 0.0, "coast_speed_mph": 0.0}, "geometry": {"type": "Point", "coordinates": [-122.12714, 37.55909]}}, {"id": "1263", "type": "Feature", "properties": {"name": "Some South Bay", "step": 1263, "lat": 37.55833, "lon": -122.1267, "elevation_m": 1.0, "time": null, "elevation_f": 3.28084, "step_elevation_m": -0.30000000000000004, "step_elevation_f": -0.9842520000000001, "step_dist_m": 92.98329680896313, "step_dist_f": 305.0633195027186, "step_grade": -0.0032263859240908473, "step_turn": 5.768814970940525, "coast_speed_mps": 0.0, "coast_speed_mph": 0.0}, "geometry": {"type": "Point", "coordinates": [-122.1267, 37.55833]}}, {"id": "1264", "type": "Feature", "properties": {"name": "Some South Bay", "step": 1264, "lat": 37.55757, "lon": -122.12626, "elevation_m": 0.6, "time": null, "elevation_f": 1.9685039999999998, "step_elevation_m": -0.4, "step_elevation_f": -1.3123360000000002, "step_dist_m": 92.98346181754614, "step_dist_f": 305.0638608694781, "step_grade": -0.004301840264722423, "step_turn": 0.00022154155578846257, "coast_speed_mps": 0.0, "coast_speed_mph": 0.0}, "geometry": {"type": "Point", "coordinates": [-122.12626, 37.55757]}}, {"id": "1265", "type": "Feature", "properties": {"name": "Some South Bay", "step": 1265, "lat": 37.55703, "lon": -122.1259, "elevation_m": 1.2, "time": null, "elevation_f": 3.9370079999999996, "step_elevation_m": 0.6, "step_elevation_f": 1.9685039999999998, "step_dist_m": 67.91509468666008, "step_dist_f": 222.81855925178186, "step_grade": 0.008834560310461472, "step_turn": 3.203347648249405, "coast_speed_mps": 0.0, "coast_speed_mph": 0.0}, "geometry": {"type": "Point", "coordinates": [-122.1259, 37.55703]}}, {"id": "1266", "type": "Feature", "properties": {"name": "Some South Bay", "step": 1266, "lat": 37.55662, "lon": -122.12566, "elevation_m": 1.6, "time": null, "elevation_f": 5.249344000000001, "step_elevation_m": 0.40000000000000013, "step_elevation_f": 1.312336000000001, "step_dist_m": 50.259466446518246, "step_dist_f": 164.89326789639492, "step_grade": 0.007958699689453435, "step_turn": 2.9627357590242127, "coast_speed_mps": 0.0, "coast_speed_mph": 0.0}, "geometry": {"type": "Point", "coordinates": [-122.12566, 37.55662]}}, {"id": "1267", "type": "Feature", "properties": {"name": "Some South Bay", "step": 1267, "lat": 37.5562, "lon": -122.12541, "elevation_m": 1.9, "time": null, "elevation_f": 6.2335959999999995, "step_elevation_m": 0.2999999999999998, "step_elevation_f": 0.9842519999999988, "step_dist_m": 51.640274641079564, "step_dist_f": 169.42347865343947, "step_grade": 0.0058094191420382454, "step_turn": 0.36797920574474574, "coast_speed_mps": 0.0, "coast_speed_mph": 0.0}, "geometry": {"type": "Point", "coordinates": [-122.12541, 37.5562]}}, {"id": "1268", "type": "Feature", "properties": {"name": "Some South Bay", "step": 1268, "lat": 37.5561, "lon": -122.12534, "elevation_m": 1.9, "time": null, "elevation_f": 6.2335959999999995, "step_elevation_m": 0.0, "step_elevation_f": 0.0, "step_dist_m": 12.716863123968462, "step_dist_f": 41.72199321164069, "step_grade": 0.0, "step_turn": 3.765576166624328, "coast_speed_mps": 0.0, "coast_speed_mph": 0.0}, "geometry": {"type": "Point", "coordinates": [-122.12534, 37.5561]}}, {"id": "1269", "type": "Feature", "properties": {"name": "Some South Bay", "step": 1269, "lat": 37.55597, "lon": -122.12528, "elevation_m": 2.0, "time": null, "elevation_f": 6.56168, "step_elevation_m": 0.10000000000000009, "step_elevation_f": 0.3280840000000005, "step_dist_m": 15.392556126552817, "step_dist_f": 50.50051384223954, "step_grade": 0.006496646767296552, "step_turn": 8.93021513584938, "coast_speed_mps": 0.0, "coast_speed_mph": 0.0}, "geometry": {"type": "Point", "coordinates": [-122.12528, 37.55597]}}, {"id": "1270", "type": "Feature", "properties": {"name": "Some South Bay", "step": 1270, "lat": 37.55546, "lon": -122.12496, "elevation_m": 2.5, "time": null, "elevation_f": 8.2021, "step_elevation_m": 0.5, "step_elevation_f": 1.6404199999999998, "step_dist_m": 63.33772031559055, "step_dist_f": 207.8009263202021, "step_grade": 0.007894190026238207, "step_turn": 6.349716040394128, "coast_speed_mps": 0.0, "coast_speed_mph": 0.0}, "geometry": {"type": "Point", "coordinates": [-122.12496, 37.55546]}}, {"id": "1271", "type": "Feature", "properties": {"name": "Some South Bay", "step": 1271, "lat": 37.55527, "lon": -122.12485, "elevation_m": 2.8, "time": null, "elevation_f": 9.186352, "step_elevation_m": 0.2999999999999998, "step_elevation_f": 0.9842519999999997, "step_dist_m": 23.246005764410395, "step_dist_f": 76.2664255521082, "step_grade": 0.012905442898035389, "step_turn": 1.7930152344650878, "coast_speed_mps": 0.0, "coast_speed_mph": 0.0}, "geometry": {"type": "Point", "coordinates": [-122.12485, 37.55527]}}, {"id": "1272", "type": "Feature", "properties": {"name": "Some South Bay", "step": 1272, "lat": 37.55479, "lon": -122.12454, "elevation_m": 3.7, "time": null, "elevation_f": 12.139108, "step_elevation_m": 0.9000000000000004, "step_elevation_f": 2.952756000000001, "step_dist_m": 59.96253590329915, "step_dist_f": 196.72748629298, "step_grade": 0.015009371875989691, "step_turn": 2.4586760054105525, "coast_speed_mps": 0.0, "coast_speed_mph": 0.0}, "geometry": {"type": "Point", "coordinates": [-122.12454, 37.55479]}}, {"id": "1273", "type": "Feature", "properties": {"name": "Some South Bay", "step": 1273, "lat": 37.55427, "lon": -122.12426, "elevation_m": 3.8, "time": null, "elevation_f": 12.467191999999999, "step_elevation_m": 0.09999999999999964, "step_elevation_f": 0.3280839999999987, "step_dist_m": 62.86926295351063, "step_dist_f": 206.26399266839582, "step_grade": 0.001590602391409388, "step_turn": 3.995707995014641, "coast_speed_mps": 0.0, "coast_speed_mph": 0.0}, "geometry": {"type": "Point", "coordinates": [-122.12426, 37.55427]}}, {"id": "1274", "type": "Feature", "properties": {"name": "Some South Bay", "step": 1274, "lat": 37.55396, "lon": -122.12405, "elevation_m": 3.8, "time": null, "elevation_f": 12.467191999999999, "step_elevation_m": 0.0, "step_elevation_f": 0.0, "step_dist_m": 39.126825673394364, "step_dist_f": 128.36885474229916, "step_grade": 0.0, "step_turn": 5.121122771291937, "coast_speed_mps": 0.0, "coast_speed_mph": 0.0}, "geometry": {"type": "Point", "coordinates": [-122.12405, 37.55396]}}, {"id": "1275", "type": "Feature", "properties": {"name": "Some South Bay", "step": 1275, "lat": 37.55392, "lon": -122.12404, "elevation_m": 3.8, "time": null, "elevation_f": 12.467191999999999, "step_elevation_m": 0.0, "step_elevation_f": 0.0, "step_dist_m": 4.534313140331539, "step_dist_f": 14.876355923325328, "step_grade": 0.0, "step_turn": 17.027324279433913, "coast_speed_mps": 0.0, "coast_speed_mph": 0.0}, "geometry": {"type": "Point", "coordinates": [-122.12404, 37.55392]}}, {"id": "1276", "type": "Feature", "properties": {"name": "Some South Bay", "step": 1276, "lat": 37.55383, "lon": -122.12397, "elevation_m": 3.8, "time": null, "elevation_f": 12.467191999999999, "step_elevation_m": 0.0, "step_elevation_f": 0.0, "step_dist_m": 11.757071927321817, "step_dist_f": 38.57307186203451, "step_grade": 0.0, "step_turn": 20.447842039475972, "coast_speed_mps": 0.0, "coast_speed_mph": 0.0}, "geometry": {"type": "Point", "coordinates": [-122.12397, 37.55383]}}, {"id": "1277", "type": "Feature", "properties": {"name": "Some South Bay", "step": 1277, "lat": 37.55315, "lon": -122.12357, "elevation_m": 3.8, "time": null, "elevation_f": 12.467191999999999, "step_elevation_m": 0.0, "step_elevation_f": 0.0, "step_dist_m": 83.43037708707578, "step_dist_f": 273.7217183623617, "step_grade": 0.0, "step_turn": 6.656471672133762, "coast_speed_mps": 0.0, "coast_speed_mph": 0.0}, "geometry": {"type": "Point", "coordinates": [-122.12357, 37.55315]}}, {"id": "1278", "type": "Feature", "properties": {"name": "Some South Bay", "step": 1278, "lat": 37.55264, "lon": -122.12324, "elevation_m": 3.8, "time": null, "elevation_f": 12.467191999999999, "step_elevation_m": 0.0, "step_elevation_f": 0.0, "step_dist_m": 63.73570234799718, "step_dist_f": 209.10664169140307, "step_grade": 0.0, "step_turn": 2.1552977577129013, "coast_speed_mps": 0.0, "coast_speed_mph": 0.0}, "geometry": {"type": "Point", "coordinates": [-122.12324, 37.55264]}}, {"id": "1279", "type": "Feature", "properties": {"name": "Some South Bay", "step": 1279, "lat": 37.55216, "lon": -122.12297, "elevation_m": 3.8, "time": null, "elevation_f": 12.467191999999999, "step_elevation_m": 0.0, "step_elevation_f": 0.0, "step_dist_m": 58.44026424435153, "step_dist_f": 191.73315654343827, "step_grade": 0.0, "step_turn": 3.1226625847868945, "coast_speed_mps": 0.0, "coast_speed_mph": 0.0}, "geometry": {"type": "Point", "coordinates": [-122.12297, 37.55216]}}, {"id": "1280", "type": "Feature", "properties": {"name": "Some South Bay", "step": 1280, "lat": 37.55153, "lon": -122.12255, "elevation_m": 3.8, "time": null, "elevation_f": 12.467191999999999, "step_elevation_m": 0.0, "step_elevation_f": 0.0, "step_dist_m": 79.23554349795991, "step_dist_f": 259.95914052984676, "step_grade": 0.0, "step_turn": 3.8236735786006193, "coast_speed_mps": 0.0, "coast_speed_mph": 0.0}, "geometry": {"type": "Point", "coordinates": [-122.12255, 37.55153]}}, {"id": "1281", "type": "Feature", "properties": {"name": "Some South Bay", "step": 1281, "lat": 37.55084, "lon": -122.12219, "elevation_m": 3.8, "time": null, "elevation_f": 12.467191999999999, "step_elevation_m": 0.0, "step_elevation_f": 0.0, "step_dist_m": 83.02915677031898, "step_dist_f": 272.4053786983333, "step_grade": 0.0, "step_turn": 5.386104103343428, "coast_speed_mps": 0.0, "coast_speed_mph": 0.0}, "geometry": {"type": "Point", "coordinates": [-122.12219, 37.55084]}}, {"id": "1282", "type": "Feature", "properties": {"name": "Some South Bay", "step": 1282, "lat": 37.55053, "lon": -122.12196, "elevation_m": 3.8, "time": null, "elevation_f": 12.467191999999999, "step_elevation_m": 0.0, "step_elevation_f": 0.0, "step_dist_m": 39.99163081195627, "step_dist_f": 131.20614203309862, "step_grade": 0.0, "step_turn": 7.99281219669183, "coast_speed_mps": 0.0, "coast_speed_mph": 0.0}, "geometry": {"type": "Point", "coordinates": [-122.12196, 37.55053]}}, {"id": "1283", "type": "Feature", "properties": {"name": "Some South Bay", "step": 1283, "lat": 37.55014, "lon": -122.12176, "elevation_m": 3.9, "time": null, "elevation_f": 12.795276, "step_elevation_m": 0.10000000000000009, "step_elevation_f": 0.3280840000000005, "step_dist_m": 46.813252944280926, "step_dist_f": 153.58679278971462, "step_grade": 0.002136147217093079, "step_turn": 8.339430832143194, "coast_speed_mps": 0.0, "coast_speed_mph": 0.0}, "geometry": {"type": "Point", "coordinates": [-122.12176, 37.55014]}}, {"id": "1284", "type": "Feature", "properties": {"name": "Some South Bay", "step": 1284, "lat": 37.54942, "lon": -122.1213, "elevation_m": 3.9, "time": null, "elevation_f": 12.795276, "step_elevation_m": 0.0, "step_elevation_f": 0.0, "step_dist_m": 89.74508256649248, "step_dist_f": 294.4392566874512, "step_grade": 0.0, "step_turn": 4.738149204442493, "coast_speed_mps": 0.0, "coast_speed_mph": 0.0}, "geometry": {"type": "Point", "coordinates": [-122.1213, 37.54942]}}, {"id": "1285", "type": "Feature", "properties": {"name": "Some South Bay", "step": 1285, "lat": 37.54871, "lon": -122.12084, "elevation_m": 3.9, "time": null, "elevation_f": 12.795276, "step_elevation_m": 0.0, "step_elevation_f": 0.0, "step_dist_m": 88.75472797783604, "step_dist_f": 291.1900617388036, "step_grade": 0.0, "step_turn": 0.32458413430720157, "coast_speed_mps": 0.0, "coast_speed_mph": 0.0}, "geometry": {"type": "Point", "coordinates": [-122.12084, 37.54871]}}, {"id": "1286", "type": "Feature", "properties": {"name": "Some South Bay", "step": 1286, "lat": 37.54809, "lon": -122.12049, "elevation_m": 3.9, "time": null, "elevation_f": 12.795276, "step_elevation_m": 0.0, "step_elevation_f": 0.0, "step_dist_m": 75.5309650132522, "step_dist_f": 247.80501125407835, "step_grade": 0.0, "step_turn": 3.076169742985144, "coast_speed_mps": 0.0, "coast_speed_mph": 0.0}, "geometry": {"type": "Point", "coordinates": [-122.12049, 37.54809]}}, {"id": "1287", "type": "Feature", "properties": {"name": "Some South Bay", "step": 1287, "lat": 37.54748, "lon": -122.12013, "elevation_m": 3.8, "time": null, "elevation_f": 12.467191999999999, "step_elevation_m": -0.10000000000000009, "step_elevation_f": -0.3280840000000005, "step_dist_m": 74.88687700381503, "step_dist_f": 245.6918615491965, "step_grade": -0.0013353474467216158, "step_turn": 0.9634357196094925, "coast_speed_mps": 0.0, "coast_speed_mph": 0.0}, "geometry": {"type": "Point", "coordinates": [-122.12013, 37.54748]}}, {"id": "1288", "type": "Feature", "properties": {"name": "Some South Bay", "step": 1288, "lat": 37.54686, "lon": -122.11977, "elevation_m": 3.8, "time": null, "elevation_f": 12.467191999999999, "step_elevation_m": 0.0, "step_elevation_f": 0.0, "step_dist_m": 75.89559936411887, "step_dist_f": 249.00131821777575, "step_grade": 0.0, "step_turn": 0.35558661981394835, "coast_speed_mps": 0.0, "coast_speed_mph": 0.0}, "geometry": {"type": "Point", "coordinates": [-122.11977, 37.54686]}}, {"id": "1289", "type": "Feature", "properties": {"name": "Some South Bay", "step": 1289, "lat": 37.54673, "lon": -122.11971, "elevation_m": 3.7, "time": null, "elevation_f": 12.139108, "step_elevation_m": -0.09999999999999964, "step_elevation_f": -0.3280839999999987, "step_dist_m": 15.392781462010587, "step_dist_f": 50.501253131822814, "step_grade": -0.006496551662660828, "step_turn": 4.620544138784453, "coast_speed_mps": 0.0, "coast_speed_mph": 0.0}, "geometry": {"type": "Point", "coordinates": [-122.11971, 37.54673]}}, {"id": "1290", "type": "Feature", "properties": {"name": "Some South Bay", "step": 1290, "lat": 37.5467, "lon": -122.11957, "elevation_m": 3.7, "time": null, "elevation_f": 12.139108, "step_elevation_m": 0.0, "step_elevation_f": 0.0, "step_dist_m": 12.785476462928411, "step_dist_f": 41.947102598634046, "step_grade": 0.0, "step_turn": 54.77674476850166, "coast_speed_mps": 0.0, "coast_speed_mph": 0.0}, "geometry": {"type": "Point", "coordinates": [-122.11957, 37.5467]}}, {"id": "1291", "type": "Feature", "properties": {"name": "Some South Bay", "step": 1291, "lat": 37.54665, "lon": -122.11915, "elevation_m": 3.9, "time": null, "elevation_f": 12.795276, "step_elevation_m": 0.19999999999999973, "step_elevation_f": 0.6561679999999992, "step_dist_m": 37.442983332755965, "step_dist_f": 122.84443743743908, "step_grade": 0.0053414547185676635, "step_turn": 6.584921144017926, "coast_speed_mps": 0.0, "coast_speed_mph": 0.0}, "geometry": {"type": "Point", "coordinates": [-122.11915, 37.54665]}}, {"id": "1292", "type": "Feature", "properties": {"name": "Some South Bay", "step": 1292, "lat": 37.54649, "lon": -122.11874, "elevation_m": 3.4, "time": null, "elevation_f": 11.154855999999999, "step_elevation_m": -0.5, "step_elevation_f": -1.6404200000000007, "step_dist_m": 40.28752490481551, "step_dist_f": 132.17692320871492, "step_grade": -0.012410789721664825, "step_turn": 17.667180598979655, "coast_speed_mps": 1.8672091717159482, "coast_speed_mph": 4.17682796106824}, "geometry": {"type": "Point", "coordinates": [-122.11874, 37.54649]}}, {"id": "1293", "type": "Feature", "properties": {"name": "Some South Bay", "step": 1293, "lat": 37.54644, "lon": -122.11838, "elevation_m": 3.7, "time": null, "elevation_f": 12.139108, "step_elevation_m": 0.30000000000000027, "step_elevation_f": 0.9842520000000015, "step_dist_m": 32.221583041670335, "step_dist_f": 105.71385850643371, "step_grade": 0.009310529517188134, "step_turn": 16.270385094324638, "coast_speed_mps": 0.0, "coast_speed_mph": 0.0}, "geometry": {"type": "Point", "coordinates": [-122.11838, 37.54644]}}, {"id": "1294", "type": "Feature", "properties": {"name": "Some South Bay", "step": 1294, "lat": 37.54643, "lon": -122.11742, "elevation_m": 3.8, "time": null, "elevation_f": 12.467191999999999, "step_elevation_m": 0.09999999999999964, "step_elevation_f": 0.3280839999999987, "step_dist_m": 84.64280265126358, "step_dist_f": 277.6994926503716, "step_grade": 0.0011814353597435706, "step_turn": 9.1834248264542, "coast_speed_mps": 0.0, "coast_speed_mph": 0.0}, "geometry": {"type": "Point", "coordinates": [-122.11742, 37.54643]}}, {"id": "1295", "type": "Feature", "properties": {"name": "Some South Bay", "step": 1295, "lat": 37.54642, "lon": -122.11646, "elevation_m": 3.8, "time": null, "elevation_f": 12.467191999999999, "step_elevation_m": 0.0, "step_elevation_f": 0.0, "step_dist_m": 84.64281400178132, "step_dist_f": 277.6995298896042, "step_grade": 0.0, "step_turn": 1.0114416681972216e-07, "coast_speed_mps": 0.0, "coast_speed_mph": 0.0}, "geometry": {"type": "Point", "coordinates": [-122.11646, 37.54642]}}, {"id": "1296", "type": "Feature", "properties": {"name": "Some South Bay", "step": 1296, "lat": 37.54638, "lon": -122.11624, "elevation_m": 3.8, "time": null, "elevation_f": 12.467191999999999, "step_elevation_m": 0.0, "step_elevation_f": 0.0, "step_dist_m": 19.899093247145288, "step_dist_f": 65.28574108896414, "step_grade": 0.0, "step_turn": 12.163233002626555, "coast_speed_mps": 0.0, "coast_speed_mph": 0.0}, "geometry": {"type": "Point", "coordinates": [-122.11624, 37.54638]}}, {"id": "1297", "type": "Feature", "properties": {"name": "Some South Bay", "step": 1297, "lat": 37.54584, "lon": -122.116, "elevation_m": 3.8, "time": null, "elevation_f": 12.467191999999999, "step_elevation_m": 0.0, "step_elevation_f": 0.0, "step_dist_m": 63.6642377981785, "step_dist_f": 208.87217793777594, "step_grade": 0.0, "step_turn": 57.672648985831074, "coast_speed_mps": 0.0, "coast_speed_mph": 0.0}, "geometry": {"type": "Point", "coordinates": [-122.116, 37.54584]}}, {"id": "1298", "type": "Feature", "properties": {"name": "Some South Bay", "step": 1298, "lat": 37.5453, "lon": -122.11576, "elevation_m": 3.8, "time": null, "elevation_f": 12.467191999999999, "step_elevation_m": 0.0, "step_elevation_f": 0.0, "step_dist_m": 63.664288739817806, "step_dist_f": 208.87234506914385, "step_grade": 0.0, "step_turn": 0.00013009900840188493, "coast_speed_mps": 0.0, "coast_speed_mph": 0.0}, "geometry": {"type": "Point", "coordinates": [-122.11576, 37.5453]}}, {"id": "1299", "type": "Feature", "properties": {"name": "Some South Bay", "step": 1299, "lat": 37.54459, "lon": -122.11541, "elevation_m": 3.8, "time": null, "elevation_f": 12.467191999999999, "step_elevation_m": 0.0, "step_elevation_f": 0.0, "step_dist_m": 84.76451526276409, "step_dist_f": 278.09881225468695, "step_grade": 0.0, "step_turn": 1.9365295924693555, "coast_speed_mps": 0.0, "coast_speed_mph": 0.0}, "geometry": {"type": "Point", "coordinates": [-122.11541, 37.54459]}}, {"id": "1300", "type": "Feature", "properties": {"name": "Some South Bay", "step": 1300, "lat": 37.54389, "lon": -122.11506, "elevation_m": 3.8, "time": null, "elevation_f": 12.467191999999999, "step_elevation_m": 0.0, "step_elevation_f": 0.0, "step_dist_m": 83.72994841827912, "step_dist_f": 274.70456396862687, "step_grade": 0.0, "step_turn": 0.2771813116812609, "coast_speed_mps": 0.0, "coast_speed_mph": 0.0}, "geometry": {"type": "Point", "coordinates": [-122.11506, 37.54389]}}, {"id": "1301", "type": "Feature", "properties": {"name": "Some South Bay", "step": 1301, "lat": 37.54318, "lon": -122.1147, "elevation_m": 3.8, "time": null, "elevation_f": 12.467191999999999, "step_elevation_m": 0.0, "step_elevation_f": 0.0, "step_dist_m": 85.08964892159865, "step_dist_f": 279.1655237679377, "step_grade": 0.0, "step_turn": 0.2761304343531492, "coast_speed_mps": 0.0, "coast_speed_mph": 0.0}, "geometry": {"type": "Point", "coordinates": [-122.1147, 37.54318]}}, {"id": "1302", "type": "Feature", "properties": {"name": "Some South Bay", "step": 1302, "lat": 37.54248, "lon": -122.11435, "elevation_m": 3.8, "time": null, "elevation_f": 12.467191999999999, "step_elevation_m": 0.0, "step_elevation_f": 0.0, "step_dist_m": 83.73016350299466, "step_dist_f": 274.70526962716497, "step_grade": 0.0, "step_turn": 0.27575918691525203, "coast_speed_mps": 0.0, "coast_speed_mph": 0.0}, "geometry": {"type": "Point", "coordinates": [-122.11435, 37.54248]}}, {"id": "1303", "type": "Feature", "properties": {"name": "Some South Bay", "step": 1303, "lat": 37.54177, "lon": -122.114, "elevation_m": 3.8, "time": null, "elevation_f": 12.467191999999999, "step_elevation_m": 0.0, "step_elevation_f": 0.0, "step_dist_m": 84.76494018382695, "step_dist_f": 278.10020635270683, "step_grade": 0.0, "step_turn": 0.27681772585469844, "coast_speed_mps": 0.0, "coast_speed_mph": 0.0}, "geometry": {"type": "Point", "coordinates": [-122.114, 37.54177]}}, {"id": "1304", "type": "Feature", "properties": {"name": "Some South Bay", "step": 1304, "lat": 37.54107, "lon": -122.11365, "elevation_m": 3.8, "time": null, "elevation_f": 12.467191999999999, "step_elevation_m": 0.0, "step_elevation_f": 0.0, "step_dist_m": 83.73037858516486, "step_dist_f": 274.70597527735225, "step_grade": 0.0, "step_turn": 0.27718896101362134, "coast_speed_mps": 0.0, "coast_speed_mph": 0.0}, "geometry": {"type": "Point", "coordinates": [-122.11365, 37.54107]}}, {"id": "1305", "type": "Feature", "properties": {"name": "Some South Bay", "step": 1305, "lat": 37.54107, "lon": -122.11365, "elevation_m": 3.8, "time": null, "elevation_f": 12.467191999999999, "step_elevation_m": 0.0, "step_elevation_f": 0.0, "step_dist_m": 0.0, "step_dist_f": 0.0, "step_grade": null, "step_turn": null, "coast_speed_mps": 0.0, "coast_speed_mph": 0.0}, "geometry": {"type": "Point", "coordinates": [-122.11365, 37.54107]}}, {"id": "1306", "type": "Feature", "properties": {"name": "Some South Bay", "step": 1306, "lat": 37.5405, "lon": -122.11336, "elevation_m": 3.8, "time": null, "elevation_f": 12.467191999999999, "step_elevation_m": 0.0, "step_elevation_f": 0.0, "step_dist_m": 68.3442323504629, "step_dist_f": 224.2264912646927, "step_grade": 0.0, "step_turn": null, "coast_speed_mps": 0.0, "coast_speed_mph": 0.0}, "geometry": {"type": "Point", "coordinates": [-122.11336, 37.5405]}}, {"id": "1307", "type": "Feature", "properties": {"name": "Some South Bay", "step": 1307, "lat": 37.53993, "lon": -122.11308, "elevation_m": 3.8, "time": null, "elevation_f": 12.467191999999999, "step_elevation_m": 0.0, "step_elevation_f": 0.0, "step_dist_m": 68.01935939776426, "step_dist_f": 223.1606350865609, "step_grade": 0.0, "step_turn": 0.6886232740802143, "coast_speed_mps": 0.0, "coast_speed_mph": 0.0}, "geometry": {"type": "Point", "coordinates": [-122.11308, 37.53993]}}, {"id": "1308", "type": "Feature", "properties": {"name": "Some South Bay", "step": 1308, "lat": 37.53916, "lon": -122.11269, "elevation_m": 3.8, "time": null, "elevation_f": 12.467191999999999, "step_elevation_m": 0.0, "step_elevation_f": 0.0, "step_dist_m": 92.26711988326255, "step_dist_f": 302.7136575978031, "step_grade": 0.0, "step_turn": 0.5999045020357698, "coast_speed_mps": 0.0, "coast_speed_mph": 0.0}, "geometry": {"type": "Point", "coordinates": [-122.11269, 37.53916]}}, {"id": "1309", "type": "Feature", "properties": {"name": "Some South Bay", "step": 1309, "lat": 37.53838, "lon": -122.11229, "elevation_m": 3.8, "time": null, "elevation_f": 12.467191999999999, "step_elevation_m": 0.0, "step_elevation_f": 0.0, "step_dist_m": 93.62856653499544, "step_dist_f": 307.18034623067444, "step_grade": 0.0, "step_turn": 0.2473031993870336, "coast_speed_mps": 0.0, "coast_speed_mph": 0.0}, "geometry": {"type": "Point", "coordinates": [-122.11229, 37.53838]}}, {"id": "1310", "type": "Feature", "properties": {"name": "Some South Bay", "step": 1310, "lat": 37.53761, "lon": -122.1119, "elevation_m": 3.8, "time": null, "elevation_f": 12.467191999999999, "step_elevation_m": 0.0, "step_elevation_f": 0.0, "step_dist_m": 92.26738628223502, "step_dist_f": 302.7145316102079, "step_grade": 0.0, "step_turn": 0.24689130389140246, "coast_speed_mps": 0.0, "coast_speed_mph": 0.0}, "geometry": {"type": "Point", "coordinates": [-122.1119, 37.53761]}}, {"id": "1311", "type": "Feature", "properties": {"name": "Some South Bay", "step": 1311, "lat": 37.53684, "lon": -122.11151, "elevation_m": 3.8, "time": null, "elevation_f": 12.467191999999999, "step_elevation_m": 0.0, "step_elevation_f": 0.0, "step_dist_m": 92.26751862182206, "step_dist_f": 302.7149657952187, "step_grade": 0.0, "step_turn": 0.000204613945697929, "coast_speed_mps": 0.0, "coast_speed_mph": 0.0}, "geometry": {"type": "Point", "coordinates": [-122.11151, 37.53684]}}, {"id": "1312", "type": "Feature", "properties": {"name": "Some South Bay", "step": 1312, "lat": 37.53662, "lon": -122.11141, "elevation_m": 3.8, "time": null, "elevation_f": 12.467191999999999, "step_elevation_m": 0.0, "step_elevation_f": 0.0, "step_dist_m": 26.003427989579542, "step_dist_f": 85.31308668533214, "step_grade": 0.0, "step_turn": 2.060785697397364, "coast_speed_mps": 0.0, "coast_speed_mph": 0.0}, "geometry": {"type": "Point", "coordinates": [-122.11141, 37.53662]}}, {"id": "1313", "type": "Feature", "properties": {"name": "Some South Bay", "step": 1313, "lat": 37.5365, "lon": -122.11132, "elevation_m": 3.8, "time": null, "elevation_f": 12.467191999999999, "step_elevation_m": 0.0, "step_elevation_f": 0.0, "step_dist_m": 15.524828369644947, "step_dist_f": 50.934477908265926, "step_grade": 0.0, "step_turn": 10.919869031298731, "coast_speed_mps": 0.0, "coast_speed_mph": 0.0}, "geometry": {"type": "Point", "coordinates": [-122.11132, 37.5365]}}, {"id": "1314", "type": "Feature", "properties": {"name": "Some South Bay", "step": 1314, "lat": 37.53633, "lon": -122.11121, "elevation_m": 3.8, "time": null, "elevation_f": 12.467191999999999, "step_elevation_m": 0.0, "step_elevation_f": 0.0, "step_dist_m": 21.246212733096932, "step_dist_f": 69.70542458325374, "step_grade": 0.0, "step_turn": 3.57877006244496, "coast_speed_mps": 0.0, "coast_speed_mph": 0.0}, "geometry": {"type": "Point", "coordinates": [-122.11121, 37.53633]}}, {"id": "1315", "type": "Feature", "properties": {"name": "Some South Bay", "step": 1315, "lat": 37.53621, "lon": -122.11107, "elevation_m": 3.8, "time": null, "elevation_f": 12.467191999999999, "step_elevation_m": 0.0, "step_elevation_f": 0.0, "step_dist_m": 18.177714549484076, "step_dist_f": 59.638173002529335, "step_grade": 0.0, "step_turn": 15.610651137960076, "coast_speed_mps": 0.0, "coast_speed_mph": 0.0}, "geometry": {"type": "Point", "coordinates": [-122.11107, 37.53621]}}, {"id": "1316", "type": "Feature", "properties": {"name": "Some South Bay", "step": 1316, "lat": 37.53616, "lon": -122.11089, "elevation_m": 3.8, "time": null, "elevation_f": 12.467191999999999, "step_elevation_m": 0.0, "step_elevation_f": 0.0, "step_dist_m": 16.816959943607024, "step_dist_f": 55.17375486138367, "step_grade": 0.0, "step_turn": 27.921788823906127, "coast_speed_mps": 0.0, "coast_speed_mph": 0.0}, "geometry": {"type": "Point", "coordinates": [-122.11089, 37.53616]}}, {"id": "1317", "type": "Feature", "properties": {"name": "Some South Bay", "step": 1317, "lat": 37.53601, "lon": -122.11024, "elevation_m": 3.8, "time": null, "elevation_f": 12.467191999999999, "step_elevation_m": 0.0, "step_elevation_f": 0.0, "step_dist_m": 59.69090892695578, "step_dist_f": 195.8363216439136, "step_grade": 0.0, "step_turn": 3.079557949247942, "coast_speed_mps": 0.0, "coast_speed_mph": 0.0}, "geometry": {"type": "Point", "coordinates": [-122.11024, 37.53601]}}, {"id": "1318", "type": "Feature", "properties": {"name": "Some South Bay", "step": 1318, "lat": 37.53593, "lon": -122.11002, "elevation_m": 3.8, "time": null, "elevation_f": 12.467191999999999, "step_elevation_m": 0.0, "step_elevation_f": 0.0, "step_dist_m": 21.34075617337076, "step_dist_f": 70.01560648384172, "step_grade": 0.0, "step_turn": 8.409121941112005, "coast_speed_mps": 0.0, "coast_speed_mph": 0.0}, "geometry": {"type": "Point", "coordinates": [-122.11002, 37.53593]}}, {"id": "1319", "type": "Feature", "properties": {"name": "Some South Bay", "step": 1319, "lat": 37.53575, "lon": -122.10971, "elevation_m": 3.8, "time": null, "elevation_f": 12.467191999999999, "step_elevation_m": 0.0, "step_elevation_f": 0.0, "step_dist_m": 33.878556067630676, "step_dist_f": 111.15012188892543, "step_grade": 0.0, "step_turn": 11.578020912358681, "coast_speed_mps": 0.0, "coast_speed_mph": 0.0}, "geometry": {"type": "Point", "coordinates": [-122.10971, 37.53575]}}, {"id": "1320", "type": "Feature", "properties": {"name": "Some South Bay", "step": 1320, "lat": 37.53554, "lon": -122.10938, "elevation_m": 3.8, "time": null, "elevation_f": 12.467191999999999, "step_elevation_m": 0.0, "step_elevation_f": 0.0, "step_dist_m": 37.30871419002649, "step_dist_f": 122.40392186320652, "step_grade": 0.0, "step_turn": 2.534072549429993, "coast_speed_mps": 0.0, "coast_speed_mph": 0.0}, "geometry": {"type": "Point", "coordinates": [-122.10938, 37.53554]}}, {"id": "1321", "type": "Feature", "properties": {"name": "Some South Bay", "step": 1321, "lat": 37.53532, "lon": -122.10911, "elevation_m": 3.8, "time": null, "elevation_f": 12.467191999999999, "step_elevation_m": 0.0, "step_elevation_f": 0.0, "step_dist_m": 34.135285686580474, "step_dist_f": 111.99241069196069, "step_grade": 0.0, "step_turn": 7.031084225522648, "coast_speed_mps": 0.0, "coast_speed_mph": 0.0}, "geometry": {"type": "Point", "coordinates": [-122.10911, 37.53532]}}, {"id": "1322", "type": "Feature", "properties": {"name": "Some South Bay", "step": 1322, "lat": 37.5351, "lon": -122.10891, "elevation_m": 3.8, "time": null, "elevation_f": 12.467191999999999, "step_elevation_m": 0.0, "step_elevation_f": 0.0, "step_dist_m": 30.15671875606178, "step_dist_f": 98.93936916363774, "step_grade": 0.0, "step_turn": 8.43438115873488, "coast_speed_mps": 0.0, "coast_speed_mph": 0.0}, "geometry": {"type": "Point", "coordinates": [-122.10891, 37.5351]}}, {"id": "1323", "type": "Feature", "properties": {"name": "Some South Bay", "step": 1323, "lat": 37.5349, "lon": -122.10875, "elevation_m": 3.8, "time": null, "elevation_f": 12.467191999999999, "step_elevation_m": 0.0, "step_elevation_f": 0.0, "step_dist_m": 26.33648399043672, "step_dist_f": 86.4057901351844, "step_grade": 0.0, "step_turn": 3.397040535166525, "coast_speed_mps": 0.0, "coast_speed_mph": 0.0}, "geometry": {"type": "Point", "coordinates": [-122.10875, 37.5349]}}, {"id": "1324", "type": "Feature", "properties": {"name": "Some South Bay", "step": 1324, "lat": 37.53466, "lon": -122.10857, "elevation_m": 3.8, "time": null, "elevation_f": 12.467191999999999, "step_elevation_m": 0.0, "step_elevation_f": 0.0, "step_dist_m": 31.049850385822886, "step_dist_f": 101.86959113982316, "step_grade": 0.0, "step_turn": 1.6488782738728105, "coast_speed_mps": 0.0, "coast_speed_mph": 0.0}, "geometry": {"type": "Point", "coordinates": [-122.10857, 37.53466]}}, {"id": "1325", "type": "Feature", "properties": {"name": "Some South Bay", "step": 1325, "lat": 37.53444, "lon": -122.10846, "elevation_m": 3.8, "time": null, "elevation_f": 12.467191999999999, "step_elevation_m": 0.0, "step_elevation_f": 0.0, "step_dist_m": 26.315591183479434, "step_dist_f": 86.33724417840666, "step_grade": 0.0, "step_turn": 9.113586285556948, "coast_speed_mps": 0.0, "coast_speed_mph": 0.0}, "geometry": {"type": "Point", "coordinates": [-122.10846, 37.53444]}}, {"id": "1326", "type": "Feature", "properties": {"name": "Some South Bay", "step": 1326, "lat": 37.53419, "lon": -122.10835, "elevation_m": 3.8, "time": null, "elevation_f": 12.467191999999999, "step_elevation_m": 0.0, "step_elevation_f": 0.0, "step_dist_m": 29.442277889483343, "step_dist_f": 96.59540299093253, "step_grade": 0.0, "step_turn": 2.3933368427547066, "coast_speed_mps": 0.0, "coast_speed_mph": 0.0}, "geometry": {"type": "Point", "coordinates": [-122.10835, 37.53419]}}, {"id": "1327", "type": "Feature", "properties": {"name": "Some South Bay", "step": 1327, "lat": 37.53364, "lon": -122.10814, "elevation_m": 3.8, "time": null, "elevation_f": 12.467191999999999, "step_elevation_m": 0.0, "step_elevation_f": 0.0, "step_dist_m": 63.89904684351443, "step_dist_f": 209.64254884607587, "step_grade": 0.0, "step_turn": 2.389399639868998, "coast_speed_mps": 0.0, "coast_speed_mph": 0.0}, "geometry": {"type": "Point", "coordinates": [-122.10814, 37.53364]}}, {"id": "1328", "type": "Feature", "properties": {"name": "Some South Bay", "step": 1328, "lat": 37.53352, "lon": -122.10811, "elevation_m": 3.8, "time": null, "elevation_f": 12.467191999999999, "step_elevation_m": 0.0, "step_elevation_f": 0.0, "step_dist_m": 13.603079871765226, "step_dist_f": 44.62952856648222, "step_grade": 0.0, "step_turn": 5.631830240768636, "coast_speed_mps": 0.0, "coast_speed_mph": 0.0}, "geometry": {"type": "Point", "coordinates": [-122.10811, 37.53352]}}, {"id": "1329", "type": "Feature", "properties": {"name": "Some South Bay", "step": 1329, "lat": 37.53343, "lon": -122.10813, "elevation_m": 3.8, "time": null, "elevation_f": 12.467191999999999, "step_elevation_m": 0.0, "step_elevation_f": 0.0, "step_dist_m": 10.161742939935207, "step_dist_f": 33.33905270705703, "step_grade": 0.0, "step_turn": 21.20760308745173, "coast_speed_mps": 0.0, "coast_speed_mph": 0.0}, "geometry": {"type": "Point", "coordinates": [-122.10813, 37.53343]}}, {"id": "1330", "type": "Feature", "properties": {"name": "Some South Bay", "step": 1330, "lat": 37.53339, "lon": -122.1082, "elevation_m": 3.8, "time": null, "elevation_f": 12.467191999999999, "step_elevation_m": 0.0, "step_elevation_f": 0.0, "step_dist_m": 7.607997451796882, "step_dist_f": 24.96062235975328, "step_grade": 0.0, "step_turn": 44.22962861524189, "coast_speed_mps": 0.0, "coast_speed_mph": 0.0}, "geometry": {"type": "Point", "coordinates": [-122.1082, 37.53339]}}, {"id": "1331", "type": "Feature", "properties": {"name": "Some South Bay", "step": 1331, "lat": 37.53325, "lon": -122.10877, "elevation_m": 3.8, "time": null, "elevation_f": 12.467191999999999, "step_elevation_m": 0.0, "step_elevation_f": 0.0, "step_dist_m": 52.616778979848085, "step_dist_f": 172.62723314824478, "step_grade": 0.0, "step_turn": 18.56717475277543, "coast_speed_mps": 0.0, "coast_speed_mph": 0.0}, "geometry": {"type": "Point", "coordinates": [-122.10877, 37.53325]}}, {"id": "1332", "type": "Feature", "properties": {"name": "Some South Bay", "step": 1332, "lat": 37.53314, "lon": -122.10943, "elevation_m": 3.7, "time": null, "elevation_f": 12.139108, "step_elevation_m": -0.09999999999999964, "step_elevation_f": -0.3280839999999987, "step_dist_m": 59.468703798202064, "step_dist_f": 195.10730216929326, "step_grade": -0.0016815567451971768, "step_turn": 5.340014656558765, "coast_speed_mps": 0.0, "coast_speed_mph": 0.0}, "geometry": {"type": "Point", "coordinates": [-122.10943, 37.53314]}}, {"id": "1333", "type": "Feature", "properties": {"name": "Some South Bay", "step": 1333, "lat": 37.53302, "lon": -122.1101, "elevation_m": 3.7, "time": null, "elevation_f": 12.139108, "step_elevation_m": 0.0, "step_elevation_f": 0.0, "step_dist_m": 60.56720926199255, "step_dist_f": 198.71132283511565, "step_grade": 0.0, "step_turn": 0.8578441841883091, "coast_speed_mps": 0.0, "coast_speed_mph": 0.0}, "geometry": {"type": "Point", "coordinates": [-122.1101, 37.53302]}}, {"id": "1334", "type": "Feature", "properties": {"name": "Some South Bay", "step": 1334, "lat": 37.53298, "lon": -122.1102, "elevation_m": 3.7, "time": null, "elevation_f": 12.139108, "step_elevation_m": 0.0, "step_elevation_f": 0.0, "step_dist_m": 9.87604458679412, "step_dist_f": 32.40172212213762, "step_grade": 0.0, "step_turn": 14.040021754612667, "coast_speed_mps": 0.0, "coast_speed_mph": 0.0}, "geometry": {"type": "Point", "coordinates": [-122.1102, 37.53298]}}, {"id": "1335", "type": "Feature", "properties": {"name": "Some South Bay", "step": 1335, "lat": 37.53291, "lon": -122.11031, "elevation_m": 3.7, "time": null, "elevation_f": 12.139108, "step_elevation_m": 0.0, "step_elevation_f": 0.0, "step_dist_m": 12.436511938648247, "step_dist_f": 40.80220582879471, "step_grade": 0.0, "step_turn": 11.979174937588027, "coast_speed_mps": 0.0, "coast_speed_mph": 0.0}, "geometry": {"type": "Point", "coordinates": [-122.11031, 37.53291]}}, {"id": "1336", "type": "Feature", "properties": {"name": "Some South Bay", "step": 1336, "lat": 37.5328, "lon": -122.11043, "elevation_m": 3.8, "time": null, "elevation_f": 12.467191999999999, "step_elevation_m": 0.09999999999999964, "step_elevation_f": 0.3280839999999987, "step_dist_m": 16.173232283693224, "step_dist_f": 53.061787405632074, "step_grade": 0.006183055943667201, "step_turn": 10.390962590991961, "coast_speed_mps": 0.0, "coast_speed_mph": 0.0}, "geometry": {"type": "Point", "coordinates": [-122.11043, 37.5328]}}, {"id": "1337", "type": "Feature", "properties": {"name": "Some South Bay", "step": 1337, "lat": 37.53251, "lon": -122.11072, "elevation_m": 3.8, "time": null, "elevation_f": 12.467191999999999, "step_elevation_m": 0.0, "step_elevation_f": 0.0, "step_dist_m": 41.155199001412704, "step_dist_f": 135.02362309179486, "step_grade": 0.0, "step_turn": 2.448243844760526, "coast_speed_mps": 0.0, "coast_speed_mph": 0.0}, "geometry": {"type": "Point", "coordinates": [-122.11072, 37.53251]}}, {"id": "1338", "type": "Feature", "properties": {"name": "Some South Bay", "step": 1338, "lat": 37.53234, "lon": -122.11088, "elevation_m": 3.8, "time": null, "elevation_f": 12.467191999999999, "step_elevation_m": 0.0, "step_elevation_f": 0.0, "step_dist_m": 23.587714471611914, "step_dist_f": 77.38751714704323, "step_grade": 0.0, "step_turn": 1.6784466925994366, "coast_speed_mps": 0.0, "coast_speed_mph": 0.0}, "geometry": {"type": "Point", "coordinates": [-122.11088, 37.53234]}}, {"id": "1339", "type": "Feature", "properties": {"name": "Some South Bay", "step": 1339, "lat": 37.53199, "lon": -122.11111, "elevation_m": 3.8, "time": null, "elevation_f": 12.467191999999999, "step_elevation_m": 0.0, "step_elevation_f": 0.0, "step_dist_m": 43.88567714107101, "step_dist_f": 143.9818849915114, "step_grade": 0.0, "step_turn": 9.211205160796652, "coast_speed_mps": 0.0, "coast_speed_mph": 0.0}, "geometry": {"type": "Point", "coordinates": [-122.11111, 37.53199]}}, {"id": "1340", "type": "Feature", "properties": {"name": "Some South Bay", "step": 1340, "lat": 37.53175, "lon": -122.11125, "elevation_m": 3.8, "time": null, "elevation_f": 12.467191999999999, "step_elevation_m": 0.0, "step_elevation_f": 0.0, "step_dist_m": 29.403835703800226, "step_dist_f": 96.46928033045593, "step_grade": 0.0, "step_turn": 2.7001540321954565, "coast_speed_mps": 0.0, "coast_speed_mph": 0.0}, "geometry": {"type": "Point", "coordinates": [-122.11125, 37.53175]}}, {"id": "1341", "type": "Feature", "properties": {"name": "Some South Bay", "step": 1341, "lat": 37.53141, "lon": -122.11137, "elevation_m": 3.8, "time": null, "elevation_f": 12.467191999999999, "step_elevation_m": 0.0, "step_elevation_f": 0.0, "step_dist_m": 39.25918405697816, "step_dist_f": 128.80310142149622, "step_grade": 0.0, "step_turn": 9.188555318910915, "coast_speed_mps": 0.0, "coast_speed_mph": 0.0}, "geometry": {"type": "Point", "coordinates": [-122.11137, 37.53141]}}, {"id": "1342", "type": "Feature", "properties": {"name": "Some South Bay", "step": 1342, "lat": 37.53116, "lon": -122.11151, "elevation_m": 3.8, "time": null, "elevation_f": 12.467191999999999, "step_elevation_m": 0.0, "step_elevation_f": 0.0, "step_dist_m": 30.416657809774343, "step_dist_f": 99.79218760862005, "step_grade": 0.0, "step_turn": 8.309286641278561, "coast_speed_mps": 0.0, "coast_speed_mph": 0.0}, "geometry": {"type": "Point", "coordinates": [-122.11151, 37.53116]}}, {"id": "1343", "type": "Feature", "properties": {"name": "Some South Bay", "step": 1343, "lat": 37.53095, "lon": -122.11167, "elevation_m": 3.8, "time": null, "elevation_f": 12.467191999999999, "step_elevation_m": 0.0, "step_elevation_f": 0.0, "step_dist_m": 27.28232256884815, "step_dist_f": 89.50893517677977, "step_grade": 0.0, "step_turn": 7.195114156086163, "coast_speed_mps": 0.0, "coast_speed_mph": 0.0}, "geometry": {"type": "Point", "coordinates": [-122.11167, 37.53095]}}, {"id": "1344", "type": "Feature", "properties": {"name": "Some South Bay", "step": 1344, "lat": 37.53081, "lon": -122.11175, "elevation_m": 3.8, "time": null, "elevation_f": 12.467191999999999, "step_elevation_m": 0.0, "step_elevation_f": 0.0, "step_dist_m": 17.091093810208562, "step_dist_f": 56.07314421628466, "step_grade": 0.0, "step_turn": 6.762740254946465, "coast_speed_mps": 0.0, "coast_speed_mph": 0.0}, "geometry": {"type": "Point", "coordinates": [-122.11175, 37.53081]}}, {"id": "1345", "type": "Feature", "properties": {"name": "Some South Bay", "step": 1345, "lat": 37.53024, "lon": -122.11198, "elevation_m": 3.8, "time": null, "elevation_f": 12.467191999999999, "step_elevation_m": 0.0, "step_elevation_f": 0.0, "step_dist_m": 66.54703177235434, "step_dist_f": 218.33016372001103, "step_grade": 0.0, "step_turn": 6.633588381041079, "coast_speed_mps": 0.0, "coast_speed_mph": 0.0}, "geometry": {"type": "Point", "coordinates": [-122.11198, 37.53024]}}, {"id": "1346", "type": "Feature", "properties": {"name": "Some South Bay", "step": 1346, "lat": 37.53014, "lon": -122.11202, "elevation_m": 3.8, "time": null, "elevation_f": 12.467191999999999, "step_elevation_m": 0.0, "step_elevation_f": 0.0, "step_dist_m": 11.665530070114974, "step_dist_f": 38.27273767523601, "step_grade": 0.0, "step_turn": 0.14472053312888988, "coast_speed_mps": 0.0, "coast_speed_mph": 0.0}, "geometry": {"type": "Point", "coordinates": [-122.11202, 37.53014]}}, {"id": "1347", "type": "Feature", "properties": {"name": "Some South Bay", "step": 1347, "lat": 37.53006, "lon": -122.11202, "elevation_m": 3.8, "time": null, "elevation_f": 12.467191999999999, "step_elevation_m": 0.0, "step_elevation_f": 0.0, "step_dist_m": 8.895594132079076, "step_dist_f": 29.185021052290313, "step_grade": 0.0, "step_turn": 17.599715475269136, "coast_speed_mps": 0.0, "coast_speed_mph": 0.0}, "geometry": {"type": "Point", "coordinates": [-122.11202, 37.53006]}}, {"id": "1348", "type": "Feature", "properties": {"name": "Some South Bay", "step": 1348, "lat": 37.52951, "lon": -122.11183, "elevation_m": 3.8, "time": null, "elevation_f": 12.467191999999999, "step_elevation_m": 0.0, "step_elevation_f": 0.0, "step_dist_m": 63.41070977643231, "step_dist_f": 208.0403930629102, "step_grade": 0.0, "step_turn": 15.320798061976348, "coast_speed_mps": 0.0, "coast_speed_mph": 0.0}, "geometry": {"type": "Point", "coordinates": [-122.11183, 37.52951]}}, {"id": "1349", "type": "Feature", "properties": {"name": "Some South Bay", "step": 1349, "lat": 37.52897, "lon": -122.11164, "elevation_m": 3.8, "time": null, "elevation_f": 12.467191999999999, "step_elevation_m": 0.0, "step_elevation_f": 0.0, "step_dist_m": 62.33900238907301, "step_dist_f": 204.52429259816628, "step_grade": 0.0, "step_turn": 0.2701426394933151, "coast_speed_mps": 0.0, "coast_speed_mph": 0.0}, "geometry": {"type": "Point", "coordinates": [-122.11164, 37.52897]}}, {"id": "1350", "type": "Feature", "properties": {"name": "Some South Bay", "step": 1350, "lat": 37.52843, "lon": -122.11153, "elevation_m": 3.8, "time": null, "elevation_f": 12.467191999999999, "step_elevation_m": 0.0, "step_elevation_f": 0.0, "step_dist_m": 60.8237265105892, "step_dist_f": 199.55291488500148, "step_grade": 0.0, "step_turn": 6.414233936592609, "coast_speed_mps": 0.0, "coast_speed_mph": 0.0}, "geometry": {"type": "Point", "coordinates": [-122.11153, 37.52843]}}, {"id": "1351", "type": "Feature", "properties": {"name": "Some South Bay", "step": 1351, "lat": 37.52756, "lon": -122.11129, "elevation_m": 3.8, "time": null, "elevation_f": 12.467191999999999, "step_elevation_m": 0.0, "step_elevation_f": 0.0, "step_dist_m": 99.02760718745597, "step_dist_f": 324.89373476489305, "step_grade": 0.0, "step_turn": 3.1637666891781464, "coast_speed_mps": 0.0, "coast_speed_mph": 0.0}, "geometry": {"type": "Point", "coordinates": [-122.11129, 37.52756]}}, {"id": "1352", "type": "Feature", "properties": {"name": "Some South Bay", "step": 1352, "lat": 37.52669, "lon": -122.11105, "elevation_m": 3.8, "time": null, "elevation_f": 12.467191999999999, "step_elevation_m": 0.0, "step_elevation_f": 0.0, "step_dist_m": 99.02765994131288, "step_dist_f": 324.89390784185696, "step_grade": 0.0, "step_turn": 0.00013951390462807467, "coast_speed_mps": 0.0, "coast_speed_mph": 0.0}, "geometry": {"type": "Point", "coordinates": [-122.11105, 37.52669]}}, {"id": "1353", "type": "Feature", "properties": {"name": "Some South Bay", "step": 1353, "lat": 37.52581, "lon": -122.11081, "elevation_m": 3.8, "time": null, "elevation_f": 12.467191999999999, "step_elevation_m": 0.0, "step_elevation_f": 0.0, "step_dist_m": 100.11425171654463, "step_dist_f": 328.4588416017083, "step_grade": 0.0, "step_turn": 0.13586800529162701, "coast_speed_mps": 0.0, "coast_speed_mph": 0.0}, "geometry": {"type": "Point", "coordinates": [-122.11081, 37.52581]}}, {"id": "1354", "type": "Feature", "properties": {"name": "Some South Bay", "step": 1354, "lat": 37.52566, "lon": -122.1108, "elevation_m": 3.8, "time": null, "elevation_f": 12.467191999999999, "step_elevation_m": 0.0, "step_elevation_f": 0.0, "step_dist_m": 16.70253569288821, "step_dist_f": 54.79834720265535, "step_grade": 0.0, "step_turn": 9.178218175868324, "coast_speed_mps": 0.0, "coast_speed_mph": 0.0}, "geometry": {"type": "Point", "coordinates": [-122.1108, 37.52566]}}, {"id": "1355", "type": "Feature", "properties": {"name": "Some South Bay", "step": 1355, "lat": 37.52551, "lon": -122.11078, "elevation_m": 3.8, "time": null, "elevation_f": 12.467191999999999, "step_elevation_m": 0.0, "step_elevation_f": 0.0, "step_dist_m": 16.772231999358183, "step_dist_f": 55.0270096327743, "step_grade": 0.0, "step_turn": 3.009742945073981, "coast_speed_mps": 0.0, "coast_speed_mph": 0.0}, "geometry": {"type": "Point", "coordinates": [-122.11078, 37.52551]}}, {"id": "1356", "type": "Feature", "properties": {"name": "Some South Bay", "step": 1356, "lat": 37.52524, "lon": -122.11066, "elevation_m": 3.8, "time": null, "elevation_f": 12.467191999999999, "step_elevation_m": 0.0, "step_elevation_f": 0.0, "step_dist_m": 31.833096813166566, "step_dist_f": 104.4392973485094, "step_grade": 0.0, "step_turn": 13.380384494694454, "coast_speed_mps": 0.0, "coast_speed_mph": 0.0}, "geometry": {"type": "Point", "coordinates": [-122.11066, 37.52524]}}, {"id": "1357", "type": "Feature", "properties": {"name": "Some South Bay", "step": 1357, "lat": 37.52496, "lon": -122.1106, "elevation_m": 3.8, "time": null, "elevation_f": 12.467191999999999, "step_elevation_m": 0.0, "step_elevation_f": 0.0, "step_dist_m": 31.580993916473442, "step_dist_f": 103.61218808092273, "step_grade": 0.0, "step_turn": 9.771535132925692, "coast_speed_mps": 0.0, "coast_speed_mph": 0.0}, "geometry": {"type": "Point", "coordinates": [-122.1106, 37.52496]}}, {"id": "1358", "type": "Feature", "properties": {"name": "Some South Bay", "step": 1358, "lat": 37.52455, "lon": -122.11056, "elevation_m": 3.8, "time": null, "elevation_f": 12.467191999999999, "step_elevation_m": 0.0, "step_elevation_f": 0.0, "step_dist_m": 45.72618600509114, "step_dist_f": 150.02030009294322, "step_grade": 0.0, "step_turn": 5.220680940061811, "coast_speed_mps": 0.0, "coast_speed_mph": 0.0}, "geometry": {"type": "Point", "coordinates": [-122.11056, 37.52455]}}, {"id": "1359", "type": "Feature", "properties": {"name": "Some South Bay", "step": 1359, "lat": 37.52425, "lon": -122.11051, "elevation_m": 3.8, "time": null, "elevation_f": 12.467191999999999, "step_elevation_m": 0.0, "step_elevation_f": 0.0, "step_dist_m": 33.64863854901163, "step_dist_f": 110.3957992971393, "step_grade": 0.0, "step_turn": 3.105415373215351, "coast_speed_mps": 0.0, "coast_speed_mph": 0.0}, "geometry": {"type": "Point", "coordinates": [-122.11051, 37.52425]}}, {"id": "1360", "type": "Feature", "properties": {"name": "Some South Bay", "step": 1360, "lat": 37.52349, "lon": -122.11044, "elevation_m": 3.8, "time": null, "elevation_f": 12.467191999999999, "step_elevation_m": 0.0, "step_elevation_f": 0.0, "step_dist_m": 84.73331645628014, "step_dist_f": 277.9964539624221, "step_grade": 0.0, "step_turn": 3.3518735199688763, "coast_speed_mps": 0.0, "coast_speed_mph": 0.0}, "geometry": {"type": "Point", "coordinates": [-122.11044, 37.52349]}}, {"id": "1361", "type": "Feature", "properties": {"name": "Some South Bay", "step": 1361, "lat": 37.52266, "lon": -122.11036, "elevation_m": 3.8, "time": null, "elevation_f": 12.467191999999999, "step_elevation_m": 0.0, "step_elevation_f": 0.0, "step_dist_m": 92.56105947407771, "step_dist_f": 303.6780263649331, "step_grade": 0.0, "step_turn": 0.19346991327029173, "coast_speed_mps": 0.0, "coast_speed_mph": 0.0}, "geometry": {"type": "Point", "coordinates": [-122.11036, 37.52266]}}, {"id": "1362", "type": "Feature", "properties": {"name": "Some South Bay", "step": 1362, "lat": 37.52182, "lon": -122.11027, "elevation_m": 3.8, "time": null, "elevation_f": 12.467191999999999, "step_elevation_m": 0.0, "step_elevation_f": 0.0, "step_dist_m": 93.7403687617564, "step_dist_f": 307.54715144832085, "step_grade": 0.0, "step_turn": 0.4857217924085262, "coast_speed_mps": 0.0, "coast_speed_mph": 0.0}, "geometry": {"type": "Point", "coordinates": [-122.11027, 37.52182]}}, {"id": "1363", "type": "Feature", "properties": {"name": "Some South Bay", "step": 1363, "lat": 37.52099, "lon": -122.11019, "elevation_m": 3.8, "time": null, "elevation_f": 12.467191999999999, "step_elevation_m": 0.0, "step_elevation_f": 0.0, "step_dist_m": 92.56107151128019, "step_dist_f": 303.6780658570685, "step_grade": 0.0, "step_turn": 0.4856243233721216, "coast_speed_mps": 0.0, "coast_speed_mph": 0.0}, "geometry": {"type": "Point", "coordinates": [-122.11019, 37.52099]}}, {"id": "1364", "type": "Feature", "properties": {"name": "Some South Bay", "step": 1364, "lat": 37.52016, "lon": -122.11011, "elevation_m": 3.8, "time": null, "elevation_f": 12.467191999999999, "step_elevation_m": 0.0, "step_elevation_f": 0.0, "step_dist_m": 92.56107749351554, "step_dist_f": 303.6780854838255, "step_grade": 0.0, "step_turn": 4.8439210900141916e-05, "coast_speed_mps": 0.0, "coast_speed_mph": 0.0}, "geometry": {"type": "Point", "coordinates": [-122.11011, 37.52016]}}, {"id": "1365", "type": "Feature", "properties": {"name": "Some South Bay", "step": 1365, "lat": 37.51932, "lon": -122.11003, "elevation_m": 3.8, "time": null, "elevation_f": 12.467191999999999, "step_elevation_m": 0.0, "step_elevation_f": 0.0, "step_dist_m": 93.66983605413829, "step_dist_f": 307.31574491985907, "step_grade": 0.0, "step_turn": 0.051796190244658646, "coast_speed_mps": 0.0, "coast_speed_mph": 0.0}, "geometry": {"type": "Point", "coordinates": [-122.11003, 37.51932]}}, {"id": "1366", "type": "Feature", "properties": {"name": "Some South Bay", "step": 1366, "lat": 37.51849, "lon": -122.10994, "elevation_m": 3.8, "time": null, "elevation_f": 12.467191999999999, "step_elevation_m": 0.0, "step_elevation_f": 0.0, "step_dist_m": 92.63249085366164, "step_dist_f": 303.91238129232727, "step_grade": 0.0, "step_turn": 0.5958254979847197, "coast_speed_mps": 0.0, "coast_speed_mph": 0.0}, "geometry": {"type": "Point", "coordinates": [-122.10994, 37.51849]}}, {"id": "1367", "type": "Feature", "properties": {"name": "Some South Bay", "step": 1367, "lat": 37.51763, "lon": -122.10986, "elevation_m": 3.8, "time": null, "elevation_f": 12.467191999999999, "step_elevation_m": 0.0, "step_elevation_f": 0.0, "step_dist_m": 95.8875749322348, "step_dist_f": 314.59179134067324, "step_grade": 0.0, "step_turn": 0.6958235679927611, "coast_speed_mps": 0.0, "coast_speed_mph": 0.0}, "geometry": {"type": "Point", "coordinates": [-122.10986, 37.51763]}}, {"id": "1368", "type": "Feature", "properties": {"name": "Some South Bay", "step": 1368, "lat": 37.51677, "lon": -122.10978, "elevation_m": 3.8, "time": null, "elevation_f": 12.467191999999999, "step_elevation_m": 0.0, "step_elevation_f": 0.0, "step_dist_m": 95.88758091477337, "step_dist_f": 314.591810968425, "step_grade": 0.0, "step_turn": 4.845483510962367e-05, "coast_speed_mps": 0.0, "coast_speed_mph": 0.0}, "geometry": {"type": "Point", "coordinates": [-122.10978, 37.51677]}}, {"id": "1369", "type": "Feature", "properties": {"name": "Some South Bay", "step": 1369, "lat": 37.51653, "lon": -122.10978, "elevation_m": 3.8, "time": null, "elevation_f": 12.467191999999999, "step_elevation_m": 0.0, "step_elevation_f": 0.0, "step_dist_m": 26.686782394822583, "step_dist_f": 87.55506315222972, "step_grade": 0.0, "step_turn": 4.2198500229272895, "coast_speed_mps": 0.0, "coast_speed_mph": 0.0}, "geometry": {"type": "Point", "coordinates": [-122.10978, 37.51653]}}, {"id": "1370", "type": "Feature", "properties": {"name": "Some South Bay", "step": 1370, "lat": 37.51617, "lon": -122.10981, "elevation_m": 3.8, "time": null, "elevation_f": 12.467191999999999, "step_elevation_m": 0.0, "step_elevation_f": 0.0, "step_dist_m": 40.11752390502324, "step_dist_f": 131.61917712855646, "step_grade": 0.0, "step_turn": 3.781661787441408, "coast_speed_mps": 0.0, "coast_speed_mph": 0.0}, "geometry": {"type": "Point", "coordinates": [-122.10981, 37.51617]}}, {"id": "1371", "type": "Feature", "properties": {"name": "Some South Bay", "step": 1371, "lat": 37.51574, "lon": -122.10982, "elevation_m": 3.8, "time": null, "elevation_f": 12.467191999999999, "step_elevation_m": 0.0, "step_elevation_f": 0.0, "step_dist_m": 47.821952327673344, "step_dist_f": 156.8961740747238, "step_grade": 0.0, "step_turn": 2.7248929254801055, "coast_speed_mps": 0.0, "coast_speed_mph": 0.0}, "geometry": {"type": "Point", "coordinates": [-122.10982, 37.51574]}}, {"id": "1372", "type": "Feature", "properties": {"name": "Some South Bay", "step": 1372, "lat": 37.51543, "lon": -122.10984, "elevation_m": 3.8, "time": null, "elevation_f": 12.467191999999999, "step_elevation_m": 0.0, "step_elevation_f": 0.0, "step_dist_m": 34.515531896998645, "step_dist_f": 113.23993766894904, "step_grade": 0.0, "step_turn": 1.8727017899945224, "coast_speed_mps": 0.0, "coast_speed_mph": 0.0}, "geometry": {"type": "Point", "coordinates": [-122.10984, 37.51543]}}, {"id": "1373", "type": "Feature", "properties": {"name": "Some South Bay", "step": 1373, "lat": 37.51471, "lon": -122.10988, "elevation_m": 3.8, "time": null, "elevation_f": 12.467191999999999, "step_elevation_m": 0.0, "step_elevation_f": 0.0, "step_dist_m": 80.13804158924118, "step_dist_f": 262.920092367646, "step_grade": 0.0, "step_turn": 0.4062784724722519, "coast_speed_mps": 0.0, "coast_speed_mph": 0.0}, "geometry": {"type": "Point", "coordinates": [-122.10988, 37.51471]}}, {"id": "1374", "type": "Feature", "properties": {"name": "Some South Bay", "step": 1374, "lat": 37.51398, "lon": -122.10991, "elevation_m": 3.8, "time": null, "elevation_f": 12.467191999999999, "step_elevation_m": 0.0, "step_elevation_f": 0.0, "step_dist_m": 81.21541118419631, "step_dist_f": 266.45476962955865, "step_grade": 0.0, "step_turn": 0.6561565876810391, "coast_speed_mps": 0.0, "coast_speed_mph": 0.0}, "geometry": {"type": "Point", "coordinates": [-122.10991, 37.51398]}}, {"id": "1375", "type": "Feature", "properties": {"name": "Some South Bay", "step": 1375, "lat": 37.51326, "lon": -122.10994, "elevation_m": 3.7, "time": null, "elevation_f": 12.139108, "step_elevation_m": -0.09999999999999964, "step_elevation_f": -0.3280839999999987, "step_dist_m": 80.10406125637743, "step_dist_f": 262.80860833237335, "step_grade": -0.0012483761551108398, "step_turn": 0.025930560669621627, "coast_speed_mps": 0.0, "coast_speed_mph": 0.0}, "geometry": {"type": "Point", "coordinates": [-122.10994, 37.51326]}}, {"id": "1376", "type": "Feature", "properties": {"name": "Some South Bay", "step": 1376, "lat": 37.51301, "lon": -122.10992, "elevation_m": 3.1, "time": null, "elevation_f": 10.170604, "step_elevation_m": -0.6000000000000001, "step_elevation_f": -1.9685039999999994, "step_dist_m": 27.854645446687126, "step_dist_f": 91.38663496730899, "step_grade": -0.021540392648270477, "step_turn": 5.523927812592348, "coast_speed_mps": 2.2382483828240023, "coast_speed_mph": 5.006819038171081}, "geometry": {"type": "Point", "coordinates": [-122.10992, 37.51301]}}, {"id": "1377", "type": "Feature", "properties": {"name": "Some South Bay", "step": 1377, "lat": 37.51296, "lon": -122.10987, "elevation_m": 3.1, "time": null, "elevation_f": 10.170604, "step_elevation_m": 0.0, "step_elevation_f": 0.0, "step_dist_m": 7.096446367859071, "step_dist_f": 23.282305101526752, "step_grade": 0.0, "step_turn": 34.79104470873841, "coast_speed_mps": 2.4563004954363645, "coast_speed_mph": 5.494587722432806}, "geometry": {"type": "Point", "coordinates": [-122.10987, 37.51296]}}, {"id": "1378", "type": "Feature", "properties": {"name": "Some South Bay", "step": 1378, "lat": 37.51278, "lon": -122.1097, "elevation_m": 2.4, "time": null, "elevation_f": 7.874015999999999, "step_elevation_m": -0.7000000000000002, "step_elevation_f": -2.2965880000000016, "step_dist_m": 25.0086423875825, "step_dist_f": 82.04935429087617, "step_grade": -0.027990323870901924, "step_turn": 1.5832756409422473, "coast_speed_mps": 3.8431364089681535, "coast_speed_mph": 8.596851308536483}, "geometry": {"type": "Point", "coordinates": [-122.1097, 37.51278]}}, {"id": "1379", "type": "Feature", "properties": {"name": "Some South Bay", "step": 1379, "lat": 37.5126, "lon": -122.10943, "elevation_m": 2.3, "time": null, "elevation_f": 7.545932, "step_elevation_m": -0.10000000000000009, "step_elevation_f": -0.3280839999999996, "step_dist_m": 31.108429206744994, "step_dist_f": 102.06177887865725, "step_grade": -0.003214562822680802, "step_turn": 13.115716966784817, "coast_speed_mps": 2.8731563589166704, "coast_speed_mph": 6.427067732007577}, "geometry": {"type": "Point", "coordinates": [-122.10943, 37.5126]}}, {"id": "1380", "type": "Feature", "properties": {"name": "Some South Bay", "step": 1380, "lat": 37.51257, "lon": -122.10937, "elevation_m": 2.3, "time": null, "elevation_f": 7.545932, "step_elevation_m": 0.0, "step_elevation_f": 0.0, "step_dist_m": 6.255750323224285, "step_dist_f": 20.524115890447163, "step_grade": 0.0, "step_turn": 7.820598463719591, "coast_speed_mps": 2.6897211323683434, "coast_speed_mph": 6.016734816500404}, "geometry": {"type": "Point", "coordinates": [-122.10937, 37.51257]}}, {"id": "1381", "type": "Feature", "properties": {"name": "Some South Bay", "step": 1381, "lat": 37.51247, "lon": -122.10921, "elevation_m": 2.3, "time": null, "elevation_f": 7.545932, "step_elevation_m": 0.0, "step_elevation_f": 0.0, "step_dist_m": 17.96666417702179, "step_dist_f": 58.94575049854017, "step_grade": 0.0, "step_turn": 6.010540785310127, "coast_speed_mps": 1.8683607327371505, "coast_speed_mph": 4.179403929709083}, "geometry": {"type": "Point", "coordinates": [-122.10921, 37.51247]}}, {"id": "1382", "type": "Feature", "properties": {"name": "Some South Bay", "step": 1382, "lat": 37.51323, "lon": -122.10867, "elevation_m": 2.3, "time": null, "elevation_f": 7.545932, "step_elevation_m": 0.0, "step_elevation_f": 0.0, "step_dist_m": 97.00587297320637, "step_dist_f": 318.26074828541437, "step_grade": 0.0, "step_turn": 98.8299901302538, "coast_speed_mps": 0.0, "coast_speed_mph": 0.0}, "geometry": {"type": "Point", "coordinates": [-122.10867, 37.51323]}}, {"id": "1383", "type": "Feature", "properties": {"name": "Some South Bay", "step": 1383, "lat": 37.51399, "lon": -122.10814, "elevation_m": 2.3, "time": null, "elevation_f": 7.545932, "step_elevation_m": 0.0, "step_elevation_f": 0.0, "step_dist_m": 96.57563793013516, "step_dist_f": 316.84921594670465, "step_grade": 0.0, "step_turn": 0.4561088224680816, "coast_speed_mps": 0.0, "coast_speed_mph": 0.0}, "geometry": {"type": "Point", "coordinates": [-122.10814, 37.51399]}}, {"id": "1384", "type": "Feature", "properties": {"name": "Some South Bay", "step": 1384, "lat": 37.51471, "lon": -122.10762, "elevation_m": 2.3, "time": null, "elevation_f": 7.545932, "step_elevation_m": 0.0, "step_elevation_f": 0.0, "step_dist_m": 92.26679468101173, "step_dist_f": 302.71259066125054, "step_grade": 0.0, "step_turn": 0.8574297432711546, "coast_speed_mps": 0.0, "coast_speed_mph": 0.0}, "geometry": {"type": "Point", "coordinates": [-122.10762, 37.51471]}}, {"id": "1385", "type": "Feature", "properties": {"name": "Some South Bay", "step": 1385, "lat": 37.51544, "lon": -122.1071, "elevation_m": 2.3, "time": null, "elevation_f": 7.545932, "step_elevation_m": 0.0, "step_elevation_f": 0.0, "step_dist_m": 93.23305771668032, "step_dist_f": 305.88274507919346, "step_grade": 0.0, "step_turn": 0.3399146978747467, "coast_speed_mps": 0.0, "coast_speed_mph": 0.0}, "geometry": {"type": "Point", "coordinates": [-122.1071, 37.51544]}}, {"id": "1386", "type": "Feature", "properties": {"name": "Some South Bay", "step": 1386, "lat": 37.51616, "lon": -122.10658, "elevation_m": 2.3, "time": null, "elevation_f": 7.545932, "step_elevation_m": 0.0, "step_elevation_f": 0.0, "step_dist_m": 92.26635173269413, "step_dist_f": 302.7111374186922, "step_grade": 0.0, "step_turn": 0.33943453692535286, "coast_speed_mps": 0.0, "coast_speed_mph": 0.0}, "geometry": {"type": "Point", "coordinates": [-122.10658, 37.51616]}}, {"id": "1387", "type": "Feature", "properties": {"name": "Some South Bay", "step": 1387, "lat": 37.51689, "lon": -122.10607, "elevation_m": 2.3, "time": null, "elevation_f": 7.545932, "step_elevation_m": 0.0, "step_elevation_f": 0.0, "step_dist_m": 92.80193949390149, "step_dist_f": 304.4683151691718, "step_grade": 0.0, "step_turn": 0.8140039362006632, "coast_speed_mps": 0.0, "coast_speed_mph": 0.0}, "geometry": {"type": "Point", "coordinates": [-122.10607, 37.51689]}}, {"id": "1388", "type": "Feature", "properties": {"name": "Some South Bay", "step": 1388, "lat": 37.51753, "lon": -122.10562, "elevation_m": 2.3, "time": null, "elevation_f": 7.545932, "step_elevation_m": 0.0, "step_elevation_f": 0.0, "step_dist_m": 81.4837052923448, "step_dist_f": 267.3349996713365, "step_grade": 0.0, "step_turn": 0.1558410809797124, "coast_speed_mps": 0.0, "coast_speed_mph": 0.0}, "geometry": {"type": "Point", "coordinates": [-122.10562, 37.51753]}}, {"id": "1389", "type": "Feature", "properties": {"name": "Some South Bay", "step": 1389, "lat": 37.51816, "lon": -122.10517, "elevation_m": 2.3, "time": null, "elevation_f": 7.545932, "step_elevation_m": 0.0, "step_elevation_f": 0.0, "step_dist_m": 80.51422645549547, "step_dist_f": 264.1542947242478, "step_grade": 0.0, "step_turn": 0.38520765373959875, "coast_speed_mps": 0.0, "coast_speed_mph": 0.0}, "geometry": {"type": "Point", "coordinates": [-122.10517, 37.51816]}}, {"id": "1390", "type": "Feature", "properties": {"name": "Some South Bay", "step": 1390, "lat": 37.51816, "lon": -122.10517, "elevation_m": 2.3, "time": null, "elevation_f": 7.545932, "step_elevation_m": 0.0, "step_elevation_f": 0.0, "step_dist_m": 0.0, "step_dist_f": 0.0, "step_grade": null, "step_turn": null, "coast_speed_mps": 0.0, "coast_speed_mph": 0.0}, "geometry": {"type": "Point", "coordinates": [-122.10517, 37.51816]}}, {"id": "1391", "type": "Feature", "properties": {"name": "Some South Bay", "step": 1391, "lat": 37.51883, "lon": -122.10468, "elevation_m": 2.3, "time": null, "elevation_f": 7.545932, "step_elevation_m": 0.0, "step_elevation_f": 0.0, "step_dist_m": 86.12736943528118, "step_dist_f": 282.57011873804794, "step_grade": 0.0, "step_turn": null, "coast_speed_mps": 0.0, "coast_speed_mph": 0.0}, "geometry": {"type": "Point", "coordinates": [-122.10468, 37.51883]}}, {"id": "1392", "type": "Feature", "properties": {"name": "Some South Bay", "step": 1392, "lat": 37.51951, "lon": -122.10419, "elevation_m": 2.3, "time": null, "elevation_f": 7.545932, "step_elevation_m": 0.0, "step_elevation_f": 0.0, "step_dist_m": 87.09080425452616, "step_dist_f": 285.73099423041964, "step_grade": 0.0, "step_turn": 0.36728258546338566, "coast_speed_mps": 0.0, "coast_speed_mph": 0.0}, "geometry": {"type": "Point", "coordinates": [-122.10419, 37.51951]}}, {"id": "1393", "type": "Feature", "properties": {"name": "Some South Bay", "step": 1393, "lat": 37.52018, "lon": -122.1037, "elevation_m": 2.3, "time": null, "elevation_f": 7.545932, "step_elevation_m": 0.0, "step_elevation_f": 0.0, "step_dist_m": 86.12697713082568, "step_dist_f": 282.56883164989813, "step_grade": 0.0, "step_turn": 0.3668326653603913, "coast_speed_mps": 0.0, "coast_speed_mph": 0.0}, "geometry": {"type": "Point", "coordinates": [-122.1037, 37.52018]}}, {"id": "1394", "type": "Feature", "properties": {"name": "Some South Bay", "step": 1394, "lat": 37.52086, "lon": -122.10322, "elevation_m": 2.3, "time": null, "elevation_f": 7.545932, "step_elevation_m": 0.0, "step_elevation_f": 0.0, "step_dist_m": 86.65618623102846, "step_dist_f": 284.3050820342074, "step_grade": 0.0, "step_turn": 0.8735488609806339, "coast_speed_mps": 0.0, "coast_speed_mph": 0.0}, "geometry": {"type": "Point", "coordinates": [-122.10322, 37.52086]}}, {"id": "1395", "type": "Feature", "properties": {"name": "Some South Bay", "step": 1395, "lat": 37.52121, "lon": -122.10295, "elevation_m": 2.3, "time": null, "elevation_f": 7.545932, "step_elevation_m": 0.0, "step_elevation_f": 0.0, "step_dist_m": 45.624905758404125, "step_dist_f": 149.68801580840258, "step_grade": 0.0, "step_turn": 2.21742296935048, "coast_speed_mps": 0.0, "coast_speed_mph": 0.0}, "geometry": {"type": "Point", "coordinates": [-122.10295, 37.52121]}}, {"id": "1396", "type": "Feature", "properties": {"name": "Some South Bay", "step": 1396, "lat": 37.52168, "lon": -122.10257, "elevation_m": 2.3, "time": null, "elevation_f": 7.545932, "step_elevation_m": 0.0, "step_elevation_f": 0.0, "step_dist_m": 62.08367605718825, "step_dist_f": 203.6866077554655, "step_grade": 0.0, "step_turn": 1.2099167558702675, "coast_speed_mps": 0.0, "coast_speed_mph": 0.0}, "geometry": {"type": "Point", "coordinates": [-122.10257, 37.52168]}}, {"id": "1397", "type": "Feature", "properties": {"name": "Some South Bay", "step": 1397, "lat": 37.52202, "lon": -122.10225, "elevation_m": 2.3, "time": null, "elevation_f": 7.545932, "step_elevation_m": 0.0, "step_elevation_f": 0.0, "step_dist_m": 47.177821842190596, "step_dist_f": 154.7828850127326, "step_grade": 0.0, "step_turn": 4.070104368999978, "coast_speed_mps": 0.0, "coast_speed_mph": 0.0}, "geometry": {"type": "Point", "coordinates": [-122.10225, 37.52202]}}, {"id": "1398", "type": "Feature", "properties": {"name": "Some South Bay", "step": 1398, "lat": 37.52234, "lon": -122.10193, "elevation_m": 2.3, "time": null, "elevation_f": 7.545932, "step_elevation_m": 0.0, "step_elevation_f": 0.0, "step_dist_m": 45.41509566349595, "step_dist_f": 148.99966245662404, "step_grade": 0.0, "step_turn": 1.6784306926251134, "coast_speed_mps": 0.0, "coast_speed_mph": 0.0}, "geometry": {"type": "Point", "coordinates": [-122.10193, 37.52234]}}, {"id": "1399", "type": "Feature", "properties": {"name": "Some South Bay", "step": 1399, "lat": 37.52266, "lon": -122.10159, "elevation_m": 2.3, "time": null, "elevation_f": 7.545932, "step_elevation_m": 0.0, "step_elevation_f": 0.0, "step_dist_m": 46.531574361636004, "step_dist_f": 152.66265042862986, "step_grade": 0.0, "step_turn": 1.701738410936514, "coast_speed_mps": 0.0, "coast_speed_mph": 0.0}, "geometry": {"type": "Point", "coordinates": [-122.10159, 37.52266]}}, {"id": "1400", "type": "Feature", "properties": {"name": "Some South Bay", "step": 1400, "lat": 37.52298, "lon": -122.10123, "elevation_m": 2.3, "time": null, "elevation_f": 7.545932, "step_elevation_m": 0.0, "step_elevation_f": 0.0, "step_dist_m": 47.68714833920243, "step_dist_f": 156.4539037571889, "step_grade": 0.0, "step_turn": 1.6206227797034103, "coast_speed_mps": 0.0, "coast_speed_mph": 0.0}, "geometry": {"type": "Point", "coordinates": [-122.10123, 37.52298]}}, {"id": "1401", "type": "Feature", "properties": {"name": "Some South Bay", "step": 1401, "lat": 37.52359, "lon": -122.10054, "elevation_m": 2.3, "time": null, "elevation_f": 7.545932, "step_elevation_m": 0.0, "step_elevation_f": 0.0, "step_dist_m": 91.12388344417033, "step_dist_f": 298.9628817589718, "step_grade": 0.0, "step_turn": 0.15487973332875526, "coast_speed_mps": 0.0, "coast_speed_mph": 0.0}, "geometry": {"type": "Point", "coordinates": [-122.10054, 37.52359]}}, {"id": "1402", "type": "Feature", "properties": {"name": "Some South Bay", "step": 1402, "lat": 37.52419, "lon": -122.09984, "elevation_m": 2.3, "time": null, "elevation_f": 7.545932, "step_elevation_m": 0.0, "step_elevation_f": 0.0, "step_dist_m": 90.89553057218224, "step_dist_f": 298.21369252243835, "step_grade": 0.0, "step_turn": 0.8816420409913803, "coast_speed_mps": 0.0, "coast_speed_mph": 0.0}, "geometry": {"type": "Point", "coordinates": [-122.09984, 37.52419]}}, {"id": "1403", "type": "Feature", "properties": {"name": "Some South Bay", "step": 1403, "lat": 37.52479, "lon": -122.09914, "elevation_m": 2.3, "time": null, "elevation_f": 7.545932, "step_elevation_m": 0.0, "step_elevation_f": 0.0, "step_dist_m": 90.89519339037942, "step_dist_f": 298.2125862828924, "step_grade": 0.0, "step_turn": 0.0002297094729328819, "coast_speed_mps": 0.0, "coast_speed_mph": 0.0}, "geometry": {"type": "Point", "coordinates": [-122.09914, 37.52479]}}, {"id": "1404", "type": "Feature", "properties": {"name": "Some South Bay", "step": 1404, "lat": 37.5254, "lon": -122.09844, "elevation_m": 2.3, "time": null, "elevation_f": 7.545932, "step_elevation_m": 0.0, "step_elevation_f": 0.0, "step_dist_m": 91.7141349260836, "step_dist_f": 300.8994024308921, "step_grade": 0.0, "step_turn": 0.4720127813125714, "coast_speed_mps": 0.0, "coast_speed_mph": 0.0}, "geometry": {"type": "Point", "coordinates": [-122.09844, 37.5254]}}, {"id": "1405", "type": "Feature", "properties": {"name": "Some South Bay", "step": 1405, "lat": 37.526, "lon": -122.09775, "elevation_m": 2.3, "time": null, "elevation_f": 7.545932, "step_elevation_m": 0.0, "step_elevation_f": 0.0, "step_dist_m": 90.29791936423507, "step_dist_f": 296.25302576695697, "step_grade": 0.0, "step_turn": 0.060829358246337506, "coast_speed_mps": 0.0, "coast_speed_mph": 0.0}, "geometry": {"type": "Point", "coordinates": [-122.09775, 37.526]}}, {"id": "1406", "type": "Feature", "properties": {"name": "Some South Bay", "step": 1406, "lat": 37.5266, "lon": -122.09705, "elevation_m": 2.3, "time": null, "elevation_f": 7.545932, "step_elevation_m": 0.0, "step_elevation_f": 0.0, "step_dist_m": 90.89417620418641, "step_dist_f": 298.2092490577429, "step_grade": 0.0, "step_turn": 0.4104904379271943, "coast_speed_mps": 0.0, "coast_speed_mph": 0.0}, "geometry": {"type": "Point", "coordinates": [-122.09705, 37.5266]}}, {"id": "1407", "type": "Feature", "properties": {"name": "Some South Bay", "step": 1407, "lat": 37.5272, "lon": -122.09635, "elevation_m": 2.3, "time": null, "elevation_f": 7.545932, "step_elevation_m": 0.0, "step_elevation_f": 0.0, "step_dist_m": 90.89383900926646, "step_dist_f": 298.2081427751618, "step_grade": 0.0, "step_turn": 0.00022972874808147026, "coast_speed_mps": 0.0, "coast_speed_mph": 0.0}, "geometry": {"type": "Point", "coordinates": [-122.09635, 37.5272]}}, {"id": "1408", "type": "Feature", "properties": {"name": "Some South Bay", "step": 1408, "lat": 37.52781, "lon": -122.09565, "elevation_m": 2.3, "time": null, "elevation_f": 7.545932, "step_elevation_m": 0.0, "step_elevation_f": 0.0, "step_dist_m": 91.71279263227129, "step_dist_f": 300.8949985796609, "step_grade": 0.0, "step_turn": 0.4720114945787941, "coast_speed_mps": 0.0, "coast_speed_mph": 0.0}, "geometry": {"type": "Point", "coordinates": [-122.09565, 37.52781]}}, {"id": "1409", "type": "Feature", "properties": {"name": "Some South Bay", "step": 1409, "lat": 37.52841, "lon": -122.09495, "elevation_m": 2.3, "time": null, "elevation_f": 7.545932, "step_elevation_m": 0.0, "step_elevation_f": 0.0, "step_dist_m": 90.89315899149565, "step_dist_f": 298.2059117456586, "step_grade": 0.0, "step_turn": 0.4715481946062141, "coast_speed_mps": 0.0, "coast_speed_mph": 0.0}, "geometry": {"type": "Point", "coordinates": [-122.09495, 37.52841]}}, {"id": "1410", "type": "Feature", "properties": {"name": "Some South Bay", "step": 1410, "lat": 37.52901, "lon": -122.09426, "elevation_m": 2.3, "time": null, "elevation_f": 7.545932, "step_elevation_m": 0.0, "step_elevation_f": 0.0, "step_dist_m": 90.29626487869182, "step_dist_f": 296.24759766460727, "step_grade": 0.0, "step_turn": 0.4109485029938469, "coast_speed_mps": 0.0, "coast_speed_mph": 0.0}, "geometry": {"type": "Point", "coordinates": [-122.09426, 37.52901]}}, {"id": "1411", "type": "Feature", "properties": {"name": "Some South Bay", "step": 1411, "lat": 37.52935, "lon": -122.09385, "elevation_m": 2.3, "time": null, "elevation_f": 7.545932, "step_elevation_m": 0.0, "step_elevation_f": 0.0, "step_dist_m": 52.31139713907296, "step_dist_f": 171.62532418975613, "step_grade": 0.0, "step_turn": 1.35593759812906, "coast_speed_mps": 0.0, "coast_speed_mph": 0.0}, "geometry": {"type": "Point", "coordinates": [-122.09385, 37.52935]}}, {"id": "1412", "type": "Feature", "properties": {"name": "Some South Bay", "step": 1412, "lat": 37.52972, "lon": -122.09336, "elevation_m": 2.3, "time": null, "elevation_f": 7.545932, "step_elevation_m": 0.0, "step_elevation_f": 0.0, "step_dist_m": 59.66327063070595, "step_dist_f": 195.7456448160453, "step_grade": 0.0, "step_turn": 2.6828968894589593, "coast_speed_mps": 0.0, "coast_speed_mph": 0.0}, "geometry": {"type": "Point", "coordinates": [-122.09336, 37.52972]}}, {"id": "1413", "type": "Feature", "properties": {"name": "Some South Bay", "step": 1413, "lat": 37.53009, "lon": -122.09284, "elevation_m": 2.3, "time": null, "elevation_f": 7.545932, "step_elevation_m": 0.0, "step_elevation_f": 0.0, "step_dist_m": 61.60600269303847, "step_dist_f": 202.11943787542833, "step_grade": 0.0, "step_turn": 1.696696032485761, "coast_speed_mps": 0.0, "coast_speed_mph": 0.0}, "geometry": {"type": "Point", "coordinates": [-122.09284, 37.53009]}}, {"id": "1414", "type": "Feature", "properties": {"name": "Some South Bay", "step": 1414, "lat": 37.53038, "lon": -122.09238, "elevation_m": 2.3, "time": null, "elevation_f": 7.545932, "step_elevation_m": 0.0, "step_elevation_f": 0.0, "step_dist_m": 51.81912446279433, "step_dist_f": 170.01025630251414, "step_grade": 0.0, "step_turn": 3.4159901882233044, "coast_speed_mps": 0.0, "coast_speed_mph": 0.0}, "geometry": {"type": "Point", "coordinates": [-122.09238, 37.53038]}}, {"id": "1415", "type": "Feature", "properties": {"name": "Some South Bay", "step": 1415, "lat": 37.53067, "lon": -122.0919, "elevation_m": 2.2, "time": null, "elevation_f": 7.217848000000001, "step_elevation_m": -0.09999999999999964, "step_elevation_f": -0.3280839999999987, "step_dist_m": 53.21085303174078, "step_dist_f": 174.57629506065643, "step_grade": -0.0018793158594986007, "step_turn": 1.1817048234302092, "coast_speed_mps": 0.0, "coast_speed_mph": 0.0}, "geometry": {"type": "Point", "coordinates": [-122.0919, 37.53067]}}, {"id": "1416", "type": "Feature", "properties": {"name": "Some South Bay", "step": 1416, "lat": 37.53094, "lon": -122.09139, "elevation_m": 2.1, "time": null, "elevation_f": 6.889764, "step_elevation_m": -0.10000000000000009, "step_elevation_f": -0.3280840000000005, "step_dist_m": 54.07256424265499, "step_dist_f": 177.4034316698722, "step_grade": -0.0018493667056594916, "step_turn": 3.575387425975066, "coast_speed_mps": 0.0, "coast_speed_mph": 0.0}, "geometry": {"type": "Point", "coordinates": [-122.09139, 37.53094]}}, {"id": "1417", "type": "Feature", "properties": {"name": "Some South Bay", "step": 1417, "lat": 37.53121, "lon": -122.09085, "elevation_m": 2.1, "time": null, "elevation_f": 6.889764, "step_elevation_m": 0.0, "step_elevation_f": 0.0, "step_dist_m": 56.29176922098962, "step_dist_f": 184.68428813099158, "step_grade": 0.0, "step_turn": 1.4950697379611597, "coast_speed_mps": 0.0, "coast_speed_mph": 0.0}, "geometry": {"type": "Point", "coordinates": [-122.09085, 37.53121]}}, {"id": "1418", "type": "Feature", "properties": {"name": "Some South Bay", "step": 1418, "lat": 37.53146, "lon": -122.09029, "elevation_m": 2.1, "time": null, "elevation_f": 6.889764, "step_elevation_m": 0.0, "step_elevation_f": 0.0, "step_dist_m": 56.6676597142979, "step_dist_f": 185.9175246970571, "step_grade": 0.0, "step_turn": 2.854156638077029, "coast_speed_mps": 0.0, "coast_speed_mph": 0.0}, "geometry": {"type": "Point", "coordinates": [-122.09029, 37.53146]}}, {"id": "1419", "type": "Feature", "properties": {"name": "Some South Bay", "step": 1419, "lat": 37.53168, "lon": -122.08976, "elevation_m": 2.2, "time": null, "elevation_f": 7.217848000000001, "step_elevation_m": 0.10000000000000009, "step_elevation_f": 0.3280840000000005, "step_dist_m": 52.75043379438955, "step_dist_f": 173.065733209985, "step_grade": 0.0018957190075399137, "step_turn": 1.748029111484584, "coast_speed_mps": 0.0, "coast_speed_mph": 0.0}, "geometry": {"type": "Point", "coordinates": [-122.08976, 37.53168]}}, {"id": "1420", "type": "Feature", "properties": {"name": "Some South Bay", "step": 1420, "lat": 37.5319, "lon": -122.08918, "elevation_m": 2.3, "time": null, "elevation_f": 7.545932, "step_elevation_m": 0.09999999999999964, "step_elevation_f": 0.3280839999999987, "step_dist_m": 56.693390436477, "step_dist_f": 186.0019430796112, "step_grade": 0.0017638740465177544, "step_turn": 2.0667400426042946, "coast_speed_mps": 0.0, "coast_speed_mph": 0.0}, "geometry": {"type": "Point", "coordinates": [-122.08918, 37.5319]}}, {"id": "1421", "type": "Feature", "properties": {"name": "Some South Bay", "step": 1421, "lat": 37.53209, "lon": -122.08859, "elevation_m": 2.3, "time": null, "elevation_f": 7.545932, "step_elevation_m": 0.0, "step_elevation_f": 0.0, "step_dist_m": 56.151749629649636, "step_dist_f": 184.22490625493973, "step_grade": 0.0, "step_turn": 3.460910921597929, "coast_speed_mps": 0.0, "coast_speed_mph": 0.0}, "geometry": {"type": "Point", "coordinates": [-122.08859, 37.53209]}}, {"id": "1422", "type": "Feature", "properties": {"name": "Some South Bay", "step": 1422, "lat": 37.53225, "lon": -122.08803, "elevation_m": 2.3, "time": null, "elevation_f": 7.545932, "step_elevation_m": 0.0, "step_elevation_f": 0.0, "step_dist_m": 52.487388546397646, "step_dist_f": 172.20272383856326, "step_grade": 0.0, "step_turn": 2.287937438311019, "coast_speed_mps": 0.0, "coast_speed_mph": 0.0}, "geometry": {"type": "Point", "coordinates": [-122.08803, 37.53225]}}, {"id": "1423", "type": "Feature", "properties": {"name": "Some South Bay", "step": 1423, "lat": 37.5324, "lon": -122.08746, "elevation_m": 2.3, "time": null, "elevation_f": 7.545932, "step_elevation_m": 0.0, "step_elevation_f": 0.0, "step_dist_m": 52.95705184365268, "step_dist_f": 173.74361397072946, "step_grade": 0.0, "step_turn": 1.4553253853292176, "coast_speed_mps": 0.0, "coast_speed_mph": 0.0}, "geometry": {"type": "Point", "coordinates": [-122.08746, 37.5324]}}, {"id": "1424", "type": "Feature", "properties": {"name": "Some South Bay", "step": 1424, "lat": 37.53254, "lon": -122.08685, "elevation_m": 2.3, "time": null, "elevation_f": 7.545932, "step_elevation_m": 0.0, "step_elevation_f": 0.0, "step_dist_m": 55.99628629028882, "step_dist_f": 183.71485591263118, "step_grade": 0.0, "step_turn": 2.2170390491530725, "coast_speed_mps": 0.0, "coast_speed_mph": 0.0}, "geometry": {"type": "Point", "coordinates": [-122.08685, 37.53254]}}, {"id": "1425", "type": "Feature", "properties": {"name": "Some South Bay", "step": 1425, "lat": 37.53264, "lon": -122.08631, "elevation_m": 2.3, "time": null, "elevation_f": 7.545932, "step_elevation_m": 0.0, "step_elevation_f": 0.0, "step_dist_m": 48.89740241094125, "step_dist_f": 160.4245537259125, "step_grade": 0.0, "step_turn": 2.99692331555201, "coast_speed_mps": 0.0, "coast_speed_mph": 0.0}, "geometry": {"type": "Point", "coordinates": [-122.08631, 37.53264]}}, {"id": "1426", "type": "Feature", "properties": {"name": "Some South Bay", "step": 1426, "lat": 37.53272, "lon": -122.08578, "elevation_m": 2.3, "time": null, "elevation_f": 7.545932, "step_elevation_m": 0.0, "step_elevation_f": 0.0, "step_dist_m": 47.57354476453781, "step_dist_f": 156.08118860528623, "step_grade": 0.0, "step_turn": 2.367367314502644, "coast_speed_mps": 0.0, "coast_speed_mph": 0.0}, "geometry": {"type": "Point", "coordinates": [-122.08578, 37.53272]}}, {"id": "1427", "type": "Feature", "properties": {"name": "Some South Bay", "step": 1427, "lat": 37.53287, "lon": -122.08481, "elevation_m": 2.3, "time": null, "elevation_f": 7.545932, "step_elevation_m": 0.0, "step_elevation_f": 0.0, "step_dist_m": 87.14385049049648, "step_dist_f": 285.90503044324043, "step_grade": 0.0, "step_turn": 0.25761740697601, "coast_speed_mps": 0.0, "coast_speed_mph": 0.0}, "geometry": {"type": "Point", "coordinates": [-122.08481, 37.53287]}}, {"id": "1428", "type": "Feature", "properties": {"name": "Some South Bay", "step": 1428, "lat": 37.53302, "lon": -122.08383, "elevation_m": 2.3, "time": null, "elevation_f": 7.545932, "step_elevation_m": 0.0, "step_elevation_f": 0.0, "step_dist_m": 88.00932065284263, "step_dist_f": 288.74449957067225, "step_grade": 0.0, "step_turn": 0.10984918397485899, "coast_speed_mps": 0.0, "coast_speed_mph": 0.0}, "geometry": {"type": "Point", "coordinates": [-122.08383, 37.53302]}}, {"id": "1429", "type": "Feature", "properties": {"name": "Some South Bay", "step": 1429, "lat": 37.53317, "lon": -122.08285, "elevation_m": 2.3, "time": null, "elevation_f": 7.545932, "step_elevation_m": 0.0, "step_elevation_f": 0.0, "step_dist_m": 88.00915000576131, "step_dist_f": 288.74393970490195, "step_grade": 0.0, "step_turn": 2.1444440562845557e-05, "coast_speed_mps": 0.0, "coast_speed_mph": 0.0}, "geometry": {"type": "Point", "coordinates": [-122.08285, 37.53317]}}, {"id": "1430", "type": "Feature", "properties": {"name": "Some South Bay", "step": 1430, "lat": 37.53332, "lon": -122.08187, "elevation_m": 2.3, "time": null, "elevation_f": 7.545932, "step_elevation_m": 0.0, "step_elevation_f": 0.0, "step_dist_m": 88.008979349567, "step_dist_f": 288.7433798092334, "step_grade": 0.0, "step_turn": 2.1445930201480223e-05, "coast_speed_mps": 0.0, "coast_speed_mph": 0.0}, "geometry": {"type": "Point", "coordinates": [-122.08187, 37.53332]}}, {"id": "1431", "type": "Feature", "properties": {"name": "Some South Bay", "step": 1431, "lat": 37.53347, "lon": -122.08089, "elevation_m": 2.3, "time": null, "elevation_f": 7.545932, "step_elevation_m": 0.0, "step_elevation_f": 0.0, "step_dist_m": 88.00880869887618, "step_dist_f": 288.74281993162094, "step_grade": 0.0, "step_turn": 2.144367351775145e-05, "coast_speed_mps": 0.0, "coast_speed_mph": 0.0}, "geometry": {"type": "Point", "coordinates": [-122.08089, 37.53347]}}, {"id": "1432", "type": "Feature", "properties": {"name": "Some South Bay", "step": 1432, "lat": 37.53362, "lon": -122.07991, "elevation_m": 2.3, "time": null, "elevation_f": 7.545932, "step_elevation_m": 0.0, "step_elevation_f": 0.0, "step_dist_m": 88.00863804581533, "step_dist_f": 288.7422600462328, "step_grade": 0.0, "step_turn": 2.1445236882300378e-05, "coast_speed_mps": 0.0, "coast_speed_mph": 0.0}, "geometry": {"type": "Point", "coordinates": [-122.07991, 37.53362]}}, {"id": "1433", "type": "Feature", "properties": {"name": "Some South Bay", "step": 1433, "lat": 37.53377, "lon": -122.07893, "elevation_m": 2.3, "time": null, "elevation_f": 7.545932, "step_elevation_m": 0.0, "step_elevation_f": 0.0, "step_dist_m": 88.00846738971423, "step_dist_f": 288.74170015087003, "step_grade": 0.0, "step_turn": 2.144521783975506e-05, "coast_speed_mps": 0.0, "coast_speed_mph": 0.0}, "geometry": {"type": "Point", "coordinates": [-122.07893, 37.53377]}}, {"id": "1434", "type": "Feature", "properties": {"name": "Some South Bay", "step": 1434, "lat": 37.53392, "lon": -122.07796, "elevation_m": 3.4, "time": null, "elevation_f": 11.154855999999999, "step_elevation_m": 1.1, "step_elevation_f": 3.608923999999999, "step_dist_m": 87.14266855140978, "step_dist_f": 285.90115269020725, "step_grade": 0.012622978137868885, "step_turn": 0.1098935076765315, "coast_speed_mps": 0.0, "coast_speed_mph": 0.0}, "geometry": {"type": "Point", "coordinates": [-122.07796, 37.53392]}}, {"id": "1435", "type": "Feature", "properties": {"name": "Some South Bay", "step": 1435, "lat": 37.53394, "lon": -122.07764, "elevation_m": 4.1, "time": null, "elevation_f": 13.451443999999999, "step_elevation_m": 0.6999999999999997, "step_elevation_f": 2.296588, "step_dist_m": 28.304067783163298, "step_dist_f": 92.86111774571347, "step_grade": 0.02473142748818583, "step_turn": 6.528313116317349, "coast_speed_mps": 0.0, "coast_speed_mph": 0.0}, "geometry": {"type": "Point", "coordinates": [-122.07764, 37.53394]}}, {"id": "1436", "type": "Feature", "properties": {"name": "Some South Bay", "step": 1436, "lat": 37.53393, "lon": -122.07729, "elevation_m": 4.7, "time": null, "elevation_f": 15.419948, "step_elevation_m": 0.6000000000000005, "step_elevation_f": 1.9685040000000011, "step_dist_m": 30.881890865344843, "step_dist_f": 101.31854282665797, "step_grade": 0.01942886213205652, "step_turn": 6.569929583439034, "coast_speed_mps": 0.0, "coast_speed_mph": 0.0}, "geometry": {"type": "Point", "coordinates": [-122.07729, 37.53393]}}, {"id": "1437", "type": "Feature", "properties": {"name": "Some South Bay", "step": 1437, "lat": 37.53386, "lon": -122.07653, "elevation_m": 5.2, "time": null, "elevation_f": 17.060368, "step_elevation_m": 0.5, "step_elevation_f": 1.6404200000000007, "step_dist_m": 67.46488932283039, "step_dist_f": 221.34150748591486, "step_grade": 0.007411262436189872, "step_turn": 4.561562858187074, "coast_speed_mps": 0.0, "coast_speed_mph": 0.0}, "geometry": {"type": "Point", "coordinates": [-122.07653, 37.53386]}}, {"id": "1438", "type": "Feature", "properties": {"name": "Some South Bay", "step": 1438, "lat": 37.53381, "lon": -122.0762, "elevation_m": 5.6, "time": null, "elevation_f": 18.372704, "step_elevation_m": 0.39999999999999947, "step_elevation_f": 1.3123359999999984, "step_dist_m": 29.624751255685208, "step_dist_f": 97.19406890970225, "step_grade": 0.013502223075146884, "step_turn": 4.191951425800767, "coast_speed_mps": 0.0, "coast_speed_mph": 0.0}, "geometry": {"type": "Point", "coordinates": [-122.0762, 37.53381]}}, {"id": "1439", "type": "Feature", "properties": {"name": "Some South Bay", "step": 1439, "lat": 37.53372, "lon": -122.07589, "elevation_m": 5.6, "time": null, "elevation_f": 18.372704, "step_elevation_m": 0.0, "step_elevation_f": 0.0, "step_dist_m": 29.10919726822596, "step_dist_f": 95.50261876548646, "step_grade": 0.0, "step_turn": 9.291174706412335, "coast_speed_mps": 0.0, "coast_speed_mph": 0.0}, "geometry": {"type": "Point", "coordinates": [-122.07589, 37.53372]}}, {"id": "1440", "type": "Feature", "properties": {"name": "Some South Bay", "step": 1440, "lat": 37.53353, "lon": -122.07533, "elevation_m": 6.3, "time": null, "elevation_f": 20.669292, "step_elevation_m": 0.7000000000000002, "step_elevation_f": 2.296588, "step_dist_m": 53.70899449172253, "step_dist_f": 176.21061748822294, "step_grade": 0.01303319875235948, "step_turn": 3.0555868788250677, "coast_speed_mps": 0.0, "coast_speed_mph": 0.0}, "geometry": {"type": "Point", "coordinates": [-122.07533, 37.53353]}}, {"id": "1441", "type": "Feature", "properties": {"name": "Some South Bay", "step": 1441, "lat": 37.53333, "lon": -122.07477, "elevation_m": 6.9, "time": null, "elevation_f": 22.637796, "step_elevation_m": 0.6000000000000005, "step_elevation_f": 1.968504000000003, "step_dist_m": 54.15615990631782, "step_dist_f": 177.67769566704374, "step_grade": 0.011079072095176471, "step_turn": 1.081585618477277, "coast_speed_mps": 0.0, "coast_speed_mph": 0.0}, "geometry": {"type": "Point", "coordinates": [-122.07477, 37.53333]}}, {"id": "1442", "type": "Feature", "properties": {"name": "Some South Bay", "step": 1442, "lat": 37.53366, "lon": -122.0746, "elevation_m": 8.9, "time": null, "elevation_f": 29.199476, "step_elevation_m": 2.0, "step_elevation_f": 6.561679999999999, "step_dist_m": 39.63808480372367, "step_dist_f": 130.04621414744878, "step_grade": 0.050456524574873415, "step_turn": 92.02458292648521, "coast_speed_mps": 0.0, "coast_speed_mph": 0.0}, "geometry": {"type": "Point", "coordinates": [-122.0746, 37.53366]}}, {"id": "1443", "type": "Feature", "properties": {"name": "Some South Bay", "step": 1443, "lat": 37.53373, "lon": -122.07455, "elevation_m": 11.6, "time": null, "elevation_f": 38.057744, "step_elevation_m": 2.6999999999999993, "step_elevation_f": 8.858267999999999, "step_dist_m": 8.945563401549666, "step_dist_f": 29.348962230340206, "step_grade": 0.3018255954155185, "step_turn": 7.307651798187237, "coast_speed_mps": 0.0, "coast_speed_mph": 0.0}, "geometry": {"type": "Point", "coordinates": [-122.07455, 37.53373]}}, {"id": "1444", "type": "Feature", "properties": {"name": "Some South Bay", "step": 1444, "lat": 37.53389, "lon": -122.07455, "elevation_m": 16.0, "time": null, "elevation_f": 52.49344, "step_elevation_m": 4.4, "step_elevation_f": 14.435696, "step_dist_m": 17.79118826345083, "step_dist_f": 58.37004210226002, "step_grade": 0.2473134416231827, "step_turn": null, "coast_speed_mps": 0.0, "coast_speed_mph": 0.0}, "geometry": {"type": "Point", "coordinates": [-122.07455, 37.53389]}}, {"id": "1445", "type": "Feature", "properties": {"name": "Some South Bay", "step": 1445, "lat": 37.53396, "lon": -122.07457, "elevation_m": 17.6, "time": null, "elevation_f": 57.74278400000001, "step_elevation_m": 1.6000000000000014, "step_elevation_f": 5.249344000000008, "step_dist_m": 7.98092629668122, "step_dist_f": 26.184142231203616, "step_grade": 0.20047798219429036, "step_turn": null, "coast_speed_mps": 0.0, "coast_speed_mph": 0.0}, "geometry": {"type": "Point", "coordinates": [-122.07457, 37.53396]}}, {"id": "1446", "type": "Feature", "properties": {"name": "Some South Bay", "step": 1446, "lat": 37.53399, "lon": -122.07464, "elevation_m": 17.8, "time": null, "elevation_f": 58.398952, "step_elevation_m": 0.1999999999999993, "step_elevation_f": 0.6561679999999939, "step_dist_m": 7.016126409079862, "step_dist_f": 23.018788167965575, "step_grade": 0.028505757784120157, "step_turn": 48.845108647691745, "coast_speed_mps": 0.0, "coast_speed_mph": 0.0}, "geometry": {"type": "Point", "coordinates": [-122.07464, 37.53399]}}, {"id": "1447", "type": "Feature", "properties": {"name": "Some South Bay", "step": 1447, "lat": 37.53403, "lon": -122.07477, "elevation_m": 17.9, "time": null, "elevation_f": 58.727036, "step_elevation_m": 0.09999999999999787, "step_elevation_f": 0.32808399999999693, "step_dist_m": 12.295629895482225, "step_dist_f": 40.3399943862939, "step_grade": 0.008132970888847329, "step_turn": 7.181944877447847, "coast_speed_mps": 0.0, "coast_speed_mph": 0.0}, "geometry": {"type": "Point", "coordinates": [-122.07477, 37.53403]}}, {"id": "1448", "type": "Feature", "properties": {"name": "Some South Bay", "step": 1448, "lat": 37.5341, "lon": -122.07483, "elevation_m": 19.3, "time": null, "elevation_f": 63.320212000000005, "step_elevation_m": 1.4000000000000021, "step_elevation_f": 4.593176000000007, "step_dist_m": 9.411457741700934, "step_dist_f": 30.877487017282093, "step_grade": 0.14875485163119692, "step_turn": 34.58879212014119, "coast_speed_mps": 0.0, "coast_speed_mph": 0.0}, "geometry": {"type": "Point", "coordinates": [-122.07483, 37.5341]}}, {"id": "1449", "type": "Feature", "properties": {"name": "Some South Bay", "step": 1449, "lat": 37.53417, "lon": -122.07482, "elevation_m": 21.9, "time": null, "elevation_f": 71.85039599999999, "step_elevation_m": 2.599999999999998, "step_elevation_f": 8.530183999999984, "step_dist_m": 7.833430749261602, "step_dist_f": 25.700232939407435, "step_grade": 0.3319107659495273, "step_turn": 40.66735344884921, "coast_speed_mps": 0.0, "coast_speed_mph": 0.0}, "geometry": {"type": "Point", "coordinates": [-122.07482, 37.53417]}}, {"id": "1450", "type": "Feature", "properties": {"name": "Some South Bay", "step": 1450, "lat": 37.53425, "lon": -122.0748, "elevation_m": 25.3, "time": null, "elevation_f": 83.005252, "step_elevation_m": 3.400000000000002, "step_elevation_f": 11.15485600000001, "step_dist_m": 9.068717017539294, "step_dist_f": 29.753009539823616, "step_grade": 0.37491521605804373, "step_turn": 4.750182562444309, "coast_speed_mps": 0.0, "coast_speed_mph": 0.0}, "geometry": {"type": "Point", "coordinates": [-122.0748, 37.53425]}}, {"id": "1451", "type": "Feature", "properties": {"name": "Some South Bay", "step": 1451, "lat": 37.53443, "lon": -122.07467, "elevation_m": 32.8, "time": null, "elevation_f": 107.61155199999999, "step_elevation_m": 7.4999999999999964, "step_elevation_f": 24.60629999999999, "step_dist_m": 23.065171848454124, "step_dist_f": 75.67313840728222, "step_grade": 0.3251655807846349, "step_turn": 18.58698162783628, "coast_speed_mps": 0.0, "coast_speed_mph": 0.0}, "geometry": {"type": "Point", "coordinates": [-122.07467, 37.53443]}}, {"id": "1452", "type": "Feature", "properties": {"name": "Some South Bay", "step": 1452, "lat": 37.53456, "lon": -122.07459, "elevation_m": 33.8, "time": null, "elevation_f": 110.89239199999999, "step_elevation_m": 1.0, "step_elevation_f": 3.2808399999999978, "step_dist_m": 16.084682836630837, "step_dist_f": 52.77127083773191, "step_grade": 0.06217094922895378, "step_turn": 3.7883502908204605, "coast_speed_mps": 0.0, "coast_speed_mph": 0.0}, "geometry": {"type": "Point", "coordinates": [-122.07459, 37.53456]}}, {"id": "1453", "type": "Feature", "properties": {"name": "Some South Bay", "step": 1453, "lat": 37.5347, "lon": -122.07458, "elevation_m": 32.0, "time": null, "elevation_f": 104.98688, "step_elevation_m": -1.7999999999999972, "step_elevation_f": -5.905511999999987, "step_dist_m": 15.59224195418745, "step_dist_f": 51.155651092976356, "step_grade": -0.11544202593114516, "step_turn": 22.77010327691096, "coast_speed_mps": 5.733117973918789, "coast_speed_mph": 12.82461966248833}, "geometry": {"type": "Point", "coordinates": [-122.07458, 37.5347]}}, {"id": "1454", "type": "Feature", "properties": {"name": "Some South Bay", "step": 1454, "lat": 37.53484, "lon": -122.07462, "elevation_m": 30.0, "time": null, "elevation_f": 98.4252, "step_elevation_m": -2.0, "step_elevation_f": -6.5616799999999955, "step_dist_m": 15.961843762495082, "step_dist_f": 52.368255489744364, "step_grade": -0.12529880819278044, "step_turn": 16.007656677812065, "coast_speed_mps": 8.116318203217881, "coast_speed_mph": 18.155686746639837}, "geometry": {"type": "Point", "coordinates": [-122.07462, 37.53484]}}, {"id": "1455", "type": "Feature", "properties": {"name": "Some South Bay", "step": 1455, "lat": 37.53501, "lon": -122.07476, "elevation_m": 31.1, "time": null, "elevation_f": 102.034124, "step_elevation_m": 1.1000000000000014, "step_elevation_f": 3.608924000000002, "step_dist_m": 22.576920137727697, "step_dist_f": 74.07126266466254, "step_grade": 0.04872232320837333, "step_turn": 20.380477858437985, "coast_speed_mps": 5.493548891148821, "coast_speed_mph": 12.288718886786004}, "geometry": {"type": "Point", "coordinates": [-122.07476, 37.53501]}}, {"id": "1456", "type": "Feature", "properties": {"name": "Some South Bay", "step": 1456, "lat": 37.53543, "lon": -122.07506, "elevation_m": 34.0, "time": null, "elevation_f": 111.54856, "step_elevation_m": 2.8999999999999986, "step_elevation_f": 9.51443599999999, "step_dist_m": 53.67311381519586, "step_dist_f": 176.0928987294472, "step_grade": 0.054030776190572984, "step_turn": 3.618552744835142, "coast_speed_mps": 0.0, "coast_speed_mph": 0.0}, "geometry": {"type": "Point", "coordinates": [-122.07506, 37.53543]}}, {"id": "1457", "type": "Feature", "properties": {"name": "Some South Bay", "step": 1457, "lat": 37.53586, "lon": -122.07535, "elevation_m": 36.9, "time": null, "elevation_f": 121.062996, "step_elevation_m": 2.8999999999999986, "step_elevation_f": 9.514436000000003, "step_dist_m": 54.22195674574787, "step_dist_f": 177.89356456971944, "step_grade": 0.053483868418810226, "step_turn": 1.3900752005251888, "coast_speed_mps": 0.0, "coast_speed_mph": 0.0}, "geometry": {"type": "Point", "coordinates": [-122.07535, 37.53586]}}, {"id": "1458", "type": "Feature", "properties": {"name": "Some South Bay", "step": 1458, "lat": 37.536, "lon": -122.07541, "elevation_m": 37.8, "time": null, "elevation_f": 124.01575199999999, "step_elevation_m": 0.8999999999999986, "step_elevation_f": 2.9527559999999937, "step_dist_m": 16.441700612224153, "step_dist_f": 53.94258903660949, "step_grade": 0.054738863164243624, "step_turn": 9.367588524277323, "coast_speed_mps": 0.0, "coast_speed_mph": 0.0}, "geometry": {"type": "Point", "coordinates": [-122.07541, 37.536]}}, {"id": "1459", "type": "Feature", "properties": {"name": "Some South Bay", "step": 1459, "lat": 37.53637, "lon": -122.0755, "elevation_m": 40.0, "time": null, "elevation_f": 131.2336, "step_elevation_m": 2.200000000000003, "step_elevation_f": 7.217848000000004, "step_dist_m": 41.90046674990318, "step_dist_f": 137.46872733175235, "step_grade": 0.052505381697331245, "step_turn": 7.852694525472884, "coast_speed_mps": 0.0, "coast_speed_mph": 0.0}, "geometry": {"type": "Point", "coordinates": [-122.0755, 37.53637]}}, {"id": "1460", "type": "Feature", "properties": {"name": "Some South Bay", "step": 1460, "lat": 37.5364, "lon": -122.07552, "elevation_m": 40.2, "time": null, "elevation_f": 131.889768, "step_elevation_m": 0.20000000000000284, "step_elevation_f": 0.6561680000000081, "step_dist_m": 3.7732920024111594, "step_dist_f": 12.379567333190629, "step_grade": 0.05300411414547336, "step_turn": 16.94555797355281, "coast_speed_mps": 0.0, "coast_speed_mph": 0.0}, "geometry": {"type": "Point", "coordinates": [-122.07552, 37.5364]}}, {"id": "1461", "type": "Feature", "properties": {"name": "Some South Bay", "step": 1461, "lat": 37.53642, "lon": -122.07554, "elevation_m": 40.3, "time": null, "elevation_f": 132.217852, "step_elevation_m": 0.09999999999999432, "step_elevation_f": 0.32808399999998983, "step_dist_m": 2.8382344141588365, "step_dist_f": 9.311792995348878, "step_grade": 0.03523317154535707, "step_turn": 10.550313880816987, "coast_speed_mps": 0.0, "coast_speed_mph": 0.0}, "geometry": {"type": "Point", "coordinates": [-122.07554, 37.53642]}}, {"id": "1462", "type": "Feature", "properties": {"name": "Some South Bay", "step": 1462, "lat": 37.53642, "lon": -122.07564, "elevation_m": 40.8, "time": null, "elevation_f": 133.858272, "step_elevation_m": 0.5, "step_elevation_f": 1.640420000000006, "step_dist_m": 8.817382082089722, "step_dist_f": 28.928419830203243, "step_grade": 0.05670617370836445, "step_turn": 51.58674340289667, "coast_speed_mps": 0.0, "coast_speed_mph": 0.0}, "geometry": {"type": "Point", "coordinates": [-122.07564, 37.53642]}}, {"id": "1463", "type": "Feature", "properties": {"name": "Some South Bay", "step": 1463, "lat": 37.53634, "lon": -122.07579, "elevation_m": 41.7, "time": null, "elevation_f": 136.81102800000002, "step_elevation_m": 0.9000000000000057, "step_elevation_f": 2.952756000000022, "step_dist_m": 15.939284579908556, "step_dist_f": 52.29424242114719, "step_grade": 0.056464265725856624, "step_turn": 33.92396401644709, "coast_speed_mps": 0.0, "coast_speed_mph": 0.0}, "geometry": {"type": "Point", "coordinates": [-122.07579, 37.53634]}}, {"id": "1464", "type": "Feature", "properties": {"name": "Some South Bay", "step": 1464, "lat": 37.53617, "lon": -122.07604, "elevation_m": 35.3, "time": null, "elevation_f": 115.81365199999999, "step_elevation_m": -6.400000000000006, "step_elevation_f": -20.99737600000003, "step_dist_m": 29.038675525552907, "step_dist_f": 95.271248211255, "step_grade": -0.22039572687701456, "step_turn": 6.69032652008994, "coast_speed_mps": 11.00045860359964, "coast_speed_mph": 24.607325079634098}, "geometry": {"type": "Point", "coordinates": [-122.07604, 37.53617]}}, {"id": "1465", "type": "Feature", "properties": {"name": "Some South Bay", "step": 1465, "lat": 37.53611, "lon": -122.0762, "elevation_m": 35.3, "time": null, "elevation_f": 115.81365199999999, "step_elevation_m": 0.0, "step_elevation_f": 0.0, "step_dist_m": 15.605875733231418, "step_dist_f": 51.20038134061497, "step_grade": 0.0, "step_turn": 15.304554497211512, "coast_speed_mps": 10.25374237553142, "coast_speed_mph": 22.93696844920233}, "geometry": {"type": "Point", "coordinates": [-122.0762, 37.53611]}}, {"id": "1466", "type": "Feature", "properties": {"name": "Some South Bay", "step": 1466, "lat": 37.53609, "lon": -122.07637, "elevation_m": 35.3, "time": null, "elevation_f": 115.81365199999999, "step_elevation_m": 0.0, "step_elevation_f": 0.0, "step_dist_m": 15.153687620906812, "step_dist_f": 49.7168244941759, "step_grade": 0.0, "step_turn": 16.87076374782788, "coast_speed_mps": 10.699782234759688, "coast_speed_mph": 23.934731198012877}, "geometry": {"type": "Point", "coordinates": [-122.07637, 37.53609]}}, {"id": "1467", "type": "Feature", "properties": {"name": "Some South Bay", "step": 1467, "lat": 37.53609, "lon": -122.07652, "elevation_m": 33.1, "time": null, "elevation_f": 108.595804, "step_elevation_m": -2.1999999999999957, "step_elevation_f": -7.217847999999989, "step_dist_m": 13.226131652331292, "step_dist_f": 43.3928217702346, "step_grade": -0.16633737345357627, "step_turn": 8.43898752163642, "coast_speed_mps": 11.034677185411663, "coast_speed_mph": 24.683869867152048}, "geometry": {"type": "Point", "coordinates": [-122.07652, 37.53609]}}, {"id": "1468", "type": "Feature", "properties": {"name": "Some South Bay", "step": 1468, "lat": 37.53614, "lon": -122.07681, "elevation_m": 23.7, "time": null, "elevation_f": 77.75590799999999, "step_elevation_m": -9.400000000000002, "step_elevation_f": -30.83989600000001, "step_dist_m": 26.16795550277798, "step_dist_f": 85.85287513173411, "step_grade": -0.3592179755503674, "step_turn": 12.26682594237576, "coast_speed_mps": 16.716446889541448, "coast_speed_mph": 37.39362672141515}, "geometry": {"type": "Point", "coordinates": [-122.07681, 37.53614]}}, {"id": "1469", "type": "Feature", "properties": {"name": "Some South Bay", "step": 1469, "lat": 37.53616, "lon": -122.07703, "elevation_m": 17.2, "time": null, "elevation_f": 56.430448, "step_elevation_m": -6.5, "step_elevation_f": -21.325459999999993, "step_dist_m": 19.52537291036783, "step_dist_f": 64.0596244592512, "step_grade": -0.33290017198844624, "step_turn": 5.726744211809603, "coast_speed_mps": 18.41024665084863, "coast_speed_mph": 41.18254887895627}, "geometry": {"type": "Point", "coordinates": [-122.07703, 37.53616]}}, {"id": "1470", "type": "Feature", "properties": {"name": "Some South Bay", "step": 1470, "lat": 37.53616, "lon": -122.07703, "elevation_m": 17.2, "time": null, "elevation_f": 56.430448, "step_elevation_m": 0.0, "step_elevation_f": 0.0, "step_dist_m": 0.0, "step_dist_f": 0.0, "step_grade": null, "step_turn": null, "coast_speed_mps": 18.41024665084863, "coast_speed_mph": 41.18254887895627}, "geometry": {"type": "Point", "coordinates": [-122.07703, 37.53616]}}, {"id": "1471", "type": "Feature", "properties": {"name": "Some South Bay", "step": 1471, "lat": 37.53619, "lon": -122.07719, "elevation_m": 14.7, "time": null, "elevation_f": 48.228348, "step_elevation_m": -2.5, "step_elevation_f": -8.202100000000002, "step_dist_m": 14.49687997281013, "step_dist_f": 47.561943689994386, "step_grade": -0.17245090010325792, "step_turn": null, "coast_speed_mps": 19.280728537665276, "coast_speed_mph": 43.129761403152415}, "geometry": {"type": "Point", "coordinates": [-122.07719, 37.53619]}}, {"id": "1472", "type": "Feature", "properties": {"name": "Some South Bay", "step": 1472, "lat": 37.53623, "lon": -122.0773, "elevation_m": 12.7, "time": null, "elevation_f": 41.666667999999994, "step_elevation_m": -2.0, "step_elevation_f": -6.561680000000003, "step_dist_m": 10.670349713732277, "step_dist_f": 35.0077101548014, "step_grade": -0.1874352812847443, "step_turn": 11.331613054231013, "coast_speed_mps": 19.4759741325773, "coast_speed_mph": 43.56651336027487}, "geometry": {"type": "Point", "coordinates": [-122.0773, 37.53623]}}, {"id": "1473", "type": "Feature", "properties": {"name": "Some South Bay", "step": 1473, "lat": 37.53636, "lon": -122.07759, "elevation_m": 10.6, "time": null, "elevation_f": 34.776904, "step_elevation_m": -2.0999999999999996, "step_elevation_f": -6.8897639999999924, "step_dist_m": 29.37353957785792, "step_dist_f": 96.36988358861937, "step_grade": -0.07149291607957937, "step_turn": 4.845092429644467, "coast_speed_mps": 17.35666887559065, "coast_speed_mph": 38.82576251697976}, "geometry": {"type": "Point", "coordinates": [-122.07759, 37.53636]}}, {"id": "1474", "type": "Feature", "properties": {"name": "Some South Bay", "step": 1474, "lat": 37.53637, "lon": -122.07764, "elevation_m": 11.3, "time": null, "elevation_f": 37.073492, "step_elevation_m": 0.7000000000000011, "step_elevation_f": 2.296588, "step_dist_m": 4.546758904560516, "step_dist_f": 14.917188484438324, "step_grade": 0.15395582099105434, "step_turn": 15.324414750539745, "coast_speed_mps": 17.036091125394048, "coast_speed_mph": 38.10865051313983}, "geometry": {"type": "Point", "coordinates": [-122.07764, 37.53637]}}, {"id": "1475", "type": "Feature", "properties": {"name": "Some South Bay", "step": 1475, "lat": 37.53638, "lon": -122.07771, "elevation_m": 12.3, "time": null, "elevation_f": 40.354332, "step_elevation_m": 1.0, "step_elevation_f": 3.2808399999999978, "step_dist_m": 6.271533168154014, "step_dist_f": 20.575896879406415, "step_grade": 0.15945064359666675, "step_turn": 3.943155821891594, "coast_speed_mps": 16.598548926445087, "coast_speed_mph": 37.12989648900561}, "geometry": {"type": "Point", "coordinates": [-122.07771, 37.53638]}}, {"id": "1476", "type": "Feature", "properties": {"name": "Some South Bay", "step": 1476, "lat": 37.53638, "lon": -122.07778, "elevation_m": 13.0, "time": null, "elevation_f": 42.65092, "step_elevation_m": 0.6999999999999993, "step_elevation_f": 2.296588, "step_dist_m": 6.172170770908584, "step_dist_f": 20.249904752027717, "step_grade": 0.1134122865328554, "step_turn": 10.21259152140459, "coast_speed_mps": 15.81966234662931, "coast_speed_mph": 35.38757683122157}, "geometry": {"type": "Point", "coordinates": [-122.07778, 37.53638]}}, {"id": "1477", "type": "Feature", "properties": {"name": "Some South Bay", "step": 1477, "lat": 37.53636, "lon": -122.0779, "elevation_m": 13.4, "time": null, "elevation_f": 43.963256, "step_elevation_m": 0.40000000000000036, "step_elevation_f": 1.312336000000002, "step_dist_m": 10.812050748683893, "step_dist_f": 35.47260857831206, "step_grade": 0.036995756799300145, "step_turn": 11.869704454245607, "coast_speed_mps": 14.68316205600488, "coast_speed_mph": 32.84529808519341}, "geometry": {"type": "Point", "coordinates": [-122.0779, 37.53636]}}, {"id": "1478", "type": "Feature", "properties": {"name": "Some South Bay", "step": 1478, "lat": 37.53622, "lon": -122.07848, "elevation_m": 13.1, "time": null, "elevation_f": 42.979003999999996, "step_elevation_m": -0.3000000000000007, "step_elevation_f": -0.984252000000005, "step_dist_m": 53.45776555290145, "step_dist_f": 175.3863755365812, "step_grade": -0.005611906837054809, "step_turn": 5.060387258991852, "coast_speed_mps": 11.453407902980615, "coast_speed_mph": 25.620543805880015}, "geometry": {"type": "Point", "coordinates": [-122.07848, 37.53622]}}, {"id": "1479", "type": "Feature", "properties": {"name": "Some South Bay", "step": 1479, "lat": 37.53621, "lon": -122.07865, "elevation_m": 13.5, "time": null, "elevation_f": 44.29134, "step_elevation_m": 0.40000000000000036, "step_elevation_f": 1.312336000000002, "step_dist_m": 15.030777156667016, "step_dist_f": 49.313574926679415, "step_grade": 0.026612063756302668, "step_turn": 12.68760998993372, "coast_speed_mps": 10.657658144703639, "coast_speed_mph": 23.84050229219673}, "geometry": {"type": "Point", "coordinates": [-122.07865, 37.53621]}}, {"id": "1480", "type": "Feature", "properties": {"name": "Some South Bay", "step": 1480, "lat": 37.53623, "lon": -122.07875, "elevation_m": 13.2, "time": null, "elevation_f": 43.307088, "step_elevation_m": -0.3000000000000007, "step_elevation_f": -0.9842519999999979, "step_dist_m": 9.093534435959606, "step_dist_f": 29.834431518873714, "step_grade": -0.032990472748822094, "step_turn": 18.398217876400395, "coast_speed_mps": 10.18545361428682, "coast_speed_mph": 22.78421084083484}, "geometry": {"type": "Point", "coordinates": [-122.07875, 37.53623]}}, {"id": "1481", "type": "Feature", "properties": {"name": "Some South Bay", "step": 1481, "lat": 37.53627, "lon": -122.07884, "elevation_m": 13.3, "time": null, "elevation_f": 43.635172000000004, "step_elevation_m": 0.10000000000000142, "step_elevation_f": 0.32808400000000404, "step_dist_m": 9.097122048793446, "step_dist_f": 29.84620190256349, "step_grade": 0.010992487455223758, "step_turn": 15.114123089058523, "coast_speed_mps": 9.877783630041062, "coast_speed_mph": 22.095972687099703}, "geometry": {"type": "Point", "coordinates": [-122.07884, 37.53627]}}, {"id": "1482", "type": "Feature", "properties": {"name": "Some South Bay", "step": 1482, "lat": 37.53638, "lon": -122.07897, "elevation_m": 13.1, "time": null, "elevation_f": 42.979003999999996, "step_elevation_m": -0.20000000000000107, "step_elevation_f": -0.6561680000000081, "step_dist_m": 16.763043571770794, "step_dist_f": 54.99686387200849, "step_grade": -0.01193100758485195, "step_turn": 17.588654872848736, "coast_speed_mps": 9.34020346185465, "coast_speed_mph": 20.89344009899481}, "geometry": {"type": "Point", "coordinates": [-122.07897, 37.53638]}}, {"id": "1483", "type": "Feature", "properties": {"name": "Some South Bay", "step": 1483, "lat": 37.53662, "lon": -122.07916, "elevation_m": 10.3, "time": null, "elevation_f": 33.792652000000004, "step_elevation_m": -2.799999999999999, "step_elevation_f": -9.186351999999992, "step_dist_m": 31.50948477947115, "step_dist_f": 103.37757804388013, "step_grade": -0.08886213213566209, "step_turn": 11.022389490315788, "coast_speed_mps": 10.848660905513473, "coast_speed_mph": 24.267763299734835}, "geometry": {"type": "Point", "coordinates": [-122.07916, 37.53662]}}, {"id": "1484", "type": "Feature", "properties": {"name": "Some South Bay", "step": 1484, "lat": 37.53679, "lon": -122.07931, "elevation_m": 9.0, "time": null, "elevation_f": 29.52756, "step_elevation_m": -1.3000000000000007, "step_elevation_f": -4.265092000000003, "step_dist_m": 23.070680130612786, "step_dist_f": 75.69121019971965, "step_grade": -0.056348577182820624, "step_turn": 2.8603387217498835, "coast_speed_mps": 10.967262281424562, "coast_speed_mph": 24.533067021797937}, "geometry": {"type": "Point", "coordinates": [-122.07931, 37.53679]}}, {"id": "1485", "type": "Feature", "properties": {"name": "Some South Bay", "step": 1485, "lat": 37.53689, "lon": -122.07946, "elevation_m": 7.5, "time": null, "elevation_f": 24.6063, "step_elevation_m": -1.5, "step_elevation_f": -4.92126, "step_dist_m": 17.27918276086239, "step_dist_f": 56.69023396914776, "step_grade": -0.08680966112572885, "step_turn": 14.96577030965841, "coast_speed_mps": 11.499035615626664, "coast_speed_mph": 25.72261009222139}, "geometry": {"type": "Point", "coordinates": [-122.07946, 37.53689]}}, {"id": "1486", "type": "Feature", "properties": {"name": "Some South Bay", "step": 1486, "lat": 37.53696, "lon": -122.07963, "elevation_m": 6.9, "time": null, "elevation_f": 22.637796, "step_elevation_m": -0.5999999999999996, "step_elevation_f": -1.9685039999999994, "step_dist_m": 16.889898746955996, "step_dist_f": 55.41305540496311, "step_grade": -0.03552419164787091, "step_turn": 12.613042398067307, "coast_speed_mps": 11.201633789053862, "coast_speed_mph": 25.057341153037424}, "geometry": {"type": "Point", "coordinates": [-122.07963, 37.53696]}}, {"id": "1487", "type": "Feature", "properties": {"name": "Some South Bay", "step": 1487, "lat": 37.53702, "lon": -122.07981, "elevation_m": 6.6, "time": null, "elevation_f": 21.653544, "step_elevation_m": -0.3000000000000007, "step_elevation_f": -0.9842520000000015, "step_dist_m": 17.216429540023338, "step_dist_f": 56.48435069209017, "step_grade": -0.017425215797653364, "step_turn": 4.641499144125021, "coast_speed_mps": 10.644591696529885, "coast_speed_mph": 23.811273480068614}, "geometry": {"type": "Point", "coordinates": [-122.07981, 37.53702]}}, {"id": "1488", "type": "Feature", "properties": {"name": "Some South Bay", "step": 1488, "lat": 37.53704, "lon": -122.08001, "elevation_m": 6.4, "time": null, "elevation_f": 20.997376000000003, "step_elevation_m": -0.1999999999999993, "step_elevation_f": -0.6561679999999974, "step_dist_m": 17.77429447530714, "step_dist_f": 58.31461628636668, "step_grade": -0.011252204709326067, "step_turn": 15.612596600076586, "coast_speed_mps": 10.0064112455079, "coast_speed_mph": 22.38370446829789}, "geometry": {"type": "Point", "coordinates": [-122.08001, 37.53704]}}, {"id": "1489", "type": "Feature", "properties": {"name": "Some South Bay", "step": 1489, "lat": 37.53703, "lon": -122.08021, "elevation_m": 6.2, "time": null, "elevation_f": 20.341208, "step_elevation_m": -0.20000000000000018, "step_elevation_f": -0.656168000000001, "step_dist_m": 17.66964088134036, "step_dist_f": 57.97126458913671, "step_grade": -0.011318849168644158, "step_turn": 10.795620292226602, "coast_speed_mps": 9.418328162380908, "coast_speed_mph": 21.06820007690788}, "geometry": {"type": "Point", "coordinates": [-122.08021, 37.53703]}}, {"id": "1490", "type": "Feature", "properties": {"name": "Some South Bay", "step": 1490, "lat": 37.53699, "lon": -122.08042, "elevation_m": 6.5, "time": null, "elevation_f": 21.32546, "step_elevation_m": 0.2999999999999998, "step_elevation_f": 0.9842519999999979, "step_dist_m": 19.043065234103562, "step_dist_f": 62.47725014265633, "step_grade": 0.015753766334987936, "step_turn": 9.899053950842756, "coast_speed_mps": 8.23557252898032, "coast_speed_mph": 18.422451075922314}, "geometry": {"type": "Point", "coordinates": [-122.08042, 37.53699]}}, {"id": "1491", "type": "Feature", "properties": {"name": "Some South Bay", "step": 1491, "lat": 37.53693, "lon": -122.08058, "elevation_m": 6.9, "time": null, "elevation_f": 22.637796, "step_elevation_m": 0.40000000000000036, "step_elevation_f": 1.312336000000002, "step_dist_m": 15.605735491949666, "step_dist_f": 51.19992123140814, "step_grade": 0.025631601932913917, "step_turn": 11.802952586711626, "coast_speed_mps": 7.07140305589496, "coast_speed_mph": 15.818278131475823}, "geometry": {"type": "Point", "coordinates": [-122.08058, 37.53693]}}, {"id": "1492", "type": "Feature", "properties": {"name": "Some South Bay", "step": 1492, "lat": 37.53684, "lon": -122.08076, "elevation_m": 7.8, "time": null, "elevation_f": 25.590552, "step_elevation_m": 0.8999999999999995, "step_elevation_f": 2.9527559999999973, "step_dist_m": 18.762877129792948, "step_dist_f": 61.557997802509895, "step_grade": 0.047967057172213716, "step_turn": 6.923387624487987, "coast_speed_mps": 4.767986228534236, "coast_speed_mph": 10.665681434623815}, "geometry": {"type": "Point", "coordinates": [-122.08076, 37.53684]}}, {"id": "1493", "type": "Feature", "properties": {"name": "Some South Bay", "step": 1493, "lat": 37.53674, "lon": -122.08093, "elevation_m": 9.1, "time": null, "elevation_f": 29.855643999999998, "step_elevation_m": 1.2999999999999998, "step_elevation_f": 4.265091999999999, "step_dist_m": 18.663533505721695, "step_dist_f": 61.23206726691196, "step_grade": 0.06965454851309147, "step_turn": 4.3353751611531095, "coast_speed_mps": 0.0, "coast_speed_mph": 0.0}, "geometry": {"type": "Point", "coordinates": [-122.08093, 37.53674]}}, {"id": "1494", "type": "Feature", "properties": {"name": "Some South Bay", "step": 1494, "lat": 37.53663, "lon": -122.0811, "elevation_m": 10.2, "time": null, "elevation_f": 33.464568, "step_elevation_m": 1.0999999999999996, "step_elevation_f": 3.608924000000002, "step_dist_m": 19.346657858028415, "step_dist_f": 63.47328896693394, "step_grade": 0.05685736565313399, "step_turn": 2.645711251168052, "coast_speed_mps": 0.0, "coast_speed_mph": 0.0}, "geometry": {"type": "Point", "coordinates": [-122.0811, 37.53663]}}, {"id": "1495", "type": "Feature", "properties": {"name": "Some South Bay", "step": 1495, "lat": 37.53644, "lon": -122.08135, "elevation_m": 9.9, "time": null, "elevation_f": 32.480316, "step_elevation_m": -0.29999999999999893, "step_elevation_f": -0.9842519999999979, "step_dist_m": 30.53299971445542, "step_dist_f": 100.17388678317393, "step_grade": -0.009825434867376236, "step_turn": 4.569458072933344, "coast_speed_mps": 1.8091315814895153, "coast_speed_mph": 4.046912091735669}, "geometry": {"type": "Point", "coordinates": [-122.08135, 37.53644]}}, {"id": "1496", "type": "Feature", "properties": {"name": "Some South Bay", "step": 1496, "lat": 37.53638, "lon": -122.08149, "elevation_m": 9.6, "time": null, "elevation_f": 31.496063999999997, "step_elevation_m": -0.3000000000000007, "step_elevation_f": -0.984252000000005, "step_dist_m": 14.031898215770026, "step_dist_f": 46.03641294222693, "step_grade": -0.02137985861833289, "step_turn": 15.3942046749535, "coast_speed_mps": 2.0552754153890582, "coast_speed_mph": 4.597520166850966}, "geometry": {"type": "Point", "coordinates": [-122.08149, 37.53638]}}, {"id": "1497", "type": "Feature", "properties": {"name": "Some South Bay", "step": 1497, "lat": 37.53636, "lon": -122.08161, "elevation_m": 9.5, "time": null, "elevation_f": 31.16798, "step_elevation_m": -0.09999999999999964, "step_elevation_f": -0.32808399999999693, "step_dist_m": 10.812050748683893, "step_dist_f": 35.47260857831206, "step_grade": -0.009248939199824995, "step_turn": 16.519993378681875, "coast_speed_mps": 1.2427917001319577, "coast_speed_mph": 2.780045857489165}, "geometry": {"type": "Point", "coordinates": [-122.08161, 37.53636]}}, {"id": "1498", "type": "Feature", "properties": {"name": "Some South Bay", "step": 1498, "lat": 37.53638, "lon": -122.08169, "elevation_m": 10.0, "time": null, "elevation_f": 32.8084, "step_elevation_m": 0.5, "step_elevation_f": 1.6404199999999989, "step_dist_m": 7.396173103468033, "step_dist_f": 24.265660564782063, "step_grade": 0.0676025280919334, "step_turn": 29.36829731970539, "coast_speed_mps": 0.0, "coast_speed_mph": 0.0}, "geometry": {"type": "Point", "coordinates": [-122.08169, 37.53638]}}, {"id": "1499", "type": "Feature", "properties": {"name": "Some South Bay", "step": 1499, "lat": 37.53641, "lon": -122.0818, "elevation_m": 10.3, "time": null, "elevation_f": 33.792652000000004, "step_elevation_m": 0.3000000000000007, "step_elevation_f": 0.984252000000005, "step_dist_m": 10.256747927180587, "step_dist_f": 33.65074886941116, "step_grade": 0.02924903703687547, "step_turn": 1.4811991543940053, "coast_speed_mps": 0.0, "coast_speed_mph": 0.0}, "geometry": {"type": "Point", "coordinates": [-122.0818, 37.53641]}}, {"id": "1500", "type": "Feature", "properties": {"name": "Some South Bay", "step": 1500, "lat": 37.53648, "lon": -122.08192, "elevation_m": 11.0, "time": null, "elevation_f": 36.08924, "step_elevation_m": 0.6999999999999993, "step_elevation_f": 2.2965879999999927, "step_dist_m": 13.13543371576199, "step_dist_f": 43.09525635202056, "step_grade": 0.05329096968911103, "step_turn": 17.359715919423422, "coast_speed_mps": 0.0, "coast_speed_mph": 0.0}, "geometry": {"type": "Point", "coordinates": [-122.08192, 37.53648]}}, {"id": "1501", "type": "Feature", "properties": {"name": "Some South Bay", "step": 1501, "lat": 37.53658, "lon": -122.08202, "elevation_m": 12.4, "time": null, "elevation_f": 40.682416, "step_elevation_m": 1.4000000000000004, "step_elevation_f": 4.593176000000007, "step_dist_m": 14.191163256446746, "step_dist_f": 46.55893605828074, "step_grade": 0.09865294160181054, "step_turn": 15.247313873034898, "coast_speed_mps": 0.0, "coast_speed_mph": 0.0}, "geometry": {"type": "Point", "coordinates": [-122.08202, 37.53658]}}, {"id": "1502", "type": "Feature", "properties": {"name": "Some South Bay", "step": 1502, "lat": 37.53662, "lon": -122.0821, "elevation_m": 12.8, "time": null, "elevation_f": 41.994752000000005, "step_elevation_m": 0.40000000000000036, "step_elevation_f": 1.312336000000002, "step_dist_m": 8.339079305364423, "step_dist_f": 27.359184948211816, "step_grade": 0.04796692600617018, "step_turn": 19.353526022429207, "coast_speed_mps": 0.0, "coast_speed_mph": 0.0}, "geometry": {"type": "Point", "coordinates": [-122.0821, 37.53662]}}, {"id": "1503", "type": "Feature", "properties": {"name": "Some South Bay", "step": 1503, "lat": 37.53664, "lon": -122.08268, "elevation_m": 11.0, "time": null, "elevation_f": 36.08924, "step_elevation_m": -1.8000000000000007, "step_elevation_f": -5.905512000000009, "step_dist_m": 51.18900334891152, "step_dist_f": 167.94292974724286, "step_grade": -0.03516380242316782, "step_turn": 29.743150212501064, "coast_speed_mps": 5.223157477460819, "coast_speed_mph": 11.683870520447417}, "geometry": {"type": "Point", "coordinates": [-122.08268, 37.53664]}}, {"id": "1504", "type": "Feature", "properties": {"name": "Some South Bay", "step": 1504, "lat": 37.5367, "lon": -122.08292, "elevation_m": 10.8, "time": null, "elevation_f": 35.433072, "step_elevation_m": -0.1999999999999993, "step_elevation_f": -0.6561679999999939, "step_dist_m": 22.188438114007358, "step_dist_f": 72.79671530195989, "step_grade": -0.00901370339689395, "step_turn": 15.00856212580021, "coast_speed_mps": 4.839481840726283, "coast_speed_mph": 10.825612564258854}, "geometry": {"type": "Point", "coordinates": [-122.08292, 37.5367]}}, {"id": "1505", "type": "Feature", "properties": {"name": "Some South Bay", "step": 1505, "lat": 37.53679, "lon": -122.0831, "elevation_m": 11.2, "time": null, "elevation_f": 36.745408, "step_elevation_m": 0.3999999999999986, "step_elevation_f": 1.3123359999999948, "step_dist_m": 18.762902334611464, "step_dist_f": 61.55808049548668, "step_grade": 0.02131866343844515, "step_turn": 14.734668811382846, "coast_speed_mps": 3.082931939572081, "coast_speed_mph": 6.89632234156245}, "geometry": {"type": "Point", "coordinates": [-122.0831, 37.53679]}}, {"id": "1506", "type": "Feature", "properties": {"name": "Some South Bay", "step": 1506, "lat": 37.53699, "lon": -122.08338, "elevation_m": 11.7, "time": null, "elevation_f": 38.385828, "step_elevation_m": 0.5, "step_elevation_f": 1.6404199999999989, "step_dist_m": 33.22792805942071, "step_dist_f": 109.01551549446985, "step_grade": 0.015047582837721988, "step_turn": 9.778665279848838, "coast_speed_mps": 0.0, "coast_speed_mph": 0.0}, "geometry": {"type": "Point", "coordinates": [-122.08338, 37.53699]}}, {"id": "1507", "type": "Feature", "properties": {"name": "Some South Bay", "step": 1507, "lat": 37.53717, "lon": -122.08363, "elevation_m": 11.4, "time": null, "elevation_f": 37.401576, "step_elevation_m": -0.29999999999999893, "step_elevation_f": -0.9842519999999979, "step_dist_m": 29.77430126189982, "step_dist_f": 97.6847185520914, "step_grade": -0.0100758032022699, "step_turn": 0.2271860411593707, "coast_speed_mps": 1.1011928413916352, "coast_speed_mph": 2.4632982314594534}, "geometry": {"type": "Point", "coordinates": [-122.08363, 37.53717]}}, {"id": "1508", "type": "Feature", "properties": {"name": "Some South Bay", "step": 1508, "lat": 37.53736, "lon": -122.08382, "elevation_m": 14.4, "time": null, "elevation_f": 47.244096, "step_elevation_m": 3.0, "step_elevation_f": 9.84252, "step_dist_m": 26.963107588947583, "step_dist_f": 88.46164190212279, "step_grade": 0.11126313946207471, "step_turn": 9.347896333172628, "coast_speed_mps": 0.0, "coast_speed_mph": 0.0}, "geometry": {"type": "Point", "coordinates": [-122.08382, 37.53736]}}, {"id": "1509", "type": "Feature", "properties": {"name": "Some South Bay", "step": 1509, "lat": 37.53752, "lon": -122.08393, "elevation_m": 16.0, "time": null, "elevation_f": 52.49344, "step_elevation_m": 1.5999999999999996, "step_elevation_f": 5.249344000000001, "step_dist_m": 20.263186835856313, "step_dist_f": 66.48027389855082, "step_grade": 0.07896092618406657, "step_turn": 9.815576912478207, "coast_speed_mps": 0.0, "coast_speed_mph": 0.0}, "geometry": {"type": "Point", "coordinates": [-122.08393, 37.53752]}}, {"id": "1510", "type": "Feature", "properties": {"name": "Some South Bay", "step": 1510, "lat": 37.5378, "lon": -122.08418, "elevation_m": 16.6, "time": null, "elevation_f": 54.461944, "step_elevation_m": 0.6000000000000014, "step_elevation_f": 1.968504000000003, "step_dist_m": 38.14786751003721, "step_dist_f": 125.15704964163048, "step_grade": 0.015728271045350923, "step_turn": 6.70090268718252, "coast_speed_mps": 0.0, "coast_speed_mph": 0.0}, "geometry": {"type": "Point", "coordinates": [-122.08418, 37.5378]}}, {"id": "1511", "type": "Feature", "properties": {"name": "Some South Bay", "step": 1511, "lat": 37.53798, "lon": -122.08441, "elevation_m": 17.0, "time": null, "elevation_f": 55.77428, "step_elevation_m": 0.3999999999999986, "step_elevation_f": 1.3123359999999948, "step_dist_m": 28.49324523956205, "step_dist_f": 93.48177871176476, "step_grade": 0.014038414951927277, "step_turn": 10.077830940799458, "coast_speed_mps": 0.0, "coast_speed_mph": 0.0}, "geometry": {"type": "Point", "coordinates": [-122.08441, 37.53798]}}, {"id": "1512", "type": "Feature", "properties": {"name": "Some South Bay", "step": 1512, "lat": 37.53838, "lon": -122.08518, "elevation_m": 17.8, "time": null, "elevation_f": 58.398952, "step_elevation_m": 0.8000000000000007, "step_elevation_f": 2.624672000000004, "step_dist_m": 81.1643152620582, "step_dist_f": 266.287132084371, "step_grade": 0.00985654837864413, "step_turn": 11.393904222058097, "coast_speed_mps": 0.0, "coast_speed_mph": 0.0}, "geometry": {"type": "Point", "coordinates": [-122.08518, 37.53838]}}, {"id": "1513", "type": "Feature", "properties": {"name": "Some South Bay", "step": 1513, "lat": 37.53859, "lon": -122.08537, "elevation_m": 17.7, "time": null, "elevation_f": 58.070868, "step_elevation_m": -0.10000000000000142, "step_elevation_f": -0.32808400000000404, "step_dist_m": 28.73872789493018, "step_dist_f": 94.28716802680273, "step_grade": -0.0034796251373966523, "step_turn": 21.113341824431984, "coast_speed_mps": 0.0, "coast_speed_mph": 0.0}, "geometry": {"type": "Point", "coordinates": [-122.08537, 37.53859]}}, {"id": "1514", "type": "Feature", "properties": {"name": "Some South Bay", "step": 1514, "lat": 37.53892, "lon": -122.08554, "elevation_m": 16.6, "time": null, "elevation_f": 54.461944, "step_elevation_m": -1.0999999999999979, "step_elevation_f": -3.6089239999999947, "step_dist_m": 39.63768496827805, "step_dist_f": 130.04490235132536, "step_grade": -0.027751368448493532, "step_turn": 13.437349122596515, "coast_speed_mps": 3.919243417724783, "coast_speed_mph": 8.76709783850389}, "geometry": {"type": "Point", "coordinates": [-122.08554, 37.53892]}}, {"id": "1515", "type": "Feature", "properties": {"name": "Some South Bay", "step": 1515, "lat": 37.53938, "lon": -122.08568, "elevation_m": 10.0, "time": null, "elevation_f": 32.8084, "step_elevation_m": -6.600000000000001, "step_elevation_f": -21.653544000000004, "step_dist_m": 52.61805588757993, "step_dist_f": 172.63142247820772, "step_grade": -0.12543222832293732, "step_turn": 8.651572352523715, "coast_speed_mps": 11.438941628395623, "coast_speed_mph": 25.588183671250025}, "geometry": {"type": "Point", "coordinates": [-122.08568, 37.53938]}}, {"id": "1516", "type": "Feature", "properties": {"name": "Some South Bay", "step": 1516, "lat": 37.53983, "lon": -122.08583, "elevation_m": 8.0, "time": null, "elevation_f": 26.24672, "step_elevation_m": -2.0, "step_elevation_f": -6.561679999999999, "step_dist_m": 51.756035289592724, "step_dist_f": 169.8032708195074, "step_grade": -0.038642836314824264, "step_turn": 1.2376249154162906, "coast_speed_mps": 10.669365574753444, "coast_speed_mph": 23.866691067361828}, "geometry": {"type": "Point", "coordinates": [-122.08583, 37.53983]}}, {"id": "1517", "type": "Feature", "properties": {"name": "Some South Bay", "step": 1517, "lat": 37.53997, "lon": -122.08592, "elevation_m": 6.9, "time": null, "elevation_f": 22.637796, "step_elevation_m": -1.0999999999999996, "step_elevation_f": -3.6089239999999982, "step_dist_m": 17.47309576167319, "step_dist_f": 57.326431498727864, "step_grade": -0.0629539272836141, "step_turn": 12.204463395624543, "coast_speed_mps": 10.8875409625426, "coast_speed_mph": 24.354735510340433}, "geometry": {"type": "Point", "coordinates": [-122.08592, 37.53997]}}, {"id": "1518", "type": "Feature", "properties": {"name": "Some South Bay", "step": 1518, "lat": 37.54011, "lon": -122.08612, "elevation_m": 6.6, "time": null, "elevation_f": 21.653544, "step_elevation_m": -0.3000000000000007, "step_elevation_f": -0.9842520000000015, "step_dist_m": 23.52222827707769, "step_dist_f": 77.17266742056756, "step_grade": -0.012753893741110803, "step_turn": 21.551995984908274, "coast_speed_mps": 10.045700409311106, "coast_speed_mph": 22.471591824693753}, "geometry": {"type": "Point", "coordinates": [-122.08612, 37.54011]}}, {"id": "1519", "type": "Feature", "properties": {"name": "Some South Bay", "step": 1519, "lat": 37.54019, "lon": -122.08635, "elevation_m": 6.5, "time": null, "elevation_f": 21.32546, "step_elevation_m": -0.09999999999999964, "step_elevation_f": -0.3280840000000005, "step_dist_m": 22.144254116851428, "step_dist_f": 72.65175467673085, "step_grade": -0.004515844131498708, "step_turn": 17.752998120837844, "coast_speed_mps": 9.138939908898495, "coast_speed_mph": 20.443226353119375}, "geometry": {"type": "Point", "coordinates": [-122.08635, 37.54019]}}, {"id": "1520", "type": "Feature", "properties": {"name": "Some South Bay", "step": 1520, "lat": 37.54023, "lon": -122.08697, "elevation_m": 6.7, "time": null, "elevation_f": 21.981628, "step_elevation_m": 0.20000000000000018, "step_elevation_f": 0.656168000000001, "step_dist_m": 54.84563856815261, "step_dist_f": 179.9397648399378, "step_grade": 0.0036465980745483528, "step_turn": 19.033473075341533, "coast_speed_mps": 6.382316726331758, "coast_speed_mph": 14.276835912517338}, "geometry": {"type": "Point", "coordinates": [-122.08697, 37.54023]}}, {"id": "1521", "type": "Feature", "properties": {"name": "Some South Bay", "step": 1521, "lat": 37.54027, "lon": -122.08709, "elevation_m": 6.6, "time": null, "elevation_f": 21.653544, "step_elevation_m": -0.10000000000000053, "step_elevation_f": -0.3280840000000005, "step_dist_m": 11.477193258803974, "step_dist_f": 37.65483473121443, "step_grade": -0.008712931615340024, "step_turn": 18.149358606760813, "coast_speed_mps": 5.96740296939348, "coast_speed_mph": 13.348700271549466}, "geometry": {"type": "Point", "coordinates": [-122.08709, 37.54027]}}, {"id": "1522", "type": "Feature", "properties": {"name": "Some South Bay", "step": 1522, "lat": 37.54035, "lon": -122.0872, "elevation_m": 6.5, "time": null, "elevation_f": 21.32546, "step_elevation_m": -0.09999999999999964, "step_elevation_f": -0.3280840000000005, "step_dist_m": 13.160346292466304, "step_dist_f": 43.176990530175146, "step_grade": -0.007598584245252351, "step_turn": 19.7260106572989, "coast_speed_mps": 5.684159533858213, "coast_speed_mph": 12.715102751114456}, "geometry": {"type": "Point", "coordinates": [-122.0872, 37.54035]}}, {"id": "1523", "type": "Feature", "properties": {"name": "Some South Bay", "step": 1523, "lat": 37.54062, "lon": -122.08726, "elevation_m": 6.6, "time": null, "elevation_f": 21.653544, "step_elevation_m": 0.09999999999999964, "step_elevation_f": 0.3280840000000005, "step_dist_m": 30.485142511394525, "step_dist_f": 100.01687495708362, "step_grade": 0.0032802864530688132, "step_turn": 37.47962893508685, "coast_speed_mps": 4.308430014435902, "coast_speed_mph": 9.63768346106813}, "geometry": {"type": "Point", "coordinates": [-122.08726, 37.54062]}}, {"id": "1524", "type": "Feature", "properties": {"name": "Some South Bay", "step": 1524, "lat": 37.54094, "lon": -122.08731, "elevation_m": 6.5, "time": null, "elevation_f": 21.32546, "step_elevation_m": -0.09999999999999964, "step_elevation_f": -0.3280840000000005, "step_dist_m": 35.85442515437333, "step_dist_f": 117.6326322234742, "step_grade": -0.0027890560110626172, "step_turn": 2.9306263872451837, "coast_speed_mps": 3.188540145168868, "coast_speed_mph": 7.132561169400645}, "geometry": {"type": "Point", "coordinates": [-122.08731, 37.54094]}}, {"id": "1525", "type": "Feature", "properties": {"name": "Some South Bay", "step": 1525, "lat": 37.54116, "lon": -122.08748, "elevation_m": 6.4, "time": null, "elevation_f": 20.997376000000003, "step_elevation_m": -0.09999999999999964, "step_elevation_f": -0.32808399999999693, "step_dist_m": 28.689569198305346, "step_dist_f": 94.1258862085681, "step_grade": -0.0034855873683145616, "step_turn": 24.433524148977085, "coast_speed_mps": 2.3564159490423955, "coast_speed_mph": 5.271152355588746}, "geometry": {"type": "Point", "coordinates": [-122.08748, 37.54116]}}, {"id": "1526", "type": "Feature", "properties": {"name": "Some South Bay", "step": 1526, "lat": 37.54136, "lon": -122.08754, "elevation_m": 6.3, "time": null, "elevation_f": 20.669292, "step_elevation_m": -0.10000000000000053, "step_elevation_f": -0.32808400000000404, "step_dist_m": 22.85951611113305, "step_dist_f": 74.99841483804975, "step_grade": -0.004374545791513867, "step_turn": 18.115601215739957, "coast_speed_mps": 1.7391262824513247, "coast_speed_mph": 3.8903146976810192}, "geometry": {"type": "Point", "coordinates": [-122.08754, 37.54136]}}, {"id": "1527", "type": "Feature", "properties": {"name": "Some South Bay", "step": 1527, "lat": 37.54166, "lon": -122.08752, "elevation_m": 6.5, "time": null, "elevation_f": 21.32546, "step_elevation_m": 0.20000000000000018, "step_elevation_f": 0.656168000000001, "step_dist_m": 33.4050516925422, "step_dist_f": 109.59662979496015, "step_grade": 0.00598711841073579, "step_turn": 16.40638471106729, "coast_speed_mps": 0.0, "coast_speed_mph": 0.0}, "geometry": {"type": "Point", "coordinates": [-122.08752, 37.54166]}}, {"id": "1528", "type": "Feature", "properties": {"name": "Some South Bay", "step": 1528, "lat": 37.542, "lon": -122.08768, "elevation_m": 6.4, "time": null, "elevation_f": 20.997376000000003, "step_elevation_m": -0.09999999999999964, "step_elevation_f": -0.32808399999999693, "step_dist_m": 40.352396399140254, "step_dist_f": 132.3897562021553, "step_grade": -0.0024781675668246123, "step_turn": 23.48805989281834, "coast_speed_mps": 0.0, "coast_speed_mph": 0.0}, "geometry": {"type": "Point", "coordinates": [-122.08768, 37.542]}}, {"id": "1529", "type": "Feature", "properties": {"name": "Some South Bay", "step": 1529, "lat": 37.54247, "lon": -122.08773, "elevation_m": 6.4, "time": null, "elevation_f": 20.997376000000003, "step_elevation_m": 0.0, "step_elevation_f": 0.0, "step_dist_m": 52.44721138817221, "step_dist_f": 172.0709090107709, "step_grade": 0.0, "step_turn": 15.640623570442756, "coast_speed_mps": 0.0, "coast_speed_mph": 0.0}, "geometry": {"type": "Point", "coordinates": [-122.08773, 37.54247]}}, {"id": "1530", "type": "Feature", "properties": {"name": "Some South Bay", "step": 1530, "lat": 37.54273, "lon": -122.0878, "elevation_m": 6.3, "time": null, "elevation_f": 20.669292, "step_elevation_m": -0.10000000000000053, "step_elevation_f": -0.32808400000000404, "step_dist_m": 29.562083965051492, "step_dist_f": 96.98846755589953, "step_grade": -0.003382711452894229, "step_turn": 7.228661572724604, "coast_speed_mps": 0.0, "coast_speed_mph": 0.0}, "geometry": {"type": "Point", "coordinates": [-122.0878, 37.54273]}}, {"id": "1531", "type": "Feature", "properties": {"name": "Some South Bay", "step": 1531, "lat": 37.54309, "lon": -122.0878, "elevation_m": 6.4, "time": null, "elevation_f": 20.997376000000003, "step_elevation_m": 0.10000000000000053, "step_elevation_f": 0.32808400000000404, "step_dist_m": 40.030173591880214, "step_dist_f": 131.33259472718427, "step_grade": 0.0024981155720065302, "step_turn": null, "coast_speed_mps": 0.0, "coast_speed_mph": 0.0}, "geometry": {"type": "Point", "coordinates": [-122.0878, 37.54309]}}, {"id": "1532", "type": "Feature", "properties": {"name": "Some South Bay", "step": 1532, "lat": 37.54345, "lon": -122.08788, "elevation_m": 6.4, "time": null, "elevation_f": 20.997376000000003, "step_elevation_m": 0.0, "step_elevation_f": 0.0, "step_dist_m": 40.64681096224442, "step_dist_f": 133.35568327737, "step_grade": 0.0, "step_turn": null, "coast_speed_mps": 0.0, "coast_speed_mph": 0.0}, "geometry": {"type": "Point", "coordinates": [-122.08788, 37.54345]}}, {"id": "1533", "type": "Feature", "properties": {"name": "Some South Bay", "step": 1533, "lat": 37.54397, "lon": -122.08796, "elevation_m": 6.5, "time": null, "elevation_f": 21.32546, "step_elevation_m": 0.09999999999999964, "step_elevation_f": 0.32808399999999693, "step_dist_m": 58.24995916824365, "step_dist_f": 191.1087960375405, "step_grade": 0.0017167394008151858, "step_turn": 3.038117283408269, "coast_speed_mps": 0.0, "coast_speed_mph": 0.0}, "geometry": {"type": "Point", "coordinates": [-122.08796, 37.54397]}}, {"id": "1534", "type": "Feature", "properties": {"name": "Some South Bay", "step": 1534, "lat": 37.54409, "lon": -122.08814, "elevation_m": 6.3, "time": null, "elevation_f": 20.669292, "step_elevation_m": -0.20000000000000018, "step_elevation_f": -0.656168000000001, "step_dist_m": 20.733847910492237, "step_dist_f": 68.02443757865935, "step_grade": -0.009646062846771023, "step_turn": 42.98773311752785, "coast_speed_mps": 0.8183002089509339, "coast_speed_mph": 1.8304854351980426}, "geometry": {"type": "Point", "coordinates": [-122.08814, 37.54409]}}, {"id": "1535", "type": "Feature", "properties": {"name": "Some South Bay", "step": 1535, "lat": 37.54431, "lon": -122.08905, "elevation_m": 6.4, "time": null, "elevation_f": 20.997376000000003, "step_elevation_m": 0.10000000000000053, "step_elevation_f": 0.32808400000000404, "step_dist_m": 83.87642274784193, "step_dist_f": 275.1851228080297, "step_grade": 0.0011922301491162897, "step_turn": 23.10027213299452, "coast_speed_mps": 0.0, "coast_speed_mph": 0.0}, "geometry": {"type": "Point", "coordinates": [-122.08905, 37.54431]}}, {"id": "1536", "type": "Feature", "properties": {"name": "Some South Bay", "step": 1536, "lat": 37.5445, "lon": -122.08957, "elevation_m": 6.3, "time": null, "elevation_f": 20.669292, "step_elevation_m": -0.10000000000000053, "step_elevation_f": -0.32808400000000404, "step_dist_m": 50.47929668031866, "step_dist_f": 165.61449572065666, "step_grade": -0.0019810101680554806, "step_turn": 7.784619014456382, "coast_speed_mps": 0.0, "coast_speed_mph": 0.0}, "geometry": {"type": "Point", "coordinates": [-122.08957, 37.5445]}}, {"id": "1537", "type": "Feature", "properties": {"name": "Some South Bay", "step": 1537, "lat": 37.54475, "lon": -122.08999, "elevation_m": 6.1, "time": null, "elevation_f": 20.013123999999998, "step_elevation_m": -0.20000000000000018, "step_elevation_f": -0.656168000000001, "step_dist_m": 46.302387774534, "step_dist_f": 151.91072590620212, "step_grade": -0.004319431666761662, "step_turn": 12.15489462786394, "coast_speed_mps": 0.0, "coast_speed_mph": 0.0}, "geometry": {"type": "Point", "coordinates": [-122.08999, 37.54475]}}, {"id": "1538", "type": "Feature", "properties": {"name": "Some South Bay", "step": 1538, "lat": 37.54533, "lon": -122.09022, "elevation_m": 6.6, "time": null, "elevation_f": 21.653544, "step_elevation_m": 0.5, "step_elevation_f": 1.6404200000000024, "step_dist_m": 67.60574615302703, "step_dist_f": 221.80363620869718, "step_grade": 0.0073958210426113705, "step_turn": 35.649312054855216, "coast_speed_mps": 0.0, "coast_speed_mph": 0.0}, "geometry": {"type": "Point", "coordinates": [-122.09022, 37.54533]}}, {"id": "1539", "type": "Feature", "properties": {"name": "Some South Bay", "step": 1539, "lat": 37.54555, "lon": -122.09041, "elevation_m": 6.5, "time": null, "elevation_f": 21.32546, "step_elevation_m": -0.09999999999999964, "step_elevation_f": -0.3280840000000005, "step_dist_m": 29.64841758815968, "step_dist_f": 97.2717143599378, "step_grade": -0.0033728612902408457, "step_turn": 16.947498335964497, "coast_speed_mps": 0.0, "coast_speed_mph": 0.0}, "geometry": {"type": "Point", "coordinates": [-122.09041, 37.54555]}}, {"id": "1540", "type": "Feature", "properties": {"name": "Some South Bay", "step": 1540, "lat": 37.54573, "lon": -122.09071, "elevation_m": 6.3, "time": null, "elevation_f": 20.669292, "step_elevation_m": -0.20000000000000018, "step_elevation_f": -0.656168000000001, "step_dist_m": 33.16845951946321, "step_dist_f": 108.82040872983569, "step_grade": -0.006029824806383921, "step_turn": 18.482033112724196, "coast_speed_mps": 0.0, "coast_speed_mph": 0.0}, "geometry": {"type": "Point", "coordinates": [-122.09071, 37.54573]}}, {"id": "1541", "type": "Feature", "properties": {"name": "Some South Bay", "step": 1541, "lat": 37.54607, "lon": -122.09093, "elevation_m": 6.3, "time": null, "elevation_f": 20.669292, "step_elevation_m": 0.0, "step_elevation_f": 0.0, "step_dist_m": 42.4912990354458, "step_dist_f": 139.40715352745198, "step_grade": 0.0, "step_turn": 25.724288808897597, "coast_speed_mps": 0.0, "coast_speed_mph": 0.0}, "geometry": {"type": "Point", "coordinates": [-122.09093, 37.54607]}}, {"id": "1542", "type": "Feature", "properties": {"name": "Some South Bay", "step": 1542, "lat": 37.54625, "lon": -122.09096, "elevation_m": 6.2, "time": null, "elevation_f": 20.341208, "step_elevation_m": -0.09999999999999964, "step_elevation_f": -0.32808399999999693, "step_dist_m": 20.189081998099553, "step_dist_f": 66.23714778264494, "step_grade": -0.004953172215032505, "step_turn": 19.631484952344806, "coast_speed_mps": 0.0, "coast_speed_mph": 0.0}, "geometry": {"type": "Point", "coordinates": [-122.09096, 37.54625]}}, {"id": "1543", "type": "Feature", "properties": {"name": "Some South Bay", "step": 1543, "lat": 37.54625, "lon": -122.09095, "elevation_m": 6.2, "time": null, "elevation_f": 20.341208, "step_elevation_m": 0.0, "step_elevation_f": 0.0, "step_dist_m": 0.8816219631903687, "step_dist_f": 2.892460601713489, "step_grade": null, "step_turn": 97.52765450885187, "coast_speed_mps": 0.0, "coast_speed_mph": 0.0}, "geometry": {"type": "Point", "coordinates": [-122.09095, 37.54625]}}, {"id": "1544", "type": "Feature", "properties": {"name": "Some South Bay", "step": 1544, "lat": 37.54641, "lon": -122.09098, "elevation_m": 5.6, "time": null, "elevation_f": 18.372704, "step_elevation_m": -0.6000000000000005, "step_elevation_f": -1.968504000000003, "step_dist_m": 17.986708436974123, "step_dist_f": 59.01151250836218, "step_grade": -0.033357965527846055, "step_turn": 98.45573061488636, "coast_speed_mps": 2.9914555393207087, "coast_speed_mph": 6.691695461973661}, "geometry": {"type": "Point", "coordinates": [-122.09098, 37.54641]}}, {"id": "1545", "type": "Feature", "properties": {"name": "Some South Bay", "step": 1545, "lat": 37.54691, "lon": -122.09075, "elevation_m": 4.8, "time": null, "elevation_f": 15.748031999999998, "step_elevation_m": -0.7999999999999998, "step_elevation_f": -2.6246720000000003, "step_dist_m": 59.17974746586584, "step_dist_f": 194.15928267591127, "step_grade": -0.013518138117460372, "step_turn": 28.493302805609233, "coast_speed_mps": 1.991202338729122, "coast_speed_mph": 4.454192776326771}, "geometry": {"type": "Point", "coordinates": [-122.09075, 37.54691]}}, {"id": "1546", "type": "Feature", "properties": {"name": "Some South Bay", "step": 1546, "lat": 37.547, "lon": -122.09066, "elevation_m": 5.1, "time": null, "elevation_f": 16.732284, "step_elevation_m": 0.2999999999999998, "step_elevation_f": 0.9842520000000015, "step_dist_m": 12.77135757574704, "step_dist_f": 41.90078078881392, "step_grade": 0.02349006346589993, "step_turn": 18.371690491877075, "coast_speed_mps": 1.8280309109753898, "coast_speed_mph": 4.089188687758115}, "geometry": {"type": "Point", "coordinates": [-122.09066, 37.547]}}, {"id": "1547", "type": "Feature", "properties": {"name": "Some South Bay", "step": 1547, "lat": 37.54729, "lon": -122.09032, "elevation_m": 5.0, "time": null, "elevation_f": 16.4042, "step_elevation_m": -0.09999999999999964, "step_elevation_f": -0.3280840000000005, "step_dist_m": 44.026429153384136, "step_dist_f": 144.4436698235888, "step_grade": -0.002271362950004612, "step_turn": 4.499658312726922, "coast_speed_mps": 0.0, "coast_speed_mph": 0.0}, "geometry": {"type": "Point", "coordinates": [-122.09032, 37.54729]}}, {"id": "1548", "type": "Feature", "properties": {"name": "Some South Bay", "step": 1548, "lat": 37.54757, "lon": -122.09008, "elevation_m": 4.5, "time": null, "elevation_f": 14.76378, "step_elevation_m": -0.5, "step_elevation_f": -1.6404199999999989, "step_dist_m": 37.64369883828648, "step_dist_f": 123.50295289660382, "step_grade": -0.013282435452157593, "step_turn": 8.709552732168618, "coast_speed_mps": 2.7000781952198247, "coast_speed_mph": 6.039902906271971}, "geometry": {"type": "Point", "coordinates": [-122.09008, 37.54757]}}, {"id": "1549", "type": "Feature", "properties": {"name": "Some South Bay", "step": 1549, "lat": 37.54767, "lon": -122.09001, "elevation_m": 4.1, "time": null, "elevation_f": 13.451443999999999, "step_elevation_m": -0.40000000000000036, "step_elevation_f": -1.312336000000002, "step_dist_m": 12.717205836789475, "step_dist_f": 41.72311759757238, "step_grade": -0.03145345016299449, "step_turn": 5.1694195378330505, "coast_speed_mps": 3.015698055221771, "coast_speed_mph": 6.745924425603453}, "geometry": {"type": "Point", "coordinates": [-122.09001, 37.54767]}}, {"id": "1550", "type": "Feature", "properties": {"name": "Some South Bay", "step": 1550, "lat": 37.5481, "lon": -122.09018, "elevation_m": 6.3, "time": null, "elevation_f": 20.669292, "step_elevation_m": 2.2, "step_elevation_f": 7.217848, "step_dist_m": 50.10767144862951, "step_dist_f": 164.39525279552163, "step_grade": 0.04390545272604505, "step_turn": 46.433497045160834, "coast_speed_mps": 0.0, "coast_speed_mph": 0.0}, "geometry": {"type": "Point", "coordinates": [-122.09018, 37.5481]}}, {"id": "1551", "type": "Feature", "properties": {"name": "Some South Bay", "step": 1551, "lat": 37.54838, "lon": -122.09022, "elevation_m": 7.8, "time": null, "elevation_f": 25.590552, "step_elevation_m": 1.5, "step_elevation_f": 4.92126, "step_dist_m": 31.333647901856715, "step_dist_f": 102.80068538232759, "step_grade": 0.047871859819779095, "step_turn": 10.941614101360415, "coast_speed_mps": 0.0, "coast_speed_mph": 0.0}, "geometry": {"type": "Point", "coordinates": [-122.09022, 37.54838]}}, {"id": "1552", "type": "Feature", "properties": {"name": "Some South Bay", "step": 1552, "lat": 37.54858, "lon": -122.09028, "elevation_m": 8.3, "time": null, "elevation_f": 27.230972, "step_elevation_m": 0.5000000000000009, "step_elevation_f": 1.6404200000000024, "step_dist_m": 22.859397557032832, "step_dist_f": 74.9980258810156, "step_grade": 0.021872842394578894, "step_turn": 6.9173194879498965, "coast_speed_mps": 0.0, "coast_speed_mph": 0.0}, "geometry": {"type": "Point", "coordinates": [-122.09028, 37.54858]}}, {"id": "1553", "type": "Feature", "properties": {"name": "Some South Bay", "step": 1553, "lat": 37.54877, "lon": -122.09038, "elevation_m": 8.7, "time": null, "elevation_f": 28.543307999999996, "step_elevation_m": 0.3999999999999986, "step_elevation_f": 1.3123359999999948, "step_dist_m": 22.892625985023596, "step_dist_f": 75.10704303670481, "step_grade": 0.01747287533818442, "step_turn": 9.270614033956463, "coast_speed_mps": 0.0, "coast_speed_mph": 0.0}, "geometry": {"type": "Point", "coordinates": [-122.09038, 37.54877]}}, {"id": "1554", "type": "Feature", "properties": {"name": "Some South Bay", "step": 1554, "lat": 37.5492, "lon": -122.09073, "elevation_m": 9.9, "time": null, "elevation_f": 32.480316, "step_elevation_m": 1.200000000000001, "step_elevation_f": 3.937008000000006, "step_dist_m": 56.905461470443626, "step_dist_f": 186.69771421069026, "step_grade": 0.02108760686570083, "step_turn": 10.185342817819787, "coast_speed_mps": 0.0, "coast_speed_mph": 0.0}, "geometry": {"type": "Point", "coordinates": [-122.09073, 37.5492]}}, {"id": "1555", "type": "Feature", "properties": {"name": "Some South Bay", "step": 1555, "lat": 37.54942, "lon": -122.09093, "elevation_m": 10.7, "time": null, "elevation_f": 35.104988, "step_elevation_m": 0.7999999999999989, "step_elevation_f": 2.624671999999997, "step_dist_m": 30.154768726000736, "step_dist_f": 98.93297142701225, "step_grade": 0.026529800552249124, "step_turn": 2.947045072357355, "coast_speed_mps": 0.0, "coast_speed_mph": 0.0}, "geometry": {"type": "Point", "coordinates": [-122.09093, 37.54942]}}, {"id": "1556", "type": "Feature", "properties": {"name": "Some South Bay", "step": 1556, "lat": 37.54966, "lon": -122.09096, "elevation_m": 11.0, "time": null, "elevation_f": 36.08924, "step_elevation_m": 0.3000000000000007, "step_elevation_f": 0.9842519999999979, "step_dist_m": 26.817513917798262, "step_dist_f": 87.98397236206925, "step_grade": 0.011186719280525722, "step_turn": 30.12254558149789, "coast_speed_mps": 0.0, "coast_speed_mph": 0.0}, "geometry": {"type": "Point", "coordinates": [-122.09096, 37.54966]}}, {"id": "1557", "type": "Feature", "properties": {"name": "Some South Bay", "step": 1557, "lat": 37.54993, "lon": -122.09084, "elevation_m": 12.0, "time": null, "elevation_f": 39.37008, "step_elevation_m": 1.0, "step_elevation_f": 3.280840000000005, "step_dist_m": 31.831945082304635, "step_dist_f": 104.43551870382834, "step_grade": 0.031414982572205416, "step_turn": 25.07041203379788, "coast_speed_mps": 0.0, "coast_speed_mph": 0.0}, "geometry": {"type": "Point", "coordinates": [-122.09084, 37.54993]}}, {"id": "1558", "type": "Feature", "properties": {"name": "Some South Bay", "step": 1558, "lat": 37.55012, "lon": -122.09056, "elevation_m": 15.8, "time": null, "elevation_f": 51.837272, "step_elevation_m": 3.8000000000000007, "step_elevation_f": 12.467191999999997, "step_dist_m": 32.490916383171346, "step_dist_f": 106.59749810656388, "step_grade": 0.11695576558032106, "step_turn": 30.029185455881986, "coast_speed_mps": 0.0, "coast_speed_mph": 0.0}, "geometry": {"type": "Point", "coordinates": [-122.09056, 37.55012]}}, {"id": "1559", "type": "Feature", "properties": {"name": "Some South Bay", "step": 1559, "lat": 37.55019, "lon": -122.0904, "elevation_m": 16.1, "time": null, "elevation_f": 52.821524000000004, "step_elevation_m": 0.3000000000000007, "step_elevation_f": 0.984252000000005, "step_dist_m": 16.1103117865062, "step_dist_f": 52.85535532164101, "step_grade": 0.01862161353396506, "step_turn": 11.668942792695134, "coast_speed_mps": 0.0, "coast_speed_mph": 0.0}, "geometry": {"type": "Point", "coordinates": [-122.0904, 37.55019]}}, {"id": "1560", "type": "Feature", "properties": {"name": "Some South Bay", "step": 1560, "lat": 37.5504, "lon": -122.08987, "elevation_m": 15.8, "time": null, "elevation_f": 51.837272, "step_elevation_m": -0.3000000000000007, "step_elevation_f": -0.984252000000005, "step_dist_m": 52.23356121866118, "step_dist_f": 171.36995698863234, "step_grade": -0.00574343378090065, "step_turn": 2.3365361529664597, "coast_speed_mps": 0.0, "coast_speed_mph": 0.0}, "geometry": {"type": "Point", "coordinates": [-122.08987, 37.5504]}}, {"id": "1561", "type": "Feature", "properties": {"name": "Some South Bay", "step": 1561, "lat": 37.55047, "lon": -122.08976, "elevation_m": 15.8, "time": null, "elevation_f": 51.837272, "step_elevation_m": 0.0, "step_elevation_f": 0.0, "step_dist_m": 12.434737597219376, "step_dist_f": 40.796384498461215, "step_grade": 0.0, "step_turn": 12.198059943547548, "coast_speed_mps": 0.0, "coast_speed_mph": 0.0}, "geometry": {"type": "Point", "coordinates": [-122.08976, 37.55047]}}, {"id": "1562", "type": "Feature", "properties": {"name": "Some South Bay", "step": 1562, "lat": 37.55062, "lon": -122.0896, "elevation_m": 15.5, "time": null, "elevation_f": 50.85302, "step_elevation_m": -0.3000000000000007, "step_elevation_f": -0.9842519999999979, "step_dist_m": 21.843808044879673, "step_dist_f": 71.66603918596303, "step_grade": -0.013733869084714037, "step_turn": 11.027139907980995, "coast_speed_mps": 4.6424259920495965, "coast_speed_mph": 10.384811184792394}, "geometry": {"type": "Point", "coordinates": [-122.0896, 37.55062]}}, {"id": "1563", "type": "Feature", "properties": {"name": "Some South Bay", "step": 1563, "lat": 37.55062, "lon": -122.08957, "elevation_m": 15.2, "time": null, "elevation_f": 49.868767999999996, "step_elevation_m": -0.3000000000000007, "step_elevation_f": -0.984252000000005, "step_dist_m": 2.644710837479315, "step_dist_f": 8.676873104035636, "step_grade": -0.11343395117098395, "step_turn": 49.779827358594844, "coast_speed_mps": 4.874055897560108, "coast_speed_mph": 10.902952526753989}, "geometry": {"type": "Point", "coordinates": [-122.08957, 37.55062]}}, {"id": "1564", "type": "Feature", "properties": {"name": "Some South Bay", "step": 1564, "lat": 37.55061, "lon": -122.08954, "elevation_m": 14.8, "time": null, "elevation_f": 48.556432, "step_elevation_m": -0.3999999999999986, "step_elevation_f": -1.3123359999999948, "step_dist_m": 2.8689593081723084, "step_dist_f": 9.412596456624037, "step_grade": -0.13942337866577184, "step_turn": 22.80396055927787, "coast_speed_mps": 5.109078510393249, "coast_speed_mph": 11.42868313885389}, "geometry": {"type": "Point", "coordinates": [-122.08954, 37.55061]}}, {"id": "1565", "type": "Feature", "properties": {"name": "Some South Bay", "step": 1565, "lat": 37.55059, "lon": -122.08952, "elevation_m": 14.4, "time": null, "elevation_f": 47.244096, "step_elevation_m": -0.40000000000000036, "step_elevation_f": -1.312336000000002, "step_dist_m": 2.83802589488784, "step_dist_f": 9.31110887698382, "step_grade": -0.14094304097806992, "step_turn": 28.788119417342955, "coast_speed_mps": 5.32694322387068, "coast_speed_mph": 11.91603262318959}, "geometry": {"type": "Point", "coordinates": [-122.08952, 37.55059]}}, {"id": "1566", "type": "Feature", "properties": {"name": "Some South Bay", "step": 1566, "lat": 37.55054, "lon": -122.0895, "elevation_m": 13.7, "time": null, "elevation_f": 44.947508, "step_elevation_m": -0.7000000000000011, "step_elevation_f": -2.296588, "step_dist_m": 5.832619350947762, "step_dist_f": 19.135890871363454, "step_grade": -0.12001468943558878, "step_turn": 20.81273184039628, "coast_speed_mps": 5.740626233629609, "coast_speed_mph": 12.841415161125632}, "geometry": {"type": "Point", "coordinates": [-122.0895, 37.55054]}}, {"id": "1567", "type": "Feature", "properties": {"name": "Some South Bay", "step": 1567, "lat": 37.55021, "lon": -122.08951, "elevation_m": 11.6, "time": null, "elevation_f": 38.057744, "step_elevation_m": -2.0999999999999996, "step_elevation_f": -6.8897639999999996, "step_dist_m": 36.70491406614937, "step_dist_f": 120.4229502647855, "step_grade": -0.05721304771931607, "step_turn": 18.97145423708679, "coast_speed_mps": 7.732976858165855, "coast_speed_mph": 17.298176579648008}, "geometry": {"type": "Point", "coordinates": [-122.08951, 37.55021]}}, {"id": "1568", "type": "Feature", "properties": {"name": "Some South Bay", "step": 1568, "lat": 37.54994, "lon": -122.08948, "elevation_m": 8.2, "time": null, "elevation_f": 26.902887999999997, "step_elevation_m": -3.4000000000000004, "step_elevation_f": -11.154856000000002, "step_dist_m": 30.138893833496475, "step_dist_f": 98.88088844468858, "step_grade": -0.11281104139997428, "step_turn": 6.410526057139521, "coast_speed_mps": 10.438752737960757, "coast_speed_mph": 23.35082484332665}, "geometry": {"type": "Point", "coordinates": [-122.08948, 37.54994]}}, {"id": "1569", "type": "Feature", "properties": {"name": "Some South Bay", "step": 1569, "lat": 37.54969, "lon": -122.08943, "elevation_m": 6.0, "time": null, "elevation_f": 19.68504, "step_elevation_m": -2.1999999999999993, "step_elevation_f": -7.2178479999999965, "step_dist_m": 28.146030902010445, "step_dist_f": 92.34262402455195, "step_grade": -0.07816377405607322, "step_turn": 3.9758241060120554, "coast_speed_mps": 10.88811779754017, "coast_speed_mph": 24.356025853481025}, "geometry": {"type": "Point", "coordinates": [-122.08943, 37.54969]}}, {"id": "1570", "type": "Feature", "properties": {"name": "Some South Bay", "step": 1570, "lat": 37.54959, "lon": -122.08938, "elevation_m": 5.6, "time": null, "elevation_f": 18.372704, "step_elevation_m": -0.40000000000000036, "step_elevation_f": -1.312336000000002, "step_dist_m": 11.961303522062854, "step_dist_f": 39.243123047324694, "step_grade": -0.03344117129560275, "step_turn": 12.613930909188412, "coast_speed_mps": 10.948321488734358, "coast_speed_mph": 24.49069767522894}, "geometry": {"type": "Point", "coordinates": [-122.08938, 37.54959]}}, {"id": "1571", "type": "Feature", "properties": {"name": "Some South Bay", "step": 1571, "lat": 37.54952, "lon": -122.08932, "elevation_m": 5.4, "time": null, "elevation_f": 17.716536, "step_elevation_m": -0.1999999999999993, "step_elevation_f": -0.6561679999999974, "step_dist_m": 9.410839949934456, "step_dist_f": 30.87546014134296, "step_grade": -0.021252088130708485, "step_turn": 12.574673136728109, "coast_speed_mps": 10.70653373648091, "coast_speed_mph": 23.949833877238945}, "geometry": {"type": "Point", "coordinates": [-122.08932, 37.54952]}}, {"id": "1572", "type": "Feature", "properties": {"name": "Some South Bay", "step": 1572, "lat": 37.54947, "lon": -122.08924, "elevation_m": 5.3, "time": null, "elevation_f": 17.388452, "step_elevation_m": -0.10000000000000053, "step_elevation_f": -0.3280840000000005, "step_dist_m": 8.98058543541572, "step_dist_f": 29.463863919929313, "step_grade": -0.011135131525573135, "step_turn": 17.55197515083256, "coast_speed_mps": 10.429676970434775, "coast_speed_mph": 23.330522929569533}, "geometry": {"type": "Point", "coordinates": [-122.08924, 37.54947]}}, {"id": "1573", "type": "Feature", "properties": {"name": "Some South Bay", "step": 1573, "lat": 37.54941, "lon": -122.08908, "elevation_m": 5.0, "time": null, "elevation_f": 16.4042, "step_elevation_m": -0.2999999999999998, "step_elevation_f": -0.9842520000000015, "step_dist_m": 15.603600797576238, "step_dist_f": 51.192917640720026, "step_grade": -0.019226331402082516, "step_turn": 12.935671520912479, "coast_speed_mps": 10.007600957286657, "coast_speed_mph": 22.386365777752875}, "geometry": {"type": "Point", "coordinates": [-122.08908, 37.54941]}}, {"id": "1574", "type": "Feature", "properties": {"name": "Some South Bay", "step": 1574, "lat": 37.54939, "lon": -122.08885, "elevation_m": 4.9, "time": null, "elevation_f": 16.076116000000003, "step_elevation_m": -0.09999999999999964, "step_elevation_f": -0.32808399999999693, "step_dist_m": 20.398041086964934, "step_dist_f": 66.92270911975804, "step_grade": -0.004902431541031808, "step_turn": 19.05460602279834, "coast_speed_mps": 9.330875004972766, "coast_speed_mph": 20.872572935246858}, "geometry": {"type": "Point", "coordinates": [-122.08885, 37.54939]}}, {"id": "1575", "type": "Feature", "properties": {"name": "Some South Bay", "step": 1575, "lat": 37.54938, "lon": -122.08869, "elevation_m": 4.6, "time": null, "elevation_f": 15.091864, "step_elevation_m": -0.3000000000000007, "step_elevation_f": -0.9842520000000032, "step_dist_m": 14.149118715302764, "step_dist_f": 46.42099464591392, "step_grade": -0.021202733967843543, "step_turn": 1.7516970215956462, "coast_speed_mps": 8.905251847303147, "coast_speed_mph": 19.920481047116894}, "geometry": {"type": "Point", "coordinates": [-122.08869, 37.54938]}}, {"id": "1576", "type": "Feature", "properties": {"name": "Some South Bay", "step": 1576, "lat": 37.54945, "lon": -122.08829, "elevation_m": 4.7, "time": null, "elevation_f": 15.419948, "step_elevation_m": 0.10000000000000053, "step_elevation_f": 0.3280840000000005, "step_dist_m": 36.11220270578392, "step_dist_f": 118.47835912524413, "step_grade": 0.0027691470613057895, "step_turn": 16.954718337567442, "coast_speed_mps": 7.163806136308246, "coast_speed_mph": 16.024977935549924}, "geometry": {"type": "Point", "coordinates": [-122.08829, 37.54945]}}, {"id": "1577", "type": "Feature", "properties": {"name": "Some South Bay", "step": 1577, "lat": 37.54948, "lon": -122.088, "elevation_m": 4.7, "time": null, "elevation_f": 15.419948, "step_elevation_m": 0.0, "step_elevation_f": 0.0, "step_dist_m": 25.78264677593908, "step_dist_f": 84.58873884837197, "step_grade": 0.0, "step_turn": 5.01331124453543, "coast_speed_mps": 6.1538204606124465, "coast_speed_mph": 13.765704323130905}, "geometry": {"type": "Point", "coordinates": [-122.088, 37.54948]}}, {"id": "1578", "type": "Feature", "properties": {"name": "Some South Bay", "step": 1578, "lat": 37.54953, "lon": -122.08746, "elevation_m": 4.9, "time": null, "elevation_f": 16.076116000000003, "step_elevation_m": 0.20000000000000018, "step_elevation_f": 0.6561680000000027, "step_dist_m": 47.929063155099946, "step_dist_f": 157.24758756177812, "step_grade": 0.004172833492546974, "step_turn": 0.7726127682455513, "coast_speed_mps": 3.6773614875066065, "coast_speed_mph": 8.226023370406681}, "geometry": {"type": "Point", "coordinates": [-122.08746, 37.54953]}}, {"id": "1579", "type": "Feature", "properties": {"name": "Some South Bay", "step": 1579, "lat": 37.54959, "lon": -122.08691, "elevation_m": 4.6, "time": null, "elevation_f": 15.091864, "step_elevation_m": -0.3000000000000007, "step_elevation_f": -0.9842520000000032, "step_dist_m": 48.943906808335804, "step_dist_f": 160.57712721306044, "step_grade": -0.006129465740746848, "step_turn": 1.17328313587808, "coast_speed_mps": 2.6500664957406808, "coast_speed_mph": 5.928029920679755}, "geometry": {"type": "Point", "coordinates": [-122.08691, 37.54959]}}, {"id": "1580", "type": "Feature", "properties": {"name": "Some South Bay", "step": 1580, "lat": 37.54967, "lon": -122.08641, "elevation_m": 3.9, "time": null, "elevation_f": 12.795276, "step_elevation_m": -0.6999999999999997, "step_elevation_f": -2.296588, "step_dist_m": 44.96775066472484, "step_dist_f": 147.53199509085584, "step_grade": -0.01556671146882866, "step_turn": 3.5750311174421086, "coast_speed_mps": 3.3844213823422415, "coast_speed_mph": 7.57073501776628}, "geometry": {"type": "Point", "coordinates": [-122.08641, 37.54967]}}, {"id": "1581", "type": "Feature", "properties": {"name": "Some South Bay", "step": 1581, "lat": 37.55002, "lon": -122.08581, "elevation_m": 3.8, "time": null, "elevation_f": 12.467191999999999, "step_elevation_m": -0.10000000000000009, "step_elevation_f": -0.3280840000000005, "step_dist_m": 65.66950989963874, "step_dist_f": 215.45115485913075, "step_grade": -0.00152277670646283, "step_turn": 24.93483568801912, "coast_speed_mps": 0.0, "coast_speed_mph": 0.0}, "geometry": {"type": "Point", "coordinates": [-122.08581, 37.55002]}}, {"id": "1582", "type": "Feature", "properties": {"name": "Some South Bay", "step": 1582, "lat": 37.55013, "lon": -122.0857, "elevation_m": 3.6, "time": null, "elevation_f": 11.811024, "step_elevation_m": -0.19999999999999973, "step_elevation_f": -0.6561679999999992, "step_dist_m": 15.609184854236796, "step_dist_f": 51.21123803717425, "step_grade": -0.012812968894126062, "step_turn": 15.247322706221837, "coast_speed_mps": 1.2140767460416113, "coast_speed_mph": 2.7158123345597933}, "geometry": {"type": "Point", "coordinates": [-122.0857, 37.55013]}}, {"id": "1583", "type": "Feature", "properties": {"name": "Some South Bay", "step": 1583, "lat": 37.55039, "lon": -122.08558, "elevation_m": 2.3, "time": null, "elevation_f": 7.545932, "step_elevation_m": -1.3000000000000003, "step_elevation_f": -4.265092, "step_dist_m": 30.78539392785935, "step_dist_f": 101.00195181427807, "step_grade": -0.04222781761527374, "step_turn": 18.30971722986766, "coast_speed_mps": 4.671767475799905, "coast_speed_mph": 10.450446214656184}, "geometry": {"type": "Point", "coordinates": [-122.08558, 37.55039]}}, {"id": "1584", "type": "Feature", "properties": {"name": "Some South Bay", "step": 1584, "lat": 37.55067, "lon": -122.0855, "elevation_m": 2.3, "time": null, "elevation_f": 7.545932, "step_elevation_m": 0.0, "step_elevation_f": 0.0, "step_dist_m": 31.92335809778868, "step_dist_f": 104.735430181549, "step_grade": 0.0, "step_turn": 7.335203441326939, "coast_speed_mps": 3.444267978687317, "coast_speed_mph": 7.70460804108651}, "geometry": {"type": "Point", "coordinates": [-122.0855, 37.55067]}}, {"id": "1585", "type": "Feature", "properties": {"name": "Some South Bay", "step": 1585, "lat": 37.55118, "lon": -122.08533, "elevation_m": 2.3, "time": null, "elevation_f": 7.545932, "step_elevation_m": 0.0, "step_elevation_f": 0.0, "step_dist_m": 58.6562584657929, "step_dist_f": 192.44179902491197, "step_grade": 0.0, "step_turn": 2.0399563137330006, "coast_speed_mps": 0.0, "coast_speed_mph": 0.0}, "geometry": {"type": "Point", "coordinates": [-122.08533, 37.55118]}}, {"id": "1586", "type": "Feature", "properties": {"name": "Some South Bay", "step": 1586, "lat": 37.55126, "lon": -122.08542, "elevation_m": 2.3, "time": null, "elevation_f": 7.545932, "step_elevation_m": 0.0, "step_elevation_f": 0.0, "step_dist_m": 11.919775169068261, "step_dist_f": 39.10687516568591, "step_grade": 0.0, "step_turn": 56.5331815566239, "coast_speed_mps": 0.0, "coast_speed_mph": 0.0}, "geometry": {"type": "Point", "coordinates": [-122.08542, 37.55126]}}, {"id": "1587", "type": "Feature", "properties": {"name": "Some South Bay", "step": 1587, "lat": 37.55131, "lon": -122.08565, "elevation_m": 2.3, "time": null, "elevation_f": 7.545932, "step_elevation_m": 0.0, "step_elevation_f": 0.0, "step_dist_m": 21.024374895127234, "step_dist_f": 68.97761013092924, "step_grade": 0.0, "step_turn": 32.93601849971395, "coast_speed_mps": 0.0, "coast_speed_mph": 0.0}, "geometry": {"type": "Point", "coordinates": [-122.08565, 37.55131]}}, {"id": "1588", "type": "Feature", "properties": {"name": "Some South Bay", "step": 1588, "lat": 37.55156, "lon": -122.08557, "elevation_m": 2.4, "time": null, "elevation_f": 7.874015999999999, "step_elevation_m": 0.10000000000000009, "step_elevation_f": 0.3280839999999996, "step_dist_m": 28.679383330717055, "step_dist_f": 94.09246800674974, "step_grade": 0.003486825321411116, "step_turn": 88.90154440921765, "coast_speed_mps": 0.0, "coast_speed_mph": 0.0}, "geometry": {"type": "Point", "coordinates": [-122.08557, 37.55156]}}, {"id": "1589", "type": "Feature", "properties": {"name": "Some South Bay", "step": 1589, "lat": 37.55156, "lon": -122.08557, "elevation_m": 2.4, "time": null, "elevation_f": 7.874015999999999, "step_elevation_m": 0.0, "step_elevation_f": 0.0, "step_dist_m": 0.0, "step_dist_f": 0.0, "step_grade": null, "step_turn": null, "coast_speed_mps": 0.0, "coast_speed_mph": 0.0}, "geometry": {"type": "Point", "coordinates": [-122.08557, 37.55156]}}, {"id": "1590", "type": "Feature", "properties": {"name": "Some South Bay", "step": 1590, "lat": 37.55179, "lon": -122.0855, "elevation_m": 2.3, "time": null, "elevation_f": 7.545932, "step_elevation_m": -0.10000000000000009, "step_elevation_f": -0.3280839999999996, "step_dist_m": 26.308784713145066, "step_dist_f": 86.31491323827485, "step_grade": -0.003801011756732174, "step_turn": null, "coast_speed_mps": 0.0, "coast_speed_mph": 0.0}, "geometry": {"type": "Point", "coordinates": [-122.0855, 37.55179]}}, {"id": "1591", "type": "Feature", "properties": {"name": "Some South Bay", "step": 1591, "lat": 37.55175, "lon": -122.08486, "elevation_m": 2.3, "time": null, "elevation_f": 7.545932, "step_elevation_m": 0.0, "step_elevation_f": 0.0, "step_dist_m": 56.594675030277784, "step_dist_f": 185.67807362633656, "step_grade": 0.0, "step_turn": 80.94187203173391, "coast_speed_mps": 0.0, "coast_speed_mph": 0.0}, "geometry": {"type": "Point", "coordinates": [-122.08486, 37.55175]}}, {"id": "1592", "type": "Feature", "properties": {"name": "Some South Bay", "step": 1592, "lat": 37.55174, "lon": -122.08412, "elevation_m": 2.3, "time": null, "elevation_f": 7.545932, "step_elevation_m": 0.0, "step_elevation_f": 0.0, "step_dist_m": 65.2446919621282, "step_dist_f": 214.0573951770287, "step_grade": 0.0, "step_turn": 3.5310506776834814, "coast_speed_mps": 0.0, "coast_speed_mph": 0.0}, "geometry": {"type": "Point", "coordinates": [-122.08412, 37.55174]}}, {"id": "1593", "type": "Feature", "properties": {"name": "Some South Bay", "step": 1593, "lat": 37.55152, "lon": -122.0831, "elevation_m": 2.3, "time": null, "elevation_f": 7.545932, "step_elevation_m": 0.0, "step_elevation_f": 0.0, "step_dist_m": 93.18717850053625, "step_dist_f": 305.73222271169936, "step_grade": 0.0, "step_turn": 14.242640827979812, "coast_speed_mps": 0.0, "coast_speed_mph": 0.0}, "geometry": {"type": "Point", "coordinates": [-122.0831, 37.55152]}}, {"id": "1594", "type": "Feature", "properties": {"name": "Some South Bay", "step": 1594, "lat": 37.55131, "lon": -122.08208, "elevation_m": 2.3, "time": null, "elevation_f": 7.545932, "step_elevation_m": 0.0, "step_elevation_f": 0.0, "step_dist_m": 92.90172412542145, "step_dist_f": 304.7956925796477, "step_grade": 0.0, "step_turn": 0.6617837709699188, "coast_speed_mps": 0.0, "coast_speed_mph": 0.0}, "geometry": {"type": "Point", "coordinates": [-122.08208, 37.55131]}}, {"id": "1595", "type": "Feature", "properties": {"name": "Some South Bay", "step": 1595, "lat": 37.55129, "lon": -122.08187, "elevation_m": 2.3, "time": null, "elevation_f": 7.545932, "step_elevation_m": 0.0, "step_elevation_f": 0.0, "step_dist_m": 18.645904261660434, "step_dist_f": 61.17422853782602, "step_grade": 0.0, "step_turn": 7.7072418946572725, "coast_speed_mps": 0.0, "coast_speed_mph": 0.0}, "geometry": {"type": "Point", "coordinates": [-122.08187, 37.55129]}}, {"id": "1596", "type": "Feature", "properties": {"name": "Some South Bay", "step": 1596, "lat": 37.55128, "lon": -122.08152, "elevation_m": 2.4, "time": null, "elevation_f": 7.874015999999999, "step_elevation_m": 0.10000000000000009, "step_elevation_f": 0.3280839999999996, "step_dist_m": 30.874714316098853, "step_dist_f": 101.29499771682976, "step_grade": 0.0032388963660096954, "step_turn": 4.786074269759467, "coast_speed_mps": 0.0, "coast_speed_mph": 0.0}, "geometry": {"type": "Point", "coordinates": [-122.08152, 37.55128]}}, {"id": "1597", "type": "Feature", "properties": {"name": "Some South Bay", "step": 1597, "lat": 37.5513, "lon": -122.08126, "elevation_m": 2.4, "time": null, "elevation_f": 7.874015999999999, "step_elevation_m": 0.0, "step_elevation_f": 0.0, "step_dist_m": 23.028256574598867, "step_dist_f": 75.55202530020695, "step_grade": 0.0, "step_turn": 7.6057589852066485, "coast_speed_mps": 0.0, "coast_speed_mph": 0.0}, "geometry": {"type": "Point", "coordinates": [-122.08126, 37.5513]}}, {"id": "1598", "type": "Feature", "properties": {"name": "Some South Bay", "step": 1598, "lat": 37.55161, "lon": -122.08043, "elevation_m": 2.5, "time": null, "elevation_f": 8.2021, "step_elevation_m": 0.10000000000000009, "step_elevation_f": 0.3280840000000005, "step_dist_m": 80.88255710935186, "step_dist_f": 265.362728666646, "step_grade": 0.0012363605154669104, "step_turn": 19.683631924627775, "coast_speed_mps": 0.0, "coast_speed_mph": 0.0}, "geometry": {"type": "Point", "coordinates": [-122.08043, 37.55161]}}, {"id": "1599", "type": "Feature", "properties": {"name": "Some South Bay", "step": 1599, "lat": 37.55182, "lon": -122.07981, "elevation_m": 2.6, "time": null, "elevation_f": 8.530184, "step_elevation_m": 0.10000000000000009, "step_elevation_f": 0.3280840000000005, "step_dist_m": 59.43572218006352, "step_dist_f": 194.9990947572396, "step_grade": 0.0016824898618552162, "step_turn": 2.091721119627209, "coast_speed_mps": 0.0, "coast_speed_mph": 0.0}, "geometry": {"type": "Point", "coordinates": [-122.07981, 37.55182]}}, {"id": "1600", "type": "Feature", "properties": {"name": "Some South Bay", "step": 1600, "lat": 37.55202, "lon": -122.0795, "elevation_m": 2.7, "time": null, "elevation_f": 8.858268, "step_elevation_m": 0.10000000000000009, "step_elevation_f": 0.3280840000000005, "step_dist_m": 35.23355064611926, "step_dist_f": 115.59564230181392, "step_grade": 0.0028382038757429184, "step_turn": 16.00407180506761, "coast_speed_mps": 0.0, "coast_speed_mph": 0.0}, "geometry": {"type": "Point", "coordinates": [-122.0795, 37.55202]}}, {"id": "1601", "type": "Feature", "properties": {"name": "Some South Bay", "step": 1601, "lat": 37.55225, "lon": -122.07921, "elevation_m": 2.8, "time": null, "elevation_f": 9.186352, "step_elevation_m": 0.09999999999999964, "step_elevation_f": 0.3280839999999987, "step_dist_m": 36.16133647940518, "step_dist_f": 118.63955917509169, "step_grade": 0.0027653845166080143, "step_turn": 5.873183501534243, "coast_speed_mps": 0.0, "coast_speed_mph": 0.0}, "geometry": {"type": "Point", "coordinates": [-122.07921, 37.55225]}}, {"id": "1602", "type": "Feature", "properties": {"name": "Some South Bay", "step": 1602, "lat": 37.55237, "lon": -122.07905, "elevation_m": 2.8, "time": null, "elevation_f": 9.186352, "step_elevation_m": 0.0, "step_elevation_f": 0.0, "step_dist_m": 19.41627158232412, "step_dist_f": 63.70168045815227, "step_grade": 0.0, "step_turn": 1.6000141938924344, "coast_speed_mps": 0.0, "coast_speed_mph": 0.0}, "geometry": {"type": "Point", "coordinates": [-122.07905, 37.55237]}}, {"id": "1603", "type": "Feature", "properties": {"name": "Some South Bay", "step": 1603, "lat": 37.55247, "lon": -122.07884, "elevation_m": 2.9, "time": null, "elevation_f": 9.514436, "step_elevation_m": 0.10000000000000009, "step_elevation_f": 0.3280840000000005, "step_dist_m": 21.59529665622653, "step_dist_f": 70.85071308161424, "step_grade": 0.004630637938986926, "step_turn": 12.42000494578241, "coast_speed_mps": 0.0, "coast_speed_mph": 0.0}, "geometry": {"type": "Point", "coordinates": [-122.07884, 37.55247]}}, {"id": "1604", "type": "Feature", "properties": {"name": "Some South Bay", "step": 1604, "lat": 37.55279, "lon": -122.07805, "elevation_m": 3.4, "time": null, "elevation_f": 11.154855999999999, "step_elevation_m": 0.5, "step_elevation_f": 1.6404199999999989, "step_dist_m": 78.205740790325, "step_dist_f": 256.58052261452985, "step_grade": 0.006393392543145069, "step_turn": 3.9269069141107025, "coast_speed_mps": 0.0, "coast_speed_mph": 0.0}, "geometry": {"type": "Point", "coordinates": [-122.07805, 37.55279]}}, {"id": "1605", "type": "Feature", "properties": {"name": "Some South Bay", "step": 1605, "lat": 37.5531, "lon": -122.07726, "elevation_m": 3.8, "time": null, "elevation_f": 12.467191999999999, "step_elevation_m": 0.3999999999999999, "step_elevation_f": 1.3123360000000002, "step_dist_m": 77.70586676978901, "step_dist_f": 254.94051593299457, "step_grade": 0.005147616475150297, "step_turn": 0.7300296295888415, "coast_speed_mps": 0.0, "coast_speed_mph": 0.0}, "geometry": {"type": "Point", "coordinates": [-122.07726, 37.5531]}}, {"id": "1606", "type": "Feature", "properties": {"name": "Some South Bay", "step": 1606, "lat": 37.55321, "lon": -122.07732, "elevation_m": 3.8, "time": null, "elevation_f": 12.467191999999999, "step_elevation_m": 0.0, "step_elevation_f": 0.0, "step_dist_m": 13.32607407152749, "step_dist_f": 43.72071685683025, "step_grade": 0.0, "step_turn": 87.050953868455, "coast_speed_mps": 0.0, "coast_speed_mph": 0.0}, "geometry": {"type": "Point", "coordinates": [-122.07732, 37.55321]}}, {"id": "1607", "type": "Feature", "properties": {"name": "Some South Bay", "step": 1607, "lat": 37.55331, "lon": -122.07735, "elevation_m": 3.8, "time": null, "elevation_f": 12.467191999999999, "step_elevation_m": 0.0, "step_elevation_f": 0.0, "step_dist_m": 11.429659531881903, "step_dist_f": 37.498884178579424, "step_grade": 0.0, "step_turn": 10.006644022545288, "coast_speed_mps": 0.0, "coast_speed_mph": 0.0}, "geometry": {"type": "Point", "coordinates": [-122.07735, 37.55331]}}, {"id": "1608", "type": "Feature", "properties": {"name": "Some South Bay", "step": 1608, "lat": 37.55339, "lon": -122.07719, "elevation_m": 3.8, "time": null, "elevation_f": 12.467191999999999, "step_elevation_m": 0.0, "step_elevation_f": 0.0, "step_dist_m": 16.675477686852133, "step_dist_f": 54.709574214131955, "step_grade": 0.0, "step_turn": 71.13928875650186, "coast_speed_mps": 0.0, "coast_speed_mph": 0.0}, "geometry": {"type": "Point", "coordinates": [-122.07719, 37.55339]}}, {"id": "1609", "type": "Feature", "properties": {"name": "Some South Bay", "step": 1609, "lat": 37.55347, "lon": -122.07717, "elevation_m": 3.9, "time": null, "elevation_f": 12.795276, "step_elevation_m": 0.10000000000000009, "step_elevation_f": 0.3280840000000005, "step_dist_m": 9.068628626769314, "step_dist_f": 29.752719543849835, "step_grade": 0.01102702559732286, "step_turn": 46.5503261934403, "coast_speed_mps": 0.0, "coast_speed_mph": 0.0}, "geometry": {"type": "Point", "coordinates": [-122.07717, 37.55347]}}, {"id": "1610", "type": "Feature", "properties": {"name": "Some South Bay", "step": 1610, "lat": 37.55369, "lon": -122.07729, "elevation_m": 3.9, "time": null, "elevation_f": 12.795276, "step_elevation_m": 0.0, "step_elevation_f": 0.0, "step_dist_m": 26.65212419906242, "step_dist_f": 87.44135515725195, "step_grade": 0.0, "step_turn": 34.595469266101304, "coast_speed_mps": 0.0, "coast_speed_mph": 0.0}, "geometry": {"type": "Point", "coordinates": [-122.07729, 37.55369]}}, {"id": "1611", "type": "Feature", "properties": {"name": "Some South Bay", "step": 1611, "lat": 37.55398, "lon": -122.07747, "elevation_m": 3.9, "time": null, "elevation_f": 12.795276, "step_elevation_m": 0.0, "step_elevation_f": 0.0, "step_dist_m": 35.93909745845999, "step_dist_f": 117.91042850561388, "step_grade": 0.0, "step_turn": 2.8154592918002095, "coast_speed_mps": 0.0, "coast_speed_mph": 0.0}, "geometry": {"type": "Point", "coordinates": [-122.07747, 37.55398]}}, {"id": "1612", "type": "Feature", "properties": {"name": "Some South Bay", "step": 1612, "lat": 37.55439, "lon": -122.07778, "elevation_m": 3.8, "time": null, "elevation_f": 12.467191999999999, "step_elevation_m": -0.10000000000000009, "step_elevation_f": -0.3280840000000005, "step_dist_m": 53.15285530831204, "step_dist_f": 174.38601380972247, "step_grade": -0.0018813664744810443, "step_turn": 4.738688211062652, "coast_speed_mps": 0.0, "coast_speed_mph": 0.0}, "geometry": {"type": "Point", "coordinates": [-122.07778, 37.55439]}}, {"id": "1613", "type": "Feature", "properties": {"name": "Some South Bay", "step": 1613, "lat": 37.55439, "lon": -122.07778, "elevation_m": 3.8, "time": null, "elevation_f": 12.467191999999999, "step_elevation_m": 0.0, "step_elevation_f": 0.0, "step_dist_m": 0.0, "step_dist_f": 0.0, "step_grade": null, "step_turn": null, "coast_speed_mps": 0.0, "coast_speed_mph": 0.0}, "geometry": {"type": "Point", "coordinates": [-122.07778, 37.55439]}}, {"id": "1614", "type": "Feature", "properties": {"name": "Some South Bay", "step": 1614, "lat": 37.55448, "lon": -122.07786, "elevation_m": 3.8, "time": null, "elevation_f": 12.467191999999999, "step_elevation_m": 0.0, "step_elevation_f": 0.0, "step_dist_m": 12.242731188843003, "step_dist_f": 40.16644219360368, "step_grade": 0.0, "step_turn": null, "coast_speed_mps": 0.0, "coast_speed_mph": 0.0}, "geometry": {"type": "Point", "coordinates": [-122.07786, 37.55448]}}, {"id": "1615", "type": "Feature", "properties": {"name": "Some South Bay", "step": 1615, "lat": 37.55506, "lon": -122.07819, "elevation_m": 3.9, "time": null, "elevation_f": 12.795276, "step_elevation_m": 0.10000000000000009, "step_elevation_f": 0.3280840000000005, "step_dist_m": 70.7502237039645, "step_dist_f": 232.12016393691488, "step_grade": 0.00141342309274418, "step_turn": 10.893788438453157, "coast_speed_mps": 0.0, "coast_speed_mph": 0.0}, "geometry": {"type": "Point", "coordinates": [-122.07819, 37.55506]}}, {"id": "1616", "type": "Feature", "properties": {"name": "Some South Bay", "step": 1616, "lat": 37.55565, "lon": -122.07856, "elevation_m": 3.8, "time": null, "elevation_f": 12.467191999999999, "step_elevation_m": -0.10000000000000009, "step_elevation_f": -0.3280840000000005, "step_dist_m": 73.26542287719151, "step_dist_f": 240.372129992405, "step_grade": -0.001364900331874443, "step_turn": 2.1564027292173478, "coast_speed_mps": 0.0, "coast_speed_mph": 0.0}, "geometry": {"type": "Point", "coordinates": [-122.07856, 37.55565]}}, {"id": "1617", "type": "Feature", "properties": {"name": "Some South Bay", "step": 1617, "lat": 37.55594, "lon": -122.07873, "elevation_m": 3.8, "time": null, "elevation_f": 12.467191999999999, "step_elevation_m": 0.0, "step_elevation_f": 0.0, "step_dist_m": 35.55852140033953, "step_dist_f": 116.66181935108995, "step_grade": 0.0, "step_turn": 1.5092516822573998, "coast_speed_mps": 0.0, "coast_speed_mph": 0.0}, "geometry": {"type": "Point", "coordinates": [-122.07873, 37.55594]}}, {"id": "1618", "type": "Feature", "properties": {"name": "Some South Bay", "step": 1618, "lat": 37.55627, "lon": -122.07885, "elevation_m": 3.8, "time": null, "elevation_f": 12.467191999999999, "step_elevation_m": 0.0, "step_elevation_f": 0.0, "step_dist_m": 38.188597773062334, "step_dist_f": 125.29067911777382, "step_grade": 0.0, "step_turn": 8.844328868627372, "coast_speed_mps": 0.0, "coast_speed_mph": 0.0}, "geometry": {"type": "Point", "coordinates": [-122.07885, 37.55627]}}, {"id": "1619", "type": "Feature", "properties": {"name": "Some South Bay", "step": 1619, "lat": 37.55628, "lon": -122.07877, "elevation_m": 3.8, "time": null, "elevation_f": 12.467191999999999, "step_elevation_m": 0.0, "step_elevation_f": 0.0, "step_dist_m": 7.139153826548598, "step_dist_f": 23.4224214402937, "step_grade": 0.0, "step_turn": 97.1203915191332, "coast_speed_mps": 0.0, "coast_speed_mph": 0.0}, "geometry": {"type": "Point", "coordinates": [-122.07877, 37.55628]}}, {"id": "1620", "type": "Feature", "properties": {"name": "Some South Bay", "step": 1620, "lat": 37.55641, "lon": -122.07855, "elevation_m": 3.8, "time": null, "elevation_f": 12.467191999999999, "step_elevation_m": 0.0, "step_elevation_f": 0.0, "step_dist_m": 24.187755182824212, "step_dist_f": 79.35615471401698, "step_grade": 0.0, "step_turn": 27.739917821153654, "coast_speed_mps": 0.0, "coast_speed_mph": 0.0}, "geometry": {"type": "Point", "coordinates": [-122.07855, 37.55641]}}, {"id": "1621", "type": "Feature", "properties": {"name": "Some South Bay", "step": 1621, "lat": 37.55652, "lon": -122.07839, "elevation_m": 3.8, "time": null, "elevation_f": 12.467191999999999, "step_elevation_m": 0.0, "step_elevation_f": 0.0, "step_dist_m": 18.668998422616152, "step_dist_f": 61.24999678485597, "step_grade": 0.0, "step_turn": 4.2324415462587694, "coast_speed_mps": 0.0, "coast_speed_mph": 0.0}, "geometry": {"type": "Point", "coordinates": [-122.07839, 37.55652]}}, {"id": "1622", "type": "Feature", "properties": {"name": "Some South Bay", "step": 1622, "lat": 37.55692, "lon": -122.07832, "elevation_m": 3.9, "time": null, "elevation_f": 12.795276, "step_elevation_m": 0.10000000000000009, "step_elevation_f": 0.3280840000000005, "step_dist_m": 44.90395062795012, "step_dist_f": 147.32267737820385, "step_grade": 0.0022269755467296424, "step_turn": 41.16882506548609, "coast_speed_mps": 0.0, "coast_speed_mph": 0.0}, "geometry": {"type": "Point", "coordinates": [-122.07832, 37.55692]}}, {"id": "1623", "type": "Feature", "properties": {"name": "Some South Bay", "step": 1623, "lat": 37.55709, "lon": -122.07834, "elevation_m": 3.5, "time": null, "elevation_f": 11.48294, "step_elevation_m": -0.3999999999999999, "step_elevation_f": -1.3123360000000002, "step_dist_m": 18.985171594239826, "step_dist_f": 62.287310373245795, "step_grade": -0.021069074778410822, "step_turn": 13.226519539356786, "coast_speed_mps": 1.82017738860759, "coast_speed_mph": 4.071620858553123}, "geometry": {"type": "Point", "coordinates": [-122.07834, 37.55709]}}, {"id": "1624", "type": "Feature", "properties": {"name": "Some South Bay", "step": 1624, "lat": 37.55718, "lon": -122.0783, "elevation_m": 3.4, "time": null, "elevation_f": 11.154855999999999, "step_elevation_m": -0.10000000000000009, "step_elevation_f": -0.3280840000000005, "step_dist_m": 10.610532947483206, "step_dist_f": 34.8114609154208, "step_grade": -0.009424597284127926, "step_turn": 24.73719102328363, "coast_speed_mps": 2.144765455090729, "coast_speed_mph": 4.797703684437023}, "geometry": {"type": "Point", "coordinates": [-122.0783, 37.55718]}}, {"id": "1625", "type": "Feature", "properties": {"name": "Some South Bay", "step": 1625, "lat": 37.55725, "lon": -122.07824, "elevation_m": 3.3, "time": null, "elevation_f": 10.826772, "step_elevation_m": -0.10000000000000009, "step_elevation_f": -0.3280839999999987, "step_dist_m": 9.41053439656892, "step_dist_f": 30.874457669639174, "step_grade": -0.010626389085455134, "step_turn": 14.786968487271793, "coast_speed_mps": 2.1586321478348807, "coast_speed_mph": 4.828722592687183}, "geometry": {"type": "Point", "coordinates": [-122.07824, 37.55725]}}, {"id": "1626", "type": "Feature", "properties": {"name": "Some South Bay", "step": 1626, "lat": 37.55759, "lon": -122.07775, "elevation_m": 3.3, "time": null, "elevation_f": 10.826772, "step_elevation_m": 0.0, "step_elevation_f": 0.0, "step_dist_m": 57.40165398223565, "step_dist_f": 188.325642451078, "step_grade": 0.0, "step_turn": 14.608689143493052, "coast_speed_mps": 0.0, "coast_speed_mph": 0.0}, "geometry": {"type": "Point", "coordinates": [-122.07775, 37.55759]}}, {"id": "1627", "type": "Feature", "properties": {"name": "Some South Bay", "step": 1627, "lat": 37.55765, "lon": -122.07759, "elevation_m": 3.4, "time": null, "elevation_f": 11.154855999999999, "step_elevation_m": 0.10000000000000009, "step_elevation_f": 0.3280839999999987, "step_dist_m": 15.602201319264584, "step_dist_f": 51.188326176296016, "step_grade": 0.006409351985256503, "step_turn": 15.879203374812164, "coast_speed_mps": 0.0, "coast_speed_mph": 0.0}, "geometry": {"type": "Point", "coordinates": [-122.07759, 37.55765]}}, {"id": "1628", "type": "Feature", "properties": {"name": "Some South Bay", "step": 1628, "lat": 37.55769, "lon": -122.07734, "elevation_m": 3.6, "time": null, "elevation_f": 11.811024, "step_elevation_m": 0.20000000000000018, "step_elevation_f": 0.656168000000001, "step_dist_m": 22.481544742570883, "step_dist_f": 73.75835125321625, "step_grade": 0.008896185839991756, "step_turn": 13.905306308239005, "coast_speed_mps": 0.0, "coast_speed_mph": 0.0}, "geometry": {"type": "Point", "coordinates": [-122.07734, 37.55769]}}, {"id": "1629", "type": "Feature", "properties": {"name": "Some South Bay", "step": 1629, "lat": 37.55772, "lon": -122.07693, "elevation_m": 3.6, "time": null, "elevation_f": 11.811024, "step_elevation_m": 0.0, "step_elevation_f": 0.0, "step_dist_m": 36.294569957710394, "step_dist_f": 119.07667690005457, "step_grade": 0.0, "step_turn": 6.137233608132192, "coast_speed_mps": 0.0, "coast_speed_mph": 0.0}, "geometry": {"type": "Point", "coordinates": [-122.07693, 37.55772]}}, {"id": "1630", "type": "Feature", "properties": {"name": "Some South Bay", "step": 1630, "lat": 37.55766, "lon": -122.07651, "elevation_m": 3.6, "time": null, "elevation_f": 11.811024, "step_elevation_m": 0.0, "step_elevation_f": 0.0, "step_dist_m": 37.618778941445534, "step_dist_f": 123.42119470225217, "step_grade": 0.0, "step_turn": 15.488967159124115, "coast_speed_mps": 0.0, "coast_speed_mph": 0.0}, "geometry": {"type": "Point", "coordinates": [-122.07651, 37.55766]}}, {"id": "1631", "type": "Feature", "properties": {"name": "Some South Bay", "step": 1631, "lat": 37.55767, "lon": -122.07632, "elevation_m": 3.5, "time": null, "elevation_f": 11.48294, "step_elevation_m": -0.10000000000000009, "step_elevation_f": -0.3280840000000005, "step_dist_m": 16.785123599022835, "step_dist_f": 55.06930490861808, "step_grade": -0.005957656457520616, "step_turn": 14.013785207376372, "coast_speed_mps": 0.0, "coast_speed_mph": 0.0}, "geometry": {"type": "Point", "coordinates": [-122.07632, 37.55767]}}, {"id": "1632", "type": "Feature", "properties": {"name": "Some South Bay", "step": 1632, "lat": 37.55772, "lon": -122.07615, "elevation_m": 3.6, "time": null, "elevation_f": 11.811024, "step_elevation_m": 0.10000000000000009, "step_elevation_f": 0.3280840000000005, "step_dist_m": 15.983402537843507, "step_dist_f": 52.43898638225849, "step_grade": 0.00625649011612093, "step_turn": 16.55715023980997, "coast_speed_mps": 0.0, "coast_speed_mph": 0.0}, "geometry": {"type": "Point", "coordinates": [-122.07615, 37.55772]}}, {"id": "1633", "type": "Feature", "properties": {"name": "Some South Bay", "step": 1633, "lat": 37.55782, "lon": -122.07605, "elevation_m": 3.6, "time": null, "elevation_f": 11.811024, "step_elevation_m": 0.0, "step_elevation_f": 0.0, "step_dist_m": 14.18960258123577, "step_dist_f": 46.553815732621565, "step_grade": 0.0, "step_turn": 31.239178192771078, "coast_speed_mps": 0.0, "coast_speed_mph": 0.0}, "geometry": {"type": "Point", "coordinates": [-122.07605, 37.55782]}}, {"id": "1634", "type": "Feature", "properties": {"name": "Some South Bay", "step": 1634, "lat": 37.55799, "lon": -122.07582, "elevation_m": 3.7, "time": null, "elevation_f": 12.139108, "step_elevation_m": 0.10000000000000009, "step_elevation_f": 0.3280840000000005, "step_dist_m": 27.71947212185645, "step_dist_f": 90.94315291627152, "step_grade": 0.0036075723073078062, "step_turn": 8.598951624778067, "coast_speed_mps": 0.0, "coast_speed_mph": 0.0}, "geometry": {"type": "Point", "coordinates": [-122.07582, 37.55799]}}, {"id": "1635", "type": "Feature", "properties": {"name": "Some South Bay", "step": 1635, "lat": 37.55824, "lon": -122.07558, "elevation_m": 3.8, "time": null, "elevation_f": 12.467191999999999, "step_elevation_m": 0.09999999999999964, "step_elevation_f": 0.3280839999999987, "step_dist_m": 34.933181278992194, "step_dist_f": 114.61017846736875, "step_grade": 0.0028626078799223694, "step_turn": 9.73215388487597, "coast_speed_mps": 0.0, "coast_speed_mph": 0.0}, "geometry": {"type": "Point", "coordinates": [-122.07558, 37.55824]}}, {"id": "1636", "type": "Feature", "properties": {"name": "Some South Bay", "step": 1636, "lat": 37.55835, "lon": -122.0755, "elevation_m": 3.8, "time": null, "elevation_f": 12.467191999999999, "step_elevation_m": 0.0, "step_elevation_f": 0.0, "step_dist_m": 14.11866005292633, "step_dist_f": 46.32106464804282, "step_grade": 0.0, "step_turn": 7.3071419682790975, "coast_speed_mps": 0.0, "coast_speed_mph": 0.0}, "geometry": {"type": "Point", "coordinates": [-122.0755, 37.55835]}}, {"id": "1637", "type": "Feature", "properties": {"name": "Some South Bay", "step": 1637, "lat": 37.55845, "lon": -122.07547, "elevation_m": 3.8, "time": null, "elevation_f": 12.467191999999999, "step_elevation_m": 0.0, "step_elevation_f": 0.0, "step_dist_m": 11.429617327767541, "step_dist_f": 37.49874571363286, "step_grade": 0.0, "step_turn": 16.587315673333364, "coast_speed_mps": 0.0, "coast_speed_mph": 0.0}, "geometry": {"type": "Point", "coordinates": [-122.07547, 37.55845]}}, {"id": "1638", "type": "Feature", "properties": {"name": "Some South Bay", "step": 1638, "lat": 37.55845, "lon": -122.07547, "elevation_m": 3.8, "time": null, "elevation_f": 12.467191999999999, "step_elevation_m": 0.0, "step_elevation_f": 0.0, "step_dist_m": 0.0, "step_dist_f": 0.0, "step_grade": null, "step_turn": null, "coast_speed_mps": 0.0, "coast_speed_mph": 0.0}, "geometry": {"type": "Point", "coordinates": [-122.07547, 37.55845]}}, {"id": "1639", "type": "Feature", "properties": {"name": "Some South Bay", "step": 1639, "lat": 37.55848, "lon": -122.07546, "elevation_m": 3.8, "time": null, "elevation_f": 12.467191999999999, "step_elevation_m": 0.0, "step_elevation_f": 0.0, "step_dist_m": 3.4503453580443284, "step_dist_f": 11.320031064486153, "step_grade": 0.0, "step_turn": null, "coast_speed_mps": 0.0, "coast_speed_mph": 0.0}, "geometry": {"type": "Point", "coordinates": [-122.07546, 37.55848]}}, {"id": "1640", "type": "Feature", "properties": {"name": "Some South Bay", "step": 1640, "lat": 37.55872, "lon": -122.07545, "elevation_m": 3.5, "time": null, "elevation_f": 11.48294, "step_elevation_m": -0.2999999999999998, "step_elevation_f": -0.9842519999999997, "step_dist_m": 26.701336189069245, "step_dist_f": 87.60281182254595, "step_grade": -0.01123539278617866, "step_turn": 12.909925113284885, "coast_speed_mps": 1.301905630897911, "coast_speed_mph": 2.9122799545855167}, "geometry": {"type": "Point", "coordinates": [-122.07545, 37.55872]}}, {"id": "1641", "type": "Feature", "properties": {"name": "Some South Bay", "step": 1641, "lat": 37.55885, "lon": -122.07537, "elevation_m": 3.3, "time": null, "elevation_f": 10.826772, "step_elevation_m": -0.20000000000000018, "step_elevation_f": -0.6561679999999992, "step_dist_m": 16.083675074028914, "step_dist_f": 52.76796452987702, "step_grade": -0.012434968940833045, "step_turn": 24.11280149608467, "coast_speed_mps": 1.7031498427723137, "coast_speed_mph": 3.8098376941041336}, "geometry": {"type": "Point", "coordinates": [-122.07537, 37.55885]}}, {"id": "1642", "type": "Feature", "properties": {"name": "Some South Bay", "step": 1642, "lat": 37.55914, "lon": -122.07534, "elevation_m": 2.8, "time": null, "elevation_f": 9.186352, "step_elevation_m": -0.5, "step_elevation_f": -1.6404200000000007, "step_dist_m": 32.3547761295731, "step_dist_f": 106.1508437169486, "step_grade": -0.015453668972939892, "step_turn": 21.316508207220352, "coast_speed_mps": 2.639186615931557, "coast_speed_mph": 5.903692322681536}, "geometry": {"type": "Point", "coordinates": [-122.07534, 37.55914]}}, {"id": "1643", "type": "Feature", "properties": {"name": "Some South Bay", "step": 1643, "lat": 37.55929, "lon": -122.07528, "elevation_m": 2.6, "time": null, "elevation_f": 8.530184, "step_elevation_m": -0.19999999999999973, "step_elevation_f": -0.6561679999999992, "step_dist_m": 17.497672477271326, "step_dist_f": 57.40706377033086, "step_grade": -0.011430091645605468, "step_turn": 12.905150044693073, "coast_speed_mps": 2.5564546353025066, "coast_speed_mph": 5.718626152698872}, "geometry": {"type": "Point", "coordinates": [-122.07528, 37.55929]}}, {"id": "1644", "type": "Feature", "properties": {"name": "Some South Bay", "step": 1644, "lat": 37.55932, "lon": -122.07524, "elevation_m": 2.5, "time": null, "elevation_f": 8.2021, "step_elevation_m": -0.10000000000000009, "step_elevation_f": -0.3280840000000005, "step_dist_m": 4.853827460221682, "step_dist_f": 15.924631284593703, "step_grade": -0.020602298046134695, "step_turn": 28.99302452150937, "coast_speed_mps": 2.535951459535973, "coast_speed_mph": 5.672761854724343}, "geometry": {"type": "Point", "coordinates": [-122.07524, 37.55932]}}, {"id": "1645", "type": "Feature", "properties": {"name": "Some South Bay", "step": 1645, "lat": 37.55941, "lon": -122.07524, "elevation_m": 2.5, "time": null, "elevation_f": 8.2021, "step_elevation_m": 0.0, "step_elevation_f": 0.0, "step_dist_m": 10.007543397970053, "step_dist_f": 32.83314868179607, "step_grade": 0.0, "step_turn": null, "coast_speed_mps": 2.4946350394583905, "coast_speed_mph": 5.580339655195034}, "geometry": {"type": "Point", "coordinates": [-122.07524, 37.55941]}}, {"id": "1646", "type": "Feature", "properties": {"name": "Some South Bay", "step": 1646, "lat": 37.55958, "lon": -122.07528, "elevation_m": 2.5, "time": null, "elevation_f": 8.2021, "step_elevation_m": 0.0, "step_elevation_f": 0.0, "step_dist_m": 19.229152490973167, "step_dist_f": 63.087772658484404, "step_grade": 0.0, "step_turn": null, "coast_speed_mps": 1.534445313633278, "coast_speed_mph": 3.4324564102390758}, "geometry": {"type": "Point", "coordinates": [-122.07528, 37.55958]}}, {"id": "1647", "type": "Feature", "properties": {"name": "Some South Bay", "step": 1647, "lat": 37.56005, "lon": -122.07543, "elevation_m": 2.4, "time": null, "elevation_f": 7.874015999999999, "step_elevation_m": -0.10000000000000009, "step_elevation_f": -0.3280840000000005, "step_dist_m": 53.90821547247801, "step_dist_f": 176.86422965072475, "step_grade": -0.0018550048285507338, "step_turn": 3.632054266638704, "coast_speed_mps": 0.0, "coast_speed_mph": 0.0}, "geometry": {"type": "Point", "coordinates": [-122.07543, 37.56005]}}, {"id": "1648", "type": "Feature", "properties": {"name": "Some South Bay", "step": 1648, "lat": 37.56016, "lon": -122.07549, "elevation_m": 2.5, "time": null, "elevation_f": 8.2021, "step_elevation_m": 0.10000000000000009, "step_elevation_f": 0.3280840000000005, "step_dist_m": 13.325878286053948, "step_dist_f": 43.720074516017235, "step_grade": 0.007504195810091856, "step_turn": 9.18555061640825, "coast_speed_mps": 0.0, "coast_speed_mph": 0.0}, "geometry": {"type": "Point", "coordinates": [-122.07549, 37.56016]}}, {"id": "1649", "type": "Feature", "properties": {"name": "Some South Bay", "step": 1649, "lat": 37.56028, "lon": -122.07558, "elevation_m": 2.5, "time": null, "elevation_f": 8.2021, "step_elevation_m": 0.0, "step_elevation_f": 0.0, "step_dist_m": 15.523541163386767, "step_dist_f": 50.93025479048584, "step_grade": 0.0, "step_turn": 7.349793257591955, "coast_speed_mps": 0.0, "coast_speed_mph": 0.0}, "geometry": {"type": "Point", "coordinates": [-122.07558, 37.56028]}}, {"id": "1650", "type": "Feature", "properties": {"name": "Some South Bay", "step": 1650, "lat": 37.56057, "lon": -122.07572, "elevation_m": 2.8, "time": null, "elevation_f": 9.186352, "step_elevation_m": 0.2999999999999998, "step_elevation_f": 0.9842519999999997, "step_dist_m": 34.5271357395105, "step_dist_f": 113.27800801961563, "step_grade": 0.008688818043388995, "step_turn": 9.791722354929448, "coast_speed_mps": 0.0, "coast_speed_mph": 0.0}, "geometry": {"type": "Point", "coordinates": [-122.07572, 37.56057]}}, {"id": "1651", "type": "Feature", "properties": {"name": "Some South Bay", "step": 1651, "lat": 37.56066, "lon": -122.07576, "elevation_m": 2.8, "time": null, "elevation_f": 9.186352, "step_elevation_m": 0.0, "step_elevation_f": 0.0, "step_dist_m": 10.610478226171638, "step_dist_f": 34.81128138355296, "step_grade": 0.0, "step_turn": 1.5330909882816854, "coast_speed_mps": 0.0, "coast_speed_mph": 0.0}, "geometry": {"type": "Point", "coordinates": [-122.07576, 37.56066]}}, {"id": "1652", "type": "Feature", "properties": {"name": "Some South Bay", "step": 1652, "lat": 37.56073, "lon": -122.07576, "elevation_m": 2.9, "time": null, "elevation_f": 9.514436, "step_elevation_m": 0.10000000000000009, "step_elevation_f": 0.3280840000000005, "step_dist_m": 7.783644865480777, "step_dist_f": 25.53689342046395, "step_grade": 0.01284745151252778, "step_turn": null, "coast_speed_mps": 0.0, "coast_speed_mph": 0.0}, "geometry": {"type": "Point", "coordinates": [-122.07576, 37.56073]}}, {"id": "1653", "type": "Feature", "properties": {"name": "Some South Bay", "step": 1653, "lat": 37.56072, "lon": -122.07523, "elevation_m": 2.8, "time": null, "elevation_f": 9.186352, "step_elevation_m": -0.10000000000000009, "step_elevation_f": -0.3280840000000005, "step_dist_m": 46.73012077508116, "step_dist_f": 153.31404944371727, "step_grade": -0.0021399473902777733, "step_turn": null, "coast_speed_mps": 0.0, "coast_speed_mph": 0.0}, "geometry": {"type": "Point", "coordinates": [-122.07523, 37.56072]}}, {"id": "1654", "type": "Feature", "properties": {"name": "Some South Bay", "step": 1654, "lat": 37.56088, "lon": -122.07492, "elevation_m": 2.9, "time": null, "elevation_f": 9.514436, "step_elevation_m": 0.10000000000000009, "step_elevation_f": 0.3280840000000005, "step_dist_m": 32.60642619084976, "step_dist_f": 106.97646730398752, "step_grade": 0.0030668801117511853, "step_turn": 34.431450079845206, "coast_speed_mps": 0.0, "coast_speed_mph": 0.0}, "geometry": {"type": "Point", "coordinates": [-122.07492, 37.56088]}}, {"id": "1655", "type": "Feature", "properties": {"name": "Some South Bay", "step": 1655, "lat": 37.56109, "lon": -122.07466, "elevation_m": 3.1, "time": null, "elevation_f": 10.170604, "step_elevation_m": 0.20000000000000018, "step_elevation_f": 0.656168000000001, "step_dist_m": 32.71825698796452, "step_dist_f": 107.34336625639352, "step_grade": 0.006112795069540856, "step_turn": 12.468503754065978, "coast_speed_mps": 0.0, "coast_speed_mph": 0.0}, "geometry": {"type": "Point", "coordinates": [-122.07466, 37.56109]}}, {"id": "1656", "type": "Feature", "properties": {"name": "Some South Bay", "step": 1656, "lat": 37.56137, "lon": -122.0737, "elevation_m": 3.2, "time": null, "elevation_f": 10.498688000000001, "step_elevation_m": 0.10000000000000009, "step_elevation_f": 0.3280840000000005, "step_dist_m": 90.16477173038102, "step_dist_f": 295.81618968390325, "step_grade": 0.001109080609653505, "step_turn": 25.33576065047771, "coast_speed_mps": 0.0, "coast_speed_mph": 0.0}, "geometry": {"type": "Point", "coordinates": [-122.0737, 37.56137]}}, {"id": "1657", "type": "Feature", "properties": {"name": "Some South Bay", "step": 1657, "lat": 37.56166, "lon": -122.07274, "elevation_m": 3.4, "time": null, "elevation_f": 11.154855999999999, "step_elevation_m": 0.19999999999999973, "step_elevation_f": 0.6561679999999974, "step_dist_m": 90.55444692471403, "step_dist_f": 297.09465164847876, "step_grade": 0.0022086159961451426, "step_turn": 0.6603640218210103, "coast_speed_mps": 0.0, "coast_speed_mph": 0.0}, "geometry": {"type": "Point", "coordinates": [-122.07274, 37.56166]}}, {"id": "1658", "type": "Feature", "properties": {"name": "Some South Bay", "step": 1658, "lat": 37.56184, "lon": -122.07207, "elevation_m": 3.4, "time": null, "elevation_f": 11.154855999999999, "step_elevation_m": 0.0, "step_elevation_f": 0.0, "step_dist_m": 62.35591860916559, "step_dist_f": 204.57979200969484, "step_grade": 0.0, "step_turn": 2.138742341261377, "coast_speed_mps": 0.0, "coast_speed_mph": 0.0}, "geometry": {"type": "Point", "coordinates": [-122.07207, 37.56184]}}, {"id": "1659", "type": "Feature", "properties": {"name": "Some South Bay", "step": 1659, "lat": 37.56203, "lon": -122.0714, "elevation_m": 3.5, "time": null, "elevation_f": 11.48294, "step_elevation_m": 0.10000000000000009, "step_elevation_f": 0.3280840000000005, "step_dist_m": 62.721537117678395, "step_dist_f": 205.77932783716398, "step_grade": 0.001594348681416715, "step_turn": 0.9620993652712855, "coast_speed_mps": 0.0, "coast_speed_mph": 0.0}, "geometry": {"type": "Point", "coordinates": [-122.0714, 37.56203]}}, {"id": "1660", "type": "Feature", "properties": {"name": "Some South Bay", "step": 1660, "lat": 37.56225, "lon": -122.07061, "elevation_m": 3.6, "time": null, "elevation_f": 11.811024, "step_elevation_m": 0.10000000000000009, "step_elevation_f": 0.3280840000000005, "step_dist_m": 73.80533340380848, "step_dist_f": 242.143490044551, "step_grade": 0.0013549156326260823, "step_turn": 0.327450261413901, "coast_speed_mps": 0.0, "coast_speed_mph": 0.0}, "geometry": {"type": "Point", "coordinates": [-122.07061, 37.56225]}}, {"id": "1661", "type": "Feature", "properties": {"name": "Some South Bay", "step": 1661, "lat": 37.56248, "lon": -122.06982, "elevation_m": 3.5, "time": null, "elevation_f": 11.48294, "step_elevation_m": -0.10000000000000009, "step_elevation_f": -0.3280840000000005, "step_dist_m": 74.18111184283666, "step_dist_f": 243.3763589784522, "step_grade": -0.0013480520514691726, "step_turn": 0.8103763283810963, "coast_speed_mps": 0.0, "coast_speed_mph": 0.0}, "geometry": {"type": "Point", "coordinates": [-122.06982, 37.56248]}}, {"id": "1662", "type": "Feature", "properties": {"name": "Some South Bay", "step": 1662, "lat": 37.56274, "lon": -122.0691, "elevation_m": 3.6, "time": null, "elevation_f": 11.811024, "step_elevation_m": 0.10000000000000009, "step_elevation_f": 0.3280840000000005, "step_dist_m": 69.73779842412209, "step_dist_f": 228.79855858179673, "step_grade": 0.0014339426001353434, "step_turn": 4.324479240830215, "coast_speed_mps": 0.0, "coast_speed_mph": 0.0}, "geometry": {"type": "Point", "coordinates": [-122.0691, 37.56274]}}, {"id": "1663", "type": "Feature", "properties": {"name": "Some South Bay", "step": 1663, "lat": 37.56274, "lon": -122.0691, "elevation_m": 3.6, "time": null, "elevation_f": 11.811024, "step_elevation_m": 0.0, "step_elevation_f": 0.0, "step_dist_m": 0.0, "step_dist_f": 0.0, "step_grade": null, "step_turn": null, "coast_speed_mps": 0.0, "coast_speed_mph": 0.0}, "geometry": {"type": "Point", "coordinates": [-122.0691, 37.56274]}}, {"id": "1664", "type": "Feature", "properties": {"name": "Some South Bay", "step": 1664, "lat": 37.56276, "lon": -122.06905, "elevation_m": 3.5, "time": null, "elevation_f": 11.48294, "step_elevation_m": -0.10000000000000009, "step_elevation_f": -0.3280840000000005, "step_dist_m": 4.936451577377859, "step_dist_f": 16.195707793124374, "step_grade": -0.020257466002151694, "step_turn": null, "coast_speed_mps": 0.0, "coast_speed_mph": 0.0}, "geometry": {"type": "Point", "coordinates": [-122.06905, 37.56276]}}, {"id": "1665", "type": "Feature", "properties": {"name": "Some South Bay", "step": 1665, "lat": 37.56314, "lon": -122.06837, "elevation_m": 3.6, "time": null, "elevation_f": 11.811024, "step_elevation_m": 0.10000000000000009, "step_elevation_f": 0.3280840000000005, "step_dist_m": 73.3337157312855, "step_dist_f": 240.5961879198307, "step_grade": 0.0013636292529677215, "step_turn": 8.407005141556624, "coast_speed_mps": 0.0, "coast_speed_mph": 0.0}, "geometry": {"type": "Point", "coordinates": [-122.06837, 37.56314]}}, {"id": "1666", "type": "Feature", "properties": {"name": "Some South Bay", "step": 1666, "lat": 37.56339, "lon": -122.06777, "elevation_m": 3.8, "time": null, "elevation_f": 12.467191999999999, "step_elevation_m": 0.19999999999999973, "step_elevation_f": 0.6561679999999992, "step_dist_m": 59.746282381985615, "step_dist_f": 196.0179930901137, "step_grade": 0.003347488613957723, "step_turn": 7.454633204121478, "coast_speed_mps": 0.0, "coast_speed_mph": 0.0}, "geometry": {"type": "Point", "coordinates": [-122.06777, 37.56339]}}, {"id": "1667", "type": "Feature", "properties": {"name": "Some South Bay", "step": 1667, "lat": 37.56364, "lon": -122.06737, "elevation_m": 4.0, "time": null, "elevation_f": 13.12336, "step_elevation_m": 0.20000000000000018, "step_elevation_f": 0.656168000000001, "step_dist_m": 44.897717535863286, "step_dist_f": 147.3022276003617, "step_grade": 0.004454569429732028, "step_turn": 10.526207562658215, "coast_speed_mps": 0.0, "coast_speed_mph": 0.0}, "geometry": {"type": "Point", "coordinates": [-122.06737, 37.56364]}}, {"id": "1668", "type": "Feature", "properties": {"name": "Some South Bay", "step": 1668, "lat": 37.56391, "lon": -122.06699, "elevation_m": 4.4, "time": null, "elevation_f": 14.435696000000002, "step_elevation_m": 0.40000000000000036, "step_elevation_f": 1.312336000000002, "step_dist_m": 44.97988533000041, "step_dist_f": 147.57180698607854, "step_grade": 0.008892863933852913, "step_turn": 3.6173375106670846, "coast_speed_mps": 0.0, "coast_speed_mph": 0.0}, "geometry": {"type": "Point", "coordinates": [-122.06699, 37.56391]}}, {"id": "1669", "type": "Feature", "properties": {"name": "Some South Bay", "step": 1669, "lat": 37.56409, "lon": -122.06682, "elevation_m": 4.7, "time": null, "elevation_f": 15.419948, "step_elevation_m": 0.2999999999999998, "step_elevation_f": 0.9842519999999979, "step_dist_m": 25.002481350025985, "step_dist_f": 82.02914091241925, "step_grade": 0.011998809070192068, "step_turn": 11.308170771425807, "coast_speed_mps": 0.0, "coast_speed_mph": 0.0}, "geometry": {"type": "Point", "coordinates": [-122.06682, 37.56409]}}, {"id": "1670", "type": "Feature", "properties": {"name": "Some South Bay", "step": 1670, "lat": 37.56425, "lon": -122.06671, "elevation_m": 5.0, "time": null, "elevation_f": 16.4042, "step_elevation_m": 0.2999999999999998, "step_elevation_f": 0.9842519999999997, "step_dist_m": 20.261522422712176, "step_dist_f": 66.47481322533102, "step_grade": 0.014806389852704972, "step_turn": 8.231133934786612, "coast_speed_mps": 0.0, "coast_speed_mph": 0.0}, "geometry": {"type": "Point", "coordinates": [-122.06671, 37.56425]}}, {"id": "1671", "type": "Feature", "properties": {"name": "Some South Bay", "step": 1671, "lat": 37.56434, "lon": -122.06668, "elevation_m": 5.2, "time": null, "elevation_f": 17.060368, "step_elevation_m": 0.20000000000000018, "step_elevation_f": 0.656168000000001, "step_dist_m": 10.350983212054414, "step_dist_f": 33.9599197614366, "step_grade": 0.019321835994003618, "step_turn": 13.788017792732376, "coast_speed_mps": 0.0, "coast_speed_mph": 0.0}, "geometry": {"type": "Point", "coordinates": [-122.06668, 37.56434]}}, {"id": "1672", "type": "Feature", "properties": {"name": "Some South Bay", "step": 1672, "lat": 37.56443, "lon": -122.06668, "elevation_m": 5.2, "time": null, "elevation_f": 17.060368, "step_elevation_m": 0.0, "step_elevation_f": 0.0, "step_dist_m": 10.007543397970053, "step_dist_f": 32.83314868179607, "step_grade": 0.0, "step_turn": null, "coast_speed_mps": 0.0, "coast_speed_mph": 0.0}, "geometry": {"type": "Point", "coordinates": [-122.06668, 37.56443]}}, {"id": "1673", "type": "Feature", "properties": {"name": "Some South Bay", "step": 1673, "lat": 37.56448, "lon": -122.0667, "elevation_m": 5.2, "time": null, "elevation_f": 17.060368, "step_elevation_m": 0.0, "step_elevation_f": 0.0, "step_dist_m": 5.832520016695743, "step_dist_f": 19.135564971576063, "step_grade": 0.0, "step_turn": null, "coast_speed_mps": 0.0, "coast_speed_mph": 0.0}, "geometry": {"type": "Point", "coordinates": [-122.0667, 37.56448]}}, {"id": "1674", "type": "Feature", "properties": {"name": "Some South Bay", "step": 1674, "lat": 37.56458, "lon": -122.06676, "elevation_m": 5.3, "time": null, "elevation_f": 17.388452, "step_elevation_m": 0.09999999999999964, "step_elevation_f": 0.3280840000000005, "step_dist_m": 12.313027858783663, "step_dist_f": 40.39707432021179, "step_grade": 0.008121479228901713, "step_turn": 7.843649717419623, "coast_speed_mps": 0.0, "coast_speed_mph": 0.0}, "geometry": {"type": "Point", "coordinates": [-122.06676, 37.56458]}}, {"id": "1675", "type": "Feature", "properties": {"name": "Some South Bay", "step": 1675, "lat": 37.56463, "lon": -122.06687, "elevation_m": 5.3, "time": null, "elevation_f": 17.388452, "step_elevation_m": 0.0, "step_elevation_f": 0.0, "step_dist_m": 11.176430223494904, "step_dist_f": 36.66807933445102, "step_grade": 0.0, "step_turn": 34.73258875405895, "coast_speed_mps": 0.0, "coast_speed_mph": 0.0}, "geometry": {"type": "Point", "coordinates": [-122.06687, 37.56463]}}, {"id": "1676", "type": "Feature", "properties": {"name": "Some South Bay", "step": 1676, "lat": 37.56464, "lon": -122.06697, "elevation_m": 5.1, "time": null, "elevation_f": 16.732284, "step_elevation_m": -0.20000000000000018, "step_elevation_f": -0.656168000000001, "step_dist_m": 8.883907785826542, "step_dist_f": 29.146680020051154, "step_grade": -0.02251261548651842, "step_turn": 22.641371636337794, "coast_speed_mps": 1.5896321375344908, "coast_speed_mph": 3.5559058194669135}, "geometry": {"type": "Point", "coordinates": [-122.06697, 37.56464]}}, {"id": "1677", "type": "Feature", "properties": {"name": "Some South Bay", "step": 1677, "lat": 37.56458, "lon": -122.06707, "elevation_m": 4.6, "time": null, "elevation_f": 15.091864, "step_elevation_m": -0.5, "step_elevation_f": -1.6404200000000007, "step_dist_m": 11.054363876921402, "step_dist_f": 36.26759918195881, "step_grade": -0.04523100610464508, "step_turn": 44.31374732363261, "coast_speed_mps": 2.8649339136811864, "coast_speed_mph": 6.408674645850893}, "geometry": {"type": "Point", "coordinates": [-122.06707, 37.56458]}}, {"id": "1678", "type": "Feature", "properties": {"name": "Some South Bay", "step": 1678, "lat": 37.56437, "lon": -122.06721, "elevation_m": 4.2, "time": null, "elevation_f": 13.779528, "step_elevation_m": -0.39999999999999947, "step_elevation_f": -1.3123359999999984, "step_dist_m": 26.41087044870157, "step_dist_f": 86.64984020291806, "step_grade": -0.015145278940235178, "step_turn": 25.02249470410058, "coast_speed_mps": 3.2202119376603817, "coast_speed_mph": 7.203408951459329}, "geometry": {"type": "Point", "coordinates": [-122.06721, 37.56437]}}, {"id": "1679", "type": "Feature", "properties": {"name": "Some South Bay", "step": 1679, "lat": 37.56427, "lon": -122.06736, "elevation_m": 4.0, "time": null, "elevation_f": 13.12336, "step_elevation_m": -0.20000000000000018, "step_elevation_f": -0.656168000000001, "step_dist_m": 17.275451215689134, "step_dist_f": 56.67799136648154, "step_grade": -0.011577121633637283, "step_turn": 22.080829777906757, "coast_speed_mps": 3.2311069308481595, "coast_speed_mph": 7.227780357122754}, "geometry": {"type": "Point", "coordinates": [-122.06736, 37.56427]}}, {"id": "1680", "type": "Feature", "properties": {"name": "Some South Bay", "step": 1680, "lat": 37.5643, "lon": -122.06744, "elevation_m": 3.9, "time": null, "elevation_f": 12.795276, "step_elevation_m": -0.10000000000000009, "step_elevation_f": -0.3280840000000005, "step_dist_m": 7.800530435708075, "step_dist_f": 25.592292274688482, "step_grade": -0.012819641026235265, "step_turn": 65.38327150875872, "coast_speed_mps": 3.235412293763608, "coast_speed_mph": 7.2374111796787854}, "geometry": {"type": "Point", "coordinates": [-122.06744, 37.5643]}}, {"id": "1681", "type": "Feature", "properties": {"name": "Some South Bay", "step": 1681, "lat": 37.56448, "lon": -122.06738, "elevation_m": 4.0, "time": null, "elevation_f": 13.12336, "step_elevation_m": 0.10000000000000009, "step_elevation_f": 0.3280840000000005, "step_dist_m": 20.70196470187682, "step_dist_f": 67.91983387250554, "step_grade": 0.004830459400355088, "step_turn": 79.48245651591645, "coast_speed_mps": 1.9277919054244546, "coast_speed_mph": 4.312347676772665}, "geometry": {"type": "Point", "coordinates": [-122.06738, 37.56448]}}, {"id": "1682", "type": "Feature", "properties": {"name": "Some South Bay", "step": 1682, "lat": 37.56465, "lon": -122.06729, "elevation_m": 4.1, "time": null, "elevation_f": 13.451443999999999, "step_elevation_m": 0.09999999999999964, "step_elevation_f": 0.3280839999999987, "step_dist_m": 20.500134382294434, "step_dist_f": 67.25766088680687, "step_grade": 0.004878016803946793, "step_turn": 7.964593014120851, "coast_speed_mps": 0.0, "coast_speed_mph": 0.0}, "geometry": {"type": "Point", "coordinates": [-122.06729, 37.56465]}}, {"id": "1683", "type": "Feature", "properties": {"name": "Some South Bay", "step": 1683, "lat": 37.56463, "lon": -122.06736, "elevation_m": 4.1, "time": null, "elevation_f": 13.451443999999999, "step_elevation_m": 0.0, "step_elevation_f": 0.0, "step_dist_m": 6.558394534907375, "step_dist_f": 21.517043125905513, "step_grade": 0.0, "step_turn": 132.5867275275814, "coast_speed_mps": 0.0, "coast_speed_mph": 0.0}, "geometry": {"type": "Point", "coordinates": [-122.06736, 37.56463]}}, {"id": "1684", "type": "Feature", "properties": {"name": "Some South Bay", "step": 1684, "lat": 37.56487, "lon": -122.06727, "elevation_m": 5.2, "time": null, "elevation_f": 17.060368, "step_elevation_m": 1.1000000000000005, "step_elevation_f": 3.608924000000002, "step_dist_m": 27.8408143423823, "step_dist_f": 91.34125732706154, "step_grade": 0.03951033854370637, "step_turn": 126.37605529074699, "coast_speed_mps": 0.0, "coast_speed_mph": 0.0}, "geometry": {"type": "Point", "coordinates": [-122.06727, 37.56487]}}, {"id": "1685", "type": "Feature", "properties": {"name": "Some South Bay", "step": 1685, "lat": 37.56496, "lon": -122.06722, "elevation_m": 5.4, "time": null, "elevation_f": 17.716536, "step_elevation_m": 0.20000000000000018, "step_elevation_f": 0.656168000000001, "step_dist_m": 10.934926860174675, "step_dist_f": 35.87574543993548, "step_grade": 0.018290017167687335, "step_turn": 7.212642245710242, "coast_speed_mps": 0.0, "coast_speed_mph": 0.0}, "geometry": {"type": "Point", "coordinates": [-122.06722, 37.56496]}}, {"id": "1686", "type": "Feature", "properties": {"name": "Some South Bay", "step": 1686, "lat": 37.56513, "lon": -122.06707, "elevation_m": 5.3, "time": null, "elevation_f": 17.388452, "step_elevation_m": -0.10000000000000053, "step_elevation_f": -0.3280840000000005, "step_dist_m": 23.06779798383108, "step_dist_f": 75.68175433727237, "step_grade": -0.004335047500853509, "step_turn": 11.202020146229415, "coast_speed_mps": 0.44074897355326464, "coast_speed_mph": 0.9859273746270225}, "geometry": {"type": "Point", "coordinates": [-122.06707, 37.56513]}}, {"id": "1687", "type": "Feature", "properties": {"name": "Some South Bay", "step": 1687, "lat": 37.56521, "lon": -122.06697, "elevation_m": 5.1, "time": null, "elevation_f": 16.732284, "step_elevation_m": -0.20000000000000018, "step_elevation_f": -0.656168000000001, "step_dist_m": 12.52269401977469, "step_dist_f": 41.084955447837594, "step_grade": -0.01597100429701297, "step_turn": 9.76674920600641, "coast_speed_mps": 0.5314390689191358, "coast_speed_mph": 1.1887953402808145}, "geometry": {"type": "Point", "coordinates": [-122.06697, 37.56521]}}, {"id": "1688", "type": "Feature", "properties": {"name": "Some South Bay", "step": 1688, "lat": 37.56531, "lon": -122.06679, "elevation_m": 5.0, "time": null, "elevation_f": 16.4042, "step_elevation_m": -0.09999999999999964, "step_elevation_f": -0.3280840000000005, "step_dist_m": 19.373849009931384, "step_dist_f": 63.56249878574328, "step_grade": -0.005161596952094436, "step_turn": 10.238343921389571, "coast_speed_mps": 0.36249505146503785, "coast_speed_mph": 0.8108783363122706}, "geometry": {"type": "Point", "coordinates": [-122.06679, 37.56531]}}, {"id": "1689", "type": "Feature", "properties": {"name": "Some South Bay", "step": 1689, "lat": 37.56536, "lon": -122.06675, "elevation_m": 4.9, "time": null, "elevation_f": 16.076116000000003, "step_elevation_m": -0.09999999999999964, "step_elevation_f": -0.32808399999999693, "step_dist_m": 6.583352298845474, "step_dist_f": 21.598925556144184, "step_grade": -0.015189829658293798, "step_turn": 22.594402346665504, "coast_speed_mps": 0.2952111854092079, "coast_speed_mph": 0.6603686144622574}, "geometry": {"type": "Point", "coordinates": [-122.06675, 37.56536]}}, {"id": "1690", "type": "Feature", "properties": {"name": "Some South Bay", "step": 1690, "lat": 37.56606, "lon": -122.06616, "elevation_m": 4.4, "time": null, "elevation_f": 14.435696000000002, "step_elevation_m": -0.5, "step_elevation_f": -1.6404200000000007, "step_dist_m": 93.60946859305527, "step_dist_f": 307.1176889388394, "step_grade": -0.005341340010951565, "step_turn": 1.3666209751981455, "coast_speed_mps": 0.0, "coast_speed_mph": 0.0}, "geometry": {"type": "Point", "coordinates": [-122.06616, 37.56606]}}, {"id": "1691", "type": "Feature", "properties": {"name": "Some South Bay", "step": 1691, "lat": 37.56677, "lon": -122.06557, "elevation_m": 4.2, "time": null, "elevation_f": 13.779528, "step_elevation_m": -0.20000000000000018, "step_elevation_f": -0.656168000000001, "step_dist_m": 94.53580389966038, "step_dist_f": 310.15684686616174, "step_grade": -0.0021156005634889266, "step_turn": 0.3746305783914181, "coast_speed_mps": 0.0, "coast_speed_mph": 0.0}, "geometry": {"type": "Point", "coordinates": [-122.06557, 37.56677]}}, {"id": "1692", "type": "Feature", "properties": {"name": "Some South Bay", "step": 1692, "lat": 37.56748, "lon": -122.06499, "elevation_m": 4.1, "time": null, "elevation_f": 13.451443999999999, "step_elevation_m": -0.10000000000000053, "step_elevation_f": -0.32808400000000226, "step_dist_m": 94.05359378600555, "step_dist_f": 308.57479263687844, "step_grade": -0.001063223593853569, "step_turn": 0.44864272411473394, "coast_speed_mps": 0.0, "coast_speed_mph": 0.0}, "geometry": {"type": "Point", "coordinates": [-122.06499, 37.56748]}}, {"id": "1693", "type": "Feature", "properties": {"name": "Some South Bay", "step": 1693, "lat": 37.56748, "lon": -122.06499, "elevation_m": 4.1, "time": null, "elevation_f": 13.451443999999999, "step_elevation_m": 0.0, "step_elevation_f": 0.0, "step_dist_m": 0.0, "step_dist_f": 0.0, "step_grade": null, "step_turn": null, "coast_speed_mps": 0.0, "coast_speed_mph": 0.0}, "geometry": {"type": "Point", "coordinates": [-122.06499, 37.56748]}}, {"id": "1694", "type": "Feature", "properties": {"name": "Some South Bay", "step": 1694, "lat": 37.56807, "lon": -122.0645, "elevation_m": 3.9, "time": null, "elevation_f": 12.795276, "step_elevation_m": -0.19999999999999973, "step_elevation_f": -0.6561679999999992, "step_dist_m": 78.54383367089872, "step_dist_f": 257.6897512608314, "step_grade": -0.0025463488430932262, "step_turn": null, "coast_speed_mps": 0.0, "coast_speed_mph": 0.0}, "geometry": {"type": "Point", "coordinates": [-122.0645, 37.56807]}}, {"id": "1695", "type": "Feature", "properties": {"name": "Some South Bay", "step": 1695, "lat": 37.56866, "lon": -122.06401, "elevation_m": 3.8, "time": null, "elevation_f": 12.467191999999999, "step_elevation_m": -0.10000000000000009, "step_elevation_f": -0.3280840000000005, "step_dist_m": 78.54364558011439, "step_dist_f": 257.68913416506246, "step_grade": -0.0012731774704549492, "step_turn": 0.00020843518888113977, "coast_speed_mps": 0.0, "coast_speed_mph": 0.0}, "geometry": {"type": "Point", "coordinates": [-122.06401, 37.56866]}}, {"id": "1696", "type": "Feature", "properties": {"name": "Some South Bay", "step": 1696, "lat": 37.56925, "lon": -122.06352, "elevation_m": 3.9, "time": null, "elevation_f": 12.795276, "step_elevation_m": 0.10000000000000009, "step_elevation_f": 0.3280840000000005, "step_dist_m": 78.54345748607915, "step_dist_f": 257.6885170586279, "step_grade": 0.0012731805194305822, "step_turn": 0.00020843741702947227, "coast_speed_mps": 0.0, "coast_speed_mph": 0.0}, "geometry": {"type": "Point", "coordinates": [-122.06352, 37.56925]}}, {"id": "1697", "type": "Feature", "properties": {"name": "Some South Bay", "step": 1697, "lat": 37.56984, "lon": -122.06303, "elevation_m": 4.2, "time": null, "elevation_f": 13.779528, "step_elevation_m": 0.30000000000000027, "step_elevation_f": 0.9842520000000015, "step_dist_m": 78.54326939169566, "step_dist_f": 257.6878999510508, "step_grade": 0.0038195507052793897, "step_turn": 0.00020844413245413307, "coast_speed_mps": 0.0, "coast_speed_mph": 0.0}, "geometry": {"type": "Point", "coordinates": [-122.06303, 37.56984]}}, {"id": "1698", "type": "Feature", "properties": {"name": "Some South Bay", "step": 1698, "lat": 37.5705, "lon": -122.06249, "elevation_m": 4.4, "time": null, "elevation_f": 14.435696000000002, "step_elevation_m": 0.20000000000000018, "step_elevation_f": 0.656168000000001, "step_dist_m": 87.46954742432888, "step_dist_f": 286.97358997163514, "step_grade": 0.002286510058520915, "step_turn": 0.3925470362351575, "coast_speed_mps": 0.0, "coast_speed_mph": 0.0}, "geometry": {"type": "Point", "coordinates": [-122.06249, 37.5705]}}, {"id": "1699", "type": "Feature", "properties": {"name": "Some South Bay", "step": 1699, "lat": 37.57117, "lon": -122.06194, "elevation_m": 4.4, "time": null, "elevation_f": 14.435696000000002, "step_elevation_m": 0.0, "step_elevation_f": 0.0, "step_dist_m": 88.8818979363811, "step_dist_f": 291.6072860255965, "step_grade": 0.0, "step_turn": 0.08643146752768871, "coast_speed_mps": 0.0, "coast_speed_mph": 0.0}, "geometry": {"type": "Point", "coordinates": [-122.06194, 37.57117]}}, {"id": "1700", "type": "Feature", "properties": {"name": "Some South Bay", "step": 1700, "lat": 37.57184, "lon": -122.0614, "elevation_m": 4.6, "time": null, "elevation_f": 15.091864, "step_elevation_m": 0.1999999999999993, "step_elevation_f": 0.6561679999999974, "step_dist_m": 88.40410552638319, "step_dist_f": 290.03972557517903, "step_grade": 0.002262338370024134, "step_turn": 0.47901485108621955, "coast_speed_mps": 0.0, "coast_speed_mph": 0.0}, "geometry": {"type": "Point", "coordinates": [-122.0614, 37.57184]}}, {"id": "1701", "type": "Feature", "properties": {"name": "Some South Bay", "step": 1701, "lat": 37.5725, "lon": -122.06085, "elevation_m": 4.9, "time": null, "elevation_f": 16.076116000000003, "step_elevation_m": 0.3000000000000007, "step_elevation_f": 0.9842520000000032, "step_dist_m": 87.95147640169158, "step_dist_f": 288.5547218377258, "step_grade": 0.0034109717343440843, "step_turn": 0.8735943239262269, "coast_speed_mps": 0.0, "coast_speed_mph": 0.0}, "geometry": {"type": "Point", "coordinates": [-122.06085, 37.5725]}}, {"id": "1702", "type": "Feature", "properties": {"name": "Some South Bay", "step": 1702, "lat": 37.57317, "lon": -122.0603, "elevation_m": 6.4, "time": null, "elevation_f": 20.997376000000003, "step_elevation_m": 1.5, "step_elevation_f": 4.92126, "step_dist_m": 88.88118803958122, "step_dist_f": 291.60495696777963, "step_grade": 0.01687646208477782, "step_turn": 0.3952828279782352, "coast_speed_mps": 0.0, "coast_speed_mph": 0.0}, "geometry": {"type": "Point", "coordinates": [-122.0603, 37.57317]}}, {"id": "1703", "type": "Feature", "properties": {"name": "Some South Bay", "step": 1703, "lat": 37.57336, "lon": -122.06023, "elevation_m": 7.4, "time": null, "elevation_f": 24.278216, "step_elevation_m": 1.0, "step_elevation_f": 3.2808399999999978, "step_dist_m": 22.009308302473716, "step_dist_f": 72.20901905108786, "step_grade": 0.0454353215583611, "step_turn": 16.77100500329425, "coast_speed_mps": 0.0, "coast_speed_mph": 0.0}, "geometry": {"type": "Point", "coordinates": [-122.06023, 37.57336]}}, {"id": "1704", "type": "Feature", "properties": {"name": "Some South Bay", "step": 1704, "lat": 37.57358, "lon": -122.06009, "elevation_m": 7.3, "time": null, "elevation_f": 23.950132, "step_elevation_m": -0.10000000000000053, "step_elevation_f": -0.3280840000000005, "step_dist_m": 27.39824529757643, "step_dist_f": 89.88925910210065, "step_grade": -0.003649868774948381, "step_turn": 10.486854286569155, "coast_speed_mps": 0.0, "coast_speed_mph": 0.0}, "geometry": {"type": "Point", "coordinates": [-122.06009, 37.57358]}}, {"id": "1705", "type": "Feature", "properties": {"name": "Some South Bay", "step": 1705, "lat": 37.57372, "lon": -122.05992, "elevation_m": 5.2, "time": null, "elevation_f": 17.060368, "step_elevation_m": -2.0999999999999996, "step_elevation_f": -6.8897639999999996, "step_dist_m": 21.60561765924464, "step_dist_f": 70.88457464115618, "step_grade": -0.09719694355053297, "step_turn": 17.13778786659674, "coast_speed_mps": 6.149047263780378, "coast_speed_mph": 13.755026985908133}, "geometry": {"type": "Point", "coordinates": [-122.05992, 37.57372]}}, {"id": "1706", "type": "Feature", "properties": {"name": "Some South Bay", "step": 1706, "lat": 37.57383, "lon": -122.05973, "elevation_m": 4.7, "time": null, "elevation_f": 15.419948, "step_elevation_m": -0.5, "step_elevation_f": -1.6404200000000007, "step_dist_m": 20.736219883324054, "step_dist_f": 68.03221964200489, "step_grade": -0.024112398634531122, "step_turn": 9.950472418004153, "coast_speed_mps": 6.228463460807219, "coast_speed_mph": 13.932675959214414}, "geometry": {"type": "Point", "coordinates": [-122.05973, 37.57383]}}, {"id": "1707", "type": "Feature", "properties": {"name": "Some South Bay", "step": 1707, "lat": 37.57405, "lon": -122.05954, "elevation_m": 3.9, "time": null, "elevation_f": 12.795276, "step_elevation_m": -0.8000000000000003, "step_elevation_f": -2.6246720000000003, "step_dist_m": 29.644798663184453, "step_dist_f": 97.25984124612208, "step_grade": -0.026986184291192754, "step_turn": 19.46177043837946, "coast_speed_mps": 6.454720436021228, "coast_speed_mph": 14.438798398401085}, "geometry": {"type": "Point", "coordinates": [-122.05954, 37.57405]}}, {"id": "1708", "type": "Feature", "properties": {"name": "Some South Bay", "step": 1708, "lat": 37.57428, "lon": -122.05936, "elevation_m": 4.0, "time": null, "elevation_f": 13.12336, "step_elevation_m": 0.10000000000000009, "step_elevation_f": 0.3280840000000005, "step_dist_m": 30.09509624413894, "step_dist_f": 98.7371955616208, "step_grade": 0.003322800471836844, "step_turn": 2.581233531017176, "coast_speed_mps": 5.105532838892347, "coast_speed_mph": 11.42075169759382}, "geometry": {"type": "Point", "coordinates": [-122.05936, 37.57428]}}, {"id": "1709", "type": "Feature", "properties": {"name": "Some South Bay", "step": 1709, "lat": 37.5747, "lon": -122.05898, "elevation_m": 4.5, "time": null, "elevation_f": 14.76378, "step_elevation_m": 0.5, "step_elevation_f": 1.6404200000000007, "step_dist_m": 57.46802261640993, "step_dist_f": 188.54338732082235, "step_grade": 0.008700490764010133, "step_turn": 3.8334556110487483, "coast_speed_mps": 0.0, "coast_speed_mph": 0.0}, "geometry": {"type": "Point", "coordinates": [-122.05898, 37.5747]}}, {"id": "1710", "type": "Feature", "properties": {"name": "Some South Bay", "step": 1710, "lat": 37.5752, "lon": -122.05855, "elevation_m": 5.0, "time": null, "elevation_f": 16.4042, "step_elevation_m": 0.5, "step_elevation_f": 1.6404199999999989, "step_dist_m": 67.28387540100871, "step_dist_f": 220.74762977064543, "step_grade": 0.007431200967839971, "step_turn": 1.3652540869829295, "coast_speed_mps": 0.0, "coast_speed_mph": 0.0}, "geometry": {"type": "Point", "coordinates": [-122.05855, 37.5752]}}, {"id": "1711", "type": "Feature", "properties": {"name": "Some South Bay", "step": 1711, "lat": 37.57571, "lon": -122.05812, "elevation_m": 5.4, "time": null, "elevation_f": 17.716536, "step_elevation_m": 0.40000000000000036, "step_elevation_f": 1.312336000000002, "step_dist_m": 68.20542471144287, "step_dist_f": 223.77108561029024, "step_grade": 0.005864636158960712, "step_turn": 0.526277249754969, "coast_speed_mps": 0.0, "coast_speed_mph": 0.0}, "geometry": {"type": "Point", "coordinates": [-122.05812, 37.57571]}}, {"id": "1712", "type": "Feature", "properties": {"name": "Some South Bay", "step": 1712, "lat": 37.57621, "lon": -122.0577, "elevation_m": 5.6, "time": null, "elevation_f": 18.372704, "step_elevation_m": 0.1999999999999993, "step_elevation_f": 0.6561679999999974, "step_dist_m": 66.7912174988017, "step_dist_f": 219.13129801876858, "step_grade": 0.0029944056642415224, "step_turn": 0.09877480132246319, "coast_speed_mps": 0.0, "coast_speed_mph": 0.0}, "geometry": {"type": "Point", "coordinates": [-122.0577, 37.57621]}}, {"id": "1713", "type": "Feature", "properties": {"name": "Some South Bay", "step": 1713, "lat": 37.57664, "lon": -122.05733, "elevation_m": 5.7, "time": null, "elevation_f": 18.700788, "step_elevation_m": 0.10000000000000053, "step_elevation_f": 0.3280840000000005, "step_dist_m": 57.87369777141355, "step_dist_f": 189.87434259636444, "step_grade": 0.0017279006500496167, "step_turn": 0.6389608223074674, "coast_speed_mps": 0.0, "coast_speed_mph": 0.0}, "geometry": {"type": "Point", "coordinates": [-122.05733, 37.57664]}}, {"id": "1714", "type": "Feature", "properties": {"name": "Some South Bay", "step": 1714, "lat": 37.57687, "lon": -122.0571, "elevation_m": 5.6, "time": null, "elevation_f": 18.372704, "step_elevation_m": -0.10000000000000053, "step_elevation_f": -0.3280840000000005, "step_dist_m": 32.632876545098256, "step_dist_f": 107.06324668422016, "step_grade": -0.0030643942731129357, "step_turn": 4.106001598994112, "coast_speed_mps": 0.0, "coast_speed_mph": 0.0}, "geometry": {"type": "Point", "coordinates": [-122.0571, 37.57687]}}, {"id": "1715", "type": "Feature", "properties": {"name": "Some South Bay", "step": 1715, "lat": 37.57708, "lon": -122.05687, "elevation_m": 5.5, "time": null, "elevation_f": 18.04462, "step_elevation_m": -0.09999999999999964, "step_elevation_f": -0.3280840000000005, "step_dist_m": 30.920806279099796, "step_dist_f": 101.44621807272178, "step_grade": -0.0032340683194795063, "step_turn": 2.5603164143574872, "coast_speed_mps": 0.0, "coast_speed_mph": 0.0}, "geometry": {"type": "Point", "coordinates": [-122.05687, 37.57708]}}, {"id": "1716", "type": "Feature", "properties": {"name": "Some South Bay", "step": 1716, "lat": 37.57733, "lon": -122.05655, "elevation_m": 5.7, "time": null, "elevation_f": 18.700788, "step_elevation_m": 0.20000000000000018, "step_elevation_f": 0.656168000000001, "step_dist_m": 39.59823023813543, "step_dist_f": 129.91545769448425, "step_grade": 0.005050730772492665, "step_turn": 4.452267446788767, "coast_speed_mps": 0.0, "coast_speed_mph": 0.0}, "geometry": {"type": "Point", "coordinates": [-122.05655, 37.57733]}}, {"id": "1717", "type": "Feature", "properties": {"name": "Some South Bay", "step": 1717, "lat": 37.57781, "lon": -122.05576, "elevation_m": 6.4, "time": null, "elevation_f": 20.997376000000003, "step_elevation_m": 0.7000000000000002, "step_elevation_f": 2.2965880000000034, "step_dist_m": 87.72413219715298, "step_dist_f": 287.8088418777074, "step_grade": 0.007979560269992823, "step_turn": 7.113399569690671, "coast_speed_mps": 0.0, "coast_speed_mph": 0.0}, "geometry": {"type": "Point", "coordinates": [-122.05576, 37.57781]}}, {"id": "1718", "type": "Feature", "properties": {"name": "Some South Bay", "step": 1718, "lat": 37.57801, "lon": -122.05538, "elevation_m": 6.5, "time": null, "elevation_f": 21.32546, "step_elevation_m": 0.09999999999999964, "step_elevation_f": 0.32808399999999693, "step_dist_m": 40.199234981178975, "step_dist_f": 131.88725809565122, "step_grade": 0.002487609529057431, "step_turn": 3.8877006297582284, "coast_speed_mps": 0.0, "coast_speed_mph": 0.0}, "geometry": {"type": "Point", "coordinates": [-122.05538, 37.57801]}}, {"id": "1719", "type": "Feature", "properties": {"name": "Some South Bay", "step": 1719, "lat": 37.57834, "lon": -122.05481, "elevation_m": 6.6, "time": null, "elevation_f": 21.653544, "step_elevation_m": 0.09999999999999964, "step_elevation_f": 0.3280840000000005, "step_dist_m": 62.20626287221932, "step_dist_f": 204.08879548169202, "step_grade": 0.001607555178252938, "step_turn": 2.560520445425823, "coast_speed_mps": 0.0, "coast_speed_mph": 0.0}, "geometry": {"type": "Point", "coordinates": [-122.05481, 37.57834]}}, {"id": "1720", "type": "Feature", "properties": {"name": "Some South Bay", "step": 1720, "lat": 37.57866, "lon": -122.05423, "elevation_m": 6.7, "time": null, "elevation_f": 21.981628, "step_elevation_m": 0.10000000000000053, "step_elevation_f": 0.3280840000000005, "step_dist_m": 62.27789595410618, "step_dist_f": 204.32381216206971, "step_grade": 0.0016057061412879544, "step_turn": 1.3042911594985753, "coast_speed_mps": 0.0, "coast_speed_mph": 0.0}, "geometry": {"type": "Point", "coordinates": [-122.05423, 37.57866]}}, {"id": "1721", "type": "Feature", "properties": {"name": "Some South Bay", "step": 1721, "lat": 37.57893, "lon": -122.05379, "elevation_m": 6.8, "time": null, "elevation_f": 22.309711999999998, "step_elevation_m": 0.09999999999999964, "step_elevation_f": 0.32808399999999693, "step_dist_m": 49.0389061582416, "step_dist_f": 160.88880488020538, "step_grade": 0.0020391971973704676, "step_turn": 2.9058925505624984, "coast_speed_mps": 0.0, "coast_speed_mph": 0.0}, "geometry": {"type": "Point", "coordinates": [-122.05379, 37.57893]}}, {"id": "1722", "type": "Feature", "properties": {"name": "Some South Bay", "step": 1722, "lat": 37.57919, "lon": -122.05343, "elevation_m": 6.9, "time": null, "elevation_f": 22.637796, "step_elevation_m": 0.10000000000000053, "step_elevation_f": 0.32808400000000404, "step_dist_m": 42.92162689489032, "step_dist_f": 140.81899038183198, "step_grade": 0.002329827810229281, "step_turn": 4.592862333008384, "coast_speed_mps": 0.0, "coast_speed_mph": 0.0}, "geometry": {"type": "Point", "coordinates": [-122.05343, 37.57919]}}, {"id": "1723", "type": "Feature", "properties": {"name": "Some South Bay", "step": 1723, "lat": 37.57938, "lon": -122.05318, "elevation_m": 6.4, "time": null, "elevation_f": 20.997376000000003, "step_elevation_m": -0.5, "step_elevation_f": -1.6404199999999989, "step_dist_m": 30.52387316030956, "step_dist_f": 100.14394401927001, "step_grade": -0.01638062107564233, "step_turn": 1.4572154298776354, "coast_speed_mps": 2.240306422960442, "coast_speed_mph": 5.011422742842788}, "geometry": {"type": "Point", "coordinates": [-122.05318, 37.57938]}}, {"id": "1724", "type": "Feature", "properties": {"name": "Some South Bay", "step": 1724, "lat": 37.57976, "lon": -122.05272, "elevation_m": 6.2, "time": null, "elevation_f": 20.341208, "step_elevation_m": -0.20000000000000018, "step_elevation_f": -0.656168000000001, "step_dist_m": 58.55435533014096, "step_dist_f": 192.10747114133966, "step_grade": -0.0034156297831708826, "step_turn": 2.3881890201673173, "coast_speed_mps": 0.0, "coast_speed_mph": 0.0}, "geometry": {"type": "Point", "coordinates": [-122.05272, 37.57976]}}, {"id": "1725", "type": "Feature", "properties": {"name": "Some South Bay", "step": 1725, "lat": 37.57997, "lon": -122.05252, "elevation_m": 6.2, "time": null, "elevation_f": 20.341208, "step_elevation_m": 0.0, "step_elevation_f": 0.0, "step_dist_m": 29.255574205518062, "step_dist_f": 95.98285807643188, "step_grade": 0.0, "step_turn": 6.767162923606747, "coast_speed_mps": 0.0, "coast_speed_mph": 0.0}, "geometry": {"type": "Point", "coordinates": [-122.05252, 37.57997]}}, {"id": "1726", "type": "Feature", "properties": {"name": "Some South Bay", "step": 1726, "lat": 37.5801, "lon": -122.05243, "elevation_m": 6.3, "time": null, "elevation_f": 20.669292, "step_elevation_m": 0.09999999999999964, "step_elevation_f": 0.32808399999999693, "step_dist_m": 16.488105773120253, "step_dist_f": 54.09483694468385, "step_grade": 0.006064978074256699, "step_turn": 8.292609376402538, "coast_speed_mps": 0.0, "coast_speed_mph": 0.0}, "geometry": {"type": "Point", "coordinates": [-122.05243, 37.5801]}}, {"id": "1727", "type": "Feature", "properties": {"name": "Some South Bay", "step": 1727, "lat": 37.58026, "lon": -122.05235, "elevation_m": 6.5, "time": null, "elevation_f": 21.32546, "step_elevation_m": 0.20000000000000018, "step_elevation_f": 0.656168000000001, "step_dist_m": 19.137020545830215, "step_dist_f": 62.7855024875816, "step_grade": 0.010450947655149923, "step_turn": 7.135644912060286, "coast_speed_mps": 0.0, "coast_speed_mph": 0.0}, "geometry": {"type": "Point", "coordinates": [-122.05235, 37.58026]}}, {"id": "1728", "type": "Feature", "properties": {"name": "Some South Bay", "step": 1728, "lat": 37.58048, "lon": -122.05221, "elevation_m": 7.0, "time": null, "elevation_f": 22.96588, "step_elevation_m": 0.5, "step_elevation_f": 1.6404199999999989, "step_dist_m": 27.3977304740773, "step_dist_f": 89.88757004857176, "step_grade": 0.018249686793330607, "step_turn": 5.146618847151558, "coast_speed_mps": 0.0, "coast_speed_mph": 0.0}, "geometry": {"type": "Point", "coordinates": [-122.05221, 37.58048]}}, {"id": "1729", "type": "Feature", "properties": {"name": "Some South Bay", "step": 1729, "lat": 37.5806, "lon": -122.0521, "elevation_m": 6.7, "time": null, "elevation_f": 21.981628, "step_elevation_m": -0.2999999999999998, "step_elevation_f": -0.9842519999999979, "step_dist_m": 16.49265544919176, "step_dist_f": 54.10976370392629, "step_grade": -0.01818991495482322, "step_turn": 9.234142253068, "coast_speed_mps": 1.8158504345608584, "coast_speed_mph": 4.061941738011937}, "geometry": {"type": "Point", "coordinates": [-122.0521, 37.5806]}}, {"id": "1730", "type": "Feature", "properties": {"name": "Some South Bay", "step": 1730, "lat": 37.58078, "lon": -122.05194, "elevation_m": 5.9, "time": null, "elevation_f": 19.356956, "step_elevation_m": -0.7999999999999998, "step_elevation_f": -2.6246720000000003, "step_dist_m": 24.482599497971663, "step_dist_f": 80.32349173692535, "step_grade": -0.03267626871347049, "step_turn": 0.8343428141690765, "coast_speed_mps": 3.8179573229651607, "coast_speed_mph": 8.540527297255629}, "geometry": {"type": "Point", "coordinates": [-122.05194, 37.58078]}}, {"id": "1731", "type": "Feature", "properties": {"name": "Some South Bay", "step": 1731, "lat": 37.5809, "lon": -122.05181, "elevation_m": 5.9, "time": null, "elevation_f": 19.356956, "step_elevation_m": 0.0, "step_elevation_f": 0.0, "step_dist_m": 17.586376755560508, "step_dist_f": 57.69808831471314, "step_grade": 0.0, "step_turn": 5.484840255722645, "coast_speed_mps": 3.161413824831432, "coast_speed_mph": 7.071881318967941}, "geometry": {"type": "Point", "coordinates": [-122.05181, 37.5809]}}, {"id": "1732", "type": "Feature", "properties": {"name": "Some South Bay", "step": 1732, "lat": 37.58098, "lon": -122.05167, "elevation_m": 5.9, "time": null, "elevation_f": 19.356956, "step_elevation_m": 0.0, "step_elevation_f": 0.0, "step_dist_m": 15.209609224446078, "step_dist_f": 49.90029432793167, "step_grade": 0.0, "step_turn": 13.559185579408052, "coast_speed_mps": 2.5547758368786986, "coast_speed_mph": 5.714870787577612}, "geometry": {"type": "Point", "coordinates": [-122.05167, 37.58098]}}, {"id": "1733", "type": "Feature", "properties": {"name": "Some South Bay", "step": 1733, "lat": 37.58118, "lon": -122.05153, "elevation_m": 6.0, "time": null, "elevation_f": 19.68504, "step_elevation_m": 0.09999999999999964, "step_elevation_f": 0.3280840000000005, "step_dist_m": 25.431722590246515, "step_dist_f": 83.43741274298438, "step_grade": 0.003932096995991585, "step_turn": 25.187376513451966, "coast_speed_mps": 0.0, "coast_speed_mph": 0.0}, "geometry": {"type": "Point", "coordinates": [-122.05153, 37.58118]}}, {"id": "1734", "type": "Feature", "properties": {"name": "Some South Bay", "step": 1734, "lat": 37.58159, "lon": -122.05116, "elevation_m": 6.5, "time": null, "elevation_f": 21.32546, "step_elevation_m": 0.5, "step_elevation_f": 1.6404199999999989, "step_dist_m": 56.04911073343434, "step_dist_f": 183.8881644586807, "step_grade": 0.008920748134220453, "step_turn": 6.552167309614902, "coast_speed_mps": 0.0, "coast_speed_mph": 0.0}, "geometry": {"type": "Point", "coordinates": [-122.05116, 37.58159]}}, {"id": "1735", "type": "Feature", "properties": {"name": "Some South Bay", "step": 1735, "lat": 37.58215, "lon": -122.05069, "elevation_m": 7.2, "time": null, "elevation_f": 23.622048, "step_elevation_m": 0.7000000000000002, "step_elevation_f": 2.296588, "step_dist_m": 74.78481385658266, "step_dist_f": 245.35700869323065, "step_grade": 0.009360189106606772, "step_turn": 1.9426683630404682, "coast_speed_mps": 0.0, "coast_speed_mph": 0.0}, "geometry": {"type": "Point", "coordinates": [-122.05069, 37.58215]}}, {"id": "1736", "type": "Feature", "properties": {"name": "Some South Bay", "step": 1736, "lat": 37.58234, "lon": -122.05051, "elevation_m": 7.6, "time": null, "elevation_f": 24.934383999999998, "step_elevation_m": 0.39999999999999947, "step_elevation_f": 1.3123359999999984, "step_dist_m": 26.418549776611528, "step_dist_f": 86.67503484909817, "step_grade": 0.015140876519805089, "step_turn": 3.2695357222330586, "coast_speed_mps": 0.0, "coast_speed_mph": 0.0}, "geometry": {"type": "Point", "coordinates": [-122.05051, 37.58234]}}, {"id": "1737", "type": "Feature", "properties": {"name": "Some South Bay", "step": 1737, "lat": 37.58246, "lon": -122.05042, "elevation_m": 8.1, "time": null, "elevation_f": 26.574804, "step_elevation_m": 0.5, "step_elevation_f": 1.6404200000000024, "step_dist_m": 15.522334122573676, "step_dist_f": 50.92629468270462, "step_grade": 0.03221165039044383, "step_turn": 6.172606659950645, "coast_speed_mps": 0.0, "coast_speed_mph": 0.0}, "geometry": {"type": "Point", "coordinates": [-122.05042, 37.58246]}}, {"id": "1738", "type": "Feature", "properties": {"name": "Some South Bay", "step": 1738, "lat": 37.58269, "lon": -122.05029, "elevation_m": 9.1, "time": null, "elevation_f": 29.855643999999998, "step_elevation_m": 1.0, "step_elevation_f": 3.2808399999999978, "step_dist_m": 28.023214156412156, "step_dist_f": 91.93968193292325, "step_grade": 0.035684700349448824, "step_turn": 6.596876489234887, "coast_speed_mps": 0.0, "coast_speed_mph": 0.0}, "geometry": {"type": "Point", "coordinates": [-122.05029, 37.58269]}}, {"id": "1739", "type": "Feature", "properties": {"name": "Some South Bay", "step": 1739, "lat": 37.58291, "lon": -122.05021, "elevation_m": 8.6, "time": null, "elevation_f": 28.215224, "step_elevation_m": -0.5, "step_elevation_f": -1.6404199999999989, "step_dist_m": 25.458365315667542, "step_dist_f": 83.5248232622547, "step_grade": -0.019639909860681072, "step_turn": 8.053086561862415, "coast_speed_mps": 2.411235156523068, "coast_speed_mph": 5.393779430303922}, "geometry": {"type": "Point", "coordinates": [-122.05021, 37.58291]}}, {"id": "1740", "type": "Feature", "properties": {"name": "Some South Bay", "step": 1740, "lat": 37.58312, "lon": -122.05008, "elevation_m": 8.2, "time": null, "elevation_f": 26.902887999999997, "step_elevation_m": -0.40000000000000036, "step_elevation_f": -1.312336000000002, "step_dist_m": 26.009479761731175, "step_dist_f": 85.33294158147811, "step_grade": -0.01537900810259715, "step_turn": 10.05599415841914, "coast_speed_mps": 2.9163130047709123, "coast_speed_mph": 6.5236063993622695}, "geometry": {"type": "Point", "coordinates": [-122.05008, 37.58312]}}, {"id": "1741", "type": "Feature", "properties": {"name": "Some South Bay", "step": 1741, "lat": 37.58325, "lon": -122.04994, "elevation_m": 7.8, "time": null, "elevation_f": 25.590552, "step_elevation_m": -0.39999999999999947, "step_elevation_f": -1.3123359999999984, "step_dist_m": 19.003902408175065, "step_dist_f": 62.34876317683708, "step_grade": -0.021048308468892586, "step_turn": 14.346855113296499, "coast_speed_mps": 3.495905078697553, "coast_speed_mph": 7.820116944115849}, "geometry": {"type": "Point", "coordinates": [-122.04994, 37.58325]}}, {"id": "1742", "type": "Feature", "properties": {"name": "Some South Bay", "step": 1742, "lat": 37.58361, "lon": -122.04947, "elevation_m": 7.5, "time": null, "elevation_f": 24.6063, "step_elevation_m": -0.2999999999999998, "step_elevation_f": -0.9842519999999979, "step_dist_m": 57.59915921749604, "step_dist_f": 188.97362552712968, "step_grade": -0.005208409360060126, "step_turn": 5.4960371294845345, "coast_speed_mps": 2.0158582289553086, "coast_speed_mph": 4.509346431986637}, "geometry": {"type": "Point", "coordinates": [-122.04947, 37.58361]}}, {"id": "1743", "type": "Feature", "properties": {"name": "Some South Bay", "step": 1743, "lat": 37.58383, "lon": -122.04928, "elevation_m": 7.4, "time": null, "elevation_f": 24.278216, "step_elevation_m": -0.09999999999999964, "step_elevation_f": -0.3280840000000005, "step_dist_m": 29.64355647843463, "step_dist_f": 97.25576583670747, "step_grade": -0.0033734143901643036, "step_turn": 11.58668334189582, "coast_speed_mps": 0.7188233917621255, "coast_speed_mph": 1.6079621326103362}, "geometry": {"type": "Point", "coordinates": [-122.04928, 37.58383]}}, {"id": "1744", "type": "Feature", "properties": {"name": "Some South Bay", "step": 1744, "lat": 37.58431, "lon": -122.0489, "elevation_m": 7.2, "time": null, "elevation_f": 23.622048, "step_elevation_m": -0.20000000000000018, "step_elevation_f": -0.656168000000001, "step_dist_m": 63.00760184666168, "step_dist_f": 206.7178604426015, "step_grade": -0.003174220159763099, "step_turn": 2.2851278520752203, "coast_speed_mps": 0.0, "coast_speed_mph": 0.0}, "geometry": {"type": "Point", "coordinates": [-122.0489, 37.58431]}}, {"id": "1745", "type": "Feature", "properties": {"name": "Some South Bay", "step": 1745, "lat": 37.58498, "lon": -122.0483, "elevation_m": 7.1, "time": null, "elevation_f": 23.293964, "step_elevation_m": -0.10000000000000053, "step_elevation_f": -0.3280840000000005, "step_dist_m": 91.35416159777941, "step_dist_f": 299.7183875364586, "step_grade": -0.0010946408817179849, "step_turn": 3.2590502556309957, "coast_speed_mps": 0.0, "coast_speed_mph": 0.0}, "geometry": {"type": "Point", "coordinates": [-122.0483, 37.58498]}}, {"id": "1746", "type": "Feature", "properties": {"name": "Some South Bay", "step": 1746, "lat": 37.58527, "lon": -122.04803, "elevation_m": 7.1, "time": null, "elevation_f": 23.293964, "step_elevation_m": 0.0, "step_elevation_f": 0.0, "step_dist_m": 40.073283949291415, "step_dist_f": 131.47403291219325, "step_grade": 0.0, "step_turn": 1.058094726827278, "coast_speed_mps": 0.0, "coast_speed_mph": 0.0}, "geometry": {"type": "Point", "coordinates": [-122.04803, 37.58527]}}, {"id": "1747", "type": "Feature", "properties": {"name": "Some South Bay", "step": 1747, "lat": 37.58552, "lon": -122.04772, "elevation_m": 7.0, "time": null, "elevation_f": 22.96588, "step_elevation_m": -0.09999999999999964, "step_elevation_f": -0.3280840000000005, "step_dist_m": 38.97344121183382, "step_dist_f": 127.86562486543288, "step_grade": -0.0025658498939435666, "step_turn": 8.078311003480735, "coast_speed_mps": 0.0, "coast_speed_mph": 0.0}, "geometry": {"type": "Point", "coordinates": [-122.04772, 37.58552]}}, {"id": "1748", "type": "Feature", "properties": {"name": "Some South Bay", "step": 1748, "lat": 37.58552, "lon": -122.04772, "elevation_m": 7.0, "time": null, "elevation_f": 22.96588, "step_elevation_m": 0.0, "step_elevation_f": 0.0, "step_dist_m": 0.0, "step_dist_f": 0.0, "step_grade": null, "step_turn": null, "coast_speed_mps": 0.0, "coast_speed_mph": 0.0}, "geometry": {"type": "Point", "coordinates": [-122.04772, 37.58552]}}, {"id": "1749", "type": "Feature", "properties": {"name": "Some South Bay", "step": 1749, "lat": 37.58586, "lon": -122.04724, "elevation_m": 7.0, "time": null, "elevation_f": 22.96588, "step_elevation_m": 0.0, "step_elevation_f": 0.0, "step_dist_m": 56.72935684720377, "step_dist_f": 186.11994311858, "step_grade": 0.0, "step_turn": null, "coast_speed_mps": 0.0, "coast_speed_mph": 0.0}, "geometry": {"type": "Point", "coordinates": [-122.04724, 37.58586]}}, {"id": "1750", "type": "Feature", "properties": {"name": "Some South Bay", "step": 1750, "lat": 37.58597, "lon": -122.04705, "elevation_m": 7.0, "time": null, "elevation_f": 22.96588, "step_elevation_m": 0.0, "step_elevation_f": 0.0, "step_dist_m": 20.73401541936283, "step_dist_f": 68.02498714846234, "step_grade": 0.0, "step_turn": 5.640949712440602, "coast_speed_mps": 0.0, "coast_speed_mph": 0.0}, "geometry": {"type": "Point", "coordinates": [-122.04705, 37.58597]}}, {"id": "1751", "type": "Feature", "properties": {"name": "Some South Bay", "step": 1751, "lat": 37.58632, "lon": -122.04637, "elevation_m": 7.0, "time": null, "elevation_f": 22.96588, "step_elevation_m": 0.0, "step_elevation_f": 0.0, "step_dist_m": 71.44801073651175, "step_dist_f": 234.4094915447772, "step_grade": 0.0, "step_turn": 3.146653547507867, "coast_speed_mps": 0.0, "coast_speed_mph": 0.0}, "geometry": {"type": "Point", "coordinates": [-122.04637, 37.58632]}}, {"id": "1752", "type": "Feature", "properties": {"name": "Some South Bay", "step": 1752, "lat": 37.58642, "lon": -122.04616, "elevation_m": 7.0, "time": null, "elevation_f": 22.96588, "step_elevation_m": 0.0, "step_elevation_f": 0.0, "step_dist_m": 21.588065071053116, "step_dist_f": 70.8269874077139, "step_grade": 0.0, "step_turn": 2.00224941277736, "coast_speed_mps": 0.0, "coast_speed_mph": 0.0}, "geometry": {"type": "Point", "coordinates": [-122.04616, 37.58642]}}, {"id": "1753", "type": "Feature", "properties": {"name": "Some South Bay", "step": 1753, "lat": 37.58658, "lon": -122.04569, "elevation_m": 7.1, "time": null, "elevation_f": 23.293964, "step_elevation_m": 0.09999999999999964, "step_elevation_f": 0.3280840000000005, "step_dist_m": 45.07364255607718, "step_dist_f": 147.87940944368026, "step_grade": 0.002218591494476784, "step_turn": 7.754325953441139, "coast_speed_mps": 0.0, "coast_speed_mph": 0.0}, "geometry": {"type": "Point", "coordinates": [-122.04569, 37.58658]}}, {"id": "1754", "type": "Feature", "properties": {"name": "Some South Bay", "step": 1754, "lat": 37.58672, "lon": -122.04523, "elevation_m": 7.3, "time": null, "elevation_f": 23.950132, "step_elevation_m": 0.20000000000000018, "step_elevation_f": 0.656168000000001, "step_dist_m": 43.41928037285125, "step_dist_f": 142.4517118184653, "step_grade": 0.004606248613117367, "step_turn": 2.2379348210888566, "coast_speed_mps": 0.0, "coast_speed_mph": 0.0}, "geometry": {"type": "Point", "coordinates": [-122.04523, 37.58672]}}, {"id": "1755", "type": "Feature", "properties": {"name": "Some South Bay", "step": 1755, "lat": 37.58683, "lon": -122.04475, "elevation_m": 8.3, "time": null, "elevation_f": 27.230972, "step_elevation_m": 1.0000000000000009, "step_elevation_f": 3.2808400000000013, "step_dist_m": 44.02796289352614, "step_dist_f": 144.4487017795963, "step_grade": 0.02271283825732125, "step_turn": 4.880599660516452, "coast_speed_mps": 0.0, "coast_speed_mph": 0.0}, "geometry": {"type": "Point", "coordinates": [-122.04475, 37.58683]}}, {"id": "1756", "type": "Feature", "properties": {"name": "Some South Bay", "step": 1756, "lat": 37.587, "lon": -122.04393, "elevation_m": 7.6, "time": null, "elevation_f": 24.934383999999998, "step_elevation_m": -0.7000000000000011, "step_elevation_f": -2.2965880000000034, "step_dist_m": 74.6853636299817, "step_dist_f": 245.03072841178914, "step_grade": -0.009372653033706232, "step_turn": 1.4682377863350666, "coast_speed_mps": 1.4182331700528277, "coast_speed_mph": 3.1724972486865295}, "geometry": {"type": "Point", "coordinates": [-122.04393, 37.587]}}, {"id": "1757", "type": "Feature", "properties": {"name": "Some South Bay", "step": 1757, "lat": 37.58704, "lon": -122.04367, "elevation_m": 7.5, "time": null, "elevation_f": 24.6063, "step_elevation_m": -0.09999999999999964, "step_elevation_f": -0.32808399999999693, "step_dist_m": 23.337394544097958, "step_dist_f": 76.56625751605834, "step_grade": -0.004284968478852311, "step_turn": 3.6743913817687712, "coast_speed_mps": 0.0, "coast_speed_mph": 0.0}, "geometry": {"type": "Point", "coordinates": [-122.04367, 37.58704]}}, {"id": "1758", "type": "Feature", "properties": {"name": "Some South Bay", "step": 1758, "lat": 37.58724, "lon": -122.04263, "elevation_m": 7.3, "time": null, "elevation_f": 23.950132, "step_elevation_m": -0.20000000000000018, "step_elevation_f": -0.656168000000001, "step_dist_m": 94.2982648676197, "step_dist_f": 309.37751930828136, "step_grade": -0.0021209297995118948, "step_turn": 2.6541570182977807, "coast_speed_mps": 0.0, "coast_speed_mph": 0.0}, "geometry": {"type": "Point", "coordinates": [-122.04263, 37.58724]}}, {"id": "1759", "type": "Feature", "properties": {"name": "Some South Bay", "step": 1759, "lat": 37.58744, "lon": -122.04159, "elevation_m": 7.2, "time": null, "elevation_f": 23.622048, "step_elevation_m": -0.09999999999999964, "step_elevation_f": -0.3280840000000005, "step_dist_m": 94.29802558972604, "step_dist_f": 309.37673427579676, "step_grade": -0.0010604675906479939, "step_turn": 3.528411059505743e-05, "coast_speed_mps": 0.0, "coast_speed_mph": 0.0}, "geometry": {"type": "Point", "coordinates": [-122.04159, 37.58744]}}, {"id": "1760", "type": "Feature", "properties": {"name": "Some South Bay", "step": 1760, "lat": 37.58751, "lon": -122.04117, "elevation_m": 7.2, "time": null, "elevation_f": 23.622048, "step_elevation_m": 0.0, "step_elevation_f": 0.0, "step_dist_m": 37.817326847263956, "step_dist_f": 124.07259861357748, "step_grade": 0.0, "step_turn": 1.7635357073218643, "coast_speed_mps": 0.0, "coast_speed_mph": 0.0}, "geometry": {"type": "Point", "coordinates": [-122.04117, 37.58751]}}, {"id": "1761", "type": "Feature", "properties": {"name": "Some South Bay", "step": 1761, "lat": 37.58754, "lon": -122.04089, "elevation_m": 7.3, "time": null, "elevation_f": 23.950132, "step_elevation_m": 0.09999999999999964, "step_elevation_f": 0.3280840000000005, "step_dist_m": 24.896237766098047, "step_dist_f": 81.68057271252512, "step_grade": 0.00401667115085849, "step_turn": 4.177453298833939, "coast_speed_mps": 0.0, "coast_speed_mph": 0.0}, "geometry": {"type": "Point", "coordinates": [-122.04089, 37.58754]}}, {"id": "1762", "type": "Feature", "properties": {"name": "Some South Bay", "step": 1762, "lat": 37.58756, "lon": -122.04044, "elevation_m": 7.6, "time": null, "elevation_f": 24.934383999999998, "step_elevation_m": 0.2999999999999998, "step_elevation_f": 0.9842519999999979, "step_dist_m": 39.71331477434345, "step_dist_f": 130.29303164425696, "step_grade": 0.007554141519151482, "step_turn": 4.489995808158255, "coast_speed_mps": 0.0, "coast_speed_mph": 0.0}, "geometry": {"type": "Point", "coordinates": [-122.04044, 37.58756]}}, {"id": "1763", "type": "Feature", "properties": {"name": "Some South Bay", "step": 1763, "lat": 37.58756, "lon": -122.04012, "elevation_m": 8.3, "time": null, "elevation_f": 27.230972, "step_elevation_m": 0.7000000000000011, "step_elevation_f": 2.2965880000000034, "step_dist_m": 28.196261485267517, "step_dist_f": 92.50742253132508, "step_grade": 0.02482598625231751, "step_turn": 3.2102146308441206, "coast_speed_mps": 0.0, "coast_speed_mph": 0.0}, "geometry": {"type": "Point", "coordinates": [-122.04012, 37.58756]}}, {"id": "1764", "type": "Feature", "properties": {"name": "Some South Bay", "step": 1764, "lat": 37.58758, "lon": -122.03992, "elevation_m": 9.3, "time": null, "elevation_f": 30.511812000000003, "step_elevation_m": 1.0, "step_elevation_f": 3.2808400000000013, "step_dist_m": 17.76242966386586, "step_dist_f": 58.275689738397666, "step_grade": 0.056298604353339214, "step_turn": 7.192406724045043, "coast_speed_mps": 0.0, "coast_speed_mph": 0.0}, "geometry": {"type": "Point", "coordinates": [-122.03992, 37.58758]}}, {"id": "1765", "type": "Feature", "properties": {"name": "Some South Bay", "step": 1765, "lat": 37.58755, "lon": -122.03967, "elevation_m": 9.8, "time": null, "elevation_f": 32.152232000000005, "step_elevation_m": 0.5, "step_elevation_f": 1.6404200000000024, "step_dist_m": 22.279477248298168, "step_dist_f": 73.09540013530656, "step_grade": 0.022442178262427268, "step_turn": 15.803556350816962, "coast_speed_mps": 0.0, "coast_speed_mph": 0.0}, "geometry": {"type": "Point", "coordinates": [-122.03967, 37.58755]}}, {"id": "1766", "type": "Feature", "properties": {"name": "Some South Bay", "step": 1766, "lat": 37.58757, "lon": -122.03943, "elevation_m": 9.6, "time": null, "elevation_f": 31.496063999999997, "step_elevation_m": -0.20000000000000107, "step_elevation_f": -0.6561680000000081, "step_dist_m": 21.26381029383694, "step_dist_f": 69.76315936443198, "step_grade": -0.00940565200856634, "step_turn": 14.614444530942535, "coast_speed_mps": 0.7657887021100366, "coast_speed_mph": 1.7130205397951765}, "geometry": {"type": "Point", "coordinates": [-122.03943, 37.58757]}}, {"id": "1767", "type": "Feature", "properties": {"name": "Some South Bay", "step": 1767, "lat": 37.58756, "lon": -122.03923, "elevation_m": 8.6, "time": null, "elevation_f": 28.215224, "step_elevation_m": -1.0, "step_elevation_f": -3.2808399999999978, "step_dist_m": 17.65770811214775, "step_dist_f": 57.93211508265882, "step_grade": -0.05663249124115053, "step_turn": 9.613776424058642, "coast_speed_mps": 4.166687539219923, "coast_speed_mph": 9.320614574131888}, "geometry": {"type": "Point", "coordinates": [-122.03923, 37.58756]}}, {"id": "1768", "type": "Feature", "properties": {"name": "Some South Bay", "step": 1768, "lat": 37.58753, "lon": -122.03904, "elevation_m": 7.6, "time": null, "elevation_f": 24.934383999999998, "step_elevation_m": -1.0, "step_elevation_f": -3.2808400000000013, "step_dist_m": 17.070642308560412, "step_dist_f": 56.006046111617344, "step_grade": -0.058580103895594496, "step_turn": 7.6584856112598345, "coast_speed_mps": 5.674115393732463, "coast_speed_mph": 12.692634649544686}, "geometry": {"type": "Point", "coordinates": [-122.03904, 37.58753]}}, {"id": "1769", "type": "Feature", "properties": {"name": "Some South Bay", "step": 1769, "lat": 37.58748, "lon": -122.03876, "elevation_m": 6.9, "time": null, "elevation_f": 22.637796, "step_elevation_m": -0.6999999999999993, "step_elevation_f": -2.2965879999999963, "step_dist_m": 25.290430618506868, "step_dist_f": 82.97385639042207, "step_grade": -0.02767845318884202, "step_turn": 1.430443944358501, "coast_speed_mps": 6.01441505450123, "coast_speed_mph": 13.453863310892142}, "geometry": {"type": "Point", "coordinates": [-122.03876, 37.58748]}}, {"id": "1770", "type": "Feature", "properties": {"name": "Some South Bay", "step": 1770, "lat": 37.58742, "lon": -122.03846, "elevation_m": 6.8, "time": null, "elevation_f": 22.309711999999998, "step_elevation_m": -0.10000000000000053, "step_elevation_f": -0.32808400000000404, "step_dist_m": 27.26297281319887, "step_dist_f": 89.44545172445538, "step_grade": -0.00366797856877836, "step_turn": 1.4656674132561989, "coast_speed_mps": 5.181422819936523, "coast_speed_mph": 11.590512750394858}, "geometry": {"type": "Point", "coordinates": [-122.03846, 37.58742]}}, {"id": "1771", "type": "Feature", "properties": {"name": "Some South Bay", "step": 1771, "lat": 37.58732, "lon": -122.03806, "elevation_m": 6.9, "time": null, "elevation_f": 22.637796, "step_elevation_m": 0.10000000000000053, "step_elevation_f": 0.32808400000000404, "step_dist_m": 36.957847939439546, "step_dist_f": 121.25278583363084, "step_grade": 0.0027057852547005476, "step_turn": 3.344737481816594, "coast_speed_mps": 3.4688004470738276, "coast_speed_mph": 7.759485609953972}, "geometry": {"type": "Point", "coordinates": [-122.03806, 37.58732]}}, {"id": "1772", "type": "Feature", "properties": {"name": "Some South Bay", "step": 1772, "lat": 37.58725, "lon": -122.03783, "elevation_m": 7.3, "time": null, "elevation_f": 23.950132, "step_elevation_m": 0.39999999999999947, "step_elevation_f": 1.3123359999999984, "step_dist_m": 21.709478791126966, "step_dist_f": 71.22532639708099, "step_grade": 0.018425131429847422, "step_turn": 3.500568351255936, "coast_speed_mps": 0.0, "coast_speed_mph": 0.0}, "geometry": {"type": "Point", "coordinates": [-122.03783, 37.58725]}}, {"id": "1773", "type": "Feature", "properties": {"name": "Some South Bay", "step": 1773, "lat": 37.58696, "lon": -122.037, "elevation_m": 8.6, "time": null, "elevation_f": 28.215224, "step_elevation_m": 1.2999999999999998, "step_elevation_f": 4.265091999999999, "step_dist_m": 79.92805356425505, "step_dist_f": 262.23115525575054, "step_grade": 0.016264627274514016, "step_turn": 2.783144489709457, "coast_speed_mps": 0.0, "coast_speed_mph": 0.0}, "geometry": {"type": "Point", "coordinates": [-122.037, 37.58696]}}, {"id": "1774", "type": "Feature", "properties": {"name": "Some South Bay", "step": 1774, "lat": 37.58671, "lon": -122.03636, "elevation_m": 9.5, "time": null, "elevation_f": 31.16798, "step_elevation_m": 0.9000000000000004, "step_elevation_f": 2.952756000000001, "step_dist_m": 62.8724747338943, "step_dist_f": 206.27453000594977, "step_grade": 0.014314690233034742, "step_turn": 2.4471754798067877, "coast_speed_mps": 0.0, "coast_speed_mph": 0.0}, "geometry": {"type": "Point", "coordinates": [-122.03636, 37.58671]}}, {"id": "1775", "type": "Feature", "properties": {"name": "Some South Bay", "step": 1775, "lat": 37.58637, "lon": -122.03542, "elevation_m": 6.9, "time": null, "elevation_f": 22.637796, "step_elevation_m": -2.5999999999999996, "step_elevation_f": -8.530183999999998, "step_dist_m": 91.0479794081917, "step_dist_f": 298.7138527615716, "step_grade": -0.028556372331378446, "step_turn": 1.7067995541615346, "coast_speed_mps": 6.059794481010905, "coast_speed_mph": 13.55537419696425}, "geometry": {"type": "Point", "coordinates": [-122.03542, 37.58637]}}, {"id": "1776", "type": "Feature", "properties": {"name": "Some South Bay", "step": 1776, "lat": 37.58603, "lon": -122.03449, "elevation_m": 7.5, "time": null, "elevation_f": 24.6063, "step_elevation_m": 0.5999999999999996, "step_elevation_f": 1.9685039999999994, "step_dist_m": 90.24747049798799, "step_dist_f": 296.0875111086189, "step_grade": 0.006648385785099387, "step_turn": 0.23219402915111687, "coast_speed_mps": 0.0, "coast_speed_mph": 0.0}, "geometry": {"type": "Point", "coordinates": [-122.03449, 37.58603]}}, {"id": "1777", "type": "Feature", "properties": {"name": "Some South Bay", "step": 1777, "lat": 37.58585, "lon": -122.03406, "elevation_m": 7.4, "time": null, "elevation_f": 24.278216, "step_elevation_m": -0.09999999999999964, "step_elevation_f": -0.3280840000000005, "step_dist_m": 42.85115836467961, "step_dist_f": 140.58779440917547, "step_grade": -0.0023336592012043575, "step_turn": 3.079040699782638, "coast_speed_mps": 0.0, "coast_speed_mph": 0.0}, "geometry": {"type": "Point", "coordinates": [-122.03406, 37.58585]}}, {"id": "1778", "type": "Feature", "properties": {"name": "Some South Bay", "step": 1778, "lat": 37.58563, "lon": -122.03363, "elevation_m": 7.1, "time": null, "elevation_f": 23.293964, "step_elevation_m": -0.3000000000000007, "step_elevation_f": -0.9842520000000015, "step_dist_m": 45.1005374116181, "step_dist_f": 147.9676471615331, "step_grade": -0.006651805437748939, "step_turn": 5.002527008755408, "coast_speed_mps": 0.0, "coast_speed_mph": 0.0}, "geometry": {"type": "Point", "coordinates": [-122.03363, 37.58563]}}, {"id": "1779", "type": "Feature", "properties": {"name": "Some South Bay", "step": 1779, "lat": 37.58548, "lon": -122.03336, "elevation_m": 7.0, "time": null, "elevation_f": 22.96588, "step_elevation_m": -0.09999999999999964, "step_elevation_f": -0.3280840000000005, "step_dist_m": 29.055463266591385, "step_dist_f": 95.32632610356367, "step_grade": -0.003441693532210235, "step_turn": 2.185359335899591, "coast_speed_mps": 0.0, "coast_speed_mph": 0.0}, "geometry": {"type": "Point", "coordinates": [-122.03336, 37.58548]}}, {"id": "1780", "type": "Feature", "properties": {"name": "Some South Bay", "step": 1780, "lat": 37.58523, "lon": -122.03298, "elevation_m": 7.2, "time": null, "elevation_f": 23.622048, "step_elevation_m": 0.20000000000000018, "step_elevation_f": 0.656168000000001, "step_dist_m": 43.51955015824012, "step_dist_f": 142.7806809411605, "step_grade": 0.0045956357377956855, "step_turn": 4.666688251347296, "coast_speed_mps": 0.0, "coast_speed_mph": 0.0}, "geometry": {"type": "Point", "coordinates": [-122.03298, 37.58523]}}, {"id": "1781", "type": "Feature", "properties": {"name": "Some South Bay", "step": 1781, "lat": 37.58513, "lon": -122.03284, "elevation_m": 7.3, "time": null, "elevation_f": 23.950132, "step_elevation_m": 0.09999999999999964, "step_elevation_f": 0.3280840000000005, "step_dist_m": 16.608022126227485, "step_dist_f": 54.48826331261218, "step_grade": 0.006021186583204213, "step_turn": 2.330786380857262, "coast_speed_mps": 0.0, "coast_speed_mph": 0.0}, "geometry": {"type": "Point", "coordinates": [-122.03284, 37.58513]}}, {"id": "1782", "type": "Feature", "properties": {"name": "Some South Bay", "step": 1782, "lat": 37.585, "lon": -122.03267, "elevation_m": 8.0, "time": null, "elevation_f": 26.24672, "step_elevation_m": 0.7000000000000002, "step_elevation_f": 2.296588, "step_dist_m": 20.817066494764777, "step_dist_f": 68.29746443868407, "step_grade": 0.03362625565787769, "step_turn": 1.9488528395868343, "coast_speed_mps": 0.0, "coast_speed_mph": 0.0}, "geometry": {"type": "Point", "coordinates": [-122.03267, 37.585]}}, {"id": "1783", "type": "Feature", "properties": {"name": "Some South Bay", "step": 1783, "lat": 37.58473, "lon": -122.03238, "elevation_m": 11.0, "time": null, "elevation_f": 36.08924, "step_elevation_m": 3.0, "step_elevation_f": 9.842519999999997, "step_dist_m": 39.4253010182881, "step_dist_f": 129.34810459284034, "step_grade": 0.07609326809219284, "step_turn": 5.61786022275777, "coast_speed_mps": 0.0, "coast_speed_mph": 0.0}, "geometry": {"type": "Point", "coordinates": [-122.03238, 37.58473]}}, {"id": "1784", "type": "Feature", "properties": {"name": "Some South Bay", "step": 1784, "lat": 37.58461, "lon": -122.03226, "elevation_m": 11.3, "time": null, "elevation_f": 37.073492, "step_elevation_m": 0.3000000000000007, "step_elevation_f": 0.984252000000005, "step_dist_m": 17.025150400207806, "step_dist_f": 55.85679443901778, "step_grade": 0.01762098970922095, "step_turn": 2.007681770641625, "coast_speed_mps": 0.0, "coast_speed_mph": 0.0}, "geometry": {"type": "Point", "coordinates": [-122.03226, 37.58461]}}, {"id": "1785", "type": "Feature", "properties": {"name": "Some South Bay", "step": 1785, "lat": 37.58444, "lon": -122.03208, "elevation_m": 11.0, "time": null, "elevation_f": 36.08924, "step_elevation_m": -0.3000000000000007, "step_elevation_f": -0.984252000000005, "step_dist_m": 24.675925874941093, "step_dist_f": 80.95776464754174, "step_grade": -0.012157598524181693, "step_turn": 1.6038352220334104, "coast_speed_mps": 1.4187553258646326, "coast_speed_mph": 3.173665277972063}, "geometry": {"type": "Point", "coordinates": [-122.03208, 37.58444]}}, {"id": "1786", "type": "Feature", "properties": {"name": "Some South Bay", "step": 1786, "lat": 37.58406, "lon": -122.03172, "elevation_m": 8.7, "time": null, "elevation_f": 28.543307999999996, "step_elevation_m": -2.3000000000000007, "step_elevation_f": -7.5459320000000005, "step_dist_m": 52.83658659750917, "step_dist_f": 173.34838677257198, "step_grade": -0.043530442598811406, "step_turn": 3.1015726620843225, "coast_speed_mps": 6.171692189451817, "coast_speed_mph": 13.805682241973448}, "geometry": {"type": "Point", "coordinates": [-122.03172, 37.58406]}}, {"id": "1787", "type": "Feature", "properties": {"name": "Some South Bay", "step": 1787, "lat": 37.58377, "lon": -122.0314, "elevation_m": 7.1, "time": null, "elevation_f": 23.293964, "step_elevation_m": -1.5999999999999996, "step_elevation_f": -5.249343999999997, "step_dist_m": 42.83626548078532, "step_dist_f": 140.5389332399797, "step_grade": -0.037351528711523585, "step_turn": 4.270367963807473, "coast_speed_mps": 7.152778480139502, "coast_speed_mph": 16.000309771249764}, "geometry": {"type": "Point", "coordinates": [-122.0314, 37.58377]}}, {"id": "1788", "type": "Feature", "properties": {"name": "Some South Bay", "step": 1788, "lat": 37.58334, "lon": -122.03098, "elevation_m": 6.8, "time": null, "elevation_f": 22.309711999999998, "step_elevation_m": -0.2999999999999998, "step_elevation_f": -0.9842520000000015, "step_dist_m": 60.46379552812766, "step_dist_f": 198.37203892050235, "step_grade": -0.004961646839726433, "step_turn": 3.426568091905608, "coast_speed_mps": 5.056933604375422, "coast_speed_mph": 11.312038306136847}, "geometry": {"type": "Point", "coordinates": [-122.03098, 37.58334]}}, {"id": "1789", "type": "Feature", "properties": {"name": "Some South Bay", "step": 1789, "lat": 37.58286, "lon": -122.03049, "elevation_m": 6.9, "time": null, "elevation_f": 22.637796, "step_elevation_m": 0.10000000000000053, "step_elevation_f": 0.32808400000000404, "step_dist_m": 68.6519249649121, "step_dist_f": 225.2359815018822, "step_grade": 0.0014566233947716745, "step_turn": 1.2310287275254268, "coast_speed_mps": 0.5982158495790725, "coast_speed_mph": 1.338170744405583}, "geometry": {"type": "Point", "coordinates": [-122.03049, 37.58286]}}, {"id": "1790", "type": "Feature", "properties": {"name": "Some South Bay", "step": 1790, "lat": 37.58235, "lon": -122.03, "elevation_m": 7.9, "time": null, "elevation_f": 25.918636, "step_elevation_m": 1.0, "step_elevation_f": 3.2808399999999978, "step_dist_m": 71.27644528008156, "step_dist_f": 233.8466127327028, "step_grade": 0.014029880363288168, "step_turn": 1.6865929368209436, "coast_speed_mps": 0.0, "coast_speed_mph": 0.0}, "geometry": {"type": "Point", "coordinates": [-122.03, 37.58235]}}, {"id": "1791", "type": "Feature", "properties": {"name": "Some South Bay", "step": 1791, "lat": 37.58201, "lon": -122.02965, "elevation_m": 7.9, "time": null, "elevation_f": 25.918636, "step_elevation_m": 0.0, "step_elevation_f": 0.0, "step_dist_m": 48.790743060336204, "step_dist_f": 160.07462146207342, "step_grade": 0.0, "step_turn": 1.921544815489824, "coast_speed_mps": 0.0, "coast_speed_mph": 0.0}, "geometry": {"type": "Point", "coordinates": [-122.02965, 37.58201]}}, {"id": "1792", "type": "Feature", "properties": {"name": "Some South Bay", "step": 1792, "lat": 37.58164, "lon": -122.02928, "elevation_m": 7.1, "time": null, "elevation_f": 23.293964, "step_elevation_m": -0.8000000000000007, "step_elevation_f": -2.6246720000000003, "step_dist_m": 52.49498760140611, "step_dist_f": 172.2276551221972, "step_grade": -0.015239550222859225, "step_turn": 0.8109009585099898, "coast_speed_mps": 2.7306385235111788, "coast_speed_mph": 6.108264413723997}, "geometry": {"type": "Point", "coordinates": [-122.02928, 37.58164]}}, {"id": "1793", "type": "Feature", "properties": {"name": "Some South Bay", "step": 1793, "lat": 37.58122, "lon": -122.0289, "elevation_m": 7.0, "time": null, "elevation_f": 22.96588, "step_elevation_m": -0.09999999999999964, "step_elevation_f": -0.3280840000000005, "step_dist_m": 57.46620382259929, "step_dist_f": 188.53742014933664, "step_grade": -0.0017401532265591106, "step_turn": 2.7552372843043713, "coast_speed_mps": 0.0, "coast_speed_mph": 0.0}, "geometry": {"type": "Point", "coordinates": [-122.0289, 37.58122]}}, {"id": "1794", "type": "Feature", "properties": {"name": "Some South Bay", "step": 1794, "lat": 37.58107, "lon": -122.02875, "elevation_m": 7.2, "time": null, "elevation_f": 23.622048, "step_elevation_m": 0.20000000000000018, "step_elevation_f": 0.656168000000001, "step_dist_m": 21.281826714630103, "step_dist_f": 69.82226835842702, "step_grade": 0.00939768952551949, "step_turn": 2.7554249282393926, "coast_speed_mps": 0.0, "coast_speed_mph": 0.0}, "geometry": {"type": "Point", "coordinates": [-122.02875, 37.58107]}}, {"id": "1795", "type": "Feature", "properties": {"name": "Some South Bay", "step": 1795, "lat": 37.58092, "lon": -122.02859, "elevation_m": 7.3, "time": null, "elevation_f": 23.950132, "step_elevation_m": 0.09999999999999964, "step_elevation_f": 0.3280840000000005, "step_dist_m": 21.8400861610414, "step_dist_f": 71.65382828059106, "step_grade": 0.004578736515169103, "step_turn": 1.812181674896351, "coast_speed_mps": 0.0, "coast_speed_mph": 0.0}, "geometry": {"type": "Point", "coordinates": [-122.02859, 37.58092]}}, {"id": "1796", "type": "Feature", "properties": {"name": "Some South Bay", "step": 1796, "lat": 37.58064, "lon": -122.0283, "elevation_m": 7.2, "time": null, "elevation_f": 23.622048, "step_elevation_m": -0.09999999999999964, "step_elevation_f": -0.3280840000000005, "step_dist_m": 40.27939598456894, "step_dist_f": 132.15025352201317, "step_grade": -0.0024826588769680086, "step_turn": 0.8295564988452497, "coast_speed_mps": 0.0, "coast_speed_mph": 0.0}, "geometry": {"type": "Point", "coordinates": [-122.0283, 37.58064]}}, {"id": "1797", "type": "Feature", "properties": {"name": "Some South Bay", "step": 1797, "lat": 37.58024, "lon": -122.02791, "elevation_m": 7.1, "time": null, "elevation_f": 23.293964, "step_elevation_m": -0.10000000000000053, "step_elevation_f": -0.3280840000000005, "step_dist_m": 56.20866119813104, "step_dist_f": 184.41162400527625, "step_grade": -0.0017790852489353646, "step_turn": 1.6862984096186437, "coast_speed_mps": 0.0, "coast_speed_mph": 0.0}, "geometry": {"type": "Point", "coordinates": [-122.02791, 37.58024]}}, {"id": "1798", "type": "Feature", "properties": {"name": "Some South Bay", "step": 1798, "lat": 37.57984, "lon": -122.02752, "elevation_m": 7.0, "time": null, "elevation_f": 22.96588, "step_elevation_m": -0.09999999999999964, "step_elevation_f": -0.3280840000000005, "step_dist_m": 56.20877409128744, "step_dist_f": 184.41199438965947, "step_grade": -0.0017790816757111947, "step_turn": 0.0001489282923898827, "coast_speed_mps": 0.0, "coast_speed_mph": 0.0}, "geometry": {"type": "Point", "coordinates": [-122.02752, 37.57984]}}, {"id": "1799", "type": "Feature", "properties": {"name": "Some South Bay", "step": 1799, "lat": 37.57923, "lon": -122.02691, "elevation_m": 10.8, "time": null, "elevation_f": 35.433072, "step_elevation_m": 3.8000000000000007, "step_elevation_f": 12.467192000000004, "step_dist_m": 86.54681728057689, "step_dist_f": 283.9462600068079, "step_grade": 0.04390687167248158, "step_turn": 0.7042676875050233, "coast_speed_mps": 0.0, "coast_speed_mph": 0.0}, "geometry": {"type": "Point", "coordinates": [-122.02691, 37.57923]}}, {"id": "1800", "type": "Feature", "properties": {"name": "Some South Bay", "step": 1800, "lat": 37.57894, "lon": -122.02662, "elevation_m": 12.1, "time": null, "elevation_f": 39.698164, "step_elevation_m": 1.299999999999999, "step_elevation_f": 4.265091999999996, "step_dist_m": 41.145304151006236, "step_dist_f": 134.9911596707873, "step_grade": 0.0315953430609944, "step_turn": 7.098895349599843e-05, "coast_speed_mps": 0.0, "coast_speed_mph": 0.0}, "geometry": {"type": "Point", "coordinates": [-122.02662, 37.57894]}}, {"id": "1801", "type": "Feature", "properties": {"name": "Some South Bay", "step": 1801, "lat": 37.57875, "lon": -122.02644, "elevation_m": 12.5, "time": null, "elevation_f": 41.0105, "step_elevation_m": 0.40000000000000036, "step_elevation_f": 1.312336000000002, "step_dist_m": 26.41898468559337, "step_dist_f": 86.67646171588214, "step_grade": 0.015140627270893032, "step_turn": 1.4979392316502071, "coast_speed_mps": 0.0, "coast_speed_mph": 0.0}, "geometry": {"type": "Point", "coordinates": [-122.02644, 37.57875]}}, {"id": "1802", "type": "Feature", "properties": {"name": "Some South Bay", "step": 1802, "lat": 37.57864, "lon": -122.0263, "elevation_m": 12.5, "time": null, "elevation_f": 41.0105, "step_elevation_m": 0.0, "step_elevation_f": 0.0, "step_dist_m": 17.372909032554755, "step_dist_f": 56.99773487036694, "step_grade": 0.0, "step_turn": 8.347579005780915, "coast_speed_mps": 0.0, "coast_speed_mph": 0.0}, "geometry": {"type": "Point", "coordinates": [-122.0263, 37.57864]}}, {"id": "1803", "type": "Feature", "properties": {"name": "Some South Bay", "step": 1803, "lat": 37.57847, "lon": -122.02606, "elevation_m": 12.4, "time": null, "elevation_f": 40.682416, "step_elevation_m": -0.09999999999999964, "step_elevation_f": -0.32808399999999693, "step_dist_m": 28.366189616183163, "step_dist_f": 93.06492954035836, "step_grade": -0.003525323681223253, "step_turn": 2.9635147302712994, "coast_speed_mps": 0.0, "coast_speed_mph": 0.0}, "geometry": {"type": "Point", "coordinates": [-122.02606, 37.57847]}}, {"id": "1804", "type": "Feature", "properties": {"name": "Some South Bay", "step": 1804, "lat": 37.57829, "lon": -122.02585, "elevation_m": 9.9, "time": null, "elevation_f": 32.480316, "step_elevation_m": -2.5, "step_elevation_f": -8.202100000000002, "step_dist_m": 27.259468805342838, "step_dist_f": 89.433955635321, "step_grade": -0.09171125152336064, "step_turn": 5.453765269057328, "coast_speed_mps": 6.691139945951915, "coast_speed_mph": 14.967653780314754}, "geometry": {"type": "Point", "coordinates": [-122.02585, 37.57829]}}, {"id": "1805", "type": "Feature", "properties": {"name": "Some South Bay", "step": 1805, "lat": 37.57808, "lon": -122.02567, "elevation_m": 5.6, "time": null, "elevation_f": 18.372704, "step_elevation_m": -4.300000000000001, "step_elevation_f": -14.107612000000003, "step_dist_m": 28.22909325865234, "step_dist_f": 92.61513832671695, "step_grade": -0.1523251193582717, "step_turn": 8.56823736610363, "coast_speed_mps": 10.757522520388152, "coast_speed_mph": 24.063892538448773}, "geometry": {"type": "Point", "coordinates": [-122.02567, 37.57808]}}, {"id": "1806", "type": "Feature", "properties": {"name": "Some South Bay", "step": 1806, "lat": 37.5778, "lon": -122.02549, "elevation_m": 9.8, "time": null, "elevation_f": 32.152232000000005, "step_elevation_m": 4.200000000000001, "step_elevation_f": 13.779528000000006, "step_dist_m": 34.94251355605667, "step_dist_f": 114.64079617525296, "step_grade": 0.12019742063667327, "step_turn": 7.190509085654128, "coast_speed_mps": 5.689109068347298, "coast_speed_mph": 12.726174544441866}, "geometry": {"type": "Point", "coordinates": [-122.02549, 37.5778]}}, {"id": "1807", "type": "Feature", "properties": {"name": "Some South Bay", "step": 1807, "lat": 37.57786, "lon": -122.02557, "elevation_m": 8.8, "time": null, "elevation_f": 28.871392000000004, "step_elevation_m": -1.0, "step_elevation_f": -3.2808400000000013, "step_dist_m": 9.7063811505935, "step_dist_f": 31.84508353411318, "step_grade": -0.10302500844394047, "step_turn": 160.41883429992816, "coast_speed_mps": 4.16249733922337, "coast_speed_mph": 9.311241363688632}, "geometry": {"type": "Point", "coordinates": [-122.02557, 37.57786]}}, {"id": "1808", "type": "Feature", "properties": {"name": "Some South Bay", "step": 1808, "lat": 37.57791, "lon": -122.02563, "elevation_m": 8.7, "time": null, "elevation_f": 28.543307999999996, "step_elevation_m": -0.10000000000000142, "step_elevation_f": -0.3280840000000076, "step_dist_m": 7.672567300173156, "step_dist_f": 25.172465701100094, "step_grade": -0.013033447096351257, "step_turn": 3.01696715149842, "coast_speed_mps": 4.970459193434577, "coast_speed_mph": 11.118600557969245}, "geometry": {"type": "Point", "coordinates": [-122.02563, 37.57791]}}, {"id": "1809", "type": "Feature", "properties": {"name": "Some South Bay", "step": 1809, "lat": 37.57799, "lon": -122.02585, "elevation_m": 9.1, "time": null, "elevation_f": 29.855643999999998, "step_elevation_m": 0.40000000000000036, "step_elevation_f": 1.312336000000002, "step_dist_m": 21.330825688132048, "step_dist_f": 69.98302615065114, "step_grade": 0.01875220424414, "step_turn": 21.790525022004715, "coast_speed_mps": 2.9809217320169115, "coast_speed_mph": 6.668132006122289}, "geometry": {"type": "Point", "coordinates": [-122.02585, 37.57799]}}, {"id": "1810", "type": "Feature", "properties": {"name": "Some South Bay", "step": 1810, "lat": 37.57808, "lon": -122.02577, "elevation_m": 9.4, "time": null, "elevation_f": 30.839896, "step_elevation_m": 0.3000000000000007, "step_elevation_f": 0.9842520000000015, "step_dist_m": 12.241444525471643, "step_dist_f": 40.16222085694838, "step_grade": 0.024506911694593674, "step_turn": 100.51605620437653, "coast_speed_mps": 1.087924982743167, "coast_speed_mph": 2.4336188769308467}, "geometry": {"type": "Point", "coordinates": [-122.02577, 37.57808]}}, {"id": "1811", "type": "Feature", "properties": {"name": "Some South Bay", "step": 1811, "lat": 37.57846, "lon": -122.02541, "elevation_m": 10.6, "time": null, "elevation_f": 34.776904, "step_elevation_m": 1.1999999999999993, "step_elevation_f": 3.9370080000000023, "step_dist_m": 52.83811646857679, "step_dist_f": 173.35340603476547, "step_grade": 0.022710877680767592, "step_turn": 1.7361115388673625, "coast_speed_mps": 0.0, "coast_speed_mph": 0.0}, "geometry": {"type": "Point", "coordinates": [-122.02541, 37.57846]}}, {"id": "1812", "type": "Feature", "properties": {"name": "Some South Bay", "step": 1812, "lat": 37.57885, "lon": -122.02506, "elevation_m": 11.7, "time": null, "elevation_f": 38.385828, "step_elevation_m": 1.0999999999999996, "step_elevation_f": 3.6089239999999947, "step_dist_m": 53.2158252992113, "step_dist_f": 174.5926082746644, "step_grade": 0.02067054290364078, "step_turn": 1.4778643149267623, "coast_speed_mps": 0.0, "coast_speed_mph": 0.0}, "geometry": {"type": "Point", "coordinates": [-122.02506, 37.57885]}}, {"id": "1813", "type": "Feature", "properties": {"name": "Some South Bay", "step": 1813, "lat": 37.57928, "lon": -122.02465, "elevation_m": 13.1, "time": null, "elevation_f": 42.979003999999996, "step_elevation_m": 1.4000000000000004, "step_elevation_f": 4.593176, "step_dist_m": 59.92979427141079, "step_dist_f": 196.6200662374154, "step_grade": 0.02336066754475517, "step_turn": 1.6548562411641683, "coast_speed_mps": 0.0, "coast_speed_mph": 0.0}, "geometry": {"type": "Point", "coordinates": [-122.02465, 37.57928]}}, {"id": "1814", "type": "Feature", "properties": {"name": "Some South Bay", "step": 1814, "lat": 37.57956, "lon": -122.02441, "elevation_m": 13.1, "time": null, "elevation_f": 42.979003999999996, "step_elevation_m": 0.0, "step_elevation_f": 0.0, "step_dist_m": 37.63859388821088, "step_dist_f": 123.48620437219778, "step_grade": 0.0, "step_turn": 2.888518423433595, "coast_speed_mps": 0.0, "coast_speed_mph": 0.0}, "geometry": {"type": "Point", "coordinates": [-122.02441, 37.57956]}}, {"id": "1815", "type": "Feature", "properties": {"name": "Some South Bay", "step": 1815, "lat": 37.57985, "lon": -122.0242, "elevation_m": 13.2, "time": null, "elevation_f": 43.307088, "step_elevation_m": 0.09999999999999964, "step_elevation_f": 0.32808400000000404, "step_dist_m": 37.179313686787594, "step_dist_f": 121.97937951616021, "step_grade": 0.002689667723359203, "step_turn": 4.337191752116155, "coast_speed_mps": 0.0, "coast_speed_mph": 0.0}, "geometry": {"type": "Point", "coordinates": [-122.0242, 37.57985]}}, {"id": "1816", "type": "Feature", "properties": {"name": "Some South Bay", "step": 1816, "lat": 37.58014, "lon": -122.02402, "elevation_m": 13.3, "time": null, "elevation_f": 43.635172000000004, "step_elevation_m": 0.10000000000000142, "step_elevation_f": 0.32808400000000404, "step_dist_m": 35.936637872149944, "step_dist_f": 117.90235899646443, "step_grade": 0.0027826754510471077, "step_turn": 3.6583024829801047, "coast_speed_mps": 0.0, "coast_speed_mph": 0.0}, "geometry": {"type": "Point", "coordinates": [-122.02402, 37.58014]}}, {"id": "1817", "type": "Feature", "properties": {"name": "Some South Bay", "step": 1817, "lat": 37.58042, "lon": -122.02389, "elevation_m": 13.3, "time": null, "elevation_f": 43.635172000000004, "step_elevation_m": 0.0, "step_elevation_f": 0.0, "step_dist_m": 33.17527047393838, "step_dist_f": 108.842754381716, "step_grade": 0.0, "step_turn": 5.991571563387424, "coast_speed_mps": 0.0, "coast_speed_mph": 0.0}, "geometry": {"type": "Point", "coordinates": [-122.02389, 37.58042]}}, {"id": "1818", "type": "Feature", "properties": {"name": "Some South Bay", "step": 1818, "lat": 37.58085, "lon": -122.02373, "elevation_m": 13.4, "time": null, "elevation_f": 43.963256, "step_elevation_m": 0.09999999999999964, "step_elevation_f": 0.32808399999999693, "step_dist_m": 49.849328058770865, "step_dist_f": 163.5476694683378, "step_grade": 0.00200604509417063, "step_turn": 3.7710634166274986, "coast_speed_mps": 0.0, "coast_speed_mph": 0.0}, "geometry": {"type": "Point", "coordinates": [-122.02373, 37.58085]}}, {"id": "1819", "type": "Feature", "properties": {"name": "Some South Bay", "step": 1819, "lat": 37.58085, "lon": -122.02373, "elevation_m": 13.4, "time": null, "elevation_f": 43.963256, "step_elevation_m": 0.0, "step_elevation_f": 0.0, "step_dist_m": 0.0, "step_dist_f": 0.0, "step_grade": null, "step_turn": null, "coast_speed_mps": 0.0, "coast_speed_mph": 0.0}, "geometry": {"type": "Point", "coordinates": [-122.02373, 37.58085]}}, {"id": "1820", "type": "Feature", "properties": {"name": "Some South Bay", "step": 1820, "lat": 37.58158, "lon": -122.02347, "elevation_m": 13.4, "time": null, "elevation_f": 43.963256, "step_elevation_m": 0.0, "step_elevation_f": 0.0, "step_dist_m": 84.34378849677404, "step_dist_f": 276.7184750517561, "step_grade": 0.0, "step_turn": null, "coast_speed_mps": 0.0, "coast_speed_mph": 0.0}, "geometry": {"type": "Point", "coordinates": [-122.02347, 37.58158]}}, {"id": "1821", "type": "Feature", "properties": {"name": "Some South Bay", "step": 1821, "lat": 37.58232, "lon": -122.0232, "elevation_m": 13.4, "time": null, "elevation_f": 43.963256, "step_elevation_m": 0.0, "step_elevation_f": 0.0, "step_dist_m": 85.65497561859713, "step_dist_f": 281.02027020851824, "step_grade": 0.0, "step_turn": 0.3650882030023581, "coast_speed_mps": 0.0, "coast_speed_mph": 0.0}, "geometry": {"type": "Point", "coordinates": [-122.0232, 37.58232]}}, {"id": "1822", "type": "Feature", "properties": {"name": "Some South Bay", "step": 1822, "lat": 37.58305, "lon": -122.02294, "elevation_m": 13.3, "time": null, "elevation_f": 43.635172000000004, "step_elevation_m": -0.09999999999999964, "step_elevation_f": -0.32808399999999693, "step_dist_m": 84.34366560922659, "step_dist_f": 276.71807187737494, "step_grade": -0.001185625491584757, "step_turn": 0.3653839629633353, "coast_speed_mps": 0.0, "coast_speed_mph": 0.0}, "geometry": {"type": "Point", "coordinates": [-122.02294, 37.58305]}}, {"id": "1823", "type": "Feature", "properties": {"name": "Some South Bay", "step": 1823, "lat": 37.58361, "lon": -122.02276, "elevation_m": 13.2, "time": null, "elevation_f": 43.307088, "step_elevation_m": -0.10000000000000142, "step_elevation_f": -0.32808400000000404, "step_dist_m": 64.25752048534943, "step_dist_f": 210.81864350915382, "step_grade": -0.0015562380752429002, "step_turn": 1.4711767295951859, "coast_speed_mps": 0.0, "coast_speed_mph": 0.0}, "geometry": {"type": "Point", "coordinates": [-122.02276, 37.58361]}}, {"id": "1824", "type": "Feature", "properties": {"name": "Some South Bay", "step": 1824, "lat": 37.5841, "lon": -122.02259, "elevation_m": 13.2, "time": null, "elevation_f": 43.307088, "step_elevation_m": 0.0, "step_elevation_f": 0.0, "step_dist_m": 56.50727321551519, "step_dist_f": 185.39132225639085, "step_grade": 0.0, "step_turn": 1.0822533901956035, "coast_speed_mps": 0.0, "coast_speed_mph": 0.0}, "geometry": {"type": "Point", "coordinates": [-122.02259, 37.5841]}}, {"id": "1825", "type": "Feature", "properties": {"name": "Some South Bay", "step": 1825, "lat": 37.58459, "lon": -122.02241, "elevation_m": 13.1, "time": null, "elevation_f": 42.979003999999996, "step_elevation_m": -0.09999999999999964, "step_elevation_f": -0.32808400000000404, "step_dist_m": 56.74720405297133, "step_dist_f": 186.17849694515044, "step_grade": -0.0017622013572096609, "step_turn": 0.8577905430169039, "coast_speed_mps": 0.0, "coast_speed_mph": 0.0}, "geometry": {"type": "Point", "coordinates": [-122.02241, 37.58459]}}, {"id": "1826", "type": "Feature", "properties": {"name": "Some South Bay", "step": 1826, "lat": 37.58518, "lon": -122.02221, "elevation_m": 12.7, "time": null, "elevation_f": 41.666667999999994, "step_elevation_m": -0.40000000000000036, "step_elevation_f": -1.312336000000002, "step_dist_m": 67.93082874982218, "step_dist_f": 222.8701801955666, "step_grade": -0.005888342706271597, "step_turn": 1.1943777530111106, "coast_speed_mps": 0.0, "coast_speed_mph": 0.0}, "geometry": {"type": "Point", "coordinates": [-122.02221, 37.58518]}}, {"id": "1827", "type": "Feature", "properties": {"name": "Some South Bay", "step": 1827, "lat": 37.58578, "lon": -122.02201, "elevation_m": 12.1, "time": null, "elevation_f": 39.698164, "step_elevation_m": -0.5999999999999996, "step_elevation_f": -1.9685039999999958, "step_dist_m": 69.00527399419647, "step_dist_f": 226.39526313111955, "step_grade": -0.008694987575159274, "step_turn": 0.23963573851676756, "coast_speed_mps": 0.970016594636873, "coast_speed_mph": 2.169865324438242}, "geometry": {"type": "Point", "coordinates": [-122.02201, 37.58578]}}, {"id": "1828", "type": "Feature", "properties": {"name": "Some South Bay", "step": 1828, "lat": 37.58637, "lon": -122.0218, "elevation_m": 11.4, "time": null, "elevation_f": 37.401576, "step_elevation_m": -0.6999999999999993, "step_elevation_f": -2.296588, "step_dist_m": 68.16466135091243, "step_dist_f": 223.6373475465275, "step_grade": -0.010269250754381242, "step_turn": 0.9547149965966355, "coast_speed_mps": 1.8761597531594272, "coast_speed_mph": 4.196849841534147}, "geometry": {"type": "Point", "coordinates": [-122.0218, 37.58637]}}, {"id": "1829", "type": "Feature", "properties": {"name": "Some South Bay", "step": 1829, "lat": 37.58707, "lon": -122.02157, "elevation_m": 11.8, "time": null, "elevation_f": 38.713912, "step_elevation_m": 0.40000000000000036, "step_elevation_f": 1.312336000000002, "step_dist_m": 80.43155671596783, "step_dist_f": 263.8830685360159, "step_grade": 0.004973172425501366, "step_turn": 1.15725086675792, "coast_speed_mps": 0.0, "coast_speed_mph": 0.0}, "geometry": {"type": "Point", "coordinates": [-122.02157, 37.58707]}}, {"id": "1830", "type": "Feature", "properties": {"name": "Some South Bay", "step": 1830, "lat": 37.58729, "lon": -122.02148, "elevation_m": 11.9, "time": null, "elevation_f": 39.041996, "step_elevation_m": 0.09999999999999964, "step_elevation_f": 0.32808399999999693, "step_dist_m": 25.716169581418384, "step_dist_f": 84.37063780950069, "step_grade": 0.003888604003928182, "step_turn": 3.367323879315961, "coast_speed_mps": 0.0, "coast_speed_mph": 0.0}, "geometry": {"type": "Point", "coordinates": [-122.02148, 37.58729]}}, {"id": "1831", "type": "Feature", "properties": {"name": "Some South Bay", "step": 1831, "lat": 37.58781, "lon": -122.02131, "elevation_m": 12.2, "time": null, "elevation_f": 40.026247999999995, "step_elevation_m": 0.29999999999999893, "step_elevation_f": 0.9842519999999979, "step_dist_m": 59.730128866311176, "step_dist_f": 195.96499598974836, "step_grade": 0.0050225908715426214, "step_turn": 3.437571529106549, "coast_speed_mps": 0.0, "coast_speed_mph": 0.0}, "geometry": {"type": "Point", "coordinates": [-122.02131, 37.58781]}}, {"id": "1832", "type": "Feature", "properties": {"name": "Some South Bay", "step": 1832, "lat": 37.58832, "lon": -122.02114, "elevation_m": 12.5, "time": null, "elevation_f": 41.0105, "step_elevation_m": 0.3000000000000007, "step_elevation_f": 0.984252000000005, "step_dist_m": 58.65435004300651, "step_dist_f": 192.43553779509747, "step_grade": 0.005114710158411693, "step_turn": 0.2723013621227892, "coast_speed_mps": 0.0, "coast_speed_mph": 0.0}, "geometry": {"type": "Point", "coordinates": [-122.02114, 37.58832]}}, {"id": "1833", "type": "Feature", "properties": {"name": "Some South Bay", "step": 1833, "lat": 37.58893, "lon": -122.02092, "elevation_m": 13.0, "time": null, "elevation_f": 42.65092, "step_elevation_m": 0.5, "step_elevation_f": 1.6404199999999989, "step_dist_m": 70.54449047682104, "step_dist_f": 231.44518613597353, "step_grade": 0.007087725726281716, "step_turn": 1.153140566744014, "coast_speed_mps": 0.0, "coast_speed_mph": 0.0}, "geometry": {"type": "Point", "coordinates": [-122.02092, 37.58893]}}, {"id": "1834", "type": "Feature", "properties": {"name": "Some South Bay", "step": 1834, "lat": 37.58953, "lon": -122.0207, "elevation_m": 13.6, "time": null, "elevation_f": 44.619423999999995, "step_elevation_m": 0.5999999999999996, "step_elevation_f": 1.9685039999999958, "step_dist_m": 69.47597323142625, "step_dist_f": 227.9395520165925, "step_grade": 0.008636079094586904, "step_turn": 0.25185692192326314, "coast_speed_mps": 0.0, "coast_speed_mph": 0.0}, "geometry": {"type": "Point", "coordinates": [-122.0207, 37.58953]}}, {"id": "1835", "type": "Feature", "properties": {"name": "Some South Bay", "step": 1835, "lat": 37.58995, "lon": -122.02056, "elevation_m": 14.5, "time": null, "elevation_f": 47.57218, "step_elevation_m": 0.9000000000000004, "step_elevation_f": 2.952756000000008, "step_dist_m": 48.30351149425842, "step_dist_f": 158.4760926508228, "step_grade": 0.018632185780261098, "step_turn": 1.4053067068112455, "coast_speed_mps": 0.0, "coast_speed_mph": 0.0}, "geometry": {"type": "Point", "coordinates": [-122.02056, 37.58995]}}, {"id": "1836", "type": "Feature", "properties": {"name": "Some South Bay", "step": 1836, "lat": 37.59058, "lon": -122.02035, "elevation_m": 14.7, "time": null, "elevation_f": 48.228348, "step_elevation_m": 0.1999999999999993, "step_elevation_f": 0.6561679999999939, "step_dist_m": 72.45523390952037, "step_dist_f": 237.71402961971083, "step_grade": 0.002760325089140592, "step_turn": 0.00012114263648754786, "coast_speed_mps": 0.0, "coast_speed_mph": 0.0}, "geometry": {"type": "Point", "coordinates": [-122.02035, 37.59058]}}, {"id": "1837", "type": "Feature", "properties": {"name": "Some South Bay", "step": 1837, "lat": 37.59051, "lon": -122.02005, "elevation_m": 14.5, "time": null, "elevation_f": 47.57218, "step_elevation_m": -0.1999999999999993, "step_elevation_f": -0.6561679999999939, "step_dist_m": 27.55512985809565, "step_dist_f": 90.40397224363453, "step_grade": -0.007258176645509062, "step_turn": 91.61226994266121, "coast_speed_mps": 0.0, "coast_speed_mph": 0.0}, "geometry": {"type": "Point", "coordinates": [-122.02005, 37.59051]}}, {"id": "1838", "type": "Feature", "properties": {"name": "Some South Bay", "step": 1838, "lat": 37.59048, "lon": -122.01994, "elevation_m": 14.5, "time": null, "elevation_f": 47.57218, "step_elevation_m": 0.0, "step_elevation_f": 0.0, "step_dist_m": 10.250090115519914, "step_dist_f": 33.628905654602356, "step_grade": 0.0, "step_turn": 2.5846411459259, "coast_speed_mps": 0.0, "coast_speed_mph": 0.0}, "geometry": {"type": "Point", "coordinates": [-122.01994, 37.59048]}}, {"id": "1839", "type": "Feature", "properties": {"name": "Some South Bay", "step": 1839, "lat": 37.59043, "lon": -122.01981, "elevation_m": 14.5, "time": null, "elevation_f": 47.57218, "step_elevation_m": 0.0, "step_elevation_f": 0.0, "step_dist_m": 12.732299089426403, "step_dist_f": 41.77263614455372, "step_grade": 0.0, "step_turn": 6.898686418580496, "coast_speed_mps": 0.0, "coast_speed_mph": 0.0}, "geometry": {"type": "Point", "coordinates": [-122.01981, 37.59043]}}, {"id": "1840", "type": "Feature", "properties": {"name": "Some South Bay", "step": 1840, "lat": 37.59034, "lon": -122.01963, "elevation_m": 14.4, "time": null, "elevation_f": 47.244096, "step_elevation_m": -0.09999999999999964, "step_elevation_f": -0.32808400000000404, "step_dist_m": 18.75324040908778, "step_dist_f": 61.52638126375155, "step_grade": -0.005332411776235741, "step_turn": 6.360670558480251, "coast_speed_mps": 0.0, "coast_speed_mph": 0.0}, "geometry": {"type": "Point", "coordinates": [-122.01963, 37.59034]}}, {"id": "1841", "type": "Feature", "properties": {"name": "Some South Bay", "step": 1841, "lat": 37.59015, "lon": -122.01933, "elevation_m": 14.2, "time": null, "elevation_f": 46.587928, "step_elevation_m": -0.20000000000000107, "step_elevation_f": -0.656168000000001, "step_dist_m": 33.83869589271682, "step_dist_f": 111.01934703266106, "step_grade": -0.005910393256113854, "step_turn": 6.382166895121088, "coast_speed_mps": 0.0, "coast_speed_mph": 0.0}, "geometry": {"type": "Point", "coordinates": [-122.01933, 37.59015]}}, {"id": "1842", "type": "Feature", "properties": {"name": "Some South Bay", "step": 1842, "lat": 37.58978, "lon": -122.01878, "elevation_m": 13.9, "time": null, "elevation_f": 45.603676, "step_elevation_m": -0.29999999999999893, "step_elevation_f": -0.9842519999999979, "step_dist_m": 63.569799361712526, "step_dist_f": 208.5623405378809, "step_grade": -0.004719222067903615, "step_turn": 1.696289798286557, "coast_speed_mps": 0.0, "coast_speed_mph": 0.0}, "geometry": {"type": "Point", "coordinates": [-122.01878, 37.58978]}}, {"id": "1843", "type": "Feature", "properties": {"name": "Some South Bay", "step": 1843, "lat": 37.58978, "lon": -122.01878, "elevation_m": 13.9, "time": null, "elevation_f": 45.603676, "step_elevation_m": 0.0, "step_elevation_f": 0.0, "step_dist_m": 0.0, "step_dist_f": 0.0, "step_grade": null, "step_turn": null, "coast_speed_mps": 0.0, "coast_speed_mph": 0.0}, "geometry": {"type": "Point", "coordinates": [-122.01878, 37.58978]}}, {"id": "1844", "type": "Feature", "properties": {"name": "Some South Bay", "step": 1844, "lat": 37.58971, "lon": -122.01868, "elevation_m": 13.9, "time": null, "elevation_f": 45.603676, "step_elevation_m": 0.0, "step_elevation_f": 0.0, "step_dist_m": 11.756705987648088, "step_dist_f": 38.57187127251535, "step_grade": 0.0, "step_turn": null, "coast_speed_mps": 0.0, "coast_speed_mph": 0.0}, "geometry": {"type": "Point", "coordinates": [-122.01868, 37.58971]}}, {"id": "1845", "type": "Feature", "properties": {"name": "Some South Bay", "step": 1845, "lat": 37.5901, "lon": -122.01822, "elevation_m": 14.2, "time": null, "elevation_f": 46.587928, "step_elevation_m": 0.29999999999999893, "step_elevation_f": 0.9842519999999979, "step_dist_m": 59.35791037569742, "step_dist_f": 194.74380667700314, "step_grade": 0.005054086272599419, "step_turn": 88.39277124869051, "coast_speed_mps": 0.0, "coast_speed_mph": 0.0}, "geometry": {"type": "Point", "coordinates": [-122.01822, 37.5901]}}, {"id": "1846", "type": "Feature", "properties": {"name": "Some South Bay", "step": 1846, "lat": 37.59049, "lon": -122.01777, "elevation_m": 14.8, "time": null, "elevation_f": 48.556432, "step_elevation_m": 0.6000000000000014, "step_elevation_f": 1.968504000000003, "step_dist_m": 58.7596587345542, "step_dist_f": 192.7810387626748, "step_grade": 0.010211087213941995, "step_turn": 0.6278431939871325, "coast_speed_mps": 0.0, "coast_speed_mph": 0.0}, "geometry": {"type": "Point", "coordinates": [-122.01777, 37.59049]}}]}