{"type": "FeatureCollection", "features": [{"id": "0", "type": "Feature", "properties": {"name": "Out & Back in Alvarado", "step": 0, "lat": 37.92522, "lon": -122.31665, "elevation_m": 20.7, "time": null, "elevation_f": 67.913388, "step_elevation_m": 0.0, "step_elevation_f": 0.0, "step_dist_m": 0.0, "step_dist_f": 0.0, "step_grade": null, "step_turn": null, "coast_speed_mps": 0.0, "coast_speed_mph": 0.0}, "geometry": {"type": "Point", "coordinates": [-122.31665, 37.92522]}}, {"id": "1", "type": "Feature", "properties": {"name": "Out & Back in Alvarado", "step": 1, "lat": 37.92592, "lon": -122.31724, "elevation_m": 20.4, "time": null, "elevation_f": 66.929136, "step_elevation_m": -0.3000000000000007, "step_elevation_f": -0.9842519999999979, "step_dist_m": 93.4695802896451, "step_dist_f": 306.6587377974792, "step_grade": -0.003209600375548448, "step_turn": null, "coast_speed_mps": 0.0, "coast_speed_mph": 0.0}, "geometry": {"type": "Point", "coordinates": [-122.31724, 37.92592]}}, {"id": "2", "type": "Feature", "properties": {"name": "Out & Back in Alvarado", "step": 2, "lat": 37.92605, "lon": -122.31753, "elevation_m": 20.0, "time": null, "elevation_f": 65.6168, "step_elevation_m": -0.3999999999999986, "step_elevation_f": -1.312336000000002, "step_dist_m": 29.256776769204684, "step_dist_f": 95.9868034954775, "step_grade": -0.013672046075186024, "step_turn": 26.77253994921591, "coast_speed_mps": 1.804399157145005, "coast_speed_mph": 4.036325959970032}, "geometry": {"type": "Point", "coordinates": [-122.31753, 37.92605]}}, {"id": "3", "type": "Feature", "properties": {"name": "Out & Back in Alvarado", "step": 3, "lat": 37.92652, "lon": -122.31789, "elevation_m": 20.9, "time": null, "elevation_f": 68.56955599999999, "step_elevation_m": 0.8999999999999986, "step_elevation_f": 2.9527559999999937, "step_dist_m": 61.05991486941278, "step_dist_f": 200.3278111001642, "step_grade": 0.014739620943212985, "step_turn": 29.250669687334096, "coast_speed_mps": 0.0, "coast_speed_mph": 0.0}, "geometry": {"type": "Point", "coordinates": [-122.31789, 37.92652]}}, {"id": "4", "type": "Feature", "properties": {"name": "Out & Back in Alvarado", "step": 4, "lat": 37.92699, "lon": -122.31825, "elevation_m": 21.7, "time": null, "elevation_f": 71.194228, "step_elevation_m": 0.8000000000000007, "step_elevation_f": 2.624672000000004, "step_dist_m": 61.05981049676548, "step_dist_f": 200.32746867020805, "step_grade": 0.01310190767857655, "step_turn": 0.0001621026873408482, "coast_speed_mps": 0.0, "coast_speed_mph": 0.0}, "geometry": {"type": "Point", "coordinates": [-122.31825, 37.92699]}}, {"id": "5", "type": "Feature", "properties": {"name": "Out & Back in Alvarado", "step": 5, "lat": 37.92708, "lon": -122.31831, "elevation_m": 21.8, "time": null, "elevation_f": 71.522312, "step_elevation_m": 0.10000000000000142, "step_elevation_f": 0.32808400000000404, "step_dist_m": 11.30689281192325, "step_dist_f": 37.09610621307027, "step_grade": 0.008844162730060575, "step_turn": 3.401441071029808, "coast_speed_mps": 0.0, "coast_speed_mph": 0.0}, "geometry": {"type": "Point", "coordinates": [-122.31831, 37.92708]}}, {"id": "6", "type": "Feature", "properties": {"name": "Out & Back in Alvarado", "step": 6, "lat": 37.92729, "lon": -122.31847, "elevation_m": 22.2, "time": null, "elevation_f": 72.834648, "step_elevation_m": 0.3999999999999986, "step_elevation_f": 1.312336000000002, "step_dist_m": 27.24347363097721, "step_dist_f": 89.38147802745527, "step_grade": 0.014682415517864738, "step_turn": 3.2669854088592274, "coast_speed_mps": 0.0, "coast_speed_mph": 0.0}, "geometry": {"type": "Point", "coordinates": [-122.31847, 37.92729]}}, {"id": "7", "type": "Feature", "properties": {"name": "Out & Back in Alvarado", "step": 7, "lat": 37.92735, "lon": -122.31855, "elevation_m": 22.1, "time": null, "elevation_f": 72.506564, "step_elevation_m": -0.09999999999999787, "step_elevation_f": -0.32808400000000404, "step_dist_m": 9.682278587146874, "step_dist_f": 31.76600687985495, "step_grade": -0.010328147357043295, "step_turn": 15.438850068225747, "coast_speed_mps": 0.0, "coast_speed_mph": 0.0}, "geometry": {"type": "Point", "coordinates": [-122.31855, 37.92735]}}, {"id": "8", "type": "Feature", "properties": {"name": "Out & Back in Alvarado", "step": 8, "lat": 37.92739, "lon": -122.31868, "elevation_m": 21.7, "time": null, "elevation_f": 71.194228, "step_elevation_m": -0.40000000000000213, "step_elevation_f": -1.312336000000002, "step_dist_m": 12.239031187718533, "step_dist_f": 40.15430308191447, "step_grade": -0.032682325411621554, "step_turn": 22.246114079411313, "coast_speed_mps": 1.3704207789431295, "coast_speed_mph": 3.0655439758033465}, "geometry": {"type": "Point", "coordinates": [-122.31868, 37.92739]}}, {"id": "9", "type": "Feature", "properties": {"name": "Out & Back in Alvarado", "step": 9, "lat": 37.92745, "lon": -122.31876, "elevation_m": 21.7, "time": null, "elevation_f": 71.194228, "step_elevation_m": 0.0, "step_elevation_f": 0.0, "step_dist_m": 9.682271670770957, "step_dist_f": 31.765984188332187, "step_grade": 0.0, "step_turn": 22.24615298924664, "coast_speed_mps": 1.9223478177335531, "coast_speed_mph": 4.300169599439761}, "geometry": {"type": "Point", "coordinates": [-122.31876, 37.92745]}}, {"id": "10", "type": "Feature", "properties": {"name": "Out & Back in Alvarado", "step": 10, "lat": 37.92786, "lon": -122.31906, "elevation_m": 22.7, "time": null, "elevation_f": 74.475068, "step_elevation_m": 1.0, "step_elevation_f": 3.2808399999999978, "step_dist_m": 52.63840449142866, "step_dist_f": 172.6981829916588, "step_grade": 0.018997536298100266, "step_turn": 16.45219007536832, "coast_speed_mps": 0.0, "coast_speed_mph": 0.0}, "geometry": {"type": "Point", "coordinates": [-122.31906, 37.92786]}}, {"id": "11", "type": "Feature", "properties": {"name": "Out & Back in Alvarado", "step": 11, "lat": 37.92826, "lon": -122.31935, "elevation_m": 23.6, "time": null, "elevation_f": 77.427824, "step_elevation_m": 0.9000000000000021, "step_elevation_f": 2.952756000000008, "step_dist_m": 51.237246963429605, "step_dist_f": 168.1012093274984, "step_grade": 0.01756534656599278, "step_turn": 0.22803975603051185, "coast_speed_mps": 0.0, "coast_speed_mph": 0.0}, "geometry": {"type": "Point", "coordinates": [-122.31935, 37.92826]}}, {"id": "12", "type": "Feature", "properties": {"name": "Out & Back in Alvarado", "step": 12, "lat": 37.92854, "lon": -122.31955, "elevation_m": 24.6, "time": null, "elevation_f": 80.708664, "step_elevation_m": 1.0, "step_elevation_f": 3.2808399999999978, "step_dist_m": 35.73614033693297, "step_dist_f": 117.24455866302316, "step_grade": 0.027982876454246214, "step_turn": 0.36630432676020064, "coast_speed_mps": 0.0, "coast_speed_mph": 0.0}, "geometry": {"type": "Point", "coordinates": [-122.31955, 37.92854]}}, {"id": "13", "type": "Feature", "properties": {"name": "Out & Back in Alvarado", "step": 13, "lat": 37.9292, "lon": -122.32005, "elevation_m": 24.7, "time": null, "elevation_f": 81.036748, "step_elevation_m": 0.09999999999999787, "step_elevation_f": 0.32808400000000404, "step_dist_m": 85.49301225278741, "step_dist_f": 280.488894319435, "step_grade": 0.0011696862394357554, "step_turn": 1.4630904245918828, "coast_speed_mps": 0.0, "coast_speed_mph": 0.0}, "geometry": {"type": "Point", "coordinates": [-122.32005, 37.9292]}}, {"id": "14", "type": "Feature", "properties": {"name": "Out & Back in Alvarado", "step": 14, "lat": 37.9296, "lon": -122.32037, "elevation_m": 24.5, "time": null, "elevation_f": 80.38058, "step_elevation_m": -0.1999999999999993, "step_elevation_f": -0.6561680000000081, "step_dist_m": 52.59282505407635, "step_dist_f": 172.54864415041584, "step_grade": -0.0038028000928711806, "step_turn": 1.391897509616797, "coast_speed_mps": 0.0, "coast_speed_mph": 0.0}, "geometry": {"type": "Point", "coordinates": [-122.32037, 37.9296]}}, {"id": "15", "type": "Feature", "properties": {"name": "Out & Back in Alvarado", "step": 15, "lat": 37.92976, "lon": -122.32047, "elevation_m": 24.7, "time": null, "elevation_f": 81.036748, "step_elevation_m": 0.1999999999999993, "step_elevation_f": 0.6561680000000081, "step_dist_m": 19.83560241913714, "step_dist_f": 65.07743784080189, "step_grade": 0.010082880054454096, "step_turn": 6.010162296169028, "coast_speed_mps": 0.0, "coast_speed_mph": 0.0}, "geometry": {"type": "Point", "coordinates": [-122.32047, 37.92976]}}, {"id": "16", "type": "Feature", "properties": {"name": "Out & Back in Alvarado", "step": 16, "lat": 37.92992, "lon": -122.32056, "elevation_m": 24.9, "time": null, "elevation_f": 81.692916, "step_elevation_m": 0.1999999999999993, "step_elevation_f": 0.6561679999999939, "step_dist_m": 19.46368800785377, "step_dist_f": 63.85724616368696, "step_grade": 0.010275544897724292, "step_turn": 2.316414815845974, "coast_speed_mps": 0.0, "coast_speed_mph": 0.0}, "geometry": {"type": "Point", "coordinates": [-122.32056, 37.92992]}}, {"id": "17", "type": "Feature", "properties": {"name": "Out & Back in Alvarado", "step": 17, "lat": 37.93004, "lon": -122.32049, "elevation_m": 25.4, "time": null, "elevation_f": 83.33333599999999, "step_elevation_m": 0.5, "step_elevation_f": 1.6404199999999918, "step_dist_m": 14.688053150175765, "step_dist_f": 48.189152297222655, "step_grade": 0.03404127115335341, "step_turn": 48.633546365505254, "coast_speed_mps": 0.0, "coast_speed_mph": 0.0}, "geometry": {"type": "Point", "coordinates": [-122.32049, 37.93004]}}, {"id": "18", "type": "Feature", "properties": {"name": "Out & Back in Alvarado", "step": 18, "lat": 37.93013, "lon": -122.32039, "elevation_m": 26.2, "time": null, "elevation_f": 85.95800799999999, "step_elevation_m": 0.8000000000000007, "step_elevation_f": 2.624672000000004, "step_dist_m": 13.306946338369274, "step_dist_f": 43.65796182477545, "step_grade": 0.0601189769356234, "step_turn": 16.523664523174546, "coast_speed_mps": 0.0, "coast_speed_mph": 0.0}, "geometry": {"type": "Point", "coordinates": [-122.32039, 37.93013]}}, {"id": "19", "type": "Feature", "properties": {"name": "Out & Back in Alvarado", "step": 19, "lat": 37.93017, "lon": -122.32025, "elevation_m": 27.0, "time": null, "elevation_f": 88.58268, "step_elevation_m": 0.8000000000000007, "step_elevation_f": 2.624672000000004, "step_dist_m": 13.05961210594028, "step_dist_f": 42.846497781653106, "step_grade": 0.061257562132041705, "step_turn": 28.856609886439742, "coast_speed_mps": 0.0, "coast_speed_mph": 0.0}, "geometry": {"type": "Point", "coordinates": [-122.32025, 37.93017]}}, {"id": "20", "type": "Feature", "properties": {"name": "Out & Back in Alvarado", "step": 20, "lat": 37.93044, "lon": -122.32056, "elevation_m": 26.5, "time": null, "elevation_f": 86.94226, "step_elevation_m": -0.5, "step_elevation_f": -1.6404199999999918, "step_dist_m": 40.50422867108193, "step_dist_f": 132.88789359323243, "step_grade": -0.012344390114432073, "step_turn": 112.25223420736313, "coast_speed_mps": 1.85807864951594, "coast_speed_mph": 4.156403564593633}, "geometry": {"type": "Point", "coordinates": [-122.32056, 37.93044]}}, {"id": "21", "type": "Feature", "properties": {"name": "Out & Back in Alvarado", "step": 21, "lat": 37.93105, "lon": -122.32104, "elevation_m": 26.7, "time": null, "elevation_f": 87.598428, "step_elevation_m": 0.1999999999999993, "step_elevation_f": 0.6561679999999939, "step_dist_m": 79.83141694085712, "step_dist_f": 261.9141059562417, "step_grade": 0.0025052793457013135, "step_turn": 10.338241499099183, "coast_speed_mps": 0.0, "coast_speed_mph": 0.0}, "geometry": {"type": "Point", "coordinates": [-122.32104, 37.93105]}}, {"id": "22", "type": "Feature", "properties": {"name": "Out & Back in Alvarado", "step": 22, "lat": 37.93167, "lon": -122.32152, "elevation_m": 26.7, "time": null, "elevation_f": 87.598428, "step_elevation_m": 0.0, "step_elevation_f": 0.0, "step_dist_m": 80.77813140583412, "step_dist_f": 265.0201246415168, "step_grade": 0.0, "step_turn": 0.4161341093000601, "coast_speed_mps": 0.0, "coast_speed_mph": 0.0}, "geometry": {"type": "Point", "coordinates": [-122.32152, 37.93167]}}, {"id": "23", "type": "Feature", "properties": {"name": "Out & Back in Alvarado", "step": 23, "lat": 37.93167, "lon": -122.32152, "elevation_m": 26.7, "time": null, "elevation_f": 87.598428, "step_elevation_m": 0.0, "step_elevation_f": 0.0, "step_dist_m": 0.0, "step_dist_f": 0.0, "step_grade": null, "step_turn": null, "coast_speed_mps": 0.0, "coast_speed_mph": 0.0}, "geometry": {"type": "Point", "coordinates": [-122.32152, 37.93167]}}, {"id": "24", "type": "Feature", "properties": {"name": "Out & Back in Alvarado", "step": 24, "lat": 37.93196, "lon": -122.32174, "elevation_m": 25.8, "time": null, "elevation_f": 84.645672, "step_elevation_m": -0.8999999999999986, "step_elevation_f": -2.9527559999999937, "step_dist_m": 37.578354803881204, "step_dist_f": 123.2885695747656, "step_grade": -0.023949957487416237, "step_turn": null, "coast_speed_mps": 3.7282862331183972, "coast_speed_mph": 8.339938782029334}, "geometry": {"type": "Point", "coordinates": [-122.32174, 37.93196]}}, {"id": "25", "type": "Feature", "properties": {"name": "Out & Back in Alvarado", "step": 25, "lat": 37.93207, "lon": -122.32183, "elevation_m": 25.3, "time": null, "elevation_f": 83.005252, "step_elevation_m": -0.5, "step_elevation_f": -1.640420000000006, "step_dist_m": 14.557240676468568, "step_dist_f": 47.75997750098514, "step_grade": -0.03434716860924324, "step_turn": 1.9410672450212587, "coast_speed_mps": 4.224536987058691, "coast_speed_mph": 9.450020103477735}, "geometry": {"type": "Point", "coordinates": [-122.32183, 37.93207]}}, {"id": "26", "type": "Feature", "properties": {"name": "Out & Back in Alvarado", "step": 26, "lat": 37.93221, "lon": -122.32196, "elevation_m": 25.0, "time": null, "elevation_f": 82.021, "step_elevation_m": -0.3000000000000007, "step_elevation_f": -0.9842519999999979, "step_dist_m": 19.295974353051133, "step_dist_f": 63.30700449646428, "step_grade": -0.015547284345999552, "step_turn": 3.38356602404491, "coast_speed_mps": 4.272771772828511, "coast_speed_mph": 9.557918246305714}, "geometry": {"type": "Point", "coordinates": [-122.32196, 37.93221]}}, {"id": "27", "type": "Feature", "properties": {"name": "Out & Back in Alvarado", "step": 27, "lat": 37.93254, "lon": -122.3222, "elevation_m": 24.9, "time": null, "elevation_f": 81.692916, "step_elevation_m": -0.10000000000000142, "step_elevation_f": -0.32808400000000404, "step_dist_m": 42.30280822704426, "step_dist_f": 138.7887453436159, "step_grade": -0.0023639092578272673, "step_turn": 6.379374979831198, "coast_speed_mps": 2.84428478448963, "coast_speed_mph": 6.362483859362981}, "geometry": {"type": "Point", "coordinates": [-122.3222, 37.93254]}}, {"id": "28", "type": "Feature", "properties": {"name": "Out & Back in Alvarado", "step": 28, "lat": 37.93305, "lon": -122.32248, "elevation_m": 25.1, "time": null, "elevation_f": 82.349084, "step_elevation_m": 0.20000000000000284, "step_elevation_f": 0.6561680000000081, "step_dist_m": 61.79802877215051, "step_dist_f": 202.74944471682227, "step_grade": 0.0032363491841690185, "step_turn": 6.42571404885382, "coast_speed_mps": 0.0, "coast_speed_mph": 0.0}, "geometry": {"type": "Point", "coordinates": [-122.32248, 37.93305]}}, {"id": "29", "type": "Feature", "properties": {"name": "Out & Back in Alvarado", "step": 29, "lat": 37.93336, "lon": -122.32261, "elevation_m": 25.3, "time": null, "elevation_f": 83.005252, "step_elevation_m": 0.1999999999999993, "step_elevation_f": 0.6561679999999939, "step_dist_m": 36.307033832552456, "step_dist_f": 119.1175688791914, "step_grade": 0.005508574479600745, "step_turn": 5.112001547722514, "coast_speed_mps": 0.0, "coast_speed_mph": 0.0}, "geometry": {"type": "Point", "coordinates": [-122.32261, 37.93336]}}, {"id": "30", "type": "Feature", "properties": {"name": "Out & Back in Alvarado", "step": 30, "lat": 37.93376, "lon": -122.32265, "elevation_m": 26.2, "time": null, "elevation_f": 85.95800799999999, "step_elevation_m": 0.8999999999999986, "step_elevation_f": 2.9527559999999937, "step_dist_m": 44.61610173107464, "step_dist_f": 146.37829120337892, "step_grade": 0.020172089561405093, "step_turn": 13.792240387325762, "coast_speed_mps": 0.0, "coast_speed_mph": 0.0}, "geometry": {"type": "Point", "coordinates": [-122.32265, 37.93376]}}, {"id": "31", "type": "Feature", "properties": {"name": "Out & Back in Alvarado", "step": 31, "lat": 37.93416, "lon": -122.32266, "elevation_m": 26.6, "time": null, "elevation_f": 87.27034400000001, "step_elevation_m": 0.40000000000000213, "step_elevation_f": 1.3123360000000162, "step_dist_m": 44.486616320956564, "step_dist_f": 145.95347029044714, "step_grade": 0.008991468290465864, "step_turn": 3.3800996703031956, "coast_speed_mps": 0.0, "coast_speed_mph": 0.0}, "geometry": {"type": "Point", "coordinates": [-122.32266, 37.93416]}}, {"id": "32", "type": "Feature", "properties": {"name": "Out & Back in Alvarado", "step": 32, "lat": 37.93441, "lon": -122.3227, "elevation_m": 26.9, "time": null, "elevation_f": 88.25459599999999, "step_elevation_m": 0.29999999999999716, "step_elevation_f": 0.9842519999999837, "step_dist_m": 28.019205896685456, "step_dist_f": 91.92653147408151, "step_grade": 0.010706941556665808, "step_turn": 6.0627791567532086, "coast_speed_mps": 0.0, "coast_speed_mph": 0.0}, "geometry": {"type": "Point", "coordinates": [-122.3227, 37.93441]}}, {"id": "33", "type": "Feature", "properties": {"name": "Out & Back in Alvarado", "step": 33, "lat": 37.93467, "lon": -122.32276, "elevation_m": 27.4, "time": null, "elevation_f": 89.895016, "step_elevation_m": 0.5, "step_elevation_f": 1.640420000000006, "step_dist_m": 29.385654971037834, "step_dist_f": 96.40963225517977, "step_grade": 0.017015104835770865, "step_turn": 3.123125108289969, "coast_speed_mps": 0.0, "coast_speed_mph": 0.0}, "geometry": {"type": "Point", "coordinates": [-122.32276, 37.93467]}}, {"id": "34", "type": "Feature", "properties": {"name": "Out & Back in Alvarado", "step": 34, "lat": 37.93511, "lon": -122.32293, "elevation_m": 28.0, "time": null, "elevation_f": 91.86352, "step_elevation_m": 0.6000000000000014, "step_elevation_f": 1.9685039999999958, "step_dist_m": 51.14696225091089, "step_dist_f": 167.8049996312785, "step_grade": 0.011730901965528086, "step_turn": 6.63192437385311, "coast_speed_mps": 0.0, "coast_speed_mph": 0.0}, "geometry": {"type": "Point", "coordinates": [-122.32293, 37.93511]}}, {"id": "35", "type": "Feature", "properties": {"name": "Out & Back in Alvarado", "step": 35, "lat": 37.93584, "lon": -122.32327, "elevation_m": 28.6, "time": null, "elevation_f": 93.832024, "step_elevation_m": 0.6000000000000014, "step_elevation_f": 1.96850400000001, "step_dist_m": 86.47572815132342, "step_dist_f": 283.71302794798794, "step_grade": 0.006938363085536147, "step_turn": 3.222832165405464, "coast_speed_mps": 0.0, "coast_speed_mph": 0.0}, "geometry": {"type": "Point", "coordinates": [-122.32327, 37.93584]}}, {"id": "36", "type": "Feature", "properties": {"name": "Out & Back in Alvarado", "step": 36, "lat": 37.93641, "lon": -122.32355, "elevation_m": 29.3, "time": null, "elevation_f": 96.128612, "step_elevation_m": 0.6999999999999993, "step_elevation_f": 2.296588, "step_dist_m": 67.97167884529554, "step_dist_f": 223.0042028227994, "step_grade": 0.010298406805475686, "step_turn": 1.0075029065507124, "coast_speed_mps": 0.0, "coast_speed_mph": 0.0}, "geometry": {"type": "Point", "coordinates": [-122.32355, 37.93641]}}, {"id": "37", "type": "Feature", "properties": {"name": "Out & Back in Alvarado", "step": 37, "lat": 37.93699, "lon": -122.32383, "elevation_m": 29.9, "time": null, "elevation_f": 98.097116, "step_elevation_m": 0.5999999999999979, "step_elevation_f": 1.9685039999999958, "step_dist_m": 69.00963176116734, "step_dist_f": 226.40956026730825, "step_grade": 0.00869443851079388, "step_turn": 0.33367136941080844, "coast_speed_mps": 0.0, "coast_speed_mph": 0.0}, "geometry": {"type": "Point", "coordinates": [-122.32383, 37.93699]}}, {"id": "38", "type": "Feature", "properties": {"name": "Out & Back in Alvarado", "step": 38, "lat": 37.93756, "lon": -122.32411, "elevation_m": 29.6, "time": null, "elevation_f": 97.112864, "step_elevation_m": -0.29999999999999716, "step_elevation_f": -0.9842519999999979, "step_dist_m": 67.97154005249395, "step_dist_f": 223.00374746582426, "step_grade": -0.004413611928879488, "step_turn": 0.33336939296572154, "coast_speed_mps": 0.0, "coast_speed_mph": 0.0}, "geometry": {"type": "Point", "coordinates": [-122.32411, 37.93756]}}, {"id": "39", "type": "Feature", "properties": {"name": "Out & Back in Alvarado", "step": 39, "lat": 37.93778, "lon": -122.32415, "elevation_m": 29.6, "time": null, "elevation_f": 97.112864, "step_elevation_m": 0.0, "step_elevation_f": 0.0, "step_dist_m": 24.713113331080528, "step_dist_f": 81.07977074114224, "step_grade": 0.0, "step_turn": 13.01710486909019, "coast_speed_mps": 0.0, "coast_speed_mph": 0.0}, "geometry": {"type": "Point", "coordinates": [-122.32415, 37.93778]}}, {"id": "40", "type": "Feature", "properties": {"name": "Out & Back in Alvarado", "step": 40, "lat": 37.93812, "lon": -122.32417, "elevation_m": 29.4, "time": null, "elevation_f": 96.456696, "step_elevation_m": -0.20000000000000284, "step_elevation_f": -0.6561680000000081, "step_dist_m": 37.846938203154465, "step_dist_f": 124.16974873443729, "step_grade": -0.005284443326074214, "step_turn": 5.504166326043844, "coast_speed_mps": 0.0, "coast_speed_mph": 0.0}, "geometry": {"type": "Point", "coordinates": [-122.32417, 37.93812]}}, {"id": "41", "type": "Feature", "properties": {"name": "Out & Back in Alvarado", "step": 41, "lat": 37.93827, "lon": -122.32422, "elevation_m": 28.9, "time": null, "elevation_f": 94.81627599999999, "step_elevation_m": -0.5, "step_elevation_f": -1.640420000000006, "step_dist_m": 17.24597763658579, "step_dist_f": 56.58129326921612, "step_grade": -0.02899226767749571, "step_turn": 12.07307112100483, "coast_speed_mps": 2.665158785168624, "coast_speed_mph": 5.96179041063131}, "geometry": {"type": "Point", "coordinates": [-122.32422, 37.93827]}}, {"id": "42", "type": "Feature", "properties": {"name": "Out & Back in Alvarado", "step": 42, "lat": 37.93846, "lon": -122.32433, "elevation_m": 27.9, "time": null, "elevation_f": 91.53543599999999, "step_elevation_m": -1.0, "step_elevation_f": -3.2808399999999978, "step_dist_m": 23.225171707612766, "step_dist_f": 76.19807234520427, "step_grade": -0.04305673226399524, "step_turn": 9.812131153233395, "coast_speed_mps": 4.680299676710972, "coast_speed_mph": 10.46953220452525}, "geometry": {"type": "Point", "coordinates": [-122.32433, 37.93846]}}, {"id": "43", "type": "Feature", "properties": {"name": "Out & Back in Alvarado", "step": 43, "lat": 37.9388, "lon": -122.32446, "elevation_m": 26.1, "time": null, "elevation_f": 85.629924, "step_elevation_m": -1.7999999999999972, "step_elevation_f": -5.905511999999987, "step_dist_m": 39.48779048873846, "step_dist_f": 129.5531225470727, "step_grade": -0.045583710248699276, "step_turn": 7.760745942142194, "coast_speed_mps": 7.062131857347228, "coast_speed_mph": 15.79753905097356}, "geometry": {"type": "Point", "coordinates": [-122.32446, 37.9388]}}, {"id": "44", "type": "Feature", "properties": {"name": "Out & Back in Alvarado", "step": 44, "lat": 37.93887, "lon": -122.32454, "elevation_m": 25.3, "time": null, "elevation_f": 83.005252, "step_elevation_m": -0.8000000000000007, "step_elevation_f": -2.624672000000004, "step_dist_m": 10.478773871564456, "step_dist_f": 34.37918046878353, "step_grade": -0.07634480997542153, "step_turn": 25.24874300766396, "coast_speed_mps": 7.430527947326454, "coast_speed_mph": 16.621617634499028}, "geometry": {"type": "Point", "coordinates": [-122.32454, 37.93887]}}, {"id": "45", "type": "Feature", "properties": {"name": "Out & Back in Alvarado", "step": 45, "lat": 37.93896, "lon": -122.3248, "elevation_m": 25.0, "time": null, "elevation_f": 82.021, "step_elevation_m": -0.3000000000000007, "step_elevation_f": -0.9842519999999979, "step_dist_m": 24.90043268945215, "step_dist_f": 81.69433558486219, "step_grade": -0.012047983412235284, "step_turn": 24.273361661959314, "coast_speed_mps": 6.88618248320952, "coast_speed_mph": 15.403951510400663}, "geometry": {"type": "Point", "coordinates": [-122.3248, 37.93896]}}, {"id": "46", "type": "Feature", "properties": {"name": "Out & Back in Alvarado", "step": 46, "lat": 37.93944, "lon": -122.3246, "elevation_m": 26.2, "time": null, "elevation_f": 85.95800799999999, "step_elevation_m": 1.1999999999999993, "step_elevation_f": 3.9370079999999916, "step_dist_m": 56.181462273016336, "step_dist_f": 184.32238868380293, "step_grade": 0.021359358611360905, "step_turn": 84.49373081401745, "coast_speed_mps": 0.0, "coast_speed_mph": 0.0}, "geometry": {"type": "Point", "coordinates": [-122.3246, 37.93944]}}, {"id": "47", "type": "Feature", "properties": {"name": "Out & Back in Alvarado", "step": 47, "lat": 37.93992, "lon": -122.32439, "elevation_m": 27.3, "time": null, "elevation_f": 89.56693200000001, "step_elevation_m": 1.1000000000000014, "step_elevation_f": 3.608924000000016, "step_dist_m": 56.46134296928325, "step_dist_f": 185.24063246734326, "step_grade": 0.01948235628398772, "step_turn": 0.8453488997010368, "coast_speed_mps": 0.0, "coast_speed_mph": 0.0}, "geometry": {"type": "Point", "coordinates": [-122.32439, 37.93992]}}, {"id": "48", "type": "Feature", "properties": {"name": "Out & Back in Alvarado", "step": 48, "lat": 37.94049, "lon": -122.32413, "elevation_m": 27.9, "time": null, "elevation_f": 91.53543599999999, "step_elevation_m": 0.5999999999999979, "step_elevation_f": 1.9685039999999816, "step_dist_m": 67.35745874466693, "step_dist_f": 220.98904494785305, "step_grade": 0.008907699476526098, "step_turn": 0.7491044385438954, "coast_speed_mps": 0.0, "coast_speed_mph": 0.0}, "geometry": {"type": "Point", "coordinates": [-122.32413, 37.94049]}}, {"id": "49", "type": "Feature", "properties": {"name": "Out & Back in Alvarado", "step": 49, "lat": 37.94098, "lon": -122.3239, "elevation_m": 30.6, "time": null, "elevation_f": 100.393704, "step_elevation_m": 2.700000000000003, "step_elevation_f": 8.85826800000001, "step_dist_m": 58.09888770430641, "step_dist_f": 190.61315473579663, "step_grade": 0.04647249038125516, "step_turn": 0.528116099329111, "coast_speed_mps": 0.0, "coast_speed_mph": 0.0}, "geometry": {"type": "Point", "coordinates": [-122.3239, 37.94098]}}, {"id": "50", "type": "Feature", "properties": {"name": "Out & Back in Alvarado", "step": 50, "lat": 37.94098, "lon": -122.3239, "elevation_m": 30.6, "time": null, "elevation_f": 100.393704, "step_elevation_m": 0.0, "step_elevation_f": 0.0, "step_dist_m": 0.0, "step_dist_f": 0.0, "step_grade": null, "step_turn": null, "coast_speed_mps": 0.0, "coast_speed_mph": 0.0}, "geometry": {"type": "Point", "coordinates": [-122.3239, 37.94098]}}, {"id": "51", "type": "Feature", "properties": {"name": "Out & Back in Alvarado", "step": 51, "lat": 37.94138, "lon": -122.3237, "elevation_m": 30.2, "time": null, "elevation_f": 99.081368, "step_elevation_m": -0.40000000000000213, "step_elevation_f": -1.312336000000002, "step_dist_m": 47.8110090239447, "step_dist_f": 156.86027084611874, "step_grade": -0.008366273964217618, "step_turn": null, "coast_speed_mps": 0.5861604077397937, "coast_speed_mph": 1.3112034890385493}, "geometry": {"type": "Point", "coordinates": [-122.3237, 37.94138]}}, {"id": "52", "type": "Feature", "properties": {"name": "Out & Back in Alvarado", "step": 52, "lat": 37.9415, "lon": -122.32361, "elevation_m": 30.1, "time": null, "elevation_f": 98.75328400000001, "step_elevation_m": -0.09999999999999787, "step_elevation_f": -0.32808399999998983, "step_dist_m": 15.502748035431404, "step_dist_f": 50.86203586456477, "step_grade": -0.006450469282700634, "step_turn": 9.083118107359951, "coast_speed_mps": 0.4763235257465474, "coast_speed_mph": 1.06550538150176}, "geometry": {"type": "Point", "coordinates": [-122.32361, 37.9415]}}, {"id": "53", "type": "Feature", "properties": {"name": "Out & Back in Alvarado", "step": 53, "lat": 37.94156, "lon": -122.32352, "elevation_m": 30.0, "time": null, "elevation_f": 98.4252, "step_elevation_m": -0.10000000000000142, "step_elevation_f": -0.32808400000000404, "step_dist_m": 10.334431655354635, "step_dist_f": 33.9056167521537, "step_grade": -0.009676390858725925, "step_turn": 19.18742079923169, "coast_speed_mps": 0.3970653864553188, "coast_speed_mph": 0.8882099732805081}, "geometry": {"type": "Point", "coordinates": [-122.32352, 37.94156]}}, {"id": "54", "type": "Feature", "properties": {"name": "Out & Back in Alvarado", "step": 54, "lat": 37.94162, "lon": -122.32336, "elevation_m": 30.1, "time": null, "elevation_f": 98.75328400000001, "step_elevation_m": 0.10000000000000142, "step_elevation_f": 0.32808400000000404, "step_dist_m": 15.536249867377938, "step_dist_f": 50.971950014888236, "step_grade": 0.006436559713806822, "step_turn": 14.777860813729887, "coast_speed_mps": 0.0, "coast_speed_mph": 0.0}, "geometry": {"type": "Point", "coordinates": [-122.32336, 37.94162]}}, {"id": "55", "type": "Feature", "properties": {"name": "Out & Back in Alvarado", "step": 55, "lat": 37.94189, "lon": -122.32248, "elevation_m": 34.7, "time": null, "elevation_f": 113.84514800000001, "step_elevation_m": 4.600000000000001, "step_elevation_f": 15.091864000000001, "step_dist_m": 82.80370523600727, "step_dist_f": 271.6657082865021, "step_grade": 0.05555306959862572, "step_turn": 4.172545801660021, "coast_speed_mps": 0.0, "coast_speed_mph": 0.0}, "geometry": {"type": "Point", "coordinates": [-122.32248, 37.94189]}}, {"id": "56", "type": "Feature", "properties": {"name": "Out & Back in Alvarado", "step": 56, "lat": 37.94259, "lon": -122.32282, "elevation_m": 30.4, "time": null, "elevation_f": 99.73753599999999, "step_elevation_m": -4.300000000000004, "step_elevation_f": -14.107612000000017, "step_dist_m": 83.35141826112178, "step_dist_f": 273.4626670878188, "step_grade": -0.051588804242407055, "step_turn": 89.70045324218853, "coast_speed_mps": 8.44293559076074, "coast_speed_mph": 18.886309034450452}, "geometry": {"type": "Point", "coordinates": [-122.32282, 37.94259]}}, {"id": "57", "type": "Feature", "properties": {"name": "Out & Back in Alvarado", "step": 57, "lat": 37.94316, "lon": -122.32301, "elevation_m": 29.6, "time": null, "elevation_f": 97.112864, "step_elevation_m": -0.7999999999999972, "step_elevation_f": -2.6246719999999897, "step_dist_m": 65.53444525510288, "step_dist_f": 215.00802937075173, "step_grade": -0.012207320850674396, "step_turn": 6.2308708516943625, "coast_speed_mps": 6.5948823871872095, "coast_speed_mph": 14.752331753729425}, "geometry": {"type": "Point", "coordinates": [-122.32301, 37.94316]}}, {"id": "58", "type": "Feature", "properties": {"name": "Out & Back in Alvarado", "step": 58, "lat": 37.94388, "lon": -122.32335, "elevation_m": 30.6, "time": null, "elevation_f": 100.393704, "step_elevation_m": 1.0, "step_elevation_f": 3.2808399999999978, "step_dist_m": 85.43169441998482, "step_dist_f": 280.287720320863, "step_grade": 0.011705257712482786, "step_turn": 5.697026948690336, "coast_speed_mps": 0.0, "coast_speed_mph": 0.0}, "geometry": {"type": "Point", "coordinates": [-122.32335, 37.94388]}}, {"id": "59", "type": "Feature", "properties": {"name": "Out & Back in Alvarado", "step": 59, "lat": 37.9446, "lon": -122.3237, "elevation_m": 32.8, "time": null, "elevation_f": 107.61155199999999, "step_elevation_m": 2.1999999999999957, "step_elevation_f": 7.217847999999989, "step_dist_m": 85.74155375801578, "step_dist_f": 281.3043192314485, "step_grade": 0.025658503999227127, "step_turn": 0.5489543568734803, "coast_speed_mps": 0.0, "coast_speed_mph": 0.0}, "geometry": {"type": "Point", "coordinates": [-122.3237, 37.9446]}}, {"id": "60", "type": "Feature", "properties": {"name": "Out & Back in Alvarado", "step": 60, "lat": 37.94532, "lon": -122.32405, "elevation_m": 33.3, "time": null, "elevation_f": 109.251972, "step_elevation_m": 0.5, "step_elevation_f": 1.640420000000006, "step_dist_m": 85.74144611509803, "step_dist_f": 281.3039660722582, "step_grade": 0.005831485502691517, "step_turn": 0.00018764015129590916, "coast_speed_mps": 0.0, "coast_speed_mph": 0.0}, "geometry": {"type": "Point", "coordinates": [-122.32405, 37.94532]}}, {"id": "61", "type": "Feature", "properties": {"name": "Out & Back in Alvarado", "step": 61, "lat": 37.94602, "lon": -122.32438, "elevation_m": 33.2, "time": null, "elevation_f": 108.923888, "step_elevation_m": -0.09999999999999432, "step_elevation_f": -0.32808399999998983, "step_dist_m": 83.0413077008133, "step_dist_f": 272.4452439571363, "step_grade": -0.0012042199571360426, "step_turn": 0.5808107452965601, "coast_speed_mps": 0.0, "coast_speed_mph": 0.0}, "geometry": {"type": "Point", "coordinates": [-122.32438, 37.94602]}}, {"id": "62", "type": "Feature", "properties": {"name": "Out & Back in Alvarado", "step": 62, "lat": 37.94672, "lon": -122.32471, "elevation_m": 35.8, "time": null, "elevation_f": 117.454072, "step_elevation_m": 2.5999999999999943, "step_elevation_f": 8.530183999999991, "step_dist_m": 83.04121163937283, "step_dist_f": 272.44492879492, "step_grade": 0.0313097551043829, "step_turn": 0.00017828627329663504, "coast_speed_mps": 0.0, "coast_speed_mph": 0.0}, "geometry": {"type": "Point", "coordinates": [-122.32471, 37.94672]}}, {"id": "63", "type": "Feature", "properties": {"name": "Out & Back in Alvarado", "step": 63, "lat": 37.94742, "lon": -122.32505, "elevation_m": 35.3, "time": null, "elevation_f": 115.81365199999999, "step_elevation_m": -0.5, "step_elevation_f": -1.640420000000006, "step_dist_m": 83.35071728197903, "step_dist_f": 273.4603672874081, "step_grade": -0.005998748616745296, "step_turn": 0.5648082210780103, "coast_speed_mps": 0.0, "coast_speed_mph": 0.0}, "geometry": {"type": "Point", "coordinates": [-122.32505, 37.94742]}}, {"id": "64", "type": "Feature", "properties": {"name": "Out & Back in Alvarado", "step": 64, "lat": 37.94742, "lon": -122.32505, "elevation_m": 35.3, "time": null, "elevation_f": 115.81365199999999, "step_elevation_m": 0.0, "step_elevation_f": 0.0, "step_dist_m": 0.0, "step_dist_f": 0.0, "step_grade": null, "step_turn": null, "coast_speed_mps": 0.0, "coast_speed_mph": 0.0}, "geometry": {"type": "Point", "coordinates": [-122.32505, 37.94742]}}, {"id": "65", "type": "Feature", "properties": {"name": "Out & Back in Alvarado", "step": 65, "lat": 37.94811, "lon": -122.32538, "elevation_m": 34.4, "time": null, "elevation_f": 112.860896, "step_elevation_m": -0.8999999999999986, "step_elevation_f": -2.9527559999999937, "step_dist_m": 81.99967745774568, "step_dist_f": 269.02782179047034, "step_grade": -0.01097565292819313, "step_turn": null, "coast_speed_mps": 2.1879969438352083, "coast_speed_mph": 4.89440977056909}, "geometry": {"type": "Point", "coordinates": [-122.32538, 37.94811]}}, {"id": "66", "type": "Feature", "properties": {"name": "Out & Back in Alvarado", "step": 66, "lat": 37.9488, "lon": -122.32571, "elevation_m": 37.3, "time": null, "elevation_f": 122.37533199999999, "step_elevation_m": 2.8999999999999986, "step_elevation_f": 9.51443599999999, "step_dist_m": 81.99958156493186, "step_dist_f": 269.02750718149105, "step_grade": 0.03536603412669388, "step_turn": 0.00017766295161436574, "coast_speed_mps": 0.0, "coast_speed_mph": 0.0}, "geometry": {"type": "Point", "coordinates": [-122.32571, 37.9488]}}, {"id": "67", "type": "Feature", "properties": {"name": "Out & Back in Alvarado", "step": 67, "lat": 37.94909, "lon": -122.32473, "elevation_m": 39.8, "time": null, "elevation_f": 130.577432, "step_elevation_m": 2.5, "step_elevation_f": 8.202100000000002, "step_dist_m": 91.78136477909754, "step_dist_f": 301.1199728218544, "step_grade": 0.027238644860174868, "step_turn": 90.0936952659606, "coast_speed_mps": 0.0, "coast_speed_mph": 0.0}, "geometry": {"type": "Point", "coordinates": [-122.32473, 37.94909]}}, {"id": "68", "type": "Feature", "properties": {"name": "Out & Back in Alvarado", "step": 68, "lat": 37.94937, "lon": -122.32374, "elevation_m": 43.0, "time": null, "elevation_f": 141.07612, "step_elevation_m": 3.200000000000003, "step_elevation_f": 10.498688000000016, "step_dist_m": 92.22118087341964, "step_dist_f": 302.5629390567501, "step_grade": 0.03469918699471262, "step_turn": 0.8381488123955592, "coast_speed_mps": 0.0, "coast_speed_mph": 0.0}, "geometry": {"type": "Point", "coordinates": [-122.32374, 37.94937]}}, {"id": "69", "type": "Feature", "properties": {"name": "Out & Back in Alvarado", "step": 69, "lat": 37.94946, "lon": -122.32348, "elevation_m": 44.1, "time": null, "elevation_f": 144.685044, "step_elevation_m": 1.1000000000000014, "step_elevation_f": 3.608924000000002, "step_dist_m": 24.897449613345554, "step_dist_f": 81.68454858944862, "step_grade": 0.044181232097378294, "step_turn": 3.968760435292097, "coast_speed_mps": 0.0, "coast_speed_mph": 0.0}, "geometry": {"type": "Point", "coordinates": [-122.32348, 37.94946]}}, {"id": "70", "type": "Feature", "properties": {"name": "Out & Back in Alvarado", "step": 70, "lat": 37.94957, "lon": -122.32322, "elevation_m": 45.4, "time": null, "elevation_f": 148.950136, "step_elevation_m": 1.2999999999999972, "step_elevation_f": 4.2650919999999815, "step_dist_m": 25.8715834297687, "step_dist_f": 84.88052577972235, "step_grade": 0.05024818073192126, "step_turn": 4.514416215706831, "coast_speed_mps": 0.0, "coast_speed_mph": 0.0}, "geometry": {"type": "Point", "coordinates": [-122.32322, 37.94957]}}, {"id": "71", "type": "Feature", "properties": {"name": "Out & Back in Alvarado", "step": 71, "lat": 37.94967, "lon": -122.32312, "elevation_m": 45.9, "time": null, "elevation_f": 150.590556, "step_elevation_m": 0.5, "step_elevation_f": 1.640420000000006, "step_dist_m": 14.16072493630621, "step_dist_f": 46.45907280003087, "step_grade": 0.03530892678510171, "step_turn": 23.527752260657394, "coast_speed_mps": 0.0, "coast_speed_mph": 0.0}, "geometry": {"type": "Point", "coordinates": [-122.32312, 37.94967]}}, {"id": "72", "type": "Feature", "properties": {"name": "Out & Back in Alvarado", "step": 72, "lat": 37.9498, "lon": -122.32304, "elevation_m": 46.3, "time": null, "elevation_f": 151.90289199999998, "step_elevation_m": 0.3999999999999986, "step_elevation_f": 1.3123359999999877, "step_dist_m": 16.067415553985903, "step_dist_f": 52.71461964613911, "step_grade": 0.024895105168346077, "step_turn": 12.372071562186647, "coast_speed_mps": 0.0, "coast_speed_mph": 0.0}, "geometry": {"type": "Point", "coordinates": [-122.32304, 37.9498]}}, {"id": "73", "type": "Feature", "properties": {"name": "Out & Back in Alvarado", "step": 73, "lat": 37.95031, "lon": -122.32285, "elevation_m": 47.1, "time": null, "elevation_f": 154.527564, "step_elevation_m": 0.8000000000000043, "step_elevation_f": 2.6246720000000323, "step_dist_m": 59.10585308244974, "step_dist_f": 193.9168470270244, "step_grade": 0.013535038549973111, "step_turn": 9.514229792794708, "coast_speed_mps": 0.0, "coast_speed_mph": 0.0}, "geometry": {"type": "Point", "coordinates": [-122.32285, 37.95031]}}, {"id": "74", "type": "Feature", "properties": {"name": "Out & Back in Alvarado", "step": 74, "lat": 37.95098, "lon": -122.32258, "elevation_m": 49.5, "time": null, "elevation_f": 162.40158, "step_elevation_m": 2.3999999999999986, "step_elevation_f": 7.874015999999983, "step_dist_m": 78.171612860277, "step_dist_f": 256.46855433651115, "step_grade": 0.0307016820068652, "step_turn": 1.2573442208731649, "coast_speed_mps": 0.0, "coast_speed_mph": 0.0}, "geometry": {"type": "Point", "coordinates": [-122.32258, 37.95098]}}, {"id": "75", "type": "Feature", "properties": {"name": "Out & Back in Alvarado", "step": 75, "lat": 37.9512, "lon": -122.32241, "elevation_m": 52.1, "time": null, "elevation_f": 170.93176400000002, "step_elevation_m": 2.6000000000000014, "step_elevation_f": 8.53018400000002, "step_dist_m": 28.646390776547815, "step_dist_f": 93.98422471532913, "step_grade": 0.09076187015254171, "step_turn": 13.726251003357731, "coast_speed_mps": 0.0, "coast_speed_mph": 0.0}, "geometry": {"type": "Point", "coordinates": [-122.32241, 37.9512]}}, {"id": "76", "type": "Feature", "properties": {"name": "Out & Back in Alvarado", "step": 76, "lat": 37.95131, "lon": -122.32226, "elevation_m": 53.3, "time": null, "elevation_f": 174.86877199999998, "step_elevation_m": 1.1999999999999957, "step_elevation_f": 3.937007999999963, "step_dist_m": 17.96071415091034, "step_dist_f": 58.92622941487269, "step_grade": 0.06681248807354208, "step_turn": 15.72239339088327, "coast_speed_mps": 0.0, "coast_speed_mph": 0.0}, "geometry": {"type": "Point", "coordinates": [-122.32226, 37.95131]}}, {"id": "77", "type": "Feature", "properties": {"name": "Out & Back in Alvarado", "step": 77, "lat": 37.95137, "lon": -122.32212, "elevation_m": 52.8, "time": null, "elevation_f": 173.228352, "step_elevation_m": -0.5, "step_elevation_f": -1.6404199999999776, "step_dist_m": 13.971226609201691, "step_dist_f": 45.83735910853328, "step_grade": -0.035787838389987274, "step_turn": 14.398411387724309, "coast_speed_mps": 0.0, "coast_speed_mph": 0.0}, "geometry": {"type": "Point", "coordinates": [-122.32212, 37.95137]}}, {"id": "78", "type": "Feature", "properties": {"name": "Out & Back in Alvarado", "step": 78, "lat": 37.95155, "lon": -122.32156, "elevation_m": 52.2, "time": null, "elevation_f": 171.259848, "step_elevation_m": -0.5999999999999943, "step_elevation_f": -1.9685039999999958, "step_dist_m": 53.02390249965691, "step_dist_f": 173.9629402769744, "step_grade": -0.011315651464994992, "step_turn": 6.346914197182343, "coast_speed_mps": 1.8572474966072077, "coast_speed_mph": 4.154544328487844}, "geometry": {"type": "Point", "coordinates": [-122.32156, 37.95155]}}, {"id": "79", "type": "Feature", "properties": {"name": "Out & Back in Alvarado", "step": 79, "lat": 37.95174, "lon": -122.32099, "elevation_m": 56.4, "time": null, "elevation_f": 185.039376, "step_elevation_m": 4.199999999999996, "step_elevation_f": 13.779527999999999, "step_dist_m": 54.25995819381842, "step_dist_f": 178.0182412406072, "step_grade": 0.07740514625900471, "step_turn": 0.7378833719390627, "coast_speed_mps": 0.0, "coast_speed_mph": 0.0}, "geometry": {"type": "Point", "coordinates": [-122.32099, 37.95174]}}, {"id": "80", "type": "Feature", "properties": {"name": "Out & Back in Alvarado", "step": 80, "lat": 37.95181, "lon": -122.32076, "elevation_m": 55.7, "time": null, "elevation_f": 182.74278800000002, "step_elevation_m": -0.6999999999999957, "step_elevation_f": -2.2965879999999856, "step_dist_m": 21.616484669486386, "step_dist_f": 70.92022756303771, "step_grade": -0.03238269361105271, "step_turn": 1.8101659602586437, "coast_speed_mps": 3.215754431898887, "coast_speed_mph": 7.193437795049399}, "geometry": {"type": "Point", "coordinates": [-122.32076, 37.95181]}}, {"id": "81", "type": "Feature", "properties": {"name": "Out & Back in Alvarado", "step": 81, "lat": 37.95182, "lon": -122.32053, "elevation_m": 54.6, "time": null, "elevation_f": 179.13386400000002, "step_elevation_m": -1.1000000000000014, "step_elevation_f": -3.608924000000002, "step_dist_m": 20.19711044626731, "step_dist_f": 66.26348783653164, "step_grade": -0.054463236358807746, "step_turn": 17.9490480514404, "coast_speed_mps": 5.221931592404362, "coast_speed_mph": 11.68112829367474}, "geometry": {"type": "Point", "coordinates": [-122.32053, 37.95182]}}, {"id": "82", "type": "Feature", "properties": {"name": "Out & Back in Alvarado", "step": 82, "lat": 37.95177, "lon": -122.32018, "elevation_m": 54.2, "time": null, "elevation_f": 177.821528, "step_elevation_m": -0.3999999999999986, "step_elevation_f": -1.3123360000000162, "step_dist_m": 31.187688775510104, "step_dist_f": 102.32181684224457, "step_grade": -0.012825573670405982, "step_turn": 13.424823953110035, "coast_speed_mps": 4.9170357696780975, "coast_speed_mph": 10.999095762522575}, "geometry": {"type": "Point", "coordinates": [-122.32018, 37.95177]}}, {"id": "83", "type": "Feature", "properties": {"name": "Out & Back in Alvarado", "step": 83, "lat": 37.95174, "lon": -122.31981, "elevation_m": 50.3, "time": null, "elevation_f": 165.026252, "step_elevation_m": -3.9000000000000057, "step_elevation_f": -12.795276000000001, "step_dist_m": 32.61280672998776, "step_dist_f": 106.99740083201304, "step_grade": -0.11958492356359876, "step_turn": 4.398010715846567, "coast_speed_mps": 9.485385972436388, "coast_speed_mph": 21.218204125886672}, "geometry": {"type": "Point", "coordinates": [-122.31981, 37.95174]}}, {"id": "84", "type": "Feature", "properties": {"name": "Out & Back in Alvarado", "step": 84, "lat": 37.95171, "lon": -122.31961, "elevation_m": 52.3, "time": null, "elevation_f": 171.587932, "step_elevation_m": 2.0, "step_elevation_f": 6.5616799999999955, "step_dist_m": 17.850554951749473, "step_dist_f": 58.56481470789774, "step_grade": 0.11204133459189664, "step_turn": 4.899754774643782, "coast_speed_mps": 5.073650977035243, "coast_speed_mph": 11.3494340037474}, "geometry": {"type": "Point", "coordinates": [-122.31961, 37.95171]}}, {"id": "85", "type": "Feature", "properties": {"name": "Out & Back in Alvarado", "step": 85, "lat": 37.95169, "lon": -122.31953, "elevation_m": 53.9, "time": null, "elevation_f": 176.837276, "step_elevation_m": 1.6000000000000014, "step_elevation_f": 5.249344000000008, "step_dist_m": 7.358537030551336, "step_dist_f": 24.142182631314043, "step_grade": 0.21743452446554068, "step_turn": 6.820487829338845, "coast_speed_mps": 1.332955260659579, "coast_speed_mph": 2.9817359982542446}, "geometry": {"type": "Point", "coordinates": [-122.31953, 37.95169]}}, {"id": "86", "type": "Feature", "properties": {"name": "Out & Back in Alvarado", "step": 86, "lat": 37.95163, "lon": -122.31941, "elevation_m": 55.9, "time": null, "elevation_f": 183.398956, "step_elevation_m": 2.0, "step_elevation_f": 6.5616799999999955, "step_dist_m": 12.458608004301098, "step_dist_f": 40.87469948483121, "step_grade": 0.16053157779019436, "step_turn": 14.787416368138054, "coast_speed_mps": 6.1009701026688345, "coast_speed_mph": 13.647481439398774}, "geometry": {"type": "Point", "coordinates": [-122.31941, 37.95163]}}, {"id": "87", "type": "Feature", "properties": {"name": "Out & Back in Alvarado", "step": 87, "lat": 37.95174, "lon": -122.31937, "elevation_m": 47.3, "time": null, "elevation_f": 155.183732, "step_elevation_m": -8.600000000000001, "step_elevation_f": -28.215224000000006, "step_dist_m": 12.724337404182462, "step_dist_f": 41.74651512913799, "step_grade": -0.6758701633590131, "step_turn": 106.37879490644048, "coast_speed_mps": 9.863456687814042, "coast_speed_mph": 22.063924230077912}, "geometry": {"type": "Point", "coordinates": [-122.31937, 37.95174]}}, {"id": "88", "type": "Feature", "properties": {"name": "Out & Back in Alvarado", "step": 88, "lat": 37.95181, "lon": -122.31918, "elevation_m": 40.4, "time": null, "elevation_f": 132.54593599999998, "step_elevation_m": -6.899999999999999, "step_elevation_f": -22.63779600000001, "step_dist_m": 18.38794507335884, "step_dist_f": 60.32790571447861, "step_grade": -0.37524584571426545, "step_turn": 48.95714069909661, "coast_speed_mps": 14.608373035917932, "coast_speed_mph": 32.677999811913736}, "geometry": {"type": "Point", "coordinates": [-122.31918, 37.95181]}}, {"id": "89", "type": "Feature", "properties": {"name": "Out & Back in Alvarado", "step": 89, "lat": 37.95185, "lon": -122.31915, "elevation_m": 38.7, "time": null, "elevation_f": 126.96850800000001, "step_elevation_m": -1.6999999999999957, "step_elevation_f": -5.577427999999969, "step_dist_m": 5.1673933153993135, "step_dist_f": 16.953390684894682, "step_grade": -0.328985988918985, "step_turn": 34.35684652171415, "coast_speed_mps": 15.549000915306951, "coast_speed_mph": 34.7821244526372}, "geometry": {"type": "Point", "coordinates": [-122.31915, 37.95185]}}, {"id": "90", "type": "Feature", "properties": {"name": "Out & Back in Alvarado", "step": 90, "lat": 37.95197, "lon": -122.31865, "elevation_m": 48.5, "time": null, "elevation_f": 159.12074, "step_elevation_m": 9.799999999999997, "step_elevation_f": 32.152232, "step_dist_m": 45.82577446785144, "step_dist_f": 150.34703390510572, "step_grade": 0.21385345067926956, "step_turn": 42.47154496238636, "coast_speed_mps": 0.0, "coast_speed_mph": 0.0}, "geometry": {"type": "Point", "coordinates": [-122.31865, 37.95197]}}, {"id": "91", "type": "Feature", "properties": {"name": "Out & Back in Alvarado", "step": 91, "lat": 37.95201, "lon": -122.31843, "elevation_m": 55.0, "time": null, "elevation_f": 180.4462, "step_elevation_m": 6.5, "step_elevation_f": 21.325459999999993, "step_dist_m": 19.79577420644881, "step_dist_f": 64.94676784748552, "step_grade": 0.3283529066462333, "step_turn": 3.9441871292006, "coast_speed_mps": 0.0, "coast_speed_mph": 0.0}, "geometry": {"type": "Point", "coordinates": [-122.31843, 37.95201]}}, {"id": "92", "type": "Feature", "properties": {"name": "Out & Back in Alvarado", "step": 92, "lat": 37.95201, "lon": -122.31826, "elevation_m": 58.3, "time": null, "elevation_f": 191.27297199999998, "step_elevation_m": 3.299999999999997, "step_elevation_f": 10.826771999999977, "step_dist_m": 14.905618166130482, "step_dist_f": 48.90294830416753, "step_grade": 0.22139303202456054, "step_turn": 12.984322207087189, "coast_speed_mps": 0.0, "coast_speed_mph": 0.0}, "geometry": {"type": "Point", "coordinates": [-122.31826, 37.95201]}}, {"id": "93", "type": "Feature", "properties": {"name": "Out & Back in Alvarado", "step": 93, "lat": 37.952, "lon": -122.31808, "elevation_m": 61.5, "time": null, "elevation_f": 201.77166, "step_elevation_m": 3.200000000000003, "step_elevation_f": 10.498688000000016, "step_dist_m": 15.82154296981218, "step_dist_f": 51.90795103707859, "step_grade": 0.20225587391227687, "step_turn": 4.030107324081314, "coast_speed_mps": 0.0, "coast_speed_mph": 0.0}, "geometry": {"type": "Point", "coordinates": [-122.31808, 37.952]}}, {"id": "94", "type": "Feature", "properties": {"name": "Out & Back in Alvarado", "step": 94, "lat": 37.95198, "lon": -122.31794, "elevation_m": 63.5, "time": null, "elevation_f": 208.33334, "step_elevation_m": 2.0, "step_elevation_f": 6.5616799999999955, "step_dist_m": 12.475043447699543, "step_dist_f": 40.928621544950566, "step_grade": 0.160320082922742, "step_turn": 6.238782106566987, "coast_speed_mps": 0.0, "coast_speed_mph": 0.0}, "geometry": {"type": "Point", "coordinates": [-122.31794, 37.95198]}}, {"id": "95", "type": "Feature", "properties": {"name": "Out & Back in Alvarado", "step": 95, "lat": 37.95188, "lon": -122.31739, "elevation_m": 70.0, "time": null, "elevation_f": 229.65879999999999, "step_elevation_m": 6.5, "step_elevation_f": 21.325459999999993, "step_dist_m": 49.48947389363796, "step_dist_f": 162.36704552920315, "step_grade": 0.1313410608075912, "step_turn": 2.7152903043665333, "coast_speed_mps": 0.0, "coast_speed_mph": 0.0}, "geometry": {"type": "Point", "coordinates": [-122.31739, 37.95188]}}, {"id": "96", "type": "Feature", "properties": {"name": "Out & Back in Alvarado", "step": 96, "lat": 37.95185, "lon": -122.3172, "elevation_m": 72.6, "time": null, "elevation_f": 238.18898399999998, "step_elevation_m": 2.5999999999999943, "step_elevation_f": 8.530183999999991, "step_dist_m": 16.989955775190516, "step_dist_f": 55.74132650547605, "step_grade": 0.1530315931602735, "step_turn": 1.6610354194090746, "coast_speed_mps": 0.0, "coast_speed_mph": 0.0}, "geometry": {"type": "Point", "coordinates": [-122.3172, 37.95185]}}, {"id": "97", "type": "Feature", "properties": {"name": "Out & Back in Alvarado", "step": 97, "lat": 37.95183, "lon": -122.31702, "elevation_m": 74.4, "time": null, "elevation_f": 244.09449600000002, "step_elevation_m": 1.8000000000000114, "step_elevation_f": 5.905512000000044, "step_dist_m": 15.93836987819946, "step_dist_f": 52.291241431191914, "step_grade": 0.11293501241065158, "step_turn": 3.3024325376524075, "coast_speed_mps": 0.0, "coast_speed_mph": 0.0}, "geometry": {"type": "Point", "coordinates": [-122.31702, 37.95183]}}, {"id": "98", "type": "Feature", "properties": {"name": "Out & Back in Alvarado", "step": 98, "lat": 37.95183, "lon": -122.31675, "elevation_m": 76.2, "time": null, "elevation_f": 250.000008, "step_elevation_m": 1.7999999999999972, "step_elevation_f": 5.905511999999987, "step_dist_m": 23.6736868566172, "step_dist_f": 77.66957878666396, "step_grade": 0.07603378429823518, "step_turn": 8.020742528061817, "coast_speed_mps": 0.0, "coast_speed_mph": 0.0}, "geometry": {"type": "Point", "coordinates": [-122.31675, 37.95183]}}, {"id": "99", "type": "Feature", "properties": {"name": "Out & Back in Alvarado", "step": 99, "lat": 37.95184, "lon": -122.31653, "elevation_m": 77.5, "time": null, "elevation_f": 254.2651, "step_elevation_m": 1.2999999999999972, "step_elevation_f": 4.2650919999999815, "step_dist_m": 19.321691929874902, "step_dist_f": 63.39137975121077, "step_grade": 0.06728189253395336, "step_turn": 3.2991377108802453, "coast_speed_mps": 0.0, "coast_speed_mph": 0.0}, "geometry": {"type": "Point", "coordinates": [-122.31653, 37.95184]}}, {"id": "100", "type": "Feature", "properties": {"name": "Out & Back in Alvarado", "step": 100, "lat": 37.95189, "lon": -122.31632, "elevation_m": 81.4, "time": null, "elevation_f": 267.060376, "step_elevation_m": 3.9000000000000057, "step_elevation_f": 12.79527600000003, "step_dist_m": 19.233932198101247, "step_dist_f": 63.1034541128185, "step_grade": 0.2027666500969058, "step_turn": 13.502487902913913, "coast_speed_mps": 0.0, "coast_speed_mph": 0.0}, "geometry": {"type": "Point", "coordinates": [-122.31632, 37.95189]}}, {"id": "101", "type": "Feature", "properties": {"name": "Out & Back in Alvarado", "step": 101, "lat": 37.95194, "lon": -122.31612, "elevation_m": 84.8, "time": null, "elevation_f": 278.215232, "step_elevation_m": 3.3999999999999915, "step_elevation_f": 11.154855999999995, "step_dist_m": 18.39629365234709, "step_dist_f": 60.35529606636643, "step_grade": 0.18481983731359944, "step_turn": 0.7894035628644929, "coast_speed_mps": 0.0, "coast_speed_mph": 0.0}, "geometry": {"type": "Point", "coordinates": [-122.31612, 37.95194]}}, {"id": "102", "type": "Feature", "properties": {"name": "Out & Back in Alvarado", "step": 102, "lat": 37.952, "lon": -122.31595, "elevation_m": 87.3, "time": null, "elevation_f": 286.417332, "step_elevation_m": 2.5, "step_elevation_f": 8.202099999999973, "step_dist_m": 16.330622062950063, "step_dist_f": 53.57815808900909, "step_grade": 0.15308663628140964, "step_turn": 6.522028560855233, "coast_speed_mps": 0.0, "coast_speed_mph": 0.0}, "geometry": {"type": "Point", "coordinates": [-122.31595, 37.952]}}, {"id": "103", "type": "Feature", "properties": {"name": "Out & Back in Alvarado", "step": 103, "lat": 37.95206, "lon": -122.31579, "elevation_m": 90.2, "time": null, "elevation_f": 295.93176800000003, "step_elevation_m": 2.9000000000000057, "step_elevation_f": 9.514436000000046, "step_dist_m": 15.534449591967924, "step_dist_f": 50.966043599312044, "step_grade": 0.186681863611019, "step_turn": 1.321310004614702, "coast_speed_mps": 0.0, "coast_speed_mph": 0.0}, "geometry": {"type": "Point", "coordinates": [-122.31579, 37.95206]}}, {"id": "104", "type": "Feature", "properties": {"name": "Out & Back in Alvarado", "step": 104, "lat": 37.95235, "lon": -122.31508, "elevation_m": 82.6, "time": null, "elevation_f": 270.99738399999995, "step_elevation_m": -7.6000000000000085, "step_elevation_f": -24.93438400000008, "step_dist_m": 70.1087626107186, "step_dist_f": 230.01563272375, "step_grade": -0.10840299724300198, "step_turn": 1.949651796701744, "coast_speed_mps": 11.751924464555657, "coast_speed_mph": 26.288306336246517}, "geometry": {"type": "Point", "coordinates": [-122.31508, 37.95235]}}, {"id": "105", "type": "Feature", "properties": {"name": "Out & Back in Alvarado", "step": 105, "lat": 37.95243, "lon": -122.31492, "elevation_m": 77.5, "time": null, "elevation_f": 254.2651, "step_elevation_m": -5.099999999999994, "step_elevation_f": -16.732283999999964, "step_dist_m": 16.611359605275794, "step_dist_f": 54.49921304737303, "step_grade": -0.30701881851863744, "step_turn": 4.994635186882363, "coast_speed_mps": 14.807356901899016, "coast_speed_mph": 33.12311404326011}, "geometry": {"type": "Point", "coordinates": [-122.31492, 37.95243]}}, {"id": "106", "type": "Feature", "properties": {"name": "Out & Back in Alvarado", "step": 106, "lat": 37.95245, "lon": -122.31465, "elevation_m": 74.5, "time": null, "elevation_f": 244.42258, "step_elevation_m": -3.0, "step_elevation_f": -9.842519999999979, "step_dist_m": 23.77771786131955, "step_dist_f": 78.01088786813163, "step_grade": -0.12616854222499863, "step_turn": 27.012012475337542, "coast_speed_mps": 13.702456481135082, "coast_speed_mph": 30.651522192947088}, "geometry": {"type": "Point", "coordinates": [-122.31465, 37.95245]}}, {"id": "107", "type": "Feature", "properties": {"name": "Out & Back in Alvarado", "step": 107, "lat": 37.95245, "lon": -122.31452, "elevation_m": 76.8, "time": null, "elevation_f": 251.96851199999998, "step_elevation_m": 2.299999999999997, "step_elevation_f": 7.545931999999965, "step_dist_m": 11.398345620448785, "step_dist_f": 37.39614824539319, "step_grade": 0.20178366901541978, "step_turn": 5.36668529900561, "coast_speed_mps": 13.236641779008181, "coast_speed_mph": 29.609524380386915}, "geometry": {"type": "Point", "coordinates": [-122.31452, 37.95245]}}, {"id": "108", "type": "Feature", "properties": {"name": "Out & Back in Alvarado", "step": 108, "lat": 37.95243, "lon": -122.31407, "elevation_m": 88.6, "time": null, "elevation_f": 290.68242399999997, "step_elevation_m": 11.799999999999997, "step_elevation_f": 38.71391199999999, "step_dist_m": 39.5184416477091, "step_dist_f": 129.65368409546994, "step_grade": 0.2985947701377553, "step_turn": 3.225923286462887, "coast_speed_mps": 0.0, "coast_speed_mph": 0.0}, "geometry": {"type": "Point", "coordinates": [-122.31407, 37.95243]}}, {"id": "109", "type": "Feature", "properties": {"name": "Out & Back in Alvarado", "step": 109, "lat": 37.9524, "lon": -122.31379, "elevation_m": 98.6, "time": null, "elevation_f": 323.490824, "step_elevation_m": 10.0, "step_elevation_f": 32.808400000000006, "step_dist_m": 24.77589239777851, "step_dist_f": 81.28573881432764, "step_grade": 0.4036181558851391, "step_turn": 4.51188446448657, "coast_speed_mps": 0.0, "coast_speed_mph": 0.0}, "geometry": {"type": "Point", "coordinates": [-122.31379, 37.9524]}}, {"id": "110", "type": "Feature", "properties": {"name": "Out & Back in Alvarado", "step": 110, "lat": 37.95234, "lon": -122.31362, "elevation_m": 103.7, "time": null, "elevation_f": 340.223108, "step_elevation_m": 5.1000000000000085, "step_elevation_f": 16.73228400000005, "step_dist_m": 16.330547983492707, "step_dist_f": 53.57791504616221, "step_grade": 0.3122981546703274, "step_turn": 16.375384768795982, "coast_speed_mps": 0.0, "coast_speed_mph": 0.0}, "geometry": {"type": "Point", "coordinates": [-122.31362, 37.95234]}}, {"id": "111", "type": "Feature", "properties": {"name": "Out & Back in Alvarado", "step": 111, "lat": 37.95225, "lon": -122.31339, "elevation_m": 105.0, "time": null, "elevation_f": 344.4882, "step_elevation_m": 1.2999999999999972, "step_elevation_f": 4.2650919999999815, "step_dist_m": 22.51293960391468, "step_dist_f": 73.86135277010744, "step_grade": 0.057744569250918504, "step_turn": 2.2796692504404064, "coast_speed_mps": 0.0, "coast_speed_mph": 0.0}, "geometry": {"type": "Point", "coordinates": [-122.31339, 37.95225]}}, {"id": "112", "type": "Feature", "properties": {"name": "Out & Back in Alvarado", "step": 112, "lat": 37.95216, "lon": -122.31311, "elevation_m": 101.5, "time": null, "elevation_f": 333.00526, "step_elevation_m": -3.5, "step_elevation_f": -11.482939999999985, "step_dist_m": 26.511720695855185, "step_dist_f": 86.98071372778952, "step_grade": -0.13201708180892183, "step_turn": 4.21546829143449, "coast_speed_mps": 5.8992947233110185, "coast_speed_mph": 13.196346464099436}, "geometry": {"type": "Point", "coordinates": [-122.31311, 37.95216]}}, {"id": "113", "type": "Feature", "properties": {"name": "Out & Back in Alvarado", "step": 113, "lat": 37.95214, "lon": -122.31302, "elevation_m": 102.4, "time": null, "elevation_f": 335.95801600000004, "step_elevation_m": 0.9000000000000057, "step_elevation_f": 2.952756000000022, "step_dist_m": 8.198577715266419, "step_dist_f": 26.898221711354676, "step_grade": 0.10977513798815769, "step_turn": 6.438469262381261, "coast_speed_mps": 5.740863420669148, "coast_speed_mph": 12.841945733422381}, "geometry": {"type": "Point", "coordinates": [-122.31302, 37.95214]}}, {"id": "114", "type": "Feature", "properties": {"name": "Out & Back in Alvarado", "step": 114, "lat": 37.95212, "lon": -122.31292, "elevation_m": 104.6, "time": null, "elevation_f": 343.175864, "step_elevation_m": 2.1999999999999886, "step_elevation_f": 7.217847999999947, "step_dist_m": 9.04563347057956, "step_dist_f": 29.67727611561624, "step_grade": 0.2432112695208546, "step_turn": 1.5066502906825008, "coast_speed_mps": 0.0, "coast_speed_mph": 0.0}, "geometry": {"type": "Point", "coordinates": [-122.31292, 37.95212]}}, {"id": "115", "type": "Feature", "properties": {"name": "Out & Back in Alvarado", "step": 115, "lat": 37.95199, "lon": -122.31256, "elevation_m": 113.5, "time": null, "elevation_f": 372.37534, "step_elevation_m": 8.900000000000006, "step_elevation_f": 29.199476000000004, "step_dist_m": 34.717354088274966, "step_dist_f": 113.90208398697604, "step_grade": 0.2563559416817939, "step_turn": 10.373414412500665, "coast_speed_mps": 0.0, "coast_speed_mph": 0.0}, "geometry": {"type": "Point", "coordinates": [-122.31256, 37.95199]}}, {"id": "116", "type": "Feature", "properties": {"name": "Out & Back in Alvarado", "step": 116, "lat": 37.95192, "lon": -122.31242, "elevation_m": 115.3, "time": null, "elevation_f": 378.280852, "step_elevation_m": 1.7999999999999972, "step_elevation_f": 5.905511999999987, "step_dist_m": 14.53500104257724, "step_dist_f": 47.68701282052911, "step_grade": 0.12383900040510999, "step_turn": 7.772843696093446, "coast_speed_mps": 0.0, "coast_speed_mph": 0.0}, "geometry": {"type": "Point", "coordinates": [-122.31242, 37.95192]}}, {"id": "117", "type": "Feature", "properties": {"name": "Out & Back in Alvarado", "step": 117, "lat": 37.95166, "lon": -122.31176, "elevation_m": 109.3, "time": null, "elevation_f": 358.59581199999997, "step_elevation_m": -6.0, "step_elevation_f": -19.685040000000015, "step_dist_m": 64.68889939468458, "step_dist_f": 212.23392869005696, "step_grade": -0.09275161667834796, "step_turn": 5.8325307906816874, "coast_speed_mps": 10.371423737896851, "coast_speed_mph": 23.200214159575967}, "geometry": {"type": "Point", "coordinates": [-122.31176, 37.95166]}}, {"id": "118", "type": "Feature", "properties": {"name": "Out & Back in Alvarado", "step": 118, "lat": 37.95157, "lon": -122.31162, "elevation_m": 105.0, "time": null, "elevation_f": 344.4882, "step_elevation_m": -4.299999999999997, "step_elevation_f": -14.10761199999996, "step_dist_m": 15.837722296813915, "step_dist_f": 51.961032820278966, "step_grade": -0.2715036871725571, "step_turn": 12.642973832545067, "coast_speed_mps": 13.316868722018194, "coast_speed_mph": 29.78898694080659}, "geometry": {"type": "Point", "coordinates": [-122.31162, 37.95157]}}, {"id": "119", "type": "Feature", "properties": {"name": "Out & Back in Alvarado", "step": 119, "lat": 37.95146, "lon": -122.31147, "elevation_m": 100.4, "time": null, "elevation_f": 329.396336, "step_elevation_m": -4.599999999999994, "step_elevation_f": -15.091863999999987, "step_dist_m": 17.960680065408212, "step_dist_f": 58.926117585793875, "step_grade": -0.25611502366547195, "step_turn": 3.7338080534577784, "coast_speed_mps": 15.560692476044418, "coast_speed_mph": 34.808277729161595}, "geometry": {"type": "Point", "coordinates": [-122.31147, 37.95146]}}, {"id": "120", "type": "Feature", "properties": {"name": "Out & Back in Alvarado", "step": 120, "lat": 37.95133, "lon": -122.31133, "elevation_m": 102.9, "time": null, "elevation_f": 337.598436, "step_elevation_m": 2.5, "step_elevation_f": 8.202099999999973, "step_dist_m": 18.96418448448489, "step_dist_f": 62.2184550240774, "step_grade": 0.13182744568032004, "step_turn": 6.739660727735156, "coast_speed_mps": 12.54886037475194, "coast_speed_mph": 28.071001196205987}, "geometry": {"type": "Point", "coordinates": [-122.31133, 37.95133]}}, {"id": "121", "type": "Feature", "properties": {"name": "Out & Back in Alvarado", "step": 121, "lat": 37.95106, "lon": -122.31114, "elevation_m": 112.3, "time": null, "elevation_f": 368.438332, "step_elevation_m": 9.399999999999991, "step_elevation_f": 30.83989600000001, "step_dist_m": 34.33502734386247, "step_dist_f": 112.64773111083775, "step_grade": 0.27377289978131564, "step_turn": 11.311865860698276, "coast_speed_mps": 0.0, "coast_speed_mph": 0.0}, "geometry": {"type": "Point", "coordinates": [-122.31114, 37.95106]}}, {"id": "122", "type": "Feature", "properties": {"name": "Out & Back in Alvarado", "step": 122, "lat": 37.95065, "lon": -122.31083, "elevation_m": 115.2, "time": null, "elevation_f": 377.952768, "step_elevation_m": 2.9000000000000057, "step_elevation_f": 9.51443599999999, "step_dist_m": 53.077883522660336, "step_dist_f": 174.14004337648493, "step_grade": 0.05463669248910273, "step_turn": 1.778272174408869, "coast_speed_mps": 0.0, "coast_speed_mph": 0.0}, "geometry": {"type": "Point", "coordinates": [-122.31083, 37.95065]}}, {"id": "123", "type": "Feature", "properties": {"name": "Out & Back in Alvarado", "step": 123, "lat": 37.95026, "lon": -122.31057, "elevation_m": 118.5, "time": null, "elevation_f": 388.77954, "step_elevation_m": 3.299999999999997, "step_elevation_f": 10.826772000000005, "step_dist_m": 48.99315431118453, "step_dist_f": 160.73870039030666, "step_grade": 0.0673563489919376, "step_turn": 3.0732320415726804, "coast_speed_mps": 0.0, "coast_speed_mph": 0.0}, "geometry": {"type": "Point", "coordinates": [-122.31057, 37.95026]}}, {"id": "124", "type": "Feature", "properties": {"name": "Out & Back in Alvarado", "step": 124, "lat": 37.95002, "lon": -122.31037, "elevation_m": 110.6, "time": null, "elevation_f": 362.860904, "step_elevation_m": -7.900000000000006, "step_elevation_f": -25.918635999999992, "step_dist_m": 31.932930581937946, "step_dist_f": 104.76683597044529, "step_grade": -0.2473935168502336, "step_turn": 5.579081200859321, "coast_speed_mps": 12.246869282223075, "coast_speed_mph": 27.395466361451014}, "geometry": {"type": "Point", "coordinates": [-122.31037, 37.95002]}}, {"id": "125", "type": "Feature", "properties": {"name": "Out & Back in Alvarado", "step": 125, "lat": 37.94962, "lon": -122.31007, "elevation_m": 107.8, "time": null, "elevation_f": 353.674552, "step_elevation_m": -2.799999999999997, "step_elevation_f": -9.186352, "step_dist_m": 51.67429950124864, "step_dist_f": 169.53510877567658, "step_grade": -0.05418554343310138, "step_turn": 2.709169848311433, "coast_speed_mps": 11.904989675067092, "coast_speed_mph": 26.630703460690494}, "geometry": {"type": "Point", "coordinates": [-122.31007, 37.94962]}}, {"id": "126", "type": "Feature", "properties": {"name": "Out & Back in Alvarado", "step": 126, "lat": 37.94898, "lon": -122.30963, "elevation_m": 123.3, "time": null, "elevation_f": 404.52757199999996, "step_elevation_m": 15.5, "step_elevation_f": 50.85301999999996, "step_dist_m": 80.94992394375396, "step_dist_f": 265.5837484716257, "step_grade": 0.1914763997896995, "step_turn": 2.1370205727262714, "coast_speed_mps": 0.0, "coast_speed_mph": 0.0}, "geometry": {"type": "Point", "coordinates": [-122.30963, 37.94898]}}, {"id": "127", "type": "Feature", "properties": {"name": "Out & Back in Alvarado", "step": 127, "lat": 37.94845, "lon": -122.30923, "elevation_m": 142.2, "time": null, "elevation_f": 466.535448, "step_elevation_m": 18.89999999999999, "step_elevation_f": 62.00787600000001, "step_dist_m": 68.58056345051006, "step_dist_f": 225.0018557909714, "step_grade": 0.2755882869588676, "step_turn": 2.2950634320002905, "coast_speed_mps": 0.0, "coast_speed_mph": 0.0}, "geometry": {"type": "Point", "coordinates": [-122.30923, 37.94845]}}, {"id": "128", "type": "Feature", "properties": {"name": "Out & Back in Alvarado", "step": 128, "lat": 37.94795, "lon": -122.30888, "elevation_m": 149.2, "time": null, "elevation_f": 489.50132799999994, "step_elevation_m": 7.0, "step_elevation_f": 22.96587999999997, "step_dist_m": 63.50536395704921, "step_dist_f": 208.35093828484534, "step_grade": 0.11022690941090162, "step_turn": 1.8600543206077305, "coast_speed_mps": 0.0, "coast_speed_mph": 0.0}, "geometry": {"type": "Point", "coordinates": [-122.30888, 37.94795]}}, {"id": "129", "type": "Feature", "properties": {"name": "Out & Back in Alvarado", "step": 129, "lat": 37.94745, "lon": -122.30852, "elevation_m": 145.5, "time": null, "elevation_f": 477.36222, "step_elevation_m": -3.6999999999999886, "step_elevation_f": -12.139107999999965, "step_dist_m": 63.93382409195701, "step_dist_f": 209.75664743385622, "step_grade": -0.05787233991632069, "step_turn": 0.6881432850836404, "coast_speed_mps": 7.9094214055470715, "coast_speed_mph": 17.692871791220167}, "geometry": {"type": "Point", "coordinates": [-122.30852, 37.94745]}}, {"id": "130", "type": "Feature", "properties": {"name": "Out & Back in Alvarado", "step": 130, "lat": 37.94684, "lon": -122.30804, "elevation_m": 120.6, "time": null, "elevation_f": 395.66930399999995, "step_elevation_m": -24.900000000000006, "step_elevation_f": -81.69291600000003, "step_dist_m": 79.8264640863922, "step_dist_f": 261.897856433199, "step_grade": -0.31192663091092165, "step_turn": 2.2337909881696305, "coast_speed_mps": 22.42935553743701, "coast_speed_mph": 50.17303940908417}, "geometry": {"type": "Point", "coordinates": [-122.30804, 37.94684]}}, {"id": "131", "type": "Feature", "properties": {"name": "Out & Back in Alvarado", "step": 131, "lat": 37.94663, "lon": -122.30788, "elevation_m": 114.0, "time": null, "elevation_f": 374.01576, "step_elevation_m": -6.599999999999994, "step_elevation_f": -21.653543999999954, "step_dist_m": 27.241551330796504, "step_dist_f": 89.3751712681304, "step_grade": -0.24227695111249817, "step_turn": 0.8220564498981275, "coast_speed_mps": 23.0411301002246, "coast_speed_mph": 51.541540131139435}, "geometry": {"type": "Point", "coordinates": [-122.30788, 37.94663]}}, {"id": "132", "type": "Feature", "properties": {"name": "Out & Back in Alvarado", "step": 132, "lat": 37.94641, "lon": -122.30775, "elevation_m": 116.2, "time": null, "elevation_f": 381.233608, "step_elevation_m": 2.200000000000003, "step_elevation_f": 7.217848000000004, "step_dist_m": 26.98844094461613, "step_dist_f": 88.54475658873439, "step_grade": 0.08151637971658665, "step_turn": 6.013832217899676, "coast_speed_mps": 19.53623363731077, "coast_speed_mph": 43.70131003335439}, "geometry": {"type": "Point", "coordinates": [-122.30775, 37.94641]}}, {"id": "133", "type": "Feature", "properties": {"name": "Out & Back in Alvarado", "step": 133, "lat": 37.94615, "lon": -122.30759, "elevation_m": 114.8, "time": null, "elevation_f": 376.640432, "step_elevation_m": -1.4000000000000057, "step_elevation_f": -4.593176000000028, "step_dist_m": 32.13511913532801, "step_dist_f": 105.43018426394956, "step_grade": -0.04356604355827341, "step_turn": 0.901923069938448, "coast_speed_mps": 17.802310232105214, "coast_speed_mph": 39.82263384060754}, "geometry": {"type": "Point", "coordinates": [-122.30759, 37.94615]}}, {"id": "134", "type": "Feature", "properties": {"name": "Out & Back in Alvarado", "step": 134, "lat": 37.94545, "lon": -122.30709, "elevation_m": 122.9, "time": null, "elevation_f": 403.215236, "step_elevation_m": 8.100000000000009, "step_elevation_f": 26.57480400000003, "step_dist_m": 89.33525593360052, "step_dist_f": 293.0946810771939, "step_grade": 0.09066969043017495, "step_turn": 3.5052307947643158, "coast_speed_mps": 0.0, "coast_speed_mph": 0.0}, "geometry": {"type": "Point", "coordinates": [-122.30709, 37.94545]}}, {"id": "135", "type": "Feature", "properties": {"name": "Out & Back in Alvarado", "step": 135, "lat": 37.94505, "lon": -122.3068, "elevation_m": 130.1, "time": null, "elevation_f": 426.83728399999995, "step_elevation_m": 7.199999999999989, "step_elevation_f": 23.62204799999995, "step_dist_m": 51.234294534980215, "step_dist_f": 168.0915228821445, "step_grade": 0.1405308702959536, "step_turn": 0.36629358652032806, "coast_speed_mps": 0.0, "coast_speed_mph": 0.0}, "geometry": {"type": "Point", "coordinates": [-122.3068, 37.94505]}}, {"id": "136", "type": "Feature", "properties": {"name": "Out & Back in Alvarado", "step": 136, "lat": 37.94474, "lon": -122.30659, "elevation_m": 111.7, "time": null, "elevation_f": 366.469828, "step_elevation_m": -18.39999999999999, "step_elevation_f": -60.36745599999995, "step_dist_m": 39.08078883494551, "step_dist_f": 128.21781524124262, "step_grade": -0.4708195650223662, "step_turn": 1.6463150187313431, "coast_speed_mps": 18.838096490475536, "coast_speed_mph": 42.13962171276735}, "geometry": {"type": "Point", "coordinates": [-122.30659, 37.94474]}}, {"id": "137", "type": "Feature", "properties": {"name": "Out & Back in Alvarado", "step": 137, "lat": 37.94426, "lon": -122.30624, "elevation_m": 123.7, "time": null, "elevation_f": 405.839908, "step_elevation_m": 12.0, "step_elevation_f": 39.37007999999997, "step_dist_m": 61.56854393512293, "step_dist_f": 201.9965416841087, "step_grade": 0.1949047229806969, "step_turn": 1.7882700862726324, "coast_speed_mps": 0.0, "coast_speed_mph": 0.0}, "geometry": {"type": "Point", "coordinates": [-122.30624, 37.94426]}}, {"id": "138", "type": "Feature", "properties": {"name": "Out & Back in Alvarado", "step": 138, "lat": 37.94412, "lon": -122.30611, "elevation_m": 120.5, "time": null, "elevation_f": 395.34122, "step_elevation_m": -3.200000000000003, "step_elevation_f": -10.498687999999959, "step_dist_m": 19.294870003911267, "step_dist_f": 63.30338130363224, "step_grade": -0.16584719147376117, "step_turn": 6.314522895731557, "coast_speed_mps": 7.730166699637605, "coast_speed_mph": 17.29189043404974}, "geometry": {"type": "Point", "coordinates": [-122.30611, 37.94412]}}, {"id": "139", "type": "Feature", "properties": {"name": "Out & Back in Alvarado", "step": 139, "lat": 37.944, "lon": -122.306, "elevation_m": 116.3, "time": null, "elevation_f": 381.561692, "step_elevation_m": -4.200000000000003, "step_elevation_f": -13.779528000000028, "step_dist_m": 16.464768912142816, "step_dist_f": 54.018272437714636, "step_grade": -0.25509012743583, "step_turn": 0.351672612928553, "coast_speed_mps": 11.514463346490569, "coast_speed_mph": 25.757120943294908}, "geometry": {"type": "Point", "coordinates": [-122.306, 37.944]}}, {"id": "140", "type": "Feature", "properties": {"name": "Out & Back in Alvarado", "step": 140, "lat": 37.94387, "lon": -122.30587, "elevation_m": 117.4, "time": null, "elevation_f": 385.170616, "step_elevation_m": 1.1000000000000085, "step_elevation_f": 3.608924000000002, "step_dist_m": 18.409488554262825, "step_dist_f": 60.39858642836765, "step_grade": 0.05975179575237559, "step_turn": 2.396835952311733, "coast_speed_mps": 9.527048460151688, "coast_speed_mph": 21.311400456674296}, "geometry": {"type": "Point", "coordinates": [-122.30587, 37.94387]}}, {"id": "141", "type": "Feature", "properties": {"name": "Out & Back in Alvarado", "step": 141, "lat": 37.94377, "lon": -122.30573, "elevation_m": 120.4, "time": null, "elevation_f": 395.01313600000003, "step_elevation_m": 3.0, "step_elevation_f": 9.842520000000036, "step_dist_m": 16.563744017327913, "step_dist_f": 54.34299392181011, "step_grade": 0.1811184715763293, "step_turn": 9.571586672343528, "coast_speed_mps": 7.078932476908804, "coast_speed_mph": 15.835120966599849}, "geometry": {"type": "Point", "coordinates": [-122.30573, 37.94377]}}, {"id": "142", "type": "Feature", "properties": {"name": "Out & Back in Alvarado", "step": 142, "lat": 37.94369, "lon": -122.30562, "elevation_m": 119.9, "time": null, "elevation_f": 393.372716, "step_elevation_m": -0.5, "step_elevation_f": -1.640420000000006, "step_dist_m": 13.12154553896077, "step_dist_f": 43.04969146604405, "step_grade": -0.038105267288475235, "step_turn": 0.5140767289499308, "coast_speed_mps": 4.658050395172091, "coast_speed_mph": 10.419761979178789}, "geometry": {"type": "Point", "coordinates": [-122.30562, 37.94369]}}, {"id": "143", "type": "Feature", "properties": {"name": "Out & Back in Alvarado", "step": 143, "lat": 37.9435, "lon": -122.30526, "elevation_m": 114.7, "time": null, "elevation_f": 376.312348, "step_elevation_m": -5.200000000000003, "step_elevation_f": -17.06036800000004, "step_dist_m": 37.9857727461375, "step_dist_f": 124.62524265643775, "step_grade": -0.13689335833055427, "step_turn": 8.890569540999024, "coast_speed_mps": 10.578356939309277, "coast_speed_mph": 23.663110547846422}, "geometry": {"type": "Point", "coordinates": [-122.30526, 37.9435]}}, {"id": "144", "type": "Feature", "properties": {"name": "Out & Back in Alvarado", "step": 144, "lat": 37.94341, "lon": -122.30505, "elevation_m": 112.3, "time": null, "elevation_f": 368.438332, "step_elevation_m": -2.4000000000000057, "step_elevation_f": -7.874015999999983, "step_dist_m": 20.95857619071944, "step_dist_f": 68.76173510955996, "step_grade": -0.11451159554735103, "step_turn": 5.270480342675626, "coast_speed_mps": 12.401223675773537, "coast_speed_mph": 27.74074730622209}, "geometry": {"type": "Point", "coordinates": [-122.30505, 37.94341]}}, {"id": "145", "type": "Feature", "properties": {"name": "Out & Back in Alvarado", "step": 145, "lat": 37.94336, "lon": -122.3049, "elevation_m": 109.4, "time": null, "elevation_f": 358.923896, "step_elevation_m": -2.8999999999999915, "step_elevation_f": -9.51443599999999, "step_dist_m": 14.280298337339316, "step_dist_f": 46.85137399707632, "step_grade": -0.20307698981450797, "step_turn": 5.6088748457133875, "coast_speed_mps": 13.344672153366268, "coast_speed_mph": 29.851181445432744}, "geometry": {"type": "Point", "coordinates": [-122.3049, 37.94336]}}, {"id": "146", "type": "Feature", "properties": {"name": "Out & Back in Alvarado", "step": 146, "lat": 37.9433, "lon": -122.3047, "elevation_m": 103.1, "time": null, "elevation_f": 338.254604, "step_elevation_m": -6.300000000000011, "step_elevation_f": -20.66929200000004, "step_dist_m": 18.764227506106344, "step_dist_f": 61.56242817113394, "step_grade": -0.33574523640527354, "step_turn": 2.085422391209022, "coast_speed_mps": 16.582903897967967, "coast_speed_mph": 37.09489955701492}, "geometry": {"type": "Point", "coordinates": [-122.3047, 37.9433]}}, {"id": "147", "type": "Feature", "properties": {"name": "Out & Back in Alvarado", "step": 147, "lat": 37.94324, "lon": -122.30444, "elevation_m": 93.5, "time": null, "elevation_f": 306.75854, "step_elevation_m": -9.599999999999994, "step_elevation_f": -31.49606399999999, "step_dist_m": 23.755642148602494, "step_dist_f": 77.938460986821, "step_grade": -0.404114523191904, "step_turn": 4.516668569647891, "coast_speed_mps": 20.327040629581845, "coast_speed_mph": 45.47029489437595}, "geometry": {"type": "Point", "coordinates": [-122.30444, 37.94324]}}, {"id": "148", "type": "Feature", "properties": {"name": "Out & Back in Alvarado", "step": 148, "lat": 37.94309, "lon": -122.30352, "elevation_m": 106.4, "time": null, "elevation_f": 349.08137600000003, "step_elevation_m": 12.900000000000006, "step_elevation_f": 42.32283600000005, "step_dist_m": 82.38154369547726, "step_dist_f": 270.2806638178696, "step_grade": 0.15658847141399482, "step_turn": 4.629909510386767, "coast_speed_mps": 0.0, "coast_speed_mph": 0.0}, "geometry": {"type": "Point", "coordinates": [-122.30352, 37.94309]}}, {"id": "149", "type": "Feature", "properties": {"name": "Out & Back in Alvarado", "step": 149, "lat": 37.94304, "lon": -122.30333, "elevation_m": 119.5, "time": null, "elevation_f": 392.06038, "step_elevation_m": 13.099999999999994, "step_elevation_f": 42.979003999999975, "step_dist_m": 17.56439534103094, "step_dist_f": 57.62597081066795, "step_grade": 0.7458269838300674, "step_turn": 6.772688166273497, "coast_speed_mps": 0.0, "coast_speed_mph": 0.0}, "geometry": {"type": "Point", "coordinates": [-122.30333, 37.94304]}}, {"id": "150", "type": "Feature", "properties": {"name": "Out & Back in Alvarado", "step": 150, "lat": 37.94291, "lon": -122.30286, "elevation_m": 126.9, "time": null, "elevation_f": 416.338596, "step_elevation_m": 7.400000000000006, "step_elevation_f": 24.278215999999986, "step_dist_m": 43.676193179389834, "step_dist_f": 143.29460163066935, "step_grade": 0.16942868554514864, "step_turn": 0.873833026445709, "coast_speed_mps": 0.0, "coast_speed_mph": 0.0}, "geometry": {"type": "Point", "coordinates": [-122.30286, 37.94291]}}, {"id": "151", "type": "Feature", "properties": {"name": "Out & Back in Alvarado", "step": 151, "lat": 37.94285, "lon": -122.30271, "elevation_m": 123.5, "time": null, "elevation_f": 405.18374, "step_elevation_m": -3.4000000000000057, "step_elevation_f": -11.154855999999995, "step_dist_m": 14.748899669661851, "step_dist_f": 48.38877999221339, "step_grade": -0.230525671484072, "step_turn": 7.567364548615558, "coast_speed_mps": 0.0, "coast_speed_mph": 0.0}, "geometry": {"type": "Point", "coordinates": [-122.30271, 37.94285]}}, {"id": "152", "type": "Feature", "properties": {"name": "Out & Back in Alvarado", "step": 152, "lat": 37.94281, "lon": -122.30263, "elevation_m": 120.9, "time": null, "elevation_f": 396.65355600000004, "step_elevation_m": -2.5999999999999943, "step_elevation_f": -8.530183999999963, "step_dist_m": 8.306450646170136, "step_dist_f": 27.252135537980827, "step_grade": -0.31300974516700214, "step_turn": 5.4806465129927915, "coast_speed_mps": 6.411609282721459, "coast_speed_mph": 14.342361494992511}, "geometry": {"type": "Point", "coordinates": [-122.30263, 37.94281]}}, {"id": "153", "type": "Feature", "properties": {"name": "Out & Back in Alvarado", "step": 153, "lat": 37.94267, "lon": -122.30262, "elevation_m": 113.6, "time": null, "elevation_f": 372.703424, "step_elevation_m": -7.300000000000011, "step_elevation_f": -23.950132000000053, "step_dist_m": 15.591968563752227, "step_dist_f": 51.15475414270085, "step_grade": -0.46818975873071267, "step_turn": 54.40061738232282, "coast_speed_mps": 12.681650714941993, "coast_speed_mph": 28.36804472741137}, "geometry": {"type": "Point", "coordinates": [-122.30262, 37.94267]}}, {"id": "154", "type": "Feature", "properties": {"name": "Out & Back in Alvarado", "step": 154, "lat": 37.94255, "lon": -122.30256, "elevation_m": 108.5, "time": null, "elevation_f": 355.97114, "step_elevation_m": -5.099999999999994, "step_elevation_f": -16.732283999999993, "step_dist_m": 14.343265150052076, "step_dist_f": 47.057958034896856, "step_grade": -0.3555675745129398, "step_turn": 18.295916209346842, "coast_speed_mps": 16.085667381069907, "coast_speed_mph": 35.982613146630925}, "geometry": {"type": "Point", "coordinates": [-122.30256, 37.94255]}}, {"id": "155", "type": "Feature", "properties": {"name": "Out & Back in Alvarado", "step": 155, "lat": 37.9423, "lon": -122.3023, "elevation_m": 105.6, "time": null, "elevation_f": 346.456704, "step_elevation_m": -2.9000000000000057, "step_elevation_f": -9.51443599999999, "step_dist_m": 35.95275299968742, "step_dist_f": 117.95523015149448, "step_grade": -0.08066141694421061, "step_turn": 17.837792966715256, "coast_speed_mps": 15.292058846184291, "coast_speed_mph": 34.207361413261175}, "geometry": {"type": "Point", "coordinates": [-122.3023, 37.9423]}}, {"id": "156", "type": "Feature", "properties": {"name": "Out & Back in Alvarado", "step": 156, "lat": 37.94221, "lon": -122.30222, "elevation_m": 105.3, "time": null, "elevation_f": 345.472452, "step_elevation_m": -0.29999999999999716, "step_elevation_f": -0.9842520000000263, "step_dist_m": 12.221535035432405, "step_dist_f": 40.09690100564805, "step_grade": -0.024546834675860583, "step_turn": 4.327119558462641, "coast_speed_mps": 14.707856347228441, "coast_speed_mph": 32.90053764143796}, "geometry": {"type": "Point", "coordinates": [-122.30222, 37.94221]}}, {"id": "157", "type": "Feature", "properties": {"name": "Out & Back in Alvarado", "step": 157, "lat": 37.94217, "lon": -122.3022, "elevation_m": 105.9, "time": null, "elevation_f": 347.440956, "step_elevation_m": 0.6000000000000085, "step_elevation_f": 1.9685040000000527, "step_dist_m": 4.781092060937067, "step_dist_f": 15.685998077204767, "step_grade": 0.12549434153384864, "step_turn": 13.510573961782598, "coast_speed_mps": 14.209038627617145, "coast_speed_mph": 31.784714181319636}, "geometry": {"type": "Point", "coordinates": [-122.3022, 37.94217]}}, {"id": "158", "type": "Feature", "properties": {"name": "Out & Back in Alvarado", "step": 158, "lat": 37.9421, "lon": -122.30217, "elevation_m": 107.3, "time": null, "elevation_f": 352.034132, "step_elevation_m": 1.3999999999999915, "step_elevation_f": 4.593175999999971, "step_dist_m": 8.216204018585195, "step_dist_f": 26.956050792335052, "step_grade": 0.17039498980711376, "step_turn": 2.845604446280163, "coast_speed_mps": 13.339837656602558, "coast_speed_mph": 29.84036698416818}, "geometry": {"type": "Point", "coordinates": [-122.30217, 37.9421]}}, {"id": "159", "type": "Feature", "properties": {"name": "Out & Back in Alvarado", "step": 159, "lat": 37.94181, "lon": -122.30215, "elevation_m": 112.9, "time": null, "elevation_f": 370.406836, "step_elevation_m": 5.6000000000000085, "step_elevation_f": 18.372704, "step_dist_m": 32.29418797820957, "step_dist_f": 105.95206368642909, "step_grade": 0.1734058154296555, "step_turn": 15.561327784525133, "coast_speed_mps": 6.571860283826752, "coast_speed_mph": 14.700832775202992}, "geometry": {"type": "Point", "coordinates": [-122.30215, 37.94181]}}, {"id": "160", "type": "Feature", "properties": {"name": "Out & Back in Alvarado", "step": 160, "lat": 37.94173, "lon": -122.30213, "elevation_m": 113.1, "time": null, "elevation_f": 371.063004, "step_elevation_m": 0.19999999999998863, "step_elevation_f": 0.6561679999999797, "step_dist_m": 9.066839176954332, "step_dist_f": 29.74684864531885, "step_grade": 0.0220584038270293, "step_turn": 8.040163878897715, "coast_speed_mps": 4.121991121914102, "coast_speed_mph": 9.220631536135688}, "geometry": {"type": "Point", "coordinates": [-122.30213, 37.94173]}}, {"id": "161", "type": "Feature", "properties": {"name": "Out & Back in Alvarado", "step": 161, "lat": 37.94167, "lon": -122.3021, "elevation_m": 113.3, "time": null, "elevation_f": 371.719172, "step_elevation_m": 0.20000000000000284, "step_elevation_f": 0.6561680000000365, "step_dist_m": 7.1716445249313, "step_dist_f": 23.529018223175605, "step_grade": 0.027887606434581158, "step_turn": 10.366901791386908, "coast_speed_mps": 3.3960442271031566, "coast_speed_mph": 7.596734581028885}, "geometry": {"type": "Point", "coordinates": [-122.3021, 37.94167]}}, {"id": "162", "type": "Feature", "properties": {"name": "Out & Back in Alvarado", "step": 162, "lat": 37.94156, "lon": -122.302, "elevation_m": 113.2, "time": null, "elevation_f": 371.391088, "step_elevation_m": -0.09999999999999432, "step_elevation_f": -0.32808399999998983, "step_dist_m": 15.050180690318955, "step_dist_f": 49.37723481602604, "step_grade": -0.006644438499287881, "step_turn": 14.118171758820267, "coast_speed_mps": 3.146305423230788, "coast_speed_mph": 7.0380847871125285}, "geometry": {"type": "Point", "coordinates": [-122.302, 37.94156]}}, {"id": "163", "type": "Feature", "properties": {"name": "Out & Back in Alvarado", "step": 163, "lat": 37.94143, "lon": -122.30178, "elevation_m": 114.2, "time": null, "elevation_f": 374.671928, "step_elevation_m": 1.0, "step_elevation_f": 3.280839999999955, "step_dist_m": 24.107114229213472, "step_dist_f": 79.09158464777273, "step_grade": 0.04148153074199899, "step_turn": 17.518278758672693, "coast_speed_mps": 0.0, "coast_speed_mph": 0.0}, "geometry": {"type": "Point", "coordinates": [-122.30178, 37.94143]}}, {"id": "164", "type": "Feature", "properties": {"name": "Out & Back in Alvarado", "step": 164, "lat": 37.94123, "lon": -122.30143, "elevation_m": 112.9, "time": null, "elevation_f": 370.406836, "step_elevation_m": -1.2999999999999972, "step_elevation_f": -4.2650919999999815, "step_dist_m": 37.902531871263086, "step_dist_f": 124.35214266451479, "step_grade": -0.03429850028002035, "step_turn": 0.917309067322492, "coast_speed_mps": 3.5618421918061993, "coast_speed_mph": 7.967614065421876}, "geometry": {"type": "Point", "coordinates": [-122.30143, 37.94123]}}, {"id": "165", "type": "Feature", "properties": {"name": "Out & Back in Alvarado", "step": 165, "lat": 37.94117, "lon": -122.30129, "elevation_m": 112.9, "time": null, "elevation_f": 370.406836, "step_elevation_m": 0.0, "step_elevation_f": 0.0, "step_dist_m": 13.972715128477583, "step_dist_f": 45.84224270211439, "step_grade": 0.0, "step_turn": 7.405081731542964, "coast_speed_mps": 4.0129561231818105, "coast_speed_mph": 8.976727190367319}, "geometry": {"type": "Point", "coordinates": [-122.30129, 37.94117]}}, {"id": "166", "type": "Feature", "properties": {"name": "Out & Back in Alvarado", "step": 166, "lat": 37.94109, "lon": -122.30106, "elevation_m": 112.5, "time": null, "elevation_f": 369.0945, "step_elevation_m": -0.4000000000000057, "step_elevation_f": -1.3123360000000162, "step_dist_m": 22.043972699279095, "step_dist_f": 72.32274739070283, "step_grade": -0.01814554960019012, "step_turn": 4.721408768826109, "coast_speed_mps": 4.238969628503443, "coast_speed_mph": 9.482305002915709}, "geometry": {"type": "Point", "coordinates": [-122.30106, 37.94109]}}, {"id": "167", "type": "Feature", "properties": {"name": "Out & Back in Alvarado", "step": 167, "lat": 37.94101, "lon": -122.30089, "elevation_m": 110.0, "time": null, "elevation_f": 360.8924, "step_elevation_m": -2.5, "step_elevation_f": -8.202099999999973, "step_dist_m": 17.360165299775826, "step_dist_f": 56.95592472211652, "step_grade": -0.14400784536494493, "step_turn": 7.025205517729262, "coast_speed_mps": 7.878898070988015, "coast_speed_mph": 17.624593036390493}, "geometry": {"type": "Point", "coordinates": [-122.30089, 37.94101]}}, {"id": "168", "type": "Feature", "properties": {"name": "Out & Back in Alvarado", "step": 168, "lat": 37.94093, "lon": -122.30075, "elevation_m": 109.6, "time": null, "elevation_f": 359.580064, "step_elevation_m": -0.4000000000000057, "step_elevation_f": -1.3123360000000162, "step_dist_m": 15.161061450019925, "step_dist_f": 49.74101684768337, "step_grade": -0.026383377002899753, "step_turn": 5.101216182876556, "coast_speed_mps": 6.892812955412192, "coast_speed_mph": 15.418783454304279}, "geometry": {"type": "Point", "coordinates": [-122.30075, 37.94093]}}, {"id": "169", "type": "Feature", "properties": {"name": "Out & Back in Alvarado", "step": 169, "lat": 37.94085, "lon": -122.30066, "elevation_m": 110.5, "time": null, "elevation_f": 362.53282, "step_elevation_m": 0.9000000000000057, "step_elevation_f": 2.952756000000022, "step_dist_m": 11.892082884722116, "step_dist_f": 39.016021211511706, "step_grade": 0.07568060269376739, "step_turn": 12.493762377786481, "coast_speed_mps": 6.1087236879871165, "coast_speed_mph": 13.664825715790778}, "geometry": {"type": "Point", "coordinates": [-122.30066, 37.94085]}}, {"id": "170", "type": "Feature", "properties": {"name": "Out & Back in Alvarado", "step": 170, "lat": 37.94085, "lon": -122.30066, "elevation_m": 110.5, "time": null, "elevation_f": 362.53282, "step_elevation_m": 0.0, "step_elevation_f": 0.0, "step_dist_m": 0.0, "step_dist_f": 0.0, "step_grade": null, "step_turn": null, "coast_speed_mps": 6.1087236879871165, "coast_speed_mph": 13.664825715790778}, "geometry": {"type": "Point", "coordinates": [-122.30066, 37.94085]}}, {"id": "171", "type": "Feature", "properties": {"name": "Out & Back in Alvarado", "step": 171, "lat": 37.94073, "lon": -122.3005, "elevation_m": 110.2, "time": null, "elevation_f": 361.548568, "step_elevation_m": -0.29999999999999716, "step_elevation_f": -0.9842520000000263, "step_dist_m": 19.362693832841924, "step_dist_f": 63.52590043454109, "step_grade": -0.015493711907542217, "step_turn": null, "coast_speed_mps": 5.918461154010805, "coast_speed_mph": 13.239220548520933}, "geometry": {"type": "Point", "coordinates": [-122.3005, 37.94073]}}, {"id": "172", "type": "Feature", "properties": {"name": "Out & Back in Alvarado", "step": 172, "lat": 37.94064, "lon": -122.30035, "elevation_m": 108.7, "time": null, "elevation_f": 356.627308, "step_elevation_m": -1.5, "step_elevation_f": -4.921259999999961, "step_dist_m": 16.528151140169992, "step_dist_f": 54.226219386715314, "step_grade": -0.09075425238303893, "step_turn": 6.297455381100235, "coast_speed_mps": 7.599296959344303, "coast_speed_mph": 16.999143162455923}, "geometry": {"type": "Point", "coordinates": [-122.30035, 37.94064]}}, {"id": "173", "type": "Feature", "properties": {"name": "Out & Back in Alvarado", "step": 173, "lat": 37.94054, "lon": -122.30022, "elevation_m": 109.2, "time": null, "elevation_f": 358.26772800000003, "step_elevation_m": 0.5, "step_elevation_f": 1.640420000000006, "step_dist_m": 15.925054122286207, "step_dist_f": 52.24755456656148, "step_grade": 0.03139706754906901, "step_turn": 7.022157120001111, "coast_speed_mps": 3.6660970659441925, "coast_speed_mph": 8.200825577004716}, "geometry": {"type": "Point", "coordinates": [-122.30022, 37.94054]}}, {"id": "174", "type": "Feature", "properties": {"name": "Out & Back in Alvarado", "step": 174, "lat": 37.94045, "lon": -122.30012, "elevation_m": 112.0, "time": null, "elevation_f": 367.45408, "step_elevation_m": 2.799999999999997, "step_elevation_f": 9.186351999999943, "step_dist_m": 13.306127757952455, "step_dist_f": 43.65527619340073, "step_grade": 0.2104293638941327, "step_turn": 4.486772394950435, "coast_speed_mps": 0.0, "coast_speed_mph": 0.0}, "geometry": {"type": "Point", "coordinates": [-122.30012, 37.94045]}}, {"id": "175", "type": "Feature", "properties": {"name": "Out & Back in Alvarado", "step": 175, "lat": 37.94028, "lon": -122.29998, "elevation_m": 114.5, "time": null, "elevation_f": 375.65618, "step_elevation_m": 2.5, "step_elevation_f": 8.20210000000003, "step_dist_m": 22.540125985174857, "step_dist_f": 73.95054693720108, "step_grade": 0.11091331085036107, "step_turn": 8.224528671599614, "coast_speed_mps": 0.0, "coast_speed_mph": 0.0}, "geometry": {"type": "Point", "coordinates": [-122.29998, 37.94028]}}, {"id": "176", "type": "Feature", "properties": {"name": "Out & Back in Alvarado", "step": 176, "lat": 37.94021, "lon": -122.29993, "elevation_m": 114.5, "time": null, "elevation_f": 375.65618, "step_elevation_m": 0.0, "step_elevation_f": 0.0, "step_dist_m": 8.933688260863322, "step_dist_f": 29.310001793770823, "step_grade": 0.0, "step_turn": 3.609272550795538, "coast_speed_mps": 0.0, "coast_speed_mph": 0.0}, "geometry": {"type": "Point", "coordinates": [-122.29993, 37.94021]}}, {"id": "177", "type": "Feature", "properties": {"name": "Out & Back in Alvarado", "step": 177, "lat": 37.94002, "lon": -122.29988, "elevation_m": 112.7, "time": null, "elevation_f": 369.750668, "step_elevation_m": -1.7999999999999972, "step_elevation_f": -5.905511999999987, "step_dist_m": 21.57724216378178, "step_dist_f": 70.7914791806218, "step_grade": -0.0834212262316528, "step_turn": 17.66882379806981, "coast_speed_mps": 4.98407002264748, "coast_speed_mph": 11.149047115800544}, "geometry": {"type": "Point", "coordinates": [-122.29988, 37.94002]}}, {"id": "178", "type": "Feature", "properties": {"name": "Out & Back in Alvarado", "step": 178, "lat": 37.93994, "lon": -122.29983, "elevation_m": 112.4, "time": null, "elevation_f": 368.766416, "step_elevation_m": -0.29999999999999716, "step_elevation_f": -0.9842520000000263, "step_dist_m": 9.917529540055053, "step_dist_f": 32.53782761619422, "step_grade": -0.0302494687601739, "step_turn": 14.51438302278666, "coast_speed_mps": 5.566380402520272, "coast_speed_mph": 12.451638337777975}, "geometry": {"type": "Point", "coordinates": [-122.29983, 37.93994]}}, {"id": "179", "type": "Feature", "properties": {"name": "Out & Back in Alvarado", "step": 179, "lat": 37.93985, "lon": -122.29976, "elevation_m": 112.4, "time": null, "elevation_f": 368.766416, "step_elevation_m": 0.0, "step_elevation_f": 0.0, "step_dist_m": 11.74025444922973, "step_dist_f": 38.51789640721086, "step_grade": 0.0, "step_turn": 5.285800000507663, "coast_speed_mps": 5.225539978023612, "coast_speed_mph": 11.689200022422169}, "geometry": {"type": "Point", "coordinates": [-122.29976, 37.93985]}}, {"id": "180", "type": "Feature", "properties": {"name": "Out & Back in Alvarado", "step": 180, "lat": 37.93979, "lon": -122.29969, "elevation_m": 112.6, "time": null, "elevation_f": 369.422584, "step_elevation_m": 0.19999999999998863, "step_elevation_f": 0.6561679999999797, "step_dist_m": 9.066104388848325, "step_dist_f": 29.74443792310914, "step_grade": 0.022060191612838332, "step_turn": 11.09223158820572, "coast_speed_mps": 4.734342445524193, "coast_speed_mph": 10.590422435406648}, "geometry": {"type": "Point", "coordinates": [-122.29969, 37.93979]}}, {"id": "181", "type": "Feature", "properties": {"name": "Out & Back in Alvarado", "step": 181, "lat": 37.93957, "lon": -122.29937, "elevation_m": 112.7, "time": null, "elevation_f": 369.750668, "step_elevation_m": 0.10000000000000853, "step_elevation_f": 0.32808400000004667, "step_dist_m": 37.228050843871905, "step_dist_f": 122.1392783306087, "step_grade": 0.002686146540934723, "step_turn": 6.303171423679601, "coast_speed_mps": 2.775291977307246, "coast_speed_mph": 6.208151345085994}, "geometry": {"type": "Point", "coordinates": [-122.29937, 37.93957]}}, {"id": "182", "type": "Feature", "properties": {"name": "Out & Back in Alvarado", "step": 182, "lat": 37.93949, "lon": -122.29927, "elevation_m": 112.8, "time": null, "elevation_f": 370.078752, "step_elevation_m": 0.09999999999999432, "step_elevation_f": 0.32808399999998983, "step_dist_m": 12.49142608129993, "step_dist_f": 40.98237034457206, "step_grade": 0.008005491074369608, "step_turn": 4.3292874636744045, "coast_speed_mps": 1.9741581784934377, "coast_speed_mph": 4.416066075727978}, "geometry": {"type": "Point", "coordinates": [-122.29927, 37.93949]}}, {"id": "183", "type": "Feature", "properties": {"name": "Out & Back in Alvarado", "step": 183, "lat": 37.93939, "lon": -122.29918, "elevation_m": 112.9, "time": null, "elevation_f": 370.406836, "step_elevation_m": 0.10000000000000853, "step_elevation_f": 0.32808399999998983, "step_dist_m": 13.635821040555829, "step_dist_f": 44.73694710269719, "step_grade": 0.007333625140912841, "step_turn": 9.224090656536418, "coast_speed_mps": 0.0, "coast_speed_mph": 0.0}, "geometry": {"type": "Point", "coordinates": [-122.29918, 37.93939]}}, {"id": "184", "type": "Feature", "properties": {"name": "Out & Back in Alvarado", "step": 184, "lat": 37.93931, "lon": -122.29908, "elevation_m": 114.2, "time": null, "elevation_f": 374.671928, "step_elevation_m": 1.2999999999999972, "step_elevation_f": 4.2650919999999815, "step_dist_m": 12.491441161143658, "step_dist_f": 40.98241981912656, "step_grade": 0.10407125833036988, "step_turn": 9.224160821493342, "coast_speed_mps": 0.0, "coast_speed_mph": 0.0}, "geometry": {"type": "Point", "coordinates": [-122.29908, 37.93931]}}, {"id": "185", "type": "Feature", "properties": {"name": "Out & Back in Alvarado", "step": 185, "lat": 37.93919, "lon": -122.29892, "elevation_m": 114.1, "time": null, "elevation_f": 374.343844, "step_elevation_m": -0.10000000000000853, "step_elevation_f": -0.32808399999998983, "step_dist_m": 19.362906885632587, "step_dist_f": 63.52659942665881, "step_grade": -0.005164513809350043, "step_turn": 1.8483299506187905, "coast_speed_mps": 0.0, "coast_speed_mph": 0.0}, "geometry": {"type": "Point", "coordinates": [-122.29892, 37.93919]}}, {"id": "186", "type": "Feature", "properties": {"name": "Out & Back in Alvarado", "step": 186, "lat": 37.93915, "lon": -122.29884, "elevation_m": 114.0, "time": null, "elevation_f": 374.01576, "step_elevation_m": -0.09999999999999432, "step_elevation_f": -0.32808399999998983, "step_dist_m": 8.30674572351425, "step_dist_f": 27.253103639534494, "step_grade": -0.012038408701607436, "step_turn": 11.186539575777601, "coast_speed_mps": 0.0, "coast_speed_mph": 0.0}, "geometry": {"type": "Point", "coordinates": [-122.29884, 37.93915]}}, {"id": "187", "type": "Feature", "properties": {"name": "Out & Back in Alvarado", "step": 187, "lat": 37.93913, "lon": -122.29875, "elevation_m": 114.7, "time": null, "elevation_f": 376.312348, "step_elevation_m": 0.7000000000000028, "step_elevation_f": 2.2965879999999856, "step_dist_m": 8.199922656567814, "step_dist_f": 26.902634248573946, "step_grade": 0.08536665884760883, "step_turn": 16.637766239207735, "coast_speed_mps": 0.0, "coast_speed_mph": 0.0}, "geometry": {"type": "Point", "coordinates": [-122.29875, 37.93913]}}, {"id": "188", "type": "Feature", "properties": {"name": "Out & Back in Alvarado", "step": 188, "lat": 37.93912, "lon": -122.29862, "elevation_m": 116.0, "time": null, "elevation_f": 380.57744, "step_elevation_m": 1.2999999999999972, "step_elevation_f": 4.265092000000038, "step_dist_m": 11.454511962064673, "step_dist_f": 37.58042102562026, "step_grade": 0.11349239533778202, "step_turn": 10.165502481768499, "coast_speed_mps": 0.0, "coast_speed_mph": 0.0}, "geometry": {"type": "Point", "coordinates": [-122.29862, 37.93912]}}, {"id": "189", "type": "Feature", "properties": {"name": "Out & Back in Alvarado", "step": 189, "lat": 37.93912, "lon": -122.29841, "elevation_m": 117.4, "time": null, "elevation_f": 385.170616, "step_elevation_m": 1.4000000000000057, "step_elevation_f": 4.593175999999971, "step_dist_m": 18.416052776019423, "step_dist_f": 60.420122589675564, "step_grade": 0.07602063357588898, "step_turn": 5.57079791096578, "coast_speed_mps": 1.2890355873330261, "coast_speed_mph": 2.883490487054905}, "geometry": {"type": "Point", "coordinates": [-122.29841, 37.93912]}}, {"id": "190", "type": "Feature", "properties": {"name": "Out & Back in Alvarado", "step": 190, "lat": 37.93911, "lon": -122.29833, "elevation_m": 117.1, "time": null, "elevation_f": 384.18636399999997, "step_elevation_m": -0.30000000000001137, "step_elevation_f": -0.9842520000000263, "step_dist_m": 7.103212694152941, "step_dist_f": 23.304504335484737, "step_grade": -0.042234410388268175, "step_turn": 9.006262974323988, "coast_speed_mps": 2.9610842844384804, "coast_speed_mph": 6.62375689969237}, "geometry": {"type": "Point", "coordinates": [-122.29833, 37.93911]}}, {"id": "191", "type": "Feature", "properties": {"name": "Out & Back in Alvarado", "step": 191, "lat": 37.93908, "lon": -122.29827, "elevation_m": 115.6, "time": null, "elevation_f": 379.26510399999995, "step_elevation_m": -1.5, "step_elevation_f": -4.921260000000018, "step_dist_m": 6.230063827473646, "step_dist_f": 20.43984260772864, "step_grade": -0.24076799877799407, "step_turn": 23.367783361936347, "coast_speed_mps": 4.511256310615185, "coast_speed_mph": 10.091392963974544}, "geometry": {"type": "Point", "coordinates": [-122.29827, 37.93908]}}, {"id": "192", "type": "Feature", "properties": {"name": "Out & Back in Alvarado", "step": 192, "lat": 37.93904, "lon": -122.29824, "elevation_m": 113.8, "time": null, "elevation_f": 373.35959199999996, "step_elevation_m": -1.7999999999999972, "step_elevation_f": -5.905511999999987, "step_dist_m": 5.167626051226569, "step_dist_f": 16.954154253906175, "step_grade": -0.3483224177130146, "step_turn": 27.021743297125568, "coast_speed_mps": 6.418115531668407, "coast_speed_mph": 14.35691555938708}, "geometry": {"type": "Point", "coordinates": [-122.29824, 37.93904]}}, {"id": "193", "type": "Feature", "properties": {"name": "Out & Back in Alvarado", "step": 193, "lat": 37.93899, "lon": -122.29824, "elevation_m": 111.5, "time": null, "elevation_f": 365.81365999999997, "step_elevation_m": -2.299999999999997, "step_elevation_f": -7.545931999999993, "step_dist_m": 5.5597463329915, "step_dist_f": 18.240638159131834, "step_grade": -0.41368793866580056, "step_turn": 30.60427492383303, "coast_speed_mps": 8.27822486557136, "coast_speed_mph": 18.51786163558373}, "geometry": {"type": "Point", "coordinates": [-122.29824, 37.93899]}}, {"id": "194", "type": "Feature", "properties": {"name": "Out & Back in Alvarado", "step": 194, "lat": 37.93893, "lon": -122.29827, "elevation_m": 110.5, "time": null, "elevation_f": 362.53282, "step_elevation_m": -1.0, "step_elevation_f": -3.280839999999955, "step_dist_m": 7.171680504850393, "step_dist_f": 23.529136267533364, "step_grade": -0.13943733262011243, "step_turn": 21.520968225905932, "coast_speed_mps": 10.198170833853508, "coast_speed_mph": 22.812658450817594}, "geometry": {"type": "Point", "coordinates": [-122.29827, 37.93893]}}, {"id": "195", "type": "Feature", "properties": {"name": "Out & Back in Alvarado", "step": 195, "lat": 37.93877, "lon": -122.29841, "elevation_m": 110.3, "time": null, "elevation_f": 361.876652, "step_elevation_m": -0.20000000000000284, "step_elevation_f": -0.6561680000000365, "step_dist_m": 21.616226891515744, "step_dist_f": 70.91938183476051, "step_grade": -0.009252308508961006, "step_turn": 13.088009131488434, "coast_speed_mps": 8.873518030046021, "coast_speed_mph": 19.84949451960901}, "geometry": {"type": "Point", "coordinates": [-122.29841, 37.93877]}}, {"id": "196", "type": "Feature", "properties": {"name": "Out & Back in Alvarado", "step": 196, "lat": 37.93871, "lon": -122.29844, "elevation_m": 110.9, "time": null, "elevation_f": 363.84515600000003, "step_elevation_m": 0.6000000000000085, "step_elevation_f": 1.9685040000000527, "step_dist_m": 7.1716833937564655, "step_dist_f": 23.529145745571963, "step_grade": 0.08366236587108089, "step_turn": 13.087950602525268, "coast_speed_mps": 8.236971920485306, "coast_speed_mph": 18.42558142556661}, "geometry": {"type": "Point", "coordinates": [-122.29844, 37.93871]}}, {"id": "197", "type": "Feature", "properties": {"name": "Out & Back in Alvarado", "step": 197, "lat": 37.93862, "lon": -122.29847, "elevation_m": 112.1, "time": null, "elevation_f": 367.78216399999997, "step_elevation_m": 1.1999999999999886, "step_elevation_f": 3.937007999999935, "step_dist_m": 10.34758230436807, "step_dist_f": 33.94876192746294, "step_grade": 0.11596911865039503, "step_turn": 6.7918220732403825, "coast_speed_mps": 6.353954331461945, "coast_speed_mph": 14.213391042103476}, "geometry": {"type": "Point", "coordinates": [-122.29847, 37.93862]}}, {"id": "198", "type": "Feature", "properties": {"name": "Out & Back in Alvarado", "step": 198, "lat": 37.93855, "lon": -122.29847, "elevation_m": 112.9, "time": null, "elevation_f": 370.406836, "step_elevation_m": 0.8000000000000114, "step_elevation_f": 2.6246720000000323, "step_dist_m": 7.783644865480777, "step_dist_f": 25.53689342046395, "step_grade": 0.1027796121002236, "step_turn": 14.729204681628715, "coast_speed_mps": 4.48019236993256, "coast_speed_mph": 10.021904907687354}, "geometry": {"type": "Point", "coordinates": [-122.29847, 37.93855]}}, {"id": "199", "type": "Feature", "properties": {"name": "Out & Back in Alvarado", "step": 199, "lat": 37.93838, "lon": -122.29846, "elevation_m": 113.6, "time": null, "elevation_f": 372.703424, "step_elevation_m": 0.6999999999999886, "step_elevation_f": 2.2965879999999856, "step_dist_m": 18.923468816403002, "step_dist_f": 62.084873431607626, "step_grade": 0.03699110383996952, "step_turn": 2.656189685454251, "coast_speed_mps": 1.4457436952826443, "coast_speed_mph": 3.2340365409865846}, "geometry": {"type": "Point", "coordinates": [-122.29846, 37.93838]}}, {"id": "200", "type": "Feature", "properties": {"name": "Out & Back in Alvarado", "step": 200, "lat": 37.93831, "lon": -122.29843, "elevation_m": 113.8, "time": null, "elevation_f": 373.35959199999996, "step_elevation_m": 0.20000000000000284, "step_elevation_f": 0.6561679999999797, "step_dist_m": 8.216247460709406, "step_dist_f": 26.956193318993847, "step_grade": 0.02434201269574888, "step_turn": 16.019207970163734, "coast_speed_mps": 0.0, "coast_speed_mph": 0.0}, "geometry": {"type": "Point", "coordinates": [-122.29843, 37.93831]}}, {"id": "201", "type": "Feature", "properties": {"name": "Out & Back in Alvarado", "step": 201, "lat": 37.93822, "lon": -122.29839, "elevation_m": 113.8, "time": null, "elevation_f": 373.35959199999996, "step_elevation_m": 0.0, "step_elevation_f": 0.0, "step_dist_m": 10.60452777525936, "step_dist_f": 34.79175890618192, "step_grade": 0.0, "step_turn": 0.641281890105688, "coast_speed_mps": 0.0, "coast_speed_mph": 0.0}, "geometry": {"type": "Point", "coordinates": [-122.29839, 37.93822]}}, {"id": "202", "type": "Feature", "properties": {"name": "Out & Back in Alvarado", "step": 202, "lat": 37.93807, "lon": -122.29825, "elevation_m": 115.4, "time": null, "elevation_f": 378.608936, "step_elevation_m": 1.6000000000000085, "step_elevation_f": 5.249344000000065, "step_dist_m": 20.710740944730414, "step_dist_f": 67.94862732110933, "step_grade": 0.07725459964324011, "step_turn": 17.040022275790704, "coast_speed_mps": 0.0, "coast_speed_mph": 0.0}, "geometry": {"type": "Point", "coordinates": [-122.29825, 37.93807]}}, {"id": "203", "type": "Feature", "properties": {"name": "Out & Back in Alvarado", "step": 203, "lat": 37.93798, "lon": -122.29815, "elevation_m": 116.0, "time": null, "elevation_f": 380.57744, "step_elevation_m": 0.5999999999999943, "step_elevation_f": 1.9685039999999958, "step_dist_m": 13.306321995376994, "step_dist_f": 43.65591345531266, "step_grade": 0.04509134832363533, "step_turn": 4.871637305780894, "coast_speed_mps": 0.0, "coast_speed_mph": 0.0}, "geometry": {"type": "Point", "coordinates": [-122.29815, 37.93798]}}, {"id": "204", "type": "Feature", "properties": {"name": "Out & Back in Alvarado", "step": 204, "lat": 37.93784, "lon": -122.29793, "elevation_m": 116.6, "time": null, "elevation_f": 382.54594399999996, "step_elevation_m": 0.5999999999999943, "step_elevation_f": 1.968503999999939, "step_dist_m": 24.790581087142467, "step_dist_f": 81.33393005394049, "step_grade": 0.024202740463844224, "step_turn": 9.872558158407628, "coast_speed_mps": 0.0, "coast_speed_mph": 0.0}, "geometry": {"type": "Point", "coordinates": [-122.29793, 37.93784]}}, {"id": "205", "type": "Feature", "properties": {"name": "Out & Back in Alvarado", "step": 205, "lat": 37.93762, "lon": -122.29756, "elevation_m": 118.1, "time": null, "elevation_f": 387.467204, "step_elevation_m": 1.5, "step_elevation_f": 4.921260000000018, "step_dist_m": 40.63621296742794, "step_dist_f": 133.32091295205626, "step_grade": 0.03691288854112289, "step_turn": 1.8861501090525508, "coast_speed_mps": 0.0, "coast_speed_mph": 0.0}, "geometry": {"type": "Point", "coordinates": [-122.29756, 37.93762]}}, {"id": "206", "type": "Feature", "properties": {"name": "Out & Back in Alvarado", "step": 206, "lat": 37.93748, "lon": -122.29737, "elevation_m": 118.8, "time": null, "elevation_f": 389.76379199999997, "step_elevation_m": 0.7000000000000028, "step_elevation_f": 2.2965879999999856, "step_dist_m": 22.80305636441845, "step_dist_f": 74.81317944263863, "step_grade": 0.030697639334535544, "step_turn": 6.040754470143327, "coast_speed_mps": 0.0, "coast_speed_mph": 0.0}, "geometry": {"type": "Point", "coordinates": [-122.29737, 37.93748]}}, {"id": "207", "type": "Feature", "properties": {"name": "Out & Back in Alvarado", "step": 207, "lat": 37.93738, "lon": -122.29718, "elevation_m": 117.9, "time": null, "elevation_f": 386.811036, "step_elevation_m": -0.8999999999999915, "step_elevation_f": -2.9527559999999653, "step_dist_m": 20.03204667010516, "step_dist_f": 65.72193999714781, "step_grade": -0.04492801034370128, "step_turn": 9.337182023681294, "coast_speed_mps": 3.809694207500141, "coast_speed_mph": 8.52204323438649}, "geometry": {"type": "Point", "coordinates": [-122.29718, 37.93738]}}, {"id": "208", "type": "Feature", "properties": {"name": "Out & Back in Alvarado", "step": 208, "lat": 37.93728, "lon": -122.29696, "elevation_m": 116.5, "time": null, "elevation_f": 382.21786, "step_elevation_m": -1.4000000000000057, "step_elevation_f": -4.593176000000028, "step_dist_m": 22.26839448272661, "step_dist_f": 73.05903935470877, "step_grade": -0.06286937305183689, "step_turn": 3.7602704153489412, "coast_speed_mps": 6.015775074153026, "coast_speed_mph": 13.456905588209152}, "geometry": {"type": "Point", "coordinates": [-122.29696, 37.93728]}}, {"id": "209", "type": "Feature", "properties": {"name": "Out & Back in Alvarado", "step": 209, "lat": 37.93702, "lon": -122.29661, "elevation_m": 118.4, "time": null, "elevation_f": 388.451456, "step_elevation_m": 1.9000000000000057, "step_elevation_f": 6.233596000000034, "step_dist_m": 42.16591141670521, "step_dist_f": 138.33960881238312, "step_grade": 0.045060095611908615, "step_turn": 13.32968289433478, "coast_speed_mps": 0.0, "coast_speed_mph": 0.0}, "geometry": {"type": "Point", "coordinates": [-122.29661, 37.93702]}}, {"id": "210", "type": "Feature", "properties": {"name": "Out & Back in Alvarado", "step": 210, "lat": 37.9369, "lon": -122.29641, "elevation_m": 119.5, "time": null, "elevation_f": 392.06038, "step_elevation_m": 1.0999999999999943, "step_elevation_f": 3.608924000000002, "step_dist_m": 22.038242318593063, "step_dist_f": 72.30394692853287, "step_grade": 0.04991323645951358, "step_turn": 6.023666408229303, "coast_speed_mps": 0.0, "coast_speed_mph": 0.0}, "geometry": {"type": "Point", "coordinates": [-122.29641, 37.9369]}}, {"id": "211", "type": "Feature", "properties": {"name": "Out & Back in Alvarado", "step": 211, "lat": 37.93687, "lon": -122.29634, "elevation_m": 119.3, "time": null, "elevation_f": 391.404212, "step_elevation_m": -0.20000000000000284, "step_elevation_f": -0.6561680000000365, "step_dist_m": 6.986674232744016, "step_dist_f": 22.922160289755876, "step_grade": -0.028625923198576392, "step_turn": 8.742741394334871, "coast_speed_mps": 0.0, "coast_speed_mph": 0.0}, "geometry": {"type": "Point", "coordinates": [-122.29634, 37.93687]}}, {"id": "212", "type": "Feature", "properties": {"name": "Out & Back in Alvarado", "step": 212, "lat": 37.93686, "lon": -122.29622, "elevation_m": 120.2, "time": null, "elevation_f": 394.356968, "step_elevation_m": 0.9000000000000057, "step_elevation_f": 2.952756000000022, "step_dist_m": 10.582363173948144, "step_dist_f": 34.71904039561603, "step_grade": 0.08504716623368609, "step_turn": 22.488038373771985, "coast_speed_mps": 0.0, "coast_speed_mph": 0.0}, "geometry": {"type": "Point", "coordinates": [-122.29622, 37.93686]}}, {"id": "213", "type": "Feature", "properties": {"name": "Out & Back in Alvarado", "step": 213, "lat": 37.93687, "lon": -122.29585, "elevation_m": 118.0, "time": null, "elevation_f": 387.13912, "step_elevation_m": -2.200000000000003, "step_elevation_f": -7.217848000000004, "step_dist_m": 32.467373325057636, "step_dist_f": 106.5202570997821, "step_grade": -0.06776033213324618, "step_turn": 7.994266518735628, "coast_speed_mps": 8.702323008838006, "coast_speed_mph": 19.466542163649777}, "geometry": {"type": "Point", "coordinates": [-122.29585, 37.93687]}}, {"id": "214", "type": "Feature", "properties": {"name": "Out & Back in Alvarado", "step": 214, "lat": 37.93687, "lon": -122.29569, "elevation_m": 114.3, "time": null, "elevation_f": 375.00001199999997, "step_elevation_m": -3.700000000000003, "step_elevation_f": -12.139108000000022, "step_dist_m": 14.03170784682383, "step_dist_f": 46.03578837217349, "step_grade": -0.26368850038718006, "step_turn": 1.9627259809191742, "coast_speed_mps": 10.045267794341573, "coast_speed_mph": 22.470624092567917}, "geometry": {"type": "Point", "coordinates": [-122.29569, 37.93687]}}, {"id": "215", "type": "Feature", "properties": {"name": "Out & Back in Alvarado", "step": 215, "lat": 37.93683, "lon": -122.29543, "elevation_m": 117.6, "time": null, "elevation_f": 385.826784, "step_elevation_m": 3.299999999999997, "step_elevation_f": 10.826772000000005, "step_dist_m": 23.231287857391425, "step_dist_f": 76.21813845404408, "step_grade": 0.14204980887230695, "step_turn": 11.037805554722524, "coast_speed_mps": 3.981797610588808, "coast_speed_mph": 8.907027582741598}, "geometry": {"type": "Point", "coordinates": [-122.29543, 37.93683]}}, {"id": "216", "type": "Feature", "properties": {"name": "Out & Back in Alvarado", "step": 216, "lat": 37.93674, "lon": -122.29518, "elevation_m": 116.8, "time": null, "elevation_f": 383.202112, "step_elevation_m": -0.7999999999999972, "step_elevation_f": -2.6246719999999755, "step_dist_m": 24.100573536274766, "step_dist_f": 79.0701256807517, "step_grade": -0.033194230784420305, "step_turn": 13.496653627199635, "coast_speed_mps": 5.005221707416459, "coast_speed_mph": 11.196362087098366}, "geometry": {"type": "Point", "coordinates": [-122.29518, 37.93674]}}, {"id": "217", "type": "Feature", "properties": {"name": "Out & Back in Alvarado", "step": 217, "lat": 37.93666, "lon": -122.29496, "elevation_m": 115.2, "time": null, "elevation_f": 377.952768, "step_elevation_m": -1.5999999999999943, "step_elevation_f": -5.249344000000008, "step_dist_m": 21.24561723803757, "step_dist_f": 69.70347085924318, "step_grade": -0.07530965008328391, "step_turn": 0.2182235432274524, "coast_speed_mps": 7.023305839047877, "coast_speed_mph": 15.710687721563774}, "geometry": {"type": "Point", "coordinates": [-122.29496, 37.93666]}}, {"id": "218", "type": "Feature", "properties": {"name": "Out & Back in Alvarado", "step": 218, "lat": 37.93657, "lon": -122.29478, "elevation_m": 115.6, "time": null, "elevation_f": 379.26510399999995, "step_elevation_m": 0.3999999999999915, "step_elevation_f": 1.3123359999999593, "step_dist_m": 18.69064132505721, "step_dist_f": 61.321003684900695, "step_grade": 0.021401084801929187, "step_turn": 7.620437100962874, "coast_speed_mps": 5.656221059462758, "coast_speed_mph": 12.65260616379463}, "geometry": {"type": "Point", "coordinates": [-122.29478, 37.93657]}}, {"id": "219", "type": "Feature", "properties": {"name": "Out & Back in Alvarado", "step": 219, "lat": 37.9363, "lon": -122.29436, "elevation_m": 115.3, "time": null, "elevation_f": 378.280852, "step_elevation_m": -0.29999999999999716, "step_elevation_f": -0.9842519999999695, "step_dist_m": 47.519063991304314, "step_dist_f": 155.90244590523085, "step_grade": -0.006313255666292064, "step_turn": 6.809981827028366, "coast_speed_mps": 2.782205908331992, "coast_speed_mph": 6.22361736831601}, "geometry": {"type": "Point", "coordinates": [-122.29436, 37.9363]}}, {"id": "220", "type": "Feature", "properties": {"name": "Out & Back in Alvarado", "step": 220, "lat": 37.93624, "lon": -122.29421, "elevation_m": 116.0, "time": null, "elevation_f": 380.57744, "step_elevation_m": 0.7000000000000028, "step_elevation_f": 2.2965880000000425, "step_dist_m": 14.749954787513182, "step_dist_f": 48.39224166506475, "step_grade": 0.047457772588740364, "step_turn": 12.290485334173752, "coast_speed_mps": 1.588950177989161, "coast_speed_mph": 3.5543803194102526}, "geometry": {"type": "Point", "coordinates": [-122.29421, 37.93624]}}, {"id": "221", "type": "Feature", "properties": {"name": "Out & Back in Alvarado", "step": 221, "lat": 37.93624, "lon": -122.29421, "elevation_m": 116.0, "time": null, "elevation_f": 380.57744, "step_elevation_m": 0.0, "step_elevation_f": 0.0, "step_dist_m": 0.0, "step_dist_f": 0.0, "step_grade": null, "step_turn": null, "coast_speed_mps": 1.588950177989161, "coast_speed_mph": 3.5543803194102526}, "geometry": {"type": "Point", "coordinates": [-122.29421, 37.93624]}}, {"id": "222", "type": "Feature", "properties": {"name": "Out & Back in Alvarado", "step": 222, "lat": 37.93621, "lon": -122.29414, "elevation_m": 116.1, "time": null, "elevation_f": 380.90552399999996, "step_elevation_m": 0.09999999999999432, "step_elevation_f": 0.328083999999933, "step_dist_m": 6.986722666540703, "step_dist_f": 22.9223191932934, "step_grade": 0.014312862378077868, "step_turn": null, "coast_speed_mps": 0.0, "coast_speed_mph": 0.0}, "geometry": {"type": "Point", "coordinates": [-122.29414, 37.93621]}}, {"id": "223", "type": "Feature", "properties": {"name": "Out & Back in Alvarado", "step": 223, "lat": 37.93616, "lon": -122.29392, "elevation_m": 117.1, "time": null, "elevation_f": 384.18636399999997, "step_elevation_m": 1.0, "step_elevation_f": 3.280840000000012, "step_dist_m": 20.078860835607465, "step_dist_f": 65.8755297838944, "step_grade": 0.04980362223670674, "step_turn": 12.444375677805795, "coast_speed_mps": 0.0, "coast_speed_mph": 0.0}, "geometry": {"type": "Point", "coordinates": [-122.29392, 37.93616]}}, {"id": "224", "type": "Feature", "properties": {"name": "Out & Back in Alvarado", "step": 224, "lat": 37.93615, "lon": -122.29382, "elevation_m": 117.7, "time": null, "elevation_f": 386.154868, "step_elevation_m": 0.6000000000000085, "step_elevation_f": 1.9685040000000527, "step_dist_m": 8.840114523702493, "step_dist_f": 29.003001333944088, "step_grade": 0.06787242386863461, "step_turn": 8.848907829541417, "coast_speed_mps": 0.0, "coast_speed_mph": 0.0}, "geometry": {"type": "Point", "coordinates": [-122.29382, 37.93615]}}, {"id": "225", "type": "Feature", "properties": {"name": "Out & Back in Alvarado", "step": 225, "lat": 37.93613, "lon": -122.29359, "elevation_m": 118.4, "time": null, "elevation_f": 388.451456, "step_elevation_m": 0.7000000000000028, "step_elevation_f": 2.2965879999999856, "step_dist_m": 20.293006304160038, "step_dist_f": 66.57810680294041, "step_grade": 0.03449464261273618, "step_turn": 0.9344538449535094, "coast_speed_mps": 0.0, "coast_speed_mph": 0.0}, "geometry": {"type": "Point", "coordinates": [-122.29359, 37.93613]}}, {"id": "226", "type": "Feature", "properties": {"name": "Out & Back in Alvarado", "step": 226, "lat": 37.93611, "lon": -122.29348, "elevation_m": 117.6, "time": null, "elevation_f": 385.826784, "step_elevation_m": -0.8000000000000114, "step_elevation_f": -2.6246720000000323, "step_dist_m": 9.899917048569002, "step_dist_f": 32.48004384962712, "step_grade": -0.08080875789920366, "step_turn": 6.689987558118048, "coast_speed_mps": 3.11690750440195, "coast_speed_mph": 6.97232351557343}, "geometry": {"type": "Point", "coordinates": [-122.29348, 37.93611]}}, {"id": "227", "type": "Feature", "properties": {"name": "Out & Back in Alvarado", "step": 227, "lat": 37.93608, "lon": -122.29343, "elevation_m": 116.4, "time": null, "elevation_f": 381.88977600000004, "step_elevation_m": -1.1999999999999886, "step_elevation_f": -3.937007999999935, "step_dist_m": 5.5096016488871085, "step_dist_f": 18.07612147373478, "step_grade": -0.21780159010994526, "step_turn": 24.280428220657143, "coast_speed_mps": 4.857946170346386, "coast_speed_mph": 10.866916093294517}, "geometry": {"type": "Point", "coordinates": [-122.29343, 37.93608]}}, {"id": "228", "type": "Feature", "properties": {"name": "Out & Back in Alvarado", "step": 228, "lat": 37.93604, "lon": -122.29339, "elevation_m": 115.3, "time": null, "elevation_f": 378.280852, "step_elevation_m": -1.1000000000000085, "step_elevation_f": -3.6089240000000586, "step_dist_m": 5.66469077055458, "step_dist_f": 18.58494406766629, "step_grade": -0.19418535707507245, "step_turn": 14.475245554789467, "coast_speed_mps": 6.108684501272198, "coast_speed_mph": 13.664738057606012}, "geometry": {"type": "Point", "coordinates": [-122.29339, 37.93604]}}, {"id": "229", "type": "Feature", "properties": {"name": "Out & Back in Alvarado", "step": 229, "lat": 37.93597, "lon": -122.29334, "elevation_m": 114.2, "time": null, "elevation_f": 374.671928, "step_elevation_m": -1.0999999999999943, "step_elevation_f": -3.608924000000002, "step_dist_m": 8.933812414241434, "step_dist_f": 29.310409121139866, "step_grade": -0.1231277252079391, "step_turn": 8.867765219246678, "coast_speed_mps": 7.94871815889666, "coast_speed_mph": 17.78077612494777}, "geometry": {"type": "Point", "coordinates": [-122.29334, 37.93597]}}, {"id": "230", "type": "Feature", "properties": {"name": "Out & Back in Alvarado", "step": 230, "lat": 37.93583, "lon": -122.29327, "elevation_m": 114.1, "time": null, "elevation_f": 374.343844, "step_elevation_m": -0.10000000000000853, "step_elevation_f": -0.32808399999998983, "step_dist_m": 16.73401493568761, "step_dist_f": 54.90162556160134, "step_grade": -0.005975852201897145, "step_turn": 7.873202317582752, "coast_speed_mps": 6.761739845055072, "coast_speed_mph": 15.125581256833984}, "geometry": {"type": "Point", "coordinates": [-122.29327, 37.93583]}}, {"id": "231", "type": "Feature", "properties": {"name": "Out & Back in Alvarado", "step": 231, "lat": 37.93578, "lon": -122.29322, "elevation_m": 114.5, "time": null, "elevation_f": 375.65618, "step_elevation_m": 0.4000000000000057, "step_elevation_f": 1.3123360000000162, "step_dist_m": 7.080872883649748, "step_dist_f": 23.23121099159344, "step_grade": 0.0564902105393863, "step_turn": 16.74106724901054, "coast_speed_mps": 6.261895934130985, "coast_speed_mph": 14.007462272125487}, "geometry": {"type": "Point", "coordinates": [-122.29322, 37.93578]}}, {"id": "232", "type": "Feature", "properties": {"name": "Out & Back in Alvarado", "step": 232, "lat": 37.93574, "lon": -122.29315, "elevation_m": 114.9, "time": null, "elevation_f": 376.968516, "step_elevation_m": 0.4000000000000057, "step_elevation_f": 1.3123360000000162, "step_dist_m": 7.580883106116236, "step_dist_f": 24.87166452987039, "step_grade": 0.05276430125631231, "step_turn": 15.813113980461651, "coast_speed_mps": 5.70899313099709, "coast_speed_mph": 12.770653925816669}, "geometry": {"type": "Point", "coordinates": [-122.29315, 37.93574]}}, {"id": "233", "type": "Feature", "properties": {"name": "Out & Back in Alvarado", "step": 233, "lat": 37.93564, "lon": -122.29285, "elevation_m": 117.0, "time": null, "elevation_f": 383.85828, "step_elevation_m": 2.0999999999999943, "step_elevation_f": 6.889763999999957, "step_dist_m": 28.563133886874542, "step_dist_f": 93.71107218141347, "step_grade": 0.07352134427255531, "step_turn": 13.013460808685124, "coast_speed_mps": 0.0, "coast_speed_mph": 0.0}, "geometry": {"type": "Point", "coordinates": [-122.29285, 37.93564]}}, {"id": "234", "type": "Feature", "properties": {"name": "Out & Back in Alvarado", "step": 234, "lat": 37.93546, "lon": -122.29235, "elevation_m": 114.1, "time": null, "elevation_f": 374.343844, "step_elevation_m": -2.9000000000000057, "step_elevation_f": -9.51443599999999, "step_dist_m": 48.201817305148076, "step_dist_f": 158.142450287422, "step_grade": -0.060163706725851564, "step_turn": 1.623406124256178, "coast_speed_mps": 7.87760442405564, "coast_speed_mph": 17.62169923061836}, "geometry": {"type": "Point", "coordinates": [-122.29235, 37.93546]}}, {"id": "235", "type": "Feature", "properties": {"name": "Out & Back in Alvarado", "step": 235, "lat": 37.93543, "lon": -122.29224, "elevation_m": 112.7, "time": null, "elevation_f": 369.750668, "step_elevation_m": -1.3999999999999915, "step_elevation_f": -4.593175999999971, "step_dist_m": 10.207459166908674, "step_dist_f": 33.48904033316065, "step_grade": -0.1371546020520581, "step_turn": 5.459042339859593, "coast_speed_mps": 8.408103956006398, "coast_speed_mph": 18.808392886556884}, "geometry": {"type": "Point", "coordinates": [-122.29224, 37.93543]}}, {"id": "236", "type": "Feature", "properties": {"name": "Out & Back in Alvarado", "step": 236, "lat": 37.93537, "lon": -122.292, "elevation_m": 110.2, "time": null, "elevation_f": 361.548568, "step_elevation_m": -2.5, "step_elevation_f": -8.20210000000003, "step_dist_m": 22.080061097310487, "step_dist_f": 72.44114765050014, "step_grade": -0.11322432437945193, "step_turn": 1.4876595562631678, "coast_speed_mps": 7.253132838584175, "coast_speed_mph": 16.224796077720487}, "geometry": {"type": "Point", "coordinates": [-122.292, 37.93537]}}, {"id": "237", "type": "Feature", "properties": {"name": "Out & Back in Alvarado", "step": 237, "lat": 37.93531, "lon": -122.29185, "elevation_m": 113.0, "time": null, "elevation_f": 370.73492, "step_elevation_m": 2.799999999999997, "step_elevation_f": 9.186352, "step_dist_m": 14.750103228938277, "step_dist_f": 48.392728677629854, "step_grade": 0.18982917994137613, "step_turn": 9.30500708811411, "coast_speed_mps": 4.443806573406005, "coast_speed_mph": 9.940512198921796}, "geometry": {"type": "Point", "coordinates": [-122.29185, 37.93531]}}, {"id": "238", "type": "Feature", "properties": {"name": "Out & Back in Alvarado", "step": 238, "lat": 37.93525, "lon": -122.29174, "elevation_m": 116.9, "time": null, "elevation_f": 383.530196, "step_elevation_m": 3.9000000000000057, "step_elevation_f": 12.795276000000001, "step_dist_m": 11.729291625172868, "step_dist_f": 38.481929135532155, "step_grade": 0.33250089814716555, "step_turn": 7.7747225206346116, "coast_speed_mps": 0.0, "coast_speed_mph": 0.0}, "geometry": {"type": "Point", "coordinates": [-122.29174, 37.93525]}}, {"id": "239", "type": "Feature", "properties": {"name": "Out & Back in Alvarado", "step": 239, "lat": 37.93496, "lon": -122.29134, "elevation_m": 122.9, "time": null, "elevation_f": 403.215236, "step_elevation_m": 6.0, "step_elevation_f": 19.685040000000015, "step_dist_m": 47.64926935391166, "step_dist_f": 156.32962886708754, "step_grade": 0.12592008400874763, "step_turn": 7.922888767856591, "coast_speed_mps": 0.0, "coast_speed_mph": 0.0}, "geometry": {"type": "Point", "coordinates": [-122.29134, 37.93496]}}, {"id": "240", "type": "Feature", "properties": {"name": "Out & Back in Alvarado", "step": 240, "lat": 37.93479, "lon": -122.2911, "elevation_m": 120.1, "time": null, "elevation_f": 394.028884, "step_elevation_m": -2.8000000000000114, "step_elevation_f": -9.186352, "step_dist_m": 28.290502162902445, "step_dist_f": 92.81661111613685, "step_grade": -0.09897314596527994, "step_turn": 0.6632362760069554, "coast_speed_mps": 7.892551981476977, "coast_speed_mph": 17.655135964291716}, "geometry": {"type": "Point", "coordinates": [-122.2911, 37.93479]}}, {"id": "241", "type": "Feature", "properties": {"name": "Out & Back in Alvarado", "step": 241, "lat": 37.93475, "lon": -122.29102, "elevation_m": 118.5, "time": null, "elevation_f": 388.77954, "step_elevation_m": -1.5999999999999943, "step_elevation_f": -5.249344000000008, "step_dist_m": 8.307100432157704, "step_dist_f": 27.25426738184028, "step_grade": -0.19260631469028802, "step_turn": 9.554198664367505, "coast_speed_mps": 8.832533163937706, "coast_speed_mph": 19.757813985186328}, "geometry": {"type": "Point", "coordinates": [-122.29102, 37.93475]}}, {"id": "242", "type": "Feature", "properties": {"name": "Out & Back in Alvarado", "step": 242, "lat": 37.93471, "lon": -122.2909, "elevation_m": 116.8, "time": null, "elevation_f": 383.202112, "step_elevation_m": -1.7000000000000028, "step_elevation_f": -5.577427999999998, "step_dist_m": 11.42538015842463, "step_dist_f": 37.48484423896586, "step_grade": -0.14879154797720134, "step_turn": 9.462100661452382, "coast_speed_mps": 10.362162864873731, "coast_speed_mph": 23.17949817661444}, "geometry": {"type": "Point", "coordinates": [-122.2909, 37.93471]}}, {"id": "243", "type": "Feature", "properties": {"name": "Out & Back in Alvarado", "step": 243, "lat": 37.93458, "lon": -122.29025, "elevation_m": 118.5, "time": null, "elevation_f": 388.77954, "step_elevation_m": 1.7000000000000028, "step_elevation_f": 5.577427999999998, "step_dist_m": 58.80976369841002, "step_dist_f": 192.94542513229155, "step_grade": 0.02890676467802172, "step_turn": 8.681533982235408, "coast_speed_mps": 4.462205176236863, "coast_speed_mph": 9.981668701317238}, "geometry": {"type": "Point", "coordinates": [-122.29025, 37.93458]}}, {"id": "244", "type": "Feature", "properties": {"name": "Out & Back in Alvarado", "step": 244, "lat": 37.93452, "lon": -122.29005, "elevation_m": 118.5, "time": null, "elevation_f": 388.77954, "step_elevation_m": 0.0, "step_elevation_f": 0.0, "step_dist_m": 18.76618585832987, "step_dist_f": 61.56885321144297, "step_grade": 0.0, "step_turn": 6.596247394592922, "coast_speed_mps": 5.029470783276899, "coast_speed_mph": 11.250605724939366}, "geometry": {"type": "Point", "coordinates": [-122.29005, 37.93452]}}, {"id": "245", "type": "Feature", "properties": {"name": "Out & Back in Alvarado", "step": 245, "lat": 37.93446, "lon": -122.2899, "elevation_m": 117.5, "time": null, "elevation_f": 385.4987, "step_elevation_m": -1.0, "step_elevation_f": -3.280840000000012, "step_dist_m": 14.750238895324243, "step_dist_f": 48.39317377733559, "step_grade": -0.06779551213350146, "step_turn": 6.066943637440545, "coast_speed_mps": 5.381747432829812, "coast_speed_mph": 12.038626147167605}, "geometry": {"type": "Point", "coordinates": [-122.2899, 37.93446]}}, {"id": "246", "type": "Feature", "properties": {"name": "Out & Back in Alvarado", "step": 246, "lat": 37.93421, "lon": -122.28935, "elevation_m": 113.3, "time": null, "elevation_f": 371.719172, "step_elevation_m": -4.200000000000003, "step_elevation_f": -13.77952799999997, "step_dist_m": 55.67268901050522, "step_dist_f": 182.65318501322596, "step_grade": -0.07544094015662652, "step_turn": 3.063135781370761, "coast_speed_mps": 9.548248990593917, "coast_speed_mph": 21.358824692631323}, "geometry": {"type": "Point", "coordinates": [-122.28935, 37.93421]}}, {"id": "247", "type": "Feature", "properties": {"name": "Out & Back in Alvarado", "step": 247, "lat": 37.93408, "lon": -122.28903, "elevation_m": 111.9, "time": null, "elevation_f": 367.12599600000004, "step_elevation_m": -1.3999999999999915, "step_elevation_f": -4.593175999999971, "step_dist_m": 31.56850587135397, "step_dist_f": 103.57121680297296, "step_grade": -0.044347996883513756, "step_turn": 2.703312126802871, "coast_speed_mps": 8.953527931648058, "coast_speed_mph": 20.028471572226305}, "geometry": {"type": "Point", "coordinates": [-122.28903, 37.93408]}}, {"id": "248", "type": "Feature", "properties": {"name": "Out & Back in Alvarado", "step": 248, "lat": 37.93404, "lon": -122.28891, "elevation_m": 112.3, "time": null, "elevation_f": 368.438332, "step_elevation_m": 0.3999999999999915, "step_elevation_f": 1.3123359999999593, "step_dist_m": 11.42546851466169, "step_dist_f": 37.48513412164266, "step_grade": 0.03500950525457166, "step_turn": 4.341667966074681, "coast_speed_mps": 8.57377386767358, "coast_speed_mph": 19.178985924466648}, "geometry": {"type": "Point", "coordinates": [-122.28891, 37.93404]}}, {"id": "249", "type": "Feature", "properties": {"name": "Out & Back in Alvarado", "step": 249, "lat": 37.93403, "lon": -122.28878, "elevation_m": 112.9, "time": null, "elevation_f": 370.406836, "step_elevation_m": 0.6000000000000085, "step_elevation_f": 1.9685039999999958, "step_dist_m": 11.455297726565426, "step_dist_f": 37.58299899322491, "step_grade": 0.05237751251183787, "step_turn": 17.339813091279893, "coast_speed_mps": 7.476908277491402, "coast_speed_mph": 16.725367478282468}, "geometry": {"type": "Point", "coordinates": [-122.28878, 37.93403]}}, {"id": "250", "type": "Feature", "properties": {"name": "Out & Back in Alvarado", "step": 250, "lat": 37.93399, "lon": -122.28858, "elevation_m": 115.1, "time": null, "elevation_f": 377.624684, "step_elevation_m": 2.1999999999999886, "step_elevation_f": 7.217848000000004, "step_dist_m": 18.095458778960868, "step_dist_f": 59.36830498036598, "step_grade": 0.1215774646486373, "step_turn": 8.658486770389231, "coast_speed_mps": 1.6522599636611384, "coast_speed_mph": 3.696000276622084}, "geometry": {"type": "Point", "coordinates": [-122.28858, 37.93399]}}, {"id": "251", "type": "Feature", "properties": {"name": "Out & Back in Alvarado", "step": 251, "lat": 37.93395, "lon": -122.28849, "elevation_m": 116.2, "time": null, "elevation_f": 381.233608, "step_elevation_m": 1.1000000000000085, "step_elevation_f": 3.608924000000002, "step_dist_m": 9.060059011905018, "step_dist_f": 29.72460400861846, "step_grade": 0.12141201272029203, "step_turn": 15.17244277658665, "coast_speed_mps": 0.0, "coast_speed_mph": 0.0}, "geometry": {"type": "Point", "coordinates": [-122.28849, 37.93395]}}, {"id": "252", "type": "Feature", "properties": {"name": "Out & Back in Alvarado", "step": 252, "lat": 37.93382, "lon": -122.28823, "elevation_m": 118.6, "time": null, "elevation_f": 389.107624, "step_elevation_m": 2.3999999999999915, "step_elevation_f": 7.874015999999983, "step_dist_m": 26.998308269982225, "step_dist_f": 88.57712970448848, "step_grade": 0.08889445871941559, "step_turn": 2.9708042001933563, "coast_speed_mps": 0.0, "coast_speed_mph": 0.0}, "geometry": {"type": "Point", "coordinates": [-122.28823, 37.93382]}}, {"id": "253", "type": "Feature", "properties": {"name": "Out & Back in Alvarado", "step": 253, "lat": 37.93367, "lon": -122.2879, "elevation_m": 123.7, "time": null, "elevation_f": 405.839908, "step_elevation_m": 5.1000000000000085, "step_elevation_f": 16.732283999999993, "step_dist_m": 33.40381466534484, "step_dist_f": 109.59257130664996, "step_grade": 0.1526771732837765, "step_turn": 2.4170718866474203, "coast_speed_mps": 0.0, "coast_speed_mph": 0.0}, "geometry": {"type": "Point", "coordinates": [-122.2879, 37.93367]}}, {"id": "254", "type": "Feature", "properties": {"name": "Out & Back in Alvarado", "step": 254, "lat": 37.93359, "lon": -122.28774, "elevation_m": 127.7, "time": null, "elevation_f": 418.963268, "step_elevation_m": 4.0, "step_elevation_f": 13.123360000000048, "step_dist_m": 16.61438466152547, "step_dist_f": 54.509137772919225, "step_grade": 0.24075522997026452, "step_turn": 2.4170127469237173, "coast_speed_mps": 0.0, "coast_speed_mph": 0.0}, "geometry": {"type": "Point", "coordinates": [-122.28774, 37.93359]}}, {"id": "255", "type": "Feature", "properties": {"name": "Out & Back in Alvarado", "step": 255, "lat": 37.93351, "lon": -122.2876, "elevation_m": 130.4, "time": null, "elevation_f": 427.82153600000004, "step_elevation_m": 2.700000000000003, "step_elevation_f": 8.85826800000001, "step_dist_m": 15.16206513766376, "step_dist_f": 49.74430978625277, "step_grade": 0.17807600583992947, "step_turn": 3.5511596226308484, "coast_speed_mps": 0.0, "coast_speed_mph": 0.0}, "geometry": {"type": "Point", "coordinates": [-122.2876, 37.93351]}}, {"id": "256", "type": "Feature", "properties": {"name": "Out & Back in Alvarado", "step": 256, "lat": 37.93345, "lon": -122.28752, "elevation_m": 131.8, "time": null, "elevation_f": 432.414712, "step_elevation_m": 1.4000000000000057, "step_elevation_f": 4.593175999999971, "step_dist_m": 9.681852547352538, "step_dist_f": 31.7646091114561, "step_grade": 0.14460042570910975, "step_turn": 7.635135968415227, "coast_speed_mps": 0.0, "coast_speed_mph": 0.0}, "geometry": {"type": "Point", "coordinates": [-122.28752, 37.93345]}}, {"id": "257", "type": "Feature", "properties": {"name": "Out & Back in Alvarado", "step": 257, "lat": 37.93338, "lon": -122.28744, "elevation_m": 132.9, "time": null, "elevation_f": 436.023636, "step_elevation_m": 1.0999999999999943, "step_elevation_f": 3.608924000000002, "step_dist_m": 10.47912024023116, "step_dist_f": 34.38031684896, "step_grade": 0.10497064398372906, "step_turn": 4.410131117373339, "coast_speed_mps": 0.0, "coast_speed_mph": 0.0}, "geometry": {"type": "Point", "coordinates": [-122.28744, 37.93338]}}, {"id": "258", "type": "Feature", "properties": {"name": "Out & Back in Alvarado", "step": 258, "lat": 37.93314, "lon": -122.28728, "elevation_m": 133.1, "time": null, "elevation_f": 436.679804, "step_elevation_m": 0.19999999999998863, "step_elevation_f": 0.6561679999999797, "step_dist_m": 30.151161163150253, "step_dist_f": 98.92113559050988, "step_grade": 0.006633243705533371, "step_turn": 14.295287054287314, "coast_speed_mps": 0.0, "coast_speed_mph": 0.0}, "geometry": {"type": "Point", "coordinates": [-122.28728, 37.93314]}}, {"id": "259", "type": "Feature", "properties": {"name": "Out & Back in Alvarado", "step": 259, "lat": 37.93303, "lon": -122.28719, "elevation_m": 133.5, "time": null, "elevation_f": 437.99214, "step_elevation_m": 0.4000000000000057, "step_elevation_f": 1.3123360000000162, "step_dist_m": 14.55717837989464, "step_dist_f": 47.75977311589353, "step_grade": 0.02747785247671745, "step_turn": 5.098886909166879, "coast_speed_mps": 0.0, "coast_speed_mph": 0.0}, "geometry": {"type": "Point", "coordinates": [-122.28719, 37.93303]}}, {"id": "260", "type": "Feature", "properties": {"name": "Out & Back in Alvarado", "step": 260, "lat": 37.93303, "lon": -122.28719, "elevation_m": 133.5, "time": null, "elevation_f": 437.99214, "step_elevation_m": 0.0, "step_elevation_f": 0.0, "step_dist_m": 0.0, "step_dist_f": 0.0, "step_grade": null, "step_turn": null, "coast_speed_mps": 0.0, "coast_speed_mph": 0.0}, "geometry": {"type": "Point", "coordinates": [-122.28719, 37.93303]}}, {"id": "261", "type": "Feature", "properties": {"name": "Out & Back in Alvarado", "step": 261, "lat": 37.93295, "lon": -122.28711, "elevation_m": 134.1, "time": null, "elevation_f": 439.960644, "step_elevation_m": 0.5999999999999943, "step_elevation_f": 1.9685039999999958, "step_dist_m": 11.32956300187828, "step_dist_f": 37.170483479082336, "step_grade": 0.052958794606687204, "step_turn": null, "coast_speed_mps": 0.0, "coast_speed_mph": 0.0}, "geometry": {"type": "Point", "coordinates": [-122.28711, 37.93295]}}, {"id": "262", "type": "Feature", "properties": {"name": "Out & Back in Alvarado", "step": 262, "lat": 37.93283, "lon": -122.28697, "elevation_m": 136.1, "time": null, "elevation_f": 446.52232399999997, "step_elevation_m": 2.0, "step_elevation_f": 6.561679999999967, "step_dist_m": 18.132992581839055, "step_dist_f": 59.491447382200846, "step_grade": 0.11029619027159825, "step_turn": 4.355949479586968, "coast_speed_mps": 0.0, "coast_speed_mph": 0.0}, "geometry": {"type": "Point", "coordinates": [-122.28697, 37.93283]}}, {"id": "263", "type": "Feature", "properties": {"name": "Out & Back in Alvarado", "step": 263, "lat": 37.93253, "lon": -122.2865, "elevation_m": 143.5, "time": null, "elevation_f": 470.80054, "step_elevation_m": 7.400000000000006, "step_elevation_f": 24.278216000000043, "step_dist_m": 53.02751135358653, "step_dist_f": 173.97478034930083, "step_grade": 0.1395502034907302, "step_turn": 8.398073577300977, "coast_speed_mps": 0.0, "coast_speed_mph": 0.0}, "geometry": {"type": "Point", "coordinates": [-122.2865, 37.93253]}}, {"id": "264", "type": "Feature", "properties": {"name": "Out & Back in Alvarado", "step": 264, "lat": 37.93242, "lon": -122.28637, "elevation_m": 144.4, "time": null, "elevation_f": 473.75329600000003, "step_elevation_m": 0.9000000000000057, "step_elevation_f": 2.952756000000022, "step_dist_m": 16.72127697458352, "step_dist_f": 54.8598343492926, "step_grade": 0.05382364046525951, "step_turn": 8.029347959870563, "coast_speed_mps": 0.0, "coast_speed_mph": 0.0}, "geometry": {"type": "Point", "coordinates": [-122.28637, 37.93242]}}, {"id": "265", "type": "Feature", "properties": {"name": "Out & Back in Alvarado", "step": 265, "lat": 37.93228, "lon": -122.28627, "elevation_m": 144.2, "time": null, "elevation_f": 473.09712799999994, "step_elevation_m": -0.20000000000001705, "step_elevation_f": -0.6561680000000933, "step_dist_m": 17.86783886635541, "step_dist_f": 58.62152046629348, "step_grade": -0.011193295478873547, "step_turn": 13.592382477402793, "coast_speed_mps": 1.6035590824704764, "coast_speed_mph": 3.587059508031663}, "geometry": {"type": "Point", "coordinates": [-122.28627, 37.93228]}}, {"id": "266", "type": "Feature", "properties": {"name": "Out & Back in Alvarado", "step": 266, "lat": 37.93221, "lon": -122.28624, "elevation_m": 144.0, "time": null, "elevation_f": 472.44096, "step_elevation_m": -0.19999999999998863, "step_elevation_f": -0.6561679999999228, "step_dist_m": 8.216317376037301, "step_dist_f": 26.956422699998217, "step_grade": -0.024341805561611335, "step_turn": 10.7193905247251, "coast_speed_mps": 1.8983355548800607, "coast_speed_mph": 4.246455697208434}, "geometry": {"type": "Point", "coordinates": [-122.28624, 37.93221]}}, {"id": "267", "type": "Feature", "properties": {"name": "Out & Back in Alvarado", "step": 267, "lat": 37.93192, "lon": -122.28619, "elevation_m": 144.2, "time": null, "elevation_f": 473.09712799999994, "step_elevation_m": 0.19999999999998863, "step_elevation_f": 0.6561679999999228, "step_dist_m": 32.54333346662697, "step_dist_f": 106.76947017064842, "step_grade": 0.006145651926072283, "step_turn": 10.93269428649296, "coast_speed_mps": 0.0, "coast_speed_mph": 0.0}, "geometry": {"type": "Point", "coordinates": [-122.28619, 37.93192]}}, {"id": "268", "type": "Feature", "properties": {"name": "Out & Back in Alvarado", "step": 268, "lat": 37.93185, "lon": -122.28617, "elevation_m": 144.6, "time": null, "elevation_f": 474.40946399999996, "step_elevation_m": 0.4000000000000057, "step_elevation_f": 1.3123360000000162, "step_dist_m": 7.978842807941223, "step_dist_f": 26.17730663800588, "step_grade": 0.050132583086095105, "step_turn": 4.955596323525242, "coast_speed_mps": 0.0, "coast_speed_mph": 0.0}, "geometry": {"type": "Point", "coordinates": [-122.28617, 37.93185]}}, {"id": "269", "type": "Feature", "properties": {"name": "Out & Back in Alvarado", "step": 269, "lat": 37.93178, "lon": -122.28613, "elevation_m": 145.2, "time": null, "elevation_f": 476.37796799999995, "step_elevation_m": 0.5999999999999943, "step_elevation_f": 1.9685039999999958, "step_dist_m": 8.53770294107612, "step_dist_f": 28.010837317200178, "step_grade": 0.07027651396879925, "step_turn": 11.561846023607359, "coast_speed_mps": 0.0, "coast_speed_mph": 0.0}, "geometry": {"type": "Point", "coordinates": [-122.28613, 37.93178]}}, {"id": "270", "type": "Feature", "properties": {"name": "Out & Back in Alvarado", "step": 270, "lat": 37.93166, "lon": -122.28601, "elevation_m": 146.8, "time": null, "elevation_f": 481.627312, "step_elevation_m": 1.6000000000000227, "step_elevation_f": 5.249344000000065, "step_dist_m": 16.99445709763849, "step_dist_f": 55.75609462421627, "step_grade": 0.09414834441650713, "step_turn": 14.002843426216543, "coast_speed_mps": 0.0, "coast_speed_mph": 0.0}, "geometry": {"type": "Point", "coordinates": [-122.28601, 37.93166]}}, {"id": "271", "type": "Feature", "properties": {"name": "Out & Back in Alvarado", "step": 271, "lat": 37.93138, "lon": -122.28568, "elevation_m": 149.7, "time": null, "elevation_f": 491.14174799999995, "step_elevation_m": 2.8999999999999773, "step_elevation_f": 9.514435999999932, "step_dist_m": 42.50918211625285, "step_dist_f": 139.465825054287, "step_grade": 0.06822055508076215, "step_turn": 4.646004711197804, "coast_speed_mps": 0.0, "coast_speed_mph": 0.0}, "geometry": {"type": "Point", "coordinates": [-122.28568, 37.93138]}}, {"id": "272", "type": "Feature", "properties": {"name": "Out & Back in Alvarado", "step": 272, "lat": 37.93129, "lon": -122.28558, "elevation_m": 149.9, "time": null, "elevation_f": 491.79791600000004, "step_elevation_m": 0.20000000000001705, "step_elevation_f": 0.6561680000000933, "step_dist_m": 13.306848052428618, "step_dist_f": 43.65763936432991, "step_grade": 0.015029855245361073, "step_turn": 1.6795123836727726, "coast_speed_mps": 0.0, "coast_speed_mph": 0.0}, "geometry": {"type": "Point", "coordinates": [-122.28558, 37.93129]}}, {"id": "273", "type": "Feature", "properties": {"name": "Out & Back in Alvarado", "step": 273, "lat": 37.93107, "lon": -122.28537, "elevation_m": 149.7, "time": null, "elevation_f": 491.14174799999995, "step_elevation_m": -0.20000000000001705, "step_elevation_f": -0.6561680000000933, "step_dist_m": 30.621184874069414, "step_dist_f": 100.4632081822419, "step_grade": -0.006531425900810937, "step_turn": 4.254862975555056, "coast_speed_mps": 0.0, "coast_speed_mph": 0.0}, "geometry": {"type": "Point", "coordinates": [-122.28537, 37.93107]}}, {"id": "274", "type": "Feature", "properties": {"name": "Out & Back in Alvarado", "step": 274, "lat": 37.9308, "lon": -122.28516, "elevation_m": 148.4, "time": null, "elevation_f": 486.876656, "step_elevation_m": -1.299999999999983, "step_elevation_f": -4.265091999999925, "step_dist_m": 35.22193721412402, "step_dist_f": 115.55754048958664, "step_grade": -0.03690881600568756, "step_turn": 5.447962251650438, "coast_speed_mps": 4.469626912268042, "coast_speed_mph": 9.998270651995432}, "geometry": {"type": "Point", "coordinates": [-122.28516, 37.9308]}}, {"id": "275", "type": "Feature", "properties": {"name": "Out & Back in Alvarado", "step": 275, "lat": 37.93064, "lon": -122.28499, "elevation_m": 149.3, "time": null, "elevation_f": 489.82941200000005, "step_elevation_m": 0.9000000000000057, "step_elevation_f": 2.952756000000022, "step_dist_m": 23.21276801781992, "step_dist_f": 76.1573778235843, "step_grade": 0.03877176557785336, "step_turn": 8.4367039155145, "coast_speed_mps": 0.0, "coast_speed_mph": 0.0}, "geometry": {"type": "Point", "coordinates": [-122.28499, 37.93064]}}, {"id": "276", "type": "Feature", "properties": {"name": "Out & Back in Alvarado", "step": 276, "lat": 37.93058, "lon": -122.28491, "elevation_m": 149.5, "time": null, "elevation_f": 490.48557999999997, "step_elevation_m": 0.19999999999998863, "step_elevation_f": 0.6561679999999228, "step_dist_m": 9.682051047012605, "step_dist_f": 31.765260357080834, "step_grade": 0.020656780162473798, "step_turn": 6.477994219542495, "coast_speed_mps": 0.0, "coast_speed_mph": 0.0}, "geometry": {"type": "Point", "coordinates": [-122.28491, 37.93058]}}, {"id": "277", "type": "Feature", "properties": {"name": "Out & Back in Alvarado", "step": 277, "lat": 37.93025, "lon": -122.2844, "elevation_m": 146.7, "time": null, "elevation_f": 481.29922799999997, "step_elevation_m": -2.8000000000000114, "step_elevation_f": -9.186352, "step_dist_m": 57.85538971533226, "step_dist_f": 189.8142767936507, "step_grade": -0.048396528202073165, "step_turn": 4.193562458421525, "coast_speed_mps": 7.003224607348403, "coast_speed_mph": 15.665767285586067}, "geometry": {"type": "Point", "coordinates": [-122.2844, 37.93025]}}, {"id": "278", "type": "Feature", "properties": {"name": "Out & Back in Alvarado", "step": 278, "lat": 37.93021, "lon": -122.28435, "elevation_m": 146.3, "time": null, "elevation_f": 479.986892, "step_elevation_m": -0.39999999999997726, "step_elevation_f": -1.3123359999999593, "step_dist_m": 6.246102535045872, "step_dist_f": 20.492463041079898, "step_grade": -0.06403993494433399, "step_turn": 6.041692229674766, "coast_speed_mps": 7.193370053071745, "coast_speed_mph": 16.09111053389347}, "geometry": {"type": "Point", "coordinates": [-122.28435, 37.93021]}}, {"id": "279", "type": "Feature", "properties": {"name": "Out & Back in Alvarado", "step": 279, "lat": 37.93018, "lon": -122.28432, "elevation_m": 146.0, "time": null, "elevation_f": 479.00264, "step_elevation_m": -0.30000000000001137, "step_elevation_f": -0.9842520000000263, "step_dist_m": 4.248648076172531, "step_dist_f": 13.939134554229886, "step_grade": -0.07061069653720806, "step_turn": 6.329685206393378, "coast_speed_mps": 7.314316685033078, "coast_speed_mph": 16.361660444329523}, "geometry": {"type": "Point", "coordinates": [-122.28432, 37.93018]}}, {"id": "280", "type": "Feature", "properties": {"name": "Out & Back in Alvarado", "step": 280, "lat": 37.9301, "lon": -122.2843, "elevation_m": 145.8, "time": null, "elevation_f": 478.34647200000006, "step_elevation_m": -0.19999999999998863, "step_elevation_f": -0.6561679999999228, "step_dist_m": 9.066892862481378, "step_dist_f": 29.747024778943405, "step_grade": -0.022058273218114734, "step_turn": 27.109923751844576, "coast_speed_mps": 7.537454988282433, "coast_speed_mph": 16.860806613015445}, "geometry": {"type": "Point", "coordinates": [-122.2843, 37.9301]}}, {"id": "281", "type": "Feature", "properties": {"name": "Out & Back in Alvarado", "step": 281, "lat": 37.92996, "lon": -122.28429, "elevation_m": 147.2, "time": null, "elevation_f": 482.939648, "step_elevation_m": 1.3999999999999773, "step_elevation_f": 4.593175999999914, "step_dist_m": 15.591977092686337, "step_dist_f": 51.15478212476904, "step_grade": 0.08978976762713879, "step_turn": 7.930411489238509, "coast_speed_mps": 4.683592210061138, "coast_speed_mph": 10.476897391869034}, "geometry": {"type": "Point", "coordinates": [-122.28429, 37.92996]}}, {"id": "282", "type": "Feature", "properties": {"name": "Out & Back in Alvarado", "step": 282, "lat": 37.92987, "lon": -122.28427, "elevation_m": 148.0, "time": null, "elevation_f": 485.56432, "step_elevation_m": 0.8000000000000114, "step_elevation_f": 2.6246720000000323, "step_dist_m": 10.160112938606824, "step_dist_f": 33.333704933498815, "step_grade": 0.0787392822140921, "step_turn": 6.717210621531876, "coast_speed_mps": 1.3143890081061356, "coast_speed_mph": 2.9402044741099993}, "geometry": {"type": "Point", "coordinates": [-122.28427, 37.92987]}}, {"id": "283", "type": "Feature", "properties": {"name": "Out & Back in Alvarado", "step": 283, "lat": 37.92964, "lon": -122.28415, "elevation_m": 147.7, "time": null, "elevation_f": 484.580068, "step_elevation_m": -0.30000000000001137, "step_elevation_f": -0.9842520000000263, "step_dist_m": 27.655803987937357, "step_dist_f": 90.7342679557844, "step_grade": -0.010847632566779201, "step_turn": 12.426793523633933, "coast_speed_mps": 3.8251549271295575, "coast_speed_mph": 8.556627879226811}, "geometry": {"type": "Point", "coordinates": [-122.28415, 37.92964]}}, {"id": "284", "type": "Feature", "properties": {"name": "Out & Back in Alvarado", "step": 284, "lat": 37.92958, "lon": -122.28413, "elevation_m": 147.2, "time": null, "elevation_f": 482.939648, "step_elevation_m": -0.5, "step_elevation_f": -1.640420000000006, "step_dist_m": 6.898443140636329, "step_dist_f": 22.632688193525293, "step_grade": -0.07248012193572691, "step_turn": 7.6377135003955345, "coast_speed_mps": 4.149453543588586, "coast_speed_mph": 9.282063223847041}, "geometry": {"type": "Point", "coordinates": [-122.28413, 37.92958]}}, {"id": "285", "type": "Feature", "properties": {"name": "Out & Back in Alvarado", "step": 285, "lat": 37.92953, "lon": -122.28413, "elevation_m": 146.7, "time": null, "elevation_f": 481.29922799999997, "step_elevation_m": -0.5, "step_elevation_f": -1.640420000000006, "step_dist_m": 5.559746332284177, "step_dist_f": 18.24063815681122, "step_grade": -0.08993216059096334, "step_turn": 14.730937173530151, "coast_speed_mps": 4.381788286037676, "coast_speed_mph": 9.801781241136522}, "geometry": {"type": "Point", "coordinates": [-122.28413, 37.92953]}}, {"id": "286", "type": "Feature", "properties": {"name": "Out & Back in Alvarado", "step": 286, "lat": 37.92924, "lon": -122.28415, "elevation_m": 143.7, "time": null, "elevation_f": 471.45670799999994, "step_elevation_m": -3.0, "step_elevation_f": -9.842520000000036, "step_dist_m": 32.294204269215754, "step_dist_f": 105.95211713461381, "step_grade": -0.0928959256896672, "step_turn": 3.1137049474610023, "coast_speed_mps": 8.326110598361256, "coast_speed_mph": 18.624978969133068}, "geometry": {"type": "Point", "coordinates": [-122.28415, 37.92924]}}, {"id": "287", "type": "Feature", "properties": {"name": "Out & Back in Alvarado", "step": 287, "lat": 37.92913, "lon": -122.28413, "elevation_m": 142.5, "time": null, "elevation_f": 467.5197, "step_elevation_m": -1.1999999999999886, "step_elevation_f": -3.937007999999935, "step_dist_m": 12.356585405062013, "step_dist_f": 40.539979660343654, "step_grade": -0.09711420757941715, "step_turn": 11.27501804753095, "coast_speed_mps": 9.20438597353616, "coast_speed_mph": 20.589625030279507}, "geometry": {"type": "Point", "coordinates": [-122.28413, 37.92913]}}, {"id": "288", "type": "Feature", "properties": {"name": "Out & Back in Alvarado", "step": 288, "lat": 37.92901, "lon": -122.28407, "elevation_m": 141.0, "time": null, "elevation_f": 462.59844, "step_elevation_m": -1.5, "step_elevation_f": -4.921260000000018, "step_dist_m": 14.343620736601316, "step_dist_f": 47.05912465747106, "step_grade": -0.10457610582050436, "step_turn": 13.362295155284414, "coast_speed_mps": 10.113904606938465, "coast_speed_mph": 22.624160269636842}, "geometry": {"type": "Point", "coordinates": [-122.28407, 37.92901]}}, {"id": "289", "type": "Feature", "properties": {"name": "Out & Back in Alvarado", "step": 289, "lat": 37.92882, "lon": -122.28396, "elevation_m": 138.5, "time": null, "elevation_f": 454.39634, "step_elevation_m": -2.5, "step_elevation_f": -8.202099999999973, "step_dist_m": 23.225686845606614, "step_dist_f": 76.19976243054, "step_grade": -0.10763944320005768, "step_turn": 3.0206437284796266, "coast_speed_mps": 11.437258203806124, "coast_speed_mph": 25.584417957690835}, "geometry": {"type": "Point", "coordinates": [-122.28396, 37.92882]}}, {"id": "290", "type": "Feature", "properties": {"name": "Out & Back in Alvarado", "step": 290, "lat": 37.92864, "lon": -122.28378, "elevation_m": 136.3, "time": null, "elevation_f": 447.17849200000006, "step_elevation_m": -2.1999999999999886, "step_elevation_f": -7.217847999999947, "step_dist_m": 25.49208326875714, "step_dist_f": 83.63544647146917, "step_grade": -0.08630130291062905, "step_turn": 13.721331012322196, "coast_speed_mps": 12.431880977595478, "coast_speed_mph": 27.809325737284055}, "geometry": {"type": "Point", "coordinates": [-122.28378, 37.92864]}}, {"id": "291", "type": "Feature", "properties": {"name": "Out & Back in Alvarado", "step": 291, "lat": 37.92857, "lon": -122.28374, "elevation_m": 135.0, "time": null, "elevation_f": 442.9134, "step_elevation_m": -1.3000000000000114, "step_elevation_f": -4.265092000000038, "step_dist_m": 8.537765882530497, "step_dist_f": 28.011043818041355, "step_grade": -0.15226465774377806, "step_turn": 14.003057772904242, "coast_speed_mps": 12.655374446554493, "coast_speed_mph": 28.30926638903561}, "geometry": {"type": "Point", "coordinates": [-122.28374, 37.92857]}}, {"id": "292", "type": "Feature", "properties": {"name": "Out & Back in Alvarado", "step": 292, "lat": 37.92849, "lon": -122.28372, "elevation_m": 134.3, "time": null, "elevation_f": 440.61681200000004, "step_elevation_m": -0.6999999999999886, "step_elevation_f": -2.2965879999999856, "step_dist_m": 9.066900295169695, "step_dist_f": 29.747049164404544, "step_grade": -0.07720389297463731, "step_turn": 13.10722903975875, "coast_speed_mps": 12.985557065557282, "coast_speed_mph": 29.04786387248852}, "geometry": {"type": "Point", "coordinates": [-122.28372, 37.92849]}}, {"id": "293", "type": "Feature", "properties": {"name": "Out & Back in Alvarado", "step": 293, "lat": 37.92803, "lon": -122.28369, "elevation_m": 136.9, "time": null, "elevation_f": 449.146996, "step_elevation_m": 2.5999999999999943, "step_elevation_f": 8.530183999999963, "step_dist_m": 51.21730032410122, "step_dist_f": 168.03576759532424, "step_grade": 0.05076409696620651, "step_turn": 8.210459560419167, "coast_speed_mps": 7.6824080169938815, "coast_speed_mph": 17.18505730358329}, "geometry": {"type": "Point", "coordinates": [-122.28369, 37.92803]}}, {"id": "294", "type": "Feature", "properties": {"name": "Out & Back in Alvarado", "step": 294, "lat": 37.92791, "lon": -122.28365, "elevation_m": 136.9, "time": null, "elevation_f": 449.146996, "step_elevation_m": 0.0, "step_elevation_f": 0.0, "step_dist_m": 13.796906179681482, "step_dist_f": 45.265441670546195, "step_grade": 0.0, "step_turn": 11.786420995833168, "coast_speed_mps": 6.433532121068916, "coast_speed_mph": 14.391401487716779}, "geometry": {"type": "Point", "coordinates": [-122.28365, 37.92791]}}, {"id": "295", "type": "Feature", "properties": {"name": "Out & Back in Alvarado", "step": 295, "lat": 37.9278, "lon": -122.28359, "elevation_m": 137.1, "time": null, "elevation_f": 449.803164, "step_elevation_m": 0.19999999999998863, "step_elevation_f": 0.6561679999999797, "step_dist_m": 13.315496769071233, "step_dist_f": 43.686014419839665, "step_grade": 0.01502009301406926, "step_turn": 8.54838669356866, "coast_speed_mps": 5.784139284301727, "coast_speed_mph": 12.938751083352095}, "geometry": {"type": "Point", "coordinates": [-122.28359, 37.9278]}}, {"id": "296", "type": "Feature", "properties": {"name": "Out & Back in Alvarado", "step": 296, "lat": 37.92768, "lon": -122.28348, "elevation_m": 138.7, "time": null, "elevation_f": 455.05250799999993, "step_elevation_m": 1.5999999999999943, "step_elevation_f": 5.249343999999951, "step_dist_m": 16.46602381852474, "step_dist_f": 54.0223895847687, "step_grade": 0.09716978534914722, "step_turn": 12.589364394278732, "coast_speed_mps": 0.0, "coast_speed_mph": 0.0}, "geometry": {"type": "Point", "coordinates": [-122.28348, 37.92768]}}, {"id": "297", "type": "Feature", "properties": {"name": "Out & Back in Alvarado", "step": 297, "lat": 37.92748, "lon": -122.28323, "elevation_m": 142.3, "time": null, "elevation_f": 466.863532, "step_elevation_m": 3.6000000000000227, "step_elevation_f": 11.811024000000089, "step_dist_m": 31.231067550563186, "step_dist_f": 102.46413566258973, "step_grade": 0.11526983489026152, "step_turn": 8.726752190041736, "coast_speed_mps": 0.0, "coast_speed_mph": 0.0}, "geometry": {"type": "Point", "coordinates": [-122.28323, 37.92748]}}, {"id": "298", "type": "Feature", "properties": {"name": "Out & Back in Alvarado", "step": 298, "lat": 37.92733, "lon": -122.28301, "elevation_m": 143.1, "time": null, "elevation_f": 469.488204, "step_elevation_m": 0.799999999999983, "step_elevation_f": 2.6246719999999755, "step_dist_m": 25.505603568995493, "step_dist_f": 83.67980441330317, "step_grade": 0.03136565648548147, "step_turn": 4.564672201450605, "coast_speed_mps": 0.0, "coast_speed_mph": 0.0}, "geometry": {"type": "Point", "coordinates": [-122.28301, 37.92733]}}, {"id": "299", "type": "Feature", "properties": {"name": "Out & Back in Alvarado", "step": 299, "lat": 37.92724, "lon": -122.28285, "elevation_m": 143.0, "time": null, "elevation_f": 469.16012, "step_elevation_m": -0.09999999999999432, "step_elevation_f": -0.32808399999998983, "step_dist_m": 17.236330763582036, "step_dist_f": 56.54964342239049, "step_grade": -0.005801698828574372, "step_turn": 5.346331793960417, "coast_speed_mps": 2.1782165627651104, "coast_speed_mph": 4.872531681203266}, "geometry": {"type": "Point", "coordinates": [-122.28285, 37.92724]}}, {"id": "300", "type": "Feature", "properties": {"name": "Out & Back in Alvarado", "step": 300, "lat": 37.92717, "lon": -122.28271, "elevation_m": 142.4, "time": null, "elevation_f": 467.191616, "step_elevation_m": -0.5999999999999943, "step_elevation_f": -1.9685039999999958, "step_dist_m": 14.53849289612074, "step_dist_f": 47.69846903330877, "step_grade": -0.04126975225610149, "step_turn": 3.123468561083655, "coast_speed_mps": 3.9089169315460968, "coast_speed_mph": 8.743998146801388}, "geometry": {"type": "Point", "coordinates": [-122.28271, 37.92717]}}, {"id": "301", "type": "Feature", "properties": {"name": "Out & Back in Alvarado", "step": 301, "lat": 37.92712, "lon": -122.28263, "elevation_m": 141.2, "time": null, "elevation_f": 463.25460799999996, "step_elevation_m": -1.200000000000017, "step_elevation_f": -3.9370080000000485, "step_dist_m": 8.952430402496956, "step_dist_f": 29.371491761728112, "step_grade": -0.13404181278698582, "step_turn": 6.021749357182102, "coast_speed_mps": 5.134323595084595, "coast_speed_mph": 11.48515478499595}, "geometry": {"type": "Point", "coordinates": [-122.28263, 37.92712]}}, {"id": "302", "type": "Feature", "properties": {"name": "Out & Back in Alvarado", "step": 302, "lat": 37.92687, "lon": -122.28234, "elevation_m": 138.9, "time": null, "elevation_f": 455.708676, "step_elevation_m": -2.299999999999983, "step_elevation_f": -7.545931999999937, "step_dist_m": 37.679620840670545, "step_dist_f": 123.62080723890556, "step_grade": -0.06104095393437224, "step_turn": 9.14982825004114, "coast_speed_mps": 7.217819150534058, "coast_speed_mph": 16.145801607314894}, "geometry": {"type": "Point", "coordinates": [-122.28234, 37.92687]}}, {"id": "303", "type": "Feature", "properties": {"name": "Out & Back in Alvarado", "step": 303, "lat": 37.92683, "lon": -122.28229, "elevation_m": 138.9, "time": null, "elevation_f": 455.708676, "step_elevation_m": 0.0, "step_elevation_f": 0.0, "step_dist_m": 6.24624408097565, "step_dist_f": 20.492927430628153, "step_grade": 0.0, "step_turn": 2.137327991741529, "coast_speed_mps": 7.431064141690461, "coast_speed_mph": 16.62281706713147}, "geometry": {"type": "Point", "coordinates": [-122.28229, 37.92683]}}, {"id": "304", "type": "Feature", "properties": {"name": "Out & Back in Alvarado", "step": 304, "lat": 37.92676, "lon": -122.2821, "elevation_m": 139.2, "time": null, "elevation_f": 456.69292799999994, "step_elevation_m": 0.29999999999998295, "step_elevation_f": 0.9842519999999126, "step_dist_m": 18.393076011438747, "step_dist_f": 60.3447395013687, "step_grade": 0.01631048552256357, "step_turn": 20.368340484847124, "coast_speed_mps": 7.200859020034916, "coast_speed_mph": 16.107862875883384}, "geometry": {"type": "Point", "coordinates": [-122.2821, 37.92676]}}, {"id": "305", "type": "Feature", "properties": {"name": "Out & Back in Alvarado", "step": 305, "lat": 37.92671, "lon": -122.28206, "elevation_m": 138.8, "time": null, "elevation_f": 455.38059200000004, "step_elevation_m": -0.39999999999997726, "step_elevation_f": -1.3123359999999025, "step_dist_m": 6.574170994124942, "step_dist_f": 21.568803164364873, "step_grade": -0.06084417341098069, "step_turn": 32.71083365538243, "coast_speed_mps": 7.12781970275597, "coast_speed_mph": 15.944478576315234}, "geometry": {"type": "Point", "coordinates": [-122.28206, 37.92671]}}, {"id": "306", "type": "Feature", "properties": {"name": "Out & Back in Alvarado", "step": 306, "lat": 37.92665, "lon": -122.28203, "elevation_m": 138.3, "time": null, "elevation_f": 453.74017200000003, "step_elevation_m": -0.5, "step_elevation_f": -1.640420000000006, "step_dist_m": 7.171841748010239, "step_dist_f": 23.529665280541913, "step_grade": -0.06971709883848459, "step_turn": 10.729255974258137, "coast_speed_mps": 7.13882416768021, "coast_speed_mph": 15.969094863278906}, "geometry": {"type": "Point", "coordinates": [-122.28203, 37.92665]}}, {"id": "307", "type": "Feature", "properties": {"name": "Out & Back in Alvarado", "step": 307, "lat": 37.92658, "lon": -122.28202, "elevation_m": 137.8, "time": null, "elevation_f": 452.099752, "step_elevation_m": -0.5, "step_elevation_f": -1.640420000000006, "step_dist_m": 7.83290744016647, "step_dist_f": 25.69851604599576, "step_grade": -0.06383325780616829, "step_turn": 15.094948332731065, "coast_speed_mps": 7.559003424397643, "coast_speed_mph": 16.909009091798573}, "geometry": {"type": "Point", "coordinates": [-122.28202, 37.92658]}}, {"id": "308", "type": "Feature", "properties": {"name": "Out & Back in Alvarado", "step": 308, "lat": 37.92618, "lon": -122.28201, "elevation_m": 137.6, "time": null, "elevation_f": 451.443584, "step_elevation_m": -0.20000000000001705, "step_elevation_f": -0.6561680000000365, "step_dist_m": 44.486618103685146, "step_dist_f": 145.95347613929437, "step_grade": -0.004495733965074087, "step_turn": 5.299555263161892, "coast_speed_mps": 5.925302362312676, "coast_speed_mph": 13.254523895652893}, "geometry": {"type": "Point", "coordinates": [-122.28201, 37.92618]}}, {"id": "309", "type": "Feature", "properties": {"name": "Out & Back in Alvarado", "step": 309, "lat": 37.92606, "lon": -122.28201, "elevation_m": 137.6, "time": null, "elevation_f": 451.443584, "step_elevation_m": 0.0, "step_elevation_f": 0.0, "step_dist_m": 13.343391197764953, "step_dist_f": 43.77753157727517, "step_grade": 0.0, "step_turn": 1.1297310971228853, "coast_speed_mps": 5.530892414953136, "coast_speed_mph": 12.372253970457074}, "geometry": {"type": "Point", "coordinates": [-122.28201, 37.92606]}}, {"id": "310", "type": "Feature", "properties": {"name": "Out & Back in Alvarado", "step": 310, "lat": 37.92573, "lon": -122.28199, "elevation_m": 137.2, "time": null, "elevation_f": 450.13124799999997, "step_elevation_m": -0.4000000000000057, "step_elevation_f": -1.3123360000000162, "step_dist_m": 36.73623350238432, "step_dist_f": 120.52570432396259, "step_grade": -0.010888432532802911, "step_turn": 2.7370299489737135, "coast_speed_mps": 5.229770855361345, "coast_speed_mph": 11.698664225486173}, "geometry": {"type": "Point", "coordinates": [-122.28199, 37.92573]}}, {"id": "311", "type": "Feature", "properties": {"name": "Out & Back in Alvarado", "step": 311, "lat": 37.92563, "lon": -122.28197, "elevation_m": 136.9, "time": null, "elevation_f": 449.146996, "step_elevation_m": -0.29999999999998295, "step_elevation_f": -0.9842519999999695, "step_dist_m": 11.25701744100857, "step_dist_f": 36.93247310115856, "step_grade": -0.026650043101745832, "step_turn": 6.2281676639647685, "coast_speed_mps": 5.157472504412916, "coast_speed_mph": 11.536937420393947}, "geometry": {"type": "Point", "coordinates": [-122.28197, 37.92563]}}, {"id": "312", "type": "Feature", "properties": {"name": "Out & Back in Alvarado", "step": 312, "lat": 37.92551, "lon": -122.28192, "elevation_m": 136.7, "time": null, "elevation_f": 448.49082799999996, "step_elevation_m": -0.20000000000001705, "step_elevation_f": -0.6561680000000365, "step_dist_m": 14.0456194099172, "step_dist_f": 46.081429984832745, "step_grade": -0.014239315060666027, "step_turn": 9.229000848376927, "coast_speed_mps": 5.6634722183028545, "coast_speed_mph": 12.668826544163494}, "geometry": {"type": "Point", "coordinates": [-122.28192, 37.92551]}}, {"id": "313", "type": "Feature", "properties": {"name": "Out & Back in Alvarado", "step": 313, "lat": 37.92538, "lon": -122.28189, "elevation_m": 135.7, "time": null, "elevation_f": 445.20998799999995, "step_elevation_m": -1.0, "step_elevation_f": -3.280840000000012, "step_dist_m": 14.692885776464122, "step_dist_f": 48.20500737085455, "step_grade": -0.0680601493276328, "step_turn": 7.877409235021219, "coast_speed_mps": 6.201331888102129, "coast_speed_mph": 13.871984359569888}, "geometry": {"type": "Point", "coordinates": [-122.28189, 37.92538]}}, {"id": "314", "type": "Feature", "properties": {"name": "Out & Back in Alvarado", "step": 314, "lat": 37.92515, "lon": -122.28188, "elevation_m": 132.0, "time": null, "elevation_f": 433.07088, "step_elevation_m": -3.6999999999999886, "step_elevation_f": -12.139107999999965, "step_dist_m": 25.589869662031372, "step_dist_f": 83.95626798197901, "step_grade": -0.1445884660166837, "step_turn": 8.35252720978201, "coast_speed_mps": 9.649261925959548, "coast_speed_mph": 21.58478419371765}, "geometry": {"type": "Point", "coordinates": [-122.28188, 37.92515]}}, {"id": "315", "type": "Feature", "properties": {"name": "Out & Back in Alvarado", "step": 315, "lat": 37.92506, "lon": -122.28185, "elevation_m": 131.0, "time": null, "elevation_f": 429.79004, "step_elevation_m": -1.0, "step_elevation_f": -3.280840000000012, "step_dist_m": 10.34770570613917, "step_dist_f": 33.94916678892963, "step_grade": -0.09663977971529593, "step_turn": 12.767541557629102, "coast_speed_mps": 10.544594564550259, "coast_speed_mph": 23.587586266442035}, "geometry": {"type": "Point", "coordinates": [-122.28185, 37.92506]}}, {"id": "316", "type": "Feature", "properties": {"name": "Out & Back in Alvarado", "step": 316, "lat": 37.92493, "lon": -122.28178, "elevation_m": 131.2, "time": null, "elevation_f": 430.44620799999996, "step_elevation_m": 0.19999999999998863, "step_elevation_f": 0.6561679999999797, "step_dist_m": 15.705247403969395, "step_dist_f": 51.52640389283895, "step_grade": 0.012734597224456329, "step_turn": 8.281435276492516, "coast_speed_mps": 8.84661428582852, "coast_speed_mph": 19.789312557776732}, "geometry": {"type": "Point", "coordinates": [-122.28178, 37.92493]}}, {"id": "317", "type": "Feature", "properties": {"name": "Out & Back in Alvarado", "step": 317, "lat": 37.92482, "lon": -122.28172, "elevation_m": 132.7, "time": null, "elevation_f": 435.367468, "step_elevation_m": 1.5, "step_elevation_f": 4.921260000000018, "step_dist_m": 13.31558106379836, "step_dist_f": 43.686290977352215, "step_grade": 0.11264998446655206, "step_turn": 0.26724847400237195, "coast_speed_mps": 6.999089254142043, "coast_speed_mph": 15.656516763918297}, "geometry": {"type": "Point", "coordinates": [-122.28172, 37.92482]}}, {"id": "318", "type": "Feature", "properties": {"name": "Out & Back in Alvarado", "step": 318, "lat": 37.92473, "lon": -122.28168, "elevation_m": 134.0, "time": null, "elevation_f": 439.63256, "step_elevation_m": 1.3000000000000114, "step_elevation_f": 4.265092000000038, "step_dist_m": 10.604740735002366, "step_dist_f": 34.79245759302516, "step_grade": 0.1225866838695252, "step_turn": 3.960525548498026, "coast_speed_mps": 5.024675016012779, "coast_speed_mph": 11.239877899098008}, "geometry": {"type": "Point", "coordinates": [-122.28168, 37.92473]}}, {"id": "319", "type": "Feature", "properties": {"name": "Out & Back in Alvarado", "step": 319, "lat": 37.9246, "lon": -122.28166, "elevation_m": 134.6, "time": null, "elevation_f": 441.60106399999995, "step_elevation_m": 0.5999999999999943, "step_elevation_f": 1.968503999999939, "step_dist_m": 14.56139682261953, "step_dist_f": 47.77361315152306, "step_grade": 0.04120483819711308, "step_turn": 12.400555973990436, "coast_speed_mps": 2.4822416976069457, "coast_speed_mph": 5.5526165390277}, "geometry": {"type": "Point", "coordinates": [-122.28166, 37.9246]}}, {"id": "320", "type": "Feature", "properties": {"name": "Out & Back in Alvarado", "step": 320, "lat": 37.92452, "lon": -122.28164, "elevation_m": 134.4, "time": null, "elevation_f": 440.944896, "step_elevation_m": -0.19999999999998863, "step_elevation_f": -0.6561679999999228, "step_dist_m": 9.066918619033252, "step_dist_f": 29.747109282069054, "step_grade": -0.02205821055679811, "step_turn": 4.23647758608206, "coast_speed_mps": 0.546207796383811, "coast_speed_mph": 1.2218320427340068}, "geometry": {"type": "Point", "coordinates": [-122.28164, 37.92452]}}, {"id": "321", "type": "Feature", "properties": {"name": "Out & Back in Alvarado", "step": 321, "lat": 37.92446, "lon": -122.28161, "elevation_m": 134.7, "time": null, "elevation_f": 441.92914799999994, "step_elevation_m": 0.29999999999998295, "step_elevation_f": 0.9842519999999126, "step_dist_m": 7.1718705017054125, "step_dist_f": 23.529759616815184, "step_grade": 0.041830091595859875, "step_turn": 10.368933732673213, "coast_speed_mps": 0.0, "coast_speed_mph": 0.0}, "geometry": {"type": "Point", "coordinates": [-122.28161, 37.92446]}}, {"id": "322", "type": "Feature", "properties": {"name": "Out & Back in Alvarado", "step": 322, "lat": 37.92428, "lon": -122.28144, "elevation_m": 135.7, "time": null, "elevation_f": 445.20998799999995, "step_elevation_m": 1.0, "step_elevation_f": 3.280840000000012, "step_dist_m": 24.95893267251228, "step_dist_f": 81.88626466928518, "step_grade": 0.04006581583920525, "step_turn": 15.161318185672258, "coast_speed_mps": 0.0, "coast_speed_mph": 0.0}, "geometry": {"type": "Point", "coordinates": [-122.28144, 37.92428]}}, {"id": "323", "type": "Feature", "properties": {"name": "Out & Back in Alvarado", "step": 323, "lat": 37.92421, "lon": -122.28135, "elevation_m": 136.2, "time": null, "elevation_f": 446.85040799999996, "step_elevation_m": 0.5, "step_elevation_f": 1.640420000000006, "step_dist_m": 11.086179762615725, "step_dist_f": 36.37198201238017, "step_grade": 0.045101199033960794, "step_turn": 8.717885101356728, "coast_speed_mps": 0.0, "coast_speed_mph": 0.0}, "geometry": {"type": "Point", "coordinates": [-122.28135, 37.92421]}}, {"id": "324", "type": "Feature", "properties": {"name": "Out & Back in Alvarado", "step": 324, "lat": 37.92413, "lon": -122.28121, "elevation_m": 136.9, "time": null, "elevation_f": 449.146996, "step_elevation_m": 0.700000000000017, "step_elevation_f": 2.2965880000000425, "step_dist_m": 15.163333763356965, "step_dist_f": 49.74847194417207, "step_grade": 0.04616399077698902, "step_turn": 8.676268191364272, "coast_speed_mps": 0.0, "coast_speed_mph": 0.0}, "geometry": {"type": "Point", "coordinates": [-122.28121, 37.92413]}}, {"id": "325", "type": "Feature", "properties": {"name": "Out & Back in Alvarado", "step": 325, "lat": 37.92406, "lon": -122.28099, "elevation_m": 138.5, "time": null, "elevation_f": 454.39634, "step_elevation_m": 1.5999999999999943, "step_elevation_f": 5.249344000000008, "step_dist_m": 20.807629616087706, "step_dist_f": 68.2665035496452, "step_grade": 0.07689487123333512, "step_turn": 13.95253378366823, "coast_speed_mps": 0.0, "coast_speed_mph": 0.0}, "geometry": {"type": "Point", "coordinates": [-122.28099, 37.92406]}}, {"id": "326", "type": "Feature", "properties": {"name": "Out & Back in Alvarado", "step": 326, "lat": 37.924, "lon": -122.28088, "elevation_m": 139.1, "time": null, "elevation_f": 456.364844, "step_elevation_m": 0.5999999999999943, "step_elevation_f": 1.9685039999999958, "step_dist_m": 11.730505848135532, "step_dist_f": 38.48591280679698, "step_grade": 0.05114868938881774, "step_turn": 12.695718164512414, "coast_speed_mps": 0.0, "coast_speed_mph": 0.0}, "geometry": {"type": "Point", "coordinates": [-122.28088, 37.924]}}, {"id": "327", "type": "Feature", "properties": {"name": "Out & Back in Alvarado", "step": 327, "lat": 37.92377, "lon": -122.28068, "elevation_m": 139.6, "time": null, "elevation_f": 458.00526399999995, "step_elevation_m": 0.5, "step_elevation_f": 1.6404199999999491, "step_dist_m": 31.013216031037143, "step_dist_f": 101.7493996832679, "step_grade": 0.016122159001491953, "step_turn": 20.88936173417028, "coast_speed_mps": 0.0, "coast_speed_mph": 0.0}, "geometry": {"type": "Point", "coordinates": [-122.28068, 37.92377]}}, {"id": "328", "type": "Feature", "properties": {"name": "Out & Back in Alvarado", "step": 328, "lat": 37.92372, "lon": -122.28061, "elevation_m": 140.1, "time": null, "elevation_f": 459.64568399999996, "step_elevation_m": 0.5, "step_elevation_f": 1.640420000000006, "step_dist_m": 8.283114691684561, "step_dist_f": 27.175574005066377, "step_grade": 0.060363766362181506, "step_turn": 13.391412503380707, "coast_speed_mps": 0.0, "coast_speed_mph": 0.0}, "geometry": {"type": "Point", "coordinates": [-122.28061, 37.92372]}}, {"id": "329", "type": "Feature", "properties": {"name": "Out & Back in Alvarado", "step": 329, "lat": 37.9237, "lon": -122.28056, "elevation_m": 140.7, "time": null, "elevation_f": 461.61418799999996, "step_elevation_m": 0.5999999999999943, "step_elevation_f": 1.9685039999999958, "step_dist_m": 4.917319764982274, "step_dist_f": 16.132939377744442, "step_grade": 0.12201769026142582, "step_turn": 15.27219554686701, "coast_speed_mps": 0.0, "coast_speed_mph": 0.0}, "geometry": {"type": "Point", "coordinates": [-122.28056, 37.9237]}}, {"id": "330", "type": "Feature", "properties": {"name": "Out & Back in Alvarado", "step": 330, "lat": 37.92368, "lon": -122.2805, "elevation_m": 141.2, "time": null, "elevation_f": 463.25460799999996, "step_elevation_m": 0.5, "step_elevation_f": 1.640420000000006, "step_dist_m": 5.713417952226176, "step_dist_f": 18.744810154381728, "step_grade": 0.08751328962467729, "step_turn": 3.9813655149224587, "coast_speed_mps": 0.0, "coast_speed_mph": 0.0}, "geometry": {"type": "Point", "coordinates": [-122.2805, 37.92368]}}, {"id": "331", "type": "Feature", "properties": {"name": "Out & Back in Alvarado", "step": 331, "lat": 37.92367, "lon": -122.28039, "elevation_m": 142.3, "time": null, "elevation_f": 466.863532, "step_elevation_m": 1.1000000000000227, "step_elevation_f": 3.6089240000000586, "step_dist_m": 9.712392871228893, "step_dist_f": 31.864807027642602, "step_grade": 0.1132573624836123, "step_turn": 16.333242010581102, "coast_speed_mps": 0.0, "coast_speed_mph": 0.0}, "geometry": {"type": "Point", "coordinates": [-122.28039, 37.92367]}}, {"id": "332", "type": "Feature", "properties": {"name": "Out & Back in Alvarado", "step": 332, "lat": 37.92368, "lon": -122.28028, "elevation_m": 143.1, "time": null, "elevation_f": 469.488204, "step_elevation_m": 0.799999999999983, "step_elevation_f": 2.6246719999999755, "step_dist_m": 9.712392869011737, "step_dist_f": 31.864807020368467, "step_grade": 0.08236899091597241, "step_turn": 13.148151489302165, "coast_speed_mps": 0.0, "coast_speed_mph": 0.0}, "geometry": {"type": "Point", "coordinates": [-122.28028, 37.92368]}}, {"id": "333", "type": "Feature", "properties": {"name": "Out & Back in Alvarado", "step": 333, "lat": 37.92375, "lon": -122.27995, "elevation_m": 145.2, "time": null, "elevation_f": 476.37796799999995, "step_elevation_m": 2.0999999999999943, "step_elevation_f": 6.889763999999957, "step_dist_m": 29.973847149524794, "step_dist_f": 98.33939668204692, "step_grade": 0.07006107656198172, "step_turn": 8.477138922772497, "coast_speed_mps": 0.0, "coast_speed_mph": 0.0}, "geometry": {"type": "Point", "coordinates": [-122.27995, 37.92375]}}, {"id": "334", "type": "Feature", "properties": {"name": "Out & Back in Alvarado", "step": 334, "lat": 37.92375, "lon": -122.27986, "elevation_m": 145.2, "time": null, "elevation_f": 476.37796799999995, "step_elevation_m": 0.0, "step_elevation_f": 0.0, "step_dist_m": 7.894244315914137, "step_dist_f": 25.89975252142374, "step_grade": 0.0, "step_turn": 15.051220814336034, "coast_speed_mps": 0.0, "coast_speed_mph": 0.0}, "geometry": {"type": "Point", "coordinates": [-122.27986, 37.92375]}}, {"id": "335", "type": "Feature", "properties": {"name": "Out & Back in Alvarado", "step": 335, "lat": 37.92375, "lon": -122.2798, "elevation_m": 145.2, "time": null, "elevation_f": 476.37796799999995, "step_elevation_m": 0.0, "step_elevation_f": 0.0, "step_dist_m": 5.262829544686816, "step_dist_f": 17.266501683390292, "step_grade": 0.0, "step_turn": 9.21882940474461e-06, "coast_speed_mps": 0.0, "coast_speed_mph": 0.0}, "geometry": {"type": "Point", "coordinates": [-122.2798, 37.92375]}}, {"id": "336", "type": "Feature", "properties": {"name": "Out & Back in Alvarado", "step": 336, "lat": 37.92374, "lon": -122.27974, "elevation_m": 145.2, "time": null, "elevation_f": 476.37796799999995, "step_elevation_m": 0.0, "step_elevation_f": 0.0, "step_dist_m": 5.379015684055823, "step_dist_f": 17.64768981687771, "step_grade": 0.0, "step_turn": 11.930195455207581, "coast_speed_mps": 0.0, "coast_speed_mph": 0.0}, "geometry": {"type": "Point", "coordinates": [-122.27974, 37.92374]}}, {"id": "337", "type": "Feature", "properties": {"name": "Out & Back in Alvarado", "step": 337, "lat": 37.9237, "lon": -122.2797, "elevation_m": 145.1, "time": null, "elevation_f": 476.04988399999996, "step_elevation_m": -0.09999999999999432, "step_elevation_f": -0.32808399999998983, "step_dist_m": 5.665055441641588, "step_dist_f": 18.586140495155387, "step_grade": -0.0176520779064109, "step_turn": 39.80238476533731, "coast_speed_mps": 0.5583479050942037, "coast_speed_mph": 1.24898869249777}, "geometry": {"type": "Point", "coordinates": [-122.2797, 37.9237]}}, {"id": "338", "type": "Feature", "properties": {"name": "Out & Back in Alvarado", "step": 338, "lat": 37.92365, "lon": -122.27968, "elevation_m": 145.2, "time": null, "elevation_f": 476.37796799999995, "step_elevation_m": 0.09999999999999432, "step_elevation_f": 0.32808399999998983, "step_dist_m": 5.829946109496897, "step_dist_f": 19.1271203938818, "step_grade": 0.017152817216799957, "step_turn": 20.75527514049213, "coast_speed_mps": 1.605405307781378, "coast_speed_mph": 3.591189396432928}, "geometry": {"type": "Point", "coordinates": [-122.27968, 37.92365]}}, {"id": "339", "type": "Feature", "properties": {"name": "Out & Back in Alvarado", "step": 339, "lat": 37.9236, "lon": -122.27969, "elevation_m": 144.9, "time": null, "elevation_f": 475.39371600000004, "step_elevation_m": -0.29999999999998295, "step_elevation_f": -0.9842519999999126, "step_dist_m": 5.628512540242617, "step_dist_f": 18.466249082529586, "step_grade": -0.05330005003187778, "step_turn": 26.477604083226197, "coast_speed_mps": 2.320896545296046, "coast_speed_mph": 5.191697712276404}, "geometry": {"type": "Point", "coordinates": [-122.27969, 37.9236]}}, {"id": "340", "type": "Feature", "properties": {"name": "Out & Back in Alvarado", "step": 340, "lat": 37.92355, "lon": -122.27972, "elevation_m": 144.4, "time": null, "elevation_f": 473.75329600000003, "step_elevation_m": -0.5, "step_elevation_f": -1.640420000000006, "step_dist_m": 6.151028851674819, "step_dist_f": 20.18054149772881, "step_grade": -0.08128721422983712, "step_turn": 16.362703876444044, "coast_speed_mps": 2.9971541482472692, "coast_speed_mph": 6.704442887095709}, "geometry": {"type": "Point", "coordinates": [-122.27972, 37.92355]}}, {"id": "341", "type": "Feature", "properties": {"name": "Out & Back in Alvarado", "step": 341, "lat": 37.9234, "lon": -122.27982, "elevation_m": 142.7, "time": null, "elevation_f": 468.175868, "step_elevation_m": -1.700000000000017, "step_elevation_f": -5.5774280000000545, "step_dist_m": 18.845019002111076, "step_dist_f": 61.8274921428861, "step_grade": -0.09020951370808264, "step_turn": 2.4112394138711295, "coast_speed_mps": 5.876016226745418, "coast_speed_mph": 13.144273950307381}, "geometry": {"type": "Point", "coordinates": [-122.27982, 37.9234]}}, {"id": "342", "type": "Feature", "properties": {"name": "Out & Back in Alvarado", "step": 342, "lat": 37.92333, "lon": -122.27986, "elevation_m": 142.2, "time": null, "elevation_f": 466.535448, "step_elevation_m": -0.5, "step_elevation_f": -1.640420000000006, "step_dist_m": 8.53786862462814, "step_dist_f": 28.01138089842499, "step_grade": -0.0585626251682664, "step_turn": 3.475329422663293, "coast_speed_mps": 6.4091052285989, "coast_speed_mph": 14.336760085448491}, "geometry": {"type": "Point", "coordinates": [-122.27986, 37.92333]}}, {"id": "343", "type": "Feature", "properties": {"name": "Out & Back in Alvarado", "step": 343, "lat": 37.9232, "lon": -122.27988, "elevation_m": 141.9, "time": null, "elevation_f": 465.551196, "step_elevation_m": -0.29999999999998295, "step_elevation_f": -0.9842519999999695, "step_dist_m": 14.561400846243133, "step_dist_f": 47.77362635238832, "step_grade": -0.020602413405670615, "step_turn": 17.34451861370428, "coast_speed_mps": 6.524244510209206, "coast_speed_mph": 14.594319323123655}, "geometry": {"type": "Point", "coordinates": [-122.27988, 37.9232]}}, {"id": "344", "type": "Feature", "properties": {"name": "Out & Back in Alvarado", "step": 344, "lat": 37.92312, "lon": -122.27987, "elevation_m": 141.8, "time": null, "elevation_f": 465.223112, "step_elevation_m": -0.09999999999999432, "step_elevation_f": -0.32808399999998983, "step_dist_m": 8.93873474452192, "step_dist_f": 29.326558499217295, "step_grade": -0.011187265631892596, "step_turn": 12.550954953114825, "coast_speed_mps": 6.43768430821172, "coast_speed_mph": 14.400689665827919}, "geometry": {"type": "Point", "coordinates": [-122.27987, 37.92312]}}, {"id": "345", "type": "Feature", "properties": {"name": "Out & Back in Alvarado", "step": 345, "lat": 37.92294, "lon": -122.27981, "elevation_m": 140.9, "time": null, "elevation_f": 462.270356, "step_elevation_m": -0.9000000000000057, "step_elevation_f": -2.952756000000022, "step_dist_m": 20.695449176928282, "step_dist_f": 67.89845747763339, "step_grade": -0.04348782151601447, "step_turn": 9.10079172356052, "coast_speed_mps": 7.053917946223639, "coast_speed_mph": 15.779165055081494}, "geometry": {"type": "Point", "coordinates": [-122.27981, 37.92294]}}, {"id": "346", "type": "Feature", "properties": {"name": "Out & Back in Alvarado", "step": 346, "lat": 37.92281, "lon": -122.27975, "elevation_m": 139.3, "time": null, "elevation_f": 457.02101200000004, "step_elevation_m": -1.5999999999999943, "step_elevation_f": -5.249343999999951, "step_dist_m": 15.383591968139013, "step_dist_f": 50.471103872749204, "step_grade": -0.10400691875562985, "step_turn": 5.273332578585041, "coast_speed_mps": 8.561253967218988, "coast_speed_mph": 19.150979704766865}, "geometry": {"type": "Point", "coordinates": [-122.27975, 37.92281]}}, {"id": "347", "type": "Feature", "properties": {"name": "Out & Back in Alvarado", "step": 347, "lat": 37.92253, "lon": -122.27958, "elevation_m": 136.7, "time": null, "elevation_f": 448.49082799999996, "step_elevation_m": -2.6000000000000227, "step_elevation_f": -8.530184000000077, "step_dist_m": 34.52125344160998, "step_dist_f": 113.25870914137168, "step_grade": -0.07531592108605561, "step_turn": 5.586094767017357, "coast_speed_mps": 9.700397309538443, "coast_speed_mph": 21.6991707890534}, "geometry": {"type": "Point", "coordinates": [-122.27958, 37.92253]}}, {"id": "348", "type": "Feature", "properties": {"name": "Out & Back in Alvarado", "step": 348, "lat": 37.92246, "lon": -122.27951, "elevation_m": 136.4, "time": null, "elevation_f": 447.506576, "step_elevation_m": -0.29999999999998295, "step_elevation_f": -0.9842519999999695, "step_dist_m": 9.91391036643676, "step_dist_f": 32.525953686620376, "step_grade": -0.03026051163581464, "step_turn": 12.676273779202518, "coast_speed_mps": 9.930062985259891, "coast_speed_mph": 22.212918274113903}, "geometry": {"type": "Point", "coordinates": [-122.27951, 37.92246]}}, {"id": "349", "type": "Feature", "properties": {"name": "Out & Back in Alvarado", "step": 349, "lat": 37.92229, "lon": -122.2793, "elevation_m": 134.7, "time": null, "elevation_f": 441.92914799999994, "step_elevation_m": -1.700000000000017, "step_elevation_f": -5.5774280000000545, "step_dist_m": 26.39382765087122, "step_dist_f": 86.59392551008433, "step_grade": -0.06440899828880646, "step_turn": 5.990901929980339, "coast_speed_mps": 10.1714344111126, "coast_speed_mph": 22.752850776468748}, "geometry": {"type": "Point", "coordinates": [-122.2793, 37.92229]}}, {"id": "350", "type": "Feature", "properties": {"name": "Out & Back in Alvarado", "step": 350, "lat": 37.92222, "lon": -122.27924, "elevation_m": 134.5, "time": null, "elevation_f": 441.27298, "step_elevation_m": -0.19999999999998863, "step_elevation_f": -0.6561679999999228, "step_dist_m": 9.395936800733237, "step_dist_f": 30.826565293317632, "step_grade": -0.021285796641840025, "step_turn": 10.194076703036899, "coast_speed_mps": 10.240181544653362, "coast_speed_mph": 22.906633734460787}, "geometry": {"type": "Point", "coordinates": [-122.27924, 37.92222]}}, {"id": "351", "type": "Feature", "properties": {"name": "Out & Back in Alvarado", "step": 351, "lat": 37.92201, "lon": -122.27919, "elevation_m": 136.2, "time": null, "elevation_f": 446.85040799999996, "step_elevation_m": 1.6999999999999886, "step_elevation_f": 5.577427999999941, "step_dist_m": 23.75923588447161, "step_dist_f": 77.95025145920984, "step_grade": 0.07155112261464024, "step_turn": 23.427316656939183, "coast_speed_mps": 7.522568861149144, "coast_speed_mph": 16.827507294982855}, "geometry": {"type": "Point", "coordinates": [-122.27919, 37.92201]}}, {"id": "352", "type": "Feature", "properties": {"name": "Out & Back in Alvarado", "step": 352, "lat": 37.92188, "lon": -122.27919, "elevation_m": 136.7, "time": null, "elevation_f": 448.49082799999996, "step_elevation_m": 0.5, "step_elevation_f": 1.640420000000006, "step_dist_m": 14.45534046365593, "step_dist_f": 47.42565920678092, "step_grade": 0.034589292535662904, "step_turn": 10.637420112215977, "coast_speed_mps": 5.616633872408163, "coast_speed_mph": 12.56405214837186}, "geometry": {"type": "Point", "coordinates": [-122.27919, 37.92188]}}, {"id": "353", "type": "Feature", "properties": {"name": "Out & Back in Alvarado", "step": 353, "lat": 37.92178, "lon": -122.27914, "elevation_m": 137.5, "time": null, "elevation_f": 451.1155, "step_elevation_m": 0.8000000000000114, "step_elevation_f": 2.6246720000000323, "step_dist_m": 11.95317571078209, "step_dist_f": 39.216456998962315, "step_grade": 0.06692782063584905, "step_turn": 21.525530645741014, "coast_speed_mps": 3.930115670484155, "coast_speed_mph": 8.791418375277717}, "geometry": {"type": "Point", "coordinates": [-122.27914, 37.92178]}}, {"id": "354", "type": "Feature", "properties": {"name": "Out & Back in Alvarado", "step": 354, "lat": 37.9216, "lon": -122.27903, "elevation_m": 138.9, "time": null, "elevation_f": 455.708676, "step_elevation_m": 1.4000000000000057, "step_elevation_f": 4.593176000000028, "step_dist_m": 22.21942549534147, "step_dist_f": 72.8983799421361, "step_grade": 0.06300792971868377, "step_turn": 4.212098969320891, "coast_speed_mps": 0.0, "coast_speed_mph": 0.0}, "geometry": {"type": "Point", "coordinates": [-122.27903, 37.9216]}}, {"id": "355", "type": "Feature", "properties": {"name": "Out & Back in Alvarado", "step": 355, "lat": 37.92152, "lon": -122.27899, "elevation_m": 139.4, "time": null, "elevation_f": 457.34909600000003, "step_elevation_m": 0.5, "step_elevation_f": 1.640420000000006, "step_dist_m": 9.562545294603154, "step_dist_f": 31.373181104345814, "step_grade": 0.05228733403042667, "step_turn": 4.21203023707892, "coast_speed_mps": 0.0, "coast_speed_mph": 0.0}, "geometry": {"type": "Point", "coordinates": [-122.27899, 37.92152]}}, {"id": "356", "type": "Feature", "properties": {"name": "Out & Back in Alvarado", "step": 356, "lat": 37.92134, "lon": -122.27888, "elevation_m": 141.1, "time": null, "elevation_f": 462.926524, "step_elevation_m": 1.6999999999999886, "step_elevation_f": 5.577427999999941, "step_dist_m": 22.21944030854433, "step_dist_f": 72.89842854188457, "step_grade": 0.07650957793686035, "step_turn": 4.212109472481302, "coast_speed_mps": 0.0, "coast_speed_mph": 0.0}, "geometry": {"type": "Point", "coordinates": [-122.27888, 37.92134]}}, {"id": "357", "type": "Feature", "properties": {"name": "Out & Back in Alvarado", "step": 357, "lat": 37.92117, "lon": -122.27878, "elevation_m": 141.4, "time": null, "elevation_f": 463.910776, "step_elevation_m": 0.30000000000001137, "step_elevation_f": 0.9842520000000263, "step_dist_m": 20.8391694026434, "step_dist_f": 68.36998054296858, "step_grade": 0.01439596723859623, "step_turn": 0.8448208489005538, "coast_speed_mps": 0.0, "coast_speed_mph": 0.0}, "geometry": {"type": "Point", "coordinates": [-122.27878, 37.92117]}}, {"id": "358", "type": "Feature", "properties": {"name": "Out & Back in Alvarado", "step": 358, "lat": 37.92102, "lon": -122.27864, "elevation_m": 142.3, "time": null, "elevation_f": 466.863532, "step_elevation_m": 0.9000000000000057, "step_elevation_f": 2.952756000000022, "step_dist_m": 20.712429134757425, "step_dist_f": 67.95416600247755, "step_grade": 0.04345217039220765, "step_turn": 11.4701575483856, "coast_speed_mps": 0.0, "coast_speed_mph": 0.0}, "geometry": {"type": "Point", "coordinates": [-122.27864, 37.92102]}}, {"id": "359", "type": "Feature", "properties": {"name": "Out & Back in Alvarado", "step": 359, "lat": 37.92093, "lon": -122.27854, "elevation_m": 143.0, "time": null, "elevation_f": 469.16012, "step_elevation_m": 0.6999999999999886, "step_elevation_f": 2.2965879999999856, "step_dist_m": 13.307662591742613, "step_dist_f": 43.66031173749283, "step_grade": 0.0526012735275042, "step_turn": 4.8718797551958914, "coast_speed_mps": 0.0, "coast_speed_mph": 0.0}, "geometry": {"type": "Point", "coordinates": [-122.27854, 37.92093]}}, {"id": "360", "type": "Feature", "properties": {"name": "Out & Back in Alvarado", "step": 360, "lat": 37.9208, "lon": -122.27837, "elevation_m": 143.5, "time": null, "elevation_f": 470.80054, "step_elevation_m": 0.5, "step_elevation_f": 1.640420000000006, "step_dist_m": 20.768309610945845, "step_dist_f": 68.13750090397556, "step_grade": 0.024075141856344302, "step_turn": 4.655875295047281, "coast_speed_mps": 0.0, "coast_speed_mph": 0.0}, "geometry": {"type": "Point", "coordinates": [-122.27837, 37.9208]}}, {"id": "361", "type": "Feature", "properties": {"name": "Out & Back in Alvarado", "step": 361, "lat": 37.92062, "lon": -122.27803, "elevation_m": 143.4, "time": null, "elevation_f": 470.472456, "step_elevation_m": -0.09999999999999432, "step_elevation_f": -0.32808399999998983, "step_dist_m": 35.91755438857606, "step_dist_f": 117.83974914021587, "step_grade": -0.0027841539242382364, "step_turn": 10.243417531463024, "coast_speed_mps": 3.0666577453593282, "coast_speed_mph": 6.859918005904001}, "geometry": {"type": "Point", "coordinates": [-122.27803, 37.92062]}}, {"id": "362", "type": "Feature", "properties": {"name": "Out & Back in Alvarado", "step": 362, "lat": 37.92058, "lon": -122.27798, "elevation_m": 142.6, "time": null, "elevation_f": 467.847784, "step_elevation_m": -0.8000000000000114, "step_elevation_f": -2.6246720000000323, "step_dist_m": 6.246505790808417, "step_dist_f": 20.493786058715887, "step_grade": -0.12807160143470805, "step_turn": 11.535799719015358, "coast_speed_mps": 3.2592071123645576, "coast_speed_mph": 7.290638672970101}, "geometry": {"type": "Point", "coordinates": [-122.27798, 37.92058]}}, {"id": "363", "type": "Feature", "properties": {"name": "Out & Back in Alvarado", "step": 363, "lat": 37.9204, "lon": -122.27789, "elevation_m": 140.3, "time": null, "elevation_f": 460.30185200000005, "step_elevation_m": -2.299999999999983, "step_elevation_f": -7.545931999999937, "step_dist_m": 21.515769057215547, "step_dist_f": 70.58979575367505, "step_grade": -0.10689834018406388, "step_turn": 23.072519142926012, "coast_speed_mps": 5.519672168143948, "coast_speed_mph": 12.347154993163791}, "geometry": {"type": "Point", "coordinates": [-122.27789, 37.9204]}}, {"id": "364", "type": "Feature", "properties": {"name": "Out & Back in Alvarado", "step": 364, "lat": 37.92032, "lon": -122.27787, "elevation_m": 140.8, "time": null, "elevation_f": 461.94227200000006, "step_elevation_m": 0.5, "step_elevation_f": 1.640420000000006, "step_dist_m": 9.06693800517169, "step_dist_f": 29.747172884887483, "step_grade": 0.055145408484629, "step_turn": 10.369394717162663, "coast_speed_mps": 6.127856219837473, "coast_speed_mph": 13.707623970645727}, "geometry": {"type": "Point", "coordinates": [-122.27787, 37.92032]}}, {"id": "365", "type": "Feature", "properties": {"name": "Out & Back in Alvarado", "step": 365, "lat": 37.92018, "lon": -122.27781, "elevation_m": 144.4, "time": null, "elevation_f": 473.75329600000003, "step_elevation_m": 3.5999999999999943, "step_elevation_f": 11.811023999999975, "step_dist_m": 16.432909688363186, "step_dist_f": 53.913747421969475, "step_grade": 0.2190725847260818, "step_turn": 7.52318035166013, "coast_speed_mps": 0.0, "coast_speed_mph": 0.0}, "geometry": {"type": "Point", "coordinates": [-122.27781, 37.92018]}}, {"id": "366", "type": "Feature", "properties": {"name": "Out & Back in Alvarado", "step": 366, "lat": 37.92011, "lon": -122.27774, "elevation_m": 146.9, "time": null, "elevation_f": 481.955396, "step_elevation_m": 2.5, "step_elevation_f": 8.202099999999973, "step_dist_m": 9.914031883317373, "step_dist_f": 32.526352364062966, "step_grade": 0.25216783942432364, "step_turn": 19.58911689937645, "coast_speed_mps": 0.0, "coast_speed_mph": 0.0}, "geometry": {"type": "Point", "coordinates": [-122.27774, 37.92011]}}, {"id": "367", "type": "Feature", "properties": {"name": "Out & Back in Alvarado", "step": 367, "lat": 37.92, "lon": -122.27758, "elevation_m": 148.2, "time": null, "elevation_f": 486.22048799999993, "step_elevation_m": 1.299999999999983, "step_elevation_f": 4.265091999999925, "step_dist_m": 18.616849205378465, "step_dist_f": 61.07890354697388, "step_grade": 0.06982921683785294, "step_turn": 10.659070100819235, "coast_speed_mps": 0.0, "coast_speed_mph": 0.0}, "geometry": {"type": "Point", "coordinates": [-122.27758, 37.92]}}, {"id": "368", "type": "Feature", "properties": {"name": "Out & Back in Alvarado", "step": 368, "lat": 37.9199, "lon": -122.27741, "elevation_m": 148.6, "time": null, "elevation_f": 487.532824, "step_elevation_m": 0.4000000000000057, "step_elevation_f": 1.312336000000073, "step_dist_m": 18.6014640906838, "step_dist_f": 61.028427447279036, "step_grade": 0.02150368369123903, "step_turn": 4.361461441047709, "coast_speed_mps": 0.0, "coast_speed_mph": 0.0}, "geometry": {"type": "Point", "coordinates": [-122.27741, 37.9199]}}, {"id": "369", "type": "Feature", "properties": {"name": "Out & Back in Alvarado", "step": 369, "lat": 37.91976, "lon": -122.2772, "elevation_m": 149.6, "time": null, "elevation_f": 490.81366399999996, "step_elevation_m": 1.0, "step_elevation_f": 3.280839999999955, "step_dist_m": 24.11782584571508, "step_dist_f": 79.12672774765586, "step_grade": 0.0414631072633633, "step_turn": 3.4900576850792504, "coast_speed_mps": 0.0, "coast_speed_mph": 0.0}, "geometry": {"type": "Point", "coordinates": [-122.2772, 37.91976]}}, {"id": "370", "type": "Feature", "properties": {"name": "Out & Back in Alvarado", "step": 370, "lat": 37.91967, "lon": -122.27709, "elevation_m": 149.9, "time": null, "elevation_f": 491.79791600000004, "step_elevation_m": 0.30000000000001137, "step_elevation_f": 0.9842520000000832, "step_dist_m": 13.901622031812034, "step_dist_f": 45.60899762685019, "step_grade": 0.021580215554235387, "step_turn": 5.844075424686366, "coast_speed_mps": 0.0, "coast_speed_mph": 0.0}, "geometry": {"type": "Point", "coordinates": [-122.27709, 37.91967]}}, {"id": "371", "type": "Feature", "properties": {"name": "Out & Back in Alvarado", "step": 371, "lat": 37.91928, "lon": -122.27671, "elevation_m": 147.9, "time": null, "elevation_f": 485.236236, "step_elevation_m": -2.0, "step_elevation_f": -6.561680000000024, "step_dist_m": 54.69655801157856, "step_dist_f": 179.4506553867074, "step_grade": -0.03656537216796395, "step_turn": 6.407486673995322, "coast_speed_mps": 5.536680255758195, "coast_speed_mph": 12.385201001606543}, "geometry": {"type": "Point", "coordinates": [-122.27671, 37.91928]}}, {"id": "372", "type": "Feature", "properties": {"name": "Out & Back in Alvarado", "step": 372, "lat": 37.91916, "lon": -122.27662, "elevation_m": 146.4, "time": null, "elevation_f": 480.314976, "step_elevation_m": -1.5, "step_elevation_f": -4.921260000000018, "step_dist_m": 15.503962711658575, "step_dist_f": 50.86602102291792, "step_grade": -0.09674945869626216, "step_turn": 6.936644818041145, "coast_speed_mps": 7.367059769384902, "coast_speed_mph": 16.479643363871006}, "geometry": {"type": "Point", "coordinates": [-122.27662, 37.91916]}}, {"id": "373", "type": "Feature", "properties": {"name": "Out & Back in Alvarado", "step": 373, "lat": 37.91898, "lon": -122.27651, "elevation_m": 145.0, "time": null, "elevation_f": 475.7218, "step_elevation_m": -1.4000000000000057, "step_elevation_f": -4.593176000000028, "step_dist_m": 22.219574764844527, "step_dist_f": 72.89886967149252, "step_grade": -0.06300750643594964, "step_turn": 4.872640701087221, "coast_speed_mps": 8.347657875235004, "coast_speed_mph": 18.6731788547669}, "geometry": {"type": "Point", "coordinates": [-122.27651, 37.91898]}}, {"id": "374", "type": "Feature", "properties": {"name": "Out & Back in Alvarado", "step": 374, "lat": 37.91881, "lon": -122.27638, "elevation_m": 144.8, "time": null, "elevation_f": 475.06563200000005, "step_elevation_m": -0.19999999999998863, "step_elevation_f": -0.6561679999999228, "step_dist_m": 22.076448175532935, "step_dist_f": 72.42929423221547, "step_grade": -0.009059428328767409, "step_turn": 5.36260869489206, "coast_speed_mps": 7.6947465494902225, "coast_speed_mph": 17.212657814715044}, "geometry": {"type": "Point", "coordinates": [-122.27638, 37.91881]}}, {"id": "375", "type": "Feature", "properties": {"name": "Out & Back in Alvarado", "step": 375, "lat": 37.91823, "lon": -122.27591, "elevation_m": 145.4, "time": null, "elevation_f": 477.034136, "step_elevation_m": 0.5999999999999943, "step_elevation_f": 1.968503999999939, "step_dist_m": 76.5450056720604, "step_dist_f": 251.13191640912262, "step_grade": 0.00783852577620227, "step_turn": 1.4886391350562462, "coast_speed_mps": 1.792346852051957, "coast_speed_mph": 4.009365721304481}, "geometry": {"type": "Point", "coordinates": [-122.27591, 37.91823]}}, {"id": "376", "type": "Feature", "properties": {"name": "Out & Back in Alvarado", "step": 376, "lat": 37.9181, "lon": -122.27581, "elevation_m": 146.6, "time": null, "elevation_f": 480.971144, "step_elevation_m": 1.1999999999999886, "step_elevation_f": 3.9370079999999916, "step_dist_m": 16.908746445839817, "step_dist_f": 55.47489168936911, "step_grade": 0.07096918768305462, "step_turn": 1.3386811217617378, "coast_speed_mps": 0.0, "coast_speed_mph": 0.0}, "geometry": {"type": "Point", "coordinates": [-122.27581, 37.9181]}}, {"id": "377", "type": "Feature", "properties": {"name": "Out & Back in Alvarado", "step": 377, "lat": 37.91776, "lon": -122.27564, "elevation_m": 148.9, "time": null, "elevation_f": 488.51707600000003, "step_elevation_m": 2.3000000000000114, "step_elevation_f": 7.54593200000005, "step_dist_m": 40.641087560509064, "step_dist_f": 133.33690571202055, "step_grade": 0.05659297371350173, "step_turn": 9.724390183063747, "coast_speed_mps": 0.0, "coast_speed_mph": 0.0}, "geometry": {"type": "Point", "coordinates": [-122.27564, 37.91776]}}, {"id": "378", "type": "Feature", "properties": {"name": "Out & Back in Alvarado", "step": 378, "lat": 37.9176, "lon": -122.27553, "elevation_m": 149.4, "time": null, "elevation_f": 490.15749600000004, "step_elevation_m": 0.5, "step_elevation_f": 1.640420000000006, "step_dist_m": 20.23945903962436, "step_dist_f": 66.40242679556118, "step_grade": 0.024704217589072472, "step_turn": 6.94728236626645, "coast_speed_mps": 0.0, "coast_speed_mph": 0.0}, "geometry": {"type": "Point", "coordinates": [-122.27553, 37.9176]}}, {"id": "379", "type": "Feature", "properties": {"name": "Out & Back in Alvarado", "step": 379, "lat": 37.91744, "lon": -122.27537, "elevation_m": 149.5, "time": null, "elevation_f": 490.48557999999997, "step_elevation_m": 0.09999999999999432, "step_elevation_f": 0.328083999999933, "step_dist_m": 22.66095455363215, "step_dist_f": 74.34696613773849, "step_grade": 0.0044128767728350655, "step_turn": 9.795936880414558, "coast_speed_mps": 0.0, "coast_speed_mph": 0.0}, "geometry": {"type": "Point", "coordinates": [-122.27537, 37.91744]}}, {"id": "380", "type": "Feature", "properties": {"name": "Out & Back in Alvarado", "step": 380, "lat": 37.91721, "lon": -122.27499, "elevation_m": 148.3, "time": null, "elevation_f": 486.54857200000004, "step_elevation_m": -1.1999999999999886, "step_elevation_f": -3.937007999999935, "step_dist_m": 42.014743798830246, "step_dist_f": 137.8436520449542, "step_grade": -0.028561402295957793, "step_turn": 14.233940987245148, "coast_speed_mps": 5.469550656230581, "coast_speed_mph": 12.235036364152144}, "geometry": {"type": "Point", "coordinates": [-122.27499, 37.91721]}}, {"id": "381", "type": "Feature", "properties": {"name": "Out & Back in Alvarado", "step": 381, "lat": 37.91714, "lon": -122.27492, "elevation_m": 147.2, "time": null, "elevation_f": 482.939648, "step_elevation_m": -1.1000000000000227, "step_elevation_f": -3.6089240000000586, "step_dist_m": 9.914185456326711, "step_dist_f": 32.52685621253493, "step_grade": -0.11095213064609968, "step_turn": 14.233837950853228, "coast_speed_mps": 5.856456940681269, "coast_speed_mph": 13.100521073463813}, "geometry": {"type": "Point", "coordinates": [-122.27492, 37.91714]}}, {"id": "382", "type": "Feature", "properties": {"name": "Out & Back in Alvarado", "step": 382, "lat": 37.91705, "lon": -122.27487, "elevation_m": 146.9, "time": null, "elevation_f": 481.955396, "step_elevation_m": -0.29999999999998295, "step_elevation_f": -0.9842519999999695, "step_dist_m": 10.926513358946238, "step_dist_f": 35.848142088565176, "step_grade": -0.02745615093714718, "step_turn": 14.603119887764649, "coast_speed_mps": 6.657384922594212, "coast_speed_mph": 14.892145943526764}, "geometry": {"type": "Point", "coordinates": [-122.27487, 37.91705]}}, {"id": "383", "type": "Feature", "properties": {"name": "Out & Back in Alvarado", "step": 383, "lat": 37.91682, "lon": -122.27482, "elevation_m": 148.2, "time": null, "elevation_f": 486.22048799999993, "step_elevation_m": 1.299999999999983, "step_elevation_f": 4.265091999999925, "step_dist_m": 25.948216558209204, "step_dist_f": 85.13194681283508, "step_grade": 0.0500997822753527, "step_turn": 13.935207308920099, "coast_speed_mps": 2.5267816822245606, "coast_speed_mph": 5.652249647066387}, "geometry": {"type": "Point", "coordinates": [-122.27482, 37.91682]}}, {"id": "384", "type": "Feature", "properties": {"name": "Out & Back in Alvarado", "step": 384, "lat": 37.91671, "lon": -122.27475, "elevation_m": 148.9, "time": null, "elevation_f": 488.51707600000003, "step_elevation_m": 0.700000000000017, "step_elevation_f": 2.2965880000000993, "step_dist_m": 13.686290144666538, "step_dist_f": 44.90252815822777, "step_grade": 0.051146073377145426, "step_turn": 16.926446462886133, "coast_speed_mps": 0.0, "coast_speed_mph": 0.0}, "geometry": {"type": "Point", "coordinates": [-122.27475, 37.91671]}}, {"id": "385", "type": "Feature", "properties": {"name": "Out & Back in Alvarado", "step": 385, "lat": 37.91653, "lon": -122.27463, "elevation_m": 149.4, "time": null, "elevation_f": 490.15749600000004, "step_elevation_m": 0.5, "step_elevation_f": 1.640420000000006, "step_dist_m": 22.61447947482739, "step_dist_f": 74.19448884019269, "step_grade": 0.022109728439982868, "step_turn": 1.083544359342568, "coast_speed_mps": 0.0, "coast_speed_mph": 0.0}, "geometry": {"type": "Point", "coordinates": [-122.27463, 37.91653]}}, {"id": "386", "type": "Feature", "properties": {"name": "Out & Back in Alvarado", "step": 386, "lat": 37.9163, "lon": -122.27442, "elevation_m": 149.1, "time": null, "elevation_f": 489.17324399999995, "step_elevation_m": -0.30000000000001137, "step_elevation_f": -0.9842520000000832, "step_dist_m": 31.518766077297023, "step_dist_f": 103.40802849703917, "step_grade": -0.00951813910685106, "step_turn": 8.02395767914146, "coast_speed_mps": 1.169217909960404, "coast_speed_mph": 2.6154659761104213}, "geometry": {"type": "Point", "coordinates": [-122.27442, 37.9163]}}, {"id": "387", "type": "Feature", "properties": {"name": "Out & Back in Alvarado", "step": 387, "lat": 37.91625, "lon": -122.27436, "elevation_m": 149.0, "time": null, "elevation_f": 488.84516, "step_elevation_m": -0.09999999999999432, "step_elevation_f": -0.328083999999933, "step_dist_m": 7.655963999015574, "step_dist_f": 25.117992926530256, "step_grade": -0.013061712413074644, "step_turn": 7.665865131001226, "coast_speed_mps": 1.1573367414852562, "coast_speed_mph": 2.5888885591563504}, "geometry": {"type": "Point", "coordinates": [-122.27436, 37.91625]}}, {"id": "388", "type": "Feature", "properties": {"name": "Out & Back in Alvarado", "step": 388, "lat": 37.9162, "lon": -122.27428, "elevation_m": 149.0, "time": null, "elevation_f": 488.84516, "step_elevation_m": 0.0, "step_elevation_f": 0.0, "step_dist_m": 8.953247108562696, "step_dist_f": 29.374171243656836, "step_grade": 0.0, "step_turn": 8.18121186054475, "coast_speed_mps": 0.9521134432288098, "coast_speed_mph": 2.129817115311401}, "geometry": {"type": "Point", "coordinates": [-122.27428, 37.9162]}}, {"id": "389", "type": "Feature", "properties": {"name": "Out & Back in Alvarado", "step": 389, "lat": 37.91612, "lon": -122.27406, "elevation_m": 149.2, "time": null, "elevation_f": 489.50132799999994, "step_elevation_m": 0.19999999999998863, "step_elevation_f": 0.6561679999999228, "step_dist_m": 21.25051241331654, "step_dist_f": 69.71953114610544, "step_grade": 0.009411537760127587, "step_turn": 13.640826434625183, "coast_speed_mps": 0.0, "coast_speed_mph": 0.0}, "geometry": {"type": "Point", "coordinates": [-122.27406, 37.91612]}}, {"id": "390", "type": "Feature", "properties": {"name": "Out & Back in Alvarado", "step": 390, "lat": 37.91597, "lon": -122.27375, "elevation_m": 149.3, "time": null, "elevation_f": 489.82941200000005, "step_elevation_m": 0.10000000000002274, "step_elevation_f": 0.3280840000001035, "step_dist_m": 31.901692417984126, "step_dist_f": 104.66434855261905, "step_grade": 0.0031346299340422818, "step_turn": 6.775793349303399, "coast_speed_mps": 0.0, "coast_speed_mph": 0.0}, "geometry": {"type": "Point", "coordinates": [-122.27375, 37.91597]}}, {"id": "391", "type": "Feature", "properties": {"name": "Out & Back in Alvarado", "step": 391, "lat": 37.91589, "lon": -122.2736, "elevation_m": 149.2, "time": null, "elevation_f": 489.50132799999994, "step_elevation_m": -0.10000000000002274, "step_elevation_f": -0.3280840000001035, "step_dist_m": 15.883230259531212, "step_dist_f": 52.11033716468038, "step_grade": -0.006295948517148439, "step_turn": 2.5376995644540443, "coast_speed_mps": 0.0, "coast_speed_mph": 0.0}, "geometry": {"type": "Point", "coordinates": [-122.2736, 37.91589]}}, {"id": "392", "type": "Feature", "properties": {"name": "Out & Back in Alvarado", "step": 392, "lat": 37.91574, "lon": -122.27328, "elevation_m": 149.0, "time": null, "elevation_f": 488.84516, "step_elevation_m": -0.19999999999998863, "step_elevation_f": -0.6561679999999228, "step_dist_m": 32.6527712447373, "step_dist_f": 107.12851801058393, "step_grade": -0.006125054394340968, "step_turn": 3.342592366061126, "coast_speed_mps": 0.0, "coast_speed_mph": 0.0}, "geometry": {"type": "Point", "coordinates": [-122.27328, 37.91574]}}, {"id": "393", "type": "Feature", "properties": {"name": "Out & Back in Alvarado", "step": 393, "lat": 37.91556, "lon": -122.27298, "elevation_m": 147.7, "time": null, "elevation_f": 484.580068, "step_elevation_m": -1.3000000000000114, "step_elevation_f": -4.265092000000038, "step_dist_m": 33.06343306542019, "step_dist_f": 108.47583373835319, "step_grade": -0.039318361085728656, "step_turn": 6.536790227583936, "coast_speed_mps": 4.507367695900998, "coast_speed_mph": 10.08269438059456}, "geometry": {"type": "Point", "coordinates": [-122.27298, 37.91556]}}, {"id": "394", "type": "Feature", "properties": {"name": "Out & Back in Alvarado", "step": 394, "lat": 37.9154, "lon": -122.27262, "elevation_m": 147.1, "time": null, "elevation_f": 482.611564, "step_elevation_m": -0.5999999999999943, "step_elevation_f": -1.9685039999999958, "step_dist_m": 36.24715347776973, "step_dist_f": 118.92111101600604, "step_grade": -0.016553023960018613, "step_turn": 7.8592038987794695, "coast_speed_mps": 4.6005800439570494, "coast_speed_mph": 10.29120446482875}, "geometry": {"type": "Point", "coordinates": [-122.27262, 37.9154]}}, {"id": "395", "type": "Feature", "properties": {"name": "Out & Back in Alvarado", "step": 395, "lat": 37.91534, "lon": -122.27243, "elevation_m": 147.7, "time": null, "elevation_f": 484.580068, "step_elevation_m": 0.5999999999999943, "step_elevation_f": 1.9685039999999958, "step_dist_m": 17.95321533306684, "step_dist_f": 58.90162699333901, "step_grade": 0.033420197377953466, "step_turn": 7.579801158577993, "coast_speed_mps": 1.9684608017505831, "coast_speed_mph": 4.40332140692238}, "geometry": {"type": "Point", "coordinates": [-122.27243, 37.91534]}}, {"id": "396", "type": "Feature", "properties": {"name": "Out & Back in Alvarado", "step": 396, "lat": 37.91529, "lon": -122.27215, "elevation_m": 150.2, "time": null, "elevation_f": 492.78216799999996, "step_elevation_m": 2.5, "step_elevation_f": 8.202099999999973, "step_dist_m": 25.184050991365424, "step_dist_f": 82.62484185451135, "step_grade": 0.09926917638695805, "step_turn": 9.061376001105486, "coast_speed_mps": 0.0, "coast_speed_mph": 0.0}, "geometry": {"type": "Point", "coordinates": [-122.27215, 37.91529]}}, {"id": "397", "type": "Feature", "properties": {"name": "Out & Back in Alvarado", "step": 397, "lat": 37.91527, "lon": -122.27208, "elevation_m": 151.1, "time": null, "elevation_f": 495.734924, "step_elevation_m": 0.9000000000000057, "step_elevation_f": 2.952756000000022, "step_dist_m": 6.530973387003932, "step_dist_f": 21.42707872701798, "step_grade": 0.13780487940602043, "step_turn": 7.154412644238164, "coast_speed_mps": 0.0, "coast_speed_mph": 0.0}, "geometry": {"type": "Point", "coordinates": [-122.27208, 37.91527]}}, {"id": "398", "type": "Feature", "properties": {"name": "Out & Back in Alvarado", "step": 398, "lat": 37.91524, "lon": -122.27202, "elevation_m": 151.8, "time": null, "elevation_f": 498.031512, "step_elevation_m": 0.700000000000017, "step_elevation_f": 2.2965880000000425, "step_dist_m": 6.231504982496737, "step_dist_f": 20.444570806774593, "step_grade": 0.11233241439527063, "step_turn": 12.457310654535831, "coast_speed_mps": 0.0, "coast_speed_mph": 0.0}, "geometry": {"type": "Point", "coordinates": [-122.27202, 37.91524]}}, {"id": "399", "type": "Feature", "properties": {"name": "Out & Back in Alvarado", "step": 399, "lat": 37.91509, "lon": -122.27183, "elevation_m": 153.9, "time": null, "elevation_f": 504.92127600000003, "step_elevation_m": 2.0999999999999943, "step_elevation_f": 6.889764000000014, "step_dist_m": 23.579757856178936, "step_dist_f": 77.3614127648661, "step_grade": 0.08905943872742958, "step_turn": 12.654405620427838, "coast_speed_mps": 0.0, "coast_speed_mph": 0.0}, "geometry": {"type": "Point", "coordinates": [-122.27183, 37.91509]}}, {"id": "400", "type": "Feature", "properties": {"name": "Out & Back in Alvarado", "step": 400, "lat": 37.91501, "lon": -122.27169, "elevation_m": 155.0, "time": null, "elevation_f": 508.5302, "step_elevation_m": 1.0999999999999943, "step_elevation_f": 3.608923999999945, "step_dist_m": 15.16456702020292, "step_dist_f": 49.75251806256255, "step_grade": 0.0725375144924695, "step_turn": 9.103650994915938, "coast_speed_mps": 0.0, "coast_speed_mph": 0.0}, "geometry": {"type": "Point", "coordinates": [-122.27169, 37.91501]}}, {"id": "401", "type": "Feature", "properties": {"name": "Out & Back in Alvarado", "step": 401, "lat": 37.91485, "lon": -122.27122, "elevation_m": 157.3, "time": null, "elevation_f": 516.076132, "step_elevation_m": 2.3000000000000114, "step_elevation_f": 7.54593200000005, "step_dist_m": 44.905186152568035, "step_dist_f": 147.3267309367913, "step_grade": 0.05121902829186867, "step_turn": 12.575986973960937, "coast_speed_mps": 0.0, "coast_speed_mph": 0.0}, "geometry": {"type": "Point", "coordinates": [-122.27122, 37.91485]}}, {"id": "402", "type": "Feature", "properties": {"name": "Out & Back in Alvarado", "step": 402, "lat": 37.9148, "lon": -122.27112, "elevation_m": 157.1, "time": null, "elevation_f": 515.4199639999999, "step_elevation_m": -0.20000000000001705, "step_elevation_f": -0.6561680000000933, "step_dist_m": 10.385884948815088, "step_dist_f": 34.07442677547049, "step_grade": -0.01925690501923332, "step_turn": 9.025068621096466, "coast_speed_mps": 0.0, "coast_speed_mph": 0.0}, "geometry": {"type": "Point", "coordinates": [-122.27112, 37.9148]}}, {"id": "403", "type": "Feature", "properties": {"name": "Out & Back in Alvarado", "step": 403, "lat": 37.91473, "lon": -122.27105, "elevation_m": 156.6, "time": null, "elevation_f": 513.779544, "step_elevation_m": -0.5, "step_elevation_f": -1.6404199999999491, "step_dist_m": 9.9143100661586, "step_dist_f": 32.527265037455784, "step_grade": -0.05043215278355018, "step_turn": 19.363742634418998, "coast_speed_mps": 2.2696539437800185, "coast_speed_mph": 5.07707127724592}, "geometry": {"type": "Point", "coordinates": [-122.27105, 37.91473]}}, {"id": "404", "type": "Feature", "properties": {"name": "Out & Back in Alvarado", "step": 404, "lat": 37.91446, "lon": -122.27084, "elevation_m": 157.0, "time": null, "elevation_f": 515.09188, "step_elevation_m": 0.4000000000000057, "step_elevation_f": 1.3123359999999593, "step_dist_m": 35.2240775980084, "step_dist_f": 115.56456274664988, "step_grade": 0.011355868692005779, "step_turn": 6.737066360452786, "coast_speed_mps": 0.0, "coast_speed_mph": 0.0}, "geometry": {"type": "Point", "coordinates": [-122.27084, 37.91446]}}, {"id": "405", "type": "Feature", "properties": {"name": "Out & Back in Alvarado", "step": 405, "lat": 37.91424, "lon": -122.27066, "elevation_m": 159.3, "time": null, "elevation_f": 522.637812, "step_elevation_m": 2.3000000000000114, "step_elevation_f": 7.545932000000107, "step_dist_m": 29.11653801669419, "step_dist_f": 95.52670258669096, "step_grade": 0.07899290769669419, "step_turn": 1.3080536312348272, "coast_speed_mps": 0.0, "coast_speed_mph": 0.0}, "geometry": {"type": "Point", "coordinates": [-122.27066, 37.91424]}}, {"id": "406", "type": "Feature", "properties": {"name": "Out & Back in Alvarado", "step": 406, "lat": 37.91402, "lon": -122.2705, "elevation_m": 160.5, "time": null, "elevation_f": 526.57482, "step_elevation_m": 1.1999999999999886, "step_elevation_f": 3.9370079999999916, "step_dist_m": 28.203604847711247, "step_dist_f": 92.53151492856497, "step_grade": 0.04254775254721986, "step_turn": 2.995904043791313, "coast_speed_mps": 0.0, "coast_speed_mph": 0.0}, "geometry": {"type": "Point", "coordinates": [-122.2705, 37.91402]}}, {"id": "407", "type": "Feature", "properties": {"name": "Out & Back in Alvarado", "step": 407, "lat": 37.91383, "lon": -122.27034, "elevation_m": 158.3, "time": null, "elevation_f": 519.356972, "step_elevation_m": -2.1999999999999886, "step_elevation_f": -7.217848000000004, "step_dist_m": 25.364609012242116, "step_dist_f": 83.21722383172443, "step_grade": -0.0867350251264732, "step_turn": 3.7528426822207166, "coast_speed_mps": 6.259614282800359, "coast_speed_mph": 14.002358363458196}, "geometry": {"type": "Point", "coordinates": [-122.27034, 37.91383]}}, {"id": "408", "type": "Feature", "properties": {"name": "Out & Back in Alvarado", "step": 408, "lat": 37.91348, "lon": -122.27008, "elevation_m": 154.0, "time": null, "elevation_f": 505.24936, "step_elevation_m": -4.300000000000011, "step_elevation_f": -14.107612000000017, "step_dist_m": 45.10949038771292, "step_dist_f": 147.99702044362405, "step_grade": -0.09532362177098017, "step_turn": 3.225483821262003, "coast_speed_mps": 10.1934608865233, "coast_speed_mph": 22.802122598700983}, "geometry": {"type": "Point", "coordinates": [-122.27008, 37.91348]}}, {"id": "409", "type": "Feature", "properties": {"name": "Out & Back in Alvarado", "step": 409, "lat": 37.91337, "lon": -122.26994, "elevation_m": 152.0, "time": null, "elevation_f": 498.68768, "step_elevation_m": -2.0, "step_elevation_f": -6.561680000000024, "step_dist_m": 17.333416676183973, "step_dist_f": 56.868166767891424, "step_grade": -0.11538406059020032, "step_turn": 14.744137483239854, "coast_speed_mps": 11.297161838263914, "coast_speed_mph": 25.271031313224547}, "geometry": {"type": "Point", "coordinates": [-122.26994, 37.91337]}}, {"id": "410", "type": "Feature", "properties": {"name": "Out & Back in Alvarado", "step": 410, "lat": 37.91327, "lon": -122.26978, "elevation_m": 153.6, "time": null, "elevation_f": 503.93702399999995, "step_elevation_m": 1.5999999999999943, "step_elevation_f": 5.249343999999951, "step_dist_m": 17.90692869485211, "step_dist_f": 58.74976793921859, "step_grade": 0.08935088910361066, "step_turn": 6.49633182855672, "coast_speed_mps": 8.785267804689655, "coast_speed_mph": 19.652084387727374}, "geometry": {"type": "Point", "coordinates": [-122.26978, 37.91327]}}, {"id": "411", "type": "Feature", "properties": {"name": "Out & Back in Alvarado", "step": 411, "lat": 37.91309, "lon": -122.2693, "elevation_m": 158.8, "time": null, "elevation_f": 520.997392, "step_elevation_m": 5.200000000000017, "step_elevation_f": 17.06036800000004, "step_dist_m": 46.623441006090644, "step_dist_f": 152.96405019042243, "step_grade": 0.111531879410632, "step_turn": 12.963736807184262, "coast_speed_mps": 0.0, "coast_speed_mph": 0.0}, "geometry": {"type": "Point", "coordinates": [-122.2693, 37.91309]}}, {"id": "412", "type": "Feature", "properties": {"name": "Out & Back in Alvarado", "step": 412, "lat": 37.91284, "lon": -122.2689, "elevation_m": 161.2, "time": null, "elevation_f": 528.871408, "step_elevation_m": 2.3999999999999773, "step_elevation_f": 7.874015999999983, "step_dist_m": 44.767454465720085, "step_dist_f": 146.8748553093131, "step_grade": 0.05361037451521253, "step_turn": 12.963528495740093, "coast_speed_mps": 0.0, "coast_speed_mph": 0.0}, "geometry": {"type": "Point", "coordinates": [-122.2689, 37.91284]}}, {"id": "413", "type": "Feature", "properties": {"name": "Out & Back in Alvarado", "step": 413, "lat": 37.91272, "lon": -122.26875, "elevation_m": 161.0, "time": null, "elevation_f": 528.21524, "step_elevation_m": -0.19999999999998863, "step_elevation_f": -0.6561679999999797, "step_dist_m": 18.740499630621034, "step_dist_f": 61.484580808126715, "step_grade": -0.010672074061099133, "step_turn": 7.012464858307567, "coast_speed_mps": 0.9912069299482824, "coast_speed_mph": 2.2172667545371363}, "geometry": {"type": "Point", "coordinates": [-122.26875, 37.91272]}}, {"id": "414", "type": "Feature", "properties": {"name": "Out & Back in Alvarado", "step": 414, "lat": 37.91257, "lon": -122.26859, "elevation_m": 159.0, "time": null, "elevation_f": 521.65356, "step_elevation_m": -2.0, "step_elevation_f": -6.561680000000024, "step_dist_m": 21.799440521665016, "step_dist_f": 71.52047644109945, "step_grade": -0.09174547383508916, "step_turn": 4.5193227235687345, "coast_speed_mps": 6.053811595579076, "coast_speed_mph": 13.54199086341059}, "geometry": {"type": "Point", "coordinates": [-122.26859, 37.91257]}}, {"id": "415", "type": "Feature", "properties": {"name": "Out & Back in Alvarado", "step": 415, "lat": 37.91231, "lon": -122.2684, "elevation_m": 158.2, "time": null, "elevation_f": 519.0288879999999, "step_elevation_m": -0.8000000000000114, "step_elevation_f": -2.6246720000000323, "step_dist_m": 33.37148515080364, "step_dist_f": 109.48650334216262, "step_grade": -0.023972562095599333, "step_turn": 10.116906061896998, "coast_speed_mps": 6.197954429691151, "coast_speed_mph": 13.864429200275467}, "geometry": {"type": "Point", "coordinates": [-122.2684, 37.91231]}}, {"id": "416", "type": "Feature", "properties": {"name": "Out & Back in Alvarado", "step": 416, "lat": 37.91223, "lon": -122.26816, "elevation_m": 158.5, "time": null, "elevation_f": 520.01314, "step_elevation_m": 0.30000000000001137, "step_elevation_f": 0.9842520000000832, "step_dist_m": 22.85668282654914, "step_dist_f": 74.98911928465547, "step_grade": 0.013125264163509627, "step_turn": 37.13069504472554, "coast_speed_mps": 4.764544051096867, "coast_speed_mph": 10.657981502990475}, "geometry": {"type": "Point", "coordinates": [-122.26816, 37.91223]}}, {"id": "417", "type": "Feature", "properties": {"name": "Out & Back in Alvarado", "step": 417, "lat": 37.91221, "lon": -122.26783, "elevation_m": 159.6, "time": null, "elevation_f": 523.622064, "step_elevation_m": 1.0999999999999943, "step_elevation_f": 3.608924000000002, "step_dist_m": 29.035392796752916, "step_dist_f": 95.26047810329884, "step_grade": 0.037884798311494154, "step_turn": 18.51140122313734, "coast_speed_mps": 0.0, "coast_speed_mph": 0.0}, "geometry": {"type": "Point", "coordinates": [-122.26783, 37.91221]}}, {"id": "418", "type": "Feature", "properties": {"name": "Out & Back in Alvarado", "step": 418, "lat": 37.91218, "lon": -122.26768, "elevation_m": 161.5, "time": null, "elevation_f": 529.85566, "step_elevation_m": 1.9000000000000057, "step_elevation_f": 6.23359599999992, "step_dist_m": 13.575377425429568, "step_dist_f": 44.53864127244635, "step_grade": 0.13995927630276428, "step_turn": 9.832165165139486, "coast_speed_mps": 0.0, "coast_speed_mph": 0.0}, "geometry": {"type": "Point", "coordinates": [-122.26768, 37.91218]}}, {"id": "419", "type": "Feature", "properties": {"name": "Out & Back in Alvarado", "step": 419, "lat": 37.91213, "lon": -122.26754, "elevation_m": 162.7, "time": null, "elevation_f": 533.7926679999999, "step_elevation_m": 1.1999999999999886, "step_elevation_f": 3.9370079999999916, "step_dist_m": 13.481659741979916, "step_dist_f": 44.23116854787739, "step_grade": 0.08900981206812127, "step_turn": 10.130421764039454, "coast_speed_mps": 0.0, "coast_speed_mph": 0.0}, "geometry": {"type": "Point", "coordinates": [-122.26754, 37.91213]}}, {"id": "420", "type": "Feature", "properties": {"name": "Out & Back in Alvarado", "step": 420, "lat": 37.91206, "lon": -122.2674, "elevation_m": 163.4, "time": null, "elevation_f": 536.089256, "step_elevation_m": 0.700000000000017, "step_elevation_f": 2.2965880000000425, "step_dist_m": 14.540623904867443, "step_dist_f": 47.7054605320453, "step_grade": 0.048140987936954587, "step_turn": 8.009219081655885, "coast_speed_mps": 0.0, "coast_speed_mph": 0.0}, "geometry": {"type": "Point", "coordinates": [-122.2674, 37.91206]}}, {"id": "421", "type": "Feature", "properties": {"name": "Out & Back in Alvarado", "step": 421, "lat": 37.91179, "lon": -122.26699, "elevation_m": 166.6, "time": null, "elevation_f": 546.587944, "step_elevation_m": 3.1999999999999886, "step_elevation_f": 10.498688000000016, "step_dist_m": 46.851763798695316, "step_dist_f": 153.71314074131155, "step_grade": 0.06830052362060912, "step_turn": 7.486961183702476, "coast_speed_mps": 0.0, "coast_speed_mph": 0.0}, "geometry": {"type": "Point", "coordinates": [-122.26699, 37.91179]}}, {"id": "422", "type": "Feature", "properties": {"name": "Out & Back in Alvarado", "step": 422, "lat": 37.91171, "lon": -122.26678, "elevation_m": 167.5, "time": null, "elevation_f": 549.5407, "step_elevation_m": 0.9000000000000057, "step_elevation_f": 2.952756000000022, "step_dist_m": 20.458131993979148, "step_dist_f": 67.11985777112655, "step_grade": 0.0439922863077077, "step_turn": 14.077662618891964, "coast_speed_mps": 0.0, "coast_speed_mph": 0.0}, "geometry": {"type": "Point", "coordinates": [-122.26678, 37.91171]}}, {"id": "423", "type": "Feature", "properties": {"name": "Out & Back in Alvarado", "step": 423, "lat": 37.91164, "lon": -122.26653, "elevation_m": 168.0, "time": null, "elevation_f": 551.18112, "step_elevation_m": 0.5, "step_elevation_f": 1.6404199999999491, "step_dist_m": 23.272306234497723, "step_dist_f": 76.35271318638951, "step_grade": 0.021484763691310686, "step_turn": 6.234143104995724, "coast_speed_mps": 0.0, "coast_speed_mph": 0.0}, "geometry": {"type": "Point", "coordinates": [-122.26653, 37.91164]}}, {"id": "424", "type": "Feature", "properties": {"name": "Out & Back in Alvarado", "step": 424, "lat": 37.91159, "lon": -122.26628, "elevation_m": 168.2, "time": null, "elevation_f": 551.837288, "step_elevation_m": 0.19999999999998863, "step_elevation_f": 0.6561679999999797, "step_dist_m": 22.625796647998232, "step_dist_f": 74.23161867461852, "step_grade": 0.008839467759367633, "step_turn": 5.314934617558379, "coast_speed_mps": 0.0, "coast_speed_mph": 0.0}, "geometry": {"type": "Point", "coordinates": [-122.26628, 37.91159]}}, {"id": "425", "type": "Feature", "properties": {"name": "Out & Back in Alvarado", "step": 425, "lat": 37.91158, "lon": -122.26608, "elevation_m": 168.4, "time": null, "elevation_f": 552.493456, "step_elevation_m": 0.20000000000001705, "step_elevation_f": 0.6561680000000933, "step_dist_m": 17.580866157559058, "step_dist_f": 57.68000892436606, "step_grade": 0.011376003787732904, "step_turn": 10.598479893912668, "coast_speed_mps": 0.0, "coast_speed_mph": 0.0}, "geometry": {"type": "Point", "coordinates": [-122.26608, 37.91158]}}, {"id": "426", "type": "Feature", "properties": {"name": "Out & Back in Alvarado", "step": 426, "lat": 37.91159, "lon": -122.26589, "elevation_m": 168.7, "time": null, "elevation_f": 553.477708, "step_elevation_m": 0.29999999999998295, "step_elevation_f": 0.9842519999999695, "step_dist_m": 16.705431407188478, "step_dist_f": 54.807847577960246, "step_grade": 0.017958231229568283, "step_turn": 7.442794801873447, "coast_speed_mps": 0.0, "coast_speed_mph": 0.0}, "geometry": {"type": "Point", "coordinates": [-122.26589, 37.91159]}}, {"id": "427", "type": "Feature", "properties": {"name": "Out & Back in Alvarado", "step": 427, "lat": 37.91165, "lon": -122.26558, "elevation_m": 169.9, "time": null, "elevation_f": 557.414716, "step_elevation_m": 1.200000000000017, "step_elevation_f": 3.9370079999999916, "step_dist_m": 28.00216886832648, "step_dist_f": 91.87063570996024, "step_grade": 0.04285382341784777, "step_turn": 9.967139170610665, "coast_speed_mps": 0.0, "coast_speed_mph": 0.0}, "geometry": {"type": "Point", "coordinates": [-122.26558, 37.91165]}}, {"id": "428", "type": "Feature", "properties": {"name": "Out & Back in Alvarado", "step": 428, "lat": 37.91174, "lon": -122.26526, "elevation_m": 173.9, "time": null, "elevation_f": 570.538076, "step_elevation_m": 4.0, "step_elevation_f": 13.123360000000048, "step_dist_m": 29.803450351464228, "step_dist_f": 97.78035205109789, "step_grade": 0.13421264829504823, "step_turn": 5.836613066809548, "coast_speed_mps": 0.0, "coast_speed_mph": 0.0}, "geometry": {"type": "Point", "coordinates": [-122.26526, 37.91174]}}, {"id": "429", "type": "Feature", "properties": {"name": "Out & Back in Alvarado", "step": 429, "lat": 37.91183, "lon": -122.26498, "elevation_m": 174.9, "time": null, "elevation_f": 573.8189160000001, "step_elevation_m": 1.0, "step_elevation_f": 3.280840000000012, "step_dist_m": 26.52422429679827, "step_dist_f": 87.02173604190763, "step_grade": 0.03770138530010507, "step_turn": 2.5461540489459367, "coast_speed_mps": 0.0, "coast_speed_mph": 0.0}, "geometry": {"type": "Point", "coordinates": [-122.26498, 37.91183]}}, {"id": "430", "type": "Feature", "properties": {"name": "Out & Back in Alvarado", "step": 430, "lat": 37.91193, "lon": -122.26477, "elevation_m": 175.1, "time": null, "elevation_f": 574.4750839999999, "step_elevation_m": 0.19999999999998863, "step_elevation_f": 0.656167999999866, "step_dist_m": 21.51849175119621, "step_dist_f": 70.59872847699457, "step_grade": 0.009294331699101108, "step_turn": 8.94746318390412, "coast_speed_mps": 0.0, "coast_speed_mph": 0.0}, "geometry": {"type": "Point", "coordinates": [-122.26477, 37.91193]}}, {"id": "431", "type": "Feature", "properties": {"name": "Out & Back in Alvarado", "step": 431, "lat": 37.91204, "lon": -122.26461, "elevation_m": 176.9, "time": null, "elevation_f": 580.380596, "step_elevation_m": 1.8000000000000114, "step_elevation_f": 5.905512000000044, "step_dist_m": 18.618010107574563, "step_dist_f": 61.08271228133493, "step_grade": 0.09668057915962235, "step_turn": 9.95513365156603, "coast_speed_mps": 0.0, "coast_speed_mph": 0.0}, "geometry": {"type": "Point", "coordinates": [-122.26461, 37.91204]}}, {"id": "432", "type": "Feature", "properties": {"name": "Out & Back in Alvarado", "step": 432, "lat": 37.91216, "lon": -122.26451, "elevation_m": 178.6, "time": null, "elevation_f": 585.958024, "step_elevation_m": 1.6999999999999886, "step_elevation_f": 5.5774280000000545, "step_dist_m": 15.968957920956973, "step_dist_f": 52.39159590539247, "step_grade": 0.1064565395196503, "step_turn": 15.607520136229425, "coast_speed_mps": 0.0, "coast_speed_mph": 0.0}, "geometry": {"type": "Point", "coordinates": [-122.26451, 37.91216]}}, {"id": "433", "type": "Feature", "properties": {"name": "Out & Back in Alvarado", "step": 433, "lat": 37.9123, "lon": -122.26446, "elevation_m": 179.0, "time": null, "elevation_f": 587.27036, "step_elevation_m": 0.4000000000000057, "step_elevation_f": 1.3123359999999593, "step_dist_m": 16.173460472123914, "step_dist_f": 53.06253605536302, "step_grade": 0.024731874832193985, "step_turn": 17.587196266521005, "coast_speed_mps": 0.0, "coast_speed_mph": 0.0}, "geometry": {"type": "Point", "coordinates": [-122.26446, 37.9123]}}, {"id": "434", "type": "Feature", "properties": {"name": "Out & Back in Alvarado", "step": 434, "lat": 37.91244, "lon": -122.26443, "elevation_m": 179.0, "time": null, "elevation_f": 587.27036, "step_elevation_m": 0.0, "step_elevation_f": 0.0, "step_dist_m": 15.788191671495722, "step_dist_f": 51.79853076351002, "step_grade": 0.0, "step_turn": 6.140430888744618, "coast_speed_mps": 0.0, "coast_speed_mph": 0.0}, "geometry": {"type": "Point", "coordinates": [-122.26443, 37.91244]}}, {"id": "435", "type": "Feature", "properties": {"name": "Out & Back in Alvarado", "step": 435, "lat": 37.91283, "lon": -122.26442, "elevation_m": 182.4, "time": null, "elevation_f": 598.425216, "step_elevation_m": 3.4000000000000057, "step_elevation_f": 11.154855999999995, "step_dist_m": 43.37489383774637, "step_dist_f": 142.3060866986318, "step_grade": 0.07838635900109582, "step_turn": 8.436838706221522, "coast_speed_mps": 0.0, "coast_speed_mph": 0.0}, "geometry": {"type": "Point", "coordinates": [-122.26442, 37.91283]}}, {"id": "436", "type": "Feature", "properties": {"name": "Out & Back in Alvarado", "step": 436, "lat": 37.91291, "lon": -122.26441, "elevation_m": 183.3, "time": null, "elevation_f": 601.377972, "step_elevation_m": 0.9000000000000057, "step_elevation_f": 2.952756000000022, "step_dist_m": 8.938746786283488, "step_dist_f": 29.32659800631032, "step_grade": 0.10068525504951725, "step_turn": 4.473294322900813, "coast_speed_mps": 0.0, "coast_speed_mph": 0.0}, "geometry": {"type": "Point", "coordinates": [-122.26441, 37.91291]}}, {"id": "437", "type": "Feature", "properties": {"name": "Out & Back in Alvarado", "step": 437, "lat": 37.91297, "lon": -122.26436, "elevation_m": 184.2, "time": null, "elevation_f": 604.3307279999999, "step_elevation_m": 0.8999999999999773, "step_elevation_f": 2.9527559999999085, "step_dist_m": 7.984451447153956, "step_dist_f": 26.195707685880585, "step_grade": 0.11271907731629839, "step_turn": 27.69088659045167, "coast_speed_mps": 0.0, "coast_speed_mph": 0.0}, "geometry": {"type": "Point", "coordinates": [-122.26436, 37.91297]}}, {"id": "438", "type": "Feature", "properties": {"name": "Out & Back in Alvarado", "step": 438, "lat": 37.91303, "lon": -122.26425, "elevation_m": 185.9, "time": null, "elevation_f": 609.908156, "step_elevation_m": 1.700000000000017, "step_elevation_f": 5.5774280000000545, "step_dist_m": 11.73169608354642, "step_dist_f": 38.48981777874244, "step_grade": 0.1449065836596508, "step_turn": 22.017974067370403, "coast_speed_mps": 0.0, "coast_speed_mph": 0.0}, "geometry": {"type": "Point", "coordinates": [-122.26425, 37.91303]}}, {"id": "439", "type": "Feature", "properties": {"name": "Out & Back in Alvarado", "step": 439, "lat": 37.91306, "lon": -122.26412, "elevation_m": 187.2, "time": null, "elevation_f": 614.173248, "step_elevation_m": 1.299999999999983, "step_elevation_f": 4.2650919999999815, "step_dist_m": 11.882319726700445, "step_dist_f": 38.983989852147886, "step_grade": 0.10940624641489721, "step_turn": 18.354501934534085, "coast_speed_mps": 0.0, "coast_speed_mph": 0.0}, "geometry": {"type": "Point", "coordinates": [-122.26412, 37.91306]}}, {"id": "440", "type": "Feature", "properties": {"name": "Out & Back in Alvarado", "step": 440, "lat": 37.91306, "lon": -122.26398, "elevation_m": 187.5, "time": null, "elevation_f": 615.1575, "step_elevation_m": 0.30000000000001137, "step_elevation_f": 0.9842520000000832, "step_dist_m": 12.28172051596445, "step_dist_f": 40.2943599375968, "step_grade": 0.024426545092770594, "step_turn": 16.304399028967907, "coast_speed_mps": 0.0, "coast_speed_mph": 0.0}, "geometry": {"type": "Point", "coordinates": [-122.26398, 37.91306]}}, {"id": "441", "type": "Feature", "properties": {"name": "Out & Back in Alvarado", "step": 441, "lat": 37.91305, "lon": -122.26386, "elevation_m": 187.6, "time": null, "elevation_f": 615.485584, "step_elevation_m": 0.09999999999999432, "step_elevation_f": 0.32808399999998983, "step_dist_m": 10.585752444018697, "step_dist_f": 34.7301600484343, "step_grade": 0.009446659604863294, "step_turn": 6.02959608937249, "coast_speed_mps": 0.0, "coast_speed_mph": 0.0}, "geometry": {"type": "Point", "coordinates": [-122.26386, 37.91305]}}, {"id": "442", "type": "Feature", "properties": {"name": "Out & Back in Alvarado", "step": 442, "lat": 37.91299, "lon": -122.26367, "elevation_m": 187.5, "time": null, "elevation_f": 615.1575, "step_elevation_m": -0.09999999999999432, "step_elevation_f": -0.32808399999998983, "step_dist_m": 17.95370966685959, "step_dist_f": 58.903248823419624, "step_grade": -0.005569879532171694, "step_turn": 15.785049594504414, "coast_speed_mps": 0.0, "coast_speed_mph": 0.0}, "geometry": {"type": "Point", "coordinates": [-122.26367, 37.91299]}}, {"id": "443", "type": "Feature", "properties": {"name": "Out & Back in Alvarado", "step": 443, "lat": 37.91296, "lon": -122.26339, "elevation_m": 188.1, "time": null, "elevation_f": 617.126004, "step_elevation_m": 0.5999999999999943, "step_elevation_f": 1.968503999999939, "step_dist_m": 24.78894734099729, "step_dist_f": 81.32856999423754, "step_grade": 0.02420433557530223, "step_turn": 14.080934850843107, "coast_speed_mps": 0.0, "coast_speed_mph": 0.0}, "geometry": {"type": "Point", "coordinates": [-122.26339, 37.91296]}}, {"id": "444", "type": "Feature", "properties": {"name": "Out & Back in Alvarado", "step": 444, "lat": 37.91297, "lon": -122.26327, "elevation_m": 188.4, "time": null, "elevation_f": 618.110256, "step_elevation_m": 0.30000000000001137, "step_elevation_f": 0.9842520000000832, "step_dist_m": 10.585765249568691, "step_dist_f": 34.73020206139495, "step_grade": 0.028339944531854667, "step_turn": 13.76328731605497, "coast_speed_mps": 0.0, "coast_speed_mph": 0.0}, "geometry": {"type": "Point", "coordinates": [-122.26327, 37.91297]}}, {"id": "445", "type": "Feature", "properties": {"name": "Out & Back in Alvarado", "step": 445, "lat": 37.91299, "lon": -122.26315, "elevation_m": 188.9, "time": null, "elevation_f": 619.750676, "step_elevation_m": 0.5, "step_elevation_f": 1.6404199999999491, "step_dist_m": 10.75953875795724, "step_dist_f": 35.300325138656426, "step_grade": 0.04647039350364568, "step_turn": 5.898916857860513, "coast_speed_mps": 0.0, "coast_speed_mph": 0.0}, "geometry": {"type": "Point", "coordinates": [-122.26315, 37.91299]}}, {"id": "446", "type": "Feature", "properties": {"name": "Out & Back in Alvarado", "step": 446, "lat": 37.91302, "lon": -122.26299, "elevation_m": 189.3, "time": null, "elevation_f": 621.0630120000001, "step_elevation_m": 0.4000000000000057, "step_elevation_f": 1.312336000000073, "step_dist_m": 14.427215457792625, "step_dist_f": 47.33338556254436, "step_grade": 0.027725377857579038, "step_turn": 1.4403687927318742, "coast_speed_mps": 0.0, "coast_speed_mph": 0.0}, "geometry": {"type": "Point", "coordinates": [-122.26299, 37.91302]}}, {"id": "447", "type": "Feature", "properties": {"name": "Out & Back in Alvarado", "step": 447, "lat": 37.91324, "lon": -122.26223, "elevation_m": 183.5, "time": null, "elevation_f": 602.03414, "step_elevation_m": -5.800000000000011, "step_elevation_f": -19.028872000000092, "step_dist_m": 71.01835038743373, "step_dist_f": 232.99984468510806, "step_grade": -0.08166903298033076, "step_turn": 6.780080547921557, "coast_speed_mps": 10.131582291191668, "coast_speed_mph": 22.66370412310231}, "geometry": {"type": "Point", "coordinates": [-122.26223, 37.91324]}}, {"id": "448", "type": "Feature", "properties": {"name": "Out & Back in Alvarado", "step": 448, "lat": 37.91329, "lon": -122.26196, "elevation_m": 182.3, "time": null, "elevation_f": 598.097132, "step_elevation_m": -1.1999999999999886, "step_elevation_f": -3.9370079999999916, "step_dist_m": 24.329869544351688, "step_dist_f": 79.82240919589078, "step_grade": -0.04932208936889163, "step_turn": 6.9392284144880705, "coast_speed_mps": 10.320630009587026, "coast_speed_mph": 23.086591825310965}, "geometry": {"type": "Point", "coordinates": [-122.26196, 37.91329]}}, {"id": "449", "type": "Feature", "properties": {"name": "Out & Back in Alvarado", "step": 449, "lat": 37.9133, "lon": -122.26181, "elevation_m": 181.5, "time": null, "elevation_f": 595.47246, "step_elevation_m": -0.8000000000000114, "step_elevation_f": -2.6246720000000323, "step_dist_m": 13.205841299444671, "step_dist_f": 43.32625236887006, "step_grade": -0.06057925291239512, "step_turn": 8.379611980213156, "coast_speed_mps": 10.404381908898369, "coast_speed_mph": 23.273939488408995}, "geometry": {"type": "Point", "coordinates": [-122.26181, 37.9133]}}, {"id": "450", "type": "Feature", "properties": {"name": "Out & Back in Alvarado", "step": 450, "lat": 37.91329, "lon": -122.26163, "elevation_m": 180.4, "time": null, "elevation_f": 591.8635360000001, "step_elevation_m": -1.0999999999999943, "step_elevation_f": -3.608923999999888, "step_dist_m": 15.829835195453544, "step_dist_f": 51.93515650265181, "step_grade": -0.06948903677253211, "step_turn": 8.858085796038438, "coast_speed_mps": 10.670706331583398, "coast_speed_mph": 23.869690254973573}, "geometry": {"type": "Point", "coordinates": [-122.26163, 37.91329]}}, {"id": "451", "type": "Feature", "properties": {"name": "Out & Back in Alvarado", "step": 451, "lat": 37.91326, "lon": -122.26152, "elevation_m": 179.8, "time": null, "elevation_f": 589.895032, "step_elevation_m": -0.5999999999999943, "step_elevation_f": -1.9685040000000527, "step_dist_m": 10.21020838257917, "step_dist_f": 33.498060069901044, "step_grade": -0.05876471640125626, "step_turn": 15.04165205207181, "coast_speed_mps": 10.710903046623617, "coast_speed_mph": 23.959607745668407}, "geometry": {"type": "Point", "coordinates": [-122.26152, 37.91326]}}, {"id": "452", "type": "Feature", "properties": {"name": "Out & Back in Alvarado", "step": 452, "lat": 37.91322, "lon": -122.26145, "elevation_m": 179.7, "time": null, "elevation_f": 589.5669479999999, "step_elevation_m": -0.10000000000002274, "step_elevation_f": -0.3280840000001035, "step_dist_m": 7.582405880285217, "step_dist_f": 24.876660508274952, "step_grade": -0.013188426151128325, "step_turn": 16.846095263752318, "coast_speed_mps": 10.639731044497953, "coast_speed_mph": 23.800400511135337}, "geometry": {"type": "Point", "coordinates": [-122.26145, 37.91322]}}, {"id": "453", "type": "Feature", "properties": {"name": "Out & Back in Alvarado", "step": 453, "lat": 37.91306, "lon": -122.26133, "elevation_m": 181.8, "time": null, "elevation_f": 596.456712, "step_elevation_m": 2.1000000000000227, "step_elevation_f": 6.8897640000001275, "step_dist_m": 20.672393362095953, "step_dist_f": 67.82281503809888, "step_grade": 0.1015847542767107, "step_turn": 23.47115869733767, "coast_speed_mps": 7.2197891091005895, "coast_speed_mph": 16.15020827912621}, "geometry": {"type": "Point", "coordinates": [-122.26133, 37.91306]}}, {"id": "454", "type": "Feature", "properties": {"name": "Out & Back in Alvarado", "step": 454, "lat": 37.91287, "lon": -122.26122, "elevation_m": 187.7, "time": null, "elevation_f": 615.813668, "step_elevation_m": 5.899999999999977, "step_elevation_f": 19.35695599999997, "step_dist_m": 23.22655618641795, "step_dist_f": 76.20261459864747, "step_grade": 0.25401957796266345, "step_turn": 6.0642058556676375, "coast_speed_mps": 0.0, "coast_speed_mph": 0.0}, "geometry": {"type": "Point", "coordinates": [-122.26122, 37.91287]}}, {"id": "455", "type": "Feature", "properties": {"name": "Out & Back in Alvarado", "step": 455, "lat": 37.91276, "lon": -122.26121, "elevation_m": 188.8, "time": null, "elevation_f": 619.422592, "step_elevation_m": 1.1000000000000227, "step_elevation_f": 3.608924000000002, "step_dist_m": 12.262861494693547, "step_dist_f": 40.232486506250375, "step_grade": 0.08970173890294861, "step_turn": 20.446577049711095, "coast_speed_mps": 0.0, "coast_speed_mph": 0.0}, "geometry": {"type": "Point", "coordinates": [-122.26121, 37.91276]}}, {"id": "456", "type": "Feature", "properties": {"name": "Out & Back in Alvarado", "step": 456, "lat": 37.91257, "lon": -122.26122, "elevation_m": 192.0, "time": null, "elevation_f": 629.92128, "step_elevation_m": 3.1999999999999886, "step_elevation_f": 10.498688000000016, "step_dist_m": 21.14524192859621, "step_dist_f": 69.3741555290156, "step_grade": 0.15133428176446645, "step_turn": 6.480134365854553, "coast_speed_mps": 0.0, "coast_speed_mph": 0.0}, "geometry": {"type": "Point", "coordinates": [-122.26122, 37.91257]}}, {"id": "457", "type": "Feature", "properties": {"name": "Out & Back in Alvarado", "step": 457, "lat": 37.91214, "lon": -122.26129, "elevation_m": 191.5, "time": null, "elevation_f": 628.28086, "step_elevation_m": -0.5, "step_elevation_f": -1.6404200000000628, "step_dist_m": 48.206556846406535, "step_dist_f": 158.15799996396441, "step_grade": -0.010372033032624099, "step_turn": 4.940917217588776, "coast_speed_mps": 1.4978313781557757, "coast_speed_mph": 3.3505533691745124}, "geometry": {"type": "Point", "coordinates": [-122.26129, 37.91214]}}, {"id": "458", "type": "Feature", "properties": {"name": "Out & Back in Alvarado", "step": 458, "lat": 37.91196, "lon": -122.26134, "elevation_m": 191.6, "time": null, "elevation_f": 628.608944, "step_elevation_m": 0.09999999999999432, "step_elevation_f": 0.32808399999998983, "step_dist_m": 20.490097796221075, "step_dist_f": 67.22473245375396, "step_grade": 0.0048804061842221665, "step_turn": 5.0425174332991105, "coast_speed_mps": 0.0, "coast_speed_mph": 0.0}, "geometry": {"type": "Point", "coordinates": [-122.26134, 37.91196]}}, {"id": "459", "type": "Feature", "properties": {"name": "Out & Back in Alvarado", "step": 459, "lat": 37.91159, "lon": -122.26147, "elevation_m": 191.2, "time": null, "elevation_f": 627.296608, "step_elevation_m": -0.4000000000000057, "step_elevation_f": -1.3123359999999593, "step_dist_m": 42.69356398272765, "step_dist_f": 140.0707524570922, "step_grade": -0.009369093668587423, "step_turn": 3.132289441954896, "coast_speed_mps": 1.0708959787351804, "coast_speed_mph": 2.395526079847842}, "geometry": {"type": "Point", "coordinates": [-122.26147, 37.91159]}}, {"id": "460", "type": "Feature", "properties": {"name": "Out & Back in Alvarado", "step": 460, "lat": 37.91146, "lon": -122.26156, "elevation_m": 188.9, "time": null, "elevation_f": 619.750676, "step_elevation_m": -2.299999999999983, "step_elevation_f": -7.545931999999993, "step_dist_m": 16.471086193608354, "step_dist_f": 54.03899842743803, "step_grade": -0.13963863542238664, "step_turn": 13.150058070319403, "coast_speed_mps": 6.599490118514215, "coast_speed_mph": 14.76263895515884}, "geometry": {"type": "Point", "coordinates": [-122.26156, 37.91146]}}, {"id": "461", "type": "Feature", "properties": {"name": "Out & Back in Alvarado", "step": 461, "lat": 37.91127, "lon": -122.26177, "elevation_m": 186.5, "time": null, "elevation_f": 611.87666, "step_elevation_m": -2.4000000000000057, "step_elevation_f": -7.874015999999983, "step_dist_m": 28.031389097459392, "step_dist_f": 91.96650260650867, "step_grade": -0.08561830423942594, "step_turn": 12.445300763727033, "coast_speed_mps": 8.807088726307578, "coast_speed_mph": 19.70089639922058}, "geometry": {"type": "Point", "coordinates": [-122.26177, 37.91127]}}, {"id": "462", "type": "Feature", "properties": {"name": "Out & Back in Alvarado", "step": 462, "lat": 37.91112, "lon": -122.26205, "elevation_m": 187.1, "time": null, "elevation_f": 613.845164, "step_elevation_m": 0.5999999999999943, "step_elevation_f": 1.968503999999939, "step_dist_m": 29.69158535945784, "step_dist_f": 97.41334091072366, "step_grade": 0.020207745485334036, "step_turn": 14.734351985917101, "coast_speed_mps": 6.690652072957489, "coast_speed_mph": 14.966562439507609}, "geometry": {"type": "Point", "coordinates": [-122.26205, 37.91112]}}, {"id": "463", "type": "Feature", "properties": {"name": "Out & Back in Alvarado", "step": 463, "lat": 37.91087, "lon": -122.26249, "elevation_m": 190.3, "time": null, "elevation_f": 624.3438520000001, "step_elevation_m": 3.200000000000017, "step_elevation_f": 10.49868800000013, "step_dist_m": 47.56878631115961, "step_dist_f": 156.0655768811049, "step_grade": 0.06727100370120856, "step_turn": 1.5829843155370042, "coast_speed_mps": 0.0, "coast_speed_mph": 0.0}, "geometry": {"type": "Point", "coordinates": [-122.26249, 37.91087]}}, {"id": "464", "type": "Feature", "properties": {"name": "Out & Back in Alvarado", "step": 464, "lat": 37.91068, "lon": -122.26275, "elevation_m": 191.1, "time": null, "elevation_f": 626.968524, "step_elevation_m": 0.799999999999983, "step_elevation_f": 2.6246719999999186, "step_dist_m": 31.090679070363954, "step_dist_f": 102.00354352121288, "step_grade": 0.02573118451962516, "step_turn": 7.047028125045358, "coast_speed_mps": 0.0, "coast_speed_mph": 0.0}, "geometry": {"type": "Point", "coordinates": [-122.26275, 37.91068]}}, {"id": "465", "type": "Feature", "properties": {"name": "Out & Back in Alvarado", "step": 465, "lat": 37.91057, "lon": -122.2628, "elevation_m": 191.5, "time": null, "elevation_f": 628.28086, "step_elevation_m": 0.4000000000000057, "step_elevation_f": 1.3123359999999593, "step_dist_m": 12.994203528872408, "step_dist_f": 42.63190270566575, "step_grade": 0.030782956347515076, "step_turn": 27.464179820665436, "coast_speed_mps": 0.0, "coast_speed_mph": 0.0}, "geometry": {"type": "Point", "coordinates": [-122.2628, 37.91057]}}, {"id": "466", "type": "Feature", "properties": {"name": "Out & Back in Alvarado", "step": 466, "lat": 37.91046, "lon": -122.2628, "elevation_m": 191.8, "time": null, "elevation_f": 629.265112, "step_elevation_m": 0.30000000000001137, "step_elevation_f": 0.9842520000000832, "step_dist_m": 12.23144193045933, "step_dist_f": 40.12940394312819, "step_grade": 0.02452695288958016, "step_turn": 19.729006432895204, "coast_speed_mps": 0.0, "coast_speed_mph": 0.0}, "geometry": {"type": "Point", "coordinates": [-122.2628, 37.91046]}}, {"id": "467", "type": "Feature", "properties": {"name": "Out & Back in Alvarado", "step": 467, "lat": 37.9102, "lon": -122.26268, "elevation_m": 192.7, "time": null, "elevation_f": 632.217868, "step_elevation_m": 0.8999999999999773, "step_elevation_f": 2.9527559999999085, "step_dist_m": 30.76779818726778, "step_dist_f": 100.94422300471562, "step_grade": 0.029251361911636953, "step_turn": 20.00870296879816, "coast_speed_mps": 0.0, "coast_speed_mph": 0.0}, "geometry": {"type": "Point", "coordinates": [-122.26268, 37.9102]}}, {"id": "468", "type": "Feature", "properties": {"name": "Out & Back in Alvarado", "step": 468, "lat": 37.91005, "lon": -122.26261, "elevation_m": 192.8, "time": null, "elevation_f": 632.545952, "step_elevation_m": 0.10000000000002274, "step_elevation_f": 0.3280840000001035, "step_dist_m": 17.773862474230857, "step_dist_f": 58.313198959955564, "step_grade": 0.0056262390994082515, "step_turn": 0.20444903680345305, "coast_speed_mps": 0.0, "coast_speed_mph": 0.0}, "geometry": {"type": "Point", "coordinates": [-122.26261, 37.91005]}}, {"id": "469", "type": "Feature", "properties": {"name": "Out & Back in Alvarado", "step": 469, "lat": 37.90987, "lon": -122.26251, "elevation_m": 192.9, "time": null, "elevation_f": 632.874036, "step_elevation_m": 0.09999999999999432, "step_elevation_f": 0.32808399999998983, "step_dist_m": 21.853368281404617, "step_dist_f": 71.69740479236353, "step_grade": 0.00457595363388837, "step_turn": 3.455713503159018, "coast_speed_mps": 0.0, "coast_speed_mph": 0.0}, "geometry": {"type": "Point", "coordinates": [-122.26251, 37.90987]}}, {"id": "470", "type": "Feature", "properties": {"name": "Out & Back in Alvarado", "step": 470, "lat": 37.90941, "lon": -122.26227, "elevation_m": 193.3, "time": null, "elevation_f": 634.186372, "step_elevation_m": 0.4000000000000057, "step_elevation_f": 1.3123359999999593, "step_dist_m": 55.313799435209724, "step_dist_f": 181.47572573901346, "step_grade": 0.007231468531980605, "step_turn": 1.2946626634451377, "coast_speed_mps": 0.0, "coast_speed_mph": 0.0}, "geometry": {"type": "Point", "coordinates": [-122.26227, 37.90941]}}, {"id": "471", "type": "Feature", "properties": {"name": "Out & Back in Alvarado", "step": 471, "lat": 37.90919, "lon": -122.26218, "elevation_m": 193.2, "time": null, "elevation_f": 633.8582879999999, "step_elevation_m": -0.10000000000002274, "step_elevation_f": -0.3280840000001035, "step_dist_m": 25.705568852598244, "step_dist_f": 84.33585851435842, "step_grade": -0.003890207626738244, "step_turn": 4.485842807528115, "coast_speed_mps": 0.0, "coast_speed_mph": 0.0}, "geometry": {"type": "Point", "coordinates": [-122.26218, 37.90919]}}, {"id": "472", "type": "Feature", "properties": {"name": "Out & Back in Alvarado", "step": 472, "lat": 37.90885, "lon": -122.26202, "elevation_m": 193.5, "time": null, "elevation_f": 634.84254, "step_elevation_m": 0.30000000000001137, "step_elevation_f": 0.9842520000000832, "step_dist_m": 40.32806024902491, "step_dist_f": 132.30991318741087, "step_grade": 0.0074389890847096985, "step_turn": 2.4810550317736215, "coast_speed_mps": 0.0, "coast_speed_mph": 0.0}, "geometry": {"type": "Point", "coordinates": [-122.26202, 37.90885]}}, {"id": "473", "type": "Feature", "properties": {"name": "Out & Back in Alvarado", "step": 473, "lat": 37.90867, "lon": -122.26198, "elevation_m": 193.3, "time": null, "elevation_f": 634.186372, "step_elevation_m": -0.19999999999998863, "step_elevation_f": -0.6561679999999797, "step_dist_m": 20.320400145857146, "step_dist_f": 66.66798161453396, "step_grade": -0.009842325867818304, "step_turn": 10.42474883083878, "coast_speed_mps": 0.857035584503957, "coast_speed_mph": 1.9171340025589567}, "geometry": {"type": "Point", "coordinates": [-122.26198, 37.90867]}}, {"id": "474", "type": "Feature", "properties": {"name": "Out & Back in Alvarado", "step": 474, "lat": 37.90849, "lon": -122.26195, "elevation_m": 192.6, "time": null, "elevation_f": 631.889784, "step_elevation_m": -0.700000000000017, "step_elevation_f": -2.2965880000000425, "step_dist_m": 20.187394578038962, "step_dist_f": 66.23161162741334, "step_grade": -0.034675103678882775, "step_turn": 2.453320078510046, "coast_speed_mps": 3.345820520253526, "coast_speed_mph": 7.484387348455445}, "geometry": {"type": "Point", "coordinates": [-122.26195, 37.90849]}}, {"id": "475", "type": "Feature", "properties": {"name": "Out & Back in Alvarado", "step": 475, "lat": 37.90832, "lon": -122.26197, "elevation_m": 190.9, "time": null, "elevation_f": 626.312356, "step_elevation_m": -1.6999999999999886, "step_elevation_f": -5.577427999999941, "step_dist_m": 18.9843982995358, "step_dist_f": 62.28477331704904, "step_grade": -0.08954721520152452, "step_turn": 12.794512120683606, "coast_speed_mps": 6.804870683021701, "coast_speed_mph": 15.222062193588254}, "geometry": {"type": "Point", "coordinates": [-122.26197, 37.90832]}}, {"id": "476", "type": "Feature", "properties": {"name": "Out & Back in Alvarado", "step": 476, "lat": 37.90819, "lon": -122.26201, "elevation_m": 189.0, "time": null, "elevation_f": 620.07876, "step_elevation_m": -1.9000000000000057, "step_elevation_f": -6.233596000000034, "step_dist_m": 14.875214271706822, "step_dist_f": 48.80319799118661, "step_grade": -0.12772925252000383, "step_turn": 8.342435196693373, "coast_speed_mps": 8.372938760487015, "coast_speed_mph": 18.729730584482386}, "geometry": {"type": "Point", "coordinates": [-122.26201, 37.90819]}}, {"id": "477", "type": "Feature", "properties": {"name": "Out & Back in Alvarado", "step": 477, "lat": 37.90801, "lon": -122.26204, "elevation_m": 188.1, "time": null, "elevation_f": 617.126004, "step_elevation_m": -0.9000000000000057, "step_elevation_f": -2.952756000000022, "step_dist_m": 20.187396816636763, "step_dist_f": 66.23161897189456, "step_grade": -0.044582271214795806, "step_turn": 6.154206680536845, "coast_speed_mps": 8.633494580948456, "coast_speed_mph": 19.312577355378593}, "geometry": {"type": "Point", "coordinates": [-122.26204, 37.90801]}}, {"id": "478", "type": "Feature", "properties": {"name": "Out & Back in Alvarado", "step": 478, "lat": 37.90774, "lon": -122.26214, "elevation_m": 186.9, "time": null, "elevation_f": 613.188996, "step_elevation_m": -1.1999999999999886, "step_elevation_f": -3.9370079999999916, "step_dist_m": 31.27824630388203, "step_dist_f": 102.61892160362832, "step_grade": -0.03836532228634101, "step_turn": 8.798165111414733, "coast_speed_mps": 8.752289002521835, "coast_speed_mph": 19.578312908289693}, "geometry": {"type": "Point", "coordinates": [-122.26214, 37.90774]}}, {"id": "479", "type": "Feature", "properties": {"name": "Out & Back in Alvarado", "step": 479, "lat": 37.90758, "lon": -122.26217, "elevation_m": 188.5, "time": null, "elevation_f": 618.43834, "step_elevation_m": 1.5999999999999943, "step_elevation_f": 5.249344000000065, "step_dist_m": 17.984820081972362, "step_dist_f": 59.0053171177382, "step_grade": 0.08896391471849104, "step_turn": 7.874371229790086, "coast_speed_mps": 5.709330986346213, "coast_speed_mph": 12.771409686708587}, "geometry": {"type": "Point", "coordinates": [-122.26217, 37.90758]}}, {"id": "480", "type": "Feature", "properties": {"name": "Out & Back in Alvarado", "step": 480, "lat": 37.90738, "lon": -122.26218, "elevation_m": 189.8, "time": null, "elevation_f": 622.703432, "step_elevation_m": 1.3000000000000114, "step_elevation_f": 4.2650919999999815, "step_dist_m": 22.256284065687872, "step_dist_f": 73.0193070140714, "step_grade": 0.058410469428011966, "step_turn": 6.156027167038189, "coast_speed_mps": 2.1390417079897803, "coast_speed_mph": 4.784900026820369}, "geometry": {"type": "Point", "coordinates": [-122.26218, 37.90738]}}, {"id": "481", "type": "Feature", "properties": {"name": "Out & Back in Alvarado", "step": 481, "lat": 37.9073, "lon": -122.26215, "elevation_m": 190.1, "time": null, "elevation_f": 623.687684, "step_elevation_m": 0.29999999999998295, "step_elevation_f": 0.9842519999999695, "step_dist_m": 9.276800570413505, "step_dist_f": 30.435698383435444, "step_grade": 0.03233873550723649, "step_turn": 18.74144523360897, "coast_speed_mps": 0.0, "coast_speed_mph": 0.0}, "geometry": {"type": "Point", "coordinates": [-122.26215, 37.9073]}}, {"id": "482", "type": "Feature", "properties": {"name": "Out & Back in Alvarado", "step": 482, "lat": 37.9073, "lon": -122.26215, "elevation_m": 190.1, "time": null, "elevation_f": 623.687684, "step_elevation_m": 0.0, "step_elevation_f": 0.0, "step_dist_m": 0.0, "step_dist_f": 0.0, "step_grade": null, "step_turn": null, "coast_speed_mps": 0.0, "coast_speed_mph": 0.0}, "geometry": {"type": "Point", "coordinates": [-122.26215, 37.9073]}}, {"id": "483", "type": "Feature", "properties": {"name": "Out & Back in Alvarado", "step": 483, "lat": 37.90726, "lon": -122.26214, "elevation_m": 190.1, "time": null, "elevation_f": 623.687684, "step_elevation_m": 0.0, "step_elevation_f": 0.0, "step_dist_m": 4.533499185498908, "step_dist_f": 14.873685467752237, "step_grade": 0.0, "step_turn": null, "coast_speed_mps": 0.0, "coast_speed_mph": 0.0}, "geometry": {"type": "Point", "coordinates": [-122.26214, 37.90726]}}, {"id": "484", "type": "Feature", "properties": {"name": "Out & Back in Alvarado", "step": 484, "lat": 37.90713, "lon": -122.26206, "elevation_m": 190.7, "time": null, "elevation_f": 625.6561879999999, "step_elevation_m": 0.5999999999999943, "step_elevation_f": 1.968503999999939, "step_dist_m": 16.069188343323997, "step_dist_f": 52.7204358843111, "step_grade": 0.037338538025740824, "step_turn": 14.74014342578073, "coast_speed_mps": 0.0, "coast_speed_mph": 0.0}, "geometry": {"type": "Point", "coordinates": [-122.26206, 37.90713]}}, {"id": "485", "type": "Feature", "properties": {"name": "Out & Back in Alvarado", "step": 485, "lat": 37.90697, "lon": -122.26194, "elevation_m": 191.1, "time": null, "elevation_f": 626.968524, "step_elevation_m": 0.4000000000000057, "step_elevation_f": 1.312336000000073, "step_dist_m": 20.672837139126127, "step_dist_f": 67.82427099953057, "step_grade": 0.019349061636196603, "step_turn": 4.7166530790565275, "coast_speed_mps": 0.0, "coast_speed_mph": 0.0}, "geometry": {"type": "Point", "coordinates": [-122.26194, 37.90697]}}, {"id": "486", "type": "Feature", "properties": {"name": "Out & Back in Alvarado", "step": 486, "lat": 37.90665, "lon": -122.26163, "elevation_m": 187.3, "time": null, "elevation_f": 614.501332, "step_elevation_m": -3.799999999999983, "step_elevation_f": -12.467191999999955, "step_dist_m": 44.786294432231045, "step_dist_f": 146.9366662250409, "step_grade": -0.08484738574989725, "step_turn": 6.7775127638112735, "coast_speed_mps": 8.217441403862681, "coast_speed_mph": 18.381892904130886}, "geometry": {"type": "Point", "coordinates": [-122.26163, 37.90665]}}, {"id": "487", "type": "Feature", "properties": {"name": "Out & Back in Alvarado", "step": 487, "lat": 37.90653, "lon": -122.26147, "elevation_m": 184.5, "time": null, "elevation_f": 605.31498, "step_elevation_m": -2.8000000000000114, "step_elevation_f": -9.186352000000056, "step_dist_m": 19.36742402385021, "step_dist_f": 63.541419434408716, "step_grade": -0.1445726595623622, "step_turn": 9.059420336510698, "coast_speed_mps": 10.49417971794783, "coast_speed_mph": 23.474811466418707}, "geometry": {"type": "Point", "coordinates": [-122.26147, 37.90653]}}, {"id": "488", "type": "Feature", "properties": {"name": "Out & Back in Alvarado", "step": 488, "lat": 37.90635, "lon": -122.26114, "elevation_m": 181.7, "time": null, "elevation_f": 596.1286279999999, "step_elevation_m": -2.8000000000000114, "step_elevation_f": -9.186352000000056, "step_dist_m": 35.19721157170959, "step_dist_f": 115.47641961292769, "step_grade": -0.07955175637409195, "step_turn": 8.891415680160776, "coast_speed_mps": 11.362305519677756, "coast_speed_mph": 25.4167535783772}, "geometry": {"type": "Point", "coordinates": [-122.26114, 37.90635]}}, {"id": "489", "type": "Feature", "properties": {"name": "Out & Back in Alvarado", "step": 489, "lat": 37.90628, "lon": -122.26107, "elevation_m": 181.1, "time": null, "elevation_f": 594.160124, "step_elevation_m": -0.5999999999999943, "step_elevation_f": -1.968503999999939, "step_dist_m": 9.914746945208323, "step_dist_f": 32.528698367717276, "step_grade": -0.06051591667601431, "step_turn": 17.069541176101097, "coast_speed_mps": 11.736274843045685, "coast_speed_mph": 26.253299129933946}, "geometry": {"type": "Point", "coordinates": [-122.26107, 37.90628]}}, {"id": "490", "type": "Feature", "properties": {"name": "Out & Back in Alvarado", "step": 490, "lat": 37.90619, "lon": -122.26104, "elevation_m": 179.0, "time": null, "elevation_f": 587.27036, "step_elevation_m": -2.0999999999999943, "step_elevation_f": -6.889764000000014, "step_dist_m": 10.347877406254293, "step_dist_f": 33.94973010953533, "step_grade": -0.20294017000343925, "step_turn": 23.538620886149374, "coast_speed_mps": 12.370908604932842, "coast_speed_mph": 27.672934424062337}, "geometry": {"type": "Point", "coordinates": [-122.26104, 37.90619]}}, {"id": "491", "type": "Feature", "properties": {"name": "Out & Back in Alvarado", "step": 491, "lat": 37.90596, "lon": -122.26112, "elevation_m": 171.6, "time": null, "elevation_f": 562.9921439999999, "step_elevation_m": -7.400000000000006, "step_elevation_f": -24.278216000000043, "step_dist_m": 26.520473888937186, "step_dist_f": 87.00943155378067, "step_grade": -0.279029704785436, "step_turn": 30.081933759130123, "coast_speed_mps": 16.28556663507747, "coast_speed_mph": 36.42977504267504}, "geometry": {"type": "Point", "coordinates": [-122.26112, 37.90596]}}, {"id": "492", "type": "Feature", "properties": {"name": "Out & Back in Alvarado", "step": 492, "lat": 37.9058, "lon": -122.26126, "elevation_m": 168.1, "time": null, "elevation_f": 551.509204, "step_elevation_m": -3.5, "step_elevation_f": -11.482939999999985, "step_dist_m": 21.619354338734578, "step_dist_f": 70.92964248869396, "step_grade": -0.16189197628946683, "step_turn": 19.27447121919323, "coast_speed_mps": 17.021915083382424, "coast_speed_mph": 38.07693961028634}, "geometry": {"type": "Point", "coordinates": [-122.26126, 37.9058]}}, {"id": "493", "type": "Feature", "properties": {"name": "Out & Back in Alvarado", "step": 493, "lat": 37.9057, "lon": -122.26113, "elevation_m": 168.0, "time": null, "elevation_f": 551.18112, "step_elevation_m": -0.09999999999999432, "step_elevation_f": -0.32808399999998983, "step_dist_m": 15.928921892083762, "step_dist_f": 52.26024410042409, "step_grade": -0.006277888778504939, "step_turn": 80.34871136885667, "coast_speed_mps": 15.57084378077906, "coast_speed_mph": 34.83098555113422}, "geometry": {"type": "Point", "coordinates": [-122.26113, 37.9057]}}, {"id": "494", "type": "Feature", "properties": {"name": "Out & Back in Alvarado", "step": 494, "lat": 37.90572, "lon": -122.26108, "elevation_m": 168.9, "time": null, "elevation_f": 554.133876, "step_elevation_m": 0.9000000000000057, "step_elevation_f": 2.952756000000022, "step_dist_m": 4.918277044254831, "step_dist_f": 16.13608005787302, "step_grade": 0.1829909116346586, "step_turn": 71.15530024714809, "coast_speed_mps": 15.04786723929014, "coast_speed_mph": 33.661120345584564}, "geometry": {"type": "Point", "coordinates": [-122.26108, 37.90572]}}, {"id": "495", "type": "Feature", "properties": {"name": "Out & Back in Alvarado", "step": 495, "lat": 37.90572, "lon": -122.26096, "elevation_m": 170.3, "time": null, "elevation_f": 558.7270520000001, "step_elevation_m": 1.4000000000000057, "step_elevation_f": 4.593176000000085, "step_dist_m": 10.52823928372871, "step_dist_f": 34.541468571628506, "step_grade": 0.13297570109027554, "step_turn": 26.882988561666878, "coast_speed_mps": 13.30733419144489, "coast_speed_mph": 29.767658803339465}, "geometry": {"type": "Point", "coordinates": [-122.26096, 37.90572]}}, {"id": "496", "type": "Feature", "properties": {"name": "Out & Back in Alvarado", "step": 496, "lat": 37.90575, "lon": -122.26078, "elevation_m": 173.0, "time": null, "elevation_f": 567.58532, "step_elevation_m": 2.6999999999999886, "step_elevation_f": 8.858267999999953, "step_dist_m": 16.140829573645604, "step_dist_f": 52.955479298399446, "step_grade": 0.16727764751376162, "step_turn": 11.927377002112792, "coast_speed_mps": 10.062987241946571, "coast_speed_mph": 22.510261367990694}, "geometry": {"type": "Point", "coordinates": [-122.26078, 37.90575]}}, {"id": "497", "type": "Feature", "properties": {"name": "Out & Back in Alvarado", "step": 497, "lat": 37.90584, "lon": -122.26048, "elevation_m": 177.5, "time": null, "elevation_f": 582.3491, "step_elevation_m": 4.5, "step_elevation_f": 14.763779999999997, "step_dist_m": 28.1588956270171, "step_dist_f": 92.38483112894278, "step_grade": 0.15980740365692708, "step_turn": 8.890360861675049, "coast_speed_mps": 2.1353186814867895, "coast_speed_mph": 4.776571853719549}, "geometry": {"type": "Point", "coordinates": [-122.26048, 37.90584]}}, {"id": "498", "type": "Feature", "properties": {"name": "Out & Back in Alvarado", "step": 498, "lat": 37.90584, "lon": -122.26039, "elevation_m": 177.7, "time": null, "elevation_f": 583.005268, "step_elevation_m": 0.19999999999998863, "step_elevation_f": 0.6561679999999797, "step_dist_m": 7.896166586422326, "step_dist_f": 25.906059183397822, "step_grade": 0.025328746273399816, "step_turn": 20.8177470790298, "coast_speed_mps": 0.0, "coast_speed_mph": 0.0}, "geometry": {"type": "Point", "coordinates": [-122.26039, 37.90584]}}, {"id": "499", "type": "Feature", "properties": {"name": "Out & Back in Alvarado", "step": 499, "lat": 37.90583, "lon": -122.2603, "elevation_m": 178.0, "time": null, "elevation_f": 583.98952, "step_elevation_m": 0.30000000000001137, "step_elevation_f": 0.9842519999999695, "step_dist_m": 7.974075896532401, "step_dist_f": 26.161667164379363, "step_grade": 0.037621914299871294, "step_turn": 8.01576292591858, "coast_speed_mps": 0.0, "coast_speed_mph": 0.0}, "geometry": {"type": "Point", "coordinates": [-122.2603, 37.90583]}}, {"id": "500", "type": "Feature", "properties": {"name": "Out & Back in Alvarado", "step": 500, "lat": 37.90583, "lon": -122.26022, "elevation_m": 179.3, "time": null, "elevation_f": 588.2546120000001, "step_elevation_m": 1.3000000000000114, "step_elevation_f": 4.265092000000095, "step_dist_m": 7.018815696094393, "step_dist_f": 23.027611288374327, "step_grade": 0.18521643198629564, "step_turn": 8.015759854147916, "coast_speed_mps": 0.0, "coast_speed_mph": 0.0}, "geometry": {"type": "Point", "coordinates": [-122.26022, 37.90583]}}, {"id": "501", "type": "Feature", "properties": {"name": "Out & Back in Alvarado", "step": 501, "lat": 37.90587, "lon": -122.26006, "elevation_m": 183.4, "time": null, "elevation_f": 601.706056, "step_elevation_m": 4.099999999999994, "step_elevation_f": 13.451443999999924, "step_dist_m": 14.725416355663569, "step_dist_f": 48.311734996315266, "step_grade": 0.27843015782865016, "step_turn": 17.580736138524514, "coast_speed_mps": 0.0, "coast_speed_mph": 0.0}, "geometry": {"type": "Point", "coordinates": [-122.26006, 37.90587]}}, {"id": "502", "type": "Feature", "properties": {"name": "Out & Back in Alvarado", "step": 502, "lat": 37.90585, "lon": -122.25999, "elevation_m": 184.6, "time": null, "elevation_f": 605.643064, "step_elevation_m": 1.1999999999999886, "step_elevation_f": 3.9370079999999916, "step_dist_m": 6.531712693321698, "step_dist_f": 21.42950427275756, "step_grade": 0.18371904220877933, "step_turn": 37.48668285668424, "coast_speed_mps": 0.0, "coast_speed_mph": 0.0}, "geometry": {"type": "Point", "coordinates": [-122.25999, 37.90585]}}, {"id": "503", "type": "Feature", "properties": {"name": "Out & Back in Alvarado", "step": 503, "lat": 37.90576, "lon": -122.25979, "elevation_m": 185.7, "time": null, "elevation_f": 609.251988, "step_elevation_m": 1.0999999999999943, "step_elevation_f": 3.608924000000002, "step_dist_m": 20.200240602167007, "step_dist_f": 66.2737573772136, "step_grade": 0.05445479693355684, "step_turn": 9.791270578174363, "coast_speed_mps": 0.0, "coast_speed_mph": 0.0}, "geometry": {"type": "Point", "coordinates": [-122.25979, 37.90576]}}, {"id": "504", "type": "Feature", "properties": {"name": "Out & Back in Alvarado", "step": 504, "lat": 37.90574, "lon": -122.25969, "elevation_m": 185.9, "time": null, "elevation_f": 609.908156, "step_elevation_m": 0.20000000000001705, "step_elevation_f": 0.6561679999999797, "step_dist_m": 9.050996552269906, "step_dist_f": 29.694871528549196, "step_grade": 0.02209701427295969, "step_turn": 15.473569610481434, "coast_speed_mps": 0.0, "coast_speed_mph": 0.0}, "geometry": {"type": "Point", "coordinates": [-122.25969, 37.90574]}}, {"id": "505", "type": "Feature", "properties": {"name": "Out & Back in Alvarado", "step": 505, "lat": 37.90574, "lon": -122.25961, "elevation_m": 186.5, "time": null, "elevation_f": 611.87666, "step_elevation_m": 0.5999999999999943, "step_elevation_f": 1.9685040000000527, "step_dist_m": 7.018824282949422, "step_dist_f": 23.02763946047178, "step_grade": 0.08548440248854111, "step_turn": 14.223647685822584, "coast_speed_mps": 0.0, "coast_speed_mph": 0.0}, "geometry": {"type": "Point", "coordinates": [-122.25961, 37.90574]}}, {"id": "506", "type": "Feature", "properties": {"name": "Out & Back in Alvarado", "step": 506, "lat": 37.90575, "lon": -122.25942, "elevation_m": 187.8, "time": null, "elevation_f": 616.141752, "step_elevation_m": 1.3000000000000114, "step_elevation_f": 4.2650919999999815, "step_dist_m": 16.706751544360728, "step_dist_f": 54.81217873680045, "step_grade": 0.07781285287856089, "step_turn": 3.8162832344362414, "coast_speed_mps": 0.0, "coast_speed_mph": 0.0}, "geometry": {"type": "Point", "coordinates": [-122.25942, 37.90575]}}, {"id": "507", "type": "Feature", "properties": {"name": "Out & Back in Alvarado", "step": 507, "lat": 37.90575, "lon": -122.25934, "elevation_m": 188.2, "time": null, "elevation_f": 617.454088, "step_elevation_m": 0.39999999999997726, "step_elevation_f": 1.3123359999999593, "step_dist_m": 7.0188233291033155, "step_dist_f": 23.027636331055323, "step_grade": 0.05698960940381426, "step_turn": 3.8162832344328876, "coast_speed_mps": 0.0, "coast_speed_mph": 0.0}, "geometry": {"type": "Point", "coordinates": [-122.25934, 37.90575]}}, {"id": "508", "type": "Feature", "properties": {"name": "Out & Back in Alvarado", "step": 508, "lat": 37.90574, "lon": -122.25925, "elevation_m": 188.3, "time": null, "elevation_f": 617.7821720000001, "step_elevation_m": 0.10000000000002274, "step_elevation_f": 0.3280840000001035, "step_dist_m": 7.974085459875855, "step_dist_f": 26.1616985401791, "step_grade": 0.012540623059936404, "step_turn": 8.015750182647196, "coast_speed_mps": 0.0, "coast_speed_mph": 0.0}, "geometry": {"type": "Point", "coordinates": [-122.25925, 37.90574]}}, {"id": "509", "type": "Feature", "properties": {"name": "Out & Back in Alvarado", "step": 509, "lat": 37.90571, "lon": -122.25917, "elevation_m": 188.1, "time": null, "elevation_f": 617.126004, "step_elevation_m": -0.20000000000001705, "step_elevation_f": -0.6561680000000933, "step_dist_m": 7.771215793658513, "step_dist_f": 25.496115624466594, "step_grade": -0.025735998756233426, "step_turn": 17.404658566270484, "coast_speed_mps": 0.0, "coast_speed_mph": 0.0}, "geometry": {"type": "Point", "coordinates": [-122.25917, 37.90571]}}, {"id": "510", "type": "Feature", "properties": {"name": "Out & Back in Alvarado", "step": 510, "lat": 37.90561, "lon": -122.25903, "elevation_m": 187.0, "time": null, "elevation_f": 613.51708, "step_elevation_m": -1.0999999999999943, "step_elevation_f": -3.608924000000002, "step_dist_m": 16.568467685184885, "step_dist_f": 54.35849152026198, "step_grade": -0.06639117273250243, "step_turn": 16.733430865892558, "coast_speed_mps": 3.3778198131890265, "coast_speed_mph": 7.555967728142947}, "geometry": {"type": "Point", "coordinates": [-122.25903, 37.90561]}}, {"id": "511", "type": "Feature", "properties": {"name": "Out & Back in Alvarado", "step": 511, "lat": 37.90558, "lon": -122.25897, "elevation_m": 186.8, "time": null, "elevation_f": 612.860912, "step_elevation_m": -0.19999999999998863, "step_elevation_f": -0.6561679999999797, "step_dist_m": 6.232088759449512, "step_dist_f": 20.446486085552337, "step_grade": -0.0320919691165719, "step_turn": 9.791635057362669, "coast_speed_mps": 3.8982002147784045, "coast_speed_mph": 8.72002553413207}, "geometry": {"type": "Point", "coordinates": [-122.25897, 37.90558]}}, {"id": "512", "type": "Feature", "properties": {"name": "Out & Back in Alvarado", "step": 512, "lat": 37.90556, "lon": -122.25889, "elevation_m": 186.8, "time": null, "elevation_f": 612.860912, "step_elevation_m": 0.0, "step_elevation_f": 0.0, "step_dist_m": 7.362733637949295, "step_dist_f": 24.155951028729564, "step_grade": 0.0, "step_turn": 14.78155577225533, "coast_speed_mps": 4.072367563590828, "coast_speed_mph": 9.109626797581477}, "geometry": {"type": "Point", "coordinates": [-122.25889, 37.90556]}}, {"id": "513", "type": "Feature", "properties": {"name": "Out & Back in Alvarado", "step": 513, "lat": 37.90556, "lon": -122.25879, "elevation_m": 187.2, "time": null, "elevation_f": 614.173248, "step_elevation_m": 0.39999999999997726, "step_elevation_f": 1.3123359999999593, "step_dist_m": 8.773551812945941, "step_dist_f": 28.78461972998556, "step_grade": 0.04559156981437683, "step_turn": 17.580654928640115, "coast_speed_mps": 2.7834170375852456, "coast_speed_mph": 6.226326587296981}, "geometry": {"type": "Point", "coordinates": [-122.25879, 37.90556]}}, {"id": "514", "type": "Feature", "properties": {"name": "Out & Back in Alvarado", "step": 514, "lat": 37.90557, "lon": -122.2587, "elevation_m": 187.7, "time": null, "elevation_f": 615.813668, "step_elevation_m": 0.5, "step_elevation_f": 1.6404200000000628, "step_dist_m": 7.974104586505565, "step_dist_f": 26.161761291590917, "step_grade": 0.06270296490042795, "step_turn": 8.015730827204777, "coast_speed_mps": 0.0, "coast_speed_mph": 0.0}, "geometry": {"type": "Point", "coordinates": [-122.2587, 37.90557]}}, {"id": "515", "type": "Feature", "properties": {"name": "Out & Back in Alvarado", "step": 515, "lat": 37.9056, "lon": -122.2586, "elevation_m": 188.4, "time": null, "elevation_f": 618.110256, "step_elevation_m": 0.700000000000017, "step_elevation_f": 2.2965880000000425, "step_dist_m": 9.386321944946577, "step_dist_f": 30.795020489858526, "step_grade": 0.07457660243338278, "step_turn": 12.80189742947033, "coast_speed_mps": 0.0, "coast_speed_mph": 0.0}, "geometry": {"type": "Point", "coordinates": [-122.2586, 37.9056]}}, {"id": "516", "type": "Feature", "properties": {"name": "Out & Back in Alvarado", "step": 516, "lat": 37.90564, "lon": -122.25852, "elevation_m": 189.2, "time": null, "elevation_f": 620.734928, "step_elevation_m": 0.799999999999983, "step_elevation_f": 2.6246719999999186, "step_dist_m": 8.309449664653657, "step_dist_f": 27.261974837782304, "step_grade": 0.09627593069165398, "step_turn": 11.5445728157855, "coast_speed_mps": 0.0, "coast_speed_mph": 0.0}, "geometry": {"type": "Point", "coordinates": [-122.25852, 37.90564]}}, {"id": "517", "type": "Feature", "properties": {"name": "Out & Back in Alvarado", "step": 517, "lat": 37.90576, "lon": -122.25838, "elevation_m": 191.1, "time": null, "elevation_f": 626.968524, "step_elevation_m": 1.9000000000000057, "step_elevation_f": 6.233596000000034, "step_dist_m": 18.136067074936975, "step_dist_f": 59.50153430213622, "step_grade": 0.1047636178312165, "step_turn": 15.007412435759193, "coast_speed_mps": 0.0, "coast_speed_mph": 0.0}, "geometry": {"type": "Point", "coordinates": [-122.25838, 37.90576]}}, {"id": "518", "type": "Feature", "properties": {"name": "Out & Back in Alvarado", "step": 518, "lat": 37.90605, "lon": -122.25818, "elevation_m": 194.5, "time": null, "elevation_f": 638.12338, "step_elevation_m": 3.4000000000000057, "step_elevation_f": 11.154855999999995, "step_dist_m": 36.711531887359286, "step_dist_f": 120.44466227732384, "step_grade": 0.09261395058185279, "step_turn": 14.077495379348363, "coast_speed_mps": 0.0, "coast_speed_mph": 0.0}, "geometry": {"type": "Point", "coordinates": [-122.25818, 37.90605]}}, {"id": "519", "type": "Feature", "properties": {"name": "Out & Back in Alvarado", "step": 519, "lat": 37.90616, "lon": -122.25804, "elevation_m": 195.8, "time": null, "elevation_f": 642.388472, "step_elevation_m": 1.3000000000000114, "step_elevation_f": 4.2650919999999815, "step_dist_m": 17.334282544392842, "step_dist_f": 56.87100754294581, "step_grade": 0.07499589306166728, "step_turn": 16.567323037325934, "coast_speed_mps": 0.0, "coast_speed_mph": 0.0}, "geometry": {"type": "Point", "coordinates": [-122.25804, 37.90616]}}, {"id": "520", "type": "Feature", "properties": {"name": "Out & Back in Alvarado", "step": 520, "lat": 37.90628, "lon": -122.25788, "elevation_m": 197.4, "time": null, "elevation_f": 647.637816, "step_elevation_m": 1.5999999999999943, "step_elevation_f": 5.249344000000065, "step_dist_m": 19.36747518431271, "step_dist_f": 63.54158728370051, "step_grade": 0.08261273009379995, "step_turn": 1.3320273002746603, "coast_speed_mps": 0.0, "coast_speed_mph": 0.0}, "geometry": {"type": "Point", "coordinates": [-122.25788, 37.90628]}}, {"id": "521", "type": "Feature", "properties": {"name": "Out & Back in Alvarado", "step": 521, "lat": 37.90644, "lon": -122.25769, "elevation_m": 199.0, "time": null, "elevation_f": 652.88716, "step_elevation_m": 1.5999999999999943, "step_elevation_f": 5.249343999999951, "step_dist_m": 24.380337382757613, "step_dist_f": 79.98798609884649, "step_grade": 0.0656266554018877, "step_turn": 3.316461363136284, "coast_speed_mps": 0.0, "coast_speed_mph": 0.0}, "geometry": {"type": "Point", "coordinates": [-122.25769, 37.90644]}}, {"id": "522", "type": "Feature", "properties": {"name": "Out & Back in Alvarado", "step": 522, "lat": 37.90655, "lon": -122.2576, "elevation_m": 199.9, "time": null, "elevation_f": 655.839916, "step_elevation_m": 0.9000000000000057, "step_elevation_f": 2.952756000000022, "step_dist_m": 14.558726197096737, "step_dist_f": 47.76485125648286, "step_grade": 0.06181859510342885, "step_turn": 10.29121805215749, "coast_speed_mps": 0.0, "coast_speed_mph": 0.0}, "geometry": {"type": "Point", "coordinates": [-122.2576, 37.90655]}}, {"id": "523", "type": "Feature", "properties": {"name": "Out & Back in Alvarado", "step": 523, "lat": 37.90685, "lon": -122.25735, "elevation_m": 200.7, "time": null, "elevation_f": 658.4645879999999, "step_elevation_m": 0.799999999999983, "step_elevation_f": 2.6246719999999186, "step_dist_m": 39.92327915927991, "step_dist_f": 130.98189119693188, "step_grade": 0.020038434137843814, "step_turn": 0.4807198949521876, "coast_speed_mps": 0.0, "coast_speed_mph": 0.0}, "geometry": {"type": "Point", "coordinates": [-122.25735, 37.90685]}}, {"id": "524", "type": "Feature", "properties": {"name": "Out & Back in Alvarado", "step": 524, "lat": 37.907, "lon": -122.25724, "elevation_m": 203.1, "time": null, "elevation_f": 666.338604, "step_elevation_m": 2.4000000000000057, "step_elevation_f": 7.874016000000097, "step_dist_m": 19.270017224023235, "step_dist_f": 63.221843309264386, "step_grade": 0.12454581498806407, "step_turn": 3.271301276126337, "coast_speed_mps": 0.0, "coast_speed_mph": 0.0}, "geometry": {"type": "Point", "coordinates": [-122.25724, 37.907]}}, {"id": "525", "type": "Feature", "properties": {"name": "Out & Back in Alvarado", "step": 525, "lat": 37.90709, "lon": -122.25715, "elevation_m": 205.1, "time": null, "elevation_f": 672.9002839999999, "step_elevation_m": 2.0, "step_elevation_f": 6.56167999999991, "step_dist_m": 12.747483264074416, "step_dist_f": 41.82245299210591, "step_grade": 0.15689371451355408, "step_turn": 8.21976416881904, "coast_speed_mps": 0.0, "coast_speed_mph": 0.0}, "geometry": {"type": "Point", "coordinates": [-122.25715, 37.90709]}}, {"id": "526", "type": "Feature", "properties": {"name": "Out & Back in Alvarado", "step": 526, "lat": 37.90717, "lon": -122.25702, "elevation_m": 206.0, "time": null, "elevation_f": 675.85304, "step_elevation_m": 0.9000000000000057, "step_elevation_f": 2.952756000000022, "step_dist_m": 14.464236971393863, "step_dist_f": 47.45484722522784, "step_grade": 0.06222243190428566, "step_turn": 13.773881615621235, "coast_speed_mps": 0.0, "coast_speed_mph": 0.0}, "geometry": {"type": "Point", "coordinates": [-122.25702, 37.90717]}}, {"id": "527", "type": "Feature", "properties": {"name": "Out & Back in Alvarado", "step": 527, "lat": 37.90723, "lon": -122.25688, "elevation_m": 205.8, "time": null, "elevation_f": 675.196872, "step_elevation_m": -0.19999999999998863, "step_elevation_f": -0.6561679999999797, "step_dist_m": 13.977704085668623, "step_dist_f": 45.858610672425044, "step_grade": -0.01430850150884573, "step_turn": 9.442511421520862, "coast_speed_mps": 0.0, "coast_speed_mph": 0.0}, "geometry": {"type": "Point", "coordinates": [-122.25688, 37.90723]}}, {"id": "528", "type": "Feature", "properties": {"name": "Out & Back in Alvarado", "step": 528, "lat": 37.90737, "lon": -122.25675, "elevation_m": 206.5, "time": null, "elevation_f": 677.49346, "step_elevation_m": 0.6999999999999886, "step_elevation_f": 2.2965880000000425, "step_dist_m": 19.2982503011865, "step_dist_f": 63.314471518144714, "step_grade": 0.036272718462821006, "step_turn": 25.26184289170169, "coast_speed_mps": 0.0, "coast_speed_mph": 0.0}, "geometry": {"type": "Point", "coordinates": [-122.25675, 37.90737]}}, {"id": "529", "type": "Feature", "properties": {"name": "Out & Back in Alvarado", "step": 529, "lat": 37.90746, "lon": -122.25657, "elevation_m": 205.0, "time": null, "elevation_f": 672.5722, "step_elevation_m": -1.5, "step_elevation_f": -4.921260000000075, "step_dist_m": 18.695936338765254, "step_dist_f": 61.33837577767459, "step_grade": -0.08023133866207127, "step_turn": 21.4088412890668, "coast_speed_mps": 4.12155741361324, "coast_speed_mph": 9.219661358297323}, "geometry": {"type": "Point", "coordinates": [-122.25657, 37.90746]}}, {"id": "530", "type": "Feature", "properties": {"name": "Out & Back in Alvarado", "step": 530, "lat": 37.90751, "lon": -122.25652, "elevation_m": 205.1, "time": null, "elevation_f": 672.9002839999999, "step_elevation_m": 0.09999999999999432, "step_elevation_f": 0.32808399999998983, "step_dist_m": 7.0819188980952665, "step_dist_f": 23.234642797626876, "step_grade": 0.014120466703860452, "step_turn": 19.36354576045545, "coast_speed_mps": 4.177331349817872, "coast_speed_mph": 9.344424100344192}, "geometry": {"type": "Point", "coordinates": [-122.25652, 37.90751]}}, {"id": "531", "type": "Feature", "properties": {"name": "Out & Back in Alvarado", "step": 531, "lat": 37.90758, "lon": -122.25648, "elevation_m": 205.9, "time": null, "elevation_f": 675.524956, "step_elevation_m": 0.8000000000000114, "step_elevation_f": 2.6246720000000323, "step_dist_m": 8.53817877261588, "step_dist_f": 28.012398444349085, "step_grade": 0.09369679662433582, "step_turn": 14.004912692223002, "coast_speed_mps": 2.3235598704965095, "coast_speed_mph": 5.197655401074863}, "geometry": {"type": "Point", "coordinates": [-122.25648, 37.90758]}}, {"id": "532", "type": "Feature", "properties": {"name": "Out & Back in Alvarado", "step": 532, "lat": 37.90774, "lon": -122.25645, "elevation_m": 208.1, "time": null, "elevation_f": 682.742804, "step_elevation_m": 2.1999999999999886, "step_elevation_f": 7.217848000000004, "step_dist_m": 17.984820081972362, "step_dist_f": 59.0053171177382, "step_grade": 0.12232538273792498, "step_turn": 15.853477160109605, "coast_speed_mps": 0.0, "coast_speed_mph": 0.0}, "geometry": {"type": "Point", "coordinates": [-122.25645, 37.90774]}}, {"id": "533", "type": "Feature", "properties": {"name": "Out & Back in Alvarado", "step": 533, "lat": 37.90778, "lon": -122.25641, "elevation_m": 209.0, "time": null, "elevation_f": 685.69556, "step_elevation_m": 0.9000000000000057, "step_elevation_f": 2.952756000000022, "step_dist_m": 5.6655269952489595, "step_dist_f": 18.587687587092596, "step_grade": 0.1588554781849481, "step_turn": 29.85828879315943, "coast_speed_mps": 0.0, "coast_speed_mph": 0.0}, "geometry": {"type": "Point", "coordinates": [-122.25641, 37.90778]}}, {"id": "534", "type": "Feature", "properties": {"name": "Out & Back in Alvarado", "step": 534, "lat": 37.90781, "lon": -122.25635, "elevation_m": 210.0, "time": null, "elevation_f": 688.9764, "step_elevation_m": 1.0, "step_elevation_f": 3.280840000000012, "step_dist_m": 6.231955816980855, "step_dist_f": 20.446049922583466, "step_grade": 0.16046326857375923, "step_turn": 19.36354990316954, "coast_speed_mps": 0.0, "coast_speed_mph": 0.0}, "geometry": {"type": "Point", "coordinates": [-122.25635, 37.90781]}}, {"id": "535", "type": "Feature", "properties": {"name": "Out & Back in Alvarado", "step": 535, "lat": 37.90785, "lon": -122.25619, "elevation_m": 210.6, "time": null, "elevation_f": 690.944904, "step_elevation_m": 0.5999999999999943, "step_elevation_f": 1.968503999999939, "step_dist_m": 14.725056264830474, "step_dist_f": 48.31055359590641, "step_grade": 0.040746873167000555, "step_turn": 14.781786713510655, "coast_speed_mps": 0.0, "coast_speed_mph": 0.0}, "geometry": {"type": "Point", "coordinates": [-122.25619, 37.90785]}}, {"id": "536", "type": "Feature", "properties": {"name": "Out & Back in Alvarado", "step": 536, "lat": 37.90795, "lon": -122.256, "elevation_m": 210.8, "time": null, "elevation_f": 691.601072, "step_elevation_m": 0.20000000000001705, "step_elevation_f": 0.6561680000000933, "step_dist_m": 20.037613554555588, "step_dist_f": 65.74020405432816, "step_grade": 0.009981228525816474, "step_turn": 16.12481516283941, "coast_speed_mps": 0.0, "coast_speed_mph": 0.0}, "geometry": {"type": "Point", "coordinates": [-122.256, 37.90795]}}, {"id": "537", "type": "Feature", "properties": {"name": "Out & Back in Alvarado", "step": 537, "lat": 37.90802, "lon": -122.25591, "elevation_m": 212.3, "time": null, "elevation_f": 696.522332, "step_elevation_m": 1.5, "step_elevation_f": 4.921259999999961, "step_dist_m": 11.087422563886802, "step_dist_f": 36.376059444502374, "step_grade": 0.13528843077431701, "step_turn": 10.883683002143528, "coast_speed_mps": 0.0, "coast_speed_mph": 0.0}, "geometry": {"type": "Point", "coordinates": [-122.25591, 37.90802]}}, {"id": "538", "type": "Feature", "properties": {"name": "Out & Back in Alvarado", "step": 538, "lat": 37.90807, "lon": -122.25586, "elevation_m": 213.9, "time": null, "elevation_f": 701.7716760000001, "step_elevation_m": 1.5999999999999943, "step_elevation_f": 5.249344000000065, "step_dist_m": 7.0818982195920315, "step_dist_f": 23.23457495476632, "step_grade": 0.22592812694958017, "step_turn": 7.136949429042488, "coast_speed_mps": 0.0, "coast_speed_mph": 0.0}, "geometry": {"type": "Point", "coordinates": [-122.25586, 37.90807]}}, {"id": "539", "type": "Feature", "properties": {"name": "Out & Back in Alvarado", "step": 539, "lat": 37.90813, "lon": -122.25584, "elevation_m": 215.6, "time": null, "elevation_f": 707.349104, "step_elevation_m": 1.6999999999999886, "step_elevation_f": 5.577427999999941, "step_dist_m": 6.898573623628012, "step_dist_f": 22.63311628734373, "step_grade": 0.2464277534383906, "step_turn": 23.538301570794715, "coast_speed_mps": 0.0, "coast_speed_mph": 0.0}, "geometry": {"type": "Point", "coordinates": [-122.25584, 37.90813]}}, {"id": "540", "type": "Feature", "properties": {"name": "Out & Back in Alvarado", "step": 540, "lat": 37.90825, "lon": -122.25584, "elevation_m": 219.2, "time": null, "elevation_f": 719.160128, "step_elevation_m": 3.5999999999999943, "step_elevation_f": 11.811023999999975, "step_dist_m": 13.343391197764953, "step_dist_f": 43.77753157727517, "step_grade": 0.2697964817671689, "step_turn": null, "coast_speed_mps": 0.0, "coast_speed_mph": 0.0}, "geometry": {"type": "Point", "coordinates": [-122.25584, 37.90825]}}, {"id": "541", "type": "Feature", "properties": {"name": "Out & Back in Alvarado", "step": 541, "lat": 37.90829, "lon": -122.25583, "elevation_m": 220.4, "time": null, "elevation_f": 723.097136, "step_elevation_m": 1.200000000000017, "step_elevation_f": 3.9370079999999916, "step_dist_m": 4.533496901530553, "step_dist_f": 14.873677974417499, "step_grade": 0.2646963317863712, "step_turn": null, "coast_speed_mps": 0.0, "coast_speed_mph": 0.0}, "geometry": {"type": "Point", "coordinates": [-122.25583, 37.90829]}}, {"id": "542", "type": "Feature", "properties": {"name": "Out & Back in Alvarado", "step": 542, "lat": 37.90831, "lon": -122.25578, "elevation_m": 221.4, "time": null, "elevation_f": 726.377976, "step_elevation_m": 1.0, "step_elevation_f": 3.280840000000012, "step_dist_m": 4.918139322870496, "step_dist_f": 16.135628216046438, "step_grade": 0.20332892875762315, "step_turn": 51.957878127827314, "coast_speed_mps": 0.0, "coast_speed_mph": 0.0}, "geometry": {"type": "Point", "coordinates": [-122.25578, 37.90831]}}, {"id": "543", "type": "Feature", "properties": {"name": "Out & Back in Alvarado", "step": 543, "lat": 37.90832, "lon": -122.25566, "elevation_m": 222.5, "time": null, "elevation_f": 729.9869, "step_elevation_m": 1.0999999999999943, "step_elevation_f": 3.608924000000002, "step_dist_m": 10.58642694950577, "step_dist_f": 34.73237299301651, "step_grade": 0.10390663490587333, "step_turn": 20.854597572454622, "coast_speed_mps": 0.0, "coast_speed_mph": 0.0}, "geometry": {"type": "Point", "coordinates": [-122.25566, 37.90832]}}, {"id": "544", "type": "Feature", "properties": {"name": "Out & Back in Alvarado", "step": 544, "lat": 37.90832, "lon": -122.25558, "elevation_m": 222.6, "time": null, "elevation_f": 730.314984, "step_elevation_m": 0.09999999999999432, "step_elevation_f": 0.32808399999998983, "step_dist_m": 7.018578183565721, "step_dist_f": 23.02683204776976, "step_grade": 0.014247899985519615, "step_turn": 6.029216646204759, "coast_speed_mps": 0.0, "coast_speed_mph": 0.0}, "geometry": {"type": "Point", "coordinates": [-122.25558, 37.90832]}}, {"id": "545", "type": "Feature", "properties": {"name": "Out & Back in Alvarado", "step": 545, "lat": 37.90832, "lon": -122.2555, "elevation_m": 222.3, "time": null, "elevation_f": 729.330732, "step_elevation_m": -0.29999999999998295, "step_elevation_f": -0.9842519999999695, "step_dist_m": 7.018578183565721, "step_dist_f": 23.02683204776976, "step_grade": -0.04274369995655884, "step_turn": 0.0, "coast_speed_mps": 0.0, "coast_speed_mph": 0.0}, "geometry": {"type": "Point", "coordinates": [-122.2555, 37.90832]}}, {"id": "546", "type": "Feature", "properties": {"name": "Out & Back in Alvarado", "step": 546, "lat": 37.90835, "lon": -122.25542, "elevation_m": 222.2, "time": null, "elevation_f": 729.0026479999999, "step_elevation_m": -0.10000000000002274, "step_elevation_f": -0.3280840000001035, "step_dist_m": 7.770990936576484, "step_dist_f": 25.495377904357593, "step_grade": -0.012868371719408776, "step_turn": 25.42119668514937, "coast_speed_mps": 1.320259396780478, "coast_speed_mph": 2.9533361595841012}, "geometry": {"type": "Point", "coordinates": [-122.25542, 37.90835]}}, {"id": "547", "type": "Feature", "properties": {"name": "Out & Back in Alvarado", "step": 547, "lat": 37.90841, "lon": -122.25535, "elevation_m": 221.9, "time": null, "elevation_f": 728.018396, "step_elevation_m": -0.29999999999998295, "step_elevation_f": -0.9842519999998558, "step_dist_m": 9.067882046486353, "step_dist_f": 29.750270133394288, "step_grade": -0.03308380043565164, "step_turn": 21.949441322701034, "coast_speed_mps": 3.0224273478999004, "coast_speed_mph": 6.7609774246150165}, "geometry": {"type": "Point", "coordinates": [-122.25535, 37.90841]}}, {"id": "548", "type": "Feature", "properties": {"name": "Out & Back in Alvarado", "step": 548, "lat": 37.90847, "lon": -122.25528, "elevation_m": 221.0, "time": null, "elevation_f": 725.06564, "step_elevation_m": -0.9000000000000057, "step_elevation_f": -2.952756000000022, "step_dist_m": 9.06787865528072, "step_dist_f": 29.7502590073912, "step_grade": -0.09925143842500435, "step_turn": 2.3268113466201612e-05, "coast_speed_mps": 4.3468444728777005, "coast_speed_mph": 9.723614157296206}, "geometry": {"type": "Point", "coordinates": [-122.25528, 37.90847]}}, {"id": "549", "type": "Feature", "properties": {"name": "Out & Back in Alvarado", "step": 549, "lat": 37.90877, "lon": -122.255, "elevation_m": 219.8, "time": null, "elevation_f": 721.128632, "step_elevation_m": -1.1999999999999886, "step_elevation_f": -3.9370079999999916, "step_dist_m": 41.42732817220779, "step_dist_f": 135.9164353605062, "step_grade": -0.028966386512105036, "step_turn": 6.261758298213977, "coast_speed_mps": 0.0, "coast_speed_mph": 0.0}, "geometry": {"type": "Point", "coordinates": [-122.255, 37.90877]}}, {"id": "550", "type": "Feature", "properties": {"name": "Out & Back in Alvarado", "step": 550, "lat": 37.9088, "lon": -122.25494, "elevation_m": 223.5, "time": null, "elevation_f": 733.26774, "step_elevation_m": 3.6999999999999886, "step_elevation_f": 12.139107999999965, "step_dist_m": 6.2318959916517915, "step_dist_f": 20.445853645250864, "step_grade": 0.593719793295088, "step_turn": 21.269104198435002, "coast_speed_mps": 0.0, "coast_speed_mph": 0.0}, "geometry": {"type": "Point", "coordinates": [-122.25494, 37.9088]}}, {"id": "551", "type": "Feature", "properties": {"name": "Out & Back in Alvarado", "step": 551, "lat": 37.90881, "lon": -122.25488, "elevation_m": 226.4, "time": null, "elevation_f": 742.782176, "step_elevation_m": 2.9000000000000057, "step_elevation_f": 9.514436000000046, "step_dist_m": 5.380061634542668, "step_dist_f": 17.651121413072964, "step_grade": 0.5390272820260209, "step_turn": 20.435479535094373, "coast_speed_mps": 0.0, "coast_speed_mph": 0.0}, "geometry": {"type": "Point", "coordinates": [-122.25488, 37.90881]}}, {"id": "552", "type": "Feature", "properties": {"name": "Out & Back in Alvarado", "step": 552, "lat": 37.90881, "lon": -122.25484, "elevation_m": 227.6, "time": null, "elevation_f": 746.7191839999999, "step_elevation_m": 1.1999999999999886, "step_elevation_f": 3.937007999999878, "step_dist_m": 3.5092657210761775, "step_dist_f": 11.513339348335567, "step_grade": 0.34195187693908446, "step_turn": 11.927848128050186, "coast_speed_mps": 0.0, "coast_speed_mph": 0.0}, "geometry": {"type": "Point", "coordinates": [-122.25484, 37.90881]}}, {"id": "553", "type": "Feature", "properties": {"name": "Out & Back in Alvarado", "step": 553, "lat": 37.9088, "lon": -122.2548, "elevation_m": 228.5, "time": null, "elevation_f": 749.67194, "step_elevation_m": 0.9000000000000057, "step_elevation_f": 2.952756000000022, "step_dist_m": 3.6812197362251244, "step_dist_f": 12.077492959396837, "step_grade": 0.24448418309386308, "step_turn": 17.581374138591173, "coast_speed_mps": 0.0, "coast_speed_mph": 0.0}, "geometry": {"type": "Point", "coordinates": [-122.2548, 37.9088]}}, {"id": "554", "type": "Feature", "properties": {"name": "Out & Back in Alvarado", "step": 554, "lat": 37.90876, "lon": -122.25478, "elevation_m": 228.4, "time": null, "elevation_f": 749.343856, "step_elevation_m": -0.09999999999999432, "step_elevation_f": -0.32808399999998983, "step_dist_m": 4.781384498599791, "step_dist_f": 15.686957518386137, "step_grade": -0.020914444347506233, "step_turn": 50.88964701261739, "coast_speed_mps": 0.0, "coast_speed_mph": 0.0}, "geometry": {"type": "Point", "coordinates": [-122.25478, 37.90876]}}, {"id": "555", "type": "Feature", "properties": {"name": "Out & Back in Alvarado", "step": 555, "lat": 37.90864, "lon": -122.25473, "elevation_m": 228.3, "time": null, "elevation_f": 749.0157720000001, "step_elevation_m": -0.09999999999999432, "step_elevation_f": -0.32808399999987614, "step_dist_m": 14.045933545083907, "step_dist_f": 46.08246061205308, "step_grade": -0.0071194983002745614, "step_turn": 3.3308943249453478, "coast_speed_mps": 2.7977994657758045, "coast_speed_mph": 6.258499162884309}, "geometry": {"type": "Point", "coordinates": [-122.25473, 37.90864]}}, {"id": "556", "type": "Feature", "properties": {"name": "Out & Back in Alvarado", "step": 556, "lat": 37.90859, "lon": -122.2547, "elevation_m": 228.0, "time": null, "elevation_f": 748.03152, "step_elevation_m": -0.30000000000001137, "step_elevation_f": -0.9842520000000832, "step_dist_m": 6.151257843809885, "step_dist_f": 20.181292784285223, "step_grade": -0.04877051289630241, "step_turn": 7.13455423725236, "coast_speed_mps": 3.3512229629781345, "coast_speed_mph": 7.496472268651868}, "geometry": {"type": "Point", "coordinates": [-122.2547, 37.90859]}}, {"id": "557", "type": "Feature", "properties": {"name": "Out & Back in Alvarado", "step": 557, "lat": 37.90853, "lon": -122.25465, "elevation_m": 227.3, "time": null, "elevation_f": 745.7349320000001, "step_elevation_m": -0.6999999999999886, "step_elevation_f": -2.296587999999929, "step_dist_m": 7.984594911901204, "step_dist_f": 26.196178370761945, "step_grade": -0.08766881823354923, "step_turn": 7.992027455593131, "coast_speed_mps": 4.693081167295247, "coast_speed_mph": 10.498123584679766}, "geometry": {"type": "Point", "coordinates": [-122.25465, 37.90853]}}, {"id": "558", "type": "Feature", "properties": {"name": "Out & Back in Alvarado", "step": 558, "lat": 37.90846, "lon": -122.25452, "elevation_m": 225.0, "time": null, "elevation_f": 738.189, "step_elevation_m": -2.3000000000000114, "step_elevation_f": -7.545932000000107, "step_dist_m": 13.808072174250329, "step_dist_f": 45.30207551216745, "step_grade": -0.1665692336319848, "step_turn": 22.363122105390346, "coast_speed_mps": 8.005709878396033, "coast_speed_mph": 17.9082629706425}, "geometry": {"type": "Point", "coordinates": [-122.25452, 37.90846]}}, {"id": "559", "type": "Feature", "properties": {"name": "Out & Back in Alvarado", "step": 559, "lat": 37.90843, "lon": -122.25443, "elevation_m": 222.8, "time": null, "elevation_f": 730.9711520000001, "step_elevation_m": -2.1999999999999886, "step_elevation_f": -7.21784799999989, "step_dist_m": 8.571634193103986, "step_dist_f": 28.12216032610328, "step_grade": -0.2566605095875327, "step_turn": 11.409181970611826, "coast_speed_mps": 9.624918148590927, "coast_speed_mph": 21.530328714636088}, "geometry": {"type": "Point", "coordinates": [-122.25443, 37.90843]}}, {"id": "560", "type": "Feature", "properties": {"name": "Out & Back in Alvarado", "step": 560, "lat": 37.90844, "lon": -122.25434, "elevation_m": 221.2, "time": null, "elevation_f": 725.721808, "step_elevation_m": -1.6000000000000227, "step_elevation_f": -5.249344000000065, "step_dist_m": 7.973799613935096, "step_dist_f": 26.160760725382822, "step_grade": -0.20065716188852376, "step_turn": 30.9190875605683, "coast_speed_mps": 10.743016087908124, "coast_speed_mph": 24.031442573165965}, "geometry": {"type": "Point", "coordinates": [-122.25434, 37.90844]}}, {"id": "561", "type": "Feature", "properties": {"name": "Out & Back in Alvarado", "step": 561, "lat": 37.90847, "lon": -122.25425, "elevation_m": 220.3, "time": null, "elevation_f": 722.769052, "step_elevation_m": -0.8999999999999773, "step_elevation_f": -2.952756000000022, "step_dist_m": 8.571633202782465, "step_dist_f": 28.122157077016823, "step_grade": -0.10499749332575564, "step_turn": 14.887005370488794, "coast_speed_mps": 11.334123314921976, "coast_speed_mph": 25.35371178176889}, "geometry": {"type": "Point", "coordinates": [-122.25425, 37.90847]}}, {"id": "562", "type": "Feature", "properties": {"name": "Out & Back in Alvarado", "step": 562, "lat": 37.9085, "lon": -122.25416, "elevation_m": 219.6, "time": null, "elevation_f": 720.472464, "step_elevation_m": -0.700000000000017, "step_elevation_f": -2.2965880000000425, "step_dist_m": 8.571630236884545, "step_dist_f": 28.122147346380288, "step_grade": -0.08166474528822418, "step_turn": 8.374928540888504e-06, "coast_speed_mps": 11.261167953542104, "coast_speed_mph": 25.19051528619831}, "geometry": {"type": "Point", "coordinates": [-122.25416, 37.9085]}}, {"id": "563", "type": "Feature", "properties": {"name": "Out & Back in Alvarado", "step": 563, "lat": 37.90856, "lon": -122.25408, "elevation_m": 220.0, "time": null, "elevation_f": 721.7848, "step_elevation_m": 0.4000000000000057, "step_elevation_f": 1.312336000000073, "step_dist_m": 9.683577885271006, "step_dist_f": 31.77026966911253, "step_grade": 0.041307046294161265, "step_turn": 20.645579037841514, "coast_speed_mps": 10.94023486242543, "coast_speed_mph": 24.47260840735822}, "geometry": {"type": "Point", "coordinates": [-122.25408, 37.90856]}}, {"id": "564", "type": "Feature", "properties": {"name": "Out & Back in Alvarado", "step": 564, "lat": 37.90868, "lon": -122.25395, "elevation_m": 222.8, "time": null, "elevation_f": 730.9711520000001, "step_elevation_m": 2.8000000000000114, "step_elevation_f": 9.186352000000056, "step_dist_m": 17.5534434370989, "step_dist_f": 57.59003936617155, "step_grade": 0.15951286196543407, "step_turn": 5.929509531756992, "coast_speed_mps": 7.002620729335797, "coast_speed_mph": 15.664416448943696}, "geometry": {"type": "Point", "coordinates": [-122.25395, 37.90868]}}, {"id": "565", "type": "Feature", "properties": {"name": "Out & Back in Alvarado", "step": 565, "lat": 37.9087, "lon": -122.25388, "elevation_m": 223.7, "time": null, "elevation_f": 733.923908, "step_elevation_m": 0.8999999999999773, "step_elevation_f": 2.9527559999999085, "step_dist_m": 6.531490604453494, "step_dist_f": 21.4287756347152, "step_grade": 0.137793966875848, "step_turn": 29.57150182494661, "coast_speed_mps": 5.138899928787172, "coast_speed_mph": 11.495391751939795}, "geometry": {"type": "Point", "coordinates": [-122.25388, 37.9087]}}, {"id": "566", "type": "Feature", "properties": {"name": "Out & Back in Alvarado", "step": 566, "lat": 37.90871, "lon": -122.25383, "elevation_m": 224.4, "time": null, "elevation_f": 736.220496, "step_elevation_m": 0.700000000000017, "step_elevation_f": 2.2965880000000425, "step_dist_m": 4.525327507769514, "step_dist_f": 14.846875500590533, "step_grade": 0.15468493690195687, "step_turn": 5.682453381780306, "coast_speed_mps": 3.3948700714380022, "coast_speed_mph": 7.59410806960898}, "geometry": {"type": "Point", "coordinates": [-122.25383, 37.90871]}}, {"id": "567", "type": "Feature", "properties": {"name": "Out & Back in Alvarado", "step": 567, "lat": 37.90869, "lon": -122.25376, "elevation_m": 225.3, "time": null, "elevation_f": 739.173252, "step_elevation_m": 0.9000000000000057, "step_elevation_f": 2.952756000000022, "step_dist_m": 6.531489819655686, "step_dist_f": 21.428773059919163, "step_grade": 0.13779398343262672, "step_turn": 34.130847366410705, "coast_speed_mps": 0.0, "coast_speed_mph": 0.0}, "geometry": {"type": "Point", "coordinates": [-122.25376, 37.90869]}}, {"id": "568", "type": "Feature", "properties": {"name": "Out & Back in Alvarado", "step": 568, "lat": 37.90866, "lon": -122.25372, "elevation_m": 226.0, "time": null, "elevation_f": 741.46984, "step_elevation_m": 0.6999999999999886, "step_elevation_f": 2.296587999999929, "step_dist_m": 4.8417839311700055, "step_dist_f": 15.8851183927398, "step_grade": 0.14457481167087835, "step_turn": 23.64205232212612, "coast_speed_mps": 0.0, "coast_speed_mph": 0.0}, "geometry": {"type": "Point", "coordinates": [-122.25372, 37.90866]}}, {"id": "569", "type": "Feature", "properties": {"name": "Out & Back in Alvarado", "step": 569, "lat": 37.9086, "lon": -122.25366, "elevation_m": 227.2, "time": null, "elevation_f": 745.406848, "step_elevation_m": 1.1999999999999886, "step_elevation_f": 3.9370079999999916, "step_dist_m": 8.498251938313908, "step_dist_f": 27.8814048892978, "step_grade": 0.14120551011083277, "step_turn": 8.178157554859183, "coast_speed_mps": 0.0, "coast_speed_mph": 0.0}, "geometry": {"type": "Point", "coordinates": [-122.25366, 37.9086]}}, {"id": "570", "type": "Feature", "properties": {"name": "Out & Back in Alvarado", "step": 570, "lat": 37.90853, "lon": -122.25359, "elevation_m": 228.0, "time": null, "elevation_f": 748.03152, "step_elevation_m": 0.8000000000000114, "step_elevation_f": 2.6246720000000323, "step_dist_m": 9.914630621935805, "step_dist_f": 32.528316729671864, "step_grade": 0.08068883557094268, "step_turn": 2.767464263797592e-05, "coast_speed_mps": 0.0, "coast_speed_mph": 0.0}, "geometry": {"type": "Point", "coordinates": [-122.25359, 37.90853]}}, {"id": "571", "type": "Feature", "properties": {"name": "Out & Back in Alvarado", "step": 571, "lat": 37.90848, "lon": -122.25349, "elevation_m": 228.6, "time": null, "elevation_f": 750.0000239999999, "step_elevation_m": 0.5999999999999943, "step_elevation_f": 1.968503999999939, "step_dist_m": 10.386521518010513, "step_dist_f": 34.07651525714961, "step_grade": 0.057767174405750556, "step_turn": 19.363620103537983, "coast_speed_mps": 0.0, "coast_speed_mph": 0.0}, "geometry": {"type": "Point", "coordinates": [-122.25349, 37.90848]}}, {"id": "572", "type": "Feature", "properties": {"name": "Out & Back in Alvarado", "step": 572, "lat": 37.90845, "lon": -122.25338, "elevation_m": 229.2, "time": null, "elevation_f": 751.968528, "step_elevation_m": 0.5999999999999943, "step_elevation_f": 1.9685040000000527, "step_dist_m": 10.210804683257724, "step_dist_f": 33.50001643701927, "step_grade": 0.05876128460118251, "step_turn": 13.29475633681426, "coast_speed_mps": 0.0, "coast_speed_mph": 0.0}, "geometry": {"type": "Point", "coordinates": [-122.25338, 37.90845]}}, {"id": "573", "type": "Feature", "properties": {"name": "Out & Back in Alvarado", "step": 573, "lat": 37.90843, "lon": -122.25326, "elevation_m": 229.8, "time": null, "elevation_f": 753.937032, "step_elevation_m": 0.6000000000000227, "step_elevation_f": 1.9685040000000527, "step_dist_m": 10.760174372262437, "step_dist_f": 35.302410487493496, "step_grade": 0.05576117814100689, "step_turn": 7.140688242877729, "coast_speed_mps": 0.0, "coast_speed_mph": 0.0}, "geometry": {"type": "Point", "coordinates": [-122.25326, 37.90843]}}, {"id": "574", "type": "Feature", "properties": {"name": "Out & Back in Alvarado", "step": 574, "lat": 37.90842, "lon": -122.25312, "elevation_m": 230.5, "time": null, "elevation_f": 756.23362, "step_elevation_m": 0.6999999999999886, "step_elevation_f": 2.296587999999929, "step_dist_m": 12.332724645479786, "step_dist_f": 40.4616963258759, "step_grade": 0.05675955801515069, "step_turn": 6.754835074981202, "coast_speed_mps": 0.0, "coast_speed_mph": 0.0}, "geometry": {"type": "Point", "coordinates": [-122.25312, 37.90842]}}, {"id": "575", "type": "Feature", "properties": {"name": "Out & Back in Alvarado", "step": 575, "lat": 37.90835, "lon": -122.25288, "elevation_m": 230.1, "time": null, "elevation_f": 754.921284, "step_elevation_m": -0.4000000000000057, "step_elevation_f": -1.3123359999999593, "step_dist_m": 22.44834740808874, "step_dist_f": 73.64943611035386, "step_grade": -0.017818683608570446, "step_turn": 15.114802965940726, "coast_speed_mps": 2.0795449961052785, "coast_speed_mph": 4.651809672748023}, "geometry": {"type": "Point", "coordinates": [-122.25288, 37.90835]}}, {"id": "576", "type": "Feature", "properties": {"name": "Out & Back in Alvarado", "step": 576, "lat": 37.90824, "lon": -122.25261, "elevation_m": 228.7, "time": null, "elevation_f": 750.3281079999999, "step_elevation_m": -1.4000000000000057, "step_elevation_f": -4.593176000000085, "step_dist_m": 26.659252596683768, "step_dist_f": 87.46474228930397, "step_grade": -0.05251460050962405, "step_turn": 7.0223300342017865, "coast_speed_mps": 3.5904934105074644, "coast_speed_mph": 8.031705016346324}, "geometry": {"type": "Point", "coordinates": [-122.25261, 37.90824]}}, {"id": "577", "type": "Feature", "properties": {"name": "Out & Back in Alvarado", "step": 577, "lat": 37.90821, "lon": -122.25248, "elevation_m": 229.1, "time": null, "elevation_f": 751.640444, "step_elevation_m": 0.4000000000000057, "step_elevation_f": 1.312336000000073, "step_dist_m": 11.883036861530721, "step_dist_f": 38.98634265678445, "step_grade": 0.03366142886377274, "step_turn": 11.006694801778508, "coast_speed_mps": 3.3709233130306266, "coast_speed_mph": 7.540540696650463}, "geometry": {"type": "Point", "coordinates": [-122.25248, 37.90821]}}, {"id": "578", "type": "Feature", "properties": {"name": "Out & Back in Alvarado", "step": 578, "lat": 37.90821, "lon": -122.25236, "elevation_m": 229.8, "time": null, "elevation_f": 753.937032, "step_elevation_m": 0.700000000000017, "step_elevation_f": 2.2965880000000425, "step_dist_m": 10.527883014697927, "step_dist_f": 34.54029970994155, "step_grade": 0.0664901005285441, "step_turn": 16.303387624110087, "coast_speed_mps": 0.0, "coast_speed_mph": 0.0}, "geometry": {"type": "Point", "coordinates": [-122.25236, 37.90821]}}, {"id": "579", "type": "Feature", "properties": {"name": "Out & Back in Alvarado", "step": 579, "lat": 37.90823, "lon": -122.25227, "elevation_m": 230.4, "time": null, "elevation_f": 755.905536, "step_elevation_m": 0.5999999999999943, "step_elevation_f": 1.968503999999939, "step_dist_m": 8.203117587751477, "step_dist_f": 26.913116306598553, "step_grade": 0.0731429232339528, "step_turn": 15.729966567988015, "coast_speed_mps": 0.0, "coast_speed_mph": 0.0}, "geometry": {"type": "Point", "coordinates": [-122.25227, 37.90823]}}, {"id": "580", "type": "Feature", "properties": {"name": "Out & Back in Alvarado", "step": 580, "lat": 37.90828, "lon": -122.25213, "elevation_m": 231.4, "time": null, "elevation_f": 759.186376, "step_elevation_m": 1.0, "step_elevation_f": 3.280840000000012, "step_dist_m": 13.482252868170837, "step_dist_f": 44.23311450000961, "step_grade": 0.0741715802082914, "step_turn": 8.62416648633797, "coast_speed_mps": 0.0, "coast_speed_mph": 0.0}, "geometry": {"type": "Point", "coordinates": [-122.25213, 37.90828]}}, {"id": "581", "type": "Feature", "properties": {"name": "Out & Back in Alvarado", "step": 581, "lat": 37.90828, "lon": -122.25207, "elevation_m": 231.5, "time": null, "elevation_f": 759.51446, "step_elevation_m": 0.09999999999999432, "step_elevation_f": 0.32808399999998983, "step_dist_m": 5.26393649937656, "step_dist_f": 17.270133424614592, "step_grade": 0.01899718965299789, "step_turn": 24.354151487430954, "coast_speed_mps": 0.0, "coast_speed_mph": 0.0}, "geometry": {"type": "Point", "coordinates": [-122.25207, 37.90828]}}, {"id": "582", "type": "Feature", "properties": {"name": "Out & Back in Alvarado", "step": 582, "lat": 37.90828, "lon": -122.25203, "elevation_m": 231.6, "time": null, "elevation_f": 759.842544, "step_elevation_m": 0.09999999999999432, "step_elevation_f": 0.32808399999998983, "step_dist_m": 3.5092909973521085, "step_dist_f": 11.513422275752692, "step_grade": 0.028495784497623043, "step_turn": 6.143738403352472e-06, "coast_speed_mps": 0.0, "coast_speed_mph": 0.0}, "geometry": {"type": "Point", "coordinates": [-122.25203, 37.90828]}}, {"id": "583", "type": "Feature", "properties": {"name": "Out & Back in Alvarado", "step": 583, "lat": 37.90825, "lon": -122.25199, "elevation_m": 231.5, "time": null, "elevation_f": 759.51446, "step_elevation_m": -0.09999999999999432, "step_elevation_f": -0.32808399999998983, "step_dist_m": 4.841798103980698, "step_dist_f": 15.885164891464031, "step_grade": -0.020653484067784455, "step_turn": 43.54853529195981, "coast_speed_mps": 0.0, "coast_speed_mph": 0.0}, "geometry": {"type": "Point", "coordinates": [-122.25199, 37.90825]}}, {"id": "584", "type": "Feature", "properties": {"name": "Out & Back in Alvarado", "step": 584, "lat": 37.90823, "lon": -122.252, "elevation_m": 231.4, "time": null, "elevation_f": 759.186376, "step_elevation_m": -0.09999999999999432, "step_elevation_f": -0.32808399999998983, "step_dist_m": 2.3906946114493692, "step_dist_f": 7.8434865090275485, "step_grade": -0.04182884736556497, "step_turn": 67.98060858972016, "coast_speed_mps": 0.908759081785789, "coast_speed_mph": 2.032836170780664}, "geometry": {"type": "Point", "coordinates": [-122.252, 37.90823]}}, {"id": "585", "type": "Feature", "properties": {"name": "Out & Back in Alvarado", "step": 585, "lat": 37.90823, "lon": -122.252, "elevation_m": 231.4, "time": null, "elevation_f": 759.186376, "step_elevation_m": 0.0, "step_elevation_f": 0.0, "step_dist_m": 0.0, "step_dist_f": 0.0, "step_grade": null, "step_turn": null, "coast_speed_mps": 0.908759081785789, "coast_speed_mph": 2.032836170780664}, "geometry": {"type": "Point", "coordinates": [-122.252, 37.90823]}}, {"id": "586", "type": "Feature", "properties": {"name": "Out & Back in Alvarado", "step": 586, "lat": 37.90815, "lon": -122.25208, "elevation_m": 230.7, "time": null, "elevation_f": 756.889788, "step_elevation_m": -0.700000000000017, "step_elevation_f": -2.2965880000000425, "step_dist_m": 11.331028583149843, "step_dist_f": 37.17529181674133, "step_grade": -0.06177726892693341, "step_turn": null, "coast_speed_mps": 3.1239598866752747, "coast_speed_mph": 6.988099245426072}, "geometry": {"type": "Point", "coordinates": [-122.25208, 37.90815]}}, {"id": "587", "type": "Feature", "properties": {"name": "Out & Back in Alvarado", "step": 587, "lat": 37.90804, "lon": -122.25218, "elevation_m": 232.2, "time": null, "elevation_f": 761.8110479999999, "step_elevation_m": 1.5, "step_elevation_f": 4.921259999999961, "step_dist_m": 15.052510736775709, "step_dist_f": 49.38487932564322, "step_grade": 0.09965114964743113, "step_turn": 2.622552970238303, "coast_speed_mps": 0.0, "coast_speed_mph": 0.0}, "geometry": {"type": "Point", "coordinates": [-122.25218, 37.90804]}}, {"id": "588", "type": "Feature", "properties": {"name": "Out & Back in Alvarado", "step": 588, "lat": 37.90781, "lon": -122.25241, "elevation_m": 236.9, "time": null, "elevation_f": 777.230996, "step_elevation_m": 4.700000000000017, "step_elevation_f": 15.41994800000009, "step_dist_m": 32.5767521891433, "step_dist_f": 106.8791116522289, "step_grade": 0.14427466472751585, "step_turn": 2.6226993942137824, "coast_speed_mps": 0.0, "coast_speed_mph": 0.0}, "geometry": {"type": "Point", "coordinates": [-122.25241, 37.90781]}}, {"id": "589", "type": "Feature", "properties": {"name": "Out & Back in Alvarado", "step": 589, "lat": 37.90771, "lon": -122.25257, "elevation_m": 238.8, "time": null, "elevation_f": 783.464592, "step_elevation_m": 1.9000000000000057, "step_elevation_f": 6.233596000000034, "step_dist_m": 17.907760199379645, "step_dist_f": 58.752495972532714, "step_grade": 0.1060992541136342, "step_turn": 13.34237940487759, "coast_speed_mps": 0.0, "coast_speed_mph": 0.0}, "geometry": {"type": "Point", "coordinates": [-122.25257, 37.90771]}}, {"id": "590", "type": "Feature", "properties": {"name": "Out & Back in Alvarado", "step": 590, "lat": 37.90762, "lon": -122.25289, "elevation_m": 240.2, "time": null, "elevation_f": 788.057768, "step_elevation_m": 1.3999999999999773, "step_elevation_f": 4.593175999999971, "step_dist_m": 29.80489880629784, "step_dist_f": 97.7851041996542, "step_grade": 0.046972144045802106, "step_turn": 18.764968559289485, "coast_speed_mps": 0.0, "coast_speed_mph": 0.0}, "geometry": {"type": "Point", "coordinates": [-122.25289, 37.90762]}}, {"id": "591", "type": "Feature", "properties": {"name": "Out & Back in Alvarado", "step": 591, "lat": 37.90758, "lon": -122.25298, "elevation_m": 241.1, "time": null, "elevation_f": 791.010524, "step_elevation_m": 0.9000000000000057, "step_elevation_f": 2.952756000000022, "step_dist_m": 9.062525194340385, "step_dist_f": 29.732695158599707, "step_grade": 0.0993100687391261, "step_turn": 9.77332107294282, "coast_speed_mps": 0.0, "coast_speed_mph": 0.0}, "geometry": {"type": "Point", "coordinates": [-122.25298, 37.90758]}}, {"id": "592", "type": "Feature", "properties": {"name": "Out & Back in Alvarado", "step": 592, "lat": 37.90751, "lon": -122.25307, "elevation_m": 243.4, "time": null, "elevation_f": 798.556456, "step_elevation_m": 2.3000000000000114, "step_elevation_f": 7.545931999999993, "step_dist_m": 11.087456190014336, "step_dist_f": 36.37616976644664, "step_grade": 0.20744163138804136, "step_turn": 15.196982314228165, "coast_speed_mps": 0.0, "coast_speed_mph": 0.0}, "geometry": {"type": "Point", "coordinates": [-122.25307, 37.90751]}}, {"id": "593", "type": "Feature", "properties": {"name": "Out & Back in Alvarado", "step": 593, "lat": 37.90749, "lon": -122.25313, "elevation_m": 244.3, "time": null, "elevation_f": 801.509212, "step_elevation_m": 0.9000000000000057, "step_elevation_f": 2.952756000000022, "step_dist_m": 5.714485070289615, "step_dist_f": 18.74831119800898, "step_grade": 0.1574945054418338, "step_turn": 21.686713393113536, "coast_speed_mps": 0.0, "coast_speed_mph": 0.0}, "geometry": {"type": "Point", "coordinates": [-122.25313, 37.90749]}}, {"id": "594", "type": "Feature", "properties": {"name": "Out & Back in Alvarado", "step": 594, "lat": 37.90748, "lon": -122.25321, "elevation_m": 244.8, "time": null, "elevation_f": 803.149632, "step_elevation_m": 0.5, "step_elevation_f": 1.6404199999999491, "step_dist_m": 7.106193703818078, "step_dist_f": 23.3142845512345, "step_grade": 0.07036115547080508, "step_turn": 13.900373883567397, "coast_speed_mps": 0.0, "coast_speed_mph": 0.0}, "geometry": {"type": "Point", "coordinates": [-122.25321, 37.90748]}}, {"id": "595", "type": "Feature", "properties": {"name": "Out & Back in Alvarado", "step": 595, "lat": 37.9075, "lon": -122.2534, "elevation_m": 243.5, "time": null, "elevation_f": 798.88454, "step_elevation_m": -1.3000000000000114, "step_elevation_f": -4.2650919999999815, "step_dist_m": 16.817005121723618, "step_dist_f": 55.173903083555714, "step_grade": -0.07730270583795666, "step_turn": 16.601561014642982, "coast_speed_mps": 4.994444686332831, "coast_speed_mph": 11.172254577516163}, "geometry": {"type": "Point", "coordinates": [-122.2534, 37.9075]}}, {"id": "596", "type": "Feature", "properties": {"name": "Out & Back in Alvarado", "step": 596, "lat": 37.90749, "lon": -122.25348, "elevation_m": 242.8, "time": null, "elevation_f": 796.5879520000001, "step_elevation_m": -0.6999999999999886, "step_elevation_f": -2.296587999999929, "step_dist_m": 7.106192759480015, "step_dist_f": 23.314281453012413, "step_grade": -0.09850563074948308, "step_turn": 16.60156222090825, "coast_speed_mps": 5.057661163646032, "coast_speed_mph": 11.313665809873896}, "geometry": {"type": "Point", "coordinates": [-122.25348, 37.90749]}}, {"id": "597", "type": "Feature", "properties": {"name": "Out & Back in Alvarado", "step": 597, "lat": 37.90741, "lon": -122.25359, "elevation_m": 244.0, "time": null, "elevation_f": 800.52496, "step_elevation_m": 1.1999999999999886, "step_elevation_f": 3.937007999999878, "step_dist_m": 13.125045379695417, "step_dist_f": 43.06117388351991, "step_grade": 0.09142825531532266, "step_turn": 33.666207147192864, "coast_speed_mps": 3.1909320038604205, "coast_speed_mph": 7.137911604913245}, "geometry": {"type": "Point", "coordinates": [-122.25359, 37.90741]}}, {"id": "598", "type": "Feature", "properties": {"name": "Out & Back in Alvarado", "step": 598, "lat": 37.90733, "lon": -122.25365, "elevation_m": 244.8, "time": null, "elevation_f": 803.149632, "step_elevation_m": 0.8000000000000114, "step_elevation_f": 2.6246720000000323, "step_dist_m": 10.336406909402314, "step_dist_f": 33.91209724464348, "step_grade": 0.07739633385294717, "step_turn": 16.71629826977056, "coast_speed_mps": 0.0, "coast_speed_mph": 0.0}, "geometry": {"type": "Point", "coordinates": [-122.25365, 37.90733]}}, {"id": "599", "type": "Feature", "properties": {"name": "Out & Back in Alvarado", "step": 599, "lat": 37.90709, "lon": -122.25374, "elevation_m": 246.3, "time": null, "elevation_f": 808.0708920000001, "step_elevation_m": 1.5, "step_elevation_f": 4.921260000000075, "step_dist_m": 27.830405669206158, "step_dist_f": 91.30710813575833, "step_grade": 0.05389788484685018, "step_turn": 14.132774396417233, "coast_speed_mps": 0.0, "coast_speed_mph": 0.0}, "geometry": {"type": "Point", "coordinates": [-122.25374, 37.90709]}}, {"id": "600", "type": "Feature", "properties": {"name": "Out & Back in Alvarado", "step": 600, "lat": 37.90692, "lon": -122.25373, "elevation_m": 247.1, "time": null, "elevation_f": 810.695564, "step_elevation_m": 0.799999999999983, "step_elevation_f": 2.6246719999999186, "step_dist_m": 18.92348620984215, "step_dist_f": 62.08493049669852, "step_grade": 0.042275508388295864, "step_turn": 19.139654626225052, "coast_speed_mps": 0.0, "coast_speed_mph": 0.0}, "geometry": {"type": "Point", "coordinates": [-122.25373, 37.90692]}}, {"id": "601", "type": "Feature", "properties": {"name": "Out & Back in Alvarado", "step": 601, "lat": 37.90687, "lon": -122.25372, "elevation_m": 247.1, "time": null, "elevation_f": 810.695564, "step_elevation_m": 0.0, "step_elevation_f": 0.0, "step_dist_m": 5.628543635933977, "step_dist_f": 18.466351102517628, "step_grade": 0.0, "step_turn": 6.310122551661493, "coast_speed_mps": 0.0, "coast_speed_mph": 0.0}, "geometry": {"type": "Point", "coordinates": [-122.25372, 37.90687]}}, {"id": "602", "type": "Feature", "properties": {"name": "Out & Back in Alvarado", "step": 602, "lat": 37.9068, "lon": -122.25366, "elevation_m": 247.4, "time": null, "elevation_f": 811.679816, "step_elevation_m": 0.30000000000001137, "step_elevation_f": 0.9842519999999695, "step_dist_m": 9.396554858822283, "step_dist_f": 30.828593043018497, "step_grade": 0.03192659485389434, "step_turn": 25.102862823265923, "coast_speed_mps": 0.0, "coast_speed_mph": 0.0}, "geometry": {"type": "Point", "coordinates": [-122.25366, 37.9068]}}, {"id": "603", "type": "Feature", "properties": {"name": "Out & Back in Alvarado", "step": 603, "lat": 37.90673, "lon": -122.25358, "elevation_m": 247.5, "time": null, "elevation_f": 812.0079, "step_elevation_m": 0.09999999999999432, "step_elevation_f": 0.32808399999998983, "step_dist_m": 10.48082292558091, "step_dist_f": 34.38590308716287, "step_grade": 0.009541235522252821, "step_turn": 7.97156390991745, "coast_speed_mps": 0.0, "coast_speed_mph": 0.0}, "geometry": {"type": "Point", "coordinates": [-122.25358, 37.90673]}}, {"id": "604", "type": "Feature", "properties": {"name": "Out & Back in Alvarado", "step": 604, "lat": 37.90666, "lon": -122.25346, "elevation_m": 247.4, "time": null, "elevation_f": 811.679816, "step_elevation_m": -0.09999999999999432, "step_elevation_f": -0.32808399999998983, "step_dist_m": 13.09297569174917, "step_dist_f": 42.95595836851835, "step_grade": -0.007637683163424151, "step_turn": 11.481869573962967, "coast_speed_mps": 0.0, "coast_speed_mph": 0.0}, "geometry": {"type": "Point", "coordinates": [-122.25346, 37.90666]}}, {"id": "605", "type": "Feature", "properties": {"name": "Out & Back in Alvarado", "step": 605, "lat": 37.90663, "lon": -122.25333, "elevation_m": 247.9, "time": null, "elevation_f": 813.320236, "step_elevation_m": 0.5, "step_elevation_f": 1.6404200000000628, "step_dist_m": 11.883271920528731, "step_dist_f": 38.98711384774748, "step_grade": 0.04207595377298689, "step_turn": 20.173237266261822, "coast_speed_mps": 0.0, "coast_speed_mph": 0.0}, "geometry": {"type": "Point", "coordinates": [-122.25333, 37.90663]}}, {"id": "606", "type": "Feature", "properties": {"name": "Out & Back in Alvarado", "step": 606, "lat": 37.90662, "lon": -122.25322, "elevation_m": 248.5, "time": null, "elevation_f": 815.28874, "step_elevation_m": 0.5999999999999943, "step_elevation_f": 1.968503999999939, "step_dist_m": 9.714614812432385, "step_dist_f": 31.87209686122067, "step_grade": 0.061762613503948474, "step_turn": 9.73048756810789, "coast_speed_mps": 0.0, "coast_speed_mph": 0.0}, "geometry": {"type": "Point", "coordinates": [-122.25322, 37.90662]}}, {"id": "607", "type": "Feature", "properties": {"name": "Out & Back in Alvarado", "step": 607, "lat": 37.90663, "lon": -122.253, "elevation_m": 250.7, "time": null, "elevation_f": 822.506588, "step_elevation_m": 2.1999999999999886, "step_elevation_f": 7.217848000000004, "step_dist_m": 19.333537449116974, "step_dist_f": 63.430243004560936, "step_grade": 0.11379190206603758, "step_turn": 9.86972876862643, "coast_speed_mps": 0.0, "coast_speed_mph": 0.0}, "geometry": {"type": "Point", "coordinates": [-122.253, 37.90663]}}, {"id": "608", "type": "Feature", "properties": {"name": "Out & Back in Alvarado", "step": 608, "lat": 37.90662, "lon": -122.2529, "elevation_m": 251.9, "time": null, "elevation_f": 826.443596, "step_elevation_m": 1.200000000000017, "step_elevation_f": 3.9370079999999916, "step_dist_m": 8.843608679766557, "step_dist_f": 29.01446510092531, "step_grade": 0.13569121423763553, "step_turn": 10.520357212917816, "coast_speed_mps": 0.0, "coast_speed_mph": 0.0}, "geometry": {"type": "Point", "coordinates": [-122.2529, 37.90662]}}, {"id": "609", "type": "Feature", "properties": {"name": "Out & Back in Alvarado", "step": 609, "lat": 37.90661, "lon": -122.25279, "elevation_m": 253.5, "time": null, "elevation_f": 831.69294, "step_elevation_m": 1.5999999999999943, "step_elevation_f": 5.249344000000065, "step_dist_m": 9.714616112996895, "step_dist_f": 31.872101128164733, "step_grade": 0.16470028062760012, "step_turn": 0.6506293385534718, "coast_speed_mps": 0.0, "coast_speed_mph": 0.0}, "geometry": {"type": "Point", "coordinates": [-122.25279, 37.90661]}}, {"id": "610", "type": "Feature", "properties": {"name": "Out & Back in Alvarado", "step": 610, "lat": 37.90656, "lon": -122.25261, "elevation_m": 255.3, "time": null, "elevation_f": 837.5984520000001, "step_elevation_m": 1.8000000000000114, "step_elevation_f": 5.905512000000044, "step_dist_m": 16.74226735751645, "step_dist_f": 54.92870043723427, "step_grade": 0.10751231966152425, "step_turn": 12.822391996057945, "coast_speed_mps": 0.0, "coast_speed_mph": 0.0}, "geometry": {"type": "Point", "coordinates": [-122.25261, 37.90656]}}, {"id": "611", "type": "Feature", "properties": {"name": "Out & Back in Alvarado", "step": 611, "lat": 37.90652, "lon": -122.25256, "elevation_m": 255.2, "time": null, "elevation_f": 837.270368, "step_elevation_m": -0.10000000000002274, "step_elevation_f": -0.3280840000001035, "step_dist_m": 6.247094447242041, "step_dist_f": 20.495717346289577, "step_grade": -0.016007441674612523, "step_turn": 26.001183935502695, "coast_speed_mps": 0.0, "coast_speed_mph": 0.0}, "geometry": {"type": "Point", "coordinates": [-122.25256, 37.90652]}}, {"id": "612", "type": "Feature", "properties": {"name": "Out & Back in Alvarado", "step": 612, "lat": 37.90642, "lon": -122.2525, "elevation_m": 254.0, "time": null, "elevation_f": 833.33336, "step_elevation_m": -1.1999999999999886, "step_elevation_f": -3.9370079999999916, "step_dist_m": 12.302581349088097, "step_dist_f": 40.36280099334219, "step_grade": -0.09754050519559751, "step_turn": 19.270587036245274, "coast_speed_mps": 3.491090102653882, "coast_speed_mph": 7.809346149458389}, "geometry": {"type": "Point", "coordinates": [-122.2525, 37.90642]}}, {"id": "613", "type": "Feature", "properties": {"name": "Out & Back in Alvarado", "step": 613, "lat": 37.90633, "lon": -122.25242, "elevation_m": 253.5, "time": null, "elevation_f": 831.69294, "step_elevation_m": -0.5, "step_elevation_f": -1.6404199999999491, "step_dist_m": 12.223500680819257, "step_dist_f": 40.10334997365905, "step_grade": -0.04090481221836759, "step_turn": 9.710514868180951, "coast_speed_mps": 5.082672528290796, "coast_speed_mph": 11.369614639161574}, "geometry": {"type": "Point", "coordinates": [-122.25242, 37.90633]}}, {"id": "614", "type": "Feature", "properties": {"name": "Out & Back in Alvarado", "step": 614, "lat": 37.90623, "lon": -122.25227, "elevation_m": 254.2, "time": null, "elevation_f": 833.989528, "step_elevation_m": 0.6999999999999886, "step_elevation_f": 2.296587999999929, "step_dist_m": 17.228869770574292, "step_dist_f": 56.52516509809096, "step_grade": 0.04062947885273007, "step_turn": 14.760638836442354, "coast_speed_mps": 1.8033285871253726, "coast_speed_mph": 4.033931163039931}, "geometry": {"type": "Point", "coordinates": [-122.25227, 37.90623]}}, {"id": "615", "type": "Feature", "properties": {"name": "Out & Back in Alvarado", "step": 615, "lat": 37.90619, "lon": -122.25218, "elevation_m": 254.8, "time": null, "elevation_f": 835.958032, "step_elevation_m": 0.6000000000000227, "step_elevation_f": 1.9685040000000527, "step_dist_m": 9.062655156153454, "step_dist_f": 29.7331215425145, "step_grade": 0.06620576306410915, "step_turn": 10.803508963216643, "coast_speed_mps": 0.0, "coast_speed_mph": 0.0}, "geometry": {"type": "Point", "coordinates": [-122.25218, 37.90619]}}, {"id": "616", "type": "Feature", "properties": {"name": "Out & Back in Alvarado", "step": 616, "lat": 37.90616, "lon": -122.25202, "elevation_m": 256.6, "time": null, "elevation_f": 841.863544, "step_elevation_m": 1.8000000000000114, "step_elevation_f": 5.905512000000044, "step_dist_m": 14.428483215979666, "step_dist_f": 47.33754487431473, "step_grade": 0.12475323795688352, "step_turn": 16.024420712046208, "coast_speed_mps": 0.0, "coast_speed_mph": 0.0}, "geometry": {"type": "Point", "coordinates": [-122.25202, 37.90616]}}, {"id": "617", "type": "Feature", "properties": {"name": "Out & Back in Alvarado", "step": 617, "lat": 37.90607, "lon": -122.25145, "elevation_m": 259.8, "time": null, "elevation_f": 852.3622320000001, "step_elevation_m": 3.1999999999999886, "step_elevation_f": 10.498688000000016, "step_dist_m": 51.00037076960816, "step_dist_f": 167.32405643576124, "step_grade": 0.06274464188615103, "step_turn": 2.0514969111461596, "coast_speed_mps": 0.0, "coast_speed_mph": 0.0}, "geometry": {"type": "Point", "coordinates": [-122.25145, 37.90607]}}, {"id": "618", "type": "Feature", "properties": {"name": "Out & Back in Alvarado", "step": 618, "lat": 37.90605, "lon": -122.25117, "elevation_m": 260.7, "time": null, "elevation_f": 855.314988, "step_elevation_m": 0.8999999999999773, "step_elevation_f": 2.9527559999999085, "step_dist_m": 24.666235650019097, "step_dist_f": 80.92597257000865, "step_grade": 0.03648712404964316, "step_turn": 6.143409283470646, "coast_speed_mps": 0.0, "coast_speed_mph": 0.0}, "geometry": {"type": "Point", "coordinates": [-122.25117, 37.90605]}}, {"id": "619", "type": "Feature", "properties": {"name": "Out & Back in Alvarado", "step": 619, "lat": 37.90605, "lon": -122.25117, "elevation_m": 260.7, "time": null, "elevation_f": 855.314988, "step_elevation_m": 0.0, "step_elevation_f": 0.0, "step_dist_m": 0.0, "step_dist_f": 0.0, "step_grade": null, "step_turn": null, "coast_speed_mps": 0.0, "coast_speed_mph": 0.0}, "geometry": {"type": "Point", "coordinates": [-122.25117, 37.90605]}}, {"id": "620", "type": "Feature", "properties": {"name": "Out & Back in Alvarado", "step": 620, "lat": 37.90604, "lon": -122.25099, "elevation_m": 261.8, "time": null, "elevation_f": 858.9239120000001, "step_elevation_m": 1.1000000000000227, "step_elevation_f": 3.6089240000001155, "step_dist_m": 15.83138745042808, "step_dist_f": 51.94024920286246, "step_grade": 0.06948222342763008, "step_turn": null, "coast_speed_mps": 0.0, "coast_speed_mph": 0.0}, "geometry": {"type": "Point", "coordinates": [-122.25099, 37.90604]}}, {"id": "621", "type": "Feature", "properties": {"name": "Out & Back in Alvarado", "step": 621, "lat": 37.90606, "lon": -122.25058, "elevation_m": 263.3, "time": null, "elevation_f": 863.845172, "step_elevation_m": 1.5, "step_elevation_f": 4.921259999999961, "step_dist_m": 36.04000271893641, "step_dist_f": 118.24148252039532, "step_grade": 0.04162041861367172, "step_turn": 7.565434225948309, "coast_speed_mps": 0.0, "coast_speed_mph": 0.0}, "geometry": {"type": "Point", "coordinates": [-122.25058, 37.90606]}}, {"id": "622", "type": "Feature", "properties": {"name": "Out & Back in Alvarado", "step": 622, "lat": 37.90608, "lon": -122.25044, "elevation_m": 263.8, "time": null, "elevation_f": 865.485592, "step_elevation_m": 0.5, "step_elevation_f": 1.6404199999999491, "step_dist_m": 12.482589788358927, "step_dist_f": 40.953379881239506, "step_grade": 0.04005579038304154, "step_turn": 6.724758589315911, "coast_speed_mps": 0.0, "coast_speed_mph": 0.0}, "geometry": {"type": "Point", "coordinates": [-122.25044, 37.90608]}}, {"id": "623", "type": "Feature", "properties": {"name": "Out & Back in Alvarado", "step": 623, "lat": 37.90611, "lon": -122.25034, "elevation_m": 264.5, "time": null, "elevation_f": 867.78218, "step_elevation_m": 0.6999999999999886, "step_elevation_f": 2.2965880000000425, "step_dist_m": 9.386265106656088, "step_dist_f": 30.79483401252156, "step_grade": 0.07457705403010588, "step_turn": 10.55514299242401, "coast_speed_mps": 0.0, "coast_speed_mph": 0.0}, "geometry": {"type": "Point", "coordinates": [-122.25034, 37.90611]}}, {"id": "624", "type": "Feature", "properties": {"name": "Out & Back in Alvarado", "step": 624, "lat": 37.90616, "lon": -122.25022, "elevation_m": 265.9, "time": null, "elevation_f": 872.3753559999999, "step_elevation_m": 1.3999999999999773, "step_elevation_f": 4.593175999999858, "step_dist_m": 11.906021645551514, "step_dist_f": 39.06175205559123, "step_grade": 0.11758755709326833, "step_turn": 7.019990939180957, "coast_speed_mps": 0.0, "coast_speed_mph": 0.0}, "geometry": {"type": "Point", "coordinates": [-122.25022, 37.90616]}}, {"id": "625", "type": "Feature", "properties": {"name": "Out & Back in Alvarado", "step": 625, "lat": 37.90617, "lon": -122.25012, "elevation_m": 266.0, "time": null, "elevation_f": 872.70344, "step_elevation_m": 0.10000000000002274, "step_elevation_f": 0.3280840000001035, "step_dist_m": 8.843663091359135, "step_dist_f": 29.014643616654702, "step_grade": 0.011307531615234144, "step_turn": 20.614604932110296, "coast_speed_mps": 0.0, "coast_speed_mph": 0.0}, "geometry": {"type": "Point", "coordinates": [-122.25012, 37.90617]}}, {"id": "626", "type": "Feature", "properties": {"name": "Out & Back in Alvarado", "step": 626, "lat": 37.90617, "lon": -122.24989, "elevation_m": 264.9, "time": null, "elevation_f": 869.0945159999999, "step_elevation_m": -1.1000000000000227, "step_elevation_f": -3.6089240000001155, "step_dist_m": 20.179001890346562, "step_dist_f": 66.20407656192461, "step_grade": -0.05451211145018288, "step_turn": 7.223106246336783, "coast_speed_mps": 2.5412114660138996, "coast_speed_mph": 5.684528154111258}, "geometry": {"type": "Point", "coordinates": [-122.24989, 37.90617]}}, {"id": "627", "type": "Feature", "properties": {"name": "Out & Back in Alvarado", "step": 627, "lat": 37.9062, "lon": -122.24975, "elevation_m": 265.2, "time": null, "elevation_f": 870.078768, "step_elevation_m": 0.30000000000001137, "step_elevation_f": 0.9842520000000832, "step_dist_m": 12.727793683397406, "step_dist_f": 41.757854628237546, "step_grade": 0.02357046377891419, "step_turn": 15.194178855281791, "coast_speed_mps": 3.153855300151411, "coast_speed_mph": 7.054973380796813}, "geometry": {"type": "Point", "coordinates": [-122.24975, 37.9062]}}, {"id": "628", "type": "Feature", "properties": {"name": "Out & Back in Alvarado", "step": 628, "lat": 37.90631, "lon": -122.24944, "elevation_m": 266.4, "time": null, "elevation_f": 874.015776, "step_elevation_m": 1.1999999999999886, "step_elevation_f": 3.9370079999999916, "step_dist_m": 29.821569043285997, "step_dist_f": 97.83979657997443, "step_grade": 0.040239331413387036, "step_turn": 9.020367779860692, "coast_speed_mps": 0.0, "coast_speed_mph": 0.0}, "geometry": {"type": "Point", "coordinates": [-122.24944, 37.90631]}}, {"id": "629", "type": "Feature", "properties": {"name": "Out & Back in Alvarado", "step": 629, "lat": 37.90632, "lon": -122.24938, "elevation_m": 266.6, "time": null, "elevation_f": 874.671944, "step_elevation_m": 0.20000000000004547, "step_elevation_f": 0.6561680000000933, "step_dist_m": 5.380235928623114, "step_dist_f": 17.651693244063857, "step_grade": 0.037173091041609506, "step_turn": 12.28714896157959, "coast_speed_mps": 0.0, "coast_speed_mph": 0.0}, "geometry": {"type": "Point", "coordinates": [-122.24938, 37.90632]}}, {"id": "630", "type": "Feature", "properties": {"name": "Out & Back in Alvarado", "step": 630, "lat": 37.9063, "lon": -122.24934, "elevation_m": 266.6, "time": null, "elevation_f": 874.671944, "step_elevation_m": 0.0, "step_elevation_f": 0.0, "step_dist_m": 4.154697033645443, "step_dist_f": 13.630896215865317, "step_grade": 0.0, "step_turn": 44.28990618008419, "coast_speed_mps": 0.0, "coast_speed_mph": 0.0}, "geometry": {"type": "Point", "coordinates": [-122.24934, 37.9063]}}, {"id": "631", "type": "Feature", "properties": {"name": "Out & Back in Alvarado", "step": 631, "lat": 37.90627, "lon": -122.24931, "elevation_m": 267.0, "time": null, "elevation_f": 875.98428, "step_elevation_m": 0.39999999999997726, "step_elevation_f": 1.3123359999999593, "step_dist_m": 4.249177928393013, "step_dist_f": 13.940872914588931, "step_grade": 0.09413585562684412, "step_turn": 19.363523391543595, "coast_speed_mps": 0.0, "coast_speed_mph": 0.0}, "geometry": {"type": "Point", "coordinates": [-122.24931, 37.90627]}}, {"id": "632", "type": "Feature", "properties": {"name": "Out & Back in Alvarado", "step": 632, "lat": 37.90623, "lon": -122.2493, "elevation_m": 267.5, "time": null, "elevation_f": 877.6247, "step_elevation_m": 0.5, "step_elevation_f": 1.6404199999999491, "step_dist_m": 4.533501562175861, "step_dist_f": 14.87369326524905, "step_grade": 0.11029002486105338, "step_turn": 27.1154509126726, "coast_speed_mps": 0.0, "coast_speed_mph": 0.0}, "geometry": {"type": "Point", "coordinates": [-122.2493, 37.90623]}}, {"id": "633", "type": "Feature", "properties": {"name": "Out & Back in Alvarado", "step": 633, "lat": 37.90619, "lon": -122.24931, "elevation_m": 267.7, "time": null, "elevation_f": 878.2808679999999, "step_elevation_m": 0.19999999999998863, "step_elevation_f": 0.6561679999999797, "step_dist_m": 4.533501654473533, "step_dist_f": 14.873693568062947, "step_grade": 0.0441160090462599, "step_turn": 22.317181594348, "coast_speed_mps": 0.0, "coast_speed_mph": 0.0}, "geometry": {"type": "Point", "coordinates": [-122.24931, 37.90619]}}, {"id": "634", "type": "Feature", "properties": {"name": "Out & Back in Alvarado", "step": 634, "lat": 37.90615, "lon": -122.24934, "elevation_m": 267.6, "time": null, "elevation_f": 877.9527840000001, "step_elevation_m": -0.0999999999999659, "step_elevation_f": -0.32808399999987614, "step_dist_m": 5.1682253164310605, "step_dist_f": 16.95612034715968, "step_grade": -0.019349001616094656, "step_turn": 19.456910995549435, "coast_speed_mps": 0.0, "coast_speed_mph": 0.0}, "geometry": {"type": "Point", "coordinates": [-122.24934, 37.90615]}}, {"id": "635", "type": "Feature", "properties": {"name": "Out & Back in Alvarado", "step": 635, "lat": 37.90604, "lon": -122.24944, "elevation_m": 267.3, "time": null, "elevation_f": 876.968532, "step_elevation_m": -0.30000000000001137, "step_elevation_f": -0.9842520000000832, "step_dist_m": 15.052649727270254, "step_dist_f": 49.38533533121734, "step_grade": -0.01993004590125511, "step_turn": 5.036012623022486, "coast_speed_mps": 1.877055166692733, "coast_speed_mph": 4.198852824563196}, "geometry": {"type": "Point", "coordinates": [-122.24944, 37.90604]}}, {"id": "636", "type": "Feature", "properties": {"name": "Out & Back in Alvarado", "step": 636, "lat": 37.90592, "lon": -122.24953, "elevation_m": 267.5, "time": null, "elevation_f": 877.6247, "step_elevation_m": 0.19999999999998863, "step_elevation_f": 0.6561679999999797, "step_dist_m": 15.504686328594564, "step_dist_f": 50.86839509430619, "step_grade": 0.012899325775532655, "step_turn": 5.0359293605263815, "coast_speed_mps": 0.0, "coast_speed_mph": 0.0}, "geometry": {"type": "Point", "coordinates": [-122.24953, 37.90592]}}, {"id": "637", "type": "Feature", "properties": {"name": "Out & Back in Alvarado", "step": 637, "lat": 37.90583, "lon": -122.24956, "elevation_m": 268.0, "time": null, "elevation_f": 879.26512, "step_elevation_m": 0.5, "step_elevation_f": 1.6404200000000628, "step_dist_m": 10.34788068035104, "step_dist_f": 33.94974085132291, "step_grade": 0.048319072807770154, "step_turn": 15.880100282073755, "coast_speed_mps": 0.0, "coast_speed_mph": 0.0}, "geometry": {"type": "Point", "coordinates": [-122.24956, 37.90583]}}, {"id": "638", "type": "Feature", "properties": {"name": "Out & Back in Alvarado", "step": 638, "lat": 37.90573, "lon": -122.24957, "elevation_m": 268.6, "time": null, "elevation_f": 881.2336240000001, "step_elevation_m": 0.6000000000000227, "step_elevation_f": 1.9685040000000527, "step_dist_m": 11.154051489533222, "step_dist_f": 36.59465828892017, "step_grade": 0.053792113167404045, "step_turn": 10.2240674958596, "coast_speed_mps": 0.0, "coast_speed_mph": 0.0}, "geometry": {"type": "Point", "coordinates": [-122.24957, 37.90573]}}, {"id": "639", "type": "Feature", "properties": {"name": "Out & Back in Alvarado", "step": 639, "lat": 37.90567, "lon": -122.24959, "elevation_m": 268.7, "time": null, "elevation_f": 881.561708, "step_elevation_m": 0.0999999999999659, "step_elevation_f": 0.32808399999987614, "step_dist_m": 6.89858818210421, "step_dist_f": 22.633164051374777, "step_grade": 0.014495719611061615, "step_turn": 10.224097948318189, "coast_speed_mps": 0.0, "coast_speed_mph": 0.0}, "geometry": {"type": "Point", "coordinates": [-122.24959, 37.90567]}}, {"id": "640", "type": "Feature", "properties": {"name": "Out & Back in Alvarado", "step": 640, "lat": 37.90557, "lon": -122.24968, "elevation_m": 268.9, "time": null, "elevation_f": 882.2178759999999, "step_elevation_m": 0.19999999999998863, "step_elevation_f": 0.6561679999999797, "step_dist_m": 13.637922741342724, "step_dist_f": 44.743842446706864, "step_grade": 0.014664989954349719, "step_turn": 20.643887240074633, "coast_speed_mps": 0.0, "coast_speed_mph": 0.0}, "geometry": {"type": "Point", "coordinates": [-122.24968, 37.90557]}}, {"id": "641", "type": "Feature", "properties": {"name": "Out & Back in Alvarado", "step": 641, "lat": 37.90516, "lon": -122.25026, "elevation_m": 270.0, "time": null, "elevation_f": 885.8268, "step_elevation_m": 1.1000000000000227, "step_elevation_f": 3.6089240000001155, "step_dist_m": 68.32203623301702, "step_dist_f": 224.15366935473153, "step_grade": 0.016100222719480972, "step_turn": 12.76330280210044, "coast_speed_mps": 0.0, "coast_speed_mph": 0.0}, "geometry": {"type": "Point", "coordinates": [-122.25026, 37.90516]}}, {"id": "642", "type": "Feature", "properties": {"name": "Out & Back in Alvarado", "step": 642, "lat": 37.90509, "lon": -122.25032, "elevation_m": 270.7, "time": null, "elevation_f": 888.123388, "step_elevation_m": 0.6999999999999886, "step_elevation_f": 2.296587999999929, "step_dist_m": 9.396623390592843, "step_dist_f": 30.828817884792624, "step_grade": 0.07449484468014045, "step_turn": 14.071780361730617, "coast_speed_mps": 0.0, "coast_speed_mph": 0.0}, "geometry": {"type": "Point", "coordinates": [-122.25032, 37.90509]}}, {"id": "643", "type": "Feature", "properties": {"name": "Out & Back in Alvarado", "step": 643, "lat": 37.90471, "lon": -122.25059, "elevation_m": 275.6, "time": null, "elevation_f": 904.199504, "step_elevation_m": 4.900000000000034, "step_elevation_f": 16.07611600000007, "step_dist_m": 48.441366295808365, "step_dist_f": 158.92837219793992, "step_grade": 0.1011532162424583, "step_turn": 4.794648225592596, "coast_speed_mps": 0.0, "coast_speed_mph": 0.0}, "geometry": {"type": "Point", "coordinates": [-122.25059, 37.90471]}}, {"id": "644", "type": "Feature", "properties": {"name": "Out & Back in Alvarado", "step": 644, "lat": 37.90466, "lon": -122.2506, "elevation_m": 275.7, "time": null, "elevation_f": 904.5275879999999, "step_elevation_m": 0.0999999999999659, "step_elevation_f": 0.32808399999987614, "step_dist_m": 5.628547743605619, "step_dist_f": 18.46636457913106, "step_grade": 0.017766572223460682, "step_turn": 20.308567503129723, "coast_speed_mps": 0.0, "coast_speed_mph": 0.0}, "geometry": {"type": "Point", "coordinates": [-122.2506, 37.90466]}}, {"id": "645", "type": "Feature", "properties": {"name": "Out & Back in Alvarado", "step": 645, "lat": 37.90461, "lon": -122.25058, "elevation_m": 276.0, "time": null, "elevation_f": 905.51184, "step_elevation_m": 0.30000000000001137, "step_elevation_f": 0.9842520000000832, "step_dist_m": 5.830082773561073, "step_dist_f": 19.12756876681011, "step_grade": 0.05145724540318462, "step_turn": 26.48413124635863, "coast_speed_mps": 0.0, "coast_speed_mph": 0.0}, "geometry": {"type": "Point", "coordinates": [-122.25058, 37.90461]}}, {"id": "646", "type": "Feature", "properties": {"name": "Out & Back in Alvarado", "step": 646, "lat": 37.90458, "lon": -122.25055, "elevation_m": 276.1, "time": null, "elevation_f": 905.8399240000001, "step_elevation_m": 0.10000000000002274, "step_elevation_f": 0.3280840000001035, "step_dist_m": 4.2492153705976845, "step_dist_f": 13.940995756471708, "step_grade": 0.023533756535846516, "step_turn": 20.758259517495617, "coast_speed_mps": 0.0, "coast_speed_mph": 0.0}, "geometry": {"type": "Point", "coordinates": [-122.25055, 37.90458]}}, {"id": "647", "type": "Feature", "properties": {"name": "Out & Back in Alvarado", "step": 647, "lat": 37.90452, "lon": -122.25047, "elevation_m": 276.1, "time": null, "elevation_f": 905.8399240000001, "step_elevation_m": 0.0, "step_elevation_f": 0.0, "step_dist_m": 9.683853047807197, "step_dist_f": 31.771172433367767, "step_grade": 0.0, "step_turn": 8.17825515413125, "coast_speed_mps": 0.0, "coast_speed_mph": 0.0}, "geometry": {"type": "Point", "coordinates": [-122.25047, 37.90452]}}, {"id": "648", "type": "Feature", "properties": {"name": "Out & Back in Alvarado", "step": 648, "lat": 37.90447, "lon": -122.25038, "elevation_m": 275.9, "time": null, "elevation_f": 905.1837559999999, "step_elevation_m": -0.20000000000004547, "step_elevation_f": -0.656168000000207, "step_dist_m": 9.657251436741221, "step_dist_f": 31.683896803718067, "step_grade": -0.02070982632171522, "step_turn": 8.397941659816468, "coast_speed_mps": 0.0, "coast_speed_mph": 0.0}, "geometry": {"type": "Point", "coordinates": [-122.25038, 37.90447]}}, {"id": "649", "type": "Feature", "properties": {"name": "Out & Back in Alvarado", "step": 649, "lat": 37.90444, "lon": -122.25029, "elevation_m": 275.9, "time": null, "elevation_f": 905.1837559999999, "step_elevation_m": 0.0, "step_elevation_f": 0.0, "step_dist_m": 8.572028602917705, "step_dist_f": 28.123454321596522, "step_grade": 0.0, "step_turn": 12.24722088544388, "coast_speed_mps": 0.0, "coast_speed_mph": 0.0}, "geometry": {"type": "Point", "coordinates": [-122.25029, 37.90444]}}, {"id": "650", "type": "Feature", "properties": {"name": "Out & Back in Alvarado", "step": 650, "lat": 37.90442, "lon": -122.2502, "elevation_m": 275.7, "time": null, "elevation_f": 904.5275879999999, "step_elevation_m": -0.19999999999998863, "step_elevation_f": -0.6561679999999797, "step_dist_m": 8.20350905857909, "step_dist_f": 26.914400659748623, "step_grade": -0.02437981095307404, "step_turn": 7.172725619832477, "coast_speed_mps": 0.0, "coast_speed_mph": 0.0}, "geometry": {"type": "Point", "coordinates": [-122.2502, 37.90442]}}, {"id": "651", "type": "Feature", "properties": {"name": "Out & Back in Alvarado", "step": 651, "lat": 37.90442, "lon": -122.25013, "elevation_m": 276.0, "time": null, "elevation_f": 905.51184, "step_elevation_m": 0.30000000000001137, "step_elevation_f": 0.9842520000000832, "step_dist_m": 6.141581414047687, "step_dist_f": 20.149545966464213, "step_grade": 0.04884735376361193, "step_turn": 15.729199552146156, "coast_speed_mps": 0.0, "coast_speed_mph": 0.0}, "geometry": {"type": "Point", "coordinates": [-122.25013, 37.90442]}}, {"id": "652", "type": "Feature", "properties": {"name": "Out & Back in Alvarado", "step": 652, "lat": 37.90444, "lon": -122.25004, "elevation_m": 276.7, "time": null, "elevation_f": 907.8084279999999, "step_elevation_m": 0.6999999999999886, "step_elevation_f": 2.296587999999929, "step_dist_m": 8.20350905857909, "step_dist_f": 26.914400659748623, "step_grade": 0.08532933833576262, "step_turn": 15.729211839015704, "coast_speed_mps": 0.0, "coast_speed_mph": 0.0}, "geometry": {"type": "Point", "coordinates": [-122.25004, 37.90444]}}, {"id": "653", "type": "Feature", "properties": {"name": "Out & Back in Alvarado", "step": 653, "lat": 37.90449, "lon": -122.24981, "elevation_m": 277.9, "time": null, "elevation_f": 911.7454359999999, "step_elevation_m": 1.1999999999999886, "step_elevation_f": 3.9370079999999916, "step_dist_m": 20.93135845149048, "step_dist_f": 68.67243806198802, "step_grade": 0.05733024938544011, "step_turn": 0.3254828399795997, "coast_speed_mps": 0.0, "coast_speed_mph": 0.0}, "geometry": {"type": "Point", "coordinates": [-122.24981, 37.90449]}}, {"id": "654", "type": "Feature", "properties": {"name": "Out & Back in Alvarado", "step": 654, "lat": 37.90449, "lon": -122.24974, "elevation_m": 277.9, "time": null, "elevation_f": 911.7454359999999, "step_elevation_m": 0.0, "step_elevation_f": 0.0, "step_dist_m": 6.14157557190922, "step_dist_f": 20.149526799342645, "step_grade": 0.0, "step_turn": 15.403728999015698, "coast_speed_mps": 0.0, "coast_speed_mph": 0.0}, "geometry": {"type": "Point", "coordinates": [-122.24974, 37.90449]}}, {"id": "655", "type": "Feature", "properties": {"name": "Out & Back in Alvarado", "step": 655, "lat": 37.90445, "lon": -122.24934, "elevation_m": 278.2, "time": null, "elevation_f": 912.729688, "step_elevation_m": 0.30000000000001137, "step_elevation_f": 0.9842520000000832, "step_dist_m": 35.37545432045278, "step_dist_f": 116.0612055527143, "step_grade": 0.008480456456683935, "step_turn": 7.222880189720911, "coast_speed_mps": 0.0, "coast_speed_mph": 0.0}, "geometry": {"type": "Point", "coordinates": [-122.24934, 37.90445]}}, {"id": "656", "type": "Feature", "properties": {"name": "Out & Back in Alvarado", "step": 656, "lat": 37.90441, "lon": -122.24845, "elevation_m": 280.3, "time": null, "elevation_f": 919.619452, "step_elevation_m": 2.1000000000000227, "step_elevation_f": 6.889764000000014, "step_dist_m": 78.21238174201626, "step_dist_f": 256.60231051447664, "step_grade": 0.02684996867793744, "step_turn": 3.963065659926883, "coast_speed_mps": 0.0, "coast_speed_mph": 0.0}, "geometry": {"type": "Point", "coordinates": [-122.24845, 37.90441]}}, {"id": "657", "type": "Feature", "properties": {"name": "Out & Back in Alvarado", "step": 657, "lat": 37.90434, "lon": -122.24803, "elevation_m": 280.1, "time": null, "elevation_f": 918.963284, "step_elevation_m": -0.19999999999998863, "step_elevation_f": -0.6561679999999797, "step_dist_m": 37.662602005499195, "step_dist_f": 123.56497116372198, "step_grade": -0.005310307555776051, "step_turn": 8.667222410280829, "coast_speed_mps": 0.0, "coast_speed_mph": 0.0}, "geometry": {"type": "Point", "coordinates": [-122.24803, 37.90434]}}, {"id": "658", "type": "Feature", "properties": {"name": "Out & Back in Alvarado", "step": 658, "lat": 37.90431, "lon": -122.24775, "elevation_m": 282.3, "time": null, "elevation_f": 926.181132, "step_elevation_m": 2.1999999999999886, "step_elevation_f": 7.217848000000004, "step_dist_m": 24.791809032578406, "step_dist_f": 81.33795874644454, "step_grade": 0.08873898621552843, "step_turn": 4.194245762193759, "coast_speed_mps": 0.0, "coast_speed_mph": 0.0}, "geometry": {"type": "Point", "coordinates": [-122.24775, 37.90431]}}, {"id": "659", "type": "Feature", "properties": {"name": "Out & Back in Alvarado", "step": 659, "lat": 37.90429, "lon": -122.24767, "elevation_m": 283.0, "time": null, "elevation_f": 928.47772, "step_elevation_m": 0.6999999999999886, "step_elevation_f": 2.296587999999929, "step_dist_m": 7.362849114225125, "step_dist_f": 24.15632988791436, "step_grade": 0.09507189257044248, "step_turn": 9.847569817741373, "coast_speed_mps": 0.0, "coast_speed_mph": 0.0}, "geometry": {"type": "Point", "coordinates": [-122.24767, 37.90429]}}, {"id": "660", "type": "Feature", "properties": {"name": "Out & Back in Alvarado", "step": 660, "lat": 37.90421, "lon": -122.24752, "elevation_m": 283.6, "time": null, "elevation_f": 930.446224, "step_elevation_m": 0.6000000000000227, "step_elevation_f": 1.9685040000000527, "step_dist_m": 15.88496104081423, "step_dist_f": 52.11601558114496, "step_grade": 0.03777157516838757, "step_turn": 16.475481608752546, "coast_speed_mps": 0.0, "coast_speed_mph": 0.0}, "geometry": {"type": "Point", "coordinates": [-122.24752, 37.90421]}}, {"id": "661", "type": "Feature", "properties": {"name": "Out & Back in Alvarado", "step": 661, "lat": 37.90417, "lon": -122.24737, "elevation_m": 285.1, "time": null, "elevation_f": 935.3674840000001, "step_elevation_m": 1.5, "step_elevation_f": 4.921260000000075, "step_dist_m": 13.891852771343482, "step_dist_f": 45.57694624633455, "step_grade": 0.10797695776723489, "step_turn": 15.382475799331644, "coast_speed_mps": 0.0, "coast_speed_mph": 0.0}, "geometry": {"type": "Point", "coordinates": [-122.24737, 37.90417]}}, {"id": "662", "type": "Feature", "properties": {"name": "Out & Back in Alvarado", "step": 662, "lat": 37.90414, "lon": -122.24717, "elevation_m": 286.8, "time": null, "elevation_f": 940.944912, "step_elevation_m": 1.6999999999999886, "step_elevation_f": 5.577427999999941, "step_dist_m": 17.861704399815345, "step_dist_f": 58.60139426309018, "step_grade": 0.09517568771418942, "step_turn": 7.909658610629094, "coast_speed_mps": 0.0, "coast_speed_mph": 0.0}, "geometry": {"type": "Point", "coordinates": [-122.24717, 37.90414]}}, {"id": "663", "type": "Feature", "properties": {"name": "Out & Back in Alvarado", "step": 663, "lat": 37.90411, "lon": -122.2471, "elevation_m": 287.1, "time": null, "elevation_f": 941.929164, "step_elevation_m": 0.30000000000001137, "step_elevation_f": 0.9842519999999695, "step_dist_m": 6.989077565766586, "step_dist_f": 22.930045240869646, "step_grade": 0.042924119410185195, "step_turn": 17.745137422522248, "coast_speed_mps": 0.0, "coast_speed_mph": 0.0}, "geometry": {"type": "Point", "coordinates": [-122.2471, 37.90411]}}, {"id": "664", "type": "Feature", "properties": {"name": "Out & Back in Alvarado", "step": 664, "lat": 37.90407, "lon": -122.24704, "elevation_m": 287.2, "time": null, "elevation_f": 942.257248, "step_elevation_m": 0.0999999999999659, "step_elevation_f": 0.32808399999998983, "step_dist_m": 6.891667579297244, "step_dist_f": 22.61045866086157, "step_grade": 0.014510276192132163, "step_turn": 11.685902973186103, "coast_speed_mps": 0.0, "coast_speed_mph": 0.0}, "geometry": {"type": "Point", "coordinates": [-122.24704, 37.90407]}}, {"id": "665", "type": "Feature", "properties": {"name": "Out & Back in Alvarado", "step": 665, "lat": 37.904, "lon": -122.24699, "elevation_m": 289.0, "time": null, "elevation_f": 948.16276, "step_elevation_m": 1.8000000000000114, "step_elevation_f": 5.905512000000044, "step_dist_m": 8.93474833718104, "step_dist_f": 29.313479734557042, "step_grade": 0.20146062676544518, "step_turn": 20.39962414138421, "coast_speed_mps": 0.0, "coast_speed_mph": 0.0}, "geometry": {"type": "Point", "coordinates": [-122.24699, 37.904]}}, {"id": "666", "type": "Feature", "properties": {"name": "Out & Back in Alvarado", "step": 666, "lat": 37.90394, "lon": -122.24696, "elevation_m": 290.6, "time": null, "elevation_f": 953.4121040000001, "step_elevation_m": 1.6000000000000227, "step_elevation_f": 5.249344000000065, "step_dist_m": 7.172139889479411, "step_dist_f": 23.53064343499963, "step_grade": 0.22308544237222883, "step_turn": 7.875375983580568, "coast_speed_mps": 0.0, "coast_speed_mph": 0.0}, "geometry": {"type": "Point", "coordinates": [-122.24696, 37.90394]}}, {"id": "667", "type": "Feature", "properties": {"name": "Out & Back in Alvarado", "step": 667, "lat": 37.90378, "lon": -122.24692, "elevation_m": 293.9, "time": null, "elevation_f": 964.2388759999999, "step_elevation_m": 3.2999999999999545, "step_elevation_f": 10.826771999999778, "step_dist_m": 18.134028308036843, "step_dist_f": 59.4948454341396, "step_grade": 0.18197831965098585, "step_turn": 10.371322395685524, "coast_speed_mps": 0.0, "coast_speed_mph": 0.0}, "geometry": {"type": "Point", "coordinates": [-122.24692, 37.90378]}}, {"id": "668", "type": "Feature", "properties": {"name": "Out & Back in Alvarado", "step": 668, "lat": 37.90383, "lon": -122.2467, "elevation_m": 296.4, "time": null, "elevation_f": 972.4409759999999, "step_elevation_m": 2.5, "step_elevation_f": 8.202099999999973, "step_dist_m": 20.087025006117948, "step_dist_f": 65.90231512107201, "step_grade": 0.12445845013079686, "step_turn": 94.90941262052502, "coast_speed_mps": 0.0, "coast_speed_mph": 0.0}, "geometry": {"type": "Point", "coordinates": [-122.2467, 37.90383]}}, {"id": "669", "type": "Feature", "properties": {"name": "Out & Back in Alvarado", "step": 669, "lat": 37.90399, "lon": -122.24643, "elevation_m": 297.6, "time": null, "elevation_f": 976.3779840000001, "step_elevation_m": 1.2000000000000455, "step_elevation_f": 3.937008000000219, "step_dist_m": 29.626016207987455, "step_dist_f": 97.19821901581356, "step_grade": 0.040504939698119594, "step_turn": 20.839287362598384, "coast_speed_mps": 0.0, "coast_speed_mph": 0.0}, "geometry": {"type": "Point", "coordinates": [-122.24643, 37.90399]}}, {"id": "670", "type": "Feature", "properties": {"name": "Out & Back in Alvarado", "step": 670, "lat": 37.90409, "lon": -122.24617, "elevation_m": 299.8, "time": null, "elevation_f": 983.5958320000001, "step_elevation_m": 2.1999999999999886, "step_elevation_f": 7.217848000000004, "step_dist_m": 25.377490882646377, "step_dist_f": 83.25948718742154, "step_grade": 0.08669099755265369, "step_turn": 10.920800584378469, "coast_speed_mps": 0.0, "coast_speed_mph": 0.0}, "geometry": {"type": "Point", "coordinates": [-122.24617, 37.90409]}}, {"id": "671", "type": "Feature", "properties": {"name": "Out & Back in Alvarado", "step": 671, "lat": 37.90422, "lon": -122.24598, "elevation_m": 303.1, "time": null, "elevation_f": 994.4226040000001, "step_elevation_m": 3.3000000000000114, "step_elevation_f": 10.826772000000005, "step_dist_m": 22.064632165048867, "step_dist_f": 72.39052779237892, "step_grade": 0.14956061697812142, "step_turn": 14.943190841275111, "coast_speed_mps": 0.0, "coast_speed_mph": 0.0}, "geometry": {"type": "Point", "coordinates": [-122.24598, 37.90422]}}, {"id": "672", "type": "Feature", "properties": {"name": "Out & Back in Alvarado", "step": 672, "lat": 37.9043, "lon": -122.24577, "elevation_m": 306.4, "time": null, "elevation_f": 1005.2493759999999, "step_elevation_m": 3.2999999999999545, "step_elevation_f": 10.826771999999778, "step_dist_m": 20.459820908861825, "step_dist_f": 67.12539883063023, "step_grade": 0.16129173440470415, "step_turn": 15.15845273959144, "coast_speed_mps": 0.0, "coast_speed_mph": 0.0}, "geometry": {"type": "Point", "coordinates": [-122.24577, 37.9043]}}, {"id": "673", "type": "Feature", "properties": {"name": "Out & Back in Alvarado", "step": 673, "lat": 37.90442, "lon": -122.24554, "elevation_m": 309.9, "time": null, "elevation_f": 1016.732316, "step_elevation_m": 3.5, "step_elevation_f": 11.482940000000099, "step_dist_m": 24.19211106915315, "step_dist_f": 79.37044568012041, "step_grade": 0.14467526169978512, "step_turn": 7.702556991991116, "coast_speed_mps": 0.0, "coast_speed_mph": 0.0}, "geometry": {"type": "Point", "coordinates": [-122.24554, 37.90442]}}, {"id": "674", "type": "Feature", "properties": {"name": "Out & Back in Alvarado", "step": 674, "lat": 37.90454, "lon": -122.24539, "elevation_m": 311.6, "time": null, "elevation_f": 1022.309744, "step_elevation_m": 1.7000000000000455, "step_elevation_f": 5.5774280000000545, "step_dist_m": 18.741542045684785, "step_dist_f": 61.48800080516447, "step_grade": 0.09070758403209774, "step_turn": 11.921221380171346, "coast_speed_mps": 0.0, "coast_speed_mph": 0.0}, "geometry": {"type": "Point", "coordinates": [-122.24539, 37.90454]}}, {"id": "675", "type": "Feature", "properties": {"name": "Out & Back in Alvarado", "step": 675, "lat": 37.90468, "lon": -122.2451, "elevation_m": 315.5, "time": null, "elevation_f": 1035.10502, "step_elevation_m": 3.8999999999999773, "step_elevation_f": 12.795275999999944, "step_dist_m": 29.828153694962946, "step_dist_f": 97.86139976858223, "step_grade": 0.1307489575078382, "step_turn": 13.935544265615192, "coast_speed_mps": 0.0, "coast_speed_mph": 0.0}, "geometry": {"type": "Point", "coordinates": [-122.2451, 37.90468]}}, {"id": "676", "type": "Feature", "properties": {"name": "Out & Back in Alvarado", "step": 676, "lat": 37.90475, "lon": -122.24502, "elevation_m": 315.3, "time": null, "elevation_f": 1034.448852, "step_elevation_m": -0.19999999999998863, "step_elevation_f": -0.6561679999999797, "step_dist_m": 10.48095387396355, "step_dist_f": 34.38633270785457, "step_grade": -0.01908223262930507, "step_turn": 16.497559405979246, "coast_speed_mps": 0.0, "coast_speed_mph": 0.0}, "geometry": {"type": "Point", "coordinates": [-122.24502, 37.90475]}}, {"id": "677", "type": "Feature", "properties": {"name": "Out & Back in Alvarado", "step": 677, "lat": 37.90488, "lon": -122.24495, "elevation_m": 316.2, "time": null, "elevation_f": 1037.401608, "step_elevation_m": 0.8999999999999773, "step_elevation_f": 2.9527559999999085, "step_dist_m": 15.705906062818267, "step_dist_f": 51.52856484713668, "step_grade": 0.057303284280466486, "step_turn": 19.02376637068994, "coast_speed_mps": 0.0, "coast_speed_mph": 0.0}, "geometry": {"type": "Point", "coordinates": [-122.24495, 37.90488]}}, {"id": "678", "type": "Feature", "properties": {"name": "Out & Back in Alvarado", "step": 678, "lat": 37.90488, "lon": -122.24505, "elevation_m": 316.9, "time": null, "elevation_f": 1039.6981959999998, "step_elevation_m": 0.6999999999999886, "step_elevation_f": 2.296587999999929, "step_dist_m": 8.773632888910866, "step_dist_f": 28.784885727254323, "step_grade": 0.07978450989039326, "step_turn": 113.01882150787816, "coast_speed_mps": 0.0, "coast_speed_mph": 0.0}, "geometry": {"type": "Point", "coordinates": [-122.24505, 37.90488]}}, {"id": "679", "type": "Feature", "properties": {"name": "Out & Back in Alvarado", "step": 679, "lat": 37.90486, "lon": -122.24512, "elevation_m": 317.3, "time": null, "elevation_f": 1041.010532, "step_elevation_m": 0.4000000000000341, "step_elevation_f": 1.3123360000001867, "step_dist_m": 6.531790385012455, "step_dist_f": 21.429759166764264, "step_grade": 0.061238952327352034, "step_turn": 19.905706082789237, "coast_speed_mps": 0.0, "coast_speed_mph": 0.0}, "geometry": {"type": "Point", "coordinates": [-122.24512, 37.90486]}}, {"id": "680", "type": "Feature", "properties": {"name": "Out & Back in Alvarado", "step": 680, "lat": 37.90474, "lon": -122.24554, "elevation_m": 321.0, "time": null, "elevation_f": 1053.14964, "step_elevation_m": 3.6999999999999886, "step_elevation_f": 12.139108000000078, "step_dist_m": 39.190775271947935, "step_dist_f": 128.57866314321765, "step_grade": 0.09440997209994934, "step_turn": 0.00012495755154873223, "coast_speed_mps": 0.0, "coast_speed_mph": 0.0}, "geometry": {"type": "Point", "coordinates": [-122.24554, 37.90474]}}, {"id": "681", "type": "Feature", "properties": {"name": "Out & Back in Alvarado", "step": 681, "lat": 37.90471, "lon": -122.24571, "elevation_m": 320.7, "time": null, "elevation_f": 1052.165388, "step_elevation_m": -0.30000000000001137, "step_elevation_f": -0.9842520000001969, "step_dist_m": 15.283693606243267, "step_dist_f": 50.14335333110716, "step_grade": -0.019628763028687237, "step_turn": 7.298636913316955, "coast_speed_mps": 1.3972076405116842, "coast_speed_mph": 3.1254644785962835}, "geometry": {"type": "Point", "coordinates": [-122.24571, 37.90471]}}, {"id": "682", "type": "Feature", "properties": {"name": "Out & Back in Alvarado", "step": 682, "lat": 37.90471, "lon": -122.24585, "elevation_m": 320.6, "time": null, "elevation_f": 1051.8373040000001, "step_elevation_m": -0.0999999999999659, "step_elevation_f": -0.32808399999976245, "step_dist_m": 12.283114421684997, "step_dist_f": 40.298933119241006, "step_grade": -0.008141257710945258, "step_turn": 12.606956500380193, "coast_speed_mps": 1.7313867972761379, "coast_speed_mph": 3.8730019624108265}, "geometry": {"type": "Point", "coordinates": [-122.24585, 37.90471]}}, {"id": "683", "type": "Feature", "properties": {"name": "Out & Back in Alvarado", "step": 683, "lat": 37.90473, "lon": -122.24597, "elevation_m": 320.5, "time": null, "elevation_f": 1051.50922, "step_elevation_m": -0.10000000000002274, "step_elevation_f": -0.3280840000002172, "step_dist_m": 10.76069513472204, "step_dist_f": 35.304119025801455, "step_grade": -0.00929307993099331, "step_turn": 11.927192624842405, "coast_speed_mps": 2.0696336907438058, "coast_speed_mph": 4.6296387140833115}, "geometry": {"type": "Point", "coordinates": [-122.24597, 37.90473]}}, {"id": "684", "type": "Feature", "properties": {"name": "Out & Back in Alvarado", "step": 684, "lat": 37.90475, "lon": -122.24608, "elevation_m": 320.2, "time": null, "elevation_f": 1050.524968, "step_elevation_m": -0.30000000000001137, "step_elevation_f": -0.9842519999999695, "step_dist_m": 9.903928833537316, "step_dist_f": 32.49320587422257, "step_grade": -0.030291009259288317, "step_turn": 1.0490458136590632, "coast_speed_mps": 1.9258895852620344, "coast_speed_mph": 4.308092307762241}, "geometry": {"type": "Point", "coordinates": [-122.24608, 37.90475]}}, {"id": "685", "type": "Feature", "properties": {"name": "Out & Back in Alvarado", "step": 685, "lat": 37.9048, "lon": -122.24617, "elevation_m": 320.4, "time": null, "elevation_f": 1051.181136, "step_elevation_m": 0.19999999999998863, "step_elevation_f": 0.6561679999999797, "step_dist_m": 9.657226870354291, "step_dist_f": 31.683816205333173, "step_grade": 0.02070987900408011, "step_turn": 22.173001029917145, "coast_speed_mps": 1.3923668528099893, "coast_speed_mph": 3.1146359449042316}, "geometry": {"type": "Point", "coordinates": [-122.24617, 37.9048]}}, {"id": "686", "type": "Feature", "properties": {"name": "Out & Back in Alvarado", "step": 686, "lat": 37.90486, "lon": -122.24627, "elevation_m": 320.5, "time": null, "elevation_f": 1051.50922, "step_elevation_m": 0.10000000000002274, "step_elevation_f": 0.32808399999998983, "step_dist_m": 11.022171330556862, "step_dist_f": 36.161980588144175, "step_grade": 0.00907262253516164, "step_turn": 2.1010196276623674, "coast_speed_mps": 0.0, "coast_speed_mph": 0.0}, "geometry": {"type": "Point", "coordinates": [-122.24627, 37.90486]}}, {"id": "687", "type": "Feature", "properties": {"name": "Out & Back in Alvarado", "step": 687, "lat": 37.90529, "lon": -122.24666, "elevation_m": 322.0, "time": null, "elevation_f": 1056.43048, "step_elevation_m": 1.5, "step_elevation_f": 4.921260000000075, "step_dist_m": 58.79600016030094, "step_dist_f": 192.90026916592174, "step_grade": 0.02551193951817151, "step_turn": 17.1611121446133, "coast_speed_mps": 0.0, "coast_speed_mph": 0.0}, "geometry": {"type": "Point", "coordinates": [-122.24666, 37.90529]}}, {"id": "688", "type": "Feature", "properties": {"name": "Out & Back in Alvarado", "step": 688, "lat": 37.90538, "lon": -122.24682, "elevation_m": 321.8, "time": null, "elevation_f": 1055.774312, "step_elevation_m": -0.19999999999998863, "step_elevation_f": -0.6561679999999797, "step_dist_m": 17.23974104200907, "step_dist_f": 56.56083200026503, "step_grade": -0.011601102331678714, "step_turn": 18.926162843151985, "coast_speed_mps": 0.8578597546013722, "coast_speed_mph": 1.9189776185606908}, "geometry": {"type": "Point", "coordinates": [-122.24682, 37.90538]}}, {"id": "689", "type": "Feature", "properties": {"name": "Out & Back in Alvarado", "step": 689, "lat": 37.90542, "lon": -122.24695, "elevation_m": 321.7, "time": null, "elevation_f": 1055.446228, "step_elevation_m": -0.10000000000002274, "step_elevation_f": -0.32808399999998983, "step_dist_m": 12.242204531231376, "step_dist_f": 40.164714314245145, "step_grade": -0.008168463428699495, "step_turn": 14.181186698191993, "coast_speed_mps": 1.092924741649865, "coast_speed_mph": 2.444803019080762}, "geometry": {"type": "Point", "coordinates": [-122.24695, 37.90542]}}, {"id": "690", "type": "Feature", "properties": {"name": "Out & Back in Alvarado", "step": 690, "lat": 37.90556, "lon": -122.24759, "elevation_m": 320.1, "time": null, "elevation_f": 1050.196884, "step_elevation_m": -1.599999999999966, "step_elevation_f": -5.249344000000065, "step_dist_m": 58.26878382561403, "step_dist_f": 191.17055672642752, "step_grade": -0.027458956493556185, "step_turn": 5.808322610862831, "coast_speed_mps": 4.657284488002088, "coast_speed_mph": 10.418048693633866}, "geometry": {"type": "Point", "coordinates": [-122.24759, 37.90556]}}, {"id": "691", "type": "Feature", "properties": {"name": "Out & Back in Alvarado", "step": 691, "lat": 37.90563, "lon": -122.24772, "elevation_m": 319.8, "time": null, "elevation_f": 1049.212632, "step_elevation_m": -0.30000000000001137, "step_elevation_f": -0.9842519999999695, "step_dist_m": 13.80844346444025, "step_dist_f": 45.30329365587415, "step_grade": -0.021725837584270574, "step_turn": 18.815485759984597, "coast_speed_mps": 4.939223630197693, "coast_speed_mph": 11.0487285929619}, "geometry": {"type": "Point", "coordinates": [-122.24772, 37.90563]}}, {"id": "692", "type": "Feature", "properties": {"name": "Out & Back in Alvarado", "step": 692, "lat": 37.90568, "lon": -122.24775, "elevation_m": 319.7, "time": null, "elevation_f": 1048.884548, "step_elevation_m": -0.10000000000002274, "step_elevation_f": -0.32808399999998983, "step_dist_m": 6.151303147825007, "step_dist_f": 20.181441419510197, "step_grade": -0.01625671790137363, "step_turn": 30.355248151644957, "coast_speed_mps": 5.268186438602798, "coast_speed_mph": 11.784597437819416}, "geometry": {"type": "Point", "coordinates": [-122.24775, 37.90568]}}, {"id": "693", "type": "Feature", "properties": {"name": "Out & Back in Alvarado", "step": 693, "lat": 37.90574, "lon": -122.24777, "elevation_m": 319.5, "time": null, "elevation_f": 1048.22838, "step_elevation_m": -0.19999999999998863, "step_elevation_f": -0.6561679999999797, "step_dist_m": 6.8985881220176335, "step_dist_f": 22.633163854240333, "step_grade": -0.028991439474646375, "step_turn": 10.598019996573555, "coast_speed_mps": 5.890643203943655, "coast_speed_mph": 13.17699356644517}, "geometry": {"type": "Point", "coordinates": [-122.24777, 37.90574]}}, {"id": "694", "type": "Feature", "properties": {"name": "Out & Back in Alvarado", "step": 694, "lat": 37.9058, "lon": -122.24776, "elevation_m": 318.6, "time": null, "elevation_f": 1045.275624, "step_elevation_m": -0.8999999999999773, "step_elevation_f": -2.9527559999999085, "step_dist_m": 6.729135893834656, "step_dist_f": 22.077218205928492, "step_grade": -0.133746741661819, "step_turn": 22.227120728277725, "coast_speed_mps": 6.651723435179808, "coast_speed_mph": 14.879481556862475}, "geometry": {"type": "Point", "coordinates": [-122.24776, 37.9058]}}, {"id": "695", "type": "Feature", "properties": {"name": "Out & Back in Alvarado", "step": 695, "lat": 37.90587, "lon": -122.24773, "elevation_m": 317.2, "time": null, "elevation_f": 1040.682448, "step_elevation_m": -1.400000000000034, "step_elevation_f": -4.593176000000085, "step_dist_m": 8.21662002505896, "step_dist_f": 26.95741564301444, "step_grade": -0.17038636272948354, "step_turn": 11.191447128394032, "coast_speed_mps": 7.669541869957638, "coast_speed_mph": 17.15627655233901}, "geometry": {"type": "Point", "coordinates": [-122.24773, 37.90587]}}, {"id": "696", "type": "Feature", "properties": {"name": "Out & Back in Alvarado", "step": 696, "lat": 37.90617, "lon": -122.24756, "elevation_m": 314.8, "time": null, "elevation_f": 1032.808432, "step_elevation_m": -2.3999999999999773, "step_elevation_f": -7.874015999999983, "step_dist_m": 36.540985671137975, "step_dist_f": 119.88512742929632, "step_grade": -0.06567967327426599, "step_turn": 5.406831134042818, "coast_speed_mps": 9.214039985863693, "coast_speed_mph": 20.611220440818904}, "geometry": {"type": "Point", "coordinates": [-122.24756, 37.90617]}}, {"id": "697", "type": "Feature", "properties": {"name": "Out & Back in Alvarado", "step": 697, "lat": 37.90635, "lon": -122.24751, "elevation_m": 314.5, "time": null, "elevation_f": 1031.82418, "step_elevation_m": -0.30000000000001137, "step_elevation_f": -0.9842519999999695, "step_dist_m": 20.490171697082584, "step_dist_f": 67.22497491065643, "step_grade": -0.0146411657469286, "step_turn": 11.727784392835702, "coast_speed_mps": 8.672090223311201, "coast_speed_mph": 19.398913348494972}, "geometry": {"type": "Point", "coordinates": [-122.24751, 37.90635]}}, {"id": "698", "type": "Feature", "properties": {"name": "Out & Back in Alvarado", "step": 698, "lat": 37.90662, "lon": -122.24748, "elevation_m": 312.8, "time": null, "elevation_f": 1026.246752, "step_elevation_m": -1.6999999999999886, "step_elevation_f": -5.5774280000000545, "step_dist_m": 30.137782243931362, "step_dist_f": 98.87724149717977, "step_grade": -0.056407601138013595, "step_turn": 7.3519066770648465, "coast_speed_mps": 9.36592623905076, "coast_speed_mph": 20.950980312837217}, "geometry": {"type": "Point", "coordinates": [-122.24748, 37.90662]}}, {"id": "699", "type": "Feature", "properties": {"name": "Out & Back in Alvarado", "step": 699, "lat": 37.90706, "lon": -122.24748, "elevation_m": 308.7, "time": null, "elevation_f": 1012.795308, "step_elevation_m": -4.100000000000023, "step_elevation_f": -13.451444000000038, "step_dist_m": 48.92576772395929, "step_dist_f": 160.5176157794746, "step_grade": -0.08380042236909498, "step_turn": null, "coast_speed_mps": 11.400936709839108, "coast_speed_mph": 25.503169089654385}, "geometry": {"type": "Point", "coordinates": [-122.24748, 37.90706]}}, {"id": "700", "type": "Feature", "properties": {"name": "Out & Back in Alvarado", "step": 700, "lat": 37.9075, "lon": -122.24758, "elevation_m": 309.2, "time": null, "elevation_f": 1014.4357279999999, "step_elevation_m": 0.5, "step_elevation_f": 1.6404199999999491, "step_dist_m": 49.70616018476119, "step_dist_f": 163.0779585805719, "step_grade": 0.010059115372047768, "step_turn": null, "coast_speed_mps": 8.151809611963317, "coast_speed_mph": 18.23507876691864}, "geometry": {"type": "Point", "coordinates": [-122.24758, 37.9075]}}, {"id": "701", "type": "Feature", "properties": {"name": "Out & Back in Alvarado", "step": 701, "lat": 37.90795, "lon": -122.24769, "elevation_m": 312.9, "time": null, "elevation_f": 1026.574836, "step_elevation_m": 3.6999999999999886, "step_elevation_f": 12.139108000000078, "step_dist_m": 50.9598630948908, "step_dist_f": 167.19115723624154, "step_grade": 0.0726061605210817, "step_turn": 0.7502164585598052, "coast_speed_mps": 0.0, "coast_speed_mph": 0.0}, "geometry": {"type": "Point", "coordinates": [-122.24769, 37.90795]}}, {"id": "702", "type": "Feature", "properties": {"name": "Out & Back in Alvarado", "step": 702, "lat": 37.90805, "lon": -122.24769, "elevation_m": 313.1, "time": null, "elevation_f": 1027.231004, "step_elevation_m": 0.20000000000004547, "step_elevation_f": 0.6561679999999797, "step_dist_m": 11.119492664568353, "step_dist_f": 36.48127631362244, "step_grade": 0.017986432118196758, "step_turn": null, "coast_speed_mps": 0.0, "coast_speed_mph": 0.0}, "geometry": {"type": "Point", "coordinates": [-122.24769, 37.90805]}}, {"id": "703", "type": "Feature", "properties": {"name": "Out & Back in Alvarado", "step": 703, "lat": 37.90815, "lon": -122.24769, "elevation_m": 313.6, "time": null, "elevation_f": 1028.8714240000002, "step_elevation_m": 0.5, "step_elevation_f": 1.6404200000001765, "step_dist_m": 11.119492664568353, "step_dist_f": 36.48127631362244, "step_grade": 0.04496608029548167, "step_turn": null, "coast_speed_mps": 0.0, "coast_speed_mph": 0.0}, "geometry": {"type": "Point", "coordinates": [-122.24769, 37.90815]}}, {"id": "704", "type": "Feature", "properties": {"name": "Out & Back in Alvarado", "step": 704, "lat": 37.90869, "lon": -122.24761, "elevation_m": 313.9, "time": null, "elevation_f": 1029.855676, "step_elevation_m": 0.2999999999999545, "step_elevation_f": 0.9842519999997421, "step_dist_m": 60.45406190536979, "step_dist_f": 198.34010446161344, "step_grade": 0.0049624457074456275, "step_turn": null, "coast_speed_mps": 0.0, "coast_speed_mph": 0.0}, "geometry": {"type": "Point", "coordinates": [-122.24761, 37.90869]}}, {"id": "705", "type": "Feature", "properties": {"name": "Out & Back in Alvarado", "step": 705, "lat": 37.90877, "lon": -122.24761, "elevation_m": 313.7, "time": null, "elevation_f": 1029.199508, "step_elevation_m": -0.19999999999998863, "step_elevation_f": -0.6561679999999797, "step_dist_m": 8.895594131371753, "step_dist_f": 29.185021049969702, "step_grade": -0.022483040148454644, "step_turn": null, "coast_speed_mps": 0.0, "coast_speed_mph": 0.0}, "geometry": {"type": "Point", "coordinates": [-122.24761, 37.90877]}}, {"id": "706", "type": "Feature", "properties": {"name": "Out & Back in Alvarado", "step": 706, "lat": 37.90884, "lon": -122.24763, "elevation_m": 313.5, "time": null, "elevation_f": 1028.54334, "step_elevation_m": -0.19999999999998863, "step_elevation_f": -0.6561679999999797, "step_dist_m": 7.978963860404775, "step_dist_f": 26.1777037917704, "step_grade": -0.02506591125101832, "step_turn": null, "coast_speed_mps": 0.7869975970527271, "coast_speed_mph": 1.76046348660685}, "geometry": {"type": "Point", "coordinates": [-122.24763, 37.90884]}}, {"id": "707", "type": "Feature", "properties": {"name": "Out & Back in Alvarado", "step": 707, "lat": 37.90891, "lon": -122.24766, "elevation_m": 313.6, "time": null, "elevation_f": 1028.8714240000002, "step_elevation_m": 0.10000000000002274, "step_elevation_f": 0.3280840000002172, "step_dist_m": 8.216585191246349, "step_dist_f": 26.95730135884867, "step_grade": 0.0121705060767287, "step_turn": 5.978759071064985, "coast_speed_mps": 0.0, "coast_speed_mph": 0.0}, "geometry": {"type": "Point", "coordinates": [-122.24766, 37.90891]}}, {"id": "708", "type": "Feature", "properties": {"name": "Out & Back in Alvarado", "step": 708, "lat": 37.90897, "lon": -122.2477, "elevation_m": 314.1, "time": null, "elevation_f": 1030.511844, "step_elevation_m": 0.5, "step_elevation_f": 1.6404199999999491, "step_dist_m": 7.538330354788095, "step_dist_f": 24.732055761202975, "step_grade": 0.06632768484103602, "step_turn": 9.061660106088084, "coast_speed_mps": 0.0, "coast_speed_mph": 0.0}, "geometry": {"type": "Point", "coordinates": [-122.2477, 37.90897]}}, {"id": "709", "type": "Feature", "properties": {"name": "Out & Back in Alvarado", "step": 709, "lat": 37.90904, "lon": -122.24776, "elevation_m": 314.6, "time": null, "elevation_f": 1032.152264, "step_elevation_m": 0.5, "step_elevation_f": 1.6404199999999491, "step_dist_m": 9.396467889396346, "step_dist_f": 30.82830771024711, "step_grade": 0.05321148391984994, "step_turn": 6.325483336857872, "coast_speed_mps": 0.0, "coast_speed_mph": 0.0}, "geometry": {"type": "Point", "coordinates": [-122.24776, 37.90904]}}, {"id": "710", "type": "Feature", "properties": {"name": "Out & Back in Alvarado", "step": 710, "lat": 37.90923, "lon": -122.24798, "elevation_m": 314.9, "time": null, "elevation_f": 1033.136516, "step_elevation_m": 0.2999999999999545, "step_elevation_f": 0.9842519999999695, "step_dist_m": 28.616000335384218, "step_dist_f": 93.88451854034196, "step_grade": 0.010483645390128086, "step_turn": 8.34410715325646, "coast_speed_mps": 0.0, "coast_speed_mph": 0.0}, "geometry": {"type": "Point", "coordinates": [-122.24798, 37.90923]}}, {"id": "711", "type": "Feature", "properties": {"name": "Out & Back in Alvarado", "step": 711, "lat": 37.9093, "lon": -122.24805, "elevation_m": 314.3, "time": null, "elevation_f": 1031.168012, "step_elevation_m": -0.5999999999999659, "step_elevation_f": -1.968503999999939, "step_dist_m": 9.914594430995903, "step_dist_f": 32.5281979929886, "step_grade": -0.06051684758018861, "step_turn": 4.140716532056388, "coast_speed_mps": 0.0, "coast_speed_mph": 0.0}, "geometry": {"type": "Point", "coordinates": [-122.24805, 37.9093]}}, {"id": "712", "type": "Feature", "properties": {"name": "Out & Back in Alvarado", "step": 712, "lat": 37.90937, "lon": -122.24809, "elevation_m": 314.7, "time": null, "elevation_f": 1032.480348, "step_elevation_m": 0.39999999999997726, "step_elevation_f": 1.3123359999999593, "step_dist_m": 8.53814368275332, "step_dist_f": 28.012283320124403, "step_grade": 0.04684859084861267, "step_turn": 14.004754797119517, "coast_speed_mps": 0.6895657331802153, "coast_speed_mph": 1.5425146143079245}, "geometry": {"type": "Point", "coordinates": [-122.24809, 37.90937]}}, {"id": "713", "type": "Feature", "properties": {"name": "Out & Back in Alvarado", "step": 713, "lat": 37.90962, "lon": -122.24822, "elevation_m": 315.5, "time": null, "elevation_f": 1035.10502, "step_elevation_m": 0.8000000000000114, "step_elevation_f": 2.6246719999999186, "step_dist_m": 30.047357220717895, "step_dist_f": 98.5805714640201, "step_grade": 0.02662463770518909, "step_turn": 1.9612548195049158, "coast_speed_mps": 0.0, "coast_speed_mph": 0.0}, "geometry": {"type": "Point", "coordinates": [-122.24822, 37.90962]}}, {"id": "714", "type": "Feature", "properties": {"name": "Out & Back in Alvarado", "step": 714, "lat": 37.90972, "lon": -122.24829, "elevation_m": 315.7, "time": null, "elevation_f": 1035.761188, "step_elevation_m": 0.19999999999998863, "step_elevation_f": 0.6561679999999797, "step_dist_m": 12.70262796695754, "step_dist_f": 41.67528993911297, "step_grade": 0.01574477348468637, "step_turn": 6.604376467125178, "coast_speed_mps": 0.0, "coast_speed_mph": 0.0}, "geometry": {"type": "Point", "coordinates": [-122.24829, 37.90972]}}, {"id": "715", "type": "Feature", "properties": {"name": "Out & Back in Alvarado", "step": 715, "lat": 37.90979, "lon": -122.24837, "elevation_m": 316.2, "time": null, "elevation_f": 1037.401608, "step_elevation_m": 0.5, "step_elevation_f": 1.6404199999999491, "step_dist_m": 10.48063192668515, "step_dist_f": 34.38527645034571, "step_grade": 0.047707047008008194, "step_turn": 13.129420317780898, "coast_speed_mps": 0.0, "coast_speed_mph": 0.0}, "geometry": {"type": "Point", "coordinates": [-122.24837, 37.90979]}}, {"id": "716", "type": "Feature", "properties": {"name": "Out & Back in Alvarado", "step": 716, "lat": 37.90983, "lon": -122.24846, "elevation_m": 317.8, "time": null, "elevation_f": 1042.650952, "step_elevation_m": 1.6000000000000227, "step_elevation_f": 5.249344000000065, "step_dist_m": 9.062318558187656, "step_dist_f": 29.732017218444387, "step_grade": 0.1765552589799935, "step_turn": 18.56604808524412, "coast_speed_mps": 0.0, "coast_speed_mph": 0.0}, "geometry": {"type": "Point", "coordinates": [-122.24846, 37.90983]}}, {"id": "717", "type": "Feature", "properties": {"name": "Out & Back in Alvarado", "step": 717, "lat": 37.90985, "lon": -122.24857, "elevation_m": 319.8, "time": null, "elevation_f": 1049.212632, "step_elevation_m": 2.0, "step_elevation_f": 6.561680000000024, "step_dist_m": 9.903277008828407, "step_dist_f": 32.491067341644595, "step_grade": 0.20195335324025304, "step_turn": 16.41613469763604, "coast_speed_mps": 0.0, "coast_speed_mph": 0.0}, "geometry": {"type": "Point", "coordinates": [-122.24857, 37.90985]}}, {"id": "718", "type": "Feature", "properties": {"name": "Out & Back in Alvarado", "step": 718, "lat": 37.90984, "lon": -122.24877, "elevation_m": 320.0, "time": null, "elevation_f": 1049.8688, "step_elevation_m": 0.19999999999998863, "step_elevation_f": 0.6561679999999797, "step_dist_m": 17.58128029603057, "step_dist_f": 57.68136764642894, "step_grade": 0.011375735818576524, "step_turn": 16.603249884881848, "coast_speed_mps": 0.0, "coast_speed_mph": 0.0}, "geometry": {"type": "Point", "coordinates": [-122.24877, 37.90984]}}, {"id": "719", "type": "Feature", "properties": {"name": "Out & Back in Alvarado", "step": 719, "lat": 37.90985, "lon": -122.24889, "elevation_m": 319.7, "time": null, "elevation_f": 1048.884548, "step_elevation_m": -0.30000000000001137, "step_elevation_f": -0.9842519999999695, "step_dist_m": 10.58620923853798, "step_dist_f": 34.73165871816495, "step_grade": -0.0283387559456026, "step_turn": 9.655465104756331, "coast_speed_mps": 1.0925882740847637, "coast_speed_mph": 2.4440503625732877}, "geometry": {"type": "Point", "coordinates": [-122.24889, 37.90985]}}, {"id": "720", "type": "Feature", "properties": {"name": "Out & Back in Alvarado", "step": 720, "lat": 37.90987, "lon": -122.24898, "elevation_m": 319.3, "time": null, "elevation_f": 1047.572212, "step_elevation_m": -0.39999999999997726, "step_elevation_f": -1.3123359999999593, "step_dist_m": 8.202948181005267, "step_dist_f": 26.91256051016932, "step_grade": -0.04876295585119221, "step_turn": 9.700971020367888, "coast_speed_mps": 1.8176266542583464, "coast_speed_mph": 4.06591502831591}, "geometry": {"type": "Point", "coordinates": [-122.24898, 37.90987]}}, {"id": "721", "type": "Feature", "properties": {"name": "Out & Back in Alvarado", "step": 721, "lat": 37.90991, "lon": -122.24907, "elevation_m": 319.4, "time": null, "elevation_f": 1047.900296, "step_elevation_m": 0.0999999999999659, "step_elevation_f": 0.32808399999998983, "step_dist_m": 9.0623110783166, "step_dist_f": 29.731992678184234, "step_grade": 0.011034712794094651, "step_turn": 13.662975104246073, "coast_speed_mps": 1.515149387624249, "coast_speed_mph": 3.389292653060682}, "geometry": {"type": "Point", "coordinates": [-122.24907, 37.90991]}}, {"id": "722", "type": "Feature", "properties": {"name": "Out & Back in Alvarado", "step": 722, "lat": 37.90998, "lon": -122.24916, "elevation_m": 319.6, "time": null, "elevation_f": 1048.556464, "step_elevation_m": 0.20000000000004547, "step_elevation_f": 0.6561679999999797, "step_dist_m": 11.087272771451996, "step_dist_f": 36.37556799949056, "step_grade": 0.01803870114163822, "step_turn": 15.197154113274053, "coast_speed_mps": 0.0, "coast_speed_mph": 0.0}, "geometry": {"type": "Point", "coordinates": [-122.24916, 37.90998]}}, {"id": "723", "type": "Feature", "properties": {"name": "Out & Back in Alvarado", "step": 723, "lat": 37.91017, "lon": -122.24932, "elevation_m": 320.5, "time": null, "elevation_f": 1051.50922, "step_elevation_m": 0.8999999999999773, "step_elevation_f": 2.9527559999999085, "step_dist_m": 25.36501550768657, "step_dist_f": 83.21855747823841, "step_grade": 0.035481941642308196, "step_turn": 11.809484774878626, "coast_speed_mps": 0.0, "coast_speed_mph": 0.0}, "geometry": {"type": "Point", "coordinates": [-122.24932, 37.91017]}}, {"id": "724", "type": "Feature", "properties": {"name": "Out & Back in Alvarado", "step": 724, "lat": 37.91038, "lon": -122.24946, "elevation_m": 320.6, "time": null, "elevation_f": 1051.8373040000001, "step_elevation_m": 0.10000000000002274, "step_elevation_f": 0.3280840000002172, "step_dist_m": 26.384052496326337, "step_dist_f": 86.5618547920473, "step_grade": 0.003790168322851334, "step_turn": 5.856502736501284, "coast_speed_mps": 0.0, "coast_speed_mph": 0.0}, "geometry": {"type": "Point", "coordinates": [-122.24946, 37.91038]}}, {"id": "725", "type": "Feature", "properties": {"name": "Out & Back in Alvarado", "step": 725, "lat": 37.91049, "lon": -122.24951, "elevation_m": 320.6, "time": null, "elevation_f": 1051.8373040000001, "step_elevation_m": 0.0, "step_elevation_f": 0.0, "step_dist_m": 12.99420735218058, "step_dist_f": 42.63191524932813, "step_grade": 0.0, "step_turn": 8.01452386319022, "coast_speed_mps": 0.0, "coast_speed_mph": 0.0}, "geometry": {"type": "Point", "coordinates": [-122.24951, 37.91049]}}, {"id": "726", "type": "Feature", "properties": {"name": "Out & Back in Alvarado", "step": 726, "lat": 37.91066, "lon": -122.24952, "elevation_m": 321.3, "time": null, "elevation_f": 1054.133892, "step_elevation_m": 0.6999999999999886, "step_elevation_f": 2.296587999999929, "step_dist_m": 18.923484236426077, "step_dist_f": 62.08492402223613, "step_grade": 0.03699107369733471, "step_turn": 17.07183299727359, "coast_speed_mps": 0.0, "coast_speed_mph": 0.0}, "geometry": {"type": "Point", "coordinates": [-122.24952, 37.91066]}}, {"id": "727", "type": "Feature", "properties": {"name": "Out & Back in Alvarado", "step": 727, "lat": 37.91098, "lon": -122.24952, "elevation_m": 321.2, "time": null, "elevation_f": 1053.8058079999998, "step_elevation_m": -0.10000000000002274, "step_elevation_f": -0.3280840000002172, "step_dist_m": 35.58237652619434, "step_dist_f": 116.74008420219943, "step_grade": -0.002810380018501763, "step_turn": null, "coast_speed_mps": 1.2433431635341279, "coast_speed_mph": 2.781279445987219}, "geometry": {"type": "Point", "coordinates": [-122.24952, 37.91098]}}, {"id": "728", "type": "Feature", "properties": {"name": "Out & Back in Alvarado", "step": 728, "lat": 37.91103, "lon": -122.24954, "elevation_m": 320.8, "time": null, "elevation_f": 1052.493472, "step_elevation_m": -0.39999999999997726, "step_elevation_f": -1.312335999999732, "step_dist_m": 5.830037053181924, "step_dist_f": 19.127418765561384, "step_grade": -0.06861019858898922, "step_turn": null, "coast_speed_mps": 1.317246875529607, "coast_speed_mph": 2.9465973414674425}, "geometry": {"type": "Point", "coordinates": [-122.24954, 37.91103]}}, {"id": "729", "type": "Feature", "properties": {"name": "Out & Back in Alvarado", "step": 729, "lat": 37.91109, "lon": -122.24958, "elevation_m": 320.8, "time": null, "elevation_f": 1052.493472, "step_elevation_m": 0.0, "step_elevation_f": 0.0, "step_dist_m": 7.538283284217469, "step_dist_f": 24.73190133019204, "step_grade": 0.0, "step_turn": 10.22834229874627, "coast_speed_mps": 1.197450274022761, "coast_speed_mph": 2.678619975892}, "geometry": {"type": "Point", "coordinates": [-122.24958, 37.91109]}}, {"id": "730", "type": "Feature", "properties": {"name": "Out & Back in Alvarado", "step": 730, "lat": 37.91115, "lon": -122.24969, "elevation_m": 320.9, "time": null, "elevation_f": 1052.8215559999999, "step_elevation_m": 0.0999999999999659, "step_elevation_f": 0.32808399999976245, "step_dist_m": 11.731898930954346, "step_dist_f": 38.490483288632255, "step_grade": 0.008523769305250166, "step_turn": 27.59841550148559, "coast_speed_mps": 0.0, "coast_speed_mph": 0.0}, "geometry": {"type": "Point", "coordinates": [-122.24969, 37.91115]}}, {"id": "731", "type": "Feature", "properties": {"name": "Out & Back in Alvarado", "step": 731, "lat": 37.91118, "lon": -122.24981, "elevation_m": 321.2, "time": null, "elevation_f": 1053.8058079999998, "step_elevation_m": 0.30000000000001137, "step_elevation_f": 0.9842519999999695, "step_dist_m": 11.043337287441307, "step_dist_f": 36.23142270612894, "step_grade": 0.027165701109317476, "step_turn": 17.076318838606824, "coast_speed_mps": 0.0, "coast_speed_mph": 0.0}, "geometry": {"type": "Point", "coordinates": [-122.24981, 37.91118]}}, {"id": "732", "type": "Feature", "properties": {"name": "Out & Back in Alvarado", "step": 732, "lat": 37.91118, "lon": -122.24988, "elevation_m": 321.4, "time": null, "elevation_f": 1054.4619759999998, "step_elevation_m": 0.19999999999998863, "step_elevation_f": 0.6561679999999797, "step_dist_m": 6.14101719031991, "step_dist_f": 20.147694838689173, "step_grade": 0.03256789450373935, "step_turn": 17.581918721409636, "coast_speed_mps": 0.0, "coast_speed_mph": 0.0}, "geometry": {"type": "Point", "coordinates": [-122.24988, 37.91118]}}, {"id": "733", "type": "Feature", "properties": {"name": "Out & Back in Alvarado", "step": 733, "lat": 37.91114, "lon": -122.25012, "elevation_m": 321.6, "time": null, "elevation_f": 1055.118144, "step_elevation_m": 0.20000000000004547, "step_elevation_f": 0.656168000000207, "step_dist_m": 21.519587138169683, "step_dist_f": 70.60232226639262, "step_grade": 0.009293858600349345, "step_turn": 11.928160613687737, "coast_speed_mps": 0.0, "coast_speed_mph": 0.0}, "geometry": {"type": "Point", "coordinates": [-122.25012, 37.91114]}}, {"id": "734", "type": "Feature", "properties": {"name": "Out & Back in Alvarado", "step": 734, "lat": 37.91107, "lon": -122.25037, "elevation_m": 319.7, "time": null, "elevation_f": 1048.884548, "step_elevation_m": -1.900000000000034, "step_elevation_f": -6.233596000000034, "step_dist_m": 23.272466376024756, "step_dist_f": 76.35323858511705, "step_grade": -0.08164154023474753, "step_turn": 7.61132044558201, "coast_speed_mps": 5.666131667976706, "coast_speed_mph": 12.674775563655825}, "geometry": {"type": "Point", "coordinates": [-122.25037, 37.91107]}}, {"id": "735", "type": "Feature", "properties": {"name": "Out & Back in Alvarado", "step": 735, "lat": 37.91105, "lon": -122.25051, "elevation_m": 318.8, "time": null, "elevation_f": 1045.931792, "step_elevation_m": -0.8999999999999773, "step_elevation_f": -2.9527559999999085, "step_dist_m": 12.481770114738739, "step_dist_f": 40.95069066323944, "step_grade": -0.07210515749983555, "step_turn": 9.276216438798201, "coast_speed_mps": 6.466619524908906, "coast_speed_mph": 14.465415902176312}, "geometry": {"type": "Point", "coordinates": [-122.25051, 37.91105]}}, {"id": "736", "type": "Feature", "properties": {"name": "Out & Back in Alvarado", "step": 736, "lat": 37.91105, "lon": -122.25066, "elevation_m": 318.7, "time": null, "elevation_f": 1045.6037079999999, "step_elevation_m": -0.10000000000002274, "step_elevation_f": -0.3280840000002172, "step_dist_m": 13.159345797741766, "step_dist_f": 43.173708067063096, "step_grade": -0.007599161959645701, "step_turn": 10.263289199392148, "coast_speed_mps": 6.433050483522608, "coast_speed_mph": 14.390324095209827}, "geometry": {"type": "Point", "coordinates": [-122.25066, 37.91105]}}, {"id": "737", "type": "Feature", "properties": {"name": "Out & Back in Alvarado", "step": 737, "lat": 37.91107, "lon": -122.25079, "elevation_m": 318.9, "time": null, "elevation_f": 1046.2598759999998, "step_elevation_m": 0.19999999999998863, "step_elevation_f": 0.6561679999999797, "step_dist_m": 11.619569055955157, "step_dist_f": 38.12194694153992, "step_grade": 0.01721234230261633, "step_turn": 11.034054735321376, "coast_speed_mps": 5.48252208508347, "coast_speed_mph": 12.264052624112974}, "geometry": {"type": "Point", "coordinates": [-122.25079, 37.91107]}}, {"id": "738", "type": "Feature", "properties": {"name": "Out & Back in Alvarado", "step": 738, "lat": 37.91112, "lon": -122.25092, "elevation_m": 319.8, "time": null, "elevation_f": 1049.212632, "step_elevation_m": 0.9000000000000341, "step_elevation_f": 2.952756000000136, "step_dist_m": 12.687762445692018, "step_dist_f": 41.6265185423242, "step_grade": 0.07093449328456009, "step_turn": 14.954872861391948, "coast_speed_mps": 3.554283073432173, "coast_speed_mph": 7.950704799195082}, "geometry": {"type": "Point", "coordinates": [-122.25092, 37.91112]}}, {"id": "739", "type": "Feature", "properties": {"name": "Out & Back in Alvarado", "step": 739, "lat": 37.91117, "lon": -122.251, "elevation_m": 320.4, "time": null, "elevation_f": 1051.181136, "step_elevation_m": 0.5999999999999659, "step_elevation_f": 1.968503999999939, "step_dist_m": 8.953626989056124, "step_dist_f": 29.375417570774893, "step_grade": 0.06701194954104481, "step_turn": 12.39652450130933, "coast_speed_mps": 0.0, "coast_speed_mph": 0.0}, "geometry": {"type": "Point", "coordinates": [-122.251, 37.91117]}}, {"id": "740", "type": "Feature", "properties": {"name": "Out & Back in Alvarado", "step": 740, "lat": 37.91122, "lon": -122.2511, "elevation_m": 321.3, "time": null, "elevation_f": 1054.133892, "step_elevation_m": 0.9000000000000341, "step_elevation_f": 2.952756000000136, "step_dist_m": 10.38625058231582, "step_dist_f": 34.07562636048504, "step_grade": 0.08665302198008025, "step_turn": 6.021297348943335, "coast_speed_mps": 0.0, "coast_speed_mph": 0.0}, "geometry": {"type": "Point", "coordinates": [-122.2511, 37.91122]}}, {"id": "741", "type": "Feature", "properties": {"name": "Out & Back in Alvarado", "step": 741, "lat": 37.91124, "lon": -122.25118, "elevation_m": 321.7, "time": null, "elevation_f": 1055.446228, "step_elevation_m": 0.39999999999997726, "step_elevation_f": 1.3123359999999593, "step_dist_m": 7.362218948617449, "step_dist_f": 24.15426241538207, "step_grade": 0.05433144583062057, "step_turn": 14.782258320353037, "coast_speed_mps": 0.0, "coast_speed_mph": 0.0}, "geometry": {"type": "Point", "coordinates": [-122.25118, 37.91124]}}, {"id": "742", "type": "Feature", "properties": {"name": "Out & Back in Alvarado", "step": 742, "lat": 37.91124, "lon": -122.25128, "elevation_m": 321.2, "time": null, "elevation_f": 1053.8058079999998, "step_elevation_m": -0.5, "step_elevation_f": -1.6404200000001765, "step_dist_m": 8.772874541908054, "step_dist_f": 28.78239771207362, "step_grade": -0.05699386188774251, "step_turn": 17.581911789341177, "coast_speed_mps": 0.0, "coast_speed_mph": 0.0}, "geometry": {"type": "Point", "coordinates": [-122.25128, 37.91124]}}, {"id": "743", "type": "Feature", "properties": {"name": "Out & Back in Alvarado", "step": 743, "lat": 37.91122, "lon": -122.25157, "elevation_m": 320.2, "time": null, "elevation_f": 1050.524968, "step_elevation_m": -1.0, "step_elevation_f": -3.2808399999998983, "step_dist_m": 25.53835325536355, "step_dist_f": 83.78725089432695, "step_grade": -0.03915679253085673, "step_turn": 4.995627510940324, "coast_speed_mps": 4.0541751881234775, "coast_speed_mph": 9.068931612659881}, "geometry": {"type": "Point", "coordinates": [-122.25157, 37.91122]}}, {"id": "744", "type": "Feature", "properties": {"name": "Out & Back in Alvarado", "step": 744, "lat": 37.91122, "lon": -122.25167, "elevation_m": 319.8, "time": null, "elevation_f": 1049.212632, "step_elevation_m": -0.39999999999997726, "step_elevation_f": -1.3123359999999593, "step_dist_m": 8.7728769290487, "step_dist_f": 28.782405543900136, "step_grade": -0.04559507710355534, "step_turn": 4.995627510931968, "coast_speed_mps": 4.588869341092226, "coast_speed_mph": 10.265008368584962}, "geometry": {"type": "Point", "coordinates": [-122.25167, 37.91122]}}, {"id": "745", "type": "Feature", "properties": {"name": "Out & Back in Alvarado", "step": 745, "lat": 37.91134, "lon": -122.2521, "elevation_m": 317.4, "time": null, "elevation_f": 1041.338616, "step_elevation_m": -2.400000000000034, "step_elevation_f": -7.874015999999983, "step_dist_m": 40.01370354289613, "step_dist_f": 131.27855913167534, "step_grade": -0.059979451725260764, "step_turn": 19.47966026880954, "coast_speed_mps": 7.475080261280105, "coast_speed_mph": 16.72127832247695}, "geometry": {"type": "Point", "coordinates": [-122.2521, 37.91134]}}, {"id": "746", "type": "Feature", "properties": {"name": "Out & Back in Alvarado", "step": 746, "lat": 37.91146, "lon": -122.25294, "elevation_m": 314.0, "time": null, "elevation_f": 1030.18376, "step_elevation_m": -3.3999999999999773, "step_elevation_f": -11.154856000000109, "step_dist_m": 74.8902855750725, "step_dist_f": 245.70304452612086, "step_grade": -0.045399746761436835, "step_turn": 9.216100373195218, "coast_speed_mps": 8.419958601801362, "coast_speed_mph": 18.834910973965087}, "geometry": {"type": "Point", "coordinates": [-122.25294, 37.91146]}}, {"id": "747", "type": "Feature", "properties": {"name": "Out & Back in Alvarado", "step": 747, "lat": 37.9115, "lon": -122.25302, "elevation_m": 314.2, "time": null, "elevation_f": 1030.8399279999999, "step_elevation_m": 0.19999999999998863, "step_elevation_f": 0.6561679999999797, "step_dist_m": 8.308977502586753, "step_dist_f": 27.260425749586723, "step_grade": 0.024070350405657564, "step_turn": 22.100704420361694, "coast_speed_mps": 8.390117339218692, "coast_speed_mph": 18.76815797069319}, "geometry": {"type": "Point", "coordinates": [-122.25302, 37.9115]}}, {"id": "748", "type": "Feature", "properties": {"name": "Out & Back in Alvarado", "step": 748, "lat": 37.91155, "lon": -122.25308, "elevation_m": 314.2, "time": null, "elevation_f": 1030.8399279999999, "step_elevation_m": 0.0, "step_elevation_f": 0.0, "step_dist_m": 7.656197658554272, "step_dist_f": 25.1187595260912, "step_grade": 0.0, "step_turn": 14.20248150420997, "coast_speed_mps": 7.922442138993297, "coast_speed_mph": 17.721998342415194}, "geometry": {"type": "Point", "coordinates": [-122.25308, 37.91155]}}, {"id": "749", "type": "Feature", "properties": {"name": "Out & Back in Alvarado", "step": 749, "lat": 37.91161, "lon": -122.25311, "elevation_m": 314.4, "time": null, "elevation_f": 1031.4960959999999, "step_elevation_m": 0.19999999999998863, "step_elevation_f": 0.6561679999999797, "step_dist_m": 7.172039992606128, "step_dist_f": 23.530315689341887, "step_grade": 0.027886068706556945, "step_turn": 21.90499203490009, "coast_speed_mps": 7.44105235355738, "coast_speed_mph": 16.64516006074931}, "geometry": {"type": "Point", "coordinates": [-122.25311, 37.91161]}}, {"id": "750", "type": "Feature", "properties": {"name": "Out & Back in Alvarado", "step": 750, "lat": 37.91169, "lon": -122.25312, "elevation_m": 314.7, "time": null, "elevation_f": 1032.480348, "step_elevation_m": 0.30000000000001137, "step_elevation_f": 0.9842520000001969, "step_dist_m": 8.938748214094728, "step_dist_f": 29.326602690730546, "step_grade": 0.03356174632226106, "step_turn": 15.895943254733822, "coast_speed_mps": 6.619694225203856, "coast_speed_mph": 14.807834254661438}, "geometry": {"type": "Point", "coordinates": [-122.25312, 37.91169]}}, {"id": "751", "type": "Feature", "properties": {"name": "Out & Back in Alvarado", "step": 751, "lat": 37.91178, "lon": -122.25309, "elevation_m": 315.2, "time": null, "elevation_f": 1034.120768, "step_elevation_m": 0.5, "step_elevation_f": 1.6404199999999491, "step_dist_m": 10.347827363531582, "step_dist_f": 33.94956592736896, "step_grade": 0.04831932177010695, "step_turn": 20.366634963989043, "coast_speed_mps": 5.527399121676896, "coast_speed_mph": 12.364439695948661}, "geometry": {"type": "Point", "coordinates": [-122.25309, 37.91178]}}, {"id": "752", "type": "Feature", "properties": {"name": "Out & Back in Alvarado", "step": 752, "lat": 37.91196, "lon": -122.25295, "elevation_m": 316.2, "time": null, "elevation_f": 1037.401608, "step_elevation_m": 1.0, "step_elevation_f": 3.2808399999998983, "step_dist_m": 23.482956338211785, "step_dist_f": 77.04382247265876, "step_grade": 0.04258407611024624, "step_turn": 16.80026506801488, "coast_speed_mps": 2.7576860545834245, "coast_speed_mph": 6.168768017589973}, "geometry": {"type": "Point", "coordinates": [-122.25295, 37.91196]}}, {"id": "753", "type": "Feature", "properties": {"name": "Out & Back in Alvarado", "step": 753, "lat": 37.91206, "lon": -122.25289, "elevation_m": 316.3, "time": null, "elevation_f": 1037.7296920000001, "step_elevation_m": 0.10000000000002274, "step_elevation_f": 0.3280840000002172, "step_dist_m": 12.302411759507741, "step_dist_f": 40.36224459706338, "step_grade": 0.008128487483174929, "step_turn": 6.203010926074796, "coast_speed_mps": 0.0, "coast_speed_mph": 0.0}, "geometry": {"type": "Point", "coordinates": [-122.25289, 37.91206]}}, {"id": "754", "type": "Feature", "properties": {"name": "Out & Back in Alvarado", "step": 754, "lat": 37.91242, "lon": -122.25272, "elevation_m": 315.3, "time": null, "elevation_f": 1034.448852, "step_elevation_m": -1.0, "step_elevation_f": -3.2808400000001257, "step_dist_m": 42.71806138364321, "step_dist_f": 140.151124509912, "step_grade": -0.02340930200505075, "step_turn": 4.898218580154037, "coast_speed_mps": 3.8697767214333445, "coast_speed_mph": 8.656443990321538}, "geometry": {"type": "Point", "coordinates": [-122.25272, 37.91242]}}, {"id": "755", "type": "Feature", "properties": {"name": "Out & Back in Alvarado", "step": 755, "lat": 37.91248, "lon": -122.25268, "elevation_m": 315.0, "time": null, "elevation_f": 1033.4646, "step_elevation_m": -0.30000000000001137, "step_elevation_f": -0.9842519999999695, "step_dist_m": 7.538252420451263, "step_dist_f": 24.731800071113323, "step_grade": -0.03979702234248776, "step_turn": 7.309497076344428, "coast_speed_mps": 4.165244933950247, "coast_speed_mph": 9.31738755804904}, "geometry": {"type": "Point", "coordinates": [-122.25268, 37.91248]}}, {"id": "756", "type": "Feature", "properties": {"name": "Out & Back in Alvarado", "step": 756, "lat": 37.91256, "lon": -122.25261, "elevation_m": 314.5, "time": null, "elevation_f": 1031.82418, "step_elevation_m": -0.5, "step_elevation_f": -1.6404199999999491, "step_dist_m": 10.809362295494411, "step_dist_f": 35.46378819354988, "step_grade": -0.04625619776001137, "step_turn": 6.8756247056093684, "coast_speed_mps": 4.635405216331018, "coast_speed_mph": 10.369106156789131}, "geometry": {"type": "Point", "coordinates": [-122.25261, 37.91256]}}, {"id": "757", "type": "Feature", "properties": {"name": "Out & Back in Alvarado", "step": 757, "lat": 37.91261, "lon": -122.25254, "elevation_m": 314.4, "time": null, "elevation_f": 1031.4960959999999, "step_elevation_m": -0.10000000000002274, "step_elevation_f": -0.3280840000002172, "step_dist_m": 8.283805345421948, "step_dist_f": 27.177839929474143, "step_grade": -0.012071746719071305, "step_turn": 13.224933230508327, "coast_speed_mps": 4.901956530075367, "coast_speed_mph": 10.965364464198643}, "geometry": {"type": "Point", "coordinates": [-122.25254, 37.91261]}}, {"id": "758", "type": "Feature", "properties": {"name": "Out & Back in Alvarado", "step": 758, "lat": 37.91278, "lon": -122.25221, "elevation_m": 315.5, "time": null, "elevation_f": 1035.10502, "step_elevation_m": 1.1000000000000227, "step_elevation_f": 3.6089240000001155, "step_dist_m": 34.574934499796264, "step_dist_f": 113.43482810431158, "step_grade": 0.03181495542692943, "step_turn": 9.013528483964137, "coast_speed_mps": 0.0, "coast_speed_mph": 0.0}, "geometry": {"type": "Point", "coordinates": [-122.25221, 37.91278]}}, {"id": "759", "type": "Feature", "properties": {"name": "Out & Back in Alvarado", "step": 759, "lat": 37.91286, "lon": -122.25209, "elevation_m": 316.0, "time": null, "elevation_f": 1036.74544, "step_elevation_m": 0.5, "step_elevation_f": 1.6404199999999491, "step_dist_m": 13.782381021631553, "step_dist_f": 45.217786951009664, "step_grade": 0.03627820180092585, "step_turn": 7.055099660227199, "coast_speed_mps": 0.0, "coast_speed_mph": 0.0}, "geometry": {"type": "Point", "coordinates": [-122.25209, 37.91286]}}, {"id": "760", "type": "Feature", "properties": {"name": "Out & Back in Alvarado", "step": 760, "lat": 37.91293, "lon": -122.252, "elevation_m": 316.5, "time": null, "elevation_f": 1038.38586, "step_elevation_m": 0.5, "step_elevation_f": 1.6404200000001765, "step_dist_m": 11.087047311099775, "step_dist_f": 36.374828300148586, "step_grade": 0.04509766991788932, "step_turn": 4.393480717652778, "coast_speed_mps": 0.0, "coast_speed_mph": 0.0}, "geometry": {"type": "Point", "coordinates": [-122.252, 37.91293]}}, {"id": "761", "type": "Feature", "properties": {"name": "Out & Back in Alvarado", "step": 761, "lat": 37.913, "lon": -122.25196, "elevation_m": 316.6, "time": null, "elevation_f": 1038.713944, "step_elevation_m": 0.10000000000002274, "step_elevation_f": 0.32808399999998983, "step_dist_m": 8.538072520075968, "step_dist_f": 28.012049846766036, "step_grade": 0.01171224532994866, "step_turn": 21.141319900577116, "coast_speed_mps": 0.0, "coast_speed_mph": 0.0}, "geometry": {"type": "Point", "coordinates": [-122.25196, 37.913]}}, {"id": "762", "type": "Feature", "properties": {"name": "Out & Back in Alvarado", "step": 762, "lat": 37.91308, "lon": -122.25194, "elevation_m": 316.8, "time": null, "elevation_f": 1039.370112, "step_elevation_m": 0.19999999999998863, "step_elevation_f": 0.6561679999999797, "step_dist_m": 9.06697178829312, "step_dist_f": 29.7472837219036, "step_grade": 0.022058081206144255, "step_turn": 13.10949086890389, "coast_speed_mps": 0.0, "coast_speed_mph": 0.0}, "geometry": {"type": "Point", "coordinates": [-122.25194, 37.91308]}}, {"id": "763", "type": "Feature", "properties": {"name": "Out & Back in Alvarado", "step": 763, "lat": 37.91316, "lon": -122.25196, "elevation_m": 316.6, "time": null, "elevation_f": 1038.713944, "step_elevation_m": -0.19999999999998863, "step_elevation_f": -0.6561679999999797, "step_dist_m": 9.066971419078833, "step_dist_f": 29.747282510570596, "step_grade": -0.022058082104366866, "step_turn": 22.315137585071625, "coast_speed_mps": 0.5921366567450085, "coast_speed_mph": 1.3245719773286682}, "geometry": {"type": "Point", "coordinates": [-122.25196, 37.91316]}}, {"id": "764", "type": "Feature", "properties": {"name": "Out & Back in Alvarado", "step": 764, "lat": 37.91326, "lon": -122.25201, "elevation_m": 316.3, "time": null, "elevation_f": 1037.7296920000001, "step_elevation_m": -0.30000000000001137, "step_elevation_f": -0.9842519999999695, "step_dist_m": 11.953364323163381, "step_dist_f": 39.217075806007344, "step_grade": -0.025097536717647563, "step_turn": 10.370229049641068, "coast_speed_mps": 2.0057831031650513, "coast_speed_mph": 4.4868090174593975}, "geometry": {"type": "Point", "coordinates": [-122.25201, 37.91326]}}, {"id": "765", "type": "Feature", "properties": {"name": "Out & Back in Alvarado", "step": 765, "lat": 37.91363, "lon": -122.25228, "elevation_m": 315.7, "time": null, "elevation_f": 1035.761188, "step_elevation_m": -0.6000000000000227, "step_elevation_f": -1.9685040000001663, "step_dist_m": 47.47318506689891, "step_dist_f": 155.7519244948846, "step_grade": -0.012638713816115489, "step_turn": 8.40171495403058, "coast_speed_mps": 0.0, "coast_speed_mph": 0.0}, "geometry": {"type": "Point", "coordinates": [-122.25228, 37.91363]}}, {"id": "766", "type": "Feature", "properties": {"name": "Out & Back in Alvarado", "step": 766, "lat": 37.91373, "lon": -122.25233, "elevation_m": 317.3, "time": null, "elevation_f": 1041.010532, "step_elevation_m": 1.6000000000000227, "step_elevation_f": 5.249344000000065, "step_dist_m": 11.953354038207198, "step_dist_f": 39.217042062711705, "step_grade": 0.13385364433161187, "step_turn": 8.401839920621569, "coast_speed_mps": 0.0, "coast_speed_mph": 0.0}, "geometry": {"type": "Point", "coordinates": [-122.25233, 37.91373]}}, {"id": "767", "type": "Feature", "properties": {"name": "Out & Back in Alvarado", "step": 767, "lat": 37.91381, "lon": -122.25234, "elevation_m": 318.4, "time": null, "elevation_f": 1044.619456, "step_elevation_m": 1.099999999999966, "step_elevation_f": 3.608923999999888, "step_dist_m": 8.938745733674034, "step_dist_f": 29.326594552867117, "step_grade": 0.12305977066290709, "step_turn": 15.89554005744651, "coast_speed_mps": 0.0, "coast_speed_mph": 0.0}, "geometry": {"type": "Point", "coordinates": [-122.25234, 37.91381]}}, {"id": "768", "type": "Feature", "properties": {"name": "Out & Back in Alvarado", "step": 768, "lat": 37.91388, "lon": -122.25233, "elevation_m": 319.0, "time": null, "elevation_f": 1046.58796, "step_elevation_m": 0.6000000000000227, "step_elevation_f": 1.9685040000001663, "step_dist_m": 7.832924496245446, "step_dist_f": 25.69857200426191, "step_grade": 0.07659974257221816, "step_turn": 12.062514181378674, "coast_speed_mps": 0.0, "coast_speed_mph": 0.0}, "geometry": {"type": "Point", "coordinates": [-122.25233, 37.91388]}}, {"id": "769", "type": "Feature", "properties": {"name": "Out & Back in Alvarado", "step": 769, "lat": 37.91396, "lon": -122.25229, "elevation_m": 319.7, "time": null, "elevation_f": 1048.884548, "step_elevation_m": 0.6999999999999886, "step_elevation_f": 2.296587999999929, "step_dist_m": 9.562679030361856, "step_dist_f": 31.37361986997239, "step_grade": 0.07320124389592739, "step_turn": 15.097218953041079, "coast_speed_mps": 0.0, "coast_speed_mph": 0.0}, "geometry": {"type": "Point", "coordinates": [-122.25229, 37.91396]}}, {"id": "770", "type": "Feature", "properties": {"name": "Out & Back in Alvarado", "step": 770, "lat": 37.91402, "lon": -122.25222, "elevation_m": 320.6, "time": null, "elevation_f": 1051.8373040000001, "step_elevation_m": 0.9000000000000341, "step_elevation_f": 2.952756000000136, "step_dist_m": 9.067564910432669, "step_dist_f": 29.749229660743918, "step_grade": 0.09925487260251546, "step_turn": 21.099554155426745, "coast_speed_mps": 0.0, "coast_speed_mph": 0.0}, "geometry": {"type": "Point", "coordinates": [-122.25222, 37.91402]}}, {"id": "771", "type": "Feature", "properties": {"name": "Out & Back in Alvarado", "step": 771, "lat": 37.91407, "lon": -122.25198, "elevation_m": 319.8, "time": null, "elevation_f": 1049.212632, "step_elevation_m": -0.8000000000000114, "step_elevation_f": -2.624672000000146, "step_dist_m": 21.77580636003721, "step_dist_f": 71.44293653826448, "step_grade": -0.036738019560468044, "step_turn": 32.5803614029972, "coast_speed_mps": 3.504007624667615, "coast_speed_mph": 7.83824182325432}, "geometry": {"type": "Point", "coordinates": [-122.25198, 37.91407]}}, {"id": "772", "type": "Feature", "properties": {"name": "Out & Back in Alvarado", "step": 772, "lat": 37.91409, "lon": -122.25177, "elevation_m": 317.2, "time": null, "elevation_f": 1040.682448, "step_elevation_m": -2.6000000000000227, "step_elevation_f": -8.530183999999963, "step_dist_m": 18.556071661397837, "step_dist_f": 60.87950214958048, "step_grade": -0.14011586328418843, "step_turn": 7.9091130598384325, "coast_speed_mps": 6.693087755800824, "coast_speed_mph": 14.972010906855798}, "geometry": {"type": "Point", "coordinates": [-122.25177, 37.91409]}}, {"id": "773", "type": "Feature", "properties": {"name": "Out & Back in Alvarado", "step": 773, "lat": 37.91414, "lon": -122.25165, "elevation_m": 316.7, "time": null, "elevation_f": 1039.0420279999998, "step_elevation_m": -0.5, "step_elevation_f": -1.6404200000001765, "step_dist_m": 11.905011937682387, "step_dist_f": 39.05843936562588, "step_grade": -0.041999117902383025, "step_turn": 20.956982918574965, "coast_speed_mps": 7.724791425595123, "coast_speed_mph": 17.279866288464376}, "geometry": {"type": "Point", "coordinates": [-122.25165, 37.91414]}}, {"id": "774", "type": "Feature", "properties": {"name": "Out & Back in Alvarado", "step": 774, "lat": 37.91423, "lon": -122.25154, "elevation_m": 315.9, "time": null, "elevation_f": 1036.417356, "step_elevation_m": -0.8000000000000114, "step_elevation_f": -2.6246719999999186, "step_dist_m": 13.90212558094253, "step_dist_f": 45.610649690979486, "step_grade": -0.05754515705833333, "step_turn": 18.202366923137618, "coast_speed_mps": 8.099257809586529, "coast_speed_mph": 18.11752373296913}, "geometry": {"type": "Point", "coordinates": [-122.25154, 37.91423]}}, {"id": "775", "type": "Feature", "properties": {"name": "Out & Back in Alvarado", "step": 775, "lat": 37.91433, "lon": -122.25146, "elevation_m": 315.2, "time": null, "elevation_f": 1034.120768, "step_elevation_m": -0.6999999999999886, "step_elevation_f": -2.296587999999929, "step_dist_m": 13.148976239049725, "step_dist_f": 43.1396872041239, "step_grade": -0.053236083728034594, "step_turn": 11.699451855162181, "coast_speed_mps": 8.520724524512984, "coast_speed_mph": 19.060317923481062}, "geometry": {"type": "Point", "coordinates": [-122.25146, 37.91433]}}, {"id": "776", "type": "Feature", "properties": {"name": "Out & Back in Alvarado", "step": 776, "lat": 37.91444, "lon": -122.25139, "elevation_m": 314.3, "time": null, "elevation_f": 1031.168012, "step_elevation_m": -0.8999999999999773, "step_elevation_f": -2.9527559999999085, "step_dist_m": 13.686379287453239, "step_dist_f": 44.902820621448086, "step_grade": -0.06575880889294347, "step_turn": 5.599086713452152, "coast_speed_mps": 8.910827608319938, "coast_speed_mph": 19.932953669291177}, "geometry": {"type": "Point", "coordinates": [-122.25139, 37.91444]}}, {"id": "777", "type": "Feature", "properties": {"name": "Out & Back in Alvarado", "step": 777, "lat": 37.91468, "lon": -122.2513, "elevation_m": 310.1, "time": null, "elevation_f": 1017.3884840000001, "step_elevation_m": -4.199999999999989, "step_elevation_f": -13.779528000000028, "step_dist_m": 27.830181879776642, "step_dist_f": 91.3063739184464, "step_grade": -0.15091529110889507, "step_turn": 10.17802894406077, "coast_speed_mps": 11.905191697945261, "coast_speed_mph": 26.631155372998496}, "geometry": {"type": "Point", "coordinates": [-122.2513, 37.91468]}}, {"id": "778", "type": "Feature", "properties": {"name": "Out & Back in Alvarado", "step": 778, "lat": 37.91497, "lon": -122.25113, "elevation_m": 306.4, "time": null, "elevation_f": 1005.2493759999999, "step_elevation_m": -3.7000000000000455, "step_elevation_f": -12.139108000000192, "step_dist_m": 35.52803054970438, "step_dist_f": 116.56178374869212, "step_grade": -0.10414312143825918, "step_turn": 8.338513418310015, "coast_speed_mps": 12.694394019445765, "coast_speed_mph": 28.396550687736557}, "geometry": {"type": "Point", "coordinates": [-122.25113, 37.91497]}}, {"id": "779", "type": "Feature", "properties": {"name": "Out & Back in Alvarado", "step": 779, "lat": 37.91506, "lon": -122.2511, "elevation_m": 306.1, "time": null, "elevation_f": 1004.265124, "step_elevation_m": -0.2999999999999545, "step_elevation_f": -0.9842519999998558, "step_dist_m": 10.347797519347534, "step_dist_f": 33.94946801337616, "step_grade": -0.028991676676996925, "step_turn": 10.085512481086255, "coast_speed_mps": 12.762053585420874, "coast_speed_mph": 28.547900826370928}, "geometry": {"type": "Point", "coordinates": [-122.2511, 37.91506]}}, {"id": "780", "type": "Feature", "properties": {"name": "Out & Back in Alvarado", "step": 780, "lat": 37.91514, "lon": -122.2511, "elevation_m": 306.0, "time": null, "elevation_f": 1003.93704, "step_elevation_m": -0.10000000000002274, "step_elevation_f": -0.32808399999998983, "step_dist_m": 8.895594132079076, "step_dist_f": 29.185021052290313, "step_grade": -0.011241520073336661, "step_turn": null, "coast_speed_mps": 12.295403447983533, "coast_speed_mph": 27.50403419824517}, "geometry": {"type": "Point", "coordinates": [-122.2511, 37.91514]}}, {"id": "781", "type": "Feature", "properties": {"name": "Out & Back in Alvarado", "step": 781, "lat": 37.91525, "lon": -122.25112, "elevation_m": 306.4, "time": null, "elevation_f": 1005.2493759999999, "step_elevation_m": 0.39999999999997726, "step_elevation_f": 1.3123359999998456, "step_dist_m": 12.35663278674064, "step_dist_f": 40.54013511205016, "step_grade": 0.03237127839788196, "step_turn": null, "coast_speed_mps": 11.628894145116945, "coast_speed_mph": 26.01309534967102}, "geometry": {"type": "Point", "coordinates": [-122.25112, 37.91525]}}, {"id": "782", "type": "Feature", "properties": {"name": "Out & Back in Alvarado", "step": 782, "lat": 37.91535, "lon": -122.25117, "elevation_m": 306.2, "time": null, "elevation_f": 1004.593208, "step_elevation_m": -0.19999999999998863, "step_elevation_f": -0.656167999999866, "step_dist_m": 11.953318591971605, "step_dist_f": 39.216925769284124, "step_grade": -0.016731755157460438, "step_turn": 13.364403657156174, "coast_speed_mps": 11.233564359825143, "coast_speed_mph": 25.128767805621713}, "geometry": {"type": "Point", "coordinates": [-122.25117, 37.91535]}}, {"id": "783", "type": "Feature", "properties": {"name": "Out & Back in Alvarado", "step": 783, "lat": 37.91545, "lon": -122.25126, "elevation_m": 305.3, "time": null, "elevation_f": 1001.640452, "step_elevation_m": -0.8999999999999773, "step_elevation_f": -2.952756000000022, "step_dist_m": 13.637315073498275, "step_dist_f": 44.74184878573608, "step_grade": -0.0659953953655415, "step_turn": 13.848518477864673, "coast_speed_mps": 11.10508325184849, "coast_speed_mph": 24.841363752345377}, "geometry": {"type": "Point", "coordinates": [-122.25126, 37.91545]}}, {"id": "784", "type": "Feature", "properties": {"name": "Out & Back in Alvarado", "step": 784, "lat": 37.91554, "lon": -122.25139, "elevation_m": 304.3, "time": null, "elevation_f": 998.3596120000001, "step_elevation_m": -1.0, "step_elevation_f": -3.2808399999998983, "step_dist_m": 15.17247188861478, "step_dist_f": 49.77845267104291, "step_grade": -0.06590883854267587, "step_turn": 13.355932277550949, "coast_speed_mps": 10.84392980670675, "coast_speed_mph": 24.257180133112783}, "geometry": {"type": "Point", "coordinates": [-122.25139, 37.91554]}}, {"id": "785", "type": "Feature", "properties": {"name": "Out & Back in Alvarado", "step": 785, "lat": 37.9156, "lon": -122.25154, "elevation_m": 304.3, "time": null, "elevation_f": 998.3596120000001, "step_elevation_m": 0.0, "step_elevation_f": 0.0, "step_dist_m": 14.753258130638523, "step_dist_f": 48.40307940532409, "step_grade": 0.0, "step_turn": 14.38215985394487, "coast_speed_mps": 10.612169649714223, "coast_speed_mph": 23.738747426883975}, "geometry": {"type": "Point", "coordinates": [-122.25154, 37.9156]}}, {"id": "786", "type": "Feature", "properties": {"name": "Out & Back in Alvarado", "step": 786, "lat": 37.91583, "lon": -122.25221, "elevation_m": 308.8, "time": null, "elevation_f": 1013.1233920000001, "step_elevation_m": 4.5, "step_elevation_f": 14.763779999999997, "step_dist_m": 64.09785929882476, "step_dist_f": 210.2948207019562, "step_grade": 0.07020515270285334, "step_turn": 3.370476139694972, "coast_speed_mps": 0.0, "coast_speed_mph": 0.0}, "geometry": {"type": "Point", "coordinates": [-122.25221, 37.91583]}}, {"id": "787", "type": "Feature", "properties": {"name": "Out & Back in Alvarado", "step": 787, "lat": 37.91594, "lon": -122.25251, "elevation_m": 308.9, "time": null, "elevation_f": 1013.451476, "step_elevation_m": 0.0999999999999659, "step_elevation_f": 0.32808399999987614, "step_dist_m": 29.0205212398886, "step_dist_f": 95.21168690467611, "step_grade": 0.00344583748766429, "step_turn": 1.4121992771147234, "coast_speed_mps": 0.0, "coast_speed_mph": 0.0}, "geometry": {"type": "Point", "coordinates": [-122.25251, 37.91594]}}, {"id": "788", "type": "Feature", "properties": {"name": "Out & Back in Alvarado", "step": 788, "lat": 37.91602, "lon": -122.2527, "elevation_m": 308.4, "time": null, "elevation_f": 1011.8110559999999, "step_elevation_m": -0.5, "step_elevation_f": -1.6404200000000628, "step_dist_m": 18.892681283447825, "step_dist_f": 61.98386446198696, "step_grade": -0.026465274700741278, "step_turn": 3.1615827033137975, "coast_speed_mps": 2.616219552283414, "coast_speed_mph": 5.8523164644850825}, "geometry": {"type": "Point", "coordinates": [-122.2527, 37.91602]}}, {"id": "789", "type": "Feature", "properties": {"name": "Out & Back in Alvarado", "step": 789, "lat": 37.91613, "lon": -122.25287, "elevation_m": 307.0, "time": null, "elevation_f": 1007.21788, "step_elevation_m": -1.3999999999999773, "step_elevation_f": -4.593175999999858, "step_dist_m": 19.287378072367492, "step_dist_f": 63.278801474946164, "step_grade": -0.0725863305394381, "step_turn": 11.268912304441756, "coast_speed_mps": 5.508813850159622, "coast_speed_mph": 12.322865627593986}, "geometry": {"type": "Point", "coordinates": [-122.25287, 37.91613]}}, {"id": "790", "type": "Feature", "properties": {"name": "Out & Back in Alvarado", "step": 790, "lat": 37.91626, "lon": -122.25302, "elevation_m": 304.2, "time": null, "elevation_f": 998.031528, "step_elevation_m": -2.8000000000000114, "step_elevation_f": -9.186352000000056, "step_dist_m": 19.547404658346895, "step_dist_f": 64.13190709929083, "step_grade": -0.14324152228589535, "step_turn": 8.330666623335844, "coast_speed_mps": 8.831701558924903, "coast_speed_mph": 19.755953737752534}, "geometry": {"type": "Point", "coordinates": [-122.25302, 37.91626]}}, {"id": "791", "type": "Feature", "properties": {"name": "Out & Back in Alvarado", "step": 791, "lat": 37.91645, "lon": -122.25318, "elevation_m": 303.4, "time": null, "elevation_f": 995.406856, "step_elevation_m": -0.8000000000000114, "step_elevation_f": -2.6246720000000323, "step_dist_m": 25.364352433942873, "step_dist_f": 83.21638203937714, "step_grade": -0.031540328186318765, "step_turn": 8.71316723981289, "coast_speed_mps": 8.697891185549196, "coast_speed_mph": 19.456628457295064}, "geometry": {"type": "Point", "coordinates": [-122.25318, 37.91645]}}, {"id": "792", "type": "Feature", "properties": {"name": "Out & Back in Alvarado", "step": 792, "lat": 37.91662, "lon": -122.25331, "elevation_m": 302.3, "time": null, "elevation_f": 991.7979320000001, "step_elevation_m": -1.099999999999966, "step_elevation_f": -3.608923999999888, "step_dist_m": 22.076637183539887, "step_dist_f": 72.42991433724501, "step_grade": -0.04982642921812904, "step_turn": 2.496024878419803, "coast_speed_mps": 8.925195872050836, "coast_speed_mph": 19.96509455988463}, "geometry": {"type": "Point", "coordinates": [-122.25331, 37.91662]}}, {"id": "793", "type": "Feature", "properties": {"name": "Out & Back in Alvarado", "step": 793, "lat": 37.9167, "lon": -122.25334, "elevation_m": 302.0, "time": null, "elevation_f": 990.81368, "step_elevation_m": -0.30000000000001137, "step_elevation_f": -0.9842520000000832, "step_dist_m": 9.276705978901377, "step_dist_f": 30.435388043818794, "step_grade": -0.03233906525466271, "step_turn": 14.621479019825301, "coast_speed_mps": 8.92132716492049, "coast_speed_mph": 19.95644050850143}, "geometry": {"type": "Point", "coordinates": [-122.25334, 37.9167]}}, {"id": "794", "type": "Feature", "properties": {"name": "Out & Back in Alvarado", "step": 794, "lat": 37.91681, "lon": -122.25337, "elevation_m": 301.8, "time": null, "elevation_f": 990.157512, "step_elevation_m": -0.19999999999998863, "step_elevation_f": -0.6561679999999797, "step_dist_m": 12.511348155873494, "step_dist_f": 41.04773148371599, "step_grade": -0.015985487535657615, "step_turn": 4.337890749952862, "coast_speed_mps": 8.728257612933572, "coast_speed_mph": 19.52455622077121}, "geometry": {"type": "Point", "coordinates": [-122.25337, 37.91681]}}, {"id": "795", "type": "Feature", "properties": {"name": "Out & Back in Alvarado", "step": 795, "lat": 37.91708, "lon": -122.25337, "elevation_m": 302.7, "time": null, "elevation_f": 993.1102679999999, "step_elevation_m": 0.8999999999999773, "step_elevation_f": 2.9527559999999085, "step_dist_m": 30.022630194617484, "step_dist_f": 98.49944604770883, "step_grade": 0.029977386863371185, "step_turn": null, "coast_speed_mps": 5.645753440604837, "coast_speed_mph": 12.629190767279955}, "geometry": {"type": "Point", "coordinates": [-122.25337, 37.91708]}}, {"id": "796", "type": "Feature", "properties": {"name": "Out & Back in Alvarado", "step": 796, "lat": 37.91715, "lon": -122.25338, "elevation_m": 303.3, "time": null, "elevation_f": 995.0787720000001, "step_elevation_m": 0.6000000000000227, "step_elevation_f": 1.9685040000001663, "step_dist_m": 7.832920128383233, "step_dist_f": 25.698557674004846, "step_grade": 0.07659978528644422, "step_turn": null, "coast_speed_mps": 4.645751770520055, "coast_speed_mph": 10.392250739352294}, "geometry": {"type": "Point", "coordinates": [-122.25338, 37.91715]}}, {"id": "797", "type": "Feature", "properties": {"name": "Out & Back in Alvarado", "step": 797, "lat": 37.91722, "lon": -122.25342, "elevation_m": 304.0, "time": null, "elevation_f": 997.37536, "step_elevation_m": 0.6999999999999886, "step_elevation_f": 2.296587999999929, "step_dist_m": 8.537989788799324, "step_dist_f": 28.011778418684376, "step_grade": 0.0819865117335105, "step_turn": 17.835730214991713, "coast_speed_mps": 2.035097493811229, "coast_speed_mph": 4.552383441775293}, "geometry": {"type": "Point", "coordinates": [-122.25342, 37.91722]}}, {"id": "798", "type": "Feature", "properties": {"name": "Out & Back in Alvarado", "step": 798, "lat": 37.9173, "lon": -122.25349, "elevation_m": 305.1, "time": null, "elevation_f": 1000.9842840000001, "step_elevation_m": 1.1000000000000227, "step_elevation_f": 3.6089240000001155, "step_dist_m": 10.809137507561461, "step_dist_f": 35.463050700307946, "step_grade": 0.1017657513590261, "step_turn": 10.350944015260893, "coast_speed_mps": 0.0, "coast_speed_mph": 0.0}, "geometry": {"type": "Point", "coordinates": [-122.25349, 37.9173]}}, {"id": "799", "type": "Feature", "properties": {"name": "Out & Back in Alvarado", "step": 799, "lat": 37.91738, "lon": -122.25358, "elevation_m": 307.2, "time": null, "elevation_f": 1007.8740479999999, "step_elevation_m": 2.099999999999966, "step_elevation_f": 6.889763999999786, "step_dist_m": 11.89376106821192, "step_dist_f": 39.021527063032394, "step_grade": 0.17656315676397516, "step_turn": 6.9725829363823095, "coast_speed_mps": 0.0, "coast_speed_mph": 0.0}, "geometry": {"type": "Point", "coordinates": [-122.25358, 37.91738]}}, {"id": "800", "type": "Feature", "properties": {"name": "Out & Back in Alvarado", "step": 800, "lat": 37.91745, "lon": -122.25372, "elevation_m": 309.0, "time": null, "elevation_f": 1013.77956, "step_elevation_m": 1.8000000000000114, "step_elevation_f": 5.905512000000044, "step_dist_m": 14.539873677239562, "step_dist_f": 47.70299915523464, "step_grade": 0.12379749920507883, "step_turn": 16.044235350570943, "coast_speed_mps": 0.0, "coast_speed_mph": 0.0}, "geometry": {"type": "Point", "coordinates": [-122.25372, 37.91745]}}, {"id": "801", "type": "Feature", "properties": {"name": "Out & Back in Alvarado", "step": 801, "lat": 37.91754, "lon": -122.25395, "elevation_m": 311.5, "time": null, "elevation_f": 1021.98166, "step_elevation_m": 2.5, "step_elevation_f": 8.202100000000087, "step_dist_m": 22.521494096244304, "step_dist_f": 73.88941869072217, "step_grade": 0.11100506872751845, "step_turn": 5.984239855441388, "coast_speed_mps": 0.0, "coast_speed_mph": 0.0}, "geometry": {"type": "Point", "coordinates": [-122.25395, 37.91754]}}, {"id": "802", "type": "Feature", "properties": {"name": "Out & Back in Alvarado", "step": 802, "lat": 37.91762, "lon": -122.25411, "elevation_m": 312.5, "time": null, "elevation_f": 1025.2625, "step_elevation_m": 1.0, "step_elevation_f": 3.280840000000012, "step_dist_m": 16.6169718949139, "step_dist_f": 54.517626071709316, "step_grade": 0.06017943620077246, "step_turn": 5.984304120811657, "coast_speed_mps": 0.0, "coast_speed_mph": 0.0}, "geometry": {"type": "Point", "coordinates": [-122.25411, 37.91762]}}, {"id": "803", "type": "Feature", "properties": {"name": "Out & Back in Alvarado", "step": 803, "lat": 37.91772, "lon": -122.25421, "elevation_m": 312.8, "time": null, "elevation_f": 1026.246752, "step_elevation_m": 0.30000000000001137, "step_elevation_f": 0.9842519999999695, "step_dist_m": 14.16308551647097, "step_dist_f": 46.46681748585861, "step_grade": 0.021181825079791137, "step_turn": 19.363844981874024, "coast_speed_mps": 0.0, "coast_speed_mph": 0.0}, "geometry": {"type": "Point", "coordinates": [-122.25421, 37.91772]}}, {"id": "804", "type": "Feature", "properties": {"name": "Out & Back in Alvarado", "step": 804, "lat": 37.91781, "lon": -122.25426, "elevation_m": 313.0, "time": null, "elevation_f": 1026.90292, "step_elevation_m": 0.19999999999998863, "step_elevation_f": 0.6561679999999797, "step_dist_m": 10.926497321288014, "step_dist_f": 35.84808947157457, "step_grade": 0.01830412749109727, "step_turn": 14.60310275240812, "coast_speed_mps": 0.0, "coast_speed_mph": 0.0}, "geometry": {"type": "Point", "coordinates": [-122.25426, 37.91781]}}, {"id": "805", "type": "Feature", "properties": {"name": "Out & Back in Alvarado", "step": 805, "lat": 37.91794, "lon": -122.25429, "elevation_m": 312.5, "time": null, "elevation_f": 1025.2625, "step_elevation_m": -0.5, "step_elevation_f": -1.6404199999999491, "step_dist_m": 14.69293428792632, "step_dist_f": 48.20516652920019, "step_grade": -0.03402996230717964, "step_turn": 13.348774382764077, "coast_speed_mps": 3.532750252377328, "coast_speed_mph": 7.902537250307185}, "geometry": {"type": "Point", "coordinates": [-122.25429, 37.91794]}}, {"id": "806", "type": "Feature", "properties": {"name": "Out & Back in Alvarado", "step": 806, "lat": 37.91806, "lon": -122.25428, "elevation_m": 310.8, "time": null, "elevation_f": 1019.685072, "step_elevation_m": -1.6999999999999886, "step_elevation_f": -5.5774280000000545, "step_dist_m": 13.372194302140153, "step_dist_f": 43.8720299542335, "step_grade": -0.12712947191680515, "step_turn": 14.079071926117706, "coast_speed_mps": 5.635388325312204, "coast_speed_mph": 12.606004664710534}, "geometry": {"type": "Point", "coordinates": [-122.25428, 37.91806]}}, {"id": "807", "type": "Feature", "properties": {"name": "Out & Back in Alvarado", "step": 807, "lat": 37.91818, "lon": -122.25424, "elevation_m": 309.4, "time": null, "elevation_f": 1015.0918959999999, "step_elevation_m": -1.400000000000034, "step_elevation_f": -4.593176000000085, "step_dist_m": 13.797025689615142, "step_dist_f": 45.26583376351694, "step_grade": -0.10147114541170983, "step_turn": 10.971858526127619, "coast_speed_mps": 7.573937713169357, "coast_speed_mph": 16.94241614434804}, "geometry": {"type": "Point", "coordinates": [-122.25424, 37.91818]}}, {"id": "808", "type": "Feature", "properties": {"name": "Out & Back in Alvarado", "step": 808, "lat": 37.91848, "lon": -122.254, "elevation_m": 309.5, "time": null, "elevation_f": 1015.41998, "step_elevation_m": 0.10000000000002274, "step_elevation_f": 0.3280840000001035, "step_dist_m": 39.446310029744886, "step_dist_f": 129.41703179798822, "step_grade": 0.002535091366584523, "step_turn": 17.52323964236416, "coast_speed_mps": 5.755794292210345, "coast_speed_mph": 12.875345141844887}, "geometry": {"type": "Point", "coordinates": [-122.254, 37.91848]}}, {"id": "809", "type": "Feature", "properties": {"name": "Out & Back in Alvarado", "step": 809, "lat": 37.91864, "lon": -122.25375, "elevation_m": 312.0, "time": null, "elevation_f": 1023.62208, "step_elevation_m": 2.5, "step_elevation_f": 8.202099999999973, "step_dist_m": 28.23918296909292, "step_dist_f": 92.64824105231881, "step_grade": 0.0885294734885279, "step_turn": 18.69212638293004, "coast_speed_mps": 0.0, "coast_speed_mph": 0.0}, "geometry": {"type": "Point", "coordinates": [-122.25375, 37.91864]}}, {"id": "810", "type": "Feature", "properties": {"name": "Out & Back in Alvarado", "step": 810, "lat": 37.91881, "lon": -122.25364, "elevation_m": 314.4, "time": null, "elevation_f": 1031.4960959999999, "step_elevation_m": 2.3999999999999773, "step_elevation_f": 7.87401599999987, "step_dist_m": 21.223460726369353, "step_dist_f": 69.63077888950163, "step_grade": 0.11308240587823018, "step_turn": 23.906304421235063, "coast_speed_mps": 0.0, "coast_speed_mph": 0.0}, "geometry": {"type": "Point", "coordinates": [-122.25364, 37.91881]}}, {"id": "811", "type": "Feature", "properties": {"name": "Out & Back in Alvarado", "step": 811, "lat": 37.9189, "lon": -122.25364, "elevation_m": 315.1, "time": null, "elevation_f": 1033.792684, "step_elevation_m": 0.7000000000000455, "step_elevation_f": 2.296588000000156, "step_dist_m": 10.007543397970053, "step_dist_f": 32.83314868179607, "step_grade": 0.069947236016187, "step_turn": null, "coast_speed_mps": 0.0, "coast_speed_mph": 0.0}, "geometry": {"type": "Point", "coordinates": [-122.25364, 37.9189]}}, {"id": "812", "type": "Feature", "properties": {"name": "Out & Back in Alvarado", "step": 812, "lat": 37.91908, "lon": -122.25365, "elevation_m": 316.2, "time": null, "elevation_f": 1037.401608, "step_elevation_m": 1.099999999999966, "step_elevation_f": 3.608923999999888, "step_dist_m": 20.034299852247376, "step_dist_f": 65.72933232724728, "step_grade": 0.05490583689534685, "step_turn": null, "coast_speed_mps": 0.0, "coast_speed_mph": 0.0}, "geometry": {"type": "Point", "coordinates": [-122.25365, 37.91908]}}, {"id": "813", "type": "Feature", "properties": {"name": "Out & Back in Alvarado", "step": 813, "lat": 37.91923, "lon": -122.2537, "elevation_m": 316.4, "time": null, "elevation_f": 1038.0577759999999, "step_elevation_m": 0.19999999999998863, "step_elevation_f": 0.6561679999999797, "step_dist_m": 17.246266414982657, "step_dist_f": 56.5822407049317, "step_grade": 0.011596712887737781, "step_turn": 12.223443635664694, "coast_speed_mps": 0.0, "coast_speed_mph": 0.0}, "geometry": {"type": "Point", "coordinates": [-122.2537, 37.91923]}}, {"id": "814", "type": "Feature", "properties": {"name": "Out & Back in Alvarado", "step": 814, "lat": 37.91936, "lon": -122.25378, "elevation_m": 316.2, "time": null, "elevation_f": 1037.401608, "step_elevation_m": -0.19999999999998863, "step_elevation_f": -0.6561679999999797, "step_dist_m": 16.068684181890546, "step_dist_f": 52.71878181131378, "step_grade": -0.012446569845799149, "step_turn": 11.161908066077558, "coast_speed_mps": 1.1840014065913254, "coast_speed_mph": 2.648535716247593}, "geometry": {"type": "Point", "coordinates": [-122.25378, 37.91936]}}, {"id": "815", "type": "Feature", "properties": {"name": "Out & Back in Alvarado", "step": 815, "lat": 37.91969, "lon": -122.25402, "elevation_m": 313.4, "time": null, "elevation_f": 1028.215256, "step_elevation_m": -2.8000000000000114, "step_elevation_f": -9.186351999999943, "step_dist_m": 42.30463879989132, "step_dist_f": 138.79475116023545, "step_grade": -0.06618659512127083, "step_turn": 3.9491588040964984, "coast_speed_mps": 7.019703774502537, "coast_speed_mph": 15.70263013265598}, "geometry": {"type": "Point", "coordinates": [-122.25402, 37.91969]}}, {"id": "816", "type": "Feature", "properties": {"name": "Out & Back in Alvarado", "step": 816, "lat": 37.91979, "lon": -122.25415, "elevation_m": 313.9, "time": null, "elevation_f": 1029.855676, "step_elevation_m": 0.5, "step_elevation_f": 1.6404199999999491, "step_dist_m": 15.92736904498606, "step_dist_f": 52.255149457552065, "step_grade": 0.03139250422262302, "step_turn": 15.878213101504457, "coast_speed_mps": 4.316631021699402, "coast_speed_mph": 9.656028591847257}, "geometry": {"type": "Point", "coordinates": [-122.25415, 37.91979]}}, {"id": "817", "type": "Feature", "properties": {"name": "Out & Back in Alvarado", "step": 817, "lat": 37.91986, "lon": -122.25429, "elevation_m": 315.6, "time": null, "elevation_f": 1035.433104, "step_elevation_m": 1.7000000000000455, "step_elevation_f": 5.5774280000000545, "step_dist_m": 14.539533794546706, "step_dist_f": 47.70188405450062, "step_grade": 0.11692259353168935, "step_turn": 11.910548375827716, "coast_speed_mps": 0.0, "coast_speed_mph": 0.0}, "geometry": {"type": "Point", "coordinates": [-122.25429, 37.91986]}}, {"id": "818", "type": "Feature", "properties": {"name": "Out & Back in Alvarado", "step": 818, "lat": 37.91989, "lon": -122.25449, "elevation_m": 319.9, "time": null, "elevation_f": 1049.540716, "step_elevation_m": 4.2999999999999545, "step_elevation_f": 14.107612000000017, "step_dist_m": 17.858021235392957, "step_dist_f": 58.58931038992663, "step_grade": 0.24078815582757565, "step_turn": 21.601196471764865, "coast_speed_mps": 0.0, "coast_speed_mph": 0.0}, "geometry": {"type": "Point", "coordinates": [-122.25449, 37.91989]}}, {"id": "819", "type": "Feature", "properties": {"name": "Out & Back in Alvarado", "step": 819, "lat": 37.92002, "lon": -122.25498, "elevation_m": 320.4, "time": null, "elevation_f": 1051.181136, "step_elevation_m": 0.5, "step_elevation_f": 1.6404199999999491, "step_dist_m": 45.34764109421101, "step_dist_f": 148.77835480753126, "step_grade": 0.011025931844199697, "step_turn": 7.822481085531422, "coast_speed_mps": 0.0, "coast_speed_mph": 0.0}, "geometry": {"type": "Point", "coordinates": [-122.25498, 37.92002]}}, {"id": "820", "type": "Feature", "properties": {"name": "Out & Back in Alvarado", "step": 820, "lat": 37.92002, "lon": -122.25556, "elevation_m": 318.7, "time": null, "elevation_f": 1045.6037079999999, "step_elevation_m": -1.6999999999999886, "step_elevation_f": -5.5774280000000545, "step_dist_m": 50.87659929661498, "step_dist_f": 166.91798203630628, "step_grade": -0.033414183013468365, "step_turn": 18.58835893561769, "coast_speed_mps": 5.036706163198633, "coast_speed_mph": 11.266790808873093}, "geometry": {"type": "Point", "coordinates": [-122.25556, 37.92002]}}, {"id": "821", "type": "Feature", "properties": {"name": "Out & Back in Alvarado", "step": 821, "lat": 37.92002, "lon": -122.25615, "elevation_m": 315.7, "time": null, "elevation_f": 1035.761188, "step_elevation_m": -3.0, "step_elevation_f": -9.842519999999922, "step_dist_m": 51.75378204210491, "step_dist_f": 169.79587827501948, "step_grade": -0.057966778110231904, "step_turn": 3.072703748330241e-06, "coast_speed_mps": 8.171552283715183, "coast_speed_mph": 18.279241865862506}, "geometry": {"type": "Point", "coordinates": [-122.25615, 37.92002]}}, {"id": "822", "type": "Feature", "properties": {"name": "Out & Back in Alvarado", "step": 822, "lat": 37.91998, "lon": -122.25641, "elevation_m": 316.0, "time": null, "elevation_f": 1036.74544, "step_elevation_m": 0.30000000000001137, "step_elevation_f": 0.9842519999999695, "step_dist_m": 23.236417354922022, "step_dist_f": 76.23496751472237, "step_grade": 0.012910768274544883, "step_turn": 11.035470478365482, "coast_speed_mps": 7.046248897413701, "coast_speed_mph": 15.762009881473007}, "geometry": {"type": "Point", "coordinates": [-122.25641, 37.91998]}}, {"id": "823", "type": "Feature", "properties": {"name": "Out & Back in Alvarado", "step": 823, "lat": 37.91992, "lon": -122.25655, "elevation_m": 315.9, "time": null, "elevation_f": 1036.417356, "step_elevation_m": -0.10000000000002274, "step_elevation_f": -0.32808399999998983, "step_dist_m": 13.97583361034143, "step_dist_f": 45.85247394215258, "step_grade": -0.0071552082536262916, "step_turn": 17.478682967933395, "coast_speed_mps": 6.407083669651772, "coast_speed_mph": 14.332237986873134}, "geometry": {"type": "Point", "coordinates": [-122.25655, 37.91992]}}, {"id": "824", "type": "Feature", "properties": {"name": "Out & Back in Alvarado", "step": 824, "lat": 37.91973, "lon": -122.25679, "elevation_m": 314.5, "time": null, "elevation_f": 1031.82418, "step_elevation_m": -1.3999999999999773, "step_elevation_f": -4.593175999999858, "step_dist_m": 29.825441417118153, "step_dist_f": 97.85250121893792, "step_grade": -0.046939791449203995, "step_turn": 16.58728147614721, "coast_speed_mps": 7.425349412470018, "coast_speed_mph": 16.610033581939}, "geometry": {"type": "Point", "coordinates": [-122.25679, 37.91973]}}, {"id": "825", "type": "Feature", "properties": {"name": "Out & Back in Alvarado", "step": 825, "lat": 37.91963, "lon": -122.25693, "elevation_m": 313.7, "time": null, "elevation_f": 1029.199508, "step_elevation_m": -0.8000000000000114, "step_elevation_f": -2.624672000000146, "step_dist_m": 16.56673254901031, "step_dist_f": 54.35279881609499, "step_grade": -0.048289546392647174, "step_turn": 2.9420058429984977, "coast_speed_mps": 7.7159257317586585, "coast_speed_mph": 17.260034296167344}, "geometry": {"type": "Point", "coordinates": [-122.25693, 37.91963]}}, {"id": "826", "type": "Feature", "properties": {"name": "Out & Back in Alvarado", "step": 826, "lat": 37.91957, "lon": -122.25708, "elevation_m": 313.2, "time": null, "elevation_f": 1027.559088, "step_elevation_m": -0.5, "step_elevation_f": -1.6404199999999491, "step_dist_m": 14.752615121559138, "step_dist_f": 48.40096979541608, "step_grade": -0.03389229610344211, "step_turn": 15.271920620892331, "coast_speed_mps": 7.936758061626944, "coast_speed_mph": 17.754022149308643}, "geometry": {"type": "Point", "coordinates": [-122.25708, 37.91957]}}, {"id": "827", "type": "Feature", "properties": {"name": "Out & Back in Alvarado", "step": 827, "lat": 37.91953, "lon": -122.25725, "elevation_m": 312.9, "time": null, "elevation_f": 1026.574836, "step_elevation_m": -0.30000000000001137, "step_elevation_f": -0.9842519999999695, "step_dist_m": 15.561383831796336, "step_dist_f": 51.05441053071069, "step_grade": -0.019278491118959868, "step_turn": 10.279346571882428, "coast_speed_mps": 7.7116151169850715, "coast_speed_mph": 17.25039172553924}, "geometry": {"type": "Point", "coordinates": [-122.25725, 37.91953]}}, {"id": "828", "type": "Feature", "properties": {"name": "Out & Back in Alvarado", "step": 828, "lat": 37.91953, "lon": -122.2575, "elevation_m": 313.2, "time": null, "elevation_f": 1027.559088, "step_elevation_m": 0.30000000000001137, "step_elevation_f": 0.9842519999999695, "step_dist_m": 21.929714765514515, "step_dist_f": 71.94788539129064, "step_grade": 0.013680068491897358, "step_turn": 16.60805741079352, "coast_speed_mps": 6.393152503604294, "coast_speed_mph": 14.301074855950892}, "geometry": {"type": "Point", "coordinates": [-122.2575, 37.91953]}}, {"id": "829", "type": "Feature", "properties": {"name": "Out & Back in Alvarado", "step": 829, "lat": 37.91956, "lon": -122.2577, "elevation_m": 313.9, "time": null, "elevation_f": 1029.855676, "step_elevation_m": 0.6999999999999886, "step_elevation_f": 2.296587999999929, "step_dist_m": 17.85809856664846, "step_dist_f": 58.589564101402935, "step_grade": 0.039197902138769634, "step_turn": 10.765932072835597, "coast_speed_mps": 4.375838618666112, "coast_speed_mph": 9.788472214267419}, "geometry": {"type": "Point", "coordinates": [-122.2577, 37.91956]}}, {"id": "830", "type": "Feature", "properties": {"name": "Out & Back in Alvarado", "step": 830, "lat": 37.91981, "lon": -122.25844, "elevation_m": 319.3, "time": null, "elevation_f": 1047.572212, "step_elevation_m": 5.400000000000034, "step_elevation_f": 17.716536000000133, "step_dist_m": 70.61383515802832, "step_dist_f": 231.67269493986564, "step_grade": 0.07647226620555661, "step_turn": 12.41743132857448, "coast_speed_mps": 0.0, "coast_speed_mph": 0.0}, "geometry": {"type": "Point", "coordinates": [-122.25844, 37.91981]}}, {"id": "831", "type": "Feature", "properties": {"name": "Out & Back in Alvarado", "step": 831, "lat": 37.92, "lon": -122.25903, "elevation_m": 316.3, "time": null, "elevation_f": 1037.7296920000001, "step_elevation_m": -3.0, "step_elevation_f": -9.842519999999922, "step_dist_m": 55.90003564319883, "step_dist_f": 183.39907293963245, "step_grade": -0.05366722875005895, "step_turn": 0.9769236674517288, "coast_speed_mps": 7.077141400695871, "coast_speed_mph": 15.831114443217304}, "geometry": {"type": "Point", "coordinates": [-122.25903, 37.92]}}, {"id": "832", "type": "Feature", "properties": {"name": "Out & Back in Alvarado", "step": 832, "lat": 37.92007, "lon": -122.25922, "elevation_m": 315.7, "time": null, "elevation_f": 1035.761188, "step_elevation_m": -0.6000000000000227, "step_elevation_f": -1.9685040000001663, "step_dist_m": 18.39446408812094, "step_dist_f": 60.349293558870706, "step_grade": -0.03261850941270422, "step_turn": 2.8272564864885794, "coast_speed_mps": 7.240374458455027, "coast_speed_mph": 16.19625639418177}, "geometry": {"type": "Point", "coordinates": [-122.25922, 37.92007]}}, {"id": "833", "type": "Feature", "properties": {"name": "Out & Back in Alvarado", "step": 833, "lat": 37.92019, "lon": -122.25946, "elevation_m": 315.3, "time": null, "elevation_f": 1034.448852, "step_elevation_m": -0.39999999999997726, "step_elevation_f": -1.3123359999999593, "step_dist_m": 24.924841336274653, "step_dist_f": 81.77441644970334, "step_grade": -0.01604824659075493, "step_turn": 7.333617668557565, "coast_speed_mps": 6.860943906345725, "coast_speed_mph": 15.347494421854236}, "geometry": {"type": "Point", "coordinates": [-122.25946, 37.92019]}}, {"id": "834", "type": "Feature", "properties": {"name": "Out & Back in Alvarado", "step": 834, "lat": 37.92029, "lon": -122.2596, "elevation_m": 315.1, "time": null, "elevation_f": 1033.792684, "step_elevation_m": -0.19999999999998863, "step_elevation_f": -0.6561679999999797, "step_dist_m": 16.566663234800806, "step_dist_f": 54.35257140726388, "step_grade": -0.01207243710850946, "step_turn": 9.792160178126608, "coast_speed_mps": 7.0302853473530895, "coast_speed_mph": 15.726300436992398}, "geometry": {"type": "Point", "coordinates": [-122.2596, 37.92029]}}, {"id": "835", "type": "Feature", "properties": {"name": "Out & Back in Alvarado", "step": 835, "lat": 37.92038, "lon": -122.25966, "elevation_m": 314.4, "time": null, "elevation_f": 1031.4960959999999, "step_elevation_m": -0.7000000000000455, "step_elevation_f": -2.296588000000156, "step_dist_m": 11.307115995537556, "step_dist_f": 37.09683844279944, "step_grade": -0.06190791712725916, "step_turn": 20.10010617863378, "coast_speed_mps": 7.1303166454880085, "coast_speed_mph": 15.950064078131712}, "geometry": {"type": "Point", "coordinates": [-122.25966, 37.92038]}}, {"id": "836", "type": "Feature", "properties": {"name": "Out & Back in Alvarado", "step": 836, "lat": 37.92059, "lon": -122.25991, "elevation_m": 313.0, "time": null, "elevation_f": 1026.90292, "step_elevation_m": -1.3999999999999773, "step_elevation_f": -4.593175999999858, "step_dist_m": 32.03382660673207, "step_dist_f": 105.09785968443084, "step_grade": -0.043703801521662734, "step_turn": 15.461461491648947, "coast_speed_mps": 7.855354465706171, "coast_speed_mph": 17.57192749128973}, "geometry": {"type": "Point", "coordinates": [-122.25991, 37.92059]}}, {"id": "837", "type": "Feature", "properties": {"name": "Out & Back in Alvarado", "step": 837, "lat": 37.92088, "lon": -122.26074, "elevation_m": 312.5, "time": null, "elevation_f": 1025.2625, "step_elevation_m": -0.5, "step_elevation_f": -1.6404199999999491, "step_dist_m": 79.62709113561644, "step_dist_f": 261.24374568137586, "step_grade": -0.006279269942794065, "step_turn": 22.908736115040256, "coast_speed_mps": 4.90896407131681, "coast_speed_mph": 10.981039887519696}, "geometry": {"type": "Point", "coordinates": [-122.26074, 37.92088]}}, {"id": "838", "type": "Feature", "properties": {"name": "Out & Back in Alvarado", "step": 838, "lat": 37.92097, "lon": -122.26089, "elevation_m": 311.0, "time": null, "elevation_f": 1020.34124, "step_elevation_m": -1.5, "step_elevation_f": -4.921260000000075, "step_dist_m": 16.530965416589837, "step_dist_f": 54.2354525773646, "step_grade": -0.09073880213279366, "step_turn": 13.366897966297017, "coast_speed_mps": 6.935565313146154, "coast_speed_mph": 15.51441775489027}, "geometry": {"type": "Point", "coordinates": [-122.26089, 37.92097]}}, {"id": "839", "type": "Feature", "properties": {"name": "Out & Back in Alvarado", "step": 839, "lat": 37.92111, "lon": -122.26103, "elevation_m": 310.8, "time": null, "elevation_f": 1019.685072, "step_elevation_m": -0.19999999999998863, "step_elevation_f": -0.6561679999999797, "step_dist_m": 19.827971208595503, "step_dist_f": 65.05240106000846, "step_grade": -0.010086760662295488, "step_turn": 14.475244353747655, "coast_speed_mps": 6.491181969028256, "coast_speed_mph": 14.520360524848444}, "geometry": {"type": "Point", "coordinates": [-122.26103, 37.92111]}}, {"id": "840", "type": "Feature", "properties": {"name": "Out & Back in Alvarado", "step": 840, "lat": 37.92157, "lon": -122.26137, "elevation_m": 315.2, "time": null, "elevation_f": 1034.120768, "step_elevation_m": 4.399999999999977, "step_elevation_f": 14.435696000000007, "step_dist_m": 59.20929093610417, "step_dist_f": 194.256210074808, "step_grade": 0.07431266158461933, "step_turn": 8.023456034132664, "coast_speed_mps": 0.0, "coast_speed_mph": 0.0}, "geometry": {"type": "Point", "coordinates": [-122.26137, 37.92157]}}, {"id": "841", "type": "Feature", "properties": {"name": "Out & Back in Alvarado", "step": 841, "lat": 37.92182, "lon": -122.26167, "elevation_m": 316.2, "time": null, "elevation_f": 1037.401608, "step_elevation_m": 1.0, "step_elevation_f": 3.2808399999998983, "step_dist_m": 38.27848680667221, "step_dist_f": 125.58559065480246, "step_grade": 0.026124334670034367, "step_turn": 13.184252527537751, "coast_speed_mps": 0.0, "coast_speed_mph": 0.0}, "geometry": {"type": "Point", "coordinates": [-122.26167, 37.92182]}}, {"id": "842", "type": "Feature", "properties": {"name": "Out & Back in Alvarado", "step": 842, "lat": 37.92228, "lon": -122.26188, "elevation_m": 318.4, "time": null, "elevation_f": 1044.619456, "step_elevation_m": 2.1999999999999886, "step_elevation_f": 7.217848000000004, "step_dist_m": 54.36540156099678, "step_dist_f": 178.36418405738067, "step_grade": 0.04046691345656, "step_turn": 23.62398767925572, "coast_speed_mps": 0.0, "coast_speed_mph": 0.0}, "geometry": {"type": "Point", "coordinates": [-122.26188, 37.92228]}}, {"id": "843", "type": "Feature", "properties": {"name": "Out & Back in Alvarado", "step": 843, "lat": 37.92236, "lon": -122.26195, "elevation_m": 319.1, "time": null, "elevation_f": 1046.916044, "step_elevation_m": 0.7000000000000455, "step_elevation_f": 2.296588000000156, "step_dist_m": 10.8088975265779, "step_dist_f": 35.46226336109783, "step_grade": 0.06476146140518234, "step_turn": 14.809728144688961, "coast_speed_mps": 0.0, "coast_speed_mph": 0.0}, "geometry": {"type": "Point", "coordinates": [-122.26195, 37.92236]}}, {"id": "844", "type": "Feature", "properties": {"name": "Out & Back in Alvarado", "step": 844, "lat": 37.92251, "lon": -122.26213, "elevation_m": 319.8, "time": null, "elevation_f": 1049.212632, "step_elevation_m": 0.6999999999999886, "step_elevation_f": 2.296587999999929, "step_dist_m": 22.96698286596174, "step_dist_f": 75.35099606596191, "step_grade": 0.030478535386440547, "step_turn": 8.81400857591251, "coast_speed_mps": 0.0, "coast_speed_mph": 0.0}, "geometry": {"type": "Point", "coordinates": [-122.26213, 37.92251]}}, {"id": "845", "type": "Feature", "properties": {"name": "Out & Back in Alvarado", "step": 845, "lat": 37.92261, "lon": -122.26223, "elevation_m": 319.5, "time": null, "elevation_f": 1048.22838, "step_elevation_m": -0.30000000000001137, "step_elevation_f": -0.9842519999999695, "step_dist_m": 14.162724293341105, "step_dist_f": 46.46563237056523, "step_grade": -0.021182365326497424, "step_turn": 5.161109072363217, "coast_speed_mps": 1.3280607933181818, "coast_speed_mph": 2.970787386627998}, "geometry": {"type": "Point", "coordinates": [-122.26223, 37.92261]}}, {"id": "846", "type": "Feature", "properties": {"name": "Out & Back in Alvarado", "step": 846, "lat": 37.92271, "lon": -122.26227, "elevation_m": 318.4, "time": null, "elevation_f": 1044.619456, "step_elevation_m": -1.1000000000000227, "step_elevation_f": -3.6089240000001155, "step_dist_m": 11.6599067923933, "step_dist_f": 38.254288600755636, "step_grade": -0.09434037677879566, "step_turn": 20.75546312038466, "coast_speed_mps": 3.9841108514745045, "coast_speed_mph": 8.912202155231075}, "geometry": {"type": "Point", "coordinates": [-122.26227, 37.92271]}}, {"id": "847", "type": "Feature", "properties": {"name": "Out & Back in Alvarado", "step": 847, "lat": 37.92281, "lon": -122.26226, "elevation_m": 317.2, "time": null, "elevation_f": 1040.682448, "step_elevation_m": -1.1999999999999886, "step_elevation_f": -3.937007999999878, "step_dist_m": 11.154035562873847, "step_dist_f": 36.59460603609903, "step_grade": -0.1075843799525064, "step_turn": 22.022748704665617, "coast_speed_mps": 5.909890225583231, "coast_speed_mph": 13.220047927664693}, "geometry": {"type": "Point", "coordinates": [-122.26226, 37.92281]}}, {"id": "848", "type": "Feature", "properties": {"name": "Out & Back in Alvarado", "step": 848, "lat": 37.92316, "lon": -122.26197, "elevation_m": 315.5, "time": null, "elevation_f": 1035.10502, "step_elevation_m": -1.6999999999999886, "step_elevation_f": -5.5774280000000545, "step_dist_m": 46.49390387278067, "step_dist_f": 152.53905958197373, "step_grade": -0.036563933298688525, "step_turn": 28.658497312765462, "coast_speed_mps": 7.031512528295943, "coast_speed_mph": 15.729045562580385}, "geometry": {"type": "Point", "coordinates": [-122.26197, 37.92316]}}, {"id": "849", "type": "Feature", "properties": {"name": "Out & Back in Alvarado", "step": 849, "lat": 37.92337, "lon": -122.26184, "elevation_m": 315.1, "time": null, "elevation_f": 1033.792684, "step_elevation_m": -0.39999999999997726, "step_elevation_f": -1.3123359999999593, "step_dist_m": 25.986374292438743, "step_dist_f": 85.25713623360473, "step_grade": -0.015392682160987933, "step_turn": 7.1414465536725515, "coast_speed_mps": 6.6392848309090216, "coast_speed_mph": 14.85165719154665}, "geometry": {"type": "Point", "coordinates": [-122.26184, 37.92337]}}, {"id": "850", "type": "Feature", "properties": {"name": "Out & Back in Alvarado", "step": 850, "lat": 37.92351, "lon": -122.26182, "elevation_m": 316.5, "time": null, "elevation_f": 1038.38586, "step_elevation_m": 1.3999999999999773, "step_elevation_f": 4.593176000000085, "step_dist_m": 15.665823361161772, "step_dist_f": 51.397059916233985, "step_grade": 0.08936651254927425, "step_turn": 19.5978754847593, "coast_speed_mps": 3.040632134283744, "coast_speed_mph": 6.801700371966135}, "geometry": {"type": "Point", "coordinates": [-122.26182, 37.92351]}}, {"id": "851", "type": "Feature", "properties": {"name": "Out & Back in Alvarado", "step": 851, "lat": 37.9237, "lon": -122.26185, "elevation_m": 320.5, "time": null, "elevation_f": 1051.50922, "step_elevation_m": 4.0, "step_elevation_f": 13.12335999999982, "step_dist_m": 21.290280030168493, "step_dist_f": 69.850002334178, "step_grade": 0.18787916337088892, "step_turn": 13.529298869756985, "coast_speed_mps": 0.0, "coast_speed_mph": 0.0}, "geometry": {"type": "Point", "coordinates": [-122.26185, 37.9237]}}, {"id": "852", "type": "Feature", "properties": {"name": "Out & Back in Alvarado", "step": 852, "lat": 37.92389, "lon": -122.26195, "elevation_m": 323.6, "time": null, "elevation_f": 1061.679824, "step_elevation_m": 3.1000000000000227, "step_elevation_f": 10.17060400000014, "step_dist_m": 22.875504604787636, "step_dist_f": 75.05087052757146, "step_grade": 0.1355161363020259, "step_turn": 15.447133432922953, "coast_speed_mps": 0.0, "coast_speed_mph": 0.0}, "geometry": {"type": "Point", "coordinates": [-122.26195, 37.92389]}}, {"id": "853", "type": "Feature", "properties": {"name": "Out & Back in Alvarado", "step": 853, "lat": 37.92401, "lon": -122.26211, "elevation_m": 325.9, "time": null, "elevation_f": 1069.2257559999998, "step_elevation_m": 2.2999999999999545, "step_elevation_f": 7.545931999999766, "step_dist_m": 19.365023290665924, "step_dist_f": 63.53354301294839, "step_grade": 0.11877083572156459, "step_turn": 23.898434691729392, "coast_speed_mps": 0.0, "coast_speed_mph": 0.0}, "geometry": {"type": "Point", "coordinates": [-122.26211, 37.92401]}}, {"id": "854", "type": "Feature", "properties": {"name": "Out & Back in Alvarado", "step": 854, "lat": 37.92408, "lon": -122.26224, "elevation_m": 327.1, "time": null, "elevation_f": 1073.1627640000002, "step_elevation_m": 1.2000000000000455, "step_elevation_f": 3.9370080000003327, "step_dist_m": 13.806080959821648, "step_dist_f": 45.29554265622125, "step_grade": 0.08691822128903028, "step_turn": 9.236766314828515, "coast_speed_mps": 0.0, "coast_speed_mph": 0.0}, "geometry": {"type": "Point", "coordinates": [-122.26224, 37.92408]}}, {"id": "855", "type": "Feature", "properties": {"name": "Out & Back in Alvarado", "step": 855, "lat": 37.92401, "lon": -122.26232, "elevation_m": 327.7, "time": null, "elevation_f": 1075.1312679999999, "step_elevation_m": 0.5999999999999659, "step_elevation_f": 1.9685039999997116, "step_dist_m": 10.479718973346818, "step_dist_f": 34.38228119651517, "step_grade": 0.057253443677826886, "step_turn": 82.28273905529525, "coast_speed_mps": 0.0, "coast_speed_mph": 0.0}, "geometry": {"type": "Point", "coordinates": [-122.26232, 37.92401]}}, {"id": "856", "type": "Feature", "properties": {"name": "Out & Back in Alvarado", "step": 856, "lat": 37.92392, "lon": -122.26237, "elevation_m": 328.3, "time": null, "elevation_f": 1077.099772, "step_elevation_m": 0.6000000000000227, "step_elevation_f": 1.9685040000001663, "step_dist_m": 10.926348907500685, "step_dist_f": 35.847602549684545, "step_grade": 0.05491312835416931, "step_turn": 18.370340757315148, "coast_speed_mps": 0.0, "coast_speed_mph": 0.0}, "geometry": {"type": "Point", "coordinates": [-122.26237, 37.92392]}}, {"id": "857", "type": "Feature", "properties": {"name": "Out & Back in Alvarado", "step": 857, "lat": 37.92372, "lon": -122.2624, "elevation_m": 329.3, "time": null, "elevation_f": 1080.380612, "step_elevation_m": 1.0, "step_elevation_f": 3.2808399999998983, "step_dist_m": 22.39412420670065, "step_dist_f": 73.47153846231176, "step_grade": 0.04465457058154502, "step_turn": 16.916723221292983, "coast_speed_mps": 0.0, "coast_speed_mph": 0.0}, "geometry": {"type": "Point", "coordinates": [-122.2624, 37.92372]}}, {"id": "858", "type": "Feature", "properties": {"name": "Out & Back in Alvarado", "step": 858, "lat": 37.92352, "lon": -122.26242, "elevation_m": 331.1, "time": null, "elevation_f": 1086.286124, "step_elevation_m": 1.8000000000000114, "step_elevation_f": 5.905512000000044, "step_dist_m": 22.308069513993363, "step_dist_f": 73.18920678428998, "step_grade": 0.08068829079409631, "step_turn": 2.2377822357305774, "coast_speed_mps": 0.0, "coast_speed_mph": 0.0}, "geometry": {"type": "Point", "coordinates": [-122.26242, 37.92352]}}, {"id": "859", "type": "Feature", "properties": {"name": "Out & Back in Alvarado", "step": 859, "lat": 37.92337, "lon": -122.2625, "elevation_m": 332.0, "time": null, "elevation_f": 1089.2388799999999, "step_elevation_m": 0.8999999999999773, "step_elevation_f": 2.9527559999999085, "step_dist_m": 18.095225873618727, "step_dist_f": 59.367540855203266, "step_grade": 0.0497368756978104, "step_turn": 18.306704344491976, "coast_speed_mps": 0.0, "coast_speed_mph": 0.0}, "geometry": {"type": "Point", "coordinates": [-122.2625, 37.92337]}}, {"id": "860", "type": "Feature", "properties": {"name": "Out & Back in Alvarado", "step": 860, "lat": 37.92314, "lon": -122.26269, "elevation_m": 333.6, "time": null, "elevation_f": 1094.4882240000002, "step_elevation_m": 1.6000000000000227, "step_elevation_f": 5.249344000000292, "step_dist_m": 30.525709627494635, "step_dist_f": 100.1499691742695, "step_grade": 0.0524148339063966, "step_turn": 10.27313800883607, "coast_speed_mps": 0.0, "coast_speed_mph": 0.0}, "geometry": {"type": "Point", "coordinates": [-122.26269, 37.92314]}}, {"id": "861", "type": "Feature", "properties": {"name": "Out & Back in Alvarado", "step": 861, "lat": 37.92296, "lon": -122.26282, "elevation_m": 330.6, "time": null, "elevation_f": 1084.645704, "step_elevation_m": -3.0, "step_elevation_f": -9.84252000000015, "step_dist_m": 23.03540670631617, "step_dist_f": 75.57548373835034, "step_grade": -0.1302342970648492, "step_turn": 3.419299344403015, "coast_speed_mps": 7.43265514896101, "coast_speed_mph": 16.626376049035883}, "geometry": {"type": "Point", "coordinates": [-122.26282, 37.92296]}}, {"id": "862", "type": "Feature", "properties": {"name": "Out & Back in Alvarado", "step": 862, "lat": 37.92277, "lon": -122.26293, "elevation_m": 329.2, "time": null, "elevation_f": 1080.052528, "step_elevation_m": -1.400000000000034, "step_elevation_f": -4.593176000000085, "step_dist_m": 23.226016614239114, "step_dist_f": 76.20084434866025, "step_grade": -0.06027723234907788, "step_turn": 5.12484351824321, "coast_speed_mps": 8.363477749491468, "coast_speed_mph": 18.70856690562692}, "geometry": {"type": "Point", "coordinates": [-122.26293, 37.92277]}}, {"id": "863", "type": "Feature", "properties": {"name": "Out & Back in Alvarado", "step": 863, "lat": 37.92233, "lon": -122.26302, "elevation_m": 329.2, "time": null, "elevation_f": 1080.052528, "step_elevation_m": 0.0, "step_elevation_f": 0.0, "step_dist_m": 49.55857014189564, "step_dist_f": 162.5937392643369, "step_grade": 0.0, "step_turn": 15.38009722919901, "coast_speed_mps": 6.126379736045381, "coast_speed_mph": 13.704321170466567}, "geometry": {"type": "Point", "coordinates": [-122.26302, 37.92233]}}, {"id": "864", "type": "Feature", "properties": {"name": "Out & Back in Alvarado", "step": 864, "lat": 37.9217, "lon": -122.26316, "elevation_m": 337.3, "time": null, "elevation_f": 1106.627332, "step_elevation_m": 8.100000000000023, "step_elevation_f": 26.574804000000086, "step_dist_m": 71.12101835866163, "step_dist_f": 233.33668187183142, "step_grade": 0.11389038271572424, "step_turn": 0.7770048097473534, "coast_speed_mps": 0.0, "coast_speed_mph": 0.0}, "geometry": {"type": "Point", "coordinates": [-122.26316, 37.9217]}}, {"id": "865", "type": "Feature", "properties": {"name": "Out & Back in Alvarado", "step": 865, "lat": 37.92145, "lon": -122.26324, "elevation_m": 338.7, "time": null, "elevation_f": 1111.2205079999999, "step_elevation_m": 1.3999999999999773, "step_elevation_f": 4.593175999999858, "step_dist_m": 28.67075464773059, "step_dist_f": 94.06415867846043, "step_grade": 0.04883024591439532, "step_turn": 4.224445406054286, "coast_speed_mps": 0.0, "coast_speed_mph": 0.0}, "geometry": {"type": "Point", "coordinates": [-122.26324, 37.92145]}}, {"id": "866", "type": "Feature", "properties": {"name": "Out & Back in Alvarado", "step": 866, "lat": 37.92132, "lon": -122.26334, "elevation_m": 339.6, "time": null, "elevation_f": 1114.173264, "step_elevation_m": 0.9000000000000341, "step_elevation_f": 2.952756000000136, "step_dist_m": 16.908547213016064, "step_dist_f": 55.47423803835162, "step_grade": 0.05322751793289617, "step_turn": 17.082495909938217, "coast_speed_mps": 0.0, "coast_speed_mph": 0.0}, "geometry": {"type": "Point", "coordinates": [-122.26334, 37.92132]}}, {"id": "867", "type": "Feature", "properties": {"name": "Out & Back in Alvarado", "step": 867, "lat": 37.92126, "lon": -122.26343, "elevation_m": 340.1, "time": null, "elevation_f": 1115.813684, "step_elevation_m": 0.5, "step_elevation_f": 1.6404199999999491, "step_dist_m": 10.336091375663177, "step_dist_f": 33.91106202893078, "step_grade": 0.04837418534991612, "step_turn": 18.548795807480417, "coast_speed_mps": 0.0, "coast_speed_mph": 0.0}, "geometry": {"type": "Point", "coordinates": [-122.26343, 37.92126]}}, {"id": "868", "type": "Feature", "properties": {"name": "Out & Back in Alvarado", "step": 868, "lat": 37.92124, "lon": -122.26358, "elevation_m": 340.5, "time": null, "elevation_f": 1117.12602, "step_elevation_m": 0.39999999999997726, "step_elevation_f": 1.3123359999999593, "step_dist_m": 13.344140561835884, "step_dist_f": 43.77999012089364, "step_grade": 0.02997570342926194, "step_turn": 30.60784370028327, "coast_speed_mps": 0.0, "coast_speed_mph": 0.0}, "geometry": {"type": "Point", "coordinates": [-122.26358, 37.92124]}}, {"id": "869", "type": "Feature", "properties": {"name": "Out & Back in Alvarado", "step": 869, "lat": 37.92128, "lon": -122.26378, "elevation_m": 340.8, "time": null, "elevation_f": 1118.1102720000001, "step_elevation_m": 0.30000000000001137, "step_elevation_f": 0.9842520000001969, "step_dist_m": 18.098407348274833, "step_dist_f": 59.377978764514005, "step_grade": 0.016576044191457976, "step_turn": 23.820071000856842, "coast_speed_mps": 0.0, "coast_speed_mph": 0.0}, "geometry": {"type": "Point", "coordinates": [-122.26378, 37.92128]}}, {"id": "870", "type": "Feature", "properties": {"name": "Out & Back in Alvarado", "step": 870, "lat": 37.92169, "lon": -122.26471, "elevation_m": 345.4, "time": null, "elevation_f": 1133.2021359999999, "step_elevation_m": 4.599999999999966, "step_elevation_f": 15.09186399999976, "step_dist_m": 93.45129752546009, "step_dist_f": 306.59875497343046, "step_grade": 0.04922350060197646, "step_turn": 14.97285145520567, "coast_speed_mps": 0.0, "coast_speed_mph": 0.0}, "geometry": {"type": "Point", "coordinates": [-122.26471, 37.92169]}}, {"id": "871", "type": "Feature", "properties": {"name": "Out & Back in Alvarado", "step": 871, "lat": 37.92185, "lon": -122.2653, "elevation_m": 344.4, "time": null, "elevation_f": 1129.921296, "step_elevation_m": -1.0, "step_elevation_f": -3.2808399999998983, "step_dist_m": 54.72524892547319, "step_dist_f": 179.54478568464944, "step_grade": -0.018273100984188047, "step_turn": 10.22761842748281, "coast_speed_mps": 3.321193298899919, "coast_speed_mph": 7.429297823237105}, "geometry": {"type": "Point", "coordinates": [-122.2653, 37.92185]}}, {"id": "872", "type": "Feature", "properties": {"name": "Out & Back in Alvarado", "step": 872, "lat": 37.92203, "lon": -122.26579, "elevation_m": 340.0, "time": null, "elevation_f": 1115.4856, "step_elevation_m": -4.399999999999977, "step_elevation_f": -14.435696000000007, "step_dist_m": 47.41261076391474, "step_dist_f": 155.55318989868204, "step_grade": -0.09280231417563643, "step_turn": 5.998529642205483, "coast_speed_mps": 9.284376328446694, "coast_speed_mph": 20.76855835819319}, "geometry": {"type": "Point", "coordinates": [-122.26579, 37.92203]}}, {"id": "873", "type": "Feature", "properties": {"name": "Out & Back in Alvarado", "step": 873, "lat": 37.92218, "lon": -122.26623, "elevation_m": 341.4, "time": null, "elevation_f": 1120.0787759999998, "step_elevation_m": 1.3999999999999773, "step_elevation_f": 4.593175999999858, "step_dist_m": 42.04482037344689, "step_dist_f": 137.9423284740195, "step_grade": 0.033297799528337085, "step_turn": 1.5980920062599466, "coast_speed_mps": 5.135633219376057, "coast_speed_mph": 11.488084331102478}, "geometry": {"type": "Point", "coordinates": [-122.26623, 37.92218]}}, {"id": "874", "type": "Feature", "properties": {"name": "Out & Back in Alvarado", "step": 874, "lat": 37.92222, "lon": -122.26641, "elevation_m": 345.4, "time": null, "elevation_f": 1133.2021359999999, "step_elevation_m": 4.0, "step_elevation_f": 13.123360000000048, "step_dist_m": 16.40334662166945, "step_dist_f": 53.81675573023799, "step_grade": 0.24385267788683115, "step_turn": 7.639390550731719, "coast_speed_mps": 0.0, "coast_speed_mph": 0.0}, "geometry": {"type": "Point", "coordinates": [-122.26641, 37.92222]}}, {"id": "875", "type": "Feature", "properties": {"name": "Out & Back in Alvarado", "step": 875, "lat": 37.9223, "lon": -122.2666, "elevation_m": 349.4, "time": null, "elevation_f": 1146.325496, "step_elevation_m": 4.0, "step_elevation_f": 13.123360000000048, "step_dist_m": 18.891425824941233, "step_dist_f": 61.9797455035002, "step_grade": 0.2117362679273809, "step_turn": 12.358618366199607, "coast_speed_mps": 0.0, "coast_speed_mph": 0.0}, "geometry": {"type": "Point", "coordinates": [-122.2666, 37.9223]}}, {"id": "876", "type": "Feature", "properties": {"name": "Out & Back in Alvarado", "step": 876, "lat": 37.92238, "lon": -122.26674, "elevation_m": 350.1, "time": null, "elevation_f": 1148.622084, "step_elevation_m": 0.7000000000000455, "step_elevation_f": 2.296588000000156, "step_dist_m": 15.163581243905156, "step_dist_f": 49.74928388825379, "step_grade": 0.046163237347470486, "step_turn": 7.827628835153064, "coast_speed_mps": 0.0, "coast_speed_mph": 0.0}, "geometry": {"type": "Point", "coordinates": [-122.26674, 37.92238]}}, {"id": "877", "type": "Feature", "properties": {"name": "Out & Back in Alvarado", "step": 877, "lat": 37.92245, "lon": -122.26684, "elevation_m": 350.7, "time": null, "elevation_f": 1150.590588, "step_elevation_m": 0.5999999999999659, "step_elevation_f": 1.968503999999939, "step_dist_m": 11.72710846998334, "step_dist_f": 38.47476655266014, "step_grade": 0.05116350731603817, "step_turn": 5.66595165650034, "coast_speed_mps": 0.0, "coast_speed_mph": 0.0}, "geometry": {"type": "Point", "coordinates": [-122.26684, 37.92245]}}, {"id": "878", "type": "Feature", "properties": {"name": "Out & Back in Alvarado", "step": 878, "lat": 37.92262, "lon": -122.26699, "elevation_m": 351.0, "time": null, "elevation_f": 1151.57484, "step_elevation_m": 0.30000000000001137, "step_elevation_f": 0.9842519999999695, "step_dist_m": 23.031346494356644, "step_dist_f": 75.56216283254506, "step_grade": 0.013025725615891376, "step_turn": 13.575612925499513, "coast_speed_mps": 0.0, "coast_speed_mph": 0.0}, "geometry": {"type": "Point", "coordinates": [-122.26699, 37.92262]}}, {"id": "879", "type": "Feature", "properties": {"name": "Out & Back in Alvarado", "step": 879, "lat": 37.92275, "lon": -122.26712, "elevation_m": 349.6, "time": null, "elevation_f": 1146.9816640000001, "step_elevation_m": -1.3999999999999773, "step_elevation_f": -4.593175999999858, "step_dist_m": 18.41152957692887, "step_dist_f": 60.405282697171316, "step_grade": -0.07603930972439628, "step_turn": 3.4284627353244446, "coast_speed_mps": 4.957633136649464, "coast_speed_mph": 11.089909486062675}, "geometry": {"type": "Point", "coordinates": [-122.26712, 37.92275]}}, {"id": "880", "type": "Feature", "properties": {"name": "Out & Back in Alvarado", "step": 880, "lat": 37.92309, "lon": -122.26753, "elevation_m": 342.4, "time": null, "elevation_f": 1123.359616, "step_elevation_m": -7.2000000000000455, "step_elevation_f": -23.622048000000177, "step_dist_m": 52.17908736165768, "step_dist_f": 171.19123697962098, "step_grade": -0.13798631528559008, "step_turn": 5.300801635441758, "coast_speed_mps": 12.187600852577622, "coast_speed_mph": 27.26288666020403}, "geometry": {"type": "Point", "coordinates": [-122.26753, 37.92309]}}, {"id": "881", "type": "Feature", "properties": {"name": "Out & Back in Alvarado", "step": 881, "lat": 37.92343, "lon": -122.26794, "elevation_m": 342.4, "time": null, "elevation_f": 1123.359616, "step_elevation_m": 0.0, "step_elevation_f": 0.0, "step_dist_m": 52.17897276244259, "step_dist_f": 171.19086099793216, "step_grade": 0.0, "step_turn": 0.0001322861384664975, "coast_speed_mps": 9.233875614736666, "coast_speed_mph": 20.65559147892058}, "geometry": {"type": "Point", "coordinates": [-122.26794, 37.92343]}}, {"id": "882", "type": "Feature", "properties": {"name": "Out & Back in Alvarado", "step": 882, "lat": 37.92354, "lon": -122.26809, "elevation_m": 344.1, "time": null, "elevation_f": 1128.937044, "step_elevation_m": 1.7000000000000455, "step_elevation_f": 5.5774280000000545, "step_dist_m": 17.964353924624454, "step_dist_f": 58.93817093006489, "step_grade": 0.0946318474426062, "step_turn": 3.519613432532765, "coast_speed_mps": 6.181004966309578, "coast_speed_mph": 13.826514330506377}, "geometry": {"type": "Point", "coordinates": [-122.26809, 37.92354]}}, {"id": "883", "type": "Feature", "properties": {"name": "Out & Back in Alvarado", "step": 883, "lat": 37.92365, "lon": -122.26829, "elevation_m": 344.0, "time": null, "elevation_f": 1128.60896, "step_elevation_m": -0.10000000000002274, "step_elevation_f": -0.32808399999998983, "step_dist_m": 21.385931776524938, "step_dist_f": 70.16382040969408, "step_grade": -0.004675971149865513, "step_turn": 8.026349793087945, "coast_speed_mps": 5.568064003042821, "coast_speed_mph": 12.455404444888186}, "geometry": {"type": "Point", "coordinates": [-122.26829, 37.92365]}}, {"id": "884", "type": "Feature", "properties": {"name": "Out & Back in Alvarado", "step": 884, "lat": 37.92377, "lon": -122.26869, "elevation_m": 343.2, "time": null, "elevation_f": 1125.9842879999999, "step_elevation_m": -0.8000000000000114, "step_elevation_f": -2.624672000000146, "step_dist_m": 37.53720639514229, "step_dist_f": 123.15356822943863, "step_grade": -0.021312188008310064, "step_turn": 14.063148018817401, "coast_speed_mps": 5.307645882806361, "coast_speed_mph": 11.872865700622663}, "geometry": {"type": "Point", "coordinates": [-122.26869, 37.92377]}}, {"id": "885", "type": "Feature", "properties": {"name": "Out & Back in Alvarado", "step": 885, "lat": 37.92385, "lon": -122.26882, "elevation_m": 343.2, "time": null, "elevation_f": 1125.9842879999999, "step_elevation_m": 0.0, "step_elevation_f": 0.0, "step_dist_m": 14.462197968917788, "step_dist_f": 47.44815758434424, "step_grade": 0.0, "step_turn": 17.13626371475641, "coast_speed_mps": 5.231731832503561, "coast_speed_mph": 11.703050806423485}, "geometry": {"type": "Point", "coordinates": [-122.26882, 37.92385]}}, {"id": "886", "type": "Feature", "properties": {"name": "Out & Back in Alvarado", "step": 886, "lat": 37.92417, "lon": -122.2692, "elevation_m": 330.2, "time": null, "elevation_f": 1083.333368, "step_elevation_m": -13.0, "step_elevation_f": -42.650919999999815, "step_dist_m": 48.75520630119941, "step_dist_f": 159.95803104122706, "step_grade": -0.2666381907952298, "step_turn": 8.912463257873867, "coast_speed_mps": 16.287855738224934, "coast_speed_mph": 36.43489562058186}, "geometry": {"type": "Point", "coordinates": [-122.2692, 37.92417]}}, {"id": "887", "type": "Feature", "properties": {"name": "Out & Back in Alvarado", "step": 887, "lat": 37.92426, "lon": -122.26935, "elevation_m": 326.7, "time": null, "elevation_f": 1071.850428, "step_elevation_m": -3.5, "step_elevation_f": -11.482940000000099, "step_dist_m": 16.53049691244541, "step_dist_f": 54.2339154902274, "step_grade": -0.21172987228018142, "step_turn": 9.613575734290919, "coast_speed_mps": 16.849871764482295, "coast_speed_mph": 37.69208966643315}, "geometry": {"type": "Point", "coordinates": [-122.26935, 37.92426]}}, {"id": "888", "type": "Feature", "properties": {"name": "Out & Back in Alvarado", "step": 888, "lat": 37.92433, "lon": -122.26948, "elevation_m": 325.3, "time": null, "elevation_f": 1067.257252, "step_elevation_m": -1.3999999999999773, "step_elevation_f": -4.593175999999858, "step_dist_m": 13.80604894292872, "step_dist_f": 45.29543761391826, "step_grade": -0.1014048266659984, "step_turn": 2.9395827259828593, "coast_speed_mps": 17.25239876951112, "coast_speed_mph": 38.592516932514094}, "geometry": {"type": "Point", "coordinates": [-122.26948, 37.92433]}}, {"id": "889", "type": "Feature", "properties": {"name": "Out & Back in Alvarado", "step": 889, "lat": 37.92445, "lon": -122.2698, "elevation_m": 326.8, "time": null, "elevation_f": 1072.178512, "step_elevation_m": 1.5, "step_elevation_f": 4.921259999999847, "step_dist_m": 31.078430048878968, "step_dist_f": 101.96335644156407, "step_grade": 0.0482649862827967, "step_turn": 8.891865859518077, "coast_speed_mps": 14.056845565873887, "coast_speed_mph": 31.444267998107264}, "geometry": {"type": "Point", "coordinates": [-122.2698, 37.92445]}}, {"id": "890", "type": "Feature", "properties": {"name": "Out & Back in Alvarado", "step": 890, "lat": 37.92457, "lon": -122.27003, "elevation_m": 328.2, "time": null, "elevation_f": 1076.771688, "step_elevation_m": 1.3999999999999773, "step_elevation_f": 4.593176000000085, "step_dist_m": 24.18750114145427, "step_dist_f": 79.35532124492883, "step_grade": 0.057881134219382305, "step_turn": 8.055222002269488, "coast_speed_mps": 11.370111413069505, "coast_speed_mph": 25.434214864597113}, "geometry": {"type": "Point", "coordinates": [-122.27003, 37.92457]}}, {"id": "891", "type": "Feature", "properties": {"name": "Out & Back in Alvarado", "step": 891, "lat": 37.92464, "lon": -122.27015, "elevation_m": 329.2, "time": null, "elevation_f": 1080.052528, "step_elevation_m": 1.0, "step_elevation_f": 3.2808399999998983, "step_dist_m": 13.090914800573744, "step_dist_f": 42.94919691431436, "step_grade": 0.07638885557151226, "step_turn": 3.001633291686403, "coast_speed_mps": 9.932833228589743, "coast_speed_mph": 22.219115131956272}, "geometry": {"type": "Point", "coordinates": [-122.27015, 37.92464]}}, {"id": "892", "type": "Feature", "properties": {"name": "Out & Back in Alvarado", "step": 892, "lat": 37.92475, "lon": -122.27029, "elevation_m": 330.6, "time": null, "elevation_f": 1084.645704, "step_elevation_m": 1.400000000000034, "step_elevation_f": 4.593176000000085, "step_dist_m": 17.332083383506035, "step_dist_f": 56.86379244794194, "step_grade": 0.08077505565962918, "step_turn": 8.404057259908257, "coast_speed_mps": 7.504646789797513, "coast_speed_mph": 16.787416763147604}, "geometry": {"type": "Point", "coordinates": [-122.27029, 37.92475]}}, {"id": "893", "type": "Feature", "properties": {"name": "Out & Back in Alvarado", "step": 893, "lat": 37.92492, "lon": -122.27045, "elevation_m": 330.7, "time": null, "elevation_f": 1084.973788, "step_elevation_m": 0.0999999999999659, "step_elevation_f": 0.32808399999998983, "step_dist_m": 23.543192351334735, "step_dist_f": 77.24144719395305, "step_grade": 0.004247512338499694, "step_turn": 8.522182867014749, "coast_speed_mps": 4.032301651630383, "coast_speed_mph": 9.020001905042902}, "geometry": {"type": "Point", "coordinates": [-122.27045, 37.92492]}}, {"id": "894", "type": "Feature", "properties": {"name": "Out & Back in Alvarado", "step": 894, "lat": 37.92498, "lon": -122.27057, "elevation_m": 332.7, "time": null, "elevation_f": 1091.535468, "step_elevation_m": 2.0, "step_elevation_f": 6.561680000000024, "step_dist_m": 12.461837970121229, "step_dist_f": 40.88529648589253, "step_grade": 0.16048996984194813, "step_turn": 21.040187471581703, "coast_speed_mps": 0.0, "coast_speed_mph": 0.0}, "geometry": {"type": "Point", "coordinates": [-122.27057, 37.92498]}}, {"id": "895", "type": "Feature", "properties": {"name": "Out & Back in Alvarado", "step": 895, "lat": 37.92503, "lon": -122.27081, "elevation_m": 337.3, "time": null, "elevation_f": 1106.627332, "step_elevation_m": 4.600000000000023, "step_elevation_f": 15.091863999999987, "step_dist_m": 21.772773133925984, "step_dist_f": 71.43298500870972, "step_grade": 0.21127304141301032, "step_turn": 17.574465849333933, "coast_speed_mps": 0.0, "coast_speed_mph": 0.0}, "geometry": {"type": "Point", "coordinates": [-122.27081, 37.92503]}}, {"id": "896", "type": "Feature", "properties": {"name": "Out & Back in Alvarado", "step": 896, "lat": 37.92512, "lon": -122.27099, "elevation_m": 337.7, "time": null, "elevation_f": 1107.939668, "step_elevation_m": 0.39999999999997726, "step_elevation_f": 1.3123359999999593, "step_dist_m": 18.6927342854037, "step_dist_f": 61.32787035292387, "step_grade": 0.021398688597008463, "step_turn": 17.574528334702052, "coast_speed_mps": 0.0, "coast_speed_mph": 0.0}, "geometry": {"type": "Point", "coordinates": [-122.27099, 37.92512]}}, {"id": "897", "type": "Feature", "properties": {"name": "Out & Back in Alvarado", "step": 897, "lat": 37.92519, "lon": -122.27111, "elevation_m": 337.3, "time": null, "elevation_f": 1106.627332, "step_elevation_m": -0.39999999999997726, "step_elevation_f": -1.3123359999999593, "step_dist_m": 13.090851503099802, "step_dist_f": 42.948989245429956, "step_grade": -0.03055568997213517, "step_turn": 4.114089737068639, "coast_speed_mps": 0.0, "coast_speed_mph": 0.0}, "geometry": {"type": "Point", "coordinates": [-122.27111, 37.92519]}}, {"id": "898", "type": "Feature", "properties": {"name": "Out & Back in Alvarado", "step": 898, "lat": 37.92544, "lon": -122.27142, "elevation_m": 333.4, "time": null, "elevation_f": 1093.832056, "step_elevation_m": -3.900000000000034, "step_elevation_f": -12.795276000000058, "step_dist_m": 38.88578203932136, "step_dist_f": 127.5780291458871, "step_grade": -0.10029372679341637, "step_turn": 9.15039116654026, "coast_speed_mps": 8.391334080532653, "coast_speed_mph": 18.77087974349643}, "geometry": {"type": "Point", "coordinates": [-122.27142, 37.92544]}}, {"id": "899", "type": "Feature", "properties": {"name": "Out & Back in Alvarado", "step": 899, "lat": 37.92573, "lon": -122.27183, "elevation_m": 330.2, "time": null, "elevation_f": 1083.333368, "step_elevation_m": -3.1999999999999886, "step_elevation_f": -10.498687999999902, "step_dist_m": 48.30204548485431, "step_dist_f": 158.47128290852942, "step_grade": -0.0662497823410685, "step_turn": 3.751235994274225, "coast_speed_mps": 10.07198606522555, "coast_speed_mph": 22.530391162369227}, "geometry": {"type": "Point", "coordinates": [-122.27183, 37.92573]}}, {"id": "900", "type": "Feature", "properties": {"name": "Out & Back in Alvarado", "step": 900, "lat": 37.92589, "lon": -122.27209, "elevation_m": 328.4, "time": null, "elevation_f": 1077.427856, "step_elevation_m": -1.8000000000000114, "step_elevation_f": -5.905512000000044, "step_dist_m": 28.923906889130265, "step_dist_f": 94.89471067813413, "step_grade": -0.06223225675907771, "step_turn": 3.9228585700850545, "coast_speed_mps": 10.55309185963528, "coast_speed_mph": 23.606594174202016}, "geometry": {"type": "Point", "coordinates": [-122.27209, 37.92589]}}, {"id": "901", "type": "Feature", "properties": {"name": "Out & Back in Alvarado", "step": 901, "lat": 37.92604, "lon": -122.27239, "elevation_m": 326.3, "time": null, "elevation_f": 1070.538092, "step_elevation_m": -2.099999999999966, "step_elevation_f": -6.889764000000014, "step_dist_m": 31.154288144392705, "step_dist_f": 102.21223471564936, "step_grade": -0.06740645108843335, "step_turn": 5.590035877977016, "coast_speed_mps": 11.091502164540227, "coast_speed_mph": 24.810983725259966}, "geometry": {"type": "Point", "coordinates": [-122.27239, 37.92604]}}, {"id": "902", "type": "Feature", "properties": {"name": "Out & Back in Alvarado", "step": 902, "lat": 37.92631, "lon": -122.2731, "elevation_m": 319.4, "time": null, "elevation_f": 1047.900296, "step_elevation_m": -6.900000000000034, "step_elevation_f": -22.63779599999998, "step_dist_m": 69.13395961286412, "step_dist_f": 226.8174600562691, "step_grade": -0.09980623182352939, "step_turn": 6.630555210266891, "coast_speed_mps": 13.678572932702505, "coast_speed_mph": 30.598096216675216}, "geometry": {"type": "Point", "coordinates": [-122.2731, 37.92631]}}, {"id": "903", "type": "Feature", "properties": {"name": "Out & Back in Alvarado", "step": 903, "lat": 37.92639, "lon": -122.27325, "elevation_m": 318.4, "time": null, "elevation_f": 1044.619456, "step_elevation_m": -1.0, "step_elevation_f": -3.2808400000001257, "step_dist_m": 15.881685879259923, "step_dist_f": 52.10527030011112, "step_grade": -0.06296560753074153, "step_turn": 8.32499056266471, "coast_speed_mps": 13.531887425977112, "coast_speed_mph": 30.2699700831628}, "geometry": {"type": "Point", "coordinates": [-122.27325, 37.92639]}}, {"id": "904", "type": "Feature", "properties": {"name": "Out & Back in Alvarado", "step": 904, "lat": 37.92651, "lon": -122.27341, "elevation_m": 315.9, "time": null, "elevation_f": 1036.417356, "step_elevation_m": -2.5, "step_elevation_f": -8.202099999999973, "step_dist_m": 19.364677507714145, "step_dist_f": 63.532408554408875, "step_grade": -0.12910103971543527, "step_turn": 9.491757964835472, "coast_speed_mps": 14.280116586884725, "coast_speed_mph": 31.94371104797045}, "geometry": {"type": "Point", "coordinates": [-122.27341, 37.92651]}}, {"id": "905", "type": "Feature", "properties": {"name": "Out & Back in Alvarado", "step": 905, "lat": 37.92676, "lon": -122.2737, "elevation_m": 313.2, "time": null, "elevation_f": 1027.559088, "step_elevation_m": -2.6999999999999886, "step_elevation_f": -8.858267999999953, "step_dist_m": 37.679704910967196, "step_dist_f": 123.62108306009762, "step_grade": -0.0716566121305827, "step_turn": 3.9857245254225404, "coast_speed_mps": 14.013327127264628, "coast_speed_mph": 31.34692002340867}, "geometry": {"type": "Point", "coordinates": [-122.2737, 37.92676]}}, {"id": "906", "type": "Feature", "properties": {"name": "Out & Back in Alvarado", "step": 906, "lat": 37.92714, "lon": -122.27407, "elevation_m": 306.9, "time": null, "elevation_f": 1006.8897959999999, "step_elevation_m": -6.300000000000011, "step_elevation_f": -20.66929200000004, "step_dist_m": 53.27836856183779, "step_dist_f": 174.7978027124199, "step_grade": -0.11824686397234342, "step_turn": 4.933124395785512, "coast_speed_mps": 15.403248043412841, "coast_speed_mph": 34.45608456382611}, "geometry": {"type": "Point", "coordinates": [-122.27407, 37.92714]}}, {"id": "907", "type": "Feature", "properties": {"name": "Out & Back in Alvarado", "step": 907, "lat": 37.92732, "lon": -122.27427, "elevation_m": 304.3, "time": null, "elevation_f": 998.3596120000001, "step_elevation_m": -2.599999999999966, "step_elevation_f": -8.53018399999985, "step_dist_m": 26.614341634825816, "step_dist_f": 87.31739660920194, "step_grade": -0.0976916895286928, "step_turn": 3.706924422892939, "coast_speed_mps": 15.466652006040249, "coast_speed_mph": 34.59791518888742}, "geometry": {"type": "Point", "coordinates": [-122.27427, 37.92732]}}, {"id": "908", "type": "Feature", "properties": {"name": "Out & Back in Alvarado", "step": 908, "lat": 37.92751, "lon": -122.2745, "elevation_m": 303.8, "time": null, "elevation_f": 996.719192, "step_elevation_m": -0.5, "step_elevation_f": -1.6404200000000628, "step_dist_m": 29.211446709128612, "step_dist_f": 95.83808282117752, "step_grade": -0.017116577791532295, "step_turn": 2.444454990343786, "coast_speed_mps": 13.95633738817729, "coast_speed_mph": 31.219437607769496}, "geometry": {"type": "Point", "coordinates": [-122.2745, 37.92751]}}, {"id": "909", "type": "Feature", "properties": {"name": "Out & Back in Alvarado", "step": 909, "lat": 37.92766, "lon": -122.27473, "elevation_m": 304.5, "time": null, "elevation_f": 999.01578, "step_elevation_m": 0.6999999999999886, "step_elevation_f": 2.296587999999929, "step_dist_m": 26.175410172524007, "step_dist_f": 85.87733271042366, "step_grade": 0.026742656385754356, "step_turn": 6.738950848674563, "coast_speed_mps": 11.861799455251052, "coast_speed_mph": 26.53408969052219}, "geometry": {"type": "Point", "coordinates": [-122.27473, 37.92766]}}, {"id": "910", "type": "Feature", "properties": {"name": "Out & Back in Alvarado", "step": 910, "lat": 37.92791, "lon": -122.27524, "elevation_m": 304.5, "time": null, "elevation_f": 999.01578, "step_elevation_m": 0.0, "step_elevation_f": 0.0, "step_dist_m": 52.66578776940103, "step_dist_f": 172.78802314536168, "step_grade": 0.0, "step_turn": 7.724875775351222, "coast_speed_mps": 8.931491649580538, "coast_speed_mph": 19.979177813127524}, "geometry": {"type": "Point", "coordinates": [-122.27524, 37.92791]}}, {"id": "911", "type": "Feature", "properties": {"name": "Out & Back in Alvarado", "step": 911, "lat": 37.92797, "lon": -122.27541, "elevation_m": 302.7, "time": null, "elevation_f": 993.1102679999999, "step_elevation_m": -1.8000000000000114, "step_elevation_f": -5.905512000000044, "step_dist_m": 16.335071275801923, "step_dist_f": 53.59275524450198, "step_grade": -0.11019235665451026, "step_turn": 7.753145195267052, "coast_speed_mps": 10.161822435186181, "coast_speed_mph": 22.73134939868059}, "geometry": {"type": "Point", "coordinates": [-122.27541, 37.92797]}}, {"id": "912", "type": "Feature", "properties": {"name": "Out & Back in Alvarado", "step": 912, "lat": 37.92806, "lon": -122.27579, "elevation_m": 296.4, "time": null, "elevation_f": 972.4409759999999, "step_elevation_m": -6.300000000000011, "step_elevation_f": -20.66929200000004, "step_dist_m": 34.79934671917726, "step_dist_f": 114.17108869014551, "step_grade": -0.18103788128092074, "step_turn": 7.393000229189738, "coast_speed_mps": 13.995274089843711, "coast_speed_mph": 31.306536528820008}, "geometry": {"type": "Point", "coordinates": [-122.27579, 37.92806]}}, {"id": "913", "type": "Feature", "properties": {"name": "Out & Back in Alvarado", "step": 913, "lat": 37.92815, "lon": -122.27596, "elevation_m": 294.4, "time": null, "elevation_f": 965.879296, "step_elevation_m": -2.0, "step_elevation_f": -6.56167999999991, "step_dist_m": 17.95753208302527, "step_dist_f": 58.91578955927263, "step_grade": -0.1113738787018814, "step_turn": 17.155449109409574, "coast_speed_mps": 14.67030734237394, "coast_speed_mph": 32.8165429097484}, "geometry": {"type": "Point", "coordinates": [-122.27596, 37.92815]}}, {"id": "914", "type": "Feature", "properties": {"name": "Out & Back in Alvarado", "step": 914, "lat": 37.92822, "lon": -122.27601, "elevation_m": 292.8, "time": null, "elevation_f": 960.629952, "step_elevation_m": -1.599999999999966, "step_elevation_f": -5.249343999999951, "step_dist_m": 8.934041379193982, "step_dist_f": 29.311160318514784, "step_grade": -0.17909028311936429, "step_turn": 26.733822699016628, "coast_speed_mps": 14.953802391193653, "coast_speed_mph": 33.45070327307095}, "geometry": {"type": "Point", "coordinates": [-122.27601, 37.92822]}}, {"id": "915", "type": "Feature", "properties": {"name": "Out & Back in Alvarado", "step": 915, "lat": 37.92869, "lon": -122.27627, "elevation_m": 280.2, "time": null, "elevation_f": 919.2913679999999, "step_elevation_m": -12.600000000000023, "step_elevation_f": -41.33858400000008, "step_dist_m": 57.02021616829217, "step_dist_f": 187.0742060135797, "step_grade": -0.2209742587227622, "step_turn": 5.823805642724551, "coast_speed_mps": 19.268092590255225, "coast_speed_mph": 43.101495593806376}, "geometry": {"type": "Point", "coordinates": [-122.27627, 37.92869]}}, {"id": "916", "type": "Feature", "properties": {"name": "Out & Back in Alvarado", "step": 916, "lat": 37.929, "lon": -122.27638, "elevation_m": 273.9, "time": null, "elevation_f": 898.6220759999999, "step_elevation_m": -6.300000000000011, "step_elevation_f": -20.66929200000004, "step_dist_m": 35.79513108439584, "step_dist_f": 117.43809786692925, "step_grade": -0.17600159041592023, "step_turn": 7.937515298633457, "coast_speed_mps": 19.719380273495325, "coast_speed_mph": 44.11099739060331}, "geometry": {"type": "Point", "coordinates": [-122.27638, 37.929]}}, {"id": "917", "type": "Feature", "properties": {"name": "Out & Back in Alvarado", "step": 917, "lat": 37.92912, "lon": -122.27644, "elevation_m": 271.8, "time": null, "elevation_f": 891.732312, "step_elevation_m": -2.099999999999966, "step_elevation_f": -6.8897639999999, "step_dist_m": 14.343620998543852, "step_dist_f": 47.05912551686261, "step_grade": -0.1464065454750342, "step_turn": 5.887322409196315, "coast_speed_mps": 19.780475173176892, "coast_speed_mph": 44.24766278896043}, "geometry": {"type": "Point", "coordinates": [-122.27644, 37.92912]}}, {"id": "918", "type": "Feature", "properties": {"name": "Out & Back in Alvarado", "step": 918, "lat": 37.92921, "lon": -122.27653, "elevation_m": 270.3, "time": null, "elevation_f": 886.811052, "step_elevation_m": -1.5, "step_elevation_f": -4.921259999999961, "step_dist_m": 12.746012710880299, "step_dist_f": 41.81762834236452, "step_grade": -0.11768386192801804, "step_turn": 16.741761148354612, "coast_speed_mps": 19.67375141798019, "coast_speed_mph": 44.008928547736595}, "geometry": {"type": "Point", "coordinates": [-122.27653, 37.92921]}}, {"id": "919", "type": "Feature", "properties": {"name": "Out & Back in Alvarado", "step": 919, "lat": 37.92931, "lon": -122.27668, "elevation_m": 268.2, "time": null, "elevation_f": 879.921288, "step_elevation_m": -2.1000000000000227, "step_elevation_f": -6.889764000000014, "step_dist_m": 17.22572981108176, "step_dist_f": 56.514863393389476, "step_grade": -0.12191065476070792, "step_turn": 11.530207464094872, "coast_speed_mps": 19.43019536964049, "coast_speed_mph": 43.46410918405616}, "geometry": {"type": "Point", "coordinates": [-122.27668, 37.92931]}}, {"id": "920", "type": "Feature", "properties": {"name": "Out & Back in Alvarado", "step": 920, "lat": 37.92934, "lon": -122.27676, "elevation_m": 267.3, "time": null, "elevation_f": 876.968532, "step_elevation_m": -0.8999999999999773, "step_elevation_f": -2.952756000000022, "step_dist_m": 7.7691821839234505, "step_dist_f": 25.489443676303413, "step_grade": -0.11584230858459232, "step_turn": 14.776895983946076, "coast_speed_mps": 19.326155137253586, "coast_speed_mph": 43.231377812396126}, "geometry": {"type": "Point", "coordinates": [-122.27676, 37.92934]}}, {"id": "921", "type": "Feature", "properties": {"name": "Out & Back in Alvarado", "step": 921, "lat": 37.92935, "lon": -122.27685, "elevation_m": 266.4, "time": null, "elevation_f": 874.015776, "step_elevation_m": -0.9000000000000341, "step_elevation_f": -2.952756000000022, "step_dist_m": 7.97157708581337, "step_dist_f": 26.153468966219936, "step_grade": -0.1129011223640703, "step_turn": 17.409241592125852, "coast_speed_mps": 19.170805942240424, "coast_speed_mph": 42.88387156012975}, "geometry": {"type": "Point", "coordinates": [-122.27685, 37.92935]}}, {"id": "922", "type": "Feature", "properties": {"name": "Out & Back in Alvarado", "step": 922, "lat": 37.92934, "lon": -122.27693, "elevation_m": 265.8, "time": null, "elevation_f": 872.047272, "step_elevation_m": -0.5999999999999659, "step_elevation_f": -1.968503999999939, "step_dist_m": 7.104133703679532, "step_dist_f": 23.307526020379953, "step_grade": -0.08445786988626079, "step_turn": 17.023340871465052, "coast_speed_mps": 19.01886675551708, "coast_speed_mph": 42.543993279163075}, "geometry": {"type": "Point", "coordinates": [-122.27693, 37.92934]}}, {"id": "923", "type": "Feature", "properties": {"name": "Out & Back in Alvarado", "step": 923, "lat": 37.92922, "lon": -122.2772, "elevation_m": 263.5, "time": null, "elevation_f": 864.50134, "step_elevation_m": -2.3000000000000114, "step_elevation_f": -7.545931999999993, "step_dist_m": 27.181493167462587, "step_dist_f": 89.17813004353796, "step_grade": -0.08461639637785646, "step_turn": 20.394639875593555, "coast_speed_mps": 18.294366427582183, "coast_speed_mph": 40.92333220200018}, "geometry": {"type": "Point", "coordinates": [-122.2772, 37.92922]}}, {"id": "924", "type": "Feature", "properties": {"name": "Out & Back in Alvarado", "step": 924, "lat": 37.92919, "lon": -122.27735, "elevation_m": 262.2, "time": null, "elevation_f": 860.2362479999999, "step_elevation_m": -1.3000000000000114, "step_elevation_f": -4.265092000000095, "step_dist_m": 13.57242756133058, "step_dist_f": 44.52896324031582, "step_grade": -0.0957824231608988, "step_turn": 15.171700996811637, "coast_speed_mps": 18.04229203193772, "coast_speed_mph": 40.359457838085405}, "geometry": {"type": "Point", "coordinates": [-122.27735, 37.92919]}}, {"id": "925", "type": "Feature", "properties": {"name": "Out & Back in Alvarado", "step": 925, "lat": 37.9292, "lon": -122.27751, "elevation_m": 260.6, "time": null, "elevation_f": 854.9869040000001, "step_elevation_m": -1.599999999999966, "step_elevation_f": -5.249343999999837, "step_dist_m": 14.07715783464849, "step_dist_f": 46.184902510228156, "step_grade": -0.1136593067147292, "step_turn": 18.75850025326821, "coast_speed_mps": 17.880590590446456, "coast_speed_mph": 39.99774201513608}, "geometry": {"type": "Point", "coordinates": [-122.27751, 37.9292]}}, {"id": "926", "type": "Feature", "properties": {"name": "Out & Back in Alvarado", "step": 926, "lat": 37.92925, "lon": -122.27779, "elevation_m": 258.5, "time": null, "elevation_f": 848.09714, "step_elevation_m": -2.1000000000000227, "step_elevation_f": -6.8897640000001275, "step_dist_m": 25.179520110745756, "step_dist_f": 82.6099767601391, "step_grade": -0.0834011129189001, "step_turn": 8.225823607144832, "coast_speed_mps": 17.31334517311523, "coast_speed_mph": 38.72885015460633}, "geometry": {"type": "Point", "coordinates": [-122.27779, 37.92925]}}, {"id": "927", "type": "Feature", "properties": {"name": "Out & Back in Alvarado", "step": 927, "lat": 37.92945, "lon": -122.27839, "elevation_m": 250.9, "time": null, "elevation_f": 823.1627560000001, "step_elevation_m": -7.599999999999994, "step_elevation_f": -24.93438399999991, "step_dist_m": 57.13044805293814, "step_dist_f": 187.43585919000157, "step_grade": -0.1330288884301711, "step_turn": 10.152704279405157, "coast_speed_mps": 17.837867080158546, "coast_speed_mph": 39.9021722444491}, "geometry": {"type": "Point", "coordinates": [-122.27839, 37.92945]}}, {"id": "928", "type": "Feature", "properties": {"name": "Out & Back in Alvarado", "step": 928, "lat": 37.92954, "lon": -122.27861, "elevation_m": 247.8, "time": null, "elevation_f": 812.992152, "step_elevation_m": -3.0999999999999943, "step_elevation_f": -10.170604000000026, "step_dist_m": 21.7363418533157, "step_dist_f": 71.31345980603228, "step_grade": -0.1426182943256901, "step_turn": 4.504312027711137, "coast_speed_mps": 18.067809617217062, "coast_speed_mph": 40.41653905068236}, "geometry": {"type": "Point", "coordinates": [-122.27861, 37.92954]}}, {"id": "929", "type": "Feature", "properties": {"name": "Out & Back in Alvarado", "step": 929, "lat": 37.92964, "lon": -122.27878, "elevation_m": 245.7, "time": null, "elevation_f": 806.1023879999999, "step_elevation_m": -2.1000000000000227, "step_elevation_f": -6.8897640000001275, "step_dist_m": 18.599897047234446, "step_dist_f": 61.02328622844866, "step_grade": -0.11290385073998377, "step_turn": 9.300990500499495, "coast_speed_mps": 17.932528316226584, "coast_speed_mph": 40.11392339886042}, "geometry": {"type": "Point", "coordinates": [-122.27878, 37.92964]}}, {"id": "930", "type": "Feature", "properties": {"name": "Out & Back in Alvarado", "step": 930, "lat": 37.92976, "lon": -122.2789, "elevation_m": 243.5, "time": null, "elevation_f": 798.88454, "step_elevation_m": -2.1999999999999886, "step_elevation_f": -7.21784799999989, "step_dist_m": 16.99463618342492, "step_dist_f": 55.756682176027816, "step_grade": -0.12945260941482678, "step_turn": 15.020506077319851, "coast_speed_mps": 17.97865051593878, "coast_speed_mph": 40.21709582126602}, "geometry": {"type": "Point", "coordinates": [-122.2789, 37.92976]}}, {"id": "931", "type": "Feature", "properties": {"name": "Out & Back in Alvarado", "step": 931, "lat": 37.92989, "lon": -122.27898, "elevation_m": 241.3, "time": null, "elevation_f": 791.666692, "step_elevation_m": -2.1999999999999886, "step_elevation_f": -7.217848000000004, "step_dist_m": 16.06824537983922, "step_dist_f": 52.7173421719917, "step_grade": -0.1369160071926909, "step_turn": 12.373519293814354, "coast_speed_mps": 18.082080873633622, "coast_speed_mph": 40.44846294209378}, "geometry": {"type": "Point", "coordinates": [-122.27898, 37.92989]}}, {"id": "932", "type": "Feature", "properties": {"name": "Out & Back in Alvarado", "step": 932, "lat": 37.93028, "lon": -122.27919, "elevation_m": 236.8, "time": null, "elevation_f": 776.902912, "step_elevation_m": -4.5, "step_elevation_f": -14.763779999999997, "step_dist_m": 47.11524374026704, "step_dist_f": 154.5775762728177, "step_grade": -0.09551048965823508, "step_turn": 2.879878338634853, "coast_speed_mps": 17.27350178152757, "coast_speed_mph": 38.63972302596535}, "geometry": {"type": "Point", "coordinates": [-122.27919, 37.93028]}}, {"id": "933", "type": "Feature", "properties": {"name": "Out & Back in Alvarado", "step": 933, "lat": 37.93043, "lon": -122.27931, "elevation_m": 236.5, "time": null, "elevation_f": 775.91866, "step_elevation_m": -0.30000000000001137, "step_elevation_f": -0.9842519999999695, "step_dist_m": 19.722236438749324, "step_dist_f": 64.70550219770634, "step_grade": -0.015211256640782657, "step_turn": 9.240442738259901, "coast_speed_mps": 16.10411028776571, "coast_speed_mph": 36.02386875394974}, "geometry": {"type": "Point", "coordinates": [-122.27931, 37.93043]}}, {"id": "934", "type": "Feature", "properties": {"name": "Out & Back in Alvarado", "step": 934, "lat": 37.93055, "lon": -122.27945, "elevation_m": 236.2, "time": null, "elevation_f": 774.934408, "step_elevation_m": -0.30000000000001137, "step_elevation_f": -0.9842520000000832, "step_dist_m": 18.133264011002357, "step_dist_f": 59.49233789785697, "step_grade": -0.016544180894183552, "step_turn": 10.368565029469664, "coast_speed_mps": 15.338761044330113, "coast_speed_mph": 34.311831255212276}, "geometry": {"type": "Point", "coordinates": [-122.27945, 37.93055]}}, {"id": "935", "type": "Feature", "properties": {"name": "Out & Back in Alvarado", "step": 935, "lat": 37.93061, "lon": -122.27955, "elevation_m": 235.5, "time": null, "elevation_f": 772.63782, "step_elevation_m": -0.6999999999999886, "step_elevation_f": -2.296587999999929, "step_dist_m": 11.019726963725663, "step_dist_f": 36.15396101166971, "step_grade": -0.0635224450028774, "step_turn": 10.119299501850662, "coast_speed_mps": 14.917705044630418, "coast_speed_mph": 33.36995580849678}, "geometry": {"type": "Point", "coordinates": [-122.27955, 37.93061]}}, {"id": "936", "type": "Feature", "properties": {"name": "Out & Back in Alvarado", "step": 936, "lat": 37.93078, "lon": -122.27991, "elevation_m": 231.6, "time": null, "elevation_f": 759.842544, "step_elevation_m": -3.9000000000000057, "step_elevation_f": -12.795276000000058, "step_dist_m": 36.80007822572564, "step_dist_f": 120.73516864608972, "step_grade": -0.10597803559215406, "step_turn": 6.351184153203178, "coast_speed_mps": 15.332239460024338, "coast_speed_mph": 34.297242886597}, "geometry": {"type": "Point", "coordinates": [-122.27991, 37.93078]}}, {"id": "937", "type": "Feature", "properties": {"name": "Out & Back in Alvarado", "step": 937, "lat": 37.93089, "lon": -122.28013, "elevation_m": 226.6, "time": null, "elevation_f": 743.438344, "step_elevation_m": -5.0, "step_elevation_f": -16.404199999999946, "step_dist_m": 22.845398491538973, "step_dist_f": 74.95209718698072, "step_grade": -0.21886245503013665, "step_turn": 1.4623733875620246, "coast_speed_mps": 17.07114503465921, "coast_speed_mph": 38.18706387495345}, "geometry": {"type": "Point", "coordinates": [-122.28013, 37.93089]}}, {"id": "938", "type": "Feature", "properties": {"name": "Out & Back in Alvarado", "step": 938, "lat": 37.93099, "lon": -122.28026, "elevation_m": 224.0, "time": null, "elevation_f": 734.90816, "step_elevation_m": -2.5999999999999943, "step_elevation_f": -8.530184000000077, "step_dist_m": 15.926125633251212, "step_dist_f": 52.251070022595904, "step_grade": -0.16325376679006026, "step_turn": 11.91100664595433, "coast_speed_mps": 17.52001126835836, "coast_speed_mph": 39.191149043392855}, "geometry": {"type": "Point", "coordinates": [-122.28026, 37.93099]}}, {"id": "939", "type": "Feature", "properties": {"name": "Out & Back in Alvarado", "step": 939, "lat": 37.9311, "lon": -122.28037, "elevation_m": 222.3, "time": null, "elevation_f": 729.330732, "step_elevation_m": -1.6999999999999886, "step_elevation_f": -5.577427999999941, "step_dist_m": 15.578307196221504, "step_dist_f": 51.10993338165136, "step_grade": -0.10912610584623221, "step_turn": 7.453220362524462, "coast_speed_mps": 17.432025797211963, "coast_speed_mph": 38.99433114981197}, "geometry": {"type": "Point", "coordinates": [-122.28037, 37.9311]}}, {"id": "940", "type": "Feature", "properties": {"name": "Out & Back in Alvarado", "step": 940, "lat": 37.93154, "lon": -122.28072, "elevation_m": 218.2, "time": null, "elevation_f": 715.879288, "step_elevation_m": -4.100000000000023, "step_elevation_f": -13.451444000000038, "step_dist_m": 57.75826187436061, "step_dist_f": 189.49561588787728, "step_grade": -0.07098551561192405, "step_turn": 6.160016444391317, "coast_speed_mps": 15.68083841892612, "coast_speed_mph": 35.07703654913677}, "geometry": {"type": "Point", "coordinates": [-122.28072, 37.93154]}}, {"id": "941", "type": "Feature", "properties": {"name": "Out & Back in Alvarado", "step": 941, "lat": 37.93162, "lon": -122.28082, "elevation_m": 217.6, "time": null, "elevation_f": 713.9107839999999, "step_elevation_m": -0.5999999999999943, "step_elevation_f": -1.9685040000000527, "step_dist_m": 12.492092000034141, "step_dist_f": 40.98455511739201, "step_grade": -0.04803038594323149, "step_turn": 12.489494692450194, "coast_speed_mps": 15.44329360862279, "coast_speed_mph": 34.545663941980074}, "geometry": {"type": "Point", "coordinates": [-122.28082, 37.93162]}}, {"id": "942", "type": "Feature", "properties": {"name": "Out & Back in Alvarado", "step": 942, "lat": 37.93196, "lon": -122.28137, "elevation_m": 215.8, "time": null, "elevation_f": 708.005272, "step_elevation_m": -1.799999999999983, "step_elevation_f": -5.905511999999931, "step_dist_m": 61.28747309811241, "step_dist_f": 201.0743932392111, "step_grade": -0.02936978649973776, "step_turn": 7.317964848292661, "coast_speed_mps": 12.66136283950892, "coast_speed_mph": 28.32266204256645}, "geometry": {"type": "Point", "coordinates": [-122.28137, 37.93196]}}, {"id": "943", "type": "Feature", "properties": {"name": "Out & Back in Alvarado", "step": 943, "lat": 37.93196, "lon": -122.28137, "elevation_m": 215.8, "time": null, "elevation_f": 708.005272, "step_elevation_m": 0.0, "step_elevation_f": 0.0, "step_dist_m": 0.0, "step_dist_f": 0.0, "step_grade": null, "step_turn": null, "coast_speed_mps": 12.66136283950892, "coast_speed_mph": 28.32266204256645}, "geometry": {"type": "Point", "coordinates": [-122.28137, 37.93196]}}, {"id": "944", "type": "Feature", "properties": {"name": "Out & Back in Alvarado", "step": 944, "lat": 37.93219, "lon": -122.28172, "elevation_m": 211.4, "time": null, "elevation_f": 693.569576, "step_elevation_m": -4.400000000000006, "step_elevation_f": -14.435696000000007, "step_dist_m": 39.9542088262415, "step_dist_f": 131.08336648548615, "step_grade": -0.11012607005022541, "step_turn": null, "coast_speed_mps": 13.95872715671861, "coast_speed_mph": 31.224783367749183}, "geometry": {"type": "Point", "coordinates": [-122.28172, 37.93219]}}, {"id": "945", "type": "Feature", "properties": {"name": "Out & Back in Alvarado", "step": 945, "lat": 37.9323, "lon": -122.28195, "elevation_m": 209.8, "time": null, "elevation_f": 688.320232, "step_elevation_m": -1.5999999999999943, "step_elevation_f": -5.249343999999951, "step_dist_m": 23.59049958110164, "step_dist_f": 77.3966546456615, "step_grade": -0.06782391337238805, "step_turn": 8.568553540384073, "coast_speed_mps": 13.77925350292932, "coast_speed_mph": 30.823312238120312}, "geometry": {"type": "Point", "coordinates": [-122.28195, 37.9323]}}, {"id": "946", "type": "Feature", "properties": {"name": "Out & Back in Alvarado", "step": 946, "lat": 37.93235, "lon": -122.28215, "elevation_m": 210.0, "time": null, "elevation_f": 688.9764, "step_elevation_m": 0.19999999999998863, "step_elevation_f": 0.6561679999999797, "step_dist_m": 18.400750350333833, "step_dist_f": 60.369917779389255, "step_grade": 0.010869121975580749, "step_turn": 13.644387056430332, "coast_speed_mps": 12.57878451867152, "coast_speed_mph": 28.13793959974836}, "geometry": {"type": "Point", "coordinates": [-122.28215, 37.93235]}}, {"id": "947", "type": "Feature", "properties": {"name": "Out & Back in Alvarado", "step": 947, "lat": 37.93265, "lon": -122.283, "elevation_m": 204.7, "time": null, "elevation_f": 671.587948, "step_elevation_m": -5.300000000000011, "step_elevation_f": -17.38845200000003, "step_dist_m": 81.67113573581933, "step_dist_f": 267.9499289675055, "step_grade": -0.06489440794779516, "step_turn": 6.5209772334685, "coast_speed_mps": 12.118195032054581, "coast_speed_mph": 27.107630261396224}, "geometry": {"type": "Point", "coordinates": [-122.283, 37.93265]}}, {"id": "948", "type": "Feature", "properties": {"name": "Out & Back in Alvarado", "step": 948, "lat": 37.93274, "lon": -122.28312, "elevation_m": 204.4, "time": null, "elevation_f": 670.603696, "step_elevation_m": -0.29999999999998295, "step_elevation_f": -0.9842519999999695, "step_dist_m": 14.522860261905498, "step_dist_f": 47.64718086167003, "step_grade": -0.020657087831858056, "step_turn": 19.45038642567704, "coast_speed_mps": 11.973172538145345, "coast_speed_mph": 26.783224181606414}, "geometry": {"type": "Point", "coordinates": [-122.28312, 37.93274]}}, {"id": "949", "type": "Feature", "properties": {"name": "Out & Back in Alvarado", "step": 949, "lat": 37.93284, "lon": -122.28322, "elevation_m": 204.6, "time": null, "elevation_f": 671.259864, "step_elevation_m": 0.19999999999998863, "step_elevation_f": 0.6561679999999797, "step_dist_m": 14.16196852792722, "step_dist_f": 46.46315282516474, "step_grade": 0.014122330494209983, "step_turn": 8.177965416475672, "coast_speed_mps": 11.299287625645643, "coast_speed_mph": 25.27578656416793}, "geometry": {"type": "Point", "coordinates": [-122.28322, 37.93284]}}, {"id": "950", "type": "Feature", "properties": {"name": "Out & Back in Alvarado", "step": 950, "lat": 37.93323, "lon": -122.28345, "elevation_m": 199.3, "time": null, "elevation_f": 653.8714120000001, "step_elevation_m": -5.299999999999983, "step_elevation_f": -17.388451999999916, "step_dist_m": 47.82788480372499, "step_dist_f": 156.9156375794531, "step_grade": -0.11081401616964674, "step_turn": 13.318614122328484, "coast_speed_mps": 13.624442549711665, "coast_speed_mph": 30.477009998460204}, "geometry": {"type": "Point", "coordinates": [-122.28345, 37.93323]}}, {"id": "951", "type": "Feature", "properties": {"name": "Out & Back in Alvarado", "step": 951, "lat": 37.93329, "lon": -122.28352, "elevation_m": 198.0, "time": null, "elevation_f": 649.60632, "step_elevation_m": -1.3000000000000114, "step_elevation_f": -4.265092000000095, "step_dist_m": 9.066475367561027, "step_dist_f": 29.745655044908922, "step_grade": -0.1433853782530845, "step_turn": 17.674334888237127, "coast_speed_mps": 13.869785429276797, "coast_speed_mph": 31.02582638975658}, "geometry": {"type": "Point", "coordinates": [-122.28352, 37.93329]}}, {"id": "952", "type": "Feature", "properties": {"name": "Out & Back in Alvarado", "step": 952, "lat": 37.93332, "lon": -122.28362, "elevation_m": 197.1, "time": null, "elevation_f": 646.653564, "step_elevation_m": -0.9000000000000057, "step_elevation_f": -2.952756000000022, "step_dist_m": 9.383231760573251, "step_dist_f": 30.784882089359144, "step_grade": -0.0959157807208443, "step_turn": 26.555487269484104, "coast_speed_mps": 14.142917190543299, "coast_speed_mph": 31.636804739046358}, "geometry": {"type": "Point", "coordinates": [-122.28362, 37.93332]}}, {"id": "953", "type": "Feature", "properties": {"name": "Out & Back in Alvarado", "step": 953, "lat": 37.93333, "lon": -122.2838, "elevation_m": 196.8, "time": null, "elevation_f": 645.669312, "step_elevation_m": -0.29999999999998295, "step_elevation_f": -0.9842519999999695, "step_dist_m": 15.825545382853685, "step_dist_f": 51.92108231388168, "step_grade": -0.01895669266002171, "step_turn": 16.79568876640434, "coast_speed_mps": 14.082017396221246, "coast_speed_mph": 31.500575778948708}, "geometry": {"type": "Point", "coordinates": [-122.2838, 37.93333]}}, {"id": "954", "type": "Feature", "properties": {"name": "Out & Back in Alvarado", "step": 954, "lat": 37.93335, "lon": -122.28389, "elevation_m": 195.3, "time": null, "elevation_f": 640.748052, "step_elevation_m": -1.5, "step_elevation_f": -4.921259999999961, "step_dist_m": 8.200522125495525, "step_dist_f": 26.904601010210737, "step_grade": -0.18291518235606993, "step_turn": 11.705966204628396, "coast_speed_mps": 14.053920902872985, "coast_speed_mph": 31.43772571329852}, "geometry": {"type": "Point", "coordinates": [-122.28389, 37.93335]}}, {"id": "955", "type": "Feature", "properties": {"name": "Out & Back in Alvarado", "step": 955, "lat": 37.93345, "lon": -122.2841, "elevation_m": 188.4, "time": null, "elevation_f": 618.110256, "step_elevation_m": -6.900000000000006, "step_elevation_f": -22.63779599999998, "step_dist_m": 21.513877059496515, "step_dist_f": 70.58358841187855, "step_grade": -0.32072322347655385, "step_turn": 15.386286416622454, "coast_speed_mps": 16.28491944520066, "coast_speed_mph": 36.42832732015176}, "geometry": {"type": "Point", "coordinates": [-122.2841, 37.93345]}}, {"id": "956", "type": "Feature", "properties": {"name": "Out & Back in Alvarado", "step": 956, "lat": 37.93346, "lon": -122.28422, "elevation_m": 187.6, "time": null, "elevation_f": 615.485584, "step_elevation_m": -0.8000000000000114, "step_elevation_f": -2.6246720000000323, "step_dist_m": 10.58284868526224, "step_dist_f": 34.72063328055577, "step_grade": -0.07559401289693368, "step_turn": 25.090110031802624, "coast_speed_mps": 16.542286864379598, "coast_speed_mph": 37.0040418405055}, "geometry": {"type": "Point", "coordinates": [-122.28422, 37.93346]}}, {"id": "957", "type": "Feature", "properties": {"name": "Out & Back in Alvarado", "step": 957, "lat": 37.93342, "lon": -122.28434, "elevation_m": 189.0, "time": null, "elevation_f": 620.07876, "step_elevation_m": 1.4000000000000057, "step_elevation_f": 4.593175999999971, "step_dist_m": 11.42555027607755, "step_dist_f": 37.48540236776627, "step_grade": 0.12253239154102545, "step_turn": 28.941277228100205, "coast_speed_mps": 15.583889755502923, "coast_speed_mph": 34.860168565459254}, "geometry": {"type": "Point", "coordinates": [-122.28434, 37.93342]}}, {"id": "958", "type": "Feature", "properties": {"name": "Out & Back in Alvarado", "step": 958, "lat": 37.93337, "lon": -122.2844, "elevation_m": 189.1, "time": null, "elevation_f": 620.406844, "step_elevation_m": 0.09999999999999432, "step_elevation_f": 0.32808399999998983, "step_dist_m": 7.655121700558141, "step_dist_f": 25.11522948005917, "step_grade": 0.013063149602533849, "step_turn": 23.665256571621, "coast_speed_mps": 14.744043751752208, "coast_speed_mph": 32.98148655993243}, "geometry": {"type": "Point", "coordinates": [-122.2844, 37.93337]}}, {"id": "959", "type": "Feature", "properties": {"name": "Out & Back in Alvarado", "step": 959, "lat": 37.93331, "lon": -122.28441, "elevation_m": 189.5, "time": null, "elevation_f": 621.71918, "step_elevation_m": 0.4000000000000057, "step_elevation_f": 1.312336000000073, "step_dist_m": 6.729093030077996, "step_dist_f": 22.07707757680109, "step_grade": 0.05944337494103115, "step_turn": 35.935906620376244, "coast_speed_mps": 14.177057953742654, "coast_speed_mph": 31.71317545128543}, "geometry": {"type": "Point", "coordinates": [-122.28441, 37.93331]}}, {"id": "960", "type": "Feature", "properties": {"name": "Out & Back in Alvarado", "step": 960, "lat": 37.93323, "lon": -122.28441, "elevation_m": 188.9, "time": null, "elevation_f": 619.750676, "step_elevation_m": -0.5999999999999943, "step_elevation_f": -1.9685040000000527, "step_dist_m": 8.895594130664431, "step_dist_f": 29.18502104764909, "step_grade": -0.06744912045073026, "step_turn": 7.488846965323347, "coast_speed_mps": 14.23239065852804, "coast_speed_mph": 31.83695118675739}, "geometry": {"type": "Point", "coordinates": [-122.28441, 37.93323]}}, {"id": "961", "type": "Feature", "properties": {"name": "Out & Back in Alvarado", "step": 961, "lat": 37.93318, "lon": -122.28445, "elevation_m": 187.6, "time": null, "elevation_f": 615.485584, "step_elevation_m": -1.3000000000000114, "step_elevation_f": -4.2650919999999815, "step_dist_m": 6.574006238840177, "step_dist_f": 21.568262628636404, "step_grade": -0.1977485193609072, "step_turn": 32.25121508780725, "coast_speed_mps": 14.512045437473908, "coast_speed_mph": 32.462521111027854}, "geometry": {"type": "Point", "coordinates": [-122.28445, 37.93318]}}, {"id": "962", "type": "Feature", "properties": {"name": "Out & Back in Alvarado", "step": 962, "lat": 37.93317, "lon": -122.2845, "elevation_m": 186.7, "time": null, "elevation_f": 612.532828, "step_elevation_m": -0.9000000000000057, "step_elevation_f": -2.952756000000022, "step_dist_m": 4.523912973914088, "step_dist_f": 14.842234641336297, "step_grade": -0.19894281901301164, "step_turn": 43.52005704992115, "coast_speed_mps": 14.692608080892986, "coast_speed_mph": 32.866428241081266}, "geometry": {"type": "Point", "coordinates": [-122.2845, 37.93317]}}, {"id": "963", "type": "Feature", "properties": {"name": "Out & Back in Alvarado", "step": 963, "lat": 37.93317, "lon": -122.28455, "elevation_m": 185.9, "time": null, "elevation_f": 609.908156, "step_elevation_m": -0.799999999999983, "step_elevation_f": -2.6246720000000323, "step_dist_m": 4.385129425572376, "step_dist_f": 14.386908024594872, "step_grade": -0.1824347521728077, "step_turn": 14.228743231437562, "coast_speed_mps": 14.959667989235186, "coast_speed_mph": 33.46382424220466}, "geometry": {"type": "Point", "coordinates": [-122.28455, 37.93317]}}, {"id": "964", "type": "Feature", "properties": {"name": "Out & Back in Alvarado", "step": 964, "lat": 37.93319, "lon": -122.28459, "elevation_m": 185.4, "time": null, "elevation_f": 608.267736, "step_elevation_m": -0.5, "step_elevation_f": -1.6404199999999491, "step_dist_m": 4.1536143038518345, "step_dist_f": 13.627343952649253, "step_grade": -0.12037708930661362, "step_turn": 32.37191215379943, "coast_speed_mps": 15.124352431505134, "coast_speed_mph": 33.83221284785504}, "geometry": {"type": "Point", "coordinates": [-122.28459, 37.93319]}}, {"id": "965", "type": "Feature", "properties": {"name": "Out & Back in Alvarado", "step": 965, "lat": 37.93326, "lon": -122.28469, "elevation_m": 184.2, "time": null, "elevation_f": 604.3307279999999, "step_elevation_m": -1.200000000000017, "step_elevation_f": -3.9370080000001053, "step_dist_m": 11.726143974539612, "step_dist_f": 38.47160219742854, "step_grade": -0.10233543120445364, "step_turn": 9.217326223614407, "coast_speed_mps": 15.512158622571578, "coast_speed_mph": 34.69971059093495}, "geometry": {"type": "Point", "coordinates": [-122.28469, 37.93326]}}, {"id": "966", "type": "Feature", "properties": {"name": "Out & Back in Alvarado", "step": 966, "lat": 37.93329, "lon": -122.28479, "elevation_m": 182.3, "time": null, "elevation_f": 598.097132, "step_elevation_m": -1.8999999999999773, "step_elevation_f": -6.23359599999992, "step_dist_m": 9.38323510797211, "step_dist_f": 30.784893071639218, "step_grade": -0.2024887981742794, "step_turn": 20.764427952654557, "coast_speed_mps": 16.09676010503777, "coast_speed_mph": 36.00742686345238}, "geometry": {"type": "Point", "coordinates": [-122.28479, 37.93329]}}, {"id": "967", "type": "Feature", "properties": {"name": "Out & Back in Alvarado", "step": 967, "lat": 37.93329, "lon": -122.28494, "elevation_m": 178.7, "time": null, "elevation_f": 586.286108, "step_elevation_m": -3.6000000000000227, "step_elevation_f": -11.811023999999975, "step_dist_m": 13.155366797495848, "step_dist_f": 43.16065360389628, "step_grade": -0.27365257506049095, "step_turn": 20.824779687892374, "coast_speed_mps": 17.312955164204862, "coast_speed_mph": 38.7279777295205}, "geometry": {"type": "Point", "coordinates": [-122.28494, 37.93329]}}, {"id": "968", "type": "Feature", "properties": {"name": "Out & Back in Alvarado", "step": 968, "lat": 37.93329, "lon": -122.28507, "elevation_m": 175.4, "time": null, "elevation_f": 575.459336, "step_elevation_m": -3.299999999999983, "step_elevation_f": -10.826772000000005, "step_dist_m": 11.401317888783067, "step_dist_f": 37.40589978223504, "step_grade": -0.2894402236820898, "step_turn": 6.1474868289224105e-06, "coast_speed_mps": 18.25769371118745, "coast_speed_mph": 40.84129767176859}, "geometry": {"type": "Point", "coordinates": [-122.28507, 37.93329]}}, {"id": "969", "type": "Feature", "properties": {"name": "Out & Back in Alvarado", "step": 969, "lat": 37.93326, "lon": -122.28523, "elevation_m": 171.9, "time": null, "elevation_f": 563.976396, "step_elevation_m": -3.5, "step_elevation_f": -11.482939999999985, "step_dist_m": 14.42345191290331, "step_dist_f": 47.3210379739297, "step_grade": -0.24266035766853275, "step_turn": 13.3723998759246, "coast_speed_mps": 18.873042500256076, "coast_speed_mph": 42.21779371030793}, "geometry": {"type": "Point", "coordinates": [-122.28523, 37.93326]}}, {"id": "970", "type": "Feature", "properties": {"name": "Out & Back in Alvarado", "step": 970, "lat": 37.9332, "lon": -122.28538, "elevation_m": 170.2, "time": null, "elevation_f": 558.398968, "step_elevation_m": -1.700000000000017, "step_elevation_f": -5.5774280000000545, "step_dist_m": 14.750440001570484, "step_dist_f": 48.393833574752506, "step_grade": -0.1152507992859208, "step_turn": 13.519251345723262, "coast_speed_mps": 19.18645750740601, "coast_speed_mph": 42.918883114276106}, "geometry": {"type": "Point", "coordinates": [-122.28538, 37.9332]}}, {"id": "971", "type": "Feature", "properties": {"name": "Out & Back in Alvarado", "step": 971, "lat": 37.93308, "lon": -122.2856, "elevation_m": 168.5, "time": null, "elevation_f": 552.82154, "step_elevation_m": -1.6999999999999886, "step_elevation_f": -5.577427999999941, "step_dist_m": 23.459045235553504, "step_dist_f": 76.96537397061336, "step_grade": -0.07246671733355725, "step_turn": 7.774571811975761, "coast_speed_mps": 18.65234322006171, "coast_speed_mph": 41.72410348081086}, "geometry": {"type": "Point", "coordinates": [-122.2856, 37.93308]}}, {"id": "972", "type": "Feature", "properties": {"name": "Out & Back in Alvarado", "step": 972, "lat": 37.93305, "lon": -122.2857, "elevation_m": 167.0, "time": null, "elevation_f": 547.90028, "step_elevation_m": -1.5, "step_elevation_f": -4.921260000000075, "step_dist_m": 9.383258522768521, "step_dist_f": 30.784969891839875, "step_grade": -0.1598591785956065, "step_turn": 13.841473147976131, "coast_speed_mps": 18.606526265051993, "coast_speed_mph": 41.62161387135821}, "geometry": {"type": "Point", "coordinates": [-122.2857, 37.93305]}}, {"id": "973", "type": "Feature", "properties": {"name": "Out & Back in Alvarado", "step": 973, "lat": 37.93304, "lon": -122.2858, "elevation_m": 165.0, "time": null, "elevation_f": 541.3386, "step_elevation_m": -2.0, "step_elevation_f": -6.56167999999991, "step_dist_m": 8.84048262206173, "step_dist_f": 29.004209005765006, "step_grade": -0.22623199269787952, "step_turn": 13.598982009421746, "coast_speed_mps": 18.96897908240396, "coast_speed_mph": 42.43239773265018}, "geometry": {"type": "Point", "coordinates": [-122.2858, 37.93304]}}, {"id": "974", "type": "Feature", "properties": {"name": "Out & Back in Alvarado", "step": 974, "lat": 37.93306, "lon": -122.28589, "elevation_m": 162.9, "time": null, "elevation_f": 534.448836, "step_elevation_m": -2.0999999999999943, "step_elevation_f": -6.889764000000014, "step_dist_m": 8.200552099329371, "step_dist_f": 26.904699349563774, "step_grade": -0.25608031929603, "step_turn": 22.960779923871257, "coast_speed_mps": 19.397800991249724, "coast_speed_mph": 43.39164502337532}, "geometry": {"type": "Point", "coordinates": [-122.28589, 37.93306]}}, {"id": "975", "type": "Feature", "properties": {"name": "Out & Back in Alvarado", "step": 975, "lat": 37.93325, "lon": -122.28633, "elevation_m": 150.9, "time": null, "elevation_f": 495.078756, "step_elevation_m": -12.0, "step_elevation_f": -39.37008000000003, "step_dist_m": 43.994021229085405, "step_dist_f": 144.33734460923256, "step_grade": -0.27276433626091307, "step_turn": 12.965192101580271, "coast_speed_mps": 21.403658169698474, "coast_speed_mph": 47.87861974252517}, "geometry": {"type": "Point", "coordinates": [-122.28633, 37.93325]}}, {"id": "976", "type": "Feature", "properties": {"name": "Out & Back in Alvarado", "step": 976, "lat": 37.93326, "lon": -122.28638, "elevation_m": 150.2, "time": null, "elevation_f": 492.78216799999996, "step_elevation_m": -0.700000000000017, "step_elevation_f": -2.2965880000000425, "step_dist_m": 4.523908347973518, "step_dist_f": 14.842219464365437, "step_grade": -0.154733461899948, "step_turn": 14.471470664478773, "coast_speed_mps": 21.5070735741944, "coast_speed_mph": 48.10995341399959}, "geometry": {"type": "Point", "coordinates": [-122.28638, 37.93326]}}, {"id": "977", "type": "Feature", "properties": {"name": "Out & Back in Alvarado", "step": 977, "lat": 37.93325, "lon": -122.28646, "elevation_m": 149.6, "time": null, "elevation_f": 490.81366399999996, "step_elevation_m": -0.5999999999999943, "step_elevation_f": -1.9685039999999958, "step_dist_m": 7.103765135947018, "step_dist_f": 23.306316808620416, "step_grade": -0.08446225185061768, "step_turn": 23.234265637185672, "coast_speed_mps": 21.59588327111128, "coast_speed_mph": 48.30861504811931}, "geometry": {"type": "Point", "coordinates": [-122.28646, 37.93325]}}, {"id": "978", "type": "Feature", "properties": {"name": "Out & Back in Alvarado", "step": 978, "lat": 37.93322, "lon": -122.28648, "elevation_m": 149.6, "time": null, "elevation_f": 490.81366399999996, "step_elevation_m": 0.0, "step_elevation_f": 0.0, "step_dist_m": 3.768895423538593, "step_dist_f": 12.365142861362358, "step_grade": 0.0, "step_turn": 53.25828121571064, "coast_speed_mps": 21.389687484295585, "coast_speed_mph": 47.84736820932257}, "geometry": {"type": "Point", "coordinates": [-122.28648, 37.93322]}}, {"id": "979", "type": "Feature", "properties": {"name": "Out & Back in Alvarado", "step": 979, "lat": 37.93317, "lon": -122.28647, "elevation_m": 149.7, "time": null, "elevation_f": 491.14174799999995, "step_elevation_m": 0.09999999999999432, "step_elevation_f": 0.32808399999998983, "step_dist_m": 5.628494750900104, "step_dist_f": 18.466190718543096, "step_grade": 0.017766739497092433, "step_turn": 36.70051969532719, "coast_speed_mps": 21.016181690559463, "coast_speed_mph": 47.011859544021654}, "geometry": {"type": "Point", "coordinates": [-122.28647, 37.93317]}}, {"id": "980", "type": "Feature", "properties": {"name": "Out & Back in Alvarado", "step": 980, "lat": 37.93304, "lon": -122.28638, "elevation_m": 150.7, "time": null, "elevation_f": 494.42258799999996, "step_elevation_m": 1.0, "step_elevation_f": 3.280840000000012, "step_dist_m": 16.469975856238417, "step_dist_f": 54.03535558818125, "step_grade": 0.060716543164890245, "step_turn": 19.672180249854193, "coast_speed_mps": 19.17746454593701, "coast_speed_mph": 42.898766432393046}, "geometry": {"type": "Point", "coordinates": [-122.28638, 37.93304]}}, {"id": "981", "type": "Feature", "properties": {"name": "Out & Back in Alvarado", "step": 981, "lat": 37.93289, "lon": -122.28633, "elevation_m": 150.9, "time": null, "elevation_f": 495.078756, "step_elevation_m": 0.20000000000001705, "step_elevation_f": 0.6561680000000365, "step_dist_m": 17.246056963225982, "step_dist_f": 56.581553527230334, "step_grade": 0.011596853728738109, "step_turn": 13.906169978869286, "coast_speed_mps": 17.778267529882328, "coast_speed_mph": 39.76885184744611}, "geometry": {"type": "Point", "coordinates": [-122.28633, 37.93289]}}, {"id": "982", "type": "Feature", "properties": {"name": "Out & Back in Alvarado", "step": 982, "lat": 37.93274, "lon": -122.2863, "elevation_m": 150.3, "time": null, "elevation_f": 493.11025200000006, "step_elevation_m": -0.5999999999999943, "step_elevation_f": -1.968503999999939, "step_dist_m": 16.88548637158921, "step_dist_f": 55.39857910736474, "step_grade": -0.03553347453523924, "step_turn": 5.765958544554223, "coast_speed_mps": 16.9487099364709, "coast_speed_mph": 37.91318436039478}, "geometry": {"type": "Point", "coordinates": [-122.2863, 37.93274]}}, {"id": "983", "type": "Feature", "properties": {"name": "Out & Back in Alvarado", "step": 983, "lat": 37.93257, "lon": -122.28628, "elevation_m": 148.5, "time": null, "elevation_f": 487.20474, "step_elevation_m": -1.8000000000000114, "step_elevation_f": -5.905512000000044, "step_dist_m": 18.984344845151035, "step_dist_f": 62.28459794176532, "step_grade": -0.09481496541924468, "step_turn": 3.662917220974691, "coast_speed_mps": 16.766772315044136, "coast_speed_mph": 37.5062014921352}, "geometry": {"type": "Point", "coordinates": [-122.28628, 37.93257]}}, {"id": "984", "type": "Feature", "properties": {"name": "Out & Back in Alvarado", "step": 984, "lat": 37.9325, "lon": -122.28625, "elevation_m": 147.7, "time": null, "elevation_f": 484.580068, "step_elevation_m": -0.8000000000000114, "step_elevation_f": -2.6246720000000323, "step_dist_m": 8.216314051619982, "step_dist_f": 26.9564117931169, "step_grade": -0.09736726164237577, "step_turn": 13.375343849018918, "coast_speed_mps": 16.69814470361266, "coast_speed_mph": 37.35268589748711}, "geometry": {"type": "Point", "coordinates": [-122.28625, 37.9325]}}, {"id": "985", "type": "Feature", "properties": {"name": "Out & Back in Alvarado", "step": 985, "lat": 37.93235, "lon": -122.28621, "elevation_m": 145.8, "time": null, "elevation_f": 478.34647200000006, "step_elevation_m": -1.8999999999999773, "step_elevation_f": -6.23359599999992, "step_dist_m": 17.0441794581623, "step_dist_f": 55.9192257335172, "step_grade": -0.11147500556796149, "step_turn": 6.798889504593944, "coast_speed_mps": 16.68760910373869, "coast_speed_mph": 37.329118431770475}, "geometry": {"type": "Point", "coordinates": [-122.28621, 37.93235]}}, {"id": "986", "type": "Feature", "properties": {"name": "Out & Back in Alvarado", "step": 986, "lat": 37.93232, "lon": -122.28621, "elevation_m": 145.5, "time": null, "elevation_f": 477.36222, "step_elevation_m": -0.30000000000001137, "step_elevation_f": -0.9842520000000832, "step_dist_m": 3.3358477997949, "step_dist_f": 10.9443828954791, "step_grade": -0.08993216057952538, "step_turn": 11.877881954811414, "coast_speed_mps": 16.694703827967633, "coast_speed_mph": 37.34498887788031}, "geometry": {"type": "Point", "coordinates": [-122.28621, 37.93232]}}, {"id": "987", "type": "Feature", "properties": {"name": "Out & Back in Alvarado", "step": 987, "lat": 37.93221, "lon": -122.28624, "elevation_m": 144.0, "time": null, "elevation_f": 472.44096, "step_elevation_m": -1.5, "step_elevation_f": -4.921259999999961, "step_dist_m": 12.511231425205, "step_dist_f": 41.04734850906957, "step_grade": -0.11989227511035526, "step_turn": 12.139933802188608, "coast_speed_mps": 16.37951462671895, "coast_speed_mph": 36.6399307147435}, "geometry": {"type": "Point", "coordinates": [-122.28624, 37.93221]}}, {"id": "988", "type": "Feature", "properties": {"name": "Out & Back in Alvarado", "step": 988, "lat": 37.93228, "lon": -122.28627, "elevation_m": 144.2, "time": null, "elevation_f": 473.09712799999994, "step_elevation_m": 0.19999999999998863, "step_elevation_f": 0.6561679999999228, "step_dist_m": 8.216317376037301, "step_dist_f": 26.956422699998217, "step_grade": 0.024341805561611335, "step_turn": 149.18324461553232, "coast_speed_mps": 16.03492873321728, "coast_speed_mph": 35.86911402383962}, "geometry": {"type": "Point", "coordinates": [-122.28627, 37.93228]}}, {"id": "989", "type": "Feature", "properties": {"name": "Out & Back in Alvarado", "step": 989, "lat": 37.93236, "lon": -122.28632, "elevation_m": 144.4, "time": null, "elevation_f": 473.75329600000003, "step_elevation_m": 0.20000000000001705, "step_elevation_f": 0.6561680000000933, "step_dist_m": 9.917731580205263, "step_dist_f": 32.53849047760063, "step_grade": 0.02016590168655056, "step_turn": 7.564658258333509, "coast_speed_mps": 15.312054211676104, "coast_speed_mph": 34.2520897720027}, "geometry": {"type": "Point", "coordinates": [-122.28632, 37.93236]}}, {"id": "990", "type": "Feature", "properties": {"name": "Out & Back in Alvarado", "step": 990, "lat": 37.93242, "lon": -122.28637, "elevation_m": 144.4, "time": null, "elevation_f": 473.75329600000003, "step_elevation_m": 0.0, "step_elevation_f": 0.0, "step_dist_m": 7.983814269499375, "step_dist_f": 26.193617207944328, "step_grade": 0.0, "step_turn": 7.07464632088454, "coast_speed_mps": 14.76998228833721, "coast_speed_mph": 33.0395094137822}, "geometry": {"type": "Point", "coordinates": [-122.28637, 37.93242]}}, {"id": "991", "type": "Feature", "properties": {"name": "Out & Back in Alvarado", "step": 991, "lat": 37.93253, "lon": -122.2865, "elevation_m": 143.5, "time": null, "elevation_f": 470.80054, "step_elevation_m": -0.9000000000000057, "step_elevation_f": -2.952756000000022, "step_dist_m": 16.72127697458352, "step_dist_f": 54.8598343492926, "step_grade": -0.05382364046525951, "step_turn": 9.672406950216896, "coast_speed_mps": 14.396560762593078, "coast_speed_mph": 32.204189250610824}, "geometry": {"type": "Point", "coordinates": [-122.2865, 37.93253]}}, {"id": "992", "type": "Feature", "properties": {"name": "Out & Back in Alvarado", "step": 992, "lat": 37.93283, "lon": -122.28697, "elevation_m": 136.1, "time": null, "elevation_f": 446.52232399999997, "step_elevation_m": -7.400000000000006, "step_elevation_f": -24.278216000000043, "step_dist_m": 53.02751135358653, "step_dist_f": 173.97478034930083, "step_grade": -0.1395502034907302, "step_turn": 8.029138949877336, "coast_speed_mps": 16.309995926268375, "coast_speed_mph": 36.484421810729145}, "geometry": {"type": "Point", "coordinates": [-122.28697, 37.93283]}}, {"id": "993", "type": "Feature", "properties": {"name": "Out & Back in Alvarado", "step": 993, "lat": 37.93295, "lon": -122.28711, "elevation_m": 134.1, "time": null, "elevation_f": 439.960644, "step_elevation_m": -2.0, "step_elevation_f": -6.561679999999967, "step_dist_m": 18.132992581839055, "step_dist_f": 59.491447382200846, "step_grade": -0.11029619027159825, "step_turn": 8.397870715378588, "coast_speed_mps": 16.3746141039517, "coast_speed_mph": 36.62896855751539}, "geometry": {"type": "Point", "coordinates": [-122.28711, 37.93295]}}, {"id": "994", "type": "Feature", "properties": {"name": "Out & Back in Alvarado", "step": 994, "lat": 37.93314, "lon": -122.28728, "elevation_m": 133.1, "time": null, "elevation_f": 436.679804, "step_elevation_m": -1.0, "step_elevation_f": -3.280840000000012, "step_dist_m": 25.858147867265217, "step_dist_f": 84.83644584883841, "step_grade": -0.03867253003321003, "step_turn": 7.409024558510964, "coast_speed_mps": 15.310595297535205, "coast_speed_mph": 34.24882627401393}, "geometry": {"type": "Point", "coordinates": [-122.28728, 37.93314]}}, {"id": "995", "type": "Feature", "properties": {"name": "Out & Back in Alvarado", "step": 995, "lat": 37.93338, "lon": -122.28744, "elevation_m": 132.9, "time": null, "elevation_f": 436.023636, "step_elevation_m": -0.19999999999998863, "step_elevation_f": -0.6561679999999797, "step_dist_m": 30.151161163150253, "step_dist_f": 98.92113559050988, "step_grade": -0.006633243705533371, "step_turn": 7.474613548582738, "coast_speed_mps": 14.084675544976209, "coast_speed_mph": 31.506521888368365}, "geometry": {"type": "Point", "coordinates": [-122.28744, 37.93338]}}, {"id": "996", "type": "Feature", "properties": {"name": "Out & Back in Alvarado", "step": 996, "lat": 37.93345, "lon": -122.28752, "elevation_m": 131.8, "time": null, "elevation_f": 432.414712, "step_elevation_m": -1.0999999999999943, "step_elevation_f": -3.608924000000002, "step_dist_m": 10.47912024023116, "step_dist_f": 34.38031684896, "step_grade": -0.10497064398372906, "step_turn": 14.29533623424436, "coast_speed_mps": 13.892176859490242, "coast_speed_mph": 31.07591459263204}, "geometry": {"type": "Point", "coordinates": [-122.28752, 37.93345]}}, {"id": "997", "type": "Feature", "properties": {"name": "Out & Back in Alvarado", "step": 997, "lat": 37.93351, "lon": -122.2876, "elevation_m": 130.4, "time": null, "elevation_f": 427.82153600000004, "step_elevation_m": -1.4000000000000057, "step_elevation_f": -4.593175999999971, "step_dist_m": 9.681852547352538, "step_dist_f": 31.7646091114561, "step_grade": -0.14460042570910975, "step_turn": 4.410131117421258, "coast_speed_mps": 14.203817985908687, "coast_speed_mph": 31.77303593841417}, "geometry": {"type": "Point", "coordinates": [-122.2876, 37.93351]}}, {"id": "998", "type": "Feature", "properties": {"name": "Out & Back in Alvarado", "step": 998, "lat": 37.93359, "lon": -122.28774, "elevation_m": 127.7, "time": null, "elevation_f": 418.963268, "step_elevation_m": -2.700000000000003, "step_elevation_f": -8.85826800000001, "step_dist_m": 15.16206513766376, "step_dist_f": 49.74430978625277, "step_grade": -0.17807600583992947, "step_turn": 7.635099082515808, "coast_speed_mps": 15.185612254484951, "coast_speed_mph": 33.96924716912342}, "geometry": {"type": "Point", "coordinates": [-122.28774, 37.93359]}}, {"id": "999", "type": "Feature", "properties": {"name": "Out & Back in Alvarado", "step": 999, "lat": 37.93367, "lon": -122.2879, "elevation_m": 123.7, "time": null, "elevation_f": 405.839908, "step_elevation_m": -4.0, "step_elevation_f": -13.123360000000048, "step_dist_m": 16.61438466152547, "step_dist_f": 54.509137772919225, "step_grade": -0.24075522997026452, "step_turn": 3.551147327791341, "coast_speed_mps": 16.710648673464956, "coast_speed_mph": 37.380656481444476}, "geometry": {"type": "Point", "coordinates": [-122.2879, 37.93367]}}, {"id": "1000", "type": "Feature", "properties": {"name": "Out & Back in Alvarado", "step": 1000, "lat": 37.93382, "lon": -122.28823, "elevation_m": 118.6, "time": null, "elevation_f": 389.107624, "step_elevation_m": -5.1000000000000085, "step_elevation_f": -16.732283999999993, "step_dist_m": 33.40381466534484, "step_dist_f": 109.59257130664996, "step_grade": -0.1526771732837765, "step_turn": 2.416908239146494, "coast_speed_mps": 17.54341607191547, "coast_speed_mph": 39.24350409787815}, "geometry": {"type": "Point", "coordinates": [-122.28823, 37.93382]}}, {"id": "1001", "type": "Feature", "properties": {"name": "Out & Back in Alvarado", "step": 1001, "lat": 37.93395, "lon": -122.28849, "elevation_m": 116.2, "time": null, "elevation_f": 381.233608, "step_elevation_m": -2.3999999999999915, "step_elevation_f": -7.874015999999983, "step_dist_m": 26.998308269982225, "step_dist_f": 88.57712970448848, "step_grade": -0.08889445871941559, "step_turn": 2.4170288546389997, "coast_speed_mps": 17.20161011414119, "coast_speed_mph": 38.47890594609245}, "geometry": {"type": "Point", "coordinates": [-122.28849, 37.93395]}}, {"id": "1002", "type": "Feature", "properties": {"name": "Out & Back in Alvarado", "step": 1002, "lat": 37.93399, "lon": -122.28858, "elevation_m": 115.1, "time": null, "elevation_f": 377.624684, "step_elevation_m": -1.1000000000000085, "step_elevation_f": -3.608924000000002, "step_dist_m": 9.060059011905018, "step_dist_f": 29.72460400861846, "step_grade": -0.12141201272029203, "step_turn": 2.9709087074435843, "coast_speed_mps": 17.107739071318885, "coast_speed_mph": 38.26892240363025}, "geometry": {"type": "Point", "coordinates": [-122.28858, 37.93399]}}, {"id": "1003", "type": "Feature", "properties": {"name": "Out & Back in Alvarado", "step": 1003, "lat": 37.93403, "lon": -122.28878, "elevation_m": 112.9, "time": null, "elevation_f": 370.406836, "step_elevation_m": -2.1999999999999886, "step_elevation_f": -7.217848000000004, "step_dist_m": 18.095458778960868, "step_dist_f": 59.36830498036598, "step_grade": -0.1215774646486373, "step_turn": 15.172375154661381, "coast_speed_mps": 16.906665165176882, "coast_speed_mph": 37.81913288559606}, "geometry": {"type": "Point", "coordinates": [-122.28878, 37.93403]}}, {"id": "1004", "type": "Feature", "properties": {"name": "Out & Back in Alvarado", "step": 1004, "lat": 37.93404, "lon": -122.28891, "elevation_m": 112.3, "time": null, "elevation_f": 368.438332, "step_elevation_m": -0.6000000000000085, "step_elevation_f": -1.9685039999999958, "step_dist_m": 11.455297726565426, "step_dist_f": 37.58299899322491, "step_grade": -0.05237751251183787, "step_turn": 8.658529802633439, "coast_speed_mps": 16.682880340421498, "coast_speed_mph": 37.318540489489706}, "geometry": {"type": "Point", "coordinates": [-122.28891, 37.93404]}}, {"id": "1005", "type": "Feature", "properties": {"name": "Out & Back in Alvarado", "step": 1005, "lat": 37.93408, "lon": -122.28903, "elevation_m": 111.9, "time": null, "elevation_f": 367.12599600000004, "step_elevation_m": -0.3999999999999915, "step_elevation_f": -1.3123359999999593, "step_dist_m": 11.42546851466169, "step_dist_f": 37.48513412164266, "step_grade": -0.03500950525457166, "step_turn": 17.339806943421536, "coast_speed_mps": 16.239539932857035, "coast_speed_mph": 36.32681624207457}, "geometry": {"type": "Point", "coordinates": [-122.28903, 37.93408]}}, {"id": "1006", "type": "Feature", "properties": {"name": "Out & Back in Alvarado", "step": 1006, "lat": 37.93421, "lon": -122.28935, "elevation_m": 113.3, "time": null, "elevation_f": 371.719172, "step_elevation_m": 1.3999999999999915, "step_elevation_f": 4.593175999999971, "step_dist_m": 31.56850587135397, "step_dist_f": 103.57121680297296, "step_grade": 0.044347996883513756, "step_turn": 4.341790917568517, "coast_speed_mps": 13.119888834451865, "coast_speed_mph": 29.348355481504676}, "geometry": {"type": "Point", "coordinates": [-122.28935, 37.93421]}}, {"id": "1007", "type": "Feature", "properties": {"name": "Out & Back in Alvarado", "step": 1007, "lat": 37.93446, "lon": -122.2899, "elevation_m": 117.5, "time": null, "elevation_f": 385.4987, "step_elevation_m": 4.200000000000003, "step_elevation_f": 13.77952799999997, "step_dist_m": 55.67268901050522, "step_dist_f": 182.65318501322596, "step_grade": 0.07544094015662652, "step_turn": 2.703453522179359, "coast_speed_mps": 3.825132943725685, "coast_speed_mph": 8.556578703752866}, "geometry": {"type": "Point", "coordinates": [-122.2899, 37.93446]}}, {"id": "1008", "type": "Feature", "properties": {"name": "Out & Back in Alvarado", "step": 1008, "lat": 37.93452, "lon": -122.29005, "elevation_m": 118.5, "time": null, "elevation_f": 388.77954, "step_elevation_m": 1.0, "step_elevation_f": 3.280840000000012, "step_dist_m": 14.750238895324243, "step_dist_f": 48.39317377733559, "step_grade": 0.06779551213350146, "step_turn": 3.063381684624119, "coast_speed_mps": 0.0, "coast_speed_mph": 0.0}, "geometry": {"type": "Point", "coordinates": [-122.29005, 37.93452]}}, {"id": "1009", "type": "Feature", "properties": {"name": "Out & Back in Alvarado", "step": 1009, "lat": 37.93458, "lon": -122.29025, "elevation_m": 118.5, "time": null, "elevation_f": 388.77954, "step_elevation_m": 0.0, "step_elevation_f": 0.0, "step_dist_m": 18.76618585832987, "step_dist_f": 61.56885321144297, "step_grade": 0.0, "step_turn": 6.066912898930184, "coast_speed_mps": 0.0, "coast_speed_mph": 0.0}, "geometry": {"type": "Point", "coordinates": [-122.29025, 37.93458]}}, {"id": "1010", "type": "Feature", "properties": {"name": "Out & Back in Alvarado", "step": 1010, "lat": 37.93471, "lon": -122.2909, "elevation_m": 116.8, "time": null, "elevation_f": 383.202112, "step_elevation_m": -1.7000000000000028, "step_elevation_f": -5.577427999999998, "step_dist_m": 58.80976369841002, "step_dist_f": 192.94542513229155, "step_grade": -0.02890676467802172, "step_turn": 6.595970751442735, "coast_speed_mps": 0.0, "coast_speed_mph": 0.0}, "geometry": {"type": "Point", "coordinates": [-122.2909, 37.93471]}}, {"id": "1011", "type": "Feature", "properties": {"name": "Out & Back in Alvarado", "step": 1011, "lat": 37.93475, "lon": -122.29102, "elevation_m": 118.5, "time": null, "elevation_f": 388.77954, "step_elevation_m": 1.7000000000000028, "step_elevation_f": 5.577427999999998, "step_dist_m": 11.42538015842463, "step_dist_f": 37.48484423896586, "step_grade": 0.14879154797720134, "step_turn": 8.681208157696119, "coast_speed_mps": 0.0, "coast_speed_mph": 0.0}, "geometry": {"type": "Point", "coordinates": [-122.29102, 37.93475]}}, {"id": "1012", "type": "Feature", "properties": {"name": "Out & Back in Alvarado", "step": 1012, "lat": 37.93479, "lon": -122.2911, "elevation_m": 120.1, "time": null, "elevation_f": 394.028884, "step_elevation_m": 1.5999999999999943, "step_elevation_f": 5.249344000000008, "step_dist_m": 8.307100432157704, "step_dist_f": 27.25426738184028, "step_grade": 0.19260631469028802, "step_turn": 9.462076070395085, "coast_speed_mps": 0.0, "coast_speed_mph": 0.0}, "geometry": {"type": "Point", "coordinates": [-122.2911, 37.93479]}}, {"id": "1013", "type": "Feature", "properties": {"name": "Out & Back in Alvarado", "step": 1013, "lat": 37.93496, "lon": -122.29134, "elevation_m": 122.9, "time": null, "elevation_f": 403.215236, "step_elevation_m": 2.8000000000000114, "step_elevation_f": 9.186352, "step_dist_m": 28.290502162902445, "step_dist_f": 92.81661111613685, "step_grade": 0.09897314596527994, "step_turn": 9.55429702822147, "coast_speed_mps": 0.0, "coast_speed_mph": 0.0}, "geometry": {"type": "Point", "coordinates": [-122.29134, 37.93496]}}, {"id": "1014", "type": "Feature", "properties": {"name": "Out & Back in Alvarado", "step": 1014, "lat": 37.93525, "lon": -122.29174, "elevation_m": 116.9, "time": null, "elevation_f": 383.530196, "step_elevation_m": -6.0, "step_elevation_f": -19.685040000000015, "step_dist_m": 47.64926935391166, "step_dist_f": 156.32962886708754, "step_grade": -0.12592008400874763, "step_turn": 0.663334639811751, "coast_speed_mps": 12.181557323281927, "coast_speed_mph": 27.249367670190395}, "geometry": {"type": "Point", "coordinates": [-122.29174, 37.93525]}}, {"id": "1015", "type": "Feature", "properties": {"name": "Out & Back in Alvarado", "step": 1015, "lat": 37.93531, "lon": -122.29185, "elevation_m": 113.0, "time": null, "elevation_f": 370.73492, "step_elevation_m": -3.9000000000000057, "step_elevation_f": -12.795276000000001, "step_dist_m": 11.729291625172868, "step_dist_f": 38.481929135532155, "step_grade": -0.33250089814716555, "step_turn": 7.923067048988855, "coast_speed_mps": 13.175962082584268, "coast_speed_mph": 29.47378776526542}, "geometry": {"type": "Point", "coordinates": [-122.29185, 37.93531]}}, {"id": "1016", "type": "Feature", "properties": {"name": "Out & Back in Alvarado", "step": 1016, "lat": 37.93537, "lon": -122.292, "elevation_m": 110.2, "time": null, "elevation_f": 361.548568, "step_elevation_m": -2.799999999999997, "step_elevation_f": -9.186352, "step_dist_m": 14.750103228938277, "step_dist_f": 48.392728677629854, "step_grade": -0.18982917994137613, "step_turn": 7.77469793201783, "coast_speed_mps": 15.043838779603023, "coast_speed_mph": 33.652108937909375}, "geometry": {"type": "Point", "coordinates": [-122.292, 37.93537]}}, {"id": "1017", "type": "Feature", "properties": {"name": "Out & Back in Alvarado", "step": 1017, "lat": 37.93543, "lon": -122.29224, "elevation_m": 112.7, "time": null, "elevation_f": 369.750668, "step_elevation_m": 2.5, "step_elevation_f": 8.20210000000003, "step_dist_m": 22.080061097310487, "step_dist_f": 72.44114765050014, "step_grade": 0.11322432437945193, "step_turn": 9.304951757485696, "coast_speed_mps": 11.619363346638135, "coast_speed_mph": 25.991775560661512}, "geometry": {"type": "Point", "coordinates": [-122.29224, 37.93543]}}, {"id": "1018", "type": "Feature", "properties": {"name": "Out & Back in Alvarado", "step": 1018, "lat": 37.93546, "lon": -122.29235, "elevation_m": 114.1, "time": null, "elevation_f": 374.343844, "step_elevation_m": 1.3999999999999915, "step_elevation_f": 4.593175999999971, "step_dist_m": 10.207459166908674, "step_dist_f": 33.48904033316065, "step_grade": 0.1371546020520581, "step_turn": 1.4875796376434778, "coast_speed_mps": 9.971090385483354, "coast_speed_mph": 22.30469395464241}, "geometry": {"type": "Point", "coordinates": [-122.29235, 37.93546]}}, {"id": "1019", "type": "Feature", "properties": {"name": "Out & Back in Alvarado", "step": 1019, "lat": 37.93564, "lon": -122.29285, "elevation_m": 117.0, "time": null, "elevation_f": 383.85828, "step_elevation_m": 2.9000000000000057, "step_elevation_f": 9.51443599999999, "step_dist_m": 48.201817305148076, "step_dist_f": 158.142450287422, "step_grade": 0.060163706725851564, "step_turn": 5.459282100642099, "coast_speed_mps": 0.9484754504003821, "coast_speed_mph": 2.1216791571232574}, "geometry": {"type": "Point", "coordinates": [-122.29285, 37.93564]}}, {"id": "1020", "type": "Feature", "properties": {"name": "Out & Back in Alvarado", "step": 1020, "lat": 37.93574, "lon": -122.29315, "elevation_m": 114.9, "time": null, "elevation_f": 376.968516, "step_elevation_m": -2.0999999999999943, "step_elevation_f": -6.889763999999957, "step_dist_m": 28.563133886874542, "step_dist_f": 93.71107218141347, "step_grade": -0.07352134427255531, "step_turn": 1.623529078720594, "coast_speed_mps": 5.8165352913643815, "coast_speed_mph": 13.011218887268198}, "geometry": {"type": "Point", "coordinates": [-122.29315, 37.93574]}}, {"id": "1021", "type": "Feature", "properties": {"name": "Out & Back in Alvarado", "step": 1021, "lat": 37.93578, "lon": -122.29322, "elevation_m": 114.5, "time": null, "elevation_f": 375.65618, "step_elevation_m": -0.4000000000000057, "step_elevation_f": -1.3123360000000162, "step_dist_m": 7.580883106116236, "step_dist_f": 24.87166452987039, "step_grade": -0.05276430125631231, "step_turn": 13.013319410585154, "coast_speed_mps": 6.3873553566401835, "coast_speed_mph": 14.288107007516501}, "geometry": {"type": "Point", "coordinates": [-122.29322, 37.93578]}}, {"id": "1022", "type": "Feature", "properties": {"name": "Out & Back in Alvarado", "step": 1022, "lat": 37.93583, "lon": -122.29327, "elevation_m": 114.1, "time": null, "elevation_f": 374.343844, "step_elevation_m": -0.4000000000000057, "step_elevation_f": -1.3123360000000162, "step_dist_m": 7.080872883649748, "step_dist_f": 23.23121099159344, "step_grade": -0.0564902105393863, "step_turn": 15.813101684476635, "coast_speed_mps": 6.852335195627601, "coast_speed_mph": 15.328237284421066}, "geometry": {"type": "Point", "coordinates": [-122.29327, 37.93583]}}, {"id": "1023", "type": "Feature", "properties": {"name": "Out & Back in Alvarado", "step": 1023, "lat": 37.93597, "lon": -122.29334, "elevation_m": 114.2, "time": null, "elevation_f": 374.671928, "step_elevation_m": 0.10000000000000853, "step_elevation_f": 0.32808399999998983, "step_dist_m": 16.73401493568761, "step_dist_f": 54.90162556160134, "step_grade": 0.005975852201897145, "step_turn": 16.7410795445943, "coast_speed_mps": 3.8266007587794086, "coast_speed_mph": 8.559862112516564}, "geometry": {"type": "Point", "coordinates": [-122.29334, 37.93597]}}, {"id": "1024", "type": "Feature", "properties": {"name": "Out & Back in Alvarado", "step": 1024, "lat": 37.93604, "lon": -122.29339, "elevation_m": 115.3, "time": null, "elevation_f": 378.280852, "step_elevation_m": 1.0999999999999943, "step_elevation_f": 3.608924000000002, "step_dist_m": 8.933812414241434, "step_dist_f": 29.310409121139866, "step_grade": 0.1231277252079391, "step_turn": 7.873214613116659, "coast_speed_mps": 0.0, "coast_speed_mph": 0.0}, "geometry": {"type": "Point", "coordinates": [-122.29339, 37.93604]}}, {"id": "1025", "type": "Feature", "properties": {"name": "Out & Back in Alvarado", "step": 1025, "lat": 37.93608, "lon": -122.29343, "elevation_m": 116.4, "time": null, "elevation_f": 381.88977600000004, "step_elevation_m": 1.1000000000000085, "step_elevation_f": 3.6089240000000586, "step_dist_m": 5.66469077055458, "step_dist_f": 18.58494406766629, "step_grade": 0.19418535707507245, "step_turn": 8.867771365404508, "coast_speed_mps": 0.0, "coast_speed_mph": 0.0}, "geometry": {"type": "Point", "coordinates": [-122.29343, 37.93608]}}, {"id": "1026", "type": "Feature", "properties": {"name": "Out & Back in Alvarado", "step": 1026, "lat": 37.93611, "lon": -122.29348, "elevation_m": 117.6, "time": null, "elevation_f": 385.826784, "step_elevation_m": 1.1999999999999886, "step_elevation_f": 3.937007999999935, "step_dist_m": 5.5096016488871085, "step_dist_f": 18.07612147373478, "step_grade": 0.21780159010994526, "step_turn": 14.475239408400512, "coast_speed_mps": 0.0, "coast_speed_mph": 0.0}, "geometry": {"type": "Point", "coordinates": [-122.29348, 37.93611]}}, {"id": "1027", "type": "Feature", "properties": {"name": "Out & Back in Alvarado", "step": 1027, "lat": 37.93613, "lon": -122.29359, "elevation_m": 118.4, "time": null, "elevation_f": 388.451456, "step_elevation_m": 0.8000000000000114, "step_elevation_f": 2.6246720000000323, "step_dist_m": 9.899917048569002, "step_dist_f": 32.48004384962712, "step_grade": 0.08080875789920366, "step_turn": 24.280391332415036, "coast_speed_mps": 0.0, "coast_speed_mph": 0.0}, "geometry": {"type": "Point", "coordinates": [-122.29359, 37.93613]}}, {"id": "1028", "type": "Feature", "properties": {"name": "Out & Back in Alvarado", "step": 1028, "lat": 37.93615, "lon": -122.29382, "elevation_m": 117.7, "time": null, "elevation_f": 386.154868, "step_elevation_m": -0.7000000000000028, "step_elevation_f": -2.2965879999999856, "step_dist_m": 20.293006304160038, "step_dist_f": 66.57810680294041, "step_grade": -0.03449464261273618, "step_turn": 6.689913786038289, "coast_speed_mps": 3.8185473433009935, "coast_speed_mph": 8.541847135157903}, "geometry": {"type": "Point", "coordinates": [-122.29382, 37.93615]}}, {"id": "1029", "type": "Feature", "properties": {"name": "Out & Back in Alvarado", "step": 1029, "lat": 37.93616, "lon": -122.29392, "elevation_m": 117.1, "time": null, "elevation_f": 384.18636399999997, "step_elevation_m": -0.6000000000000085, "step_elevation_f": -1.9685040000000527, "step_dist_m": 8.840114523702493, "step_dist_f": 29.003001333944088, "step_grade": -0.06787242386863461, "step_turn": 0.9343739243868185, "coast_speed_mps": 4.474055131911295, "coast_speed_mph": 10.008176297224612}, "geometry": {"type": "Point", "coordinates": [-122.29392, 37.93616]}}, {"id": "1030", "type": "Feature", "properties": {"name": "Out & Back in Alvarado", "step": 1030, "lat": 37.93621, "lon": -122.29414, "elevation_m": 116.1, "time": null, "elevation_f": 380.90552399999996, "step_elevation_m": -1.0, "step_elevation_f": -3.280840000000012, "step_dist_m": 20.078860835607465, "step_dist_f": 65.8755297838944, "step_grade": -0.04980362223670674, "step_turn": 8.84898160376224, "coast_speed_mps": 5.654479693861193, "coast_speed_mph": 12.648710839882755}, "geometry": {"type": "Point", "coordinates": [-122.29414, 37.93621]}}, {"id": "1031", "type": "Feature", "properties": {"name": "Out & Back in Alvarado", "step": 1031, "lat": 37.93625, "lon": -122.29425, "elevation_m": 115.7, "time": null, "elevation_f": 379.593188, "step_elevation_m": -0.3999999999999915, "step_elevation_f": -1.3123359999999593, "step_dist_m": 10.622864636413183, "step_dist_f": 34.85191921372983, "step_grade": -0.03765462647701136, "step_turn": 8.677522200001988, "coast_speed_mps": 6.071179828940295, "coast_speed_mph": 13.580842494945168}, "geometry": {"type": "Point", "coordinates": [-122.29425, 37.93625]}}, {"id": "1032", "type": "Feature", "properties": {"name": "Out & Back in Alvarado", "step": 1032, "lat": 37.9363, "lon": -122.29436, "elevation_m": 115.3, "time": null, "elevation_f": 378.280852, "step_elevation_m": -0.4000000000000057, "step_elevation_f": -1.3123360000000162, "step_dist_m": 11.134317205567058, "step_dist_f": 36.529913260712625, "step_grade": -0.03592496895992951, "step_turn": 5.203404620939125, "coast_speed_mps": 6.342502290677594, "coast_speed_mph": 14.187773556454873}, "geometry": {"type": "Point", "coordinates": [-122.29436, 37.9363]}}, {"id": "1033", "type": "Feature", "properties": {"name": "Out & Back in Alvarado", "step": 1033, "lat": 37.93657, "lon": -122.29478, "elevation_m": 115.6, "time": null, "elevation_f": 379.26510399999995, "step_elevation_m": 0.29999999999999716, "step_elevation_f": 0.9842519999999695, "step_dist_m": 47.519063991304314, "step_dist_f": 155.90244590523085, "step_grade": 0.006313255666292064, "step_turn": 9.227310381855204, "coast_speed_mps": 3.646537350398813, "coast_speed_mph": 8.157071739438996}, "geometry": {"type": "Point", "coordinates": [-122.29478, 37.93657]}}, {"id": "1034", "type": "Feature", "properties": {"name": "Out & Back in Alvarado", "step": 1034, "lat": 37.93666, "lon": -122.29496, "elevation_m": 115.2, "time": null, "elevation_f": 377.952768, "step_elevation_m": -0.3999999999999915, "step_elevation_f": -1.3123359999999593, "step_dist_m": 18.69064132505721, "step_dist_f": 61.321003684900695, "step_grade": -0.021401084801929187, "step_turn": 6.810129374666701, "coast_speed_mps": 4.0552706181840295, "coast_speed_mph": 9.071382019917737}, "geometry": {"type": "Point", "coordinates": [-122.29496, 37.93666]}}, {"id": "1035", "type": "Feature", "properties": {"name": "Out & Back in Alvarado", "step": 1035, "lat": 37.93674, "lon": -122.29518, "elevation_m": 116.8, "time": null, "elevation_f": 383.202112, "step_elevation_m": 1.5999999999999943, "step_elevation_f": 5.249344000000008, "step_dist_m": 21.24561723803757, "step_dist_f": 69.70347085924318, "step_grade": 0.07530965008328391, "step_turn": 7.620412509587936, "coast_speed_mps": 0.0, "coast_speed_mph": 0.0}, "geometry": {"type": "Point", "coordinates": [-122.29518, 37.93674]}}, {"id": "1036", "type": "Feature", "properties": {"name": "Out & Back in Alvarado", "step": 1036, "lat": 37.93683, "lon": -122.29543, "elevation_m": 117.6, "time": null, "elevation_f": 385.826784, "step_elevation_m": 0.7999999999999972, "step_elevation_f": 2.6246719999999755, "step_dist_m": 24.100573536274766, "step_dist_f": 79.0701256807517, "step_grade": 0.033194230784420305, "step_turn": 0.21820510007677285, "coast_speed_mps": 0.0, "coast_speed_mph": 0.0}, "geometry": {"type": "Point", "coordinates": [-122.29543, 37.93683]}}, {"id": "1037", "type": "Feature", "properties": {"name": "Out & Back in Alvarado", "step": 1037, "lat": 37.93687, "lon": -122.29569, "elevation_m": 114.3, "time": null, "elevation_f": 375.00001199999997, "step_elevation_m": -3.299999999999997, "step_elevation_f": -10.826772000000005, "step_dist_m": 23.231287857391425, "step_dist_f": 76.21813845404408, "step_grade": -0.14204980887230695, "step_turn": 13.496647477450608, "coast_speed_mps": 0.0, "coast_speed_mph": 0.0}, "geometry": {"type": "Point", "coordinates": [-122.29569, 37.93687]}}, {"id": "1038", "type": "Feature", "properties": {"name": "Out & Back in Alvarado", "step": 1038, "lat": 37.93687, "lon": -122.29585, "elevation_m": 118.0, "time": null, "elevation_f": 387.13912, "step_elevation_m": 3.700000000000003, "step_elevation_f": 12.139108000000022, "step_dist_m": 14.03170784682383, "step_dist_f": 46.03578837217349, "step_grade": 0.26368850038718006, "step_turn": 11.03786703501595, "coast_speed_mps": 0.0, "coast_speed_mph": 0.0}, "geometry": {"type": "Point", "coordinates": [-122.29585, 37.93687]}}, {"id": "1039", "type": "Feature", "properties": {"name": "Out & Back in Alvarado", "step": 1039, "lat": 37.93686, "lon": -122.29622, "elevation_m": 120.2, "time": null, "elevation_f": 394.356968, "step_elevation_m": 2.200000000000003, "step_elevation_f": 7.217848000000004, "step_dist_m": 32.467373325057636, "step_dist_f": 106.5202570997821, "step_grade": 0.06776033213324618, "step_turn": 1.962596873698942, "coast_speed_mps": 0.0, "coast_speed_mph": 0.0}, "geometry": {"type": "Point", "coordinates": [-122.29622, 37.93686]}}, {"id": "1040", "type": "Feature", "properties": {"name": "Out & Back in Alvarado", "step": 1040, "lat": 37.93687, "lon": -122.29634, "elevation_m": 119.3, "time": null, "elevation_f": 391.404212, "step_elevation_m": -0.9000000000000057, "step_elevation_f": -2.952756000000022, "step_dist_m": 10.582363173948144, "step_dist_f": 34.71904039561603, "step_grade": -0.08504716623368609, "step_turn": 7.994112821207864, "coast_speed_mps": 0.0, "coast_speed_mph": 0.0}, "geometry": {"type": "Point", "coordinates": [-122.29634, 37.93687]}}, {"id": "1041", "type": "Feature", "properties": {"name": "Out & Back in Alvarado", "step": 1041, "lat": 37.9369, "lon": -122.29641, "elevation_m": 119.5, "time": null, "elevation_f": 392.06038, "step_elevation_m": 0.20000000000000284, "step_elevation_f": 0.6561680000000365, "step_dist_m": 6.986674232744016, "step_dist_f": 22.922160289755876, "step_grade": 0.028625923198576392, "step_turn": 22.48800763312846, "coast_speed_mps": 2.0892504836188235, "coast_speed_mph": 4.673520229999153}, "geometry": {"type": "Point", "coordinates": [-122.29641, 37.9369]}}, {"id": "1042", "type": "Feature", "properties": {"name": "Out & Back in Alvarado", "step": 1042, "lat": 37.93702, "lon": -122.29661, "elevation_m": 118.4, "time": null, "elevation_f": 388.451456, "step_elevation_m": -1.0999999999999943, "step_elevation_f": -3.608924000000002, "step_dist_m": 22.038242318593063, "step_dist_f": 72.30394692853287, "step_grade": -0.04991323645951358, "step_turn": 8.742821317721564, "coast_speed_mps": 4.669494393880092, "coast_speed_mph": 10.445361475214941}, "geometry": {"type": "Point", "coordinates": [-122.29661, 37.93702]}}, {"id": "1043", "type": "Feature", "properties": {"name": "Out & Back in Alvarado", "step": 1043, "lat": 37.93728, "lon": -122.29696, "elevation_m": 116.5, "time": null, "elevation_f": 382.21786, "step_elevation_m": -1.9000000000000057, "step_elevation_f": -6.233596000000034, "step_dist_m": 42.16591141670521, "step_dist_f": 138.33960881238312, "step_grade": -0.045060095611908615, "step_turn": 6.023758627967652, "coast_speed_mps": 6.7771442059050955, "coast_speed_mph": 15.160039830675304}, "geometry": {"type": "Point", "coordinates": [-122.29696, 37.93728]}}, {"id": "1044", "type": "Feature", "properties": {"name": "Out & Back in Alvarado", "step": 1044, "lat": 37.93738, "lon": -122.29718, "elevation_m": 117.9, "time": null, "elevation_f": 386.811036, "step_elevation_m": 1.4000000000000057, "step_elevation_f": 4.593176000000028, "step_dist_m": 22.26839448272661, "step_dist_f": 73.05903935470877, "step_grade": 0.06286937305183689, "step_turn": 13.32976281780509, "coast_speed_mps": 2.7744421798290073, "coast_speed_mph": 6.206250402266026}, "geometry": {"type": "Point", "coordinates": [-122.29718, 37.93738]}}, {"id": "1045", "type": "Feature", "properties": {"name": "Out & Back in Alvarado", "step": 1045, "lat": 37.93748, "lon": -122.29737, "elevation_m": 118.8, "time": null, "elevation_f": 389.76379199999997, "step_elevation_m": 0.8999999999999915, "step_elevation_f": 2.9527559999999653, "step_dist_m": 20.03204667010516, "step_dist_f": 65.72193999714781, "step_grade": 0.04492801034370128, "step_turn": 3.760251972998219, "coast_speed_mps": 0.0, "coast_speed_mph": 0.0}, "geometry": {"type": "Point", "coordinates": [-122.29737, 37.93748]}}, {"id": "1046", "type": "Feature", "properties": {"name": "Out & Back in Alvarado", "step": 1046, "lat": 37.93762, "lon": -122.29756, "elevation_m": 118.1, "time": null, "elevation_f": 387.467204, "step_elevation_m": -0.7000000000000028, "step_elevation_f": -2.2965879999999856, "step_dist_m": 22.80305636441845, "step_dist_f": 74.81317944263863, "step_grade": -0.030697639334535544, "step_turn": 9.337182023662933, "coast_speed_mps": 3.1866647569270503, "coast_speed_mph": 7.128366045380831}, "geometry": {"type": "Point", "coordinates": [-122.29756, 37.93762]}}, {"id": "1047", "type": "Feature", "properties": {"name": "Out & Back in Alvarado", "step": 1047, "lat": 37.93784, "lon": -122.29793, "elevation_m": 116.6, "time": null, "elevation_f": 382.54594399999996, "step_elevation_m": -1.5, "step_elevation_f": -4.921260000000018, "step_dist_m": 40.63621296742794, "step_dist_f": 133.32091295205626, "step_grade": -0.03691288854112289, "step_turn": 6.040643805451339, "coast_speed_mps": 5.502166653458848, "coast_speed_mph": 12.3079962720536}, "geometry": {"type": "Point", "coordinates": [-122.29793, 37.93784]}}, {"id": "1048", "type": "Feature", "properties": {"name": "Out & Back in Alvarado", "step": 1048, "lat": 37.93798, "lon": -122.29815, "elevation_m": 116.0, "time": null, "elevation_f": 380.57744, "step_elevation_m": -0.5999999999999943, "step_elevation_f": -1.968503999999939, "step_dist_m": 24.790581087142467, "step_dist_f": 81.33393005394049, "step_grade": -0.024202740463844224, "step_turn": 1.886057889378776, "coast_speed_mps": 6.030713869012602, "coast_speed_mph": 13.490322720590093}, "geometry": {"type": "Point", "coordinates": [-122.29815, 37.93798]}}, {"id": "1049", "type": "Feature", "properties": {"name": "Out & Back in Alvarado", "step": 1049, "lat": 37.93807, "lon": -122.29825, "elevation_m": 115.4, "time": null, "elevation_f": 378.608936, "step_elevation_m": -0.5999999999999943, "step_elevation_f": -1.9685039999999958, "step_dist_m": 13.306321995376994, "step_dist_f": 43.65591345531266, "step_grade": -0.04509134832363533, "step_turn": 9.872484380944059, "coast_speed_mps": 6.250191987735061, "coast_speed_mph": 13.981281289672186}, "geometry": {"type": "Point", "coordinates": [-122.29825, 37.93807]}}, {"id": "1050", "type": "Feature", "properties": {"name": "Out & Back in Alvarado", "step": 1050, "lat": 37.93822, "lon": -122.29839, "elevation_m": 113.8, "time": null, "elevation_f": 373.35959199999996, "step_elevation_m": -1.6000000000000085, "step_elevation_f": -5.249344000000065, "step_dist_m": 20.710740944730414, "step_dist_f": 67.94862732110933, "step_grade": -0.07725459964324011, "step_turn": 4.8716618985071705, "coast_speed_mps": 7.129208472522336, "coast_speed_mph": 15.947585165806926}, "geometry": {"type": "Point", "coordinates": [-122.29839, 37.93822]}}, {"id": "1051", "type": "Feature", "properties": {"name": "Out & Back in Alvarado", "step": 1051, "lat": 37.93831, "lon": -122.29843, "elevation_m": 113.8, "time": null, "elevation_f": 373.35959199999996, "step_elevation_m": 0.0, "step_elevation_f": 0.0, "step_dist_m": 10.60452777525936, "step_dist_f": 34.79175890618192, "step_grade": 0.0, "step_turn": 17.039960795179752, "coast_speed_mps": 7.402990940434116, "coast_speed_mph": 16.560019104407008}, "geometry": {"type": "Point", "coordinates": [-122.29843, 37.93831]}}, {"id": "1052", "type": "Feature", "properties": {"name": "Out & Back in Alvarado", "step": 1052, "lat": 37.93838, "lon": -122.29846, "elevation_m": 113.6, "time": null, "elevation_f": 372.703424, "step_elevation_m": -0.20000000000000284, "step_elevation_f": -0.6561679999999797, "step_dist_m": 8.216247460709406, "step_dist_f": 26.956193318993847, "step_grade": -0.02434201269574888, "step_turn": 0.6412757425762834, "coast_speed_mps": 7.21300912536103, "coast_speed_mph": 16.13504188743965}, "geometry": {"type": "Point", "coordinates": [-122.29846, 37.93838]}}, {"id": "1053", "type": "Feature", "properties": {"name": "Out & Back in Alvarado", "step": 1053, "lat": 37.93855, "lon": -122.29847, "elevation_m": 112.9, "time": null, "elevation_f": 370.406836, "step_elevation_m": -0.6999999999999886, "step_elevation_f": -2.2965879999999856, "step_dist_m": 18.923468816403002, "step_dist_f": 62.084873431607626, "step_grade": -0.03699110383996952, "step_turn": 16.01919567291219, "coast_speed_mps": 7.931766456728039, "coast_speed_mph": 17.742856247154684}, "geometry": {"type": "Point", "coordinates": [-122.29847, 37.93855]}}, {"id": "1054", "type": "Feature", "properties": {"name": "Out & Back in Alvarado", "step": 1054, "lat": 37.93862, "lon": -122.29847, "elevation_m": 112.1, "time": null, "elevation_f": 367.78216399999997, "step_elevation_m": -0.8000000000000114, "step_elevation_f": -2.6246720000000323, "step_dist_m": 7.783644865480777, "step_dist_f": 25.53689342046395, "step_grade": -0.1027796121002236, "step_turn": null, "coast_speed_mps": 8.326979109625801, "coast_speed_mph": 18.626921773500786}, "geometry": {"type": "Point", "coordinates": [-122.29847, 37.93862]}}, {"id": "1055", "type": "Feature", "properties": {"name": "Out & Back in Alvarado", "step": 1055, "lat": 37.93871, "lon": -122.29844, "elevation_m": 110.9, "time": null, "elevation_f": 363.84515600000003, "step_elevation_m": -1.1999999999999886, "step_elevation_f": -3.937007999999935, "step_dist_m": 10.34758230436807, "step_dist_f": 33.94876192746294, "step_grade": -0.11596911865039503, "step_turn": null, "coast_speed_mps": 9.136548167948797, "coast_speed_mph": 20.437876180987804}, "geometry": {"type": "Point", "coordinates": [-122.29844, 37.93871]}}, {"id": "1056", "type": "Feature", "properties": {"name": "Out & Back in Alvarado", "step": 1056, "lat": 37.93877, "lon": -122.29841, "elevation_m": 110.3, "time": null, "elevation_f": 361.876652, "step_elevation_m": -0.6000000000000085, "step_elevation_f": -1.9685040000000527, "step_dist_m": 7.1716833937564655, "step_dist_f": 23.529145745571963, "step_grade": -0.08366236587108089, "step_turn": 6.791822072532057, "coast_speed_mps": 9.620450343133022, "coast_speed_mph": 21.52033451846146}, "geometry": {"type": "Point", "coordinates": [-122.29841, 37.93877]}}, {"id": "1057", "type": "Feature", "properties": {"name": "Out & Back in Alvarado", "step": 1057, "lat": 37.93893, "lon": -122.29827, "elevation_m": 110.5, "time": null, "elevation_f": 362.53282, "step_elevation_m": 0.20000000000000284, "step_elevation_f": 0.6561680000000365, "step_dist_m": 21.616226891515744, "step_dist_f": 70.91938183476051, "step_grade": 0.009252308508961006, "step_turn": 13.08788297367198, "coast_speed_mps": 5.6324981132579515, "coast_speed_mph": 12.599539444474646}, "geometry": {"type": "Point", "coordinates": [-122.29827, 37.93893]}}, {"id": "1058", "type": "Feature", "properties": {"name": "Out & Back in Alvarado", "step": 1058, "lat": 37.93899, "lon": -122.29824, "elevation_m": 111.5, "time": null, "elevation_f": 365.81365999999997, "step_elevation_m": 1.0, "step_elevation_f": 3.280839999999955, "step_dist_m": 7.171680504850393, "step_dist_f": 23.529136267533364, "step_grade": 0.13943733262011243, "step_turn": 13.087941502721208, "coast_speed_mps": 3.1795930380526607, "coast_speed_mph": 7.112547060783503}, "geometry": {"type": "Point", "coordinates": [-122.29824, 37.93899]}}, {"id": "1059", "type": "Feature", "properties": {"name": "Out & Back in Alvarado", "step": 1059, "lat": 37.93904, "lon": -122.29824, "elevation_m": 113.8, "time": null, "elevation_f": 373.35959199999996, "step_elevation_m": 2.299999999999997, "step_elevation_f": 7.545931999999993, "step_dist_m": 5.5597463329915, "step_dist_f": 18.240638159131834, "step_grade": 0.41368793866580056, "step_turn": null, "coast_speed_mps": 0.0, "coast_speed_mph": 0.0}, "geometry": {"type": "Point", "coordinates": [-122.29824, 37.93904]}}, {"id": "1060", "type": "Feature", "properties": {"name": "Out & Back in Alvarado", "step": 1060, "lat": 37.93908, "lon": -122.29827, "elevation_m": 115.6, "time": null, "elevation_f": 379.26510399999995, "step_elevation_m": 1.7999999999999972, "step_elevation_f": 5.905511999999987, "step_dist_m": 5.167626051226569, "step_dist_f": 16.954154253906175, "step_grade": 0.3483224177130146, "step_turn": null, "coast_speed_mps": 0.0, "coast_speed_mph": 0.0}, "geometry": {"type": "Point", "coordinates": [-122.29827, 37.93908]}}, {"id": "1061", "type": "Feature", "properties": {"name": "Out & Back in Alvarado", "step": 1061, "lat": 37.93911, "lon": -122.29833, "elevation_m": 117.1, "time": null, "elevation_f": 384.18636399999997, "step_elevation_m": 1.5, "step_elevation_f": 4.921260000000018, "step_dist_m": 6.230063827473646, "step_dist_f": 20.43984260772864, "step_grade": 0.24076799877799407, "step_turn": 27.021724852141915, "coast_speed_mps": 0.0, "coast_speed_mph": 0.0}, "geometry": {"type": "Point", "coordinates": [-122.29833, 37.93911]}}, {"id": "1062", "type": "Feature", "properties": {"name": "Out & Back in Alvarado", "step": 1062, "lat": 37.93912, "lon": -122.29841, "elevation_m": 117.4, "time": null, "elevation_f": 385.170616, "step_elevation_m": 0.30000000000001137, "step_elevation_f": 0.9842520000000263, "step_dist_m": 7.103212694152941, "step_dist_f": 23.304504335484737, "step_grade": 0.042234410388268175, "step_turn": 23.367771066307, "coast_speed_mps": 0.0, "coast_speed_mph": 0.0}, "geometry": {"type": "Point", "coordinates": [-122.29841, 37.93912]}}, {"id": "1063", "type": "Feature", "properties": {"name": "Out & Back in Alvarado", "step": 1063, "lat": 37.93912, "lon": -122.29862, "elevation_m": 116.0, "time": null, "elevation_f": 380.57744, "step_elevation_m": -1.4000000000000057, "step_elevation_f": -4.593175999999971, "step_dist_m": 18.416052776019423, "step_dist_f": 60.420122589675564, "step_grade": -0.07602063357588898, "step_turn": 9.006183047689092, "coast_speed_mps": 5.45613362256799, "coast_speed_mph": 12.20502331462058}, "geometry": {"type": "Point", "coordinates": [-122.29862, 37.93912]}}, {"id": "1064", "type": "Feature", "properties": {"name": "Out & Back in Alvarado", "step": 1064, "lat": 37.93913, "lon": -122.29875, "elevation_m": 114.7, "time": null, "elevation_f": 376.312348, "step_elevation_m": -1.2999999999999972, "step_elevation_f": -4.265092000000038, "step_dist_m": 11.454511962064673, "step_dist_f": 37.58042102562026, "step_grade": -0.11349239533778202, "step_turn": 5.570748723520296, "coast_speed_mps": 6.7541773890355215, "coast_speed_mph": 15.108664524506787}, "geometry": {"type": "Point", "coordinates": [-122.29875, 37.93913]}}, {"id": "1065", "type": "Feature", "properties": {"name": "Out & Back in Alvarado", "step": 1065, "lat": 37.93915, "lon": -122.29884, "elevation_m": 114.0, "time": null, "elevation_f": 374.01576, "step_elevation_m": -0.7000000000000028, "step_elevation_f": -2.2965879999999856, "step_dist_m": 8.199922656567814, "step_dist_f": 26.902634248573946, "step_grade": -0.08536665884760883, "step_turn": 10.165477887175769, "coast_speed_mps": 7.252965277079863, "coast_speed_mph": 16.22442125331034}, "geometry": {"type": "Point", "coordinates": [-122.29884, 37.93915]}}, {"id": "1066", "type": "Feature", "properties": {"name": "Out & Back in Alvarado", "step": 1066, "lat": 37.93919, "lon": -122.29892, "elevation_m": 114.1, "time": null, "elevation_f": 374.343844, "step_elevation_m": 0.09999999999999432, "step_elevation_f": 0.32808399999998983, "step_dist_m": 8.30674572351425, "step_dist_f": 27.253103639534494, "step_grade": 0.012038408701607436, "step_turn": 16.637760094143232, "coast_speed_mps": 7.356639577749113, "coast_speed_mph": 16.456334059030745}, "geometry": {"type": "Point", "coordinates": [-122.29892, 37.93919]}}, {"id": "1067", "type": "Feature", "properties": {"name": "Out & Back in Alvarado", "step": 1067, "lat": 37.93931, "lon": -122.29908, "elevation_m": 114.2, "time": null, "elevation_f": 374.671928, "step_elevation_m": 0.10000000000000853, "step_elevation_f": 0.32808399999998983, "step_dist_m": 19.362906885632587, "step_dist_f": 63.52659942665881, "step_grade": 0.005164513809350043, "step_turn": 11.186588761010796, "coast_speed_mps": 7.612144517818436, "coast_speed_mph": 17.027882332271}, "geometry": {"type": "Point", "coordinates": [-122.29908, 37.93931]}}, {"id": "1068", "type": "Feature", "properties": {"name": "Out & Back in Alvarado", "step": 1068, "lat": 37.93939, "lon": -122.29918, "elevation_m": 112.9, "time": null, "elevation_f": 370.406836, "step_elevation_m": -1.2999999999999972, "step_elevation_f": -4.2650919999999815, "step_dist_m": 12.491441161143658, "step_dist_f": 40.98241981912656, "step_grade": -0.10407125833036988, "step_turn": 1.8482930603224759, "coast_speed_mps": 7.60551110201577, "coast_speed_mph": 17.01304380372173}, "geometry": {"type": "Point", "coordinates": [-122.29918, 37.93939]}}, {"id": "1069", "type": "Feature", "properties": {"name": "Out & Back in Alvarado", "step": 1069, "lat": 37.93949, "lon": -122.29927, "elevation_m": 112.8, "time": null, "elevation_f": 370.078752, "step_elevation_m": -0.10000000000000853, "step_elevation_f": -0.32808399999998983, "step_dist_m": 13.635821040555829, "step_dist_f": 44.73694710269719, "step_grade": -0.007333625140912841, "step_turn": 9.224154673073087, "coast_speed_mps": 7.777485746810776, "coast_speed_mph": 17.397740127976842}, "geometry": {"type": "Point", "coordinates": [-122.29927, 37.93949]}}, {"id": "1070", "type": "Feature", "properties": {"name": "Out & Back in Alvarado", "step": 1070, "lat": 37.93957, "lon": -122.29937, "elevation_m": 112.7, "time": null, "elevation_f": 369.750668, "step_elevation_m": -0.09999999999999432, "step_elevation_f": -0.32808399999998983, "step_dist_m": 12.49142608129993, "step_dist_f": 40.98237034457206, "step_grade": -0.008005491074369608, "step_turn": 9.224084507916302, "coast_speed_mps": 7.418534679048141, "coast_speed_mph": 16.594789457426923}, "geometry": {"type": "Point", "coordinates": [-122.29937, 37.93957]}}, {"id": "1071", "type": "Feature", "properties": {"name": "Out & Back in Alvarado", "step": 1071, "lat": 37.93979, "lon": -122.29969, "elevation_m": 112.6, "time": null, "elevation_f": 369.422584, "step_elevation_m": -0.10000000000000853, "step_elevation_f": -0.32808400000004667, "step_dist_m": 37.228050843871905, "step_dist_f": 122.1392783306087, "step_grade": -0.002686146540934723, "step_turn": 4.329152199870691, "coast_speed_mps": 6.274039775386621, "coast_speed_mph": 14.034627271355166}, "geometry": {"type": "Point", "coordinates": [-122.29969, 37.93979]}}, {"id": "1072", "type": "Feature", "properties": {"name": "Out & Back in Alvarado", "step": 1072, "lat": 37.93985, "lon": -122.29976, "elevation_m": 112.4, "time": null, "elevation_f": 368.766416, "step_elevation_m": -0.19999999999998863, "step_elevation_f": -0.6561679999999797, "step_dist_m": 9.066104388848325, "step_dist_f": 29.74443792310914, "step_grade": -0.022060191612838332, "step_turn": 6.303017715507735, "coast_speed_mps": 6.026919533479585, "coast_speed_mph": 13.481835033732057}, "geometry": {"type": "Point", "coordinates": [-122.29976, 37.93985]}}, {"id": "1073", "type": "Feature", "properties": {"name": "Out & Back in Alvarado", "step": 1073, "lat": 37.93994, "lon": -122.29983, "elevation_m": 112.4, "time": null, "elevation_f": 368.766416, "step_elevation_m": 0.0, "step_elevation_f": 0.0, "step_dist_m": 11.74025444922973, "step_dist_f": 38.51789640721086, "step_grade": 0.0, "step_turn": 11.092231588366417, "coast_speed_mps": 5.540803385691614, "coast_speed_mph": 12.394424180591464}, "geometry": {"type": "Point", "coordinates": [-122.29983, 37.93994]}}, {"id": "1074", "type": "Feature", "properties": {"name": "Out & Back in Alvarado", "step": 1074, "lat": 37.94002, "lon": -122.29988, "elevation_m": 112.7, "time": null, "elevation_f": 369.750668, "step_elevation_m": 0.29999999999999716, "step_elevation_f": 0.9842520000000263, "step_dist_m": 9.917529540055053, "step_dist_f": 32.53782761619422, "step_grade": 0.0302494687601739, "step_turn": 5.2857877039083405, "coast_speed_mps": 4.9279445648017735, "coast_speed_mph": 11.023498042237312}, "geometry": {"type": "Point", "coordinates": [-122.29988, 37.94002]}}, {"id": "1075", "type": "Feature", "properties": {"name": "Out & Back in Alvarado", "step": 1075, "lat": 37.94021, "lon": -122.29993, "elevation_m": 114.5, "time": null, "elevation_f": 375.65618, "step_elevation_m": 1.7999999999999972, "step_elevation_f": 5.905511999999987, "step_dist_m": 21.57724216378178, "step_dist_f": 70.7914791806218, "step_grade": 0.0834212262316528, "step_turn": 14.51438302297106, "coast_speed_mps": 0.0, "coast_speed_mph": 0.0}, "geometry": {"type": "Point", "coordinates": [-122.29993, 37.94021]}}, {"id": "1076", "type": "Feature", "properties": {"name": "Out & Back in Alvarado", "step": 1076, "lat": 37.94028, "lon": -122.29998, "elevation_m": 114.5, "time": null, "elevation_f": 375.65618, "step_elevation_m": 0.0, "step_elevation_f": 0.0, "step_dist_m": 8.933688260863322, "step_dist_f": 29.310001793770823, "step_grade": 0.0, "step_turn": 17.66882379811642, "coast_speed_mps": 0.0, "coast_speed_mph": 0.0}, "geometry": {"type": "Point", "coordinates": [-122.29998, 37.94028]}}, {"id": "1077", "type": "Feature", "properties": {"name": "Out & Back in Alvarado", "step": 1077, "lat": 37.94045, "lon": -122.30012, "elevation_m": 112.0, "time": null, "elevation_f": 367.45408, "step_elevation_m": -2.5, "step_elevation_f": -8.20210000000003, "step_dist_m": 22.540125985174857, "step_dist_f": 73.95054693720108, "step_grade": -0.11091331085036107, "step_turn": 3.609217214315379, "coast_speed_mps": 7.864381943812033, "coast_speed_mph": 17.59212138469046}, "geometry": {"type": "Point", "coordinates": [-122.30012, 37.94045]}}, {"id": "1078", "type": "Feature", "properties": {"name": "Out & Back in Alvarado", "step": 1078, "lat": 37.94054, "lon": -122.30022, "elevation_m": 109.2, "time": null, "elevation_f": 358.26772800000003, "step_elevation_m": -2.799999999999997, "step_elevation_f": -9.186351999999943, "step_dist_m": 13.306127757952455, "step_dist_f": 43.65527619340073, "step_grade": -0.2104293638941327, "step_turn": 8.224553264245174, "coast_speed_mps": 9.618251419620277, "coast_speed_mph": 21.51541566665235}, "geometry": {"type": "Point", "coordinates": [-122.30022, 37.94054]}}, {"id": "1079", "type": "Feature", "properties": {"name": "Out & Back in Alvarado", "step": 1079, "lat": 37.94064, "lon": -122.30035, "elevation_m": 108.7, "time": null, "elevation_f": 356.627308, "step_elevation_m": -0.5, "step_elevation_f": -1.640420000000006, "step_dist_m": 15.925054122286207, "step_dist_f": 52.24755456656148, "step_grade": -0.03139706754906901, "step_turn": 4.486753949624585, "coast_speed_mps": 9.452557576834653, "coast_speed_mph": 21.144769096355233}, "geometry": {"type": "Point", "coordinates": [-122.30035, 37.94064]}}, {"id": "1080", "type": "Feature", "properties": {"name": "Out & Back in Alvarado", "step": 1080, "lat": 37.94073, "lon": -122.3005, "elevation_m": 110.2, "time": null, "elevation_f": 361.548568, "step_elevation_m": 1.5, "step_elevation_f": 4.921259999999961, "step_dist_m": 16.528151140169992, "step_dist_f": 54.226219386715314, "step_grade": 0.09075425238303893, "step_turn": 7.022144823715905, "coast_speed_mps": 6.843312624757038, "coast_speed_mph": 15.308054368193071}, "geometry": {"type": "Point", "coordinates": [-122.3005, 37.94073]}}, {"id": "1081", "type": "Feature", "properties": {"name": "Out & Back in Alvarado", "step": 1081, "lat": 37.94083, "lon": -122.30064, "elevation_m": 110.7, "time": null, "elevation_f": 363.188988, "step_elevation_m": 0.5, "step_elevation_f": 1.640420000000006, "step_dist_m": 16.56412043545233, "step_dist_f": 54.344228889449425, "step_grade": 0.030185725945933457, "step_turn": 4.903737429747935, "coast_speed_mps": 6.704542194167689, "coast_speed_mph": 14.99763375574374}, "geometry": {"type": "Point", "coordinates": [-122.30064, 37.94083]}}, {"id": "1082", "type": "Feature", "properties": {"name": "Out & Back in Alvarado", "step": 1082, "lat": 37.94093, "lon": -122.30075, "elevation_m": 109.6, "time": null, "elevation_f": 359.580064, "step_elevation_m": -1.1000000000000085, "step_elevation_f": -3.608924000000002, "step_dist_m": 14.72051957444107, "step_dist_f": 48.29566944060924, "step_grade": -0.07472562326603713, "step_turn": 6.890547935648101, "coast_speed_mps": 6.593692623398142, "coast_speed_mph": 14.749670327930687}, "geometry": {"type": "Point", "coordinates": [-122.30075, 37.94093]}}, {"id": "1083", "type": "Feature", "properties": {"name": "Out & Back in Alvarado", "step": 1083, "lat": 37.94101, "lon": -122.30089, "elevation_m": 110.0, "time": null, "elevation_f": 360.8924, "step_elevation_m": 0.4000000000000057, "step_elevation_f": 1.3123360000000162, "step_dist_m": 15.161061450019925, "step_dist_f": 49.74101684768337, "step_grade": 0.026383377002899753, "step_turn": 13.132044943671701, "coast_speed_mps": 5.344575644338248, "coast_speed_mph": 11.955475224450256}, "geometry": {"type": "Point", "coordinates": [-122.30089, 37.94101]}}, {"id": "1084", "type": "Feature", "properties": {"name": "Out & Back in Alvarado", "step": 1084, "lat": 37.94109, "lon": -122.30106, "elevation_m": 112.5, "time": null, "elevation_f": 369.0945, "step_elevation_m": 2.5, "step_elevation_f": 8.202099999999973, "step_dist_m": 17.360165299775826, "step_dist_f": 56.95592472211652, "step_grade": 0.14400784536494493, "step_turn": 5.101197738475548, "coast_speed_mps": 0.0, "coast_speed_mph": 0.0}, "geometry": {"type": "Point", "coordinates": [-122.30106, 37.94109]}}, {"id": "1085", "type": "Feature", "properties": {"name": "Out & Back in Alvarado", "step": 1085, "lat": 37.94117, "lon": -122.30129, "elevation_m": 112.9, "time": null, "elevation_f": 370.406836, "step_elevation_m": 0.4000000000000057, "step_elevation_f": 1.3123360000000162, "step_dist_m": 22.043972699279095, "step_dist_f": 72.32274739070283, "step_grade": 0.01814554960019012, "step_turn": 7.025168626523509, "coast_speed_mps": 0.0, "coast_speed_mph": 0.0}, "geometry": {"type": "Point", "coordinates": [-122.30129, 37.94117]}}, {"id": "1086", "type": "Feature", "properties": {"name": "Out & Back in Alvarado", "step": 1086, "lat": 37.94123, "lon": -122.30143, "elevation_m": 112.9, "time": null, "elevation_f": 370.406836, "step_elevation_m": 0.0, "step_elevation_f": 0.0, "step_dist_m": 13.972715128477583, "step_dist_f": 45.84224270211439, "step_grade": 0.0, "step_turn": 4.721353433690297, "coast_speed_mps": 0.0, "coast_speed_mph": 0.0}, "geometry": {"type": "Point", "coordinates": [-122.30143, 37.94123]}}, {"id": "1087", "type": "Feature", "properties": {"name": "Out & Back in Alvarado", "step": 1087, "lat": 37.94143, "lon": -122.30178, "elevation_m": 114.2, "time": null, "elevation_f": 374.671928, "step_elevation_m": 1.2999999999999972, "step_elevation_f": 4.2650919999999815, "step_dist_m": 37.902531871263086, "step_dist_f": 124.35214266451479, "step_grade": 0.03429850028002035, "step_turn": 7.40521085056497, "coast_speed_mps": 0.0, "coast_speed_mph": 0.0}, "geometry": {"type": "Point", "coordinates": [-122.30178, 37.94143]}}, {"id": "1088", "type": "Feature", "properties": {"name": "Out & Back in Alvarado", "step": 1088, "lat": 37.94156, "lon": -122.302, "elevation_m": 113.2, "time": null, "elevation_f": 371.391088, "step_elevation_m": -1.0, "step_elevation_f": -3.280839999999955, "step_dist_m": 24.107114229213472, "step_dist_f": 79.09158464777273, "step_grade": -0.04148153074199899, "step_turn": 0.9172291371492634, "coast_speed_mps": 3.9794657116983245, "coast_speed_mph": 8.901811273484073}, "geometry": {"type": "Point", "coordinates": [-122.302, 37.94156]}}, {"id": "1089", "type": "Feature", "properties": {"name": "Out & Back in Alvarado", "step": 1089, "lat": 37.94167, "lon": -122.3021, "elevation_m": 113.3, "time": null, "elevation_f": 371.719172, "step_elevation_m": 0.09999999999999432, "step_elevation_f": 0.32808399999998983, "step_dist_m": 15.050180690318955, "step_dist_f": 49.37723481602604, "step_grade": 0.006644438499287881, "step_turn": 17.518204976216055, "coast_speed_mps": 3.620609517987795, "coast_speed_mph": 8.099072830144486}, "geometry": {"type": "Point", "coordinates": [-122.3021, 37.94167]}}, {"id": "1090", "type": "Feature", "properties": {"name": "Out & Back in Alvarado", "step": 1090, "lat": 37.94173, "lon": -122.30213, "elevation_m": 113.1, "time": null, "elevation_f": 371.063004, "step_elevation_m": -0.20000000000000284, "step_elevation_f": -0.6561680000000365, "step_dist_m": 7.1716445249313, "step_dist_f": 23.529018223175605, "step_grade": -0.027887606434581158, "step_turn": 14.118128719164474, "coast_speed_mps": 3.558670279370341, "coast_speed_mph": 7.960518699378885}, "geometry": {"type": "Point", "coordinates": [-122.30213, 37.94173]}}, {"id": "1091", "type": "Feature", "properties": {"name": "Out & Back in Alvarado", "step": 1091, "lat": 37.94181, "lon": -122.30215, "elevation_m": 112.9, "time": null, "elevation_f": 370.406836, "step_elevation_m": -0.19999999999998863, "step_elevation_f": -0.6561679999999797, "step_dist_m": 9.066839176954332, "step_dist_f": 29.74684864531885, "step_grade": -0.0220584038270293, "step_turn": 10.366895641417784, "coast_speed_mps": 3.847976193894874, "coast_speed_mph": 8.607677599084802}, "geometry": {"type": "Point", "coordinates": [-122.30215, 37.94181]}}, {"id": "1092", "type": "Feature", "properties": {"name": "Out & Back in Alvarado", "step": 1092, "lat": 37.9421, "lon": -122.30217, "elevation_m": 107.3, "time": null, "elevation_f": 352.034132, "step_elevation_m": -5.6000000000000085, "step_elevation_f": -18.372704, "step_dist_m": 32.29418797820957, "step_dist_f": 105.95206368642909, "step_grade": -0.1734058154296555, "step_turn": 8.040163879090983, "coast_speed_mps": 10.61418613180188, "coast_speed_mph": 23.74325816884813}, "geometry": {"type": "Point", "coordinates": [-122.30217, 37.9421]}}, {"id": "1093", "type": "Feature", "properties": {"name": "Out & Back in Alvarado", "step": 1093, "lat": 37.94217, "lon": -122.3022, "elevation_m": 105.9, "time": null, "elevation_f": 347.440956, "step_elevation_m": -1.3999999999999915, "step_elevation_f": -4.593175999999971, "step_dist_m": 8.216204018585195, "step_dist_f": 26.956050792335052, "step_grade": -0.17039498980711376, "step_turn": 15.561321634872286, "coast_speed_mps": 11.48228040262135, "coast_speed_mph": 25.685129748168706}, "geometry": {"type": "Point", "coordinates": [-122.3022, 37.94217]}}, {"id": "1094", "type": "Feature", "properties": {"name": "Out & Back in Alvarado", "step": 1094, "lat": 37.94221, "lon": -122.30222, "elevation_m": 105.3, "time": null, "elevation_f": 345.472452, "step_elevation_m": -0.6000000000000085, "step_elevation_f": -1.9685040000000527, "step_dist_m": 4.781092060937067, "step_dist_f": 15.685998077204767, "step_grade": -0.12549434153384864, "step_turn": 2.8456105964182257, "coast_speed_mps": 11.769403897940022, "coast_speed_mph": 26.327406715148552}, "geometry": {"type": "Point", "coordinates": [-122.30222, 37.94221]}}, {"id": "1095", "type": "Feature", "properties": {"name": "Out & Back in Alvarado", "step": 1095, "lat": 37.9423, "lon": -122.3023, "elevation_m": 105.6, "time": null, "elevation_f": 346.456704, "step_elevation_m": 0.29999999999999716, "step_elevation_f": 0.9842520000000263, "step_dist_m": 12.221535035432405, "step_dist_f": 40.09690100564805, "step_grade": 0.024546834675860583, "step_turn": 13.510537068988299, "coast_speed_mps": 11.349004482403325, "coast_speed_mph": 25.387000005376056}, "geometry": {"type": "Point", "coordinates": [-122.3023, 37.9423]}}, {"id": "1096", "type": "Feature", "properties": {"name": "Out & Back in Alvarado", "step": 1096, "lat": 37.94255, "lon": -122.30256, "elevation_m": 108.5, "time": null, "elevation_f": 355.97114, "step_elevation_m": 2.9000000000000057, "step_elevation_f": 9.51443599999999, "step_dist_m": 35.95275299968742, "step_dist_f": 117.95523015149448, "step_grade": 0.08066141694421061, "step_turn": 4.327008881805227, "coast_speed_mps": 0.0, "coast_speed_mph": 0.0}, "geometry": {"type": "Point", "coordinates": [-122.30256, 37.94255]}}, {"id": "1097", "type": "Feature", "properties": {"name": "Out & Back in Alvarado", "step": 1097, "lat": 37.94267, "lon": -122.30262, "elevation_m": 113.6, "time": null, "elevation_f": 372.703424, "step_elevation_m": 5.099999999999994, "step_elevation_f": 16.732283999999993, "step_dist_m": 14.343265150052076, "step_dist_f": 47.057958034896856, "step_grade": 0.3555675745129398, "step_turn": 17.83766999318408, "coast_speed_mps": 0.0, "coast_speed_mph": 0.0}, "geometry": {"type": "Point", "coordinates": [-122.30262, 37.94267]}}, {"id": "1098", "type": "Feature", "properties": {"name": "Out & Back in Alvarado", "step": 1098, "lat": 37.94281, "lon": -122.30263, "elevation_m": 120.9, "time": null, "elevation_f": 396.65355600000004, "step_elevation_m": 7.300000000000011, "step_elevation_f": 23.950132000000053, "step_dist_m": 15.591968563752227, "step_dist_f": 51.15475414270085, "step_grade": 0.46818975873071267, "step_turn": 18.295885465396566, "coast_speed_mps": 0.0, "coast_speed_mph": 0.0}, "geometry": {"type": "Point", "coordinates": [-122.30263, 37.94281]}}, {"id": "1099", "type": "Feature", "properties": {"name": "Out & Back in Alvarado", "step": 1099, "lat": 37.94285, "lon": -122.30271, "elevation_m": 123.5, "time": null, "elevation_f": 405.18374, "step_elevation_m": 2.5999999999999943, "step_elevation_f": 8.530183999999963, "step_dist_m": 8.306450646170136, "step_dist_f": 27.252135537980827, "step_grade": 0.31300974516700214, "step_turn": 54.4005743408145, "coast_speed_mps": 0.0, "coast_speed_mph": 0.0}, "geometry": {"type": "Point", "coordinates": [-122.30271, 37.94285]}}, {"id": "1100", "type": "Feature", "properties": {"name": "Out & Back in Alvarado", "step": 1100, "lat": 37.94291, "lon": -122.30286, "elevation_m": 126.9, "time": null, "elevation_f": 416.338596, "step_elevation_m": 3.4000000000000057, "step_elevation_f": 11.154855999999995, "step_dist_m": 14.748899669661851, "step_dist_f": 48.38877999221339, "step_grade": 0.230525671484072, "step_turn": 5.4806034727503175, "coast_speed_mps": 0.0, "coast_speed_mph": 0.0}, "geometry": {"type": "Point", "coordinates": [-122.30286, 37.94291]}}, {"id": "1101", "type": "Feature", "properties": {"name": "Out & Back in Alvarado", "step": 1101, "lat": 37.94304, "lon": -122.30333, "elevation_m": 119.5, "time": null, "elevation_f": 392.06038, "step_elevation_m": -7.400000000000006, "step_elevation_f": -24.278215999999986, "step_dist_m": 43.676193179389834, "step_dist_f": 143.29460163066935, "step_grade": -0.16942868554514864, "step_turn": 7.567167787268943, "coast_speed_mps": 11.761487351460405, "coast_speed_mph": 26.30969790502056}, "geometry": {"type": "Point", "coordinates": [-122.30333, 37.94304]}}, {"id": "1102", "type": "Feature", "properties": {"name": "Out & Back in Alvarado", "step": 1102, "lat": 37.94309, "lon": -122.30352, "elevation_m": 106.4, "time": null, "elevation_f": 349.08137600000003, "step_elevation_m": -13.099999999999994, "step_elevation_f": -42.979003999999975, "step_dist_m": 17.56439534103094, "step_dist_f": 57.62597081066795, "step_grade": -0.7458269838300674, "step_turn": 0.8740051907353745, "coast_speed_mps": 19.373424620413598, "coast_speed_mph": 43.33711663478341}, "geometry": {"type": "Point", "coordinates": [-122.30352, 37.94309]}}, {"id": "1103", "type": "Feature", "properties": {"name": "Out & Back in Alvarado", "step": 1103, "lat": 37.94324, "lon": -122.30444, "elevation_m": 93.5, "time": null, "elevation_f": 306.75854, "step_elevation_m": -12.900000000000006, "step_elevation_f": -42.32283600000005, "step_dist_m": 82.38154369547726, "step_dist_f": 270.2806638178696, "step_grade": -0.15658847141399482, "step_turn": 6.772239304736445, "coast_speed_mps": 19.893382741088868, "coast_speed_mph": 44.500229825270324}, "geometry": {"type": "Point", "coordinates": [-122.30444, 37.94324]}}, {"id": "1104", "type": "Feature", "properties": {"name": "Out & Back in Alvarado", "step": 1104, "lat": 37.9433, "lon": -122.3047, "elevation_m": 103.1, "time": null, "elevation_f": 338.254604, "step_elevation_m": 9.599999999999994, "step_elevation_f": 31.49606399999999, "step_dist_m": 23.755642148602494, "step_dist_f": 77.938460986821, "step_grade": 0.404114523191904, "step_turn": 4.629503691337334, "coast_speed_mps": 11.6983536867809, "coast_speed_mph": 26.168471919248585}, "geometry": {"type": "Point", "coordinates": [-122.3047, 37.9433]}}, {"id": "1105", "type": "Feature", "properties": {"name": "Out & Back in Alvarado", "step": 1105, "lat": 37.94336, "lon": -122.3049, "elevation_m": 109.4, "time": null, "elevation_f": 358.923896, "step_elevation_m": 6.300000000000011, "step_elevation_f": 20.66929200000004, "step_dist_m": 18.764227506106344, "step_dist_f": 61.56242817113394, "step_grade": 0.33574523640527354, "step_turn": 4.516631676766281, "coast_speed_mps": 3.627321354286019, "coast_speed_mph": 8.11408678034631}, "geometry": {"type": "Point", "coordinates": [-122.3049, 37.94336]}}, {"id": "1106", "type": "Feature", "properties": {"name": "Out & Back in Alvarado", "step": 1106, "lat": 37.94341, "lon": -122.30505, "elevation_m": 112.3, "time": null, "elevation_f": 368.438332, "step_elevation_m": 2.8999999999999915, "step_elevation_f": 9.51443599999999, "step_dist_m": 14.280298337339316, "step_dist_f": 46.85137399707632, "step_grade": 0.20307698981450797, "step_turn": 2.0853916451847567, "coast_speed_mps": 0.0, "coast_speed_mph": 0.0}, "geometry": {"type": "Point", "coordinates": [-122.30505, 37.94341]}}, {"id": "1107", "type": "Feature", "properties": {"name": "Out & Back in Alvarado", "step": 1107, "lat": 37.9435, "lon": -122.30526, "elevation_m": 114.7, "time": null, "elevation_f": 376.312348, "step_elevation_m": 2.4000000000000057, "step_elevation_f": 7.874015999999983, "step_dist_m": 20.95857619071944, "step_dist_f": 68.76173510955996, "step_grade": 0.11451159554735103, "step_turn": 5.608911740839574, "coast_speed_mps": 0.0, "coast_speed_mph": 0.0}, "geometry": {"type": "Point", "coordinates": [-122.30526, 37.9435]}}, {"id": "1108", "type": "Feature", "properties": {"name": "Out & Back in Alvarado", "step": 1108, "lat": 37.94369, "lon": -122.30562, "elevation_m": 119.9, "time": null, "elevation_f": 393.372716, "step_elevation_m": 5.200000000000003, "step_elevation_f": 17.06036800000004, "step_dist_m": 37.9857727461375, "step_dist_f": 124.62524265643775, "step_grade": 0.13689335833055427, "step_turn": 5.2705725750086, "coast_speed_mps": 0.0, "coast_speed_mph": 0.0}, "geometry": {"type": "Point", "coordinates": [-122.30562, 37.94369]}}, {"id": "1109", "type": "Feature", "properties": {"name": "Out & Back in Alvarado", "step": 1109, "lat": 37.94377, "lon": -122.30573, "elevation_m": 120.4, "time": null, "elevation_f": 395.01313600000003, "step_elevation_m": 0.5, "step_elevation_f": 1.640420000000006, "step_dist_m": 13.12154553896077, "step_dist_f": 43.04969146604405, "step_grade": 0.038105267288475235, "step_turn": 8.890415820734574, "coast_speed_mps": 0.0, "coast_speed_mph": 0.0}, "geometry": {"type": "Point", "coordinates": [-122.30573, 37.94377]}}, {"id": "1110", "type": "Feature", "properties": {"name": "Out & Back in Alvarado", "step": 1110, "lat": 37.94387, "lon": -122.30587, "elevation_m": 117.4, "time": null, "elevation_f": 385.170616, "step_elevation_m": -3.0, "step_elevation_f": -9.842520000000036, "step_dist_m": 16.563744017327913, "step_dist_f": 54.34299392181011, "step_grade": -0.1811184715763293, "step_turn": 0.5140582823831323, "coast_speed_mps": 7.500676952051742, "coast_speed_mph": 16.77853648902052}, "geometry": {"type": "Point", "coordinates": [-122.30587, 37.94387]}}, {"id": "1111", "type": "Feature", "properties": {"name": "Out & Back in Alvarado", "step": 1111, "lat": 37.944, "lon": -122.306, "elevation_m": 116.3, "time": null, "elevation_f": 381.561692, "step_elevation_m": -1.1000000000000085, "step_elevation_f": -3.608924000000002, "step_dist_m": 18.409488554262825, "step_dist_f": 60.39858642836765, "step_grade": -0.05975179575237559, "step_turn": 9.571580523200453, "coast_speed_mps": 8.221418806333102, "coast_speed_mph": 18.39079010006508}, "geometry": {"type": "Point", "coordinates": [-122.306, 37.944]}}, {"id": "1112", "type": "Feature", "properties": {"name": "Out & Back in Alvarado", "step": 1112, "lat": 37.94412, "lon": -122.30611, "elevation_m": 120.5, "time": null, "elevation_f": 395.34122, "step_elevation_m": 4.200000000000003, "step_elevation_f": 13.779528000000028, "step_dist_m": 16.464768912142816, "step_dist_f": 54.018272437714636, "step_grade": 0.25509012743583, "step_turn": 2.396823655060018, "coast_speed_mps": 0.0, "coast_speed_mph": 0.0}, "geometry": {"type": "Point", "coordinates": [-122.30611, 37.94412]}}, {"id": "1113", "type": "Feature", "properties": {"name": "Out & Back in Alvarado", "step": 1113, "lat": 37.94426, "lon": -122.30624, "elevation_m": 123.7, "time": null, "elevation_f": 405.839908, "step_elevation_m": 3.200000000000003, "step_elevation_f": 10.498687999999959, "step_dist_m": 19.294870003911267, "step_dist_f": 63.30338130363224, "step_grade": 0.16584719147376117, "step_turn": 0.35166031528518715, "coast_speed_mps": 0.0, "coast_speed_mph": 0.0}, "geometry": {"type": "Point", "coordinates": [-122.30624, 37.94426]}}, {"id": "1114", "type": "Feature", "properties": {"name": "Out & Back in Alvarado", "step": 1114, "lat": 37.94474, "lon": -122.30659, "elevation_m": 111.7, "time": null, "elevation_f": 366.469828, "step_elevation_m": -12.0, "step_elevation_f": -39.37007999999997, "step_dist_m": 61.56854393512293, "step_dist_f": 201.9965416841087, "step_grade": -0.1949047229806969, "step_turn": 6.31465817396861, "coast_speed_mps": 15.025851102148694, "coast_speed_mph": 33.61187164940202}, "geometry": {"type": "Point", "coordinates": [-122.30659, 37.94474]}}, {"id": "1115", "type": "Feature", "properties": {"name": "Out & Back in Alvarado", "step": 1115, "lat": 37.94505, "lon": -122.3068, "elevation_m": 130.1, "time": null, "elevation_f": 426.83728399999995, "step_elevation_m": 18.39999999999999, "step_elevation_f": 60.36745599999995, "step_dist_m": 39.08078883494551, "step_dist_f": 128.21781524124262, "step_grade": 0.4708195650223662, "step_turn": 1.7881840016884212, "coast_speed_mps": 0.0, "coast_speed_mph": 0.0}, "geometry": {"type": "Point", "coordinates": [-122.3068, 37.94505]}}, {"id": "1116", "type": "Feature", "properties": {"name": "Out & Back in Alvarado", "step": 1116, "lat": 37.94545, "lon": -122.30709, "elevation_m": 122.9, "time": null, "elevation_f": 403.215236, "step_elevation_m": -7.199999999999989, "step_elevation_f": -23.62204799999995, "step_dist_m": 51.234294534980215, "step_dist_f": 168.0915228821445, "step_grade": -0.1405308702959536, "step_turn": 1.646265824944237, "coast_speed_mps": 11.542194987513826, "coast_speed_mph": 25.819154857538056}, "geometry": {"type": "Point", "coordinates": [-122.30709, 37.94545]}}, {"id": "1117", "type": "Feature", "properties": {"name": "Out & Back in Alvarado", "step": 1117, "lat": 37.94615, "lon": -122.30759, "elevation_m": 114.8, "time": null, "elevation_f": 376.640432, "step_elevation_m": -8.100000000000009, "step_elevation_f": -26.57480400000003, "step_dist_m": 89.33525593360052, "step_dist_f": 293.0946810771939, "step_grade": -0.09066969043017495, "step_turn": 0.3664227209424098, "coast_speed_mps": 13.91181324399937, "coast_speed_mph": 31.119839933785244}, "geometry": {"type": "Point", "coordinates": [-122.30759, 37.94615]}}, {"id": "1118", "type": "Feature", "properties": {"name": "Out & Back in Alvarado", "step": 1118, "lat": 37.94641, "lon": -122.30775, "elevation_m": 116.2, "time": null, "elevation_f": 381.233608, "step_elevation_m": 1.4000000000000057, "step_elevation_f": 4.593176000000028, "step_dist_m": 32.13511913532801, "step_dist_f": 105.43018426394956, "step_grade": 0.04356604355827341, "step_turn": 3.5050217244676105, "coast_speed_mps": 10.808580430066607, "coast_speed_mph": 24.178105829604945}, "geometry": {"type": "Point", "coordinates": [-122.30775, 37.94641]}}, {"id": "1119", "type": "Feature", "properties": {"name": "Out & Back in Alvarado", "step": 1119, "lat": 37.94663, "lon": -122.30788, "elevation_m": 114.0, "time": null, "elevation_f": 374.01576, "step_elevation_m": -2.200000000000003, "step_elevation_f": -7.217848000000004, "step_dist_m": 26.98844094461613, "step_dist_f": 88.54475658873439, "step_grade": -0.08151637971658665, "step_turn": 0.9019046229041123, "coast_speed_mps": 11.547526517805322, "coast_speed_mph": 25.83108115113929}, "geometry": {"type": "Point", "coordinates": [-122.30788, 37.94663]}}, {"id": "1120", "type": "Feature", "properties": {"name": "Out & Back in Alvarado", "step": 1120, "lat": 37.94684, "lon": -122.30804, "elevation_m": 120.6, "time": null, "elevation_f": 395.66930399999995, "step_elevation_m": 6.599999999999994, "step_elevation_f": 21.653543999999954, "step_dist_m": 27.241551330796504, "step_dist_f": 89.3751712681304, "step_grade": 0.24227695111249817, "step_turn": 6.013813769922592, "coast_speed_mps": 0.0, "coast_speed_mph": 0.0}, "geometry": {"type": "Point", "coordinates": [-122.30804, 37.94684]}}, {"id": "1121", "type": "Feature", "properties": {"name": "Out & Back in Alvarado", "step": 1121, "lat": 37.94745, "lon": -122.30852, "elevation_m": 145.5, "time": null, "elevation_f": 477.36222, "step_elevation_m": 24.900000000000006, "step_elevation_f": 81.69291600000003, "step_dist_m": 79.8264640863922, "step_dist_f": 261.897856433199, "step_grade": 0.31192663091092165, "step_turn": 0.8218596700680223, "coast_speed_mps": 0.0, "coast_speed_mph": 0.0}, "geometry": {"type": "Point", "coordinates": [-122.30852, 37.94745]}}, {"id": "1122", "type": "Feature", "properties": {"name": "Out & Back in Alvarado", "step": 1122, "lat": 37.94795, "lon": -122.30888, "elevation_m": 149.2, "time": null, "elevation_f": 489.50132799999994, "step_elevation_m": 3.6999999999999886, "step_elevation_f": 12.139107999999965, "step_dist_m": 63.93382409195701, "step_dist_f": 209.75664743385622, "step_grade": 0.05787233991632069, "step_turn": 2.233717198665829, "coast_speed_mps": 0.0, "coast_speed_mph": 0.0}, "geometry": {"type": "Point", "coordinates": [-122.30888, 37.94795]}}, {"id": "1123", "type": "Feature", "properties": {"name": "Out & Back in Alvarado", "step": 1123, "lat": 37.94845, "lon": -122.30923, "elevation_m": 142.2, "time": null, "elevation_f": 466.535448, "step_elevation_m": -7.0, "step_elevation_f": -22.96587999999997, "step_dist_m": 63.50536395704921, "step_dist_f": 208.35093828484534, "step_grade": -0.11022690941090162, "step_turn": 0.6881371383680062, "coast_speed_mps": 11.285929207349369, "coast_speed_mph": 25.24590463347655}, "geometry": {"type": "Point", "coordinates": [-122.30923, 37.94845]}}, {"id": "1124", "type": "Feature", "properties": {"name": "Out & Back in Alvarado", "step": 1124, "lat": 37.94898, "lon": -122.30963, "elevation_m": 123.3, "time": null, "elevation_f": 404.52757199999996, "step_elevation_m": -18.89999999999999, "step_elevation_f": -62.00787600000001, "step_dist_m": 68.58056345051006, "step_dist_f": 225.0018557909714, "step_grade": -0.2755882869588676, "step_turn": 1.8600235704989245, "coast_speed_mps": 20.62387592582503, "coast_speed_mph": 46.13429654130504}, "geometry": {"type": "Point", "coordinates": [-122.30963, 37.94898]}}, {"id": "1125", "type": "Feature", "properties": {"name": "Out & Back in Alvarado", "step": 1125, "lat": 37.94962, "lon": -122.31007, "elevation_m": 107.8, "time": null, "elevation_f": 353.674552, "step_elevation_m": -15.5, "step_elevation_f": -50.85301999999996, "step_dist_m": 80.94992394375396, "step_dist_f": 265.5837484716257, "step_grade": -0.1914763997896995, "step_turn": 2.2950880338816546, "coast_speed_mps": 21.726546788133287, "coast_speed_mph": 48.600901011393304}, "geometry": {"type": "Point", "coordinates": [-122.31007, 37.94962]}}, {"id": "1126", "type": "Feature", "properties": {"name": "Out & Back in Alvarado", "step": 1126, "lat": 37.95002, "lon": -122.31037, "elevation_m": 110.6, "time": null, "elevation_f": 362.860904, "step_elevation_m": 2.799999999999997, "step_elevation_f": 9.186352, "step_dist_m": 51.67429950124864, "step_dist_f": 169.53510877567658, "step_grade": 0.05418554343310138, "step_turn": 2.1371066655113395, "coast_speed_mps": 15.350520759820352, "coast_speed_mph": 34.338136989576626}, "geometry": {"type": "Point", "coordinates": [-122.31037, 37.95002]}}, {"id": "1127", "type": "Feature", "properties": {"name": "Out & Back in Alvarado", "step": 1127, "lat": 37.95026, "lon": -122.31057, "elevation_m": 118.5, "time": null, "elevation_f": 388.77954, "step_elevation_m": 7.900000000000006, "step_elevation_f": 25.918635999999992, "step_dist_m": 31.932930581937946, "step_dist_f": 104.76683597044529, "step_grade": 0.2473935168502336, "step_turn": 2.7092313445172067, "coast_speed_mps": 4.7064544732666445, "coast_speed_mph": 10.52803881815193}, "geometry": {"type": "Point", "coordinates": [-122.31057, 37.95026]}}, {"id": "1128", "type": "Feature", "properties": {"name": "Out & Back in Alvarado", "step": 1128, "lat": 37.95065, "lon": -122.31083, "elevation_m": 115.2, "time": null, "elevation_f": 377.952768, "step_elevation_m": -3.299999999999997, "step_elevation_f": -10.826772000000005, "step_dist_m": 48.99315431118453, "step_dist_f": 160.73870039030666, "step_grade": -0.0673563489919376, "step_turn": 5.57911810053406, "coast_speed_mps": 8.455411708074342, "coast_speed_mph": 18.91421731405318}, "geometry": {"type": "Point", "coordinates": [-122.31083, 37.95065]}}, {"id": "1129", "type": "Feature", "properties": {"name": "Out & Back in Alvarado", "step": 1129, "lat": 37.95106, "lon": -122.31114, "elevation_m": 112.3, "time": null, "elevation_f": 368.438332, "step_elevation_m": -2.9000000000000057, "step_elevation_f": -9.51443599999999, "step_dist_m": 53.077883522660336, "step_dist_f": 174.14004337648493, "step_grade": -0.05463669248910273, "step_turn": 3.0732012910974618, "coast_speed_mps": 9.64839730823004, "coast_speed_mph": 21.58285009893976}, "geometry": {"type": "Point", "coordinates": [-122.31114, 37.95106]}}, {"id": "1130", "type": "Feature", "properties": {"name": "Out & Back in Alvarado", "step": 1130, "lat": 37.95133, "lon": -122.31133, "elevation_m": 102.9, "time": null, "elevation_f": 337.598436, "step_elevation_m": -9.399999999999991, "step_elevation_f": -30.83989600000001, "step_dist_m": 34.33502734386247, "step_dist_f": 112.64773111083775, "step_grade": -0.27377289978131564, "step_turn": 1.7781983773394359, "coast_speed_mps": 15.792853012802642, "coast_speed_mph": 35.3276060594189}, "geometry": {"type": "Point", "coordinates": [-122.31133, 37.95133]}}, {"id": "1131", "type": "Feature", "properties": {"name": "Out & Back in Alvarado", "step": 1131, "lat": 37.95146, "lon": -122.31147, "elevation_m": 100.4, "time": null, "elevation_f": 329.396336, "step_elevation_m": -2.5, "step_elevation_f": -8.202099999999973, "step_dist_m": 18.96418448448489, "step_dist_f": 62.2184550240774, "step_grade": -0.13182744568032004, "step_turn": 11.311896609987286, "coast_speed_mps": 16.182456294550075, "coast_speed_mph": 36.19912377986323}, "geometry": {"type": "Point", "coordinates": [-122.31147, 37.95146]}}, {"id": "1132", "type": "Feature", "properties": {"name": "Out & Back in Alvarado", "step": 1132, "lat": 37.95157, "lon": -122.31162, "elevation_m": 105.0, "time": null, "elevation_f": 344.4882, "step_elevation_m": 4.599999999999994, "step_elevation_f": 15.091863999999987, "step_dist_m": 17.960680065408212, "step_dist_f": 58.926117585793875, "step_grade": 0.25611502366547195, "step_turn": 6.739654578629768, "coast_speed_mps": 11.635020646835706, "coast_speed_mph": 26.026799943709047}, "geometry": {"type": "Point", "coordinates": [-122.31162, 37.95157]}}, {"id": "1133", "type": "Feature", "properties": {"name": "Out & Back in Alvarado", "step": 1133, "lat": 37.95166, "lon": -122.31176, "elevation_m": 109.3, "time": null, "elevation_f": 358.59581199999997, "step_elevation_m": 4.299999999999997, "step_elevation_f": 14.10761199999996, "step_dist_m": 15.837722296813915, "step_dist_f": 51.961032820278966, "step_grade": 0.2715036871725571, "step_turn": 3.7338142022169336, "coast_speed_mps": 5.769255930736451, "coast_speed_mph": 12.905457969614451}, "geometry": {"type": "Point", "coordinates": [-122.31176, 37.95166]}}, {"id": "1134", "type": "Feature", "properties": {"name": "Out & Back in Alvarado", "step": 1134, "lat": 37.95192, "lon": -122.31242, "elevation_m": 115.3, "time": null, "elevation_f": 378.280852, "step_elevation_m": 6.0, "step_elevation_f": 19.685040000000015, "step_dist_m": 64.68889939468458, "step_dist_f": 212.23392869005696, "step_grade": 0.09275161667834796, "step_turn": 12.642654032921655, "coast_speed_mps": 0.0, "coast_speed_mph": 0.0}, "geometry": {"type": "Point", "coordinates": [-122.31242, 37.95192]}}, {"id": "1135", "type": "Feature", "properties": {"name": "Out & Back in Alvarado", "step": 1135, "lat": 37.95199, "lon": -122.31256, "elevation_m": 113.5, "time": null, "elevation_f": 372.37534, "step_elevation_m": -1.7999999999999972, "step_elevation_f": -5.905511999999987, "step_dist_m": 14.53500104257724, "step_dist_f": 47.68701282052911, "step_grade": -0.12383900040510999, "step_turn": 5.832210991525358, "coast_speed_mps": 0.0, "coast_speed_mph": 0.0}, "geometry": {"type": "Point", "coordinates": [-122.31256, 37.95199]}}, {"id": "1136", "type": "Feature", "properties": {"name": "Out & Back in Alvarado", "step": 1136, "lat": 37.95212, "lon": -122.31292, "elevation_m": 104.6, "time": null, "elevation_f": 343.175864, "step_elevation_m": -8.900000000000006, "step_elevation_f": -29.199476000000004, "step_dist_m": 34.717354088274966, "step_dist_f": 113.90208398697604, "step_grade": -0.2563559416817939, "step_turn": 7.77270839526625, "coast_speed_mps": 12.935149818845916, "coast_speed_mph": 28.935106072937327}, "geometry": {"type": "Point", "coordinates": [-122.31292, 37.95212]}}, {"id": "1137", "type": "Feature", "properties": {"name": "Out & Back in Alvarado", "step": 1137, "lat": 37.95214, "lon": -122.31302, "elevation_m": 102.4, "time": null, "elevation_f": 335.95801600000004, "step_elevation_m": -2.1999999999999886, "step_elevation_f": -7.217847999999947, "step_dist_m": 9.04563347057956, "step_dist_f": 29.67727611561624, "step_grade": -0.2432112695208546, "step_turn": 10.373574311498146, "coast_speed_mps": 13.815008319206342, "coast_speed_mph": 30.903293484266122}, "geometry": {"type": "Point", "coordinates": [-122.31302, 37.95214]}}, {"id": "1138", "type": "Feature", "properties": {"name": "Out & Back in Alvarado", "step": 1138, "lat": 37.95218, "lon": -122.31317, "elevation_m": 101.9, "time": null, "elevation_f": 334.31759600000004, "step_elevation_m": -0.5, "step_elevation_f": -1.640420000000006, "step_dist_m": 13.883721327965533, "step_dist_f": 45.55026828164244, "step_grade": -0.03601339930331691, "step_turn": 4.4524835174760256, "coast_speed_mps": 14.209823407016462, "coast_speed_mph": 31.786469682839222}, "geometry": {"type": "Point", "coordinates": [-122.31317, 37.95218]}}, {"id": "1139", "type": "Feature", "properties": {"name": "Out & Back in Alvarado", "step": 1139, "lat": 37.95225, "lon": -122.31339, "elevation_m": 105.0, "time": null, "elevation_f": 344.4882, "step_elevation_m": 3.0999999999999943, "step_elevation_f": 10.170603999999969, "step_dist_m": 20.80078425942878, "step_dist_f": 68.24404502970432, "step_grade": 0.14903284228789576, "step_turn": 3.2901397093490345, "coast_speed_mps": 10.391449629732268, "coast_speed_mph": 23.245010803803364}, "geometry": {"type": "Point", "coordinates": [-122.31339, 37.95225]}}, {"id": "1140", "type": "Feature", "properties": {"name": "Out & Back in Alvarado", "step": 1140, "lat": 37.95234, "lon": -122.31362, "elevation_m": 103.7, "time": null, "elevation_f": 340.223108, "step_elevation_m": -1.2999999999999972, "step_elevation_f": -4.2650919999999815, "step_dist_m": 22.51293960391468, "step_dist_f": 73.86135277010744, "step_grade": -0.057744569250918504, "step_turn": 4.418044566944161, "coast_speed_mps": 10.614964866335734, "coast_speed_mph": 23.745000148388787}, "geometry": {"type": "Point", "coordinates": [-122.31362, 37.95234]}}, {"id": "1141", "type": "Feature", "properties": {"name": "Out & Back in Alvarado", "step": 1141, "lat": 37.9524, "lon": -122.31379, "elevation_m": 98.6, "time": null, "elevation_f": 323.490824, "step_elevation_m": -5.1000000000000085, "step_elevation_f": -16.73228400000005, "step_dist_m": 16.330547983492707, "step_dist_f": 53.57791504616221, "step_grade": -0.3122981546703274, "step_turn": 2.279706151459436, "coast_speed_mps": 14.03918584615041, "coast_speed_mph": 31.40476433015031}, "geometry": {"type": "Point", "coordinates": [-122.31379, 37.9524]}}, {"id": "1142", "type": "Feature", "properties": {"name": "Out & Back in Alvarado", "step": 1142, "lat": 37.95243, "lon": -122.31407, "elevation_m": 88.6, "time": null, "elevation_f": 290.68242399999997, "step_elevation_m": -10.0, "step_elevation_f": -32.808400000000006, "step_dist_m": 24.77589239777851, "step_dist_f": 81.28573881432764, "step_grade": -0.4036181558851391, "step_turn": 16.37531711647557, "coast_speed_mps": 18.833594649590857, "coast_speed_mph": 42.129551381511355}, "geometry": {"type": "Point", "coordinates": [-122.31407, 37.95243]}}, {"id": "1143", "type": "Feature", "properties": {"name": "Out & Back in Alvarado", "step": 1143, "lat": 37.95245, "lon": -122.31452, "elevation_m": 76.8, "time": null, "elevation_f": 251.96851199999998, "step_elevation_m": -11.799999999999997, "step_elevation_f": -38.71391199999999, "step_dist_m": 39.5184416477091, "step_dist_f": 129.65368409546994, "step_grade": -0.2985947701377553, "step_turn": 4.511779913251303, "coast_speed_mps": 21.53119353286858, "coast_speed_mph": 48.16390822492072}, "geometry": {"type": "Point", "coordinates": [-122.31452, 37.95245]}}, {"id": "1144", "type": "Feature", "properties": {"name": "Out & Back in Alvarado", "step": 1144, "lat": 37.95245, "lon": -122.31465, "elevation_m": 74.5, "time": null, "elevation_f": 244.42258, "step_elevation_m": -2.299999999999997, "step_elevation_f": -7.545931999999965, "step_dist_m": 11.398345620448785, "step_dist_f": 37.39614824539319, "step_grade": -0.20178366901541978, "step_turn": 3.226120087798961, "coast_speed_mps": 22.04944815903219, "coast_speed_mph": 49.323210806711174}, "geometry": {"type": "Point", "coordinates": [-122.31465, 37.95245]}}, {"id": "1145", "type": "Feature", "properties": {"name": "Out & Back in Alvarado", "step": 1145, "lat": 37.95243, "lon": -122.31492, "elevation_m": 77.5, "time": null, "elevation_f": 254.2651, "step_elevation_m": 3.0, "step_elevation_f": 9.842519999999979, "step_dist_m": 23.77771786131955, "step_dist_f": 78.01088786813163, "step_grade": 0.12616854222499863, "step_turn": 5.366599198659003, "coast_speed_mps": 18.47775793587601, "coast_speed_mph": 41.33356732255724}, "geometry": {"type": "Point", "coordinates": [-122.31492, 37.95243]}}, {"id": "1146", "type": "Feature", "properties": {"name": "Out & Back in Alvarado", "step": 1146, "lat": 37.95235, "lon": -122.31508, "elevation_m": 82.6, "time": null, "elevation_f": 270.99738399999995, "step_elevation_m": 5.099999999999994, "step_elevation_f": 16.732283999999964, "step_dist_m": 16.611359605275794, "step_dist_f": 54.49921304737303, "step_grade": 0.30701881851863744, "step_turn": 27.012080126012734, "coast_speed_mps": 14.087238584590715, "coast_speed_mph": 31.512255244700025}, "geometry": {"type": "Point", "coordinates": [-122.31508, 37.95235]}}, {"id": "1147", "type": "Feature", "properties": {"name": "Out & Back in Alvarado", "step": 1147, "lat": 37.95206, "lon": -122.31579, "elevation_m": 90.2, "time": null, "elevation_f": 295.93176800000003, "step_elevation_m": 7.6000000000000085, "step_elevation_f": 24.93438400000008, "step_dist_m": 70.1087626107186, "step_dist_f": 230.01563272375, "step_grade": 0.10840299724300198, "step_turn": 4.994973437722422, "coast_speed_mps": 0.0, "coast_speed_mph": 0.0}, "geometry": {"type": "Point", "coordinates": [-122.31579, 37.95206]}}, {"id": "1148", "type": "Feature", "properties": {"name": "Out & Back in Alvarado", "step": 1148, "lat": 37.952, "lon": -122.31595, "elevation_m": 87.3, "time": null, "elevation_f": 286.417332, "step_elevation_m": -2.9000000000000057, "step_elevation_f": -9.514436000000046, "step_dist_m": 15.534449591967924, "step_dist_f": 50.966043599312044, "step_grade": -0.186681863611019, "step_turn": 1.9493135442576204, "coast_speed_mps": 7.379682431652789, "coast_speed_mph": 16.507879455200385}, "geometry": {"type": "Point", "coordinates": [-122.31595, 37.952]}}, {"id": "1149", "type": "Feature", "properties": {"name": "Out & Back in Alvarado", "step": 1149, "lat": 37.95194, "lon": -122.31612, "elevation_m": 84.8, "time": null, "elevation_f": 278.215232, "step_elevation_m": -2.5, "step_elevation_f": -8.202099999999973, "step_dist_m": 16.330622062950063, "step_dist_f": 53.57815808900909, "step_grade": -0.15308663628140964, "step_turn": 1.3213161536972962, "coast_speed_mps": 9.727577471800611, "coast_speed_mph": 21.759971080441574}, "geometry": {"type": "Point", "coordinates": [-122.31612, 37.95194]}}, {"id": "1150", "type": "Feature", "properties": {"name": "Out & Back in Alvarado", "step": 1150, "lat": 37.95189, "lon": -122.31632, "elevation_m": 81.4, "time": null, "elevation_f": 267.060376, "step_elevation_m": -3.3999999999999915, "step_elevation_f": -11.154855999999995, "step_dist_m": 18.39629365234709, "step_dist_f": 60.35529606636643, "step_grade": -0.18481983731359944, "step_turn": 6.522047012342853, "coast_speed_mps": 12.086135188559586, "coast_speed_mph": 27.035914433964685}, "geometry": {"type": "Point", "coordinates": [-122.31632, 37.95189]}}, {"id": "1151", "type": "Feature", "properties": {"name": "Out & Back in Alvarado", "step": 1151, "lat": 37.95184, "lon": -122.31653, "elevation_m": 77.5, "time": null, "elevation_f": 254.2651, "step_elevation_m": -3.9000000000000057, "step_elevation_f": -12.79527600000003, "step_dist_m": 19.233932198101247, "step_dist_f": 63.1034541128185, "step_grade": -0.2027666500969058, "step_turn": 0.7894097120975232, "coast_speed_mps": 14.128196216929748, "coast_speed_mph": 31.60387485891583}, "geometry": {"type": "Point", "coordinates": [-122.31653, 37.95184]}}, {"id": "1152", "type": "Feature", "properties": {"name": "Out & Back in Alvarado", "step": 1152, "lat": 37.95183, "lon": -122.31675, "elevation_m": 76.2, "time": null, "elevation_f": 250.000008, "step_elevation_m": -1.2999999999999972, "step_elevation_f": -4.2650919999999815, "step_dist_m": 19.321691929874902, "step_dist_f": 63.39137975121077, "step_grade": -0.06728189253395336, "step_turn": 13.502494054054097, "coast_speed_mps": 13.952398674678022, "coast_speed_mph": 31.21062695659898}, "geometry": {"type": "Point", "coordinates": [-122.31675, 37.95183]}}, {"id": "1153", "type": "Feature", "properties": {"name": "Out & Back in Alvarado", "step": 1153, "lat": 37.95183, "lon": -122.31702, "elevation_m": 74.4, "time": null, "elevation_f": 244.09449600000002, "step_elevation_m": -1.7999999999999972, "step_elevation_f": -5.905511999999987, "step_dist_m": 23.6736868566172, "step_dist_f": 77.66957878666396, "step_grade": -0.07603378429823518, "step_turn": 3.299168459130385, "coast_speed_mps": 13.911026497248058, "coast_speed_mph": 31.118080031424576}, "geometry": {"type": "Point", "coordinates": [-122.31702, 37.95183]}}, {"id": "1154", "type": "Feature", "properties": {"name": "Out & Back in Alvarado", "step": 1154, "lat": 37.95185, "lon": -122.3172, "elevation_m": 72.6, "time": null, "elevation_f": 238.18898399999998, "step_elevation_m": -1.8000000000000114, "step_elevation_f": -5.905512000000044, "step_dist_m": 15.93836987819946, "step_dist_f": 52.291241431191914, "step_grade": -0.11293501241065158, "step_turn": 8.020687180233892, "coast_speed_mps": 14.297221574127093, "coast_speed_mph": 31.981973814708027}, "geometry": {"type": "Point", "coordinates": [-122.3172, 37.95185]}}, {"id": "1155", "type": "Feature", "properties": {"name": "Out & Back in Alvarado", "step": 1155, "lat": 37.95188, "lon": -122.31739, "elevation_m": 70.0, "time": null, "elevation_f": 229.65879999999999, "step_elevation_m": -2.5999999999999943, "step_elevation_f": -8.530183999999991, "step_dist_m": 16.989955775190516, "step_dist_f": 55.74132650547605, "step_grade": -0.1530315931602735, "step_turn": 3.3024386873476033, "coast_speed_mps": 15.102108812929078, "coast_speed_mph": 33.78245529019564}, "geometry": {"type": "Point", "coordinates": [-122.31739, 37.95188]}}, {"id": "1156", "type": "Feature", "properties": {"name": "Out & Back in Alvarado", "step": 1156, "lat": 37.95198, "lon": -122.31794, "elevation_m": 63.5, "time": null, "elevation_f": 208.33334, "step_elevation_m": -6.5, "step_elevation_f": -21.325459999999993, "step_dist_m": 49.48947389363796, "step_dist_f": 162.36704552920315, "step_grade": -0.1313410608075912, "step_turn": 1.6612568181296297, "coast_speed_mps": 16.531249447371085, "coast_speed_mph": 36.979351841828624}, "geometry": {"type": "Point", "coordinates": [-122.31794, 37.95198]}}, {"id": "1157", "type": "Feature", "properties": {"name": "Out & Back in Alvarado", "step": 1157, "lat": 37.952, "lon": -122.31808, "elevation_m": 61.5, "time": null, "elevation_f": 201.77166, "step_elevation_m": -2.0, "step_elevation_f": -6.5616799999999955, "step_dist_m": 12.475043447699543, "step_dist_f": 40.928621544950566, "step_grade": -0.160320082922742, "step_turn": 2.7155424545514393, "coast_speed_mps": 16.75320667245487, "coast_speed_mph": 37.475856013902224}, "geometry": {"type": "Point", "coordinates": [-122.31808, 37.952]}}, {"id": "1158", "type": "Feature", "properties": {"name": "Out & Back in Alvarado", "step": 1158, "lat": 37.95201, "lon": -122.31826, "elevation_m": 58.3, "time": null, "elevation_f": 191.27297199999998, "step_elevation_m": -3.200000000000003, "step_elevation_f": -10.498688000000016, "step_dist_m": 15.82154296981218, "step_dist_f": 51.90795103707859, "step_grade": -0.20225587391227687, "step_turn": 6.238757504522027, "coast_speed_mps": 17.671805574344873, "coast_speed_mph": 39.530703235381296}, "geometry": {"type": "Point", "coordinates": [-122.31826, 37.95201]}}, {"id": "1159", "type": "Feature", "properties": {"name": "Out & Back in Alvarado", "step": 1159, "lat": 37.95201, "lon": -122.31843, "elevation_m": 55.0, "time": null, "elevation_f": 180.4462, "step_elevation_m": -3.299999999999997, "step_elevation_f": -10.826771999999977, "step_dist_m": 14.905618166130482, "step_dist_f": 48.90294830416753, "step_grade": -0.22139303202456054, "step_turn": 4.0301134767461235, "coast_speed_mps": 18.404751525704928, "coast_speed_mph": 41.17025663409294}, "geometry": {"type": "Point", "coordinates": [-122.31843, 37.95201]}}, {"id": "1160", "type": "Feature", "properties": {"name": "Out & Back in Alvarado", "step": 1160, "lat": 37.95197, "lon": -122.31865, "elevation_m": 48.5, "time": null, "elevation_f": 159.12074, "step_elevation_m": -6.5, "step_elevation_f": -21.325459999999993, "step_dist_m": 19.79577420644881, "step_dist_f": 64.94676784748552, "step_grade": -0.3283529066462333, "step_turn": 12.984291454892912, "coast_speed_mps": 20.38385540996468, "coast_speed_mph": 45.59738593853941}, "geometry": {"type": "Point", "coordinates": [-122.31865, 37.95197]}}, {"id": "1161", "type": "Feature", "properties": {"name": "Out & Back in Alvarado", "step": 1161, "lat": 37.95185, "lon": -122.31915, "elevation_m": 38.7, "time": null, "elevation_f": 126.96850800000001, "step_elevation_m": -9.799999999999997, "step_elevation_f": -32.152232, "step_dist_m": 45.82577446785144, "step_dist_f": 150.34703390510572, "step_grade": -0.21385345067926956, "step_turn": 3.9440149305259524, "coast_speed_mps": 20.97147612876122, "coast_speed_mph": 46.91185605037848}, "geometry": {"type": "Point", "coordinates": [-122.31915, 37.95185]}}, {"id": "1162", "type": "Feature", "properties": {"name": "Out & Back in Alvarado", "step": 1162, "lat": 37.95186, "lon": -122.31921, "elevation_m": 39.0, "time": null, "elevation_f": 127.95276, "step_elevation_m": 0.29999999999999716, "step_elevation_f": 0.9842519999999837, "step_dist_m": 5.377046779287785, "step_dist_f": 17.64123015535854, "step_grade": 0.0557927078402196, "step_turn": 28.862900772255387, "coast_speed_mps": 21.017268498026606, "coast_speed_mph": 47.01429066308738}, "geometry": {"type": "Point", "coordinates": [-122.31921, 37.95186]}}, {"id": "1163", "type": "Feature", "properties": {"name": "Out & Back in Alvarado", "step": 1163, "lat": 37.95179, "lon": -122.31947, "elevation_m": 44.3, "time": null, "elevation_f": 145.34121199999998, "step_elevation_m": 5.299999999999997, "step_elevation_f": 17.388451999999987, "step_dist_m": 24.089066020932453, "step_dist_f": 79.03237136411603, "step_grade": 0.22001683234188096, "step_turn": 30.78624575299537, "coast_speed_mps": 16.072791376596246, "coast_speed_mph": 35.95381034492714}, "geometry": {"type": "Point", "coordinates": [-122.31947, 37.95179]}}, {"id": "1164", "type": "Feature", "properties": {"name": "Out & Back in Alvarado", "step": 1164, "lat": 37.95171, "lon": -122.31961, "elevation_m": 52.3, "time": null, "elevation_f": 171.587932, "step_elevation_m": 8.0, "step_elevation_f": 26.24672000000001, "step_dist_m": 15.159603025798235, "step_dist_f": 49.73623199115988, "step_grade": 0.5277183041261568, "step_turn": 17.078327294313908, "coast_speed_mps": 8.435778110145565, "coast_speed_mph": 18.870298206302692}, "geometry": {"type": "Point", "coordinates": [-122.31961, 37.95171]}}, {"id": "1165", "type": "Feature", "properties": {"name": "Out & Back in Alvarado", "step": 1165, "lat": 37.95174, "lon": -122.31981, "elevation_m": 50.3, "time": null, "elevation_f": 165.026252, "step_elevation_m": -2.0, "step_elevation_f": -6.5616799999999955, "step_dist_m": 17.850554951749473, "step_dist_f": 58.56481470789774, "step_grade": -0.11204133459189664, "step_turn": 46.700539344698, "coast_speed_mps": 9.928372828835634, "coast_speed_mph": 22.209137501869236}, "geometry": {"type": "Point", "coordinates": [-122.31981, 37.95174]}}, {"id": "1166", "type": "Feature", "properties": {"name": "Out & Back in Alvarado", "step": 1166, "lat": 37.95177, "lon": -122.32018, "elevation_m": 54.2, "time": null, "elevation_f": 177.821528, "step_elevation_m": 3.9000000000000057, "step_elevation_f": 12.795276000000001, "step_dist_m": 32.61280672998776, "step_dist_f": 106.99740083201304, "step_grade": 0.11958492356359876, "step_turn": 4.899650225567484, "coast_speed_mps": 0.0, "coast_speed_mph": 0.0}, "geometry": {"type": "Point", "coordinates": [-122.32018, 37.95177]}}, {"id": "1167", "type": "Feature", "properties": {"name": "Out & Back in Alvarado", "step": 1167, "lat": 37.95182, "lon": -122.32053, "elevation_m": 54.6, "time": null, "elevation_f": 179.13386400000002, "step_elevation_m": 0.3999999999999986, "step_elevation_f": 1.3123360000000162, "step_dist_m": 31.187688775510104, "step_dist_f": 102.32181684224457, "step_grade": 0.012825573670405982, "step_turn": 4.397998416173664, "coast_speed_mps": 0.0, "coast_speed_mph": 0.0}, "geometry": {"type": "Point", "coordinates": [-122.32053, 37.95182]}}, {"id": "1168", "type": "Feature", "properties": {"name": "Out & Back in Alvarado", "step": 1168, "lat": 37.95181, "lon": -122.32076, "elevation_m": 55.7, "time": null, "elevation_f": 182.74278800000002, "step_elevation_m": 1.1000000000000014, "step_elevation_f": 3.608924000000002, "step_dist_m": 20.19711044626731, "step_dist_f": 66.26348783653164, "step_grade": 0.054463236358807746, "step_turn": 13.424897753058872, "coast_speed_mps": 0.0, "coast_speed_mph": 0.0}, "geometry": {"type": "Point", "coordinates": [-122.32076, 37.95181]}}, {"id": "1169", "type": "Feature", "properties": {"name": "Out & Back in Alvarado", "step": 1169, "lat": 37.95174, "lon": -122.32099, "elevation_m": 56.4, "time": null, "elevation_f": 185.039376, "step_elevation_m": 0.6999999999999957, "step_elevation_f": 2.2965879999999856, "step_dist_m": 21.616484669486386, "step_dist_f": 70.92022756303771, "step_grade": 0.03238269361105271, "step_turn": 17.949048051562414, "coast_speed_mps": 0.0, "coast_speed_mph": 0.0}, "geometry": {"type": "Point", "coordinates": [-122.32099, 37.95174]}}, {"id": "1170", "type": "Feature", "properties": {"name": "Out & Back in Alvarado", "step": 1170, "lat": 37.95155, "lon": -122.32156, "elevation_m": 52.2, "time": null, "elevation_f": 171.259848, "step_elevation_m": -4.199999999999996, "step_elevation_f": -13.779527999999999, "step_dist_m": 54.25995819381842, "step_dist_f": 178.0182412406072, "step_grade": -0.07740514625900471, "step_turn": 1.8099568623892708, "coast_speed_mps": 8.59577552998554, "coast_speed_mph": 19.228202241377797}, "geometry": {"type": "Point", "coordinates": [-122.32156, 37.95155]}}, {"id": "1171", "type": "Feature", "properties": {"name": "Out & Back in Alvarado", "step": 1171, "lat": 37.95137, "lon": -122.32212, "elevation_m": 52.8, "time": null, "elevation_f": 173.228352, "step_elevation_m": 0.5999999999999943, "step_elevation_f": 1.9685039999999958, "step_dist_m": 53.02390249965691, "step_dist_f": 173.9629402769744, "step_grade": 0.011315651464994992, "step_turn": 0.7378772205690325, "coast_speed_mps": 4.544381752071481, "coast_speed_mph": 10.165492466158456}, "geometry": {"type": "Point", "coordinates": [-122.32212, 37.95137]}}, {"id": "1172", "type": "Feature", "properties": {"name": "Out & Back in Alvarado", "step": 1172, "lat": 37.95133, "lon": -122.3222, "elevation_m": 53.4, "time": null, "elevation_f": 175.196856, "step_elevation_m": 0.6000000000000014, "step_elevation_f": 1.9685039999999958, "step_dist_m": 8.305763666490535, "step_dist_f": 27.249881667568804, "step_grade": 0.07223899259506883, "step_turn": 10.201232813874611, "coast_speed_mps": 3.9312717471836702, "coast_speed_mph": 8.794004445203262}, "geometry": {"type": "Point", "coordinates": [-122.3222, 37.95133]}}, {"id": "1173", "type": "Feature", "properties": {"name": "Out & Back in Alvarado", "step": 1173, "lat": 37.95133, "lon": -122.3222, "elevation_m": 53.4, "time": null, "elevation_f": 175.196856, "step_elevation_m": 0.0, "step_elevation_f": 0.0, "step_dist_m": 0.0, "step_dist_f": 0.0, "step_grade": null, "step_turn": null, "coast_speed_mps": 3.9312717471836702, "coast_speed_mph": 8.794004445203262}, "geometry": {"type": "Point", "coordinates": [-122.3222, 37.95133]}}, {"id": "1174", "type": "Feature", "properties": {"name": "Out & Back in Alvarado", "step": 1174, "lat": 37.95131, "lon": -122.32226, "elevation_m": 53.3, "time": null, "elevation_f": 174.86877199999998, "step_elevation_m": -0.10000000000000142, "step_elevation_f": -0.32808400000001825, "step_dist_m": 5.711595984211064, "step_dist_f": 18.738832568839026, "step_grade": -0.017508241177498884, "step_turn": null, "coast_speed_mps": 3.4774086977711613, "coast_speed_mph": 7.7787417183499405}, "geometry": {"type": "Point", "coordinates": [-122.32226, 37.95131]}}, {"id": "1175", "type": "Feature", "properties": {"name": "Out & Back in Alvarado", "step": 1175, "lat": 37.9512, "lon": -122.32241, "elevation_m": 52.1, "time": null, "elevation_f": 170.93176400000002, "step_elevation_m": -1.1999999999999957, "step_elevation_f": -3.937007999999963, "step_dist_m": 17.96071415091034, "step_dist_f": 58.92622941487269, "step_grade": -0.06681248807354208, "step_turn": 20.007634597727133, "coast_speed_mps": 5.592289653481439, "coast_speed_mph": 12.509595681552954}, "geometry": {"type": "Point", "coordinates": [-122.32241, 37.9512]}}, {"id": "1176", "type": "Feature", "properties": {"name": "Out & Back in Alvarado", "step": 1176, "lat": 37.95098, "lon": -122.32258, "elevation_m": 49.5, "time": null, "elevation_f": 162.40158, "step_elevation_m": -2.6000000000000014, "step_elevation_f": -8.53018400000002, "step_dist_m": 28.646390776547815, "step_dist_f": 93.98422471532913, "step_grade": -0.09076187015254171, "step_turn": 15.722381090591966, "coast_speed_mps": 8.451174446212766, "coast_speed_mph": 18.904738829216083}, "geometry": {"type": "Point", "coordinates": [-122.32258, 37.95098]}}, {"id": "1177", "type": "Feature", "properties": {"name": "Out & Back in Alvarado", "step": 1177, "lat": 37.95031, "lon": -122.32285, "elevation_m": 47.1, "time": null, "elevation_f": 154.527564, "step_elevation_m": -2.3999999999999986, "step_elevation_f": -7.874015999999983, "step_dist_m": 78.171612860277, "step_dist_f": 256.46855433651115, "step_grade": -0.0307016820068652, "step_turn": 13.726189506051355, "coast_speed_mps": 8.158473454113231, "coast_speed_mph": 18.249985357268304}, "geometry": {"type": "Point", "coordinates": [-122.32285, 37.95031]}}, {"id": "1178", "type": "Feature", "properties": {"name": "Out & Back in Alvarado", "step": 1178, "lat": 37.9498, "lon": -122.32304, "elevation_m": 46.3, "time": null, "elevation_f": 151.90289199999998, "step_elevation_m": -0.8000000000000043, "step_elevation_f": -2.6246720000000323, "step_dist_m": 59.10585308244974, "step_dist_f": 193.9168470270244, "step_grade": -0.013535038549973111, "step_turn": 1.2573934210933828, "coast_speed_mps": 6.709662482857983, "coast_speed_mph": 15.009087515340854}, "geometry": {"type": "Point", "coordinates": [-122.32304, 37.9498]}}, {"id": "1179", "type": "Feature", "properties": {"name": "Out & Back in Alvarado", "step": 1179, "lat": 37.94967, "lon": -122.32312, "elevation_m": 45.9, "time": null, "elevation_f": 150.590556, "step_elevation_m": -0.3999999999999986, "step_elevation_f": -1.3123359999999877, "step_dist_m": 16.067415553985903, "step_dist_f": 52.71461964613911, "step_grade": -0.024895105168346077, "step_turn": 9.51416214478894, "coast_speed_mps": 6.83686277462986, "coast_speed_mph": 15.293626464365275}, "geometry": {"type": "Point", "coordinates": [-122.32312, 37.94967]}}, {"id": "1180", "type": "Feature", "properties": {"name": "Out & Back in Alvarado", "step": 1180, "lat": 37.94957, "lon": -122.32322, "elevation_m": 45.4, "time": null, "elevation_f": 148.950136, "step_elevation_m": -0.5, "step_elevation_f": -1.640420000000006, "step_dist_m": 14.16072493630621, "step_dist_f": 46.45907280003087, "step_grade": -0.03530892678510171, "step_turn": 12.372083863016258, "coast_speed_mps": 6.9345453503493015, "coast_speed_mph": 15.512136163093446}, "geometry": {"type": "Point", "coordinates": [-122.32322, 37.94957]}}, {"id": "1181", "type": "Feature", "properties": {"name": "Out & Back in Alvarado", "step": 1181, "lat": 37.94946, "lon": -122.32348, "elevation_m": 44.1, "time": null, "elevation_f": 144.685044, "step_elevation_m": -1.2999999999999972, "step_elevation_f": -4.2650919999999815, "step_dist_m": 25.8715834297687, "step_dist_f": 84.88052577972235, "step_grade": -0.05024818073192126, "step_turn": 23.527850654364812, "coast_speed_mps": 7.79045649941231, "coast_speed_mph": 17.426754875206473}, "geometry": {"type": "Point", "coordinates": [-122.32348, 37.94946]}}, {"id": "1182", "type": "Feature", "properties": {"name": "Out & Back in Alvarado", "step": 1182, "lat": 37.94937, "lon": -122.32374, "elevation_m": 43.0, "time": null, "elevation_f": 141.07612, "step_elevation_m": -1.1000000000000014, "step_elevation_f": -3.608924000000002, "step_dist_m": 24.897449613345554, "step_dist_f": 81.68454858944862, "step_grade": -0.044181232097378294, "step_turn": 4.514416215485369, "coast_speed_mps": 8.223516287357635, "coast_speed_mph": 18.39548203149075}, "geometry": {"type": "Point", "coordinates": [-122.32374, 37.94937]}}, {"id": "1183", "type": "Feature", "properties": {"name": "Out & Back in Alvarado", "step": 1183, "lat": 37.94909, "lon": -122.32473, "elevation_m": 39.8, "time": null, "elevation_f": 130.577432, "step_elevation_m": -3.200000000000003, "step_elevation_f": -10.498688000000016, "step_dist_m": 92.22118087341964, "step_dist_f": 302.5629390567501, "step_grade": -0.03469918699471262, "step_turn": 3.9692093572456884, "coast_speed_mps": 8.462377736089696, "coast_speed_mph": 18.92979987493219}, "geometry": {"type": "Point", "coordinates": [-122.32473, 37.94909]}}, {"id": "1184", "type": "Feature", "properties": {"name": "Out & Back in Alvarado", "step": 1184, "lat": 37.9488, "lon": -122.32571, "elevation_m": 37.3, "time": null, "elevation_f": 122.37533199999999, "step_elevation_m": -2.5, "step_elevation_f": -8.202100000000002, "step_dist_m": 91.78136477909754, "step_dist_f": 301.1199728218544, "step_grade": -0.027238644860174868, "step_turn": 0.838154965780376, "coast_speed_mps": 7.716481742657643, "coast_speed_mph": 17.26127805712606}, "geometry": {"type": "Point", "coordinates": [-122.32571, 37.9488]}}, {"id": "1185", "type": "Feature", "properties": {"name": "Out & Back in Alvarado", "step": 1185, "lat": 37.9481, "lon": -122.32537, "elevation_m": 34.4, "time": null, "elevation_f": 112.860896, "step_elevation_m": -2.8999999999999986, "step_elevation_f": -9.51443599999999, "step_dist_m": 83.35051699484795, "step_dist_f": 273.45971017737696, "step_grade": -0.03479282558234465, "step_turn": 90.38875367743921, "coast_speed_mps": 8.251490686599498, "coast_speed_mph": 18.458058980403294}, "geometry": {"type": "Point", "coordinates": [-122.32537, 37.9481]}}, {"id": "1186", "type": "Feature", "properties": {"name": "Out & Back in Alvarado", "step": 1186, "lat": 37.94741, "lon": -122.32504, "elevation_m": 35.5, "time": null, "elevation_f": 116.46982, "step_elevation_m": 1.1000000000000014, "step_elevation_f": 3.608924000000002, "step_dist_m": 81.99967884829022, "step_dist_f": 269.02782635262446, "step_grade": 0.01341468668475081, "step_turn": 0.2940725813263043, "coast_speed_mps": 0.0, "coast_speed_mph": 0.0}, "geometry": {"type": "Point", "coordinates": [-122.32504, 37.94741]}}, {"id": "1187", "type": "Feature", "properties": {"name": "Out & Back in Alvarado", "step": 1187, "lat": 37.94671, "lon": -122.32471, "elevation_m": 35.7, "time": null, "elevation_f": 117.125988, "step_elevation_m": 0.20000000000000284, "step_elevation_f": 0.6561680000000081, "step_dist_m": 83.04111694977988, "step_dist_f": 272.4446181335158, "step_grade": 0.002408445446620802, "step_turn": 0.2705580763732769, "coast_speed_mps": 0.0, "coast_speed_mph": 0.0}, "geometry": {"type": "Point", "coordinates": [-122.32471, 37.94671]}}, {"id": "1188", "type": "Feature", "properties": {"name": "Out & Back in Alvarado", "step": 1188, "lat": 37.94601, "lon": -122.32438, "elevation_m": 33.2, "time": null, "elevation_f": 108.923888, "step_elevation_m": -2.5, "step_elevation_f": -8.202100000000002, "step_dist_m": 83.04121301168242, "step_dist_f": 272.44493329724816, "step_grade": -0.03010553325670104, "step_turn": 0.00017828292425292602, "coast_speed_mps": 6.001320788433687, "coast_speed_mph": 13.42457227190784}, "geometry": {"type": "Point", "coordinates": [-122.32438, 37.94601]}}, {"id": "1189", "type": "Feature", "properties": {"name": "Out & Back in Alvarado", "step": 1189, "lat": 37.94532, "lon": -122.32405, "elevation_m": 33.3, "time": null, "elevation_f": 109.251972, "step_elevation_m": 0.09999999999999432, "step_elevation_f": 0.32808399999998983, "step_dist_m": 81.99996930436224, "step_dist_f": 269.0287792925238, "step_grade": 0.0012195126516306453, "step_turn": 0.2709179071383687, "coast_speed_mps": 0.4404783022252885, "coast_speed_mph": 0.9853219001102541}, "geometry": {"type": "Point", "coordinates": [-122.32405, 37.94532]}}, {"id": "1190", "type": "Feature", "properties": {"name": "Out & Back in Alvarado", "step": 1190, "lat": 37.9446, "lon": -122.3237, "elevation_m": 32.8, "time": null, "elevation_f": 107.61155199999999, "step_elevation_m": -0.5, "step_elevation_f": -1.640420000000006, "step_dist_m": 85.74144611509803, "step_dist_f": 281.3039660722582, "step_grade": -0.005831485502691517, "step_turn": 0.31008086924532563, "coast_speed_mps": 0.0, "coast_speed_mph": 0.0}, "geometry": {"type": "Point", "coordinates": [-122.3237, 37.9446]}}, {"id": "1191", "type": "Feature", "properties": {"name": "Out & Back in Alvarado", "step": 1191, "lat": 37.94388, "lon": -122.32335, "elevation_m": 30.6, "time": null, "elevation_f": 100.393704, "step_elevation_m": -2.1999999999999957, "step_elevation_f": -7.217847999999989, "step_dist_m": 85.74155375801578, "step_dist_f": 281.3043192314485, "step_grade": -0.025658503999227127, "step_turn": 0.0001876366031865473, "coast_speed_mps": 5.450321616394922, "coast_speed_mph": 12.1920222270824}, "geometry": {"type": "Point", "coordinates": [-122.32335, 37.94388]}}, {"id": "1192", "type": "Feature", "properties": {"name": "Out & Back in Alvarado", "step": 1192, "lat": 37.94316, "lon": -122.32301, "elevation_m": 29.6, "time": null, "elevation_f": 97.112864, "step_elevation_m": -1.0, "step_elevation_f": -3.2808399999999978, "step_dist_m": 85.43169441998482, "step_dist_f": 280.287720320863, "step_grade": -0.011705257712482786, "step_turn": 0.5489605092270722, "coast_speed_mps": 4.228503251888309, "coast_speed_mph": 9.458892385219006}, "geometry": {"type": "Point", "coordinates": [-122.32301, 37.94316]}}, {"id": "1193", "type": "Feature", "properties": {"name": "Out & Back in Alvarado", "step": 1193, "lat": 37.94259, "lon": -122.32282, "elevation_m": 30.4, "time": null, "elevation_f": 99.73753599999999, "step_elevation_m": 0.7999999999999972, "step_elevation_f": 2.6246719999999897, "step_dist_m": 65.53444525510288, "step_dist_f": 215.00802937075173, "step_grade": 0.012207320850674396, "step_turn": 5.697119183045061, "coast_speed_mps": 0.0, "coast_speed_mph": 0.0}, "geometry": {"type": "Point", "coordinates": [-122.32282, 37.94259]}}, {"id": "1194", "type": "Feature", "properties": {"name": "Out & Back in Alvarado", "step": 1194, "lat": 37.94189, "lon": -122.32248, "elevation_m": 34.7, "time": null, "elevation_f": 113.84514800000001, "step_elevation_m": 4.300000000000004, "step_elevation_f": 14.107612000000017, "step_dist_m": 83.35141826112178, "step_dist_f": 273.4626670878188, "step_grade": 0.051588804242407055, "step_turn": 6.230963080098263, "coast_speed_mps": 0.0, "coast_speed_mph": 0.0}, "geometry": {"type": "Point", "coordinates": [-122.32248, 37.94189]}}, {"id": "1195", "type": "Feature", "properties": {"name": "Out & Back in Alvarado", "step": 1195, "lat": 37.94162, "lon": -122.32336, "elevation_m": 30.1, "time": null, "elevation_f": 98.75328400000001, "step_elevation_m": -4.600000000000001, "step_elevation_f": -15.091864000000001, "step_dist_m": 82.80370523600727, "step_dist_f": 271.6657082865021, "step_grade": -0.05555306959862572, "step_turn": 89.70120337379177, "coast_speed_mps": 8.789489770524586, "coast_speed_mph": 19.661528656327345}, "geometry": {"type": "Point", "coordinates": [-122.32336, 37.94162]}}, {"id": "1196", "type": "Feature", "properties": {"name": "Out & Back in Alvarado", "step": 1196, "lat": 37.94156, "lon": -122.32352, "elevation_m": 30.0, "time": null, "elevation_f": 98.4252, "step_elevation_m": -0.10000000000000142, "step_elevation_f": -0.32808400000000404, "step_dist_m": 15.536249867377938, "step_dist_f": 50.971950014888236, "step_grade": -0.006436559713806822, "step_turn": 4.1729885021953805, "coast_speed_mps": 8.141642323681946, "coast_speed_mph": 18.21233519077026}, "geometry": {"type": "Point", "coordinates": [-122.32352, 37.94156]}}, {"id": "1197", "type": "Feature", "properties": {"name": "Out & Back in Alvarado", "step": 1197, "lat": 37.9415, "lon": -122.32361, "elevation_m": 30.1, "time": null, "elevation_f": 98.75328400000001, "step_elevation_m": 0.10000000000000142, "step_elevation_f": 0.32808400000000404, "step_dist_m": 10.334431655354635, "step_dist_f": 33.9056167521537, "step_grade": 0.009676390858725925, "step_turn": 14.77790385472511, "coast_speed_mps": 7.732769395642453, "coast_speed_mph": 17.29771249920017}, "geometry": {"type": "Point", "coordinates": [-122.32361, 37.9415]}}, {"id": "1198", "type": "Feature", "properties": {"name": "Out & Back in Alvarado", "step": 1198, "lat": 37.94138, "lon": -122.3237, "elevation_m": 30.2, "time": null, "elevation_f": 99.081368, "step_elevation_m": 0.09999999999999787, "step_elevation_f": 0.32808399999998983, "step_dist_m": 15.502748035431404, "step_dist_f": 50.86203586456477, "step_grade": 0.006450469282700634, "step_turn": 19.187420798336717, "coast_speed_mps": 6.986574958569268, "coast_speed_mph": 15.62852308198206}, "geometry": {"type": "Point", "coordinates": [-122.3237, 37.94138]}}, {"id": "1199", "type": "Feature", "properties": {"name": "Out & Back in Alvarado", "step": 1199, "lat": 37.94094, "lon": -122.32392, "elevation_m": 30.6, "time": null, "elevation_f": 100.393704, "step_elevation_m": 0.40000000000000213, "step_elevation_f": 1.312336000000002, "step_dist_m": 52.59211185292342, "step_dist_f": 172.54630425154528, "step_grade": 0.0076057033252177235, "step_turn": 9.083039003425995, "coast_speed_mps": 3.803248870678107, "coast_speed_mph": 8.507625426534767}, "geometry": {"type": "Point", "coordinates": [-122.32392, 37.94094]}}, {"id": "1200", "type": "Feature", "properties": {"name": "Out & Back in Alvarado", "step": 1200, "lat": 37.94049, "lon": -122.32413, "elevation_m": 27.9, "time": null, "elevation_f": 91.53543599999999, "step_elevation_m": -2.700000000000003, "step_elevation_f": -8.85826800000001, "step_dist_m": 53.318940357994464, "step_dist_f": 174.93091228412254, "step_grade": -0.05063866577001795, "step_turn": 1.314973334759543, "coast_speed_mps": 7.3204190154259905, "coast_speed_mph": 16.375310968651537}, "geometry": {"type": "Point", "coordinates": [-122.32413, 37.94049]}}, {"id": "1201", "type": "Feature", "properties": {"name": "Out & Back in Alvarado", "step": 1201, "lat": 37.93992, "lon": -122.32439, "elevation_m": 27.3, "time": null, "elevation_f": 89.56693200000001, "step_elevation_m": -0.5999999999999979, "step_elevation_f": -1.9685039999999816, "step_dist_m": 67.35745874466693, "step_dist_f": 220.98904494785305, "step_grade": -0.008907699476526098, "step_turn": 0.4198840408517981, "coast_speed_mps": 5.397660944663195, "coast_speed_mph": 12.074223659321737}, "geometry": {"type": "Point", "coordinates": [-122.32439, 37.93992]}}, {"id": "1202", "type": "Feature", "properties": {"name": "Out & Back in Alvarado", "step": 1202, "lat": 37.93944, "lon": -122.3246, "elevation_m": 26.2, "time": null, "elevation_f": 85.95800799999999, "step_elevation_m": -1.1000000000000014, "step_elevation_f": -3.608924000000016, "step_dist_m": 56.46134296928325, "step_dist_f": 185.24063246734326, "step_grade": -0.01948235628398772, "step_turn": 0.7491351820349053, "coast_speed_mps": 5.492143358944812, "coast_speed_mph": 12.285574800789204}, "geometry": {"type": "Point", "coordinates": [-122.3246, 37.93944]}}, {"id": "1203", "type": "Feature", "properties": {"name": "Out & Back in Alvarado", "step": 1203, "lat": 37.93896, "lon": -122.3248, "elevation_m": 25.0, "time": null, "elevation_f": 82.021, "step_elevation_m": -1.1999999999999993, "step_elevation_f": -3.9370079999999916, "step_dist_m": 56.181462273016336, "step_dist_f": 184.32238868380293, "step_grade": -0.021359358611360905, "step_turn": 0.8453550493462387, "coast_speed_mps": 5.731107813648454, "coast_speed_mph": 12.820123062026772}, "geometry": {"type": "Point", "coordinates": [-122.3248, 37.93896]}}, {"id": "1204", "type": "Feature", "properties": {"name": "Out & Back in Alvarado", "step": 1204, "lat": 37.93887, "lon": -122.32454, "elevation_m": 25.3, "time": null, "elevation_f": 83.005252, "step_elevation_m": 0.3000000000000007, "step_elevation_f": 0.9842519999999979, "step_dist_m": 24.90043268945215, "step_dist_f": 81.69433558486219, "step_grade": 0.012047983412235284, "step_turn": 84.49401363247688, "coast_speed_mps": 2.8168909503893045, "coast_speed_mph": 6.301205597685445}, "geometry": {"type": "Point", "coordinates": [-122.32454, 37.93887]}}, {"id": "1205", "type": "Feature", "properties": {"name": "Out & Back in Alvarado", "step": 1205, "lat": 37.9388, "lon": -122.32446, "elevation_m": 26.1, "time": null, "elevation_f": 85.629924, "step_elevation_m": 0.8000000000000007, "step_elevation_f": 2.624672000000004, "step_dist_m": 10.478773871564456, "step_dist_f": 34.37918046878353, "step_grade": 0.07634480997542153, "step_turn": 24.27347232895403, "coast_speed_mps": 0.0, "coast_speed_mph": 0.0}, "geometry": {"type": "Point", "coordinates": [-122.32446, 37.9388]}}, {"id": "1206", "type": "Feature", "properties": {"name": "Out & Back in Alvarado", "step": 1206, "lat": 37.93846, "lon": -122.32433, "elevation_m": 27.9, "time": null, "elevation_f": 91.53543599999999, "step_elevation_m": 1.7999999999999972, "step_elevation_f": 5.905511999999987, "step_dist_m": 39.48779048873846, "step_dist_f": 129.5531225470727, "step_grade": 0.045583710248699276, "step_turn": 25.24871226794494, "coast_speed_mps": 0.0, "coast_speed_mph": 0.0}, "geometry": {"type": "Point", "coordinates": [-122.32433, 37.93846]}}, {"id": "1207", "type": "Feature", "properties": {"name": "Out & Back in Alvarado", "step": 1207, "lat": 37.93827, "lon": -122.32422, "elevation_m": 28.9, "time": null, "elevation_f": 94.81627599999999, "step_elevation_m": 1.0, "step_elevation_f": 3.2808399999999978, "step_dist_m": 23.225171707612766, "step_dist_f": 76.19807234520427, "step_grade": 0.04305673226399524, "step_turn": 7.760733645432538, "coast_speed_mps": 0.0, "coast_speed_mph": 0.0}, "geometry": {"type": "Point", "coordinates": [-122.32422, 37.93827]}}, {"id": "1208", "type": "Feature", "properties": {"name": "Out & Back in Alvarado", "step": 1208, "lat": 37.93812, "lon": -122.32417, "elevation_m": 29.4, "time": null, "elevation_f": 96.456696, "step_elevation_m": 0.5, "step_elevation_f": 1.640420000000006, "step_dist_m": 17.24597763658579, "step_dist_f": 56.58129326921612, "step_grade": 0.02899226767749571, "step_turn": 9.812168042216626, "coast_speed_mps": 0.0, "coast_speed_mph": 0.0}, "geometry": {"type": "Point", "coordinates": [-122.32417, 37.93812]}}, {"id": "1209", "type": "Feature", "properties": {"name": "Out & Back in Alvarado", "step": 1209, "lat": 37.93778, "lon": -122.32415, "elevation_m": 29.6, "time": null, "elevation_f": 97.112864, "step_elevation_m": 0.20000000000000284, "step_elevation_f": 0.6561680000000081, "step_dist_m": 37.846938203154465, "step_dist_f": 124.16974873443729, "step_grade": 0.005284443326074214, "step_turn": 12.073089565405098, "coast_speed_mps": 0.0, "coast_speed_mph": 0.0}, "geometry": {"type": "Point", "coordinates": [-122.32415, 37.93778]}}, {"id": "1210", "type": "Feature", "properties": {"name": "Out & Back in Alvarado", "step": 1210, "lat": 37.93756, "lon": -122.32411, "elevation_m": 29.6, "time": null, "elevation_f": 97.112864, "step_elevation_m": 0.0, "step_elevation_f": 0.0, "step_dist_m": 24.713113331080528, "step_dist_f": 81.07977074114224, "step_grade": 0.0, "step_turn": 5.5041786221361235, "coast_speed_mps": 0.0, "coast_speed_mph": 0.0}, "geometry": {"type": "Point", "coordinates": [-122.32411, 37.93756]}}, {"id": "1211", "type": "Feature", "properties": {"name": "Out & Back in Alvarado", "step": 1211, "lat": 37.93699, "lon": -122.32383, "elevation_m": 29.9, "time": null, "elevation_f": 98.097116, "step_elevation_m": 0.29999999999999716, "step_elevation_f": 0.9842519999999979, "step_dist_m": 67.97154005249395, "step_dist_f": 223.00374746582426, "step_grade": 0.004413611928879488, "step_turn": 13.017252420426303, "coast_speed_mps": 0.0, "coast_speed_mph": 0.0}, "geometry": {"type": "Point", "coordinates": [-122.32383, 37.93699]}}, {"id": "1212", "type": "Feature", "properties": {"name": "Out & Back in Alvarado", "step": 1212, "lat": 37.93641, "lon": -122.32355, "elevation_m": 29.3, "time": null, "elevation_f": 96.128612, "step_elevation_m": -0.5999999999999979, "step_elevation_f": -1.9685039999999958, "step_dist_m": 69.00963176116734, "step_dist_f": 226.40956026730825, "step_grade": -0.00869443851079388, "step_turn": 0.3333693952812382, "coast_speed_mps": 0.9696639617760016, "coast_speed_mph": 2.169076507193988}, "geometry": {"type": "Point", "coordinates": [-122.32355, 37.93641]}}, {"id": "1213", "type": "Feature", "properties": {"name": "Out & Back in Alvarado", "step": 1213, "lat": 37.93584, "lon": -122.32327, "elevation_m": 28.6, "time": null, "elevation_f": 93.832024, "step_elevation_m": -0.6999999999999993, "step_elevation_f": -2.296588, "step_dist_m": 67.97167884529554, "step_dist_f": 223.0042028227994, "step_grade": -0.010298406805475686, "step_turn": 0.3336713673054419, "coast_speed_mps": 1.884463556113812, "coast_speed_mph": 4.215424919724879}, "geometry": {"type": "Point", "coordinates": [-122.32327, 37.93584]}}, {"id": "1214", "type": "Feature", "properties": {"name": "Out & Back in Alvarado", "step": 1214, "lat": 37.93511, "lon": -122.32293, "elevation_m": 28.0, "time": null, "elevation_f": 91.86352, "step_elevation_m": -0.6000000000000014, "step_elevation_f": -1.96850400000001, "step_dist_m": 86.47572815132342, "step_dist_f": 283.71302794798794, "step_grade": -0.006938363085536147, "step_turn": 1.0074660226918013, "coast_speed_mps": 0.0, "coast_speed_mph": 0.0}, "geometry": {"type": "Point", "coordinates": [-122.32293, 37.93511]}}, {"id": "1215", "type": "Feature", "properties": {"name": "Out & Back in Alvarado", "step": 1215, "lat": 37.93467, "lon": -122.32276, "elevation_m": 27.4, "time": null, "elevation_f": 89.895016, "step_elevation_m": -0.6000000000000014, "step_elevation_f": -1.9685039999999958, "step_dist_m": 51.14696225091089, "step_dist_f": 167.8049996312785, "step_grade": -0.011730901965528086, "step_turn": 3.2229366782889883, "coast_speed_mps": 1.9349348322610387, "coast_speed_mph": 4.32832594904491}, "geometry": {"type": "Point", "coordinates": [-122.32276, 37.93467]}}, {"id": "1216", "type": "Feature", "properties": {"name": "Out & Back in Alvarado", "step": 1216, "lat": 37.93441, "lon": -122.3227, "elevation_m": 26.9, "time": null, "elevation_f": 88.25459599999999, "step_elevation_m": -0.5, "step_elevation_f": -1.640420000000006, "step_dist_m": 29.385654971037834, "step_dist_f": 96.40963225517977, "step_grade": -0.017015104835770865, "step_turn": 6.631991998164153, "coast_speed_mps": 2.85651779641976, "coast_speed_mph": 6.389848327710623}, "geometry": {"type": "Point", "coordinates": [-122.3227, 37.93441]}}, {"id": "1217", "type": "Feature", "properties": {"name": "Out & Back in Alvarado", "step": 1217, "lat": 37.93416, "lon": -122.32266, "elevation_m": 26.6, "time": null, "elevation_f": 87.27034400000001, "step_elevation_m": -0.29999999999999716, "step_elevation_f": -0.9842519999999837, "step_dist_m": 28.019205896685456, "step_dist_f": 91.92653147408151, "step_grade": -0.010706941556665808, "step_turn": 3.1231374037406567, "coast_speed_mps": 2.8324790400865085, "coast_speed_mph": 6.3360751612529205}, "geometry": {"type": "Point", "coordinates": [-122.32266, 37.93416]}}, {"id": "1218", "type": "Feature", "properties": {"name": "Out & Back in Alvarado", "step": 1218, "lat": 37.93376, "lon": -122.32265, "elevation_m": 26.2, "time": null, "elevation_f": 85.95800799999999, "step_elevation_m": -0.40000000000000213, "step_elevation_f": -1.3123360000000162, "step_dist_m": 44.486616320956564, "step_dist_f": 145.95347029044714, "step_grade": -0.008991468290465864, "step_turn": 6.062797599593409, "coast_speed_mps": 2.520264378965358, "coast_speed_mph": 5.637670854879552}, "geometry": {"type": "Point", "coordinates": [-122.32265, 37.93376]}}, {"id": "1219", "type": "Feature", "properties": {"name": "Out & Back in Alvarado", "step": 1219, "lat": 37.93336, "lon": -122.32261, "elevation_m": 25.3, "time": null, "elevation_f": 83.005252, "step_elevation_m": -0.8999999999999986, "step_elevation_f": -2.9527559999999937, "step_dist_m": 44.61610173107464, "step_dist_f": 146.37829120337892, "step_grade": -0.020172089561405093, "step_turn": 3.3801181126987103, "coast_speed_mps": 3.8720456728107706, "coast_speed_mph": 8.66151949000261}, "geometry": {"type": "Point", "coordinates": [-122.32261, 37.93336]}}, {"id": "1220", "type": "Feature", "properties": {"name": "Out & Back in Alvarado", "step": 1220, "lat": 37.93305, "lon": -122.32248, "elevation_m": 25.1, "time": null, "elevation_f": 82.349084, "step_elevation_m": -0.1999999999999993, "step_elevation_f": -0.6561679999999939, "step_dist_m": 36.307033832552456, "step_dist_f": 119.1175688791914, "step_grade": -0.005508574479600745, "step_turn": 13.792295713962972, "coast_speed_mps": 3.057669759581211, "coast_speed_mph": 6.839812454324463}, "geometry": {"type": "Point", "coordinates": [-122.32248, 37.93305]}}, {"id": "1221", "type": "Feature", "properties": {"name": "Out & Back in Alvarado", "step": 1221, "lat": 37.93254, "lon": -122.3222, "elevation_m": 24.9, "time": null, "elevation_f": 81.692916, "step_elevation_m": -0.20000000000000284, "step_elevation_f": -0.6561680000000081, "step_dist_m": 61.79802877215051, "step_dist_f": 202.74944471682227, "step_grade": -0.0032363491841690185, "step_turn": 5.112093757500588, "coast_speed_mps": 0.0, "coast_speed_mph": 0.0}, "geometry": {"type": "Point", "coordinates": [-122.3222, 37.93254]}}, {"id": "1222", "type": "Feature", "properties": {"name": "Out & Back in Alvarado", "step": 1222, "lat": 37.93221, "lon": -122.32196, "elevation_m": 25.0, "time": null, "elevation_f": 82.021, "step_elevation_m": 0.10000000000000142, "step_elevation_f": 0.32808400000000404, "step_dist_m": 42.30280822704426, "step_dist_f": 138.7887453436159, "step_grade": 0.0023639092578272673, "step_turn": 6.425689457986209, "coast_speed_mps": 0.0, "coast_speed_mph": 0.0}, "geometry": {"type": "Point", "coordinates": [-122.32196, 37.93221]}}, {"id": "1223", "type": "Feature", "properties": {"name": "Out & Back in Alvarado", "step": 1223, "lat": 37.93196, "lon": -122.32174, "elevation_m": 25.8, "time": null, "elevation_f": 84.645672, "step_elevation_m": 0.8000000000000007, "step_elevation_f": 2.624672000000004, "step_dist_m": 33.83874823557562, "step_dist_f": 111.01951876120592, "step_grade": 0.023641536454913493, "step_turn": 4.924429449451395, "coast_speed_mps": 0.0, "coast_speed_mph": 0.0}, "geometry": {"type": "Point", "coordinates": [-122.32174, 37.93196]}}, {"id": "1224", "type": "Feature", "properties": {"name": "Out & Back in Alvarado", "step": 1224, "lat": 37.9312, "lon": -122.32115, "elevation_m": 26.7, "time": null, "elevation_f": 87.598428, "step_elevation_m": 0.8999999999999986, "step_elevation_f": 2.9527559999999937, "step_dist_m": 99.092070130923, "step_dist_f": 325.1052273683374, "step_grade": 0.009082462388876278, "step_turn": 3.284278366821127, "coast_speed_mps": 0.0, "coast_speed_mph": 0.0}, "geometry": {"type": "Point", "coordinates": [-122.32115, 37.9312]}}, {"id": "1225", "type": "Feature", "properties": {"name": "Out & Back in Alvarado", "step": 1225, "lat": 37.93044, "lon": -122.32056, "elevation_m": 26.5, "time": null, "elevation_f": 86.94226, "step_elevation_m": -0.1999999999999993, "step_elevation_f": -0.6561679999999939, "step_dist_m": 99.09234947592799, "step_dist_f": 325.1061438546036, "step_grade": -0.0020183192855729422, "step_turn": 0.0002637785491970135, "coast_speed_mps": 0.0, "coast_speed_mph": 0.0}, "geometry": {"type": "Point", "coordinates": [-122.32056, 37.93044]}}, {"id": "1226", "type": "Feature", "properties": {"name": "Out & Back in Alvarado", "step": 1226, "lat": 37.93017, "lon": -122.32025, "elevation_m": 27.0, "time": null, "elevation_f": 88.58268, "step_elevation_m": 0.5, "step_elevation_f": 1.6404199999999918, "step_dist_m": 40.50422867108193, "step_dist_f": 132.88789359323243, "step_grade": 0.012344390114432073, "step_turn": 10.68424306771658, "coast_speed_mps": 0.0, "coast_speed_mph": 0.0}, "geometry": {"type": "Point", "coordinates": [-122.32025, 37.93017]}}, {"id": "1227", "type": "Feature", "properties": {"name": "Out & Back in Alvarado", "step": 1227, "lat": 37.93013, "lon": -122.32039, "elevation_m": 26.2, "time": null, "elevation_f": 85.95800799999999, "step_elevation_m": -0.8000000000000007, "step_elevation_f": -2.624672000000004, "step_dist_m": 13.05961210594028, "step_dist_f": 42.846497781653106, "step_grade": -0.061257562132041705, "step_turn": 112.25251082283745, "coast_speed_mps": 1.4714096484511061, "coast_speed_mph": 3.2914496430992854}, "geometry": {"type": "Point", "coordinates": [-122.32039, 37.93013]}}, {"id": "1228", "type": "Feature", "properties": {"name": "Out & Back in Alvarado", "step": 1228, "lat": 37.93004, "lon": -122.32049, "elevation_m": 25.4, "time": null, "elevation_f": 83.33333599999999, "step_elevation_m": -0.8000000000000007, "step_elevation_f": -2.624672000000004, "step_dist_m": 13.306946338369274, "step_dist_f": 43.65796182477545, "step_grade": -0.0601189769356234, "step_turn": 28.856634474462936, "coast_speed_mps": 3.636805344240458, "coast_speed_mph": 8.135301861668875}, "geometry": {"type": "Point", "coordinates": [-122.32049, 37.93004]}}, {"id": "1229", "type": "Feature", "properties": {"name": "Out & Back in Alvarado", "step": 1229, "lat": 37.92992, "lon": -122.32056, "elevation_m": 24.9, "time": null, "elevation_f": 81.692916, "step_elevation_m": -0.5, "step_elevation_f": -1.6404199999999918, "step_dist_m": 14.688053150175765, "step_dist_f": 48.189152297222655, "step_grade": -0.03404127115335341, "step_turn": 16.523682964644024, "coast_speed_mps": 4.787734289389347, "coast_speed_mph": 10.709856588648313}, "geometry": {"type": "Point", "coordinates": [-122.32056, 37.92992]}}, {"id": "1230", "type": "Feature", "properties": {"name": "Out & Back in Alvarado", "step": 1230, "lat": 37.92976, "lon": -122.32047, "elevation_m": 24.7, "time": null, "elevation_f": 81.036748, "step_elevation_m": -0.1999999999999993, "step_elevation_f": -0.6561679999999939, "step_dist_m": 19.46368800785377, "step_dist_f": 63.85724616368696, "step_grade": -0.010275544897724292, "step_turn": 48.63364471600366, "coast_speed_mps": 4.540986281057874, "coast_speed_mph": 10.157897013819499}, "geometry": {"type": "Point", "coordinates": [-122.32047, 37.92976]}}, {"id": "1231", "type": "Feature", "properties": {"name": "Out & Back in Alvarado", "step": 1231, "lat": 37.9296, "lon": -122.32037, "elevation_m": 24.5, "time": null, "elevation_f": 80.38058, "step_elevation_m": -0.1999999999999993, "step_elevation_f": -0.6561680000000081, "step_dist_m": 19.83560241913714, "step_dist_f": 65.07743784080189, "step_grade": -0.010082880054454096, "step_turn": 2.3164209629499055, "coast_speed_mps": 4.303980013508285, "coast_speed_mph": 9.62772909249347}, "geometry": {"type": "Point", "coordinates": [-122.32037, 37.9296]}}, {"id": "1232", "type": "Feature", "properties": {"name": "Out & Back in Alvarado", "step": 1232, "lat": 37.92925, "lon": -122.32008, "elevation_m": 24.6, "time": null, "elevation_f": 80.708664, "step_elevation_m": 0.10000000000000142, "step_elevation_f": 0.32808400000000404, "step_dist_m": 46.492685070760096, "step_dist_f": 152.53506088755256, "step_grade": 0.002150875989369193, "step_turn": 6.92441268734774, "coast_speed_mps": 1.7731046787675757, "coast_speed_mph": 3.9663222055466485}, "geometry": {"type": "Point", "coordinates": [-122.32008, 37.92925]}}]}