<?xml version="1.0" encoding="UTF-8"?>
<gpx xmlns:gpxdata="http://www.cluetrust.com/XML/GPXDATA/1/0" xmlns:xsi="http://www.w3.org/2001/XMLSchema-instance" xmlns="http://www.topografix.com/GPX/1/1" version="1.1" creator="http://ridewithgps.com/" xsi:schemaLocation="http://www.topografix.com/GPX/1/1 http://www.topografix.com/GPX/1/1/gpx.xsd http://www.cluetrust.com/XML/GPXDATA/1/0 http://www.cluetrust.com/Schemas/gpxdata10.xsd">
  <metadata>
    <name>Butters Canyon to Skyline Ridge to Chabot Loop</name>
    <link href="https://ridewithgps.com/routes/55921499">
      <text>Butters Canyon to Skyline Ridge to Chabot Loop</text>
    </link>
    <time>2026-07-01T15:30:15Z</time>
  </metadata>
  <trk>
    <name>Butters Canyon to Skyline Ridge to Chabot Loop</name>
    <trkseg>
      <trkpt lat="37.82792" lon="-122.26496">
        <ele>24.1</ele>
      </trkpt>
      <trkpt lat="37.8283" lon="-122.26486">
        <ele>24.7</ele>
      </trkpt>
      <trkpt lat="37.82834" lon="-122.26484">
        <ele>24.7</ele>
      </trkpt>
      <trkpt lat="37.82834" lon="-122.26482">
        <ele>24.7</ele>
      </trkpt>
      <trkpt lat="37.8283" lon="-122.26461">
        <ele>24.8</ele>
      </trkpt>
      <trkpt lat="37.82869" lon="-122.26449">
        <ele>25.4</ele>
      </trkpt>
      <trkpt lat="37.82927" lon="-122.26433">
        <ele>26.1</ele>
      </trkpt>
      <trkpt lat="37.82976" lon="-122.2642">
        <ele>26.6</ele>
      </trkpt>
      <trkpt lat="37.82983" lon="-122.26418">
        <ele>26.7</ele>
      </trkpt>
      <trkpt lat="37.82987" lon="-122.26417">
        <ele>26.7</ele>
      </trkpt>
      <trkpt lat="37.82995" lon="-122.26415">
        <ele>26.8</ele>
      </trkpt>
      <trkpt lat="37.82981" lon="-122.26329">
        <ele>27.2</ele>
      </trkpt>
      <trkpt lat="37.82967" lon="-122.26242">
        <ele>27.4</ele>
      </trkpt>
      <trkpt lat="37.82967" lon="-122.26242">
        <ele>27.4</ele>
      </trkpt>
      <trkpt lat="37.82953" lon="-122.26152">
        <ele>27.6</ele>
      </trkpt>
      <trkpt lat="37.82938" lon="-122.26063">
        <ele>27.7</ele>
      </trkpt>
      <trkpt lat="37.82922" lon="-122.2596">
        <ele>28.1</ele>
      </trkpt>
      <trkpt lat="37.82906" lon="-122.25857">
        <ele>28.5</ele>
      </trkpt>
      <trkpt lat="37.82886" lon="-122.25773">
        <ele>29.1</ele>
      </trkpt>
      <trkpt lat="37.82866" lon="-122.25689">
        <ele>30.0</ele>
      </trkpt>
      <trkpt lat="37.82846" lon="-122.25606">
        <ele>30.8</ele>
      </trkpt>
      <trkpt lat="37.82841" lon="-122.25588">
        <ele>31.0</ele>
      </trkpt>
      <trkpt lat="37.82804" lon="-122.25496">
        <ele>35.5</ele>
      </trkpt>
      <trkpt lat="37.82768" lon="-122.25403">
        <ele>36.2</ele>
      </trkpt>
      <trkpt lat="37.82756" lon="-122.25388">
        <ele>35.8</ele>
      </trkpt>
      <trkpt lat="37.82703" lon="-122.25324">
        <ele>34.3</ele>
      </trkpt>
      <trkpt lat="37.82639" lon="-122.25247">
        <ele>32.5</ele>
      </trkpt>
      <trkpt lat="37.82687" lon="-122.25184">
        <ele>33.7</ele>
      </trkpt>
      <trkpt lat="37.82734" lon="-122.2512">
        <ele>34.5</ele>
      </trkpt>
      <trkpt lat="37.82678" lon="-122.25053">
        <ele>31.1</ele>
      </trkpt>
      <trkpt lat="37.82678" lon="-122.25053">
        <ele>31.1</ele>
      </trkpt>
      <trkpt lat="37.82673" lon="-122.25048">
        <ele>30.9</ele>
      </trkpt>
      <trkpt lat="37.82664" lon="-122.25033">
        <ele>30.4</ele>
      </trkpt>
      <trkpt lat="37.82618" lon="-122.24958">
        <ele>30.6</ele>
      </trkpt>
      <trkpt lat="37.82571" lon="-122.24882">
        <ele>35.5</ele>
      </trkpt>
      <trkpt lat="37.82525" lon="-122.24806">
        <ele>42.9</ele>
      </trkpt>
      <trkpt lat="37.8252" lon="-122.24799">
        <ele>42.8</ele>
      </trkpt>
      <trkpt lat="37.825" lon="-122.24777">
        <ele>42.9</ele>
      </trkpt>
      <trkpt lat="37.82461" lon="-122.24748">
        <ele>41.0</ele>
      </trkpt>
      <trkpt lat="37.82422" lon="-122.2472">
        <ele>38.4</ele>
      </trkpt>
      <trkpt lat="37.8238" lon="-122.24685">
        <ele>35.3</ele>
      </trkpt>
      <trkpt lat="37.82364" lon="-122.24675">
        <ele>34.5</ele>
      </trkpt>
      <trkpt lat="37.82337" lon="-122.24664">
        <ele>33.3</ele>
      </trkpt>
      <trkpt lat="37.82326" lon="-122.24658">
        <ele>32.4</ele>
      </trkpt>
      <trkpt lat="37.82315" lon="-122.24649">
        <ele>31.1</ele>
      </trkpt>
      <trkpt lat="37.82254" lon="-122.24585">
        <ele>26.5</ele>
      </trkpt>
      <trkpt lat="37.82217" lon="-122.24543">
        <ele>23.5</ele>
      </trkpt>
      <trkpt lat="37.82202" lon="-122.24526">
        <ele>23.2</ele>
      </trkpt>
      <trkpt lat="37.82194" lon="-122.24515">
        <ele>22.7</ele>
      </trkpt>
      <trkpt lat="37.82186" lon="-122.245">
        <ele>21.5</ele>
      </trkpt>
      <trkpt lat="37.82175" lon="-122.24467">
        <ele>19.1</ele>
      </trkpt>
      <trkpt lat="37.8217" lon="-122.24449">
        <ele>18.3</ele>
      </trkpt>
      <trkpt lat="37.82158" lon="-122.24386">
        <ele>16.2</ele>
      </trkpt>
      <trkpt lat="37.82089" lon="-122.24407">
        <ele>15.3</ele>
      </trkpt>
      <trkpt lat="37.82021" lon="-122.24429">
        <ele>15.8</ele>
      </trkpt>
      <trkpt lat="37.81952" lon="-122.24451">
        <ele>13.0</ele>
      </trkpt>
      <trkpt lat="37.81883" lon="-122.24472">
        <ele>10.8</ele>
      </trkpt>
      <trkpt lat="37.81884" lon="-122.24455">
        <ele>11.2</ele>
      </trkpt>
      <trkpt lat="37.81886" lon="-122.24446">
        <ele>11.7</ele>
      </trkpt>
      <trkpt lat="37.8191" lon="-122.24404">
        <ele>14.3</ele>
      </trkpt>
      <trkpt lat="37.81952" lon="-122.24336">
        <ele>16.2</ele>
      </trkpt>
      <trkpt lat="37.81952" lon="-122.24336">
        <ele>16.2</ele>
      </trkpt>
      <trkpt lat="37.81956" lon="-122.24328">
        <ele>16.3</ele>
      </trkpt>
      <trkpt lat="37.81969" lon="-122.24302">
        <ele>16.3</ele>
      </trkpt>
      <trkpt lat="37.81978" lon="-122.24275">
        <ele>15.7</ele>
      </trkpt>
      <trkpt lat="37.81988" lon="-122.24243">
        <ele>15.4</ele>
      </trkpt>
      <trkpt lat="37.81985" lon="-122.24185">
        <ele>19.6</ele>
      </trkpt>
      <trkpt lat="37.81978" lon="-122.24131">
        <ele>21.1</ele>
      </trkpt>
      <trkpt lat="37.81979" lon="-122.24117">
        <ele>21.2</ele>
      </trkpt>
      <trkpt lat="37.81954" lon="-122.24076">
        <ele>22.6</ele>
      </trkpt>
      <trkpt lat="37.81947" lon="-122.24055">
        <ele>23.1</ele>
      </trkpt>
      <trkpt lat="37.81944" lon="-122.24032">
        <ele>23.2</ele>
      </trkpt>
      <trkpt lat="37.81943" lon="-122.24001">
        <ele>25.3</ele>
      </trkpt>
      <trkpt lat="37.81941" lon="-122.23986">
        <ele>26.6</ele>
      </trkpt>
      <trkpt lat="37.81937" lon="-122.23979">
        <ele>27.3</ele>
      </trkpt>
      <trkpt lat="37.81928" lon="-122.23971">
        <ele>28.6</ele>
      </trkpt>
      <trkpt lat="37.81904" lon="-122.2396">
        <ele>30.6</ele>
      </trkpt>
      <trkpt lat="37.81901" lon="-122.23957">
        <ele>31.0</ele>
      </trkpt>
      <trkpt lat="37.81899" lon="-122.23954">
        <ele>31.4</ele>
      </trkpt>
      <trkpt lat="37.81899" lon="-122.23949">
        <ele>31.9</ele>
      </trkpt>
      <trkpt lat="37.819" lon="-122.23942">
        <ele>32.7</ele>
      </trkpt>
      <trkpt lat="37.81917" lon="-122.23927">
        <ele>32.7</ele>
      </trkpt>
      <trkpt lat="37.81921" lon="-122.23921">
        <ele>32.4</ele>
      </trkpt>
      <trkpt lat="37.81924" lon="-122.23912">
        <ele>32.2</ele>
      </trkpt>
      <trkpt lat="37.81925" lon="-122.23904">
        <ele>32.1</ele>
      </trkpt>
      <trkpt lat="37.81924" lon="-122.23897">
        <ele>32.1</ele>
      </trkpt>
      <trkpt lat="37.81921" lon="-122.2389">
        <ele>32.2</ele>
      </trkpt>
      <trkpt lat="37.81917" lon="-122.23885">
        <ele>32.4</ele>
      </trkpt>
      <trkpt lat="37.81852" lon="-122.23813">
        <ele>40.2</ele>
      </trkpt>
      <trkpt lat="37.8185" lon="-122.23806">
        <ele>40.6</ele>
      </trkpt>
      <trkpt lat="37.8185" lon="-122.23801">
        <ele>40.9</ele>
      </trkpt>
      <trkpt lat="37.81855" lon="-122.23778">
        <ele>42.1</ele>
      </trkpt>
      <trkpt lat="37.81857" lon="-122.23762">
        <ele>42.8</ele>
      </trkpt>
      <trkpt lat="37.81855" lon="-122.23753">
        <ele>43.4</ele>
      </trkpt>
      <trkpt lat="37.81858" lon="-122.23725">
        <ele>44.8</ele>
      </trkpt>
      <trkpt lat="37.8186" lon="-122.23715">
        <ele>45.0</ele>
      </trkpt>
      <trkpt lat="37.81865" lon="-122.23706">
        <ele>45.2</ele>
      </trkpt>
      <trkpt lat="37.8187" lon="-122.23699">
        <ele>45.4</ele>
      </trkpt>
      <trkpt lat="37.81883" lon="-122.23686">
        <ele>46.5</ele>
      </trkpt>
      <trkpt lat="37.81891" lon="-122.23673">
        <ele>47.0</ele>
      </trkpt>
      <trkpt lat="37.819" lon="-122.23648">
        <ele>47.5</ele>
      </trkpt>
      <trkpt lat="37.81904" lon="-122.23639">
        <ele>48.2</ele>
      </trkpt>
      <trkpt lat="37.81933" lon="-122.23603">
        <ele>51.9</ele>
      </trkpt>
      <trkpt lat="37.81942" lon="-122.23584">
        <ele>52.3</ele>
      </trkpt>
      <trkpt lat="37.81943" lon="-122.23573">
        <ele>52.2</ele>
      </trkpt>
      <trkpt lat="37.81943" lon="-122.23533">
        <ele>51.6</ele>
      </trkpt>
      <trkpt lat="37.81947" lon="-122.23519">
        <ele>51.9</ele>
      </trkpt>
      <trkpt lat="37.81954" lon="-122.23506">
        <ele>52.4</ele>
      </trkpt>
      <trkpt lat="37.81981" lon="-122.23478">
        <ele>55.2</ele>
      </trkpt>
      <trkpt lat="37.81986" lon="-122.23468">
        <ele>56.0</ele>
      </trkpt>
      <trkpt lat="37.82001" lon="-122.23452">
        <ele>57.3</ele>
      </trkpt>
      <trkpt lat="37.82007" lon="-122.23435">
        <ele>57.6</ele>
      </trkpt>
      <trkpt lat="37.82008" lon="-122.2341">
        <ele>57.5</ele>
      </trkpt>
      <trkpt lat="37.82006" lon="-122.23397">
        <ele>58.1</ele>
      </trkpt>
      <trkpt lat="37.81999" lon="-122.23379">
        <ele>60.0</ele>
      </trkpt>
      <trkpt lat="37.81991" lon="-122.23355">
        <ele>62.4</ele>
      </trkpt>
      <trkpt lat="37.8199" lon="-122.23324">
        <ele>65.0</ele>
      </trkpt>
      <trkpt lat="37.81978" lon="-122.23315">
        <ele>65.2</ele>
      </trkpt>
      <trkpt lat="37.8196" lon="-122.23297">
        <ele>66.6</ele>
      </trkpt>
      <trkpt lat="37.81952" lon="-122.23287">
        <ele>68.2</ele>
      </trkpt>
      <trkpt lat="37.81946" lon="-122.23274">
        <ele>69.8</ele>
      </trkpt>
      <trkpt lat="37.81944" lon="-122.23266">
        <ele>70.4</ele>
      </trkpt>
      <trkpt lat="37.81945" lon="-122.23247">
        <ele>72.6</ele>
      </trkpt>
      <trkpt lat="37.81943" lon="-122.23235">
        <ele>73.5</ele>
      </trkpt>
      <trkpt lat="37.81938" lon="-122.23223">
        <ele>73.9</ele>
      </trkpt>
      <trkpt lat="37.81923" lon="-122.23209">
        <ele>75.2</ele>
      </trkpt>
      <trkpt lat="37.81917" lon="-122.232">
        <ele>76.2</ele>
      </trkpt>
      <trkpt lat="37.81914" lon="-122.23188">
        <ele>76.5</ele>
      </trkpt>
      <trkpt lat="37.81912" lon="-122.23165">
        <ele>76.5</ele>
      </trkpt>
      <trkpt lat="37.81915" lon="-122.23139">
        <ele>78.8</ele>
      </trkpt>
      <trkpt lat="37.81923" lon="-122.23115">
        <ele>81.6</ele>
      </trkpt>
      <trkpt lat="37.81933" lon="-122.23098">
        <ele>82.7</ele>
      </trkpt>
      <trkpt lat="37.81943" lon="-122.23079">
        <ele>83.7</ele>
      </trkpt>
      <trkpt lat="37.81948" lon="-122.23054">
        <ele>83.8</ele>
      </trkpt>
      <trkpt lat="37.81952" lon="-122.23006">
        <ele>87.6</ele>
      </trkpt>
      <trkpt lat="37.81958" lon="-122.2299">
        <ele>87.8</ele>
      </trkpt>
      <trkpt lat="37.81963" lon="-122.22981">
        <ele>87.8</ele>
      </trkpt>
      <trkpt lat="37.81969" lon="-122.22972">
        <ele>87.8</ele>
      </trkpt>
      <trkpt lat="37.81975" lon="-122.22966">
        <ele>87.8</ele>
      </trkpt>
      <trkpt lat="37.81983" lon="-122.2296">
        <ele>87.9</ele>
      </trkpt>
      <trkpt lat="37.81994" lon="-122.22955">
        <ele>88.9</ele>
      </trkpt>
      <trkpt lat="37.82003" lon="-122.22953">
        <ele>90.5</ele>
      </trkpt>
      <trkpt lat="37.82002" lon="-122.22862">
        <ele>93.6</ele>
      </trkpt>
      <trkpt lat="37.82002" lon="-122.22771">
        <ele>100.9</ele>
      </trkpt>
      <trkpt lat="37.82002" lon="-122.22771">
        <ele>100.9</ele>
      </trkpt>
      <trkpt lat="37.82002" lon="-122.22686">
        <ele>105.6</ele>
      </trkpt>
      <trkpt lat="37.82002" lon="-122.22601">
        <ele>109.7</ele>
      </trkpt>
      <trkpt lat="37.82003" lon="-122.22523">
        <ele>115.7</ele>
      </trkpt>
      <trkpt lat="37.81945" lon="-122.22522">
        <ele>114.3</ele>
      </trkpt>
      <trkpt lat="37.81887" lon="-122.22522">
        <ele>112.2</ele>
      </trkpt>
      <trkpt lat="37.81857" lon="-122.22469">
        <ele>114.7</ele>
      </trkpt>
      <trkpt lat="37.81814" lon="-122.22398">
        <ele>118.2</ele>
      </trkpt>
      <trkpt lat="37.81781" lon="-122.22346">
        <ele>121.8</ele>
      </trkpt>
      <trkpt lat="37.81777" lon="-122.22335">
        <ele>122.0</ele>
      </trkpt>
      <trkpt lat="37.81773" lon="-122.22321">
        <ele>122.0</ele>
      </trkpt>
      <trkpt lat="37.81771" lon="-122.22303">
        <ele>121.8</ele>
      </trkpt>
      <trkpt lat="37.81771" lon="-122.22287">
        <ele>121.8</ele>
      </trkpt>
      <trkpt lat="37.81772" lon="-122.22265">
        <ele>121.6</ele>
      </trkpt>
      <trkpt lat="37.81775" lon="-122.22243">
        <ele>121.8</ele>
      </trkpt>
      <trkpt lat="37.8178" lon="-122.22222">
        <ele>121.7</ele>
      </trkpt>
      <trkpt lat="37.81788" lon="-122.22202">
        <ele>121.7</ele>
      </trkpt>
      <trkpt lat="37.81797" lon="-122.22184">
        <ele>121.5</ele>
      </trkpt>
      <trkpt lat="37.81825" lon="-122.22136">
        <ele>119.1</ele>
      </trkpt>
      <trkpt lat="37.81852" lon="-122.22089">
        <ele>115.4</ele>
      </trkpt>
      <trkpt lat="37.81836" lon="-122.22075">
        <ele>114.4</ele>
      </trkpt>
      <trkpt lat="37.81815" lon="-122.22063">
        <ele>112.6</ele>
      </trkpt>
      <trkpt lat="37.818" lon="-122.22054">
        <ele>110.8</ele>
      </trkpt>
      <trkpt lat="37.81779" lon="-122.22035">
        <ele>108.9</ele>
      </trkpt>
      <trkpt lat="37.81758" lon="-122.22006">
        <ele>106.4</ele>
      </trkpt>
      <trkpt lat="37.81752" lon="-122.21991">
        <ele>106.5</ele>
      </trkpt>
      <trkpt lat="37.81746" lon="-122.21978">
        <ele>107.3</ele>
      </trkpt>
      <trkpt lat="37.81738" lon="-122.21965">
        <ele>107.3</ele>
      </trkpt>
      <trkpt lat="37.81731" lon="-122.21959">
        <ele>105.7</ele>
      </trkpt>
      <trkpt lat="37.81725" lon="-122.21958">
        <ele>104.3</ele>
      </trkpt>
      <trkpt lat="37.81705" lon="-122.21959">
        <ele>102.2</ele>
      </trkpt>
      <trkpt lat="37.81691" lon="-122.21958">
        <ele>101.7</ele>
      </trkpt>
      <trkpt lat="37.81688" lon="-122.21956">
        <ele>101.8</ele>
      </trkpt>
      <trkpt lat="37.81688" lon="-122.21956">
        <ele>101.8</ele>
      </trkpt>
      <trkpt lat="37.81681" lon="-122.21953">
        <ele>101.9</ele>
      </trkpt>
      <trkpt lat="37.81667" lon="-122.21943">
        <ele>102.0</ele>
      </trkpt>
      <trkpt lat="37.81654" lon="-122.21928">
        <ele>102.2</ele>
      </trkpt>
      <trkpt lat="37.8165" lon="-122.21918">
        <ele>102.2</ele>
      </trkpt>
      <trkpt lat="37.81649" lon="-122.21907">
        <ele>101.8</ele>
      </trkpt>
      <trkpt lat="37.8165" lon="-122.21899">
        <ele>101.5</ele>
      </trkpt>
      <trkpt lat="37.81655" lon="-122.21888">
        <ele>101.6</ele>
      </trkpt>
      <trkpt lat="37.81686" lon="-122.21854">
        <ele>101.1</ele>
      </trkpt>
      <trkpt lat="37.817" lon="-122.21837">
        <ele>100.7</ele>
      </trkpt>
      <trkpt lat="37.81709" lon="-122.21823">
        <ele>101.7</ele>
      </trkpt>
      <trkpt lat="37.81715" lon="-122.21809">
        <ele>103.1</ele>
      </trkpt>
      <trkpt lat="37.81712" lon="-122.21798">
        <ele>103.4</ele>
      </trkpt>
      <trkpt lat="37.81705" lon="-122.21791">
        <ele>103.1</ele>
      </trkpt>
      <trkpt lat="37.81699" lon="-122.21788">
        <ele>102.8</ele>
      </trkpt>
      <trkpt lat="37.81691" lon="-122.21789">
        <ele>102.2</ele>
      </trkpt>
      <trkpt lat="37.81682" lon="-122.21792">
        <ele>101.7</ele>
      </trkpt>
      <trkpt lat="37.81603" lon="-122.21839">
        <ele>100.3</ele>
      </trkpt>
      <trkpt lat="37.81592" lon="-122.21843">
        <ele>100.3</ele>
      </trkpt>
      <trkpt lat="37.81581" lon="-122.21846">
        <ele>100.5</ele>
      </trkpt>
      <trkpt lat="37.81562" lon="-122.21846">
        <ele>101.7</ele>
      </trkpt>
      <trkpt lat="37.81553" lon="-122.21848">
        <ele>102.1</ele>
      </trkpt>
      <trkpt lat="37.81548" lon="-122.21851">
        <ele>102.1</ele>
      </trkpt>
      <trkpt lat="37.81545" lon="-122.21856">
        <ele>101.9</ele>
      </trkpt>
      <trkpt lat="37.81542" lon="-122.21865">
        <ele>101.6</ele>
      </trkpt>
      <trkpt lat="37.81536" lon="-122.21894">
        <ele>100.3</ele>
      </trkpt>
      <trkpt lat="37.81533" lon="-122.21901">
        <ele>100.1</ele>
      </trkpt>
      <trkpt lat="37.8153" lon="-122.21907">
        <ele>100.1</ele>
      </trkpt>
      <trkpt lat="37.81525" lon="-122.21912">
        <ele>100.6</ele>
      </trkpt>
      <trkpt lat="37.81515" lon="-122.21919">
        <ele>100.8</ele>
      </trkpt>
      <trkpt lat="37.81485" lon="-122.21934">
        <ele>101.0</ele>
      </trkpt>
      <trkpt lat="37.81473" lon="-122.21937">
        <ele>101.3</ele>
      </trkpt>
      <trkpt lat="37.81463" lon="-122.21937">
        <ele>101.7</ele>
      </trkpt>
      <trkpt lat="37.81454" lon="-122.21933">
        <ele>102.4</ele>
      </trkpt>
      <trkpt lat="37.81448" lon="-122.21927">
        <ele>103.0</ele>
      </trkpt>
      <trkpt lat="37.81442" lon="-122.2192">
        <ele>103.3</ele>
      </trkpt>
      <trkpt lat="37.81438" lon="-122.21909">
        <ele>103.3</ele>
      </trkpt>
      <trkpt lat="37.81437" lon="-122.21898">
        <ele>103.1</ele>
      </trkpt>
      <trkpt lat="37.81437" lon="-122.21887">
        <ele>103.6</ele>
      </trkpt>
      <trkpt lat="37.81439" lon="-122.21876">
        <ele>104.7</ele>
      </trkpt>
      <trkpt lat="37.81447" lon="-122.21856">
        <ele>106.7</ele>
      </trkpt>
      <trkpt lat="37.81447" lon="-122.21849">
        <ele>106.9</ele>
      </trkpt>
      <trkpt lat="37.81447" lon="-122.2184">
        <ele>107.2</ele>
      </trkpt>
      <trkpt lat="37.81444" lon="-122.21831">
        <ele>106.8</ele>
      </trkpt>
      <trkpt lat="37.81443" lon="-122.21821">
        <ele>106.8</ele>
      </trkpt>
      <trkpt lat="37.81444" lon="-122.21809">
        <ele>106.8</ele>
      </trkpt>
      <trkpt lat="37.81447" lon="-122.21798">
        <ele>106.9</ele>
      </trkpt>
      <trkpt lat="37.81451" lon="-122.21789">
        <ele>107.0</ele>
      </trkpt>
      <trkpt lat="37.81461" lon="-122.21776">
        <ele>108.3</ele>
      </trkpt>
      <trkpt lat="37.81474" lon="-122.21767">
        <ele>109.5</ele>
      </trkpt>
      <trkpt lat="37.81479" lon="-122.21761">
        <ele>109.6</ele>
      </trkpt>
      <trkpt lat="37.81481" lon="-122.21755">
        <ele>109.6</ele>
      </trkpt>
      <trkpt lat="37.81482" lon="-122.21744">
        <ele>109.5</ele>
      </trkpt>
      <trkpt lat="37.81479" lon="-122.21734">
        <ele>109.3</ele>
      </trkpt>
      <trkpt lat="37.81473" lon="-122.21724">
        <ele>109.5</ele>
      </trkpt>
      <trkpt lat="37.81467" lon="-122.21722">
        <ele>109.7</ele>
      </trkpt>
      <trkpt lat="37.81427" lon="-122.21721">
        <ele>109.2</ele>
      </trkpt>
      <trkpt lat="37.81413" lon="-122.21712">
        <ele>109.3</ele>
      </trkpt>
      <trkpt lat="37.81398" lon="-122.21702">
        <ele>108.9</ele>
      </trkpt>
      <trkpt lat="37.81392" lon="-122.21693">
        <ele>109.0</ele>
      </trkpt>
      <trkpt lat="37.81383" lon="-122.21688">
        <ele>109.0</ele>
      </trkpt>
      <trkpt lat="37.81373" lon="-122.21684">
        <ele>109.3</ele>
      </trkpt>
      <trkpt lat="37.81354" lon="-122.21682">
        <ele>110.8</ele>
      </trkpt>
      <trkpt lat="37.81347" lon="-122.2168">
        <ele>111.8</ele>
      </trkpt>
      <trkpt lat="37.81342" lon="-122.21677">
        <ele>112.5</ele>
      </trkpt>
      <trkpt lat="37.81335" lon="-122.21668">
        <ele>113.1</ele>
      </trkpt>
      <trkpt lat="37.81328" lon="-122.21655">
        <ele>113.1</ele>
      </trkpt>
      <trkpt lat="37.81324" lon="-122.21642">
        <ele>112.7</ele>
      </trkpt>
      <trkpt lat="37.81322" lon="-122.21628">
        <ele>112.0</ele>
      </trkpt>
      <trkpt lat="37.81324" lon="-122.21617">
        <ele>112.3</ele>
      </trkpt>
      <trkpt lat="37.81328" lon="-122.21606">
        <ele>112.8</ele>
      </trkpt>
      <trkpt lat="37.81334" lon="-122.21597">
        <ele>113.6</ele>
      </trkpt>
      <trkpt lat="37.81339" lon="-122.21588">
        <ele>114.2</ele>
      </trkpt>
      <trkpt lat="37.81341" lon="-122.21579">
        <ele>114.1</ele>
      </trkpt>
      <trkpt lat="37.81342" lon="-122.21568">
        <ele>113.7</ele>
      </trkpt>
      <trkpt lat="37.81339" lon="-122.21555">
        <ele>113.7</ele>
      </trkpt>
      <trkpt lat="37.81333" lon="-122.21543">
        <ele>114.9</ele>
      </trkpt>
      <trkpt lat="37.81324" lon="-122.21535">
        <ele>115.7</ele>
      </trkpt>
      <trkpt lat="37.813" lon="-122.21526">
        <ele>118.4</ele>
      </trkpt>
      <trkpt lat="37.81295" lon="-122.21521">
        <ele>118.4</ele>
      </trkpt>
      <trkpt lat="37.81289" lon="-122.21515">
        <ele>118.2</ele>
      </trkpt>
      <trkpt lat="37.81286" lon="-122.21509">
        <ele>118.0</ele>
      </trkpt>
      <trkpt lat="37.81275" lon="-122.21481">
        <ele>117.3</ele>
      </trkpt>
      <trkpt lat="37.81265" lon="-122.2146">
        <ele>115.9</ele>
      </trkpt>
      <trkpt lat="37.81245" lon="-122.21401">
        <ele>115.3</ele>
      </trkpt>
      <trkpt lat="37.81236" lon="-122.21375">
        <ele>115.0</ele>
      </trkpt>
      <trkpt lat="37.81195" lon="-122.21294">
        <ele>114.2</ele>
      </trkpt>
      <trkpt lat="37.8115" lon="-122.2122">
        <ele>113.4</ele>
      </trkpt>
      <trkpt lat="37.81147" lon="-122.21209">
        <ele>113.3</ele>
      </trkpt>
      <trkpt lat="37.81147" lon="-122.21197">
        <ele>113.7</ele>
      </trkpt>
      <trkpt lat="37.81146" lon="-122.21192">
        <ele>113.8</ele>
      </trkpt>
      <trkpt lat="37.81133" lon="-122.21169">
        <ele>115.6</ele>
      </trkpt>
      <trkpt lat="37.81128" lon="-122.21155">
        <ele>117.9</ele>
      </trkpt>
      <trkpt lat="37.81125" lon="-122.21142">
        <ele>118.9</ele>
      </trkpt>
      <trkpt lat="37.81124" lon="-122.21126">
        <ele>120.5</ele>
      </trkpt>
      <trkpt lat="37.81126" lon="-122.21113">
        <ele>122.4</ele>
      </trkpt>
      <trkpt lat="37.81132" lon="-122.21085">
        <ele>123.8</ele>
      </trkpt>
      <trkpt lat="37.81136" lon="-122.21071">
        <ele>123.9</ele>
      </trkpt>
      <trkpt lat="37.81163" lon="-122.21003">
        <ele>125.9</ele>
      </trkpt>
      <trkpt lat="37.81164" lon="-122.20992">
        <ele>126.3</ele>
      </trkpt>
      <trkpt lat="37.81163" lon="-122.20972">
        <ele>127.0</ele>
      </trkpt>
      <trkpt lat="37.81166" lon="-122.20967">
        <ele>127.5</ele>
      </trkpt>
      <trkpt lat="37.81184" lon="-122.20955">
        <ele>128.6</ele>
      </trkpt>
      <trkpt lat="37.81195" lon="-122.20953">
        <ele>129.3</ele>
      </trkpt>
      <trkpt lat="37.81205" lon="-122.20959">
        <ele>131.1</ele>
      </trkpt>
      <trkpt lat="37.81213" lon="-122.20975">
        <ele>132.6</ele>
      </trkpt>
      <trkpt lat="37.81213" lon="-122.21009">
        <ele>133.0</ele>
      </trkpt>
      <trkpt lat="37.81213" lon="-122.21009">
        <ele>133.0</ele>
      </trkpt>
      <trkpt lat="37.81213" lon="-122.21009">
        <ele>133.0</ele>
      </trkpt>
      <trkpt lat="37.81212" lon="-122.21036">
        <ele>135.5</ele>
      </trkpt>
      <trkpt lat="37.81214" lon="-122.21047">
        <ele>136.5</ele>
      </trkpt>
      <trkpt lat="37.81219" lon="-122.21056">
        <ele>137.2</ele>
      </trkpt>
      <trkpt lat="37.81227" lon="-122.21061">
        <ele>137.9</ele>
      </trkpt>
      <trkpt lat="37.81251" lon="-122.21069">
        <ele>140.1</ele>
      </trkpt>
      <trkpt lat="37.81268" lon="-122.21079">
        <ele>142.7</ele>
      </trkpt>
      <trkpt lat="37.81273" lon="-122.21085">
        <ele>143.5</ele>
      </trkpt>
      <trkpt lat="37.81282" lon="-122.211">
        <ele>144.1</ele>
      </trkpt>
      <trkpt lat="37.81289" lon="-122.2111">
        <ele>144.3</ele>
      </trkpt>
      <trkpt lat="37.81297" lon="-122.21115">
        <ele>144.9</ele>
      </trkpt>
      <trkpt lat="37.81305" lon="-122.21117">
        <ele>146.0</ele>
      </trkpt>
      <trkpt lat="37.81313" lon="-122.21116">
        <ele>147.1</ele>
      </trkpt>
      <trkpt lat="37.81321" lon="-122.21112">
        <ele>148.1</ele>
      </trkpt>
      <trkpt lat="37.81326" lon="-122.21104">
        <ele>148.9</ele>
      </trkpt>
      <trkpt lat="37.81329" lon="-122.2109">
        <ele>149.7</ele>
      </trkpt>
      <trkpt lat="37.81329" lon="-122.21072">
        <ele>150.6</ele>
      </trkpt>
      <trkpt lat="37.81326" lon="-122.21052">
        <ele>151.3</ele>
      </trkpt>
      <trkpt lat="37.81318" lon="-122.21034">
        <ele>153.6</ele>
      </trkpt>
      <trkpt lat="37.81301" lon="-122.20997">
        <ele>156.2</ele>
      </trkpt>
      <trkpt lat="37.81289" lon="-122.2094">
        <ele>160.8</ele>
      </trkpt>
      <trkpt lat="37.81285" lon="-122.20919">
        <ele>162.0</ele>
      </trkpt>
      <trkpt lat="37.81283" lon="-122.20888">
        <ele>164.5</ele>
      </trkpt>
      <trkpt lat="37.81281" lon="-122.20864">
        <ele>167.2</ele>
      </trkpt>
      <trkpt lat="37.81281" lon="-122.20815">
        <ele>171.4</ele>
      </trkpt>
      <trkpt lat="37.81285" lon="-122.20804">
        <ele>173.3</ele>
      </trkpt>
      <trkpt lat="37.81291" lon="-122.20797">
        <ele>174.6</ele>
      </trkpt>
      <trkpt lat="37.81301" lon="-122.20794">
        <ele>174.9</ele>
      </trkpt>
      <trkpt lat="37.81311" lon="-122.20794">
        <ele>175.0</ele>
      </trkpt>
      <trkpt lat="37.81326" lon="-122.20796">
        <ele>175.1</ele>
      </trkpt>
      <trkpt lat="37.81334" lon="-122.208">
        <ele>174.8</ele>
      </trkpt>
      <trkpt lat="37.81341" lon="-122.20806">
        <ele>174.4</ele>
      </trkpt>
      <trkpt lat="37.81346" lon="-122.20815">
        <ele>174.0</ele>
      </trkpt>
      <trkpt lat="37.81355" lon="-122.20845">
        <ele>173.7</ele>
      </trkpt>
      <trkpt lat="37.81359" lon="-122.20855">
        <ele>173.6</ele>
      </trkpt>
      <trkpt lat="37.81382" lon="-122.20881">
        <ele>174.9</ele>
      </trkpt>
      <trkpt lat="37.81395" lon="-122.209">
        <ele>174.2</ele>
      </trkpt>
      <trkpt lat="37.81401" lon="-122.20903">
        <ele>174.4</ele>
      </trkpt>
      <trkpt lat="37.8141" lon="-122.20903">
        <ele>175.1</ele>
      </trkpt>
      <trkpt lat="37.81422" lon="-122.20901">
        <ele>176.1</ele>
      </trkpt>
      <trkpt lat="37.81435" lon="-122.20902">
        <ele>176.9</ele>
      </trkpt>
      <trkpt lat="37.8144" lon="-122.20905">
        <ele>176.8</ele>
      </trkpt>
      <trkpt lat="37.81446" lon="-122.20911">
        <ele>176.4</ele>
      </trkpt>
      <trkpt lat="37.8145" lon="-122.20919">
        <ele>175.9</ele>
      </trkpt>
      <trkpt lat="37.81462" lon="-122.20948">
        <ele>175.7</ele>
      </trkpt>
      <trkpt lat="37.81467" lon="-122.20953">
        <ele>176.8</ele>
      </trkpt>
      <trkpt lat="37.81474" lon="-122.20955">
        <ele>178.6</ele>
      </trkpt>
      <trkpt lat="37.81482" lon="-122.20955">
        <ele>179.9</ele>
      </trkpt>
      <trkpt lat="37.81495" lon="-122.20956">
        <ele>181.2</ele>
      </trkpt>
      <trkpt lat="37.81503" lon="-122.2096">
        <ele>181.5</ele>
      </trkpt>
      <trkpt lat="37.81509" lon="-122.20966">
        <ele>181.7</ele>
      </trkpt>
      <trkpt lat="37.81513" lon="-122.20976">
        <ele>181.7</ele>
      </trkpt>
      <trkpt lat="37.81515" lon="-122.20987">
        <ele>181.7</ele>
      </trkpt>
      <trkpt lat="37.81516" lon="-122.21">
        <ele>182.5</ele>
      </trkpt>
      <trkpt lat="37.81518" lon="-122.21014">
        <ele>184.9</ele>
      </trkpt>
      <trkpt lat="37.81522" lon="-122.21024">
        <ele>186.3</ele>
      </trkpt>
      <trkpt lat="37.81528" lon="-122.2103">
        <ele>186.7</ele>
      </trkpt>
      <trkpt lat="37.81535" lon="-122.21031">
        <ele>186.6</ele>
      </trkpt>
      <trkpt lat="37.81541" lon="-122.2103">
        <ele>186.1</ele>
      </trkpt>
      <trkpt lat="37.81546" lon="-122.21025">
        <ele>185.9</ele>
      </trkpt>
      <trkpt lat="37.81549" lon="-122.21016">
        <ele>186.0</ele>
      </trkpt>
      <trkpt lat="37.81554" lon="-122.20982">
        <ele>187.8</ele>
      </trkpt>
      <trkpt lat="37.81558" lon="-122.20973">
        <ele>188.6</ele>
      </trkpt>
      <trkpt lat="37.81563" lon="-122.20966">
        <ele>190.5</ele>
      </trkpt>
      <trkpt lat="37.81568" lon="-122.2096">
        <ele>191.9</ele>
      </trkpt>
      <trkpt lat="37.81578" lon="-122.20956">
        <ele>192.3</ele>
      </trkpt>
      <trkpt lat="37.81598" lon="-122.20951">
        <ele>191.6</ele>
      </trkpt>
      <trkpt lat="37.81603" lon="-122.20948">
        <ele>191.4</ele>
      </trkpt>
      <trkpt lat="37.81607" lon="-122.20944">
        <ele>191.4</ele>
      </trkpt>
      <trkpt lat="37.8161" lon="-122.20935">
        <ele>191.9</ele>
      </trkpt>
      <trkpt lat="37.81612" lon="-122.20921">
        <ele>192.6</ele>
      </trkpt>
      <trkpt lat="37.81615" lon="-122.20902">
        <ele>192.9</ele>
      </trkpt>
      <trkpt lat="37.81619" lon="-122.20891">
        <ele>193.0</ele>
      </trkpt>
      <trkpt lat="37.81656" lon="-122.20854">
        <ele>193.3</ele>
      </trkpt>
      <trkpt lat="37.81656" lon="-122.20854">
        <ele>193.3</ele>
      </trkpt>
      <trkpt lat="37.81672" lon="-122.20837">
        <ele>194.0</ele>
      </trkpt>
      <trkpt lat="37.81682" lon="-122.2082">
        <ele>196.4</ele>
      </trkpt>
      <trkpt lat="37.81689" lon="-122.20803">
        <ele>196.9</ele>
      </trkpt>
      <trkpt lat="37.81693" lon="-122.20783">
        <ele>197.0</ele>
      </trkpt>
      <trkpt lat="37.81693" lon="-122.20765">
        <ele>197.0</ele>
      </trkpt>
      <trkpt lat="37.81687" lon="-122.20729">
        <ele>197.3</ele>
      </trkpt>
      <trkpt lat="37.81687" lon="-122.20705">
        <ele>197.5</ele>
      </trkpt>
      <trkpt lat="37.81691" lon="-122.20678">
        <ele>198.8</ele>
      </trkpt>
      <trkpt lat="37.81697" lon="-122.20652">
        <ele>202.0</ele>
      </trkpt>
      <trkpt lat="37.81698" lon="-122.20638">
        <ele>203.1</ele>
      </trkpt>
      <trkpt lat="37.81696" lon="-122.20622">
        <ele>203.4</ele>
      </trkpt>
      <trkpt lat="37.81693" lon="-122.20608">
        <ele>203.1</ele>
      </trkpt>
      <trkpt lat="37.81687" lon="-122.20596">
        <ele>203.0</ele>
      </trkpt>
      <trkpt lat="37.8168" lon="-122.20586">
        <ele>203.0</ele>
      </trkpt>
      <trkpt lat="37.81663" lon="-122.20567">
        <ele>203.2</ele>
      </trkpt>
      <trkpt lat="37.81609" lon="-122.205">
        <ele>199.6</ele>
      </trkpt>
      <trkpt lat="37.81556" lon="-122.20433">
        <ele>192.7</ele>
      </trkpt>
      <trkpt lat="37.81547" lon="-122.20417">
        <ele>192.8</ele>
      </trkpt>
      <trkpt lat="37.81543" lon="-122.20398">
        <ele>192.2</ele>
      </trkpt>
      <trkpt lat="37.81544" lon="-122.20351">
        <ele>187.1</ele>
      </trkpt>
      <trkpt lat="37.81543" lon="-122.20335">
        <ele>185.6</ele>
      </trkpt>
      <trkpt lat="37.8154" lon="-122.20321">
        <ele>184.5</ele>
      </trkpt>
      <trkpt lat="37.81535" lon="-122.20307">
        <ele>182.4</ele>
      </trkpt>
      <trkpt lat="37.81519" lon="-122.20281">
        <ele>182.7</ele>
      </trkpt>
      <trkpt lat="37.81509" lon="-122.20257">
        <ele>182.4</ele>
      </trkpt>
      <trkpt lat="37.81509" lon="-122.20252">
        <ele>182.2</ele>
      </trkpt>
      <trkpt lat="37.8151" lon="-122.20247">
        <ele>181.9</ele>
      </trkpt>
      <trkpt lat="37.81513" lon="-122.20239">
        <ele>181.4</ele>
      </trkpt>
      <trkpt lat="37.81477" lon="-122.20211">
        <ele>183.1</ele>
      </trkpt>
      <trkpt lat="37.81477" lon="-122.20211">
        <ele>183.1</ele>
      </trkpt>
      <trkpt lat="37.81438" lon="-122.20181">
        <ele>185.2</ele>
      </trkpt>
      <trkpt lat="37.81399" lon="-122.20151">
        <ele>189.4</ele>
      </trkpt>
      <trkpt lat="37.81367" lon="-122.20128">
        <ele>191.1</ele>
      </trkpt>
      <trkpt lat="37.81341" lon="-122.20105">
        <ele>194.2</ele>
      </trkpt>
      <trkpt lat="37.81293" lon="-122.20058">
        <ele>197.8</ele>
      </trkpt>
      <trkpt lat="37.81244" lon="-122.20012">
        <ele>201.9</ele>
      </trkpt>
      <trkpt lat="37.81196" lon="-122.19966">
        <ele>202.2</ele>
      </trkpt>
      <trkpt lat="37.81178" lon="-122.1995">
        <ele>203.7</ele>
      </trkpt>
      <trkpt lat="37.81101" lon="-122.19899">
        <ele>206.9</ele>
      </trkpt>
      <trkpt lat="37.81091" lon="-122.19888">
        <ele>207.3</ele>
      </trkpt>
      <trkpt lat="37.81074" lon="-122.19858">
        <ele>207.8</ele>
      </trkpt>
      <trkpt lat="37.81049" lon="-122.19808">
        <ele>205.5</ele>
      </trkpt>
      <trkpt lat="37.81039" lon="-122.19794">
        <ele>206.3</ele>
      </trkpt>
      <trkpt lat="37.81044" lon="-122.1978">
        <ele>207.0</ele>
      </trkpt>
      <trkpt lat="37.81046" lon="-122.19775">
        <ele>207.2</ele>
      </trkpt>
      <trkpt lat="37.81068" lon="-122.19749">
        <ele>208.9</ele>
      </trkpt>
      <trkpt lat="37.81079" lon="-122.19734">
        <ele>209.8</ele>
      </trkpt>
      <trkpt lat="37.81084" lon="-122.19722">
        <ele>210.5</ele>
      </trkpt>
      <trkpt lat="37.81088" lon="-122.19712">
        <ele>211.4</ele>
      </trkpt>
      <trkpt lat="37.8109" lon="-122.19702">
        <ele>212.2</ele>
      </trkpt>
      <trkpt lat="37.81086" lon="-122.19691">
        <ele>212.8</ele>
      </trkpt>
      <trkpt lat="37.81082" lon="-122.1969">
        <ele>212.9</ele>
      </trkpt>
      <trkpt lat="37.81075" lon="-122.19693">
        <ele>212.6</ele>
      </trkpt>
      <trkpt lat="37.81067" lon="-122.19695">
        <ele>212.7</ele>
      </trkpt>
      <trkpt lat="37.81059" lon="-122.1969">
        <ele>213.6</ele>
      </trkpt>
      <trkpt lat="37.81051" lon="-122.19681">
        <ele>215.1</ele>
      </trkpt>
      <trkpt lat="37.81025" lon="-122.19649">
        <ele>217.1</ele>
      </trkpt>
      <trkpt lat="37.81008" lon="-122.19624">
        <ele>217.7</ele>
      </trkpt>
      <trkpt lat="37.80996" lon="-122.19607">
        <ele>217.6</ele>
      </trkpt>
      <trkpt lat="37.80986" lon="-122.19588">
        <ele>217.4</ele>
      </trkpt>
      <trkpt lat="37.80985" lon="-122.19567">
        <ele>218.4</ele>
      </trkpt>
      <trkpt lat="37.80985" lon="-122.19544">
        <ele>219.5</ele>
      </trkpt>
      <trkpt lat="37.80987" lon="-122.19523">
        <ele>222.1</ele>
      </trkpt>
      <trkpt lat="37.80991" lon="-122.19505">
        <ele>223.3</ele>
      </trkpt>
      <trkpt lat="37.80992" lon="-122.19487">
        <ele>223.6</ele>
      </trkpt>
      <trkpt lat="37.80991" lon="-122.19454">
        <ele>224.5</ele>
      </trkpt>
      <trkpt lat="37.8099" lon="-122.19447">
        <ele>224.7</ele>
      </trkpt>
      <trkpt lat="37.80988" lon="-122.19433">
        <ele>225.1</ele>
      </trkpt>
      <trkpt lat="37.80985" lon="-122.19421">
        <ele>225.3</ele>
      </trkpt>
      <trkpt lat="37.80981" lon="-122.19413">
        <ele>225.4</ele>
      </trkpt>
      <trkpt lat="37.80972" lon="-122.19405">
        <ele>225.4</ele>
      </trkpt>
      <trkpt lat="37.8096" lon="-122.19403">
        <ele>225.1</ele>
      </trkpt>
      <trkpt lat="37.80943" lon="-122.19406">
        <ele>224.8</ele>
      </trkpt>
      <trkpt lat="37.80913" lon="-122.19417">
        <ele>224.2</ele>
      </trkpt>
      <trkpt lat="37.80903" lon="-122.1941">
        <ele>224.8</ele>
      </trkpt>
      <trkpt lat="37.80877" lon="-122.19377">
        <ele>228.5</ele>
      </trkpt>
      <trkpt lat="37.80858" lon="-122.19346">
        <ele>231.9</ele>
      </trkpt>
      <trkpt lat="37.80839" lon="-122.19311">
        <ele>234.6</ele>
      </trkpt>
      <trkpt lat="37.80823" lon="-122.1927">
        <ele>235.8</ele>
      </trkpt>
      <trkpt lat="37.80818" lon="-122.19251">
        <ele>235.8</ele>
      </trkpt>
      <trkpt lat="37.80815" lon="-122.19231">
        <ele>235.7</ele>
      </trkpt>
      <trkpt lat="37.80816" lon="-122.19218">
        <ele>235.7</ele>
      </trkpt>
      <trkpt lat="37.80821" lon="-122.19204">
        <ele>235.9</ele>
      </trkpt>
      <trkpt lat="37.80835" lon="-122.1918">
        <ele>237.5</ele>
      </trkpt>
      <trkpt lat="37.80837" lon="-122.19172">
        <ele>237.7</ele>
      </trkpt>
      <trkpt lat="37.80837" lon="-122.19166">
        <ele>237.5</ele>
      </trkpt>
      <trkpt lat="37.80834" lon="-122.19161">
        <ele>236.8</ele>
      </trkpt>
      <trkpt lat="37.8083" lon="-122.1916">
        <ele>236.8</ele>
      </trkpt>
      <trkpt lat="37.80822" lon="-122.19161">
        <ele>237.3</ele>
      </trkpt>
      <trkpt lat="37.80792" lon="-122.19178">
        <ele>240.5</ele>
      </trkpt>
      <trkpt lat="37.80784" lon="-122.19187">
        <ele>240.0</ele>
      </trkpt>
      <trkpt lat="37.80773" lon="-122.19204">
        <ele>238.2</ele>
      </trkpt>
      <trkpt lat="37.80768" lon="-122.19207">
        <ele>238.2</ele>
      </trkpt>
      <trkpt lat="37.80761" lon="-122.19208">
        <ele>238.9</ele>
      </trkpt>
      <trkpt lat="37.80755" lon="-122.19206">
        <ele>239.7</ele>
      </trkpt>
      <trkpt lat="37.8075" lon="-122.19201">
        <ele>240.4</ele>
      </trkpt>
      <trkpt lat="37.80746" lon="-122.19194">
        <ele>240.7</ele>
      </trkpt>
      <trkpt lat="37.80744" lon="-122.19183">
        <ele>241.1</ele>
      </trkpt>
      <trkpt lat="37.80744" lon="-122.1915">
        <ele>243.4</ele>
      </trkpt>
      <trkpt lat="37.8074" lon="-122.19127">
        <ele>246.4</ele>
      </trkpt>
      <trkpt lat="37.80732" lon="-122.19099">
        <ele>247.9</ele>
      </trkpt>
      <trkpt lat="37.80725" lon="-122.19078">
        <ele>247.6</ele>
      </trkpt>
      <trkpt lat="37.80722" lon="-122.19065">
        <ele>247.3</ele>
      </trkpt>
      <trkpt lat="37.80723" lon="-122.19051">
        <ele>247.3</ele>
      </trkpt>
      <trkpt lat="37.80728" lon="-122.19039">
        <ele>247.5</ele>
      </trkpt>
      <trkpt lat="37.80738" lon="-122.19023">
        <ele>247.0</ele>
      </trkpt>
      <trkpt lat="37.80743" lon="-122.1902">
        <ele>246.8</ele>
      </trkpt>
      <trkpt lat="37.80749" lon="-122.19018">
        <ele>246.6</ele>
      </trkpt>
      <trkpt lat="37.80754" lon="-122.19018">
        <ele>246.8</ele>
      </trkpt>
      <trkpt lat="37.80776" lon="-122.19027">
        <ele>248.8</ele>
      </trkpt>
      <trkpt lat="37.80782" lon="-122.19028">
        <ele>249.2</ele>
      </trkpt>
      <trkpt lat="37.80788" lon="-122.19026">
        <ele>249.3</ele>
      </trkpt>
      <trkpt lat="37.80793" lon="-122.19022">
        <ele>249.3</ele>
      </trkpt>
      <trkpt lat="37.80797" lon="-122.19016">
        <ele>249.1</ele>
      </trkpt>
      <trkpt lat="37.808" lon="-122.19009">
        <ele>248.7</ele>
      </trkpt>
      <trkpt lat="37.80808" lon="-122.18992">
        <ele>248.9</ele>
      </trkpt>
      <trkpt lat="37.80817" lon="-122.18981">
        <ele>250.4</ele>
      </trkpt>
      <trkpt lat="37.8082" lon="-122.18971">
        <ele>251.1</ele>
      </trkpt>
      <trkpt lat="37.80816" lon="-122.18946">
        <ele>251.3</ele>
      </trkpt>
      <trkpt lat="37.80816" lon="-122.18912">
        <ele>249.0</ele>
      </trkpt>
      <trkpt lat="37.8082" lon="-122.18901">
        <ele>249.3</ele>
      </trkpt>
      <trkpt lat="37.80816" lon="-122.18883">
        <ele>249.1</ele>
      </trkpt>
      <trkpt lat="37.80812" lon="-122.18876">
        <ele>249.9</ele>
      </trkpt>
      <trkpt lat="37.80797" lon="-122.18859">
        <ele>253.6</ele>
      </trkpt>
      <trkpt lat="37.80792" lon="-122.18846">
        <ele>254.3</ele>
      </trkpt>
      <trkpt lat="37.80785" lon="-122.18817">
        <ele>253.9</ele>
      </trkpt>
      <trkpt lat="37.80784" lon="-122.18799">
        <ele>254.0</ele>
      </trkpt>
      <trkpt lat="37.80781" lon="-122.18788">
        <ele>253.5</ele>
      </trkpt>
      <trkpt lat="37.80776" lon="-122.18777">
        <ele>252.8</ele>
      </trkpt>
      <trkpt lat="37.80772" lon="-122.18767">
        <ele>252.4</ele>
      </trkpt>
      <trkpt lat="37.80771" lon="-122.18756">
        <ele>252.8</ele>
      </trkpt>
      <trkpt lat="37.80771" lon="-122.18741">
        <ele>253.2</ele>
      </trkpt>
      <trkpt lat="37.80773" lon="-122.18735">
        <ele>253.6</ele>
      </trkpt>
      <trkpt lat="37.80777" lon="-122.18727">
        <ele>254.4</ele>
      </trkpt>
      <trkpt lat="37.80786" lon="-122.18708">
        <ele>255.8</ele>
      </trkpt>
      <trkpt lat="37.80788" lon="-122.18701">
        <ele>255.6</ele>
      </trkpt>
      <trkpt lat="37.80789" lon="-122.18694">
        <ele>255.4</ele>
      </trkpt>
      <trkpt lat="37.80787" lon="-122.18689">
        <ele>254.7</ele>
      </trkpt>
      <trkpt lat="37.80783" lon="-122.18686">
        <ele>254.4</ele>
      </trkpt>
      <trkpt lat="37.80776" lon="-122.18686">
        <ele>254.0</ele>
      </trkpt>
      <trkpt lat="37.80767" lon="-122.18687">
        <ele>254.0</ele>
      </trkpt>
      <trkpt lat="37.80756" lon="-122.18691">
        <ele>255.6</ele>
      </trkpt>
      <trkpt lat="37.80748" lon="-122.18696">
        <ele>257.6</ele>
      </trkpt>
      <trkpt lat="37.80742" lon="-122.18703">
        <ele>259.2</ele>
      </trkpt>
      <trkpt lat="37.80735" lon="-122.18712">
        <ele>260.0</ele>
      </trkpt>
      <trkpt lat="37.80732" lon="-122.18719">
        <ele>259.7</ele>
      </trkpt>
      <trkpt lat="37.80727" lon="-122.18732">
        <ele>259.0</ele>
      </trkpt>
      <trkpt lat="37.80722" lon="-122.18741">
        <ele>258.7</ele>
      </trkpt>
      <trkpt lat="37.80718" lon="-122.18745">
        <ele>258.8</ele>
      </trkpt>
      <trkpt lat="37.80709" lon="-122.18749">
        <ele>259.8</ele>
      </trkpt>
      <trkpt lat="37.80698" lon="-122.18752">
        <ele>261.1</ele>
      </trkpt>
      <trkpt lat="37.80691" lon="-122.18755">
        <ele>261.9</ele>
      </trkpt>
      <trkpt lat="37.80686" lon="-122.18759">
        <ele>262.1</ele>
      </trkpt>
      <trkpt lat="37.80672" lon="-122.18786">
        <ele>260.4</ele>
      </trkpt>
      <trkpt lat="37.80663" lon="-122.18798">
        <ele>259.6</ele>
      </trkpt>
      <trkpt lat="37.80654" lon="-122.18804">
        <ele>259.5</ele>
      </trkpt>
      <trkpt lat="37.80646" lon="-122.18808">
        <ele>259.4</ele>
      </trkpt>
      <trkpt lat="37.8064" lon="-122.18807">
        <ele>259.7</ele>
      </trkpt>
      <trkpt lat="37.80635" lon="-122.18803">
        <ele>260.2</ele>
      </trkpt>
      <trkpt lat="37.80633" lon="-122.18795">
        <ele>261.5</ele>
      </trkpt>
      <trkpt lat="37.80635" lon="-122.18786">
        <ele>262.9</ele>
      </trkpt>
      <trkpt lat="37.80662" lon="-122.18752">
        <ele>265.2</ele>
      </trkpt>
      <trkpt lat="37.80668" lon="-122.18745">
        <ele>265.9</ele>
      </trkpt>
      <trkpt lat="37.80702" lon="-122.18717">
        <ele>268.6</ele>
      </trkpt>
      <trkpt lat="37.80708" lon="-122.18709">
        <ele>268.9</ele>
      </trkpt>
      <trkpt lat="37.80714" lon="-122.18697">
        <ele>270.2</ele>
      </trkpt>
      <trkpt lat="37.80718" lon="-122.18685">
        <ele>271.4</ele>
      </trkpt>
      <trkpt lat="37.80718" lon="-122.18674">
        <ele>273.4</ele>
      </trkpt>
      <trkpt lat="37.80716" lon="-122.18651">
        <ele>279.2</ele>
      </trkpt>
      <trkpt lat="37.80716" lon="-122.18643">
        <ele>281.3</ele>
      </trkpt>
      <trkpt lat="37.80718" lon="-122.1864">
        <ele>282.1</ele>
      </trkpt>
      <trkpt lat="37.80722" lon="-122.18638">
        <ele>282.8</ele>
      </trkpt>
      <trkpt lat="37.8073" lon="-122.18639">
        <ele>282.8</ele>
      </trkpt>
      <trkpt lat="37.80746" lon="-122.18642">
        <ele>281.9</ele>
      </trkpt>
      <trkpt lat="37.80755" lon="-122.18641">
        <ele>281.5</ele>
      </trkpt>
      <trkpt lat="37.80763" lon="-122.18638">
        <ele>281.2</ele>
      </trkpt>
      <trkpt lat="37.8077" lon="-122.1863">
        <ele>281.9</ele>
      </trkpt>
      <trkpt lat="37.80774" lon="-122.18621">
        <ele>284.7</ele>
      </trkpt>
      <trkpt lat="37.80783" lon="-122.18595">
        <ele>288.6</ele>
      </trkpt>
      <trkpt lat="37.80787" lon="-122.18577">
        <ele>288.7</ele>
      </trkpt>
      <trkpt lat="37.80787" lon="-122.18555">
        <ele>288.7</ele>
      </trkpt>
      <trkpt lat="37.80789" lon="-122.18537">
        <ele>286.8</ele>
      </trkpt>
      <trkpt lat="37.80788" lon="-122.18525">
        <ele>287.9</ele>
      </trkpt>
      <trkpt lat="37.80784" lon="-122.1851">
        <ele>289.1</ele>
      </trkpt>
      <trkpt lat="37.80784" lon="-122.1851">
        <ele>289.1</ele>
      </trkpt>
      <trkpt lat="37.80773" lon="-122.18482">
        <ele>290.7</ele>
      </trkpt>
      <trkpt lat="37.80749" lon="-122.18407">
        <ele>294.8</ele>
      </trkpt>
      <trkpt lat="37.80742" lon="-122.18394">
        <ele>294.6</ele>
      </trkpt>
      <trkpt lat="37.80734" lon="-122.1838">
        <ele>294.6</ele>
      </trkpt>
      <trkpt lat="37.807" lon="-122.18336">
        <ele>301.5</ele>
      </trkpt>
      <trkpt lat="37.80666" lon="-122.18292">
        <ele>307.1</ele>
      </trkpt>
      <trkpt lat="37.80655" lon="-122.1828">
        <ele>307.4</ele>
      </trkpt>
      <trkpt lat="37.80641" lon="-122.18267">
        <ele>307.5</ele>
      </trkpt>
      <trkpt lat="37.80626" lon="-122.18256">
        <ele>307.6</ele>
      </trkpt>
      <trkpt lat="37.80595" lon="-122.18239">
        <ele>309.1</ele>
      </trkpt>
      <trkpt lat="37.80586" lon="-122.1823">
        <ele>309.9</ele>
      </trkpt>
      <trkpt lat="37.80577" lon="-122.18214">
        <ele>310.6</ele>
      </trkpt>
      <trkpt lat="37.80567" lon="-122.1819">
        <ele>311.1</ele>
      </trkpt>
      <trkpt lat="37.80557" lon="-122.1817">
        <ele>312.2</ele>
      </trkpt>
      <trkpt lat="37.80546" lon="-122.18151">
        <ele>313.9</ele>
      </trkpt>
      <trkpt lat="37.80543" lon="-122.18142">
        <ele>314.1</ele>
      </trkpt>
      <trkpt lat="37.80541" lon="-122.18123">
        <ele>314.8</ele>
      </trkpt>
      <trkpt lat="37.80539" lon="-122.18112">
        <ele>315.4</ele>
      </trkpt>
      <trkpt lat="37.80531" lon="-122.18093">
        <ele>316.0</ele>
      </trkpt>
      <trkpt lat="37.80521" lon="-122.18079">
        <ele>316.3</ele>
      </trkpt>
      <trkpt lat="37.80511" lon="-122.18074">
        <ele>316.2</ele>
      </trkpt>
      <trkpt lat="37.80501" lon="-122.18076">
        <ele>315.5</ele>
      </trkpt>
      <trkpt lat="37.80488" lon="-122.18081">
        <ele>313.9</ele>
      </trkpt>
      <trkpt lat="37.8048" lon="-122.18082">
        <ele>313.1</ele>
      </trkpt>
      <trkpt lat="37.80472" lon="-122.18081">
        <ele>312.1</ele>
      </trkpt>
      <trkpt lat="37.80449" lon="-122.18062">
        <ele>309.3</ele>
      </trkpt>
      <trkpt lat="37.80453" lon="-122.18051">
        <ele>310.4</ele>
      </trkpt>
      <trkpt lat="37.80453" lon="-122.1804">
        <ele>311.3</ele>
      </trkpt>
      <trkpt lat="37.80452" lon="-122.18029">
        <ele>313.1</ele>
      </trkpt>
      <trkpt lat="37.80448" lon="-122.18018">
        <ele>316.1</ele>
      </trkpt>
      <trkpt lat="37.8044" lon="-122.18009">
        <ele>316.7</ele>
      </trkpt>
      <trkpt lat="37.80408" lon="-122.17988">
        <ele>316.0</ele>
      </trkpt>
      <trkpt lat="37.80395" lon="-122.17977">
        <ele>315.9</ele>
      </trkpt>
      <trkpt lat="37.80356" lon="-122.1793">
        <ele>316.2</ele>
      </trkpt>
      <trkpt lat="37.80316" lon="-122.17884">
        <ele>316.4</ele>
      </trkpt>
      <trkpt lat="37.80306" lon="-122.1787">
        <ele>318.0</ele>
      </trkpt>
      <trkpt lat="37.803" lon="-122.17853">
        <ele>320.7</ele>
      </trkpt>
      <trkpt lat="37.80296" lon="-122.17841">
        <ele>321.8</ele>
      </trkpt>
      <trkpt lat="37.80286" lon="-122.17843">
        <ele>321.1</ele>
      </trkpt>
      <trkpt lat="37.80273" lon="-122.17841">
        <ele>320.5</ele>
      </trkpt>
      <trkpt lat="37.80259" lon="-122.17831">
        <ele>320.3</ele>
      </trkpt>
      <trkpt lat="37.80247" lon="-122.17818">
        <ele>319.4</ele>
      </trkpt>
      <trkpt lat="37.80213" lon="-122.1778">
        <ele>315.9</ele>
      </trkpt>
      <trkpt lat="37.80181" lon="-122.17739">
        <ele>315.8</ele>
      </trkpt>
      <trkpt lat="37.80149" lon="-122.17698">
        <ele>315.6</ele>
      </trkpt>
      <trkpt lat="37.80102" lon="-122.17652">
        <ele>315.6</ele>
      </trkpt>
      <trkpt lat="37.80055" lon="-122.17606">
        <ele>314.6</ele>
      </trkpt>
      <trkpt lat="37.80027" lon="-122.17571">
        <ele>313.9</ele>
      </trkpt>
      <trkpt lat="37.80002" lon="-122.17541">
        <ele>310.9</ele>
      </trkpt>
      <trkpt lat="37.79997" lon="-122.17535">
        <ele>309.8</ele>
      </trkpt>
      <trkpt lat="37.79994" lon="-122.17528">
        <ele>308.9</ele>
      </trkpt>
      <trkpt lat="37.79991" lon="-122.17521">
        <ele>308.0</ele>
      </trkpt>
      <trkpt lat="37.79982" lon="-122.17489">
        <ele>303.5</ele>
      </trkpt>
      <trkpt lat="37.7997" lon="-122.17462">
        <ele>300.0</ele>
      </trkpt>
      <trkpt lat="37.79942" lon="-122.17403">
        <ele>293.5</ele>
      </trkpt>
      <trkpt lat="37.79929" lon="-122.17382">
        <ele>292.0</ele>
      </trkpt>
      <trkpt lat="37.79897" lon="-122.17341">
        <ele>299.0</ele>
      </trkpt>
      <trkpt lat="37.79889" lon="-122.1732">
        <ele>301.6</ele>
      </trkpt>
      <trkpt lat="37.79886" lon="-122.17299">
        <ele>303.4</ele>
      </trkpt>
      <trkpt lat="37.79885" lon="-122.17282">
        <ele>305.2</ele>
      </trkpt>
      <trkpt lat="37.79888" lon="-122.17264">
        <ele>306.9</ele>
      </trkpt>
      <trkpt lat="37.79895" lon="-122.17243">
        <ele>307.3</ele>
      </trkpt>
      <trkpt lat="37.79906" lon="-122.17226">
        <ele>307.3</ele>
      </trkpt>
      <trkpt lat="37.79947" lon="-122.17192">
        <ele>309.6</ele>
      </trkpt>
      <trkpt lat="37.7993" lon="-122.17158">
        <ele>307.4</ele>
      </trkpt>
      <trkpt lat="37.79904" lon="-122.17099">
        <ele>304.2</ele>
      </trkpt>
      <trkpt lat="37.79899" lon="-122.17086">
        <ele>303.8</ele>
      </trkpt>
      <trkpt lat="37.79865" lon="-122.16986">
        <ele>303.6</ele>
      </trkpt>
      <trkpt lat="37.7983" lon="-122.16887">
        <ele>311.6</ele>
      </trkpt>
      <trkpt lat="37.79824" lon="-122.16863">
        <ele>313.0</ele>
      </trkpt>
      <trkpt lat="37.79819" lon="-122.1684">
        <ele>315.2</ele>
      </trkpt>
      <trkpt lat="37.79816" lon="-122.16815">
        <ele>317.3</ele>
      </trkpt>
      <trkpt lat="37.79816" lon="-122.16794">
        <ele>317.7</ele>
      </trkpt>
      <trkpt lat="37.79817" lon="-122.16774">
        <ele>318.7</ele>
      </trkpt>
      <trkpt lat="37.79825" lon="-122.16693">
        <ele>326.2</ele>
      </trkpt>
      <trkpt lat="37.79834" lon="-122.16613">
        <ele>332.5</ele>
      </trkpt>
      <trkpt lat="37.79835" lon="-122.16593">
        <ele>333.5</ele>
      </trkpt>
      <trkpt lat="37.79835" lon="-122.16574">
        <ele>334.4</ele>
      </trkpt>
      <trkpt lat="37.79833" lon="-122.16553">
        <ele>335.9</ele>
      </trkpt>
      <trkpt lat="37.7983" lon="-122.16532">
        <ele>337.0</ele>
      </trkpt>
      <trkpt lat="37.79823" lon="-122.16506">
        <ele>337.7</ele>
      </trkpt>
      <trkpt lat="37.79816" lon="-122.16483">
        <ele>338.3</ele>
      </trkpt>
      <trkpt lat="37.79806" lon="-122.16463">
        <ele>338.5</ele>
      </trkpt>
      <trkpt lat="37.79806" lon="-122.16463">
        <ele>338.5</ele>
      </trkpt>
      <trkpt lat="37.79806" lon="-122.16463">
        <ele>338.5</ele>
      </trkpt>
      <trkpt lat="37.79797" lon="-122.16445">
        <ele>338.5</ele>
      </trkpt>
      <trkpt lat="37.79786" lon="-122.16428">
        <ele>338.1</ele>
      </trkpt>
      <trkpt lat="37.79772" lon="-122.16412">
        <ele>337.6</ele>
      </trkpt>
      <trkpt lat="37.79718" lon="-122.16353">
        <ele>337.1</ele>
      </trkpt>
      <trkpt lat="37.79663" lon="-122.16293">
        <ele>338.1</ele>
      </trkpt>
      <trkpt lat="37.79608" lon="-122.16234">
        <ele>337.9</ele>
      </trkpt>
      <trkpt lat="37.79592" lon="-122.16211">
        <ele>338.1</ele>
      </trkpt>
      <trkpt lat="37.79577" lon="-122.16183">
        <ele>338.3</ele>
      </trkpt>
      <trkpt lat="37.79558" lon="-122.16132">
        <ele>338.9</ele>
      </trkpt>
      <trkpt lat="37.79526" lon="-122.16041">
        <ele>338.7</ele>
      </trkpt>
      <trkpt lat="37.79494" lon="-122.1595">
        <ele>340.1</ele>
      </trkpt>
      <trkpt lat="37.79482" lon="-122.15919">
        <ele>341.3</ele>
      </trkpt>
      <trkpt lat="37.79471" lon="-122.15899">
        <ele>341.5</ele>
      </trkpt>
      <trkpt lat="37.79459" lon="-122.15882">
        <ele>342.1</ele>
      </trkpt>
      <trkpt lat="37.79441" lon="-122.15861">
        <ele>344.5</ele>
      </trkpt>
      <trkpt lat="37.79429" lon="-122.1585">
        <ele>345.6</ele>
      </trkpt>
      <trkpt lat="37.79408" lon="-122.15836">
        <ele>346.0</ele>
      </trkpt>
      <trkpt lat="37.79385" lon="-122.15828">
        <ele>345.9</ele>
      </trkpt>
      <trkpt lat="37.79337" lon="-122.15816">
        <ele>346.1</ele>
      </trkpt>
      <trkpt lat="37.79315" lon="-122.1581">
        <ele>346.7</ele>
      </trkpt>
      <trkpt lat="37.7929" lon="-122.15797">
        <ele>347.9</ele>
      </trkpt>
      <trkpt lat="37.79273" lon="-122.15785">
        <ele>349.7</ele>
      </trkpt>
      <trkpt lat="37.79253" lon="-122.15762">
        <ele>352.6</ele>
      </trkpt>
      <trkpt lat="37.79237" lon="-122.15734">
        <ele>355.2</ele>
      </trkpt>
      <trkpt lat="37.79233" lon="-122.15724">
        <ele>356.0</ele>
      </trkpt>
      <trkpt lat="37.79226" lon="-122.15704">
        <ele>357.1</ele>
      </trkpt>
      <trkpt lat="37.79222" lon="-122.15684">
        <ele>357.7</ele>
      </trkpt>
      <trkpt lat="37.7922" lon="-122.15667">
        <ele>358.2</ele>
      </trkpt>
      <trkpt lat="37.7922" lon="-122.15634">
        <ele>359.0</ele>
      </trkpt>
      <trkpt lat="37.79223" lon="-122.15609">
        <ele>359.8</ele>
      </trkpt>
      <trkpt lat="37.79244" lon="-122.15524">
        <ele>361.8</ele>
      </trkpt>
      <trkpt lat="37.79247" lon="-122.15498">
        <ele>363.4</ele>
      </trkpt>
      <trkpt lat="37.79246" lon="-122.15469">
        <ele>364.2</ele>
      </trkpt>
      <trkpt lat="37.79244" lon="-122.1545">
        <ele>363.3</ele>
      </trkpt>
      <trkpt lat="37.79239" lon="-122.15429">
        <ele>363.5</ele>
      </trkpt>
      <trkpt lat="37.79233" lon="-122.15414">
        <ele>363.8</ele>
      </trkpt>
      <trkpt lat="37.79224" lon="-122.15393">
        <ele>364.1</ele>
      </trkpt>
      <trkpt lat="37.79215" lon="-122.15379">
        <ele>364.5</ele>
      </trkpt>
      <trkpt lat="37.79178" lon="-122.15337">
        <ele>365.1</ele>
      </trkpt>
      <trkpt lat="37.79157" lon="-122.15311">
        <ele>365.4</ele>
      </trkpt>
      <trkpt lat="37.79145" lon="-122.15289">
        <ele>364.2</ele>
      </trkpt>
      <trkpt lat="37.79118" lon="-122.15225">
        <ele>360.3</ele>
      </trkpt>
      <trkpt lat="37.79108" lon="-122.15208">
        <ele>358.7</ele>
      </trkpt>
      <trkpt lat="37.79108" lon="-122.15208">
        <ele>358.7</ele>
      </trkpt>
      <trkpt lat="37.79102" lon="-122.15199">
        <ele>357.9</ele>
      </trkpt>
      <trkpt lat="37.79093" lon="-122.15188">
        <ele>356.9</ele>
      </trkpt>
      <trkpt lat="37.79079" lon="-122.15177">
        <ele>355.7</ele>
      </trkpt>
      <trkpt lat="37.79068" lon="-122.1517">
        <ele>354.8</ele>
      </trkpt>
      <trkpt lat="37.79056" lon="-122.15164">
        <ele>353.5</ele>
      </trkpt>
      <trkpt lat="37.79036" lon="-122.15156">
        <ele>351.0</ele>
      </trkpt>
      <trkpt lat="37.79012" lon="-122.15142">
        <ele>351.1</ele>
      </trkpt>
      <trkpt lat="37.78999" lon="-122.15133">
        <ele>351.3</ele>
      </trkpt>
      <trkpt lat="37.78982" lon="-122.15117">
        <ele>351.7</ele>
      </trkpt>
      <trkpt lat="37.78969" lon="-122.15096">
        <ele>352.7</ele>
      </trkpt>
      <trkpt lat="37.78961" lon="-122.1508">
        <ele>352.9</ele>
      </trkpt>
      <trkpt lat="37.7895" lon="-122.15051">
        <ele>352.8</ele>
      </trkpt>
      <trkpt lat="37.78938" lon="-122.15025">
        <ele>352.5</ele>
      </trkpt>
      <trkpt lat="37.7893" lon="-122.15012">
        <ele>352.2</ele>
      </trkpt>
      <trkpt lat="37.78925" lon="-122.15005">
        <ele>352.2</ele>
      </trkpt>
      <trkpt lat="37.78913" lon="-122.14996">
        <ele>351.6</ele>
      </trkpt>
      <trkpt lat="37.78906" lon="-122.14991">
        <ele>351.1</ele>
      </trkpt>
      <trkpt lat="37.78885" lon="-122.14983">
        <ele>350.6</ele>
      </trkpt>
      <trkpt lat="37.78874" lon="-122.14982">
        <ele>350.7</ele>
      </trkpt>
      <trkpt lat="37.78785" lon="-122.14978">
        <ele>347.2</ele>
      </trkpt>
      <trkpt lat="37.78772" lon="-122.14975">
        <ele>347.1</ele>
      </trkpt>
      <trkpt lat="37.78754" lon="-122.14969">
        <ele>347.0</ele>
      </trkpt>
      <trkpt lat="37.78737" lon="-122.14962">
        <ele>345.2</ele>
      </trkpt>
      <trkpt lat="37.7872" lon="-122.14951">
        <ele>341.9</ele>
      </trkpt>
      <trkpt lat="37.78703" lon="-122.14937">
        <ele>341.4</ele>
      </trkpt>
      <trkpt lat="37.78686" lon="-122.14921">
        <ele>340.3</ele>
      </trkpt>
      <trkpt lat="37.78666" lon="-122.14894">
        <ele>340.3</ele>
      </trkpt>
      <trkpt lat="37.78661" lon="-122.14884">
        <ele>340.4</ele>
      </trkpt>
      <trkpt lat="37.78645" lon="-122.14846">
        <ele>340.2</ele>
      </trkpt>
      <trkpt lat="37.78638" lon="-122.14821">
        <ele>340.0</ele>
      </trkpt>
      <trkpt lat="37.78622" lon="-122.1474">
        <ele>340.4</ele>
      </trkpt>
      <trkpt lat="37.78606" lon="-122.1466">
        <ele>340.5</ele>
      </trkpt>
      <trkpt lat="37.78603" lon="-122.14647">
        <ele>340.5</ele>
      </trkpt>
      <trkpt lat="37.78599" lon="-122.14635">
        <ele>340.2</ele>
      </trkpt>
      <trkpt lat="37.78592" lon="-122.1462">
        <ele>339.7</ele>
      </trkpt>
      <trkpt lat="37.78587" lon="-122.1461">
        <ele>339.5</ele>
      </trkpt>
      <trkpt lat="37.78576" lon="-122.14599">
        <ele>339.1</ele>
      </trkpt>
      <trkpt lat="37.78528" lon="-122.14558">
        <ele>340.0</ele>
      </trkpt>
      <trkpt lat="37.78517" lon="-122.14545">
        <ele>340.3</ele>
      </trkpt>
      <trkpt lat="37.78507" lon="-122.14531">
        <ele>340.3</ele>
      </trkpt>
      <trkpt lat="37.78503" lon="-122.1452">
        <ele>340.3</ele>
      </trkpt>
      <trkpt lat="37.78498" lon="-122.14504">
        <ele>340.0</ele>
      </trkpt>
      <trkpt lat="37.78495" lon="-122.14485">
        <ele>339.6</ele>
      </trkpt>
      <trkpt lat="37.78494" lon="-122.14454">
        <ele>339.3</ele>
      </trkpt>
      <trkpt lat="37.78497" lon="-122.14435">
        <ele>339.4</ele>
      </trkpt>
      <trkpt lat="37.78513" lon="-122.14392">
        <ele>341.7</ele>
      </trkpt>
      <trkpt lat="37.78513" lon="-122.14392">
        <ele>341.7</ele>
      </trkpt>
      <trkpt lat="37.78523" lon="-122.14365">
        <ele>342.8</ele>
      </trkpt>
      <trkpt lat="37.78528" lon="-122.1434">
        <ele>342.9</ele>
      </trkpt>
      <trkpt lat="37.78529" lon="-122.14313">
        <ele>344.0</ele>
      </trkpt>
      <trkpt lat="37.78525" lon="-122.14287">
        <ele>344.5</ele>
      </trkpt>
      <trkpt lat="37.78515" lon="-122.14264">
        <ele>344.0</ele>
      </trkpt>
      <trkpt lat="37.78503" lon="-122.14246">
        <ele>342.9</ele>
      </trkpt>
      <trkpt lat="37.78488" lon="-122.14232">
        <ele>341.6</ele>
      </trkpt>
      <trkpt lat="37.78475" lon="-122.14225">
        <ele>340.8</ele>
      </trkpt>
      <trkpt lat="37.78462" lon="-122.1422">
        <ele>340.1</ele>
      </trkpt>
      <trkpt lat="37.78391" lon="-122.14215">
        <ele>332.4</ele>
      </trkpt>
      <trkpt lat="37.78319" lon="-122.14209">
        <ele>326.2</ele>
      </trkpt>
      <trkpt lat="37.78235" lon="-122.14205">
        <ele>318.5</ele>
      </trkpt>
      <trkpt lat="37.78189" lon="-122.14199">
        <ele>313.3</ele>
      </trkpt>
      <trkpt lat="37.78162" lon="-122.14188">
        <ele>310.2</ele>
      </trkpt>
      <trkpt lat="37.78139" lon="-122.14176">
        <ele>309.0</ele>
      </trkpt>
      <trkpt lat="37.7812" lon="-122.14162">
        <ele>309.4</ele>
      </trkpt>
      <trkpt lat="37.78102" lon="-122.14144">
        <ele>310.9</ele>
      </trkpt>
      <trkpt lat="37.78084" lon="-122.14119">
        <ele>313.9</ele>
      </trkpt>
      <trkpt lat="37.78071" lon="-122.14099">
        <ele>310.6</ele>
      </trkpt>
      <trkpt lat="37.78021" lon="-122.14014">
        <ele>300.2</ele>
      </trkpt>
      <trkpt lat="37.77972" lon="-122.13929">
        <ele>293.5</ele>
      </trkpt>
      <trkpt lat="37.77922" lon="-122.13844">
        <ele>289.9</ele>
      </trkpt>
      <trkpt lat="37.77872" lon="-122.13759">
        <ele>291.3</ele>
      </trkpt>
      <trkpt lat="37.77822" lon="-122.13674">
        <ele>290.1</ele>
      </trkpt>
      <trkpt lat="37.77772" lon="-122.13589">
        <ele>290.3</ele>
      </trkpt>
      <trkpt lat="37.77732" lon="-122.13529">
        <ele>289.8</ele>
      </trkpt>
      <trkpt lat="37.77721" lon="-122.13509">
        <ele>290.1</ele>
      </trkpt>
      <trkpt lat="37.77706" lon="-122.13474">
        <ele>291.9</ele>
      </trkpt>
      <trkpt lat="37.77692" lon="-122.13451">
        <ele>292.6</ele>
      </trkpt>
      <trkpt lat="37.77628" lon="-122.13375">
        <ele>297.0</ele>
      </trkpt>
      <trkpt lat="37.77563" lon="-122.133">
        <ele>298.3</ele>
      </trkpt>
      <trkpt lat="37.77541" lon="-122.1328">
        <ele>298.3</ele>
      </trkpt>
      <trkpt lat="37.7752" lon="-122.13263">
        <ele>298.5</ele>
      </trkpt>
      <trkpt lat="37.77498" lon="-122.13249">
        <ele>297.1</ele>
      </trkpt>
      <trkpt lat="37.77475" lon="-122.13238">
        <ele>293.5</ele>
      </trkpt>
      <trkpt lat="37.77426" lon="-122.1322">
        <ele>286.6</ele>
      </trkpt>
      <trkpt lat="37.77377" lon="-122.13202">
        <ele>283.9</ele>
      </trkpt>
      <trkpt lat="37.77364" lon="-122.13197">
        <ele>283.0</ele>
      </trkpt>
      <trkpt lat="37.77349" lon="-122.13189">
        <ele>281.5</ele>
      </trkpt>
      <trkpt lat="37.77333" lon="-122.13179">
        <ele>279.6</ele>
      </trkpt>
      <trkpt lat="37.77319" lon="-122.13169">
        <ele>277.1</ele>
      </trkpt>
      <trkpt lat="37.77305" lon="-122.13157">
        <ele>274.4</ele>
      </trkpt>
      <trkpt lat="37.7728" lon="-122.13133">
        <ele>270.6</ele>
      </trkpt>
      <trkpt lat="37.77242" lon="-122.13089">
        <ele>269.1</ele>
      </trkpt>
      <trkpt lat="37.77204" lon="-122.13045">
        <ele>264.9</ele>
      </trkpt>
      <trkpt lat="37.77204" lon="-122.13045">
        <ele>264.9</ele>
      </trkpt>
      <trkpt lat="37.77167" lon="-122.13004">
        <ele>263.2</ele>
      </trkpt>
      <trkpt lat="37.77151" lon="-122.12989">
        <ele>261.5</ele>
      </trkpt>
      <trkpt lat="37.7712" lon="-122.12963">
        <ele>258.2</ele>
      </trkpt>
      <trkpt lat="37.77105" lon="-122.12952">
        <ele>257.6</ele>
      </trkpt>
      <trkpt lat="37.77041" lon="-122.12913">
        <ele>257.4</ele>
      </trkpt>
      <trkpt lat="37.77018" lon="-122.12901">
        <ele>258.4</ele>
      </trkpt>
      <trkpt lat="37.7699" lon="-122.12888">
        <ele>259.6</ele>
      </trkpt>
      <trkpt lat="37.76949" lon="-122.12864">
        <ele>258.5</ele>
      </trkpt>
      <trkpt lat="37.76935" lon="-122.1285">
        <ele>259.6</ele>
      </trkpt>
      <trkpt lat="37.76918" lon="-122.1283">
        <ele>258.0</ele>
      </trkpt>
      <trkpt lat="37.76877" lon="-122.12772">
        <ele>259.1</ele>
      </trkpt>
      <trkpt lat="37.76831" lon="-122.12711">
        <ele>266.2</ele>
      </trkpt>
      <trkpt lat="37.76812" lon="-122.12691">
        <ele>267.1</ele>
      </trkpt>
      <trkpt lat="37.76803" lon="-122.12684">
        <ele>268.8</ele>
      </trkpt>
      <trkpt lat="37.76791" lon="-122.12677">
        <ele>271.4</ele>
      </trkpt>
      <trkpt lat="37.76742" lon="-122.1265">
        <ele>279.5</ele>
      </trkpt>
      <trkpt lat="37.76693" lon="-122.12623">
        <ele>276.0</ele>
      </trkpt>
      <trkpt lat="37.7663" lon="-122.12589">
        <ele>276.0</ele>
      </trkpt>
      <trkpt lat="37.76568" lon="-122.12556">
        <ele>269.2</ele>
      </trkpt>
      <trkpt lat="37.76505" lon="-122.12523">
        <ele>264.9</ele>
      </trkpt>
      <trkpt lat="37.76492" lon="-122.12517">
        <ele>263.6</ele>
      </trkpt>
      <trkpt lat="37.76464" lon="-122.12508">
        <ele>261.8</ele>
      </trkpt>
      <trkpt lat="37.76451" lon="-122.12505">
        <ele>261.3</ele>
      </trkpt>
      <trkpt lat="37.76406" lon="-122.12498">
        <ele>261.5</ele>
      </trkpt>
      <trkpt lat="37.76391" lon="-122.12494">
        <ele>261.2</ele>
      </trkpt>
      <trkpt lat="37.76374" lon="-122.12489">
        <ele>261.1</ele>
      </trkpt>
      <trkpt lat="37.7636" lon="-122.12482">
        <ele>260.6</ele>
      </trkpt>
      <trkpt lat="37.76344" lon="-122.12474">
        <ele>260.8</ele>
      </trkpt>
      <trkpt lat="37.76294" lon="-122.12445">
        <ele>263.5</ele>
      </trkpt>
      <trkpt lat="37.76244" lon="-122.12415">
        <ele>259.4</ele>
      </trkpt>
      <trkpt lat="37.76194" lon="-122.12384">
        <ele>256.0</ele>
      </trkpt>
      <trkpt lat="37.76185" lon="-122.12377">
        <ele>255.9</ele>
      </trkpt>
      <trkpt lat="37.76176" lon="-122.12369">
        <ele>255.7</ele>
      </trkpt>
      <trkpt lat="37.76167" lon="-122.1236">
        <ele>255.1</ele>
      </trkpt>
      <trkpt lat="37.76147" lon="-122.12334">
        <ele>249.6</ele>
      </trkpt>
      <trkpt lat="37.76138" lon="-122.12325">
        <ele>247.3</ele>
      </trkpt>
      <trkpt lat="37.76129" lon="-122.12319">
        <ele>245.3</ele>
      </trkpt>
      <trkpt lat="37.76119" lon="-122.12313">
        <ele>243.3</ele>
      </trkpt>
      <trkpt lat="37.7611" lon="-122.1231">
        <ele>242.2</ele>
      </trkpt>
      <trkpt lat="37.76101" lon="-122.12308">
        <ele>241.7</ele>
      </trkpt>
      <trkpt lat="37.76059" lon="-122.12305">
        <ele>242.5</ele>
      </trkpt>
      <trkpt lat="37.76049" lon="-122.12302">
        <ele>241.8</ele>
      </trkpt>
      <trkpt lat="37.76039" lon="-122.12297">
        <ele>240.5</ele>
      </trkpt>
      <trkpt lat="37.76029" lon="-122.1229">
        <ele>239.0</ele>
      </trkpt>
      <trkpt lat="37.7602" lon="-122.12283">
        <ele>237.9</ele>
      </trkpt>
      <trkpt lat="37.76012" lon="-122.12274">
        <ele>237.0</ele>
      </trkpt>
      <trkpt lat="37.75983" lon="-122.12229">
        <ele>236.6</ele>
      </trkpt>
      <trkpt lat="37.75976" lon="-122.12219">
        <ele>236.7</ele>
      </trkpt>
      <trkpt lat="37.75967" lon="-122.1221">
        <ele>236.4</ele>
      </trkpt>
      <trkpt lat="37.75956" lon="-122.122">
        <ele>235.7</ele>
      </trkpt>
      <trkpt lat="37.75945" lon="-122.12194">
        <ele>235.1</ele>
      </trkpt>
      <trkpt lat="37.75933" lon="-122.12188">
        <ele>234.2</ele>
      </trkpt>
      <trkpt lat="37.75919" lon="-122.12185">
        <ele>233.2</ele>
      </trkpt>
      <trkpt lat="37.75906" lon="-122.12183">
        <ele>232.1</ele>
      </trkpt>
      <trkpt lat="37.75881" lon="-122.12182">
        <ele>230.1</ele>
      </trkpt>
      <trkpt lat="37.75881" lon="-122.12182">
        <ele>230.1</ele>
      </trkpt>
      <trkpt lat="37.75851" lon="-122.12177">
        <ele>229.5</ele>
      </trkpt>
      <trkpt lat="37.7584" lon="-122.12174">
        <ele>228.8</ele>
      </trkpt>
      <trkpt lat="37.75829" lon="-122.12168">
        <ele>227.9</ele>
      </trkpt>
      <trkpt lat="37.75818" lon="-122.12162">
        <ele>227.3</ele>
      </trkpt>
      <trkpt lat="37.75807" lon="-122.12155">
        <ele>226.9</ele>
      </trkpt>
      <trkpt lat="37.75749" lon="-122.12105">
        <ele>227.3</ele>
      </trkpt>
      <trkpt lat="37.75691" lon="-122.12055">
        <ele>221.8</ele>
      </trkpt>
      <trkpt lat="37.75632" lon="-122.12006">
        <ele>215.5</ele>
      </trkpt>
      <trkpt lat="37.75574" lon="-122.11956">
        <ele>209.8</ele>
      </trkpt>
      <trkpt lat="37.75553" lon="-122.11939">
        <ele>206.6</ele>
      </trkpt>
      <trkpt lat="37.75508" lon="-122.11905">
        <ele>199.5</ele>
      </trkpt>
      <trkpt lat="37.75435" lon="-122.11854">
        <ele>191.7</ele>
      </trkpt>
      <trkpt lat="37.75429" lon="-122.1185">
        <ele>191.3</ele>
      </trkpt>
      <trkpt lat="37.75422" lon="-122.11849">
        <ele>190.8</ele>
      </trkpt>
      <trkpt lat="37.75415" lon="-122.11848">
        <ele>190.4</ele>
      </trkpt>
      <trkpt lat="37.75409" lon="-122.1185">
        <ele>189.7</ele>
      </trkpt>
      <trkpt lat="37.75385" lon="-122.1182">
        <ele>190.9</ele>
      </trkpt>
      <trkpt lat="37.75378" lon="-122.11826">
        <ele>189.7</ele>
      </trkpt>
      <trkpt lat="37.75369" lon="-122.11831">
        <ele>188.4</ele>
      </trkpt>
      <trkpt lat="37.75343" lon="-122.11819">
        <ele>188.0</ele>
      </trkpt>
      <trkpt lat="37.7531" lon="-122.11799">
        <ele>190.2</ele>
      </trkpt>
      <trkpt lat="37.75245" lon="-122.1175">
        <ele>198.4</ele>
      </trkpt>
      <trkpt lat="37.75218" lon="-122.1173">
        <ele>200.8</ele>
      </trkpt>
      <trkpt lat="37.75248" lon="-122.11737">
        <ele>198.9</ele>
      </trkpt>
      <trkpt lat="37.75295" lon="-122.11754">
        <ele>191.4</ele>
      </trkpt>
      <trkpt lat="37.75342" lon="-122.11772">
        <ele>188.1</ele>
      </trkpt>
      <trkpt lat="37.75361" lon="-122.11782">
        <ele>191.0</ele>
      </trkpt>
      <trkpt lat="37.75368" lon="-122.11784">
        <ele>192.2</ele>
      </trkpt>
      <trkpt lat="37.75407" lon="-122.11805">
        <ele>194.2</ele>
      </trkpt>
      <trkpt lat="37.75433" lon="-122.11823">
        <ele>193.8</ele>
      </trkpt>
      <trkpt lat="37.75454" lon="-122.11843">
        <ele>193.2</ele>
      </trkpt>
      <trkpt lat="37.75465" lon="-122.11846">
        <ele>193.6</ele>
      </trkpt>
      <trkpt lat="37.75502" lon="-122.1184">
        <ele>191.5</ele>
      </trkpt>
      <trkpt lat="37.75512" lon="-122.11837">
        <ele>188.0</ele>
      </trkpt>
      <trkpt lat="37.75525" lon="-122.11828">
        <ele>183.1</ele>
      </trkpt>
      <trkpt lat="37.75537" lon="-122.11818">
        <ele>181.7</ele>
      </trkpt>
      <trkpt lat="37.75554" lon="-122.11799">
        <ele>181.1</ele>
      </trkpt>
      <trkpt lat="37.75576" lon="-122.11766">
        <ele>180.3</ele>
      </trkpt>
      <trkpt lat="37.75576" lon="-122.11766">
        <ele>180.3</ele>
      </trkpt>
      <trkpt lat="37.75589" lon="-122.11745">
        <ele>178.4</ele>
      </trkpt>
      <trkpt lat="37.75597" lon="-122.11729">
        <ele>176.5</ele>
      </trkpt>
      <trkpt lat="37.756" lon="-122.11714">
        <ele>172.6</ele>
      </trkpt>
      <trkpt lat="37.75602" lon="-122.11709">
        <ele>171.3</ele>
      </trkpt>
      <trkpt lat="37.75606" lon="-122.11702">
        <ele>169.5</ele>
      </trkpt>
      <trkpt lat="37.7561" lon="-122.11697">
        <ele>168.5</ele>
      </trkpt>
      <trkpt lat="37.75617" lon="-122.11696">
        <ele>168.7</ele>
      </trkpt>
      <trkpt lat="37.7564" lon="-122.11694">
        <ele>166.8</ele>
      </trkpt>
      <trkpt lat="37.75647" lon="-122.11692">
        <ele>164.4</ele>
      </trkpt>
      <trkpt lat="37.75677" lon="-122.11679">
        <ele>155.7</ele>
      </trkpt>
      <trkpt lat="37.75696" lon="-122.11667">
        <ele>151.8</ele>
      </trkpt>
      <trkpt lat="37.75704" lon="-122.11666">
        <ele>151.0</ele>
      </trkpt>
      <trkpt lat="37.75708" lon="-122.11667">
        <ele>150.9</ele>
      </trkpt>
      <trkpt lat="37.75714" lon="-122.1167">
        <ele>151.1</ele>
      </trkpt>
      <trkpt lat="37.75723" lon="-122.11678">
        <ele>152.2</ele>
      </trkpt>
      <trkpt lat="37.7573" lon="-122.11681">
        <ele>152.5</ele>
      </trkpt>
      <trkpt lat="37.75741" lon="-122.11681">
        <ele>151.8</ele>
      </trkpt>
      <trkpt lat="37.75747" lon="-122.11679">
        <ele>151.0</ele>
      </trkpt>
      <trkpt lat="37.7577" lon="-122.11679">
        <ele>149.7</ele>
      </trkpt>
      <trkpt lat="37.75777" lon="-122.11681">
        <ele>149.3</ele>
      </trkpt>
      <trkpt lat="37.75784" lon="-122.11686">
        <ele>149.4</ele>
      </trkpt>
      <trkpt lat="37.75813" lon="-122.11719">
        <ele>149.1</ele>
      </trkpt>
      <trkpt lat="37.75826" lon="-122.11724">
        <ele>145.6</ele>
      </trkpt>
      <trkpt lat="37.75885" lon="-122.11728">
        <ele>138.7</ele>
      </trkpt>
      <trkpt lat="37.75912" lon="-122.11734">
        <ele>136.3</ele>
      </trkpt>
      <trkpt lat="37.75925" lon="-122.11735">
        <ele>135.8</ele>
      </trkpt>
      <trkpt lat="37.75937" lon="-122.11734">
        <ele>137.3</ele>
      </trkpt>
      <trkpt lat="37.75954" lon="-122.11731">
        <ele>138.6</ele>
      </trkpt>
      <trkpt lat="37.75963" lon="-122.11724">
        <ele>138.1</ele>
      </trkpt>
      <trkpt lat="37.75963" lon="-122.11703">
        <ele>137.4</ele>
      </trkpt>
      <trkpt lat="37.7596" lon="-122.11679">
        <ele>136.6</ele>
      </trkpt>
      <trkpt lat="37.75951" lon="-122.11666">
        <ele>136.0</ele>
      </trkpt>
      <trkpt lat="37.75946" lon="-122.11651">
        <ele>135.5</ele>
      </trkpt>
      <trkpt lat="37.75936" lon="-122.11645">
        <ele>134.4</ele>
      </trkpt>
      <trkpt lat="37.75919" lon="-122.11639">
        <ele>136.5</ele>
      </trkpt>
      <trkpt lat="37.75902" lon="-122.1163">
        <ele>139.6</ele>
      </trkpt>
      <trkpt lat="37.7589" lon="-122.1162">
        <ele>141.6</ele>
      </trkpt>
      <trkpt lat="37.75879" lon="-122.11607">
        <ele>143.2</ele>
      </trkpt>
      <trkpt lat="37.75871" lon="-122.11592">
        <ele>144.5</ele>
      </trkpt>
      <trkpt lat="37.75868" lon="-122.11579">
        <ele>145.5</ele>
      </trkpt>
      <trkpt lat="37.75866" lon="-122.11565">
        <ele>146.4</ele>
      </trkpt>
      <trkpt lat="37.7587" lon="-122.1151">
        <ele>153.2</ele>
      </trkpt>
      <trkpt lat="37.75865" lon="-122.11474">
        <ele>155.4</ele>
      </trkpt>
      <trkpt lat="37.75866" lon="-122.1146">
        <ele>156.8</ele>
      </trkpt>
      <trkpt lat="37.75867" lon="-122.11453">
        <ele>157.5</ele>
      </trkpt>
      <trkpt lat="37.75867" lon="-122.11453">
        <ele>157.5</ele>
      </trkpt>
      <trkpt lat="37.75871" lon="-122.11429">
        <ele>159.3</ele>
      </trkpt>
      <trkpt lat="37.75872" lon="-122.11415">
        <ele>160.1</ele>
      </trkpt>
      <trkpt lat="37.75869" lon="-122.11397">
        <ele>159.8</ele>
      </trkpt>
      <trkpt lat="37.75861" lon="-122.11382">
        <ele>159.5</ele>
      </trkpt>
      <trkpt lat="37.75847" lon="-122.11368">
        <ele>159.7</ele>
      </trkpt>
      <trkpt lat="37.75828" lon="-122.11355">
        <ele>163.2</ele>
      </trkpt>
      <trkpt lat="37.75812" lon="-122.11347">
        <ele>166.1</ele>
      </trkpt>
      <trkpt lat="37.75803" lon="-122.1135">
        <ele>166.5</ele>
      </trkpt>
      <trkpt lat="37.75784" lon="-122.11364">
        <ele>165.7</ele>
      </trkpt>
      <trkpt lat="37.75773" lon="-122.11366">
        <ele>165.1</ele>
      </trkpt>
      <trkpt lat="37.75764" lon="-122.11362">
        <ele>164.1</ele>
      </trkpt>
      <trkpt lat="37.75758" lon="-122.11355">
        <ele>163.4</ele>
      </trkpt>
      <trkpt lat="37.75741" lon="-122.11305">
        <ele>165.6</ele>
      </trkpt>
      <trkpt lat="37.75735" lon="-122.11289">
        <ele>166.8</ele>
      </trkpt>
      <trkpt lat="37.75729" lon="-122.11278">
        <ele>168.0</ele>
      </trkpt>
      <trkpt lat="37.75724" lon="-122.11274">
        <ele>168.3</ele>
      </trkpt>
      <trkpt lat="37.75719" lon="-122.11273">
        <ele>168.4</ele>
      </trkpt>
      <trkpt lat="37.75713" lon="-122.11277">
        <ele>167.8</ele>
      </trkpt>
      <trkpt lat="37.75692" lon="-122.11305">
        <ele>163.5</ele>
      </trkpt>
      <trkpt lat="37.7568" lon="-122.11316">
        <ele>163.1</ele>
      </trkpt>
      <trkpt lat="37.75663" lon="-122.11324">
        <ele>163.0</ele>
      </trkpt>
      <trkpt lat="37.75652" lon="-122.11326">
        <ele>163.5</ele>
      </trkpt>
      <trkpt lat="37.75635" lon="-122.11326">
        <ele>165.7</ele>
      </trkpt>
      <trkpt lat="37.75628" lon="-122.11341">
        <ele>164.7</ele>
      </trkpt>
      <trkpt lat="37.75616" lon="-122.11364">
        <ele>163.7</ele>
      </trkpt>
      <trkpt lat="37.75606" lon="-122.11378">
        <ele>162.8</ele>
      </trkpt>
      <trkpt lat="37.75597" lon="-122.11384">
        <ele>161.5</ele>
      </trkpt>
      <trkpt lat="37.7559" lon="-122.11382">
        <ele>161.3</ele>
      </trkpt>
      <trkpt lat="37.75584" lon="-122.11376">
        <ele>161.7</ele>
      </trkpt>
      <trkpt lat="37.7557" lon="-122.11334">
        <ele>155.3</ele>
      </trkpt>
      <trkpt lat="37.75567" lon="-122.11316">
        <ele>153.0</ele>
      </trkpt>
      <trkpt lat="37.75571" lon="-122.11304">
        <ele>153.3</ele>
      </trkpt>
      <trkpt lat="37.75585" lon="-122.11283">
        <ele>155.2</ele>
      </trkpt>
      <trkpt lat="37.75588" lon="-122.11275">
        <ele>155.2</ele>
      </trkpt>
      <trkpt lat="37.75586" lon="-122.11269">
        <ele>154.0</ele>
      </trkpt>
      <trkpt lat="37.75584" lon="-122.11261">
        <ele>152.7</ele>
      </trkpt>
      <trkpt lat="37.75572" lon="-122.11239">
        <ele>145.1</ele>
      </trkpt>
      <trkpt lat="37.75564" lon="-122.11216">
        <ele>141.7</ele>
      </trkpt>
      <trkpt lat="37.75562" lon="-122.11202">
        <ele>141.1</ele>
      </trkpt>
      <trkpt lat="37.75564" lon="-122.11165">
        <ele>142.2</ele>
      </trkpt>
      <trkpt lat="37.75561" lon="-122.11153">
        <ele>141.8</ele>
      </trkpt>
      <trkpt lat="37.75555" lon="-122.11143">
        <ele>142.8</ele>
      </trkpt>
      <trkpt lat="37.75549" lon="-122.11138">
        <ele>143.3</ele>
      </trkpt>
      <trkpt lat="37.75536" lon="-122.11143">
        <ele>141.1</ele>
      </trkpt>
      <trkpt lat="37.7553" lon="-122.11149">
        <ele>141.2</ele>
      </trkpt>
      <trkpt lat="37.75519" lon="-122.11167">
        <ele>143.1</ele>
      </trkpt>
      <trkpt lat="37.7551" lon="-122.11186">
        <ele>149.6</ele>
      </trkpt>
      <trkpt lat="37.755" lon="-122.1123">
        <ele>151.4</ele>
      </trkpt>
      <trkpt lat="37.75496" lon="-122.11243">
        <ele>151.0</ele>
      </trkpt>
      <trkpt lat="37.7548" lon="-122.11273">
        <ele>151.1</ele>
      </trkpt>
      <trkpt lat="37.75474" lon="-122.11279">
        <ele>151.6</ele>
      </trkpt>
      <trkpt lat="37.75464" lon="-122.11283">
        <ele>153.4</ele>
      </trkpt>
      <trkpt lat="37.7545" lon="-122.1128">
        <ele>158.6</ele>
      </trkpt>
      <trkpt lat="37.75434" lon="-122.11269">
        <ele>164.3</ele>
      </trkpt>
      <trkpt lat="37.75415" lon="-122.11247">
        <ele>171.6</ele>
      </trkpt>
      <trkpt lat="37.75407" lon="-122.11232">
        <ele>175.6</ele>
      </trkpt>
      <trkpt lat="37.75403" lon="-122.11219">
        <ele>175.1</ele>
      </trkpt>
      <trkpt lat="37.75403" lon="-122.11178">
        <ele>175.6</ele>
      </trkpt>
      <trkpt lat="37.75399" lon="-122.11118">
        <ele>177.1</ele>
      </trkpt>
      <trkpt lat="37.75399" lon="-122.11118">
        <ele>177.1</ele>
      </trkpt>
      <trkpt lat="37.75398" lon="-122.11105">
        <ele>177.7</ele>
      </trkpt>
      <trkpt lat="37.75389" lon="-122.11047">
        <ele>185.1</ele>
      </trkpt>
      <trkpt lat="37.75389" lon="-122.11015">
        <ele>189.2</ele>
      </trkpt>
      <trkpt lat="37.75391" lon="-122.10997">
        <ele>190.6</ele>
      </trkpt>
      <trkpt lat="37.75398" lon="-122.1097">
        <ele>193.2</ele>
      </trkpt>
      <trkpt lat="37.75398" lon="-122.10961">
        <ele>193.3</ele>
      </trkpt>
      <trkpt lat="37.75394" lon="-122.10953">
        <ele>192.7</ele>
      </trkpt>
      <trkpt lat="37.75392" lon="-122.1095">
        <ele>192.7</ele>
      </trkpt>
      <trkpt lat="37.75385" lon="-122.10947">
        <ele>192.3</ele>
      </trkpt>
      <trkpt lat="37.75367" lon="-122.10951">
        <ele>190.3</ele>
      </trkpt>
      <trkpt lat="37.75346" lon="-122.10943">
        <ele>192.3</ele>
      </trkpt>
      <trkpt lat="37.75334" lon="-122.10931">
        <ele>193.8</ele>
      </trkpt>
      <trkpt lat="37.75325" lon="-122.10911">
        <ele>197.0</ele>
      </trkpt>
      <trkpt lat="37.75322" lon="-122.10898">
        <ele>198.3</ele>
      </trkpt>
      <trkpt lat="37.75322" lon="-122.10875">
        <ele>199.8</ele>
      </trkpt>
      <trkpt lat="37.75329" lon="-122.10814">
        <ele>203.8</ele>
      </trkpt>
      <trkpt lat="37.75326" lon="-122.10807">
        <ele>203.7</ele>
      </trkpt>
      <trkpt lat="37.75317" lon="-122.10802">
        <ele>203.5</ele>
      </trkpt>
      <trkpt lat="37.75301" lon="-122.10802">
        <ele>202.9</ele>
      </trkpt>
      <trkpt lat="37.75295" lon="-122.10798">
        <ele>203.1</ele>
      </trkpt>
      <trkpt lat="37.7529" lon="-122.1079">
        <ele>204.6</ele>
      </trkpt>
      <trkpt lat="37.75287" lon="-122.10777">
        <ele>207.0</ele>
      </trkpt>
      <trkpt lat="37.75288" lon="-122.10767">
        <ele>208.3</ele>
      </trkpt>
      <trkpt lat="37.75304" lon="-122.1073">
        <ele>213.2</ele>
      </trkpt>
      <trkpt lat="37.75304" lon="-122.10721">
        <ele>214.4</ele>
      </trkpt>
      <trkpt lat="37.75299" lon="-122.10712">
        <ele>213.8</ele>
      </trkpt>
      <trkpt lat="37.75293" lon="-122.10706">
        <ele>212.7</ele>
      </trkpt>
      <trkpt lat="37.7529" lon="-122.10699">
        <ele>212.3</ele>
      </trkpt>
      <trkpt lat="37.7529" lon="-122.10689">
        <ele>212.9</ele>
      </trkpt>
      <trkpt lat="37.75298" lon="-122.10658">
        <ele>216.2</ele>
      </trkpt>
      <trkpt lat="37.75299" lon="-122.10645">
        <ele>217.2</ele>
      </trkpt>
      <trkpt lat="37.75289" lon="-122.10557">
        <ele>226.3</ele>
      </trkpt>
      <trkpt lat="37.7527" lon="-122.10507">
        <ele>222.8</ele>
      </trkpt>
      <trkpt lat="37.75264" lon="-122.10488">
        <ele>223.5</ele>
      </trkpt>
      <trkpt lat="37.75262" lon="-122.10466">
        <ele>227.3</ele>
      </trkpt>
      <trkpt lat="37.75262" lon="-122.10415">
        <ele>236.3</ele>
      </trkpt>
      <trkpt lat="37.75261" lon="-122.10405">
        <ele>237.7</ele>
      </trkpt>
      <trkpt lat="37.75255" lon="-122.10401">
        <ele>238.1</ele>
      </trkpt>
      <trkpt lat="37.75249" lon="-122.10405">
        <ele>237.9</ele>
      </trkpt>
      <trkpt lat="37.75239" lon="-122.10435">
        <ele>235.6</ele>
      </trkpt>
      <trkpt lat="37.75215" lon="-122.10476">
        <ele>239.5</ele>
      </trkpt>
      <trkpt lat="37.7521" lon="-122.10501">
        <ele>239.5</ele>
      </trkpt>
      <trkpt lat="37.75213" lon="-122.10541">
        <ele>235.5</ele>
      </trkpt>
      <trkpt lat="37.75211" lon="-122.10559">
        <ele>233.8</ele>
      </trkpt>
      <trkpt lat="37.75207" lon="-122.10566">
        <ele>233.8</ele>
      </trkpt>
      <trkpt lat="37.752" lon="-122.10576">
        <ele>234.2</ele>
      </trkpt>
      <trkpt lat="37.75178" lon="-122.10593">
        <ele>235.3</ele>
      </trkpt>
      <trkpt lat="37.75171" lon="-122.10596">
        <ele>235.8</ele>
      </trkpt>
      <trkpt lat="37.75164" lon="-122.10596">
        <ele>236.7</ele>
      </trkpt>
      <trkpt lat="37.75151" lon="-122.10589">
        <ele>239.2</ele>
      </trkpt>
      <trkpt lat="37.75142" lon="-122.1058">
        <ele>240.4</ele>
      </trkpt>
      <trkpt lat="37.75129" lon="-122.10556">
        <ele>242.0</ele>
      </trkpt>
      <trkpt lat="37.75121" lon="-122.10552">
        <ele>241.9</ele>
      </trkpt>
      <trkpt lat="37.75115" lon="-122.10552">
        <ele>241.6</ele>
      </trkpt>
      <trkpt lat="37.7509" lon="-122.10567">
        <ele>237.9</ele>
      </trkpt>
      <trkpt lat="37.7508" lon="-122.10569">
        <ele>236.2</ele>
      </trkpt>
      <trkpt lat="37.75068" lon="-122.10561">
        <ele>236.2</ele>
      </trkpt>
      <trkpt lat="37.7505" lon="-122.10534">
        <ele>239.9</ele>
      </trkpt>
      <trkpt lat="37.75044" lon="-122.10529">
        <ele>240.5</ele>
      </trkpt>
      <trkpt lat="37.75041" lon="-122.10528">
        <ele>240.6</ele>
      </trkpt>
      <trkpt lat="37.75041" lon="-122.10528">
        <ele>240.6</ele>
      </trkpt>
      <trkpt lat="37.75037" lon="-122.10526">
        <ele>240.8</ele>
      </trkpt>
      <trkpt lat="37.75026" lon="-122.10526">
        <ele>240.4</ele>
      </trkpt>
      <trkpt lat="37.75008" lon="-122.1053">
        <ele>239.8</ele>
      </trkpt>
      <trkpt lat="37.74948" lon="-122.1053">
        <ele>241.2</ele>
      </trkpt>
      <trkpt lat="37.74926" lon="-122.10534">
        <ele>241.1</ele>
      </trkpt>
      <trkpt lat="37.74908" lon="-122.10534">
        <ele>240.5</ele>
      </trkpt>
      <trkpt lat="37.74875" lon="-122.10526">
        <ele>239.0</ele>
      </trkpt>
      <trkpt lat="37.7484" lon="-122.10511">
        <ele>234.4</ele>
      </trkpt>
      <trkpt lat="37.74825" lon="-122.10508">
        <ele>232.3</ele>
      </trkpt>
      <trkpt lat="37.74812" lon="-122.10501">
        <ele>229.4</ele>
      </trkpt>
      <trkpt lat="37.74804" lon="-122.10489">
        <ele>227.1</ele>
      </trkpt>
      <trkpt lat="37.74805" lon="-122.10479">
        <ele>226.1</ele>
      </trkpt>
      <trkpt lat="37.74808" lon="-122.1047">
        <ele>225.2</ele>
      </trkpt>
      <trkpt lat="37.74823" lon="-122.10443">
        <ele>223.5</ele>
      </trkpt>
      <trkpt lat="37.7483" lon="-122.10432">
        <ele>222.9</ele>
      </trkpt>
      <trkpt lat="37.74839" lon="-122.10424">
        <ele>222.9</ele>
      </trkpt>
      <trkpt lat="37.74867" lon="-122.1041">
        <ele>224.9</ele>
      </trkpt>
      <trkpt lat="37.74874" lon="-122.10406">
        <ele>225.9</ele>
      </trkpt>
      <trkpt lat="37.74878" lon="-122.104">
        <ele>226.4</ele>
      </trkpt>
      <trkpt lat="37.7488" lon="-122.10392">
        <ele>226.5</ele>
      </trkpt>
      <trkpt lat="37.7488" lon="-122.10377">
        <ele>225.5</ele>
      </trkpt>
      <trkpt lat="37.74882" lon="-122.10366">
        <ele>225.0</ele>
      </trkpt>
      <trkpt lat="37.74885" lon="-122.10357">
        <ele>224.7</ele>
      </trkpt>
      <trkpt lat="37.74898" lon="-122.10334">
        <ele>225.2</ele>
      </trkpt>
      <trkpt lat="37.7492" lon="-122.10309">
        <ele>227.7</ele>
      </trkpt>
      <trkpt lat="37.74922" lon="-122.10303">
        <ele>228.0</ele>
      </trkpt>
      <trkpt lat="37.74923" lon="-122.10297">
        <ele>228.2</ele>
      </trkpt>
      <trkpt lat="37.74919" lon="-122.10292">
        <ele>228.0</ele>
      </trkpt>
      <trkpt lat="37.74913" lon="-122.10291">
        <ele>227.3</ele>
      </trkpt>
      <trkpt lat="37.74905" lon="-122.10293">
        <ele>226.5</ele>
      </trkpt>
      <trkpt lat="37.74882" lon="-122.10307">
        <ele>226.1</ele>
      </trkpt>
      <trkpt lat="37.74844" lon="-122.10324">
        <ele>229.0</ele>
      </trkpt>
      <trkpt lat="37.74806" lon="-122.10339">
        <ele>235.0</ele>
      </trkpt>
      <trkpt lat="37.74795" lon="-122.10339">
        <ele>235.8</ele>
      </trkpt>
      <trkpt lat="37.74791" lon="-122.10339">
        <ele>236.0</ele>
      </trkpt>
      <trkpt lat="37.74782" lon="-122.10333">
        <ele>237.5</ele>
      </trkpt>
      <trkpt lat="37.7477" lon="-122.10315">
        <ele>240.2</ele>
      </trkpt>
      <trkpt lat="37.74762" lon="-122.10306">
        <ele>240.3</ele>
      </trkpt>
      <trkpt lat="37.74743" lon="-122.10293">
        <ele>238.9</ele>
      </trkpt>
      <trkpt lat="37.74718" lon="-122.10284">
        <ele>237.4</ele>
      </trkpt>
      <trkpt lat="37.747" lon="-122.10284">
        <ele>235.3</ele>
      </trkpt>
      <trkpt lat="37.74689" lon="-122.10287">
        <ele>234.7</ele>
      </trkpt>
      <trkpt lat="37.74676" lon="-122.10294">
        <ele>234.7</ele>
      </trkpt>
      <trkpt lat="37.74671" lon="-122.10301">
        <ele>234.9</ele>
      </trkpt>
      <trkpt lat="37.74667" lon="-122.10309">
        <ele>235.5</ele>
      </trkpt>
      <trkpt lat="37.74666" lon="-122.10323">
        <ele>235.2</ele>
      </trkpt>
      <trkpt lat="37.74675" lon="-122.10349">
        <ele>232.8</ele>
      </trkpt>
      <trkpt lat="37.74673" lon="-122.10363">
        <ele>235.3</ele>
      </trkpt>
      <trkpt lat="37.7467" lon="-122.10372">
        <ele>236.8</ele>
      </trkpt>
      <trkpt lat="37.74661" lon="-122.10377">
        <ele>238.2</ele>
      </trkpt>
      <trkpt lat="37.74642" lon="-122.10376">
        <ele>237.4</ele>
      </trkpt>
      <trkpt lat="37.74635" lon="-122.10374">
        <ele>236.7</ele>
      </trkpt>
      <trkpt lat="37.74622" lon="-122.10365">
        <ele>235.6</ele>
      </trkpt>
      <trkpt lat="37.74608" lon="-122.10351">
        <ele>234.1</ele>
      </trkpt>
      <trkpt lat="37.74595" lon="-122.1034">
        <ele>231.9</ele>
      </trkpt>
      <trkpt lat="37.74585" lon="-122.10335">
        <ele>229.8</ele>
      </trkpt>
      <trkpt lat="37.74574" lon="-122.10335">
        <ele>227.5</ele>
      </trkpt>
      <trkpt lat="37.74565" lon="-122.10342">
        <ele>224.5</ele>
      </trkpt>
      <trkpt lat="37.7456" lon="-122.10349">
        <ele>222.0</ele>
      </trkpt>
      <trkpt lat="37.74546" lon="-122.10406">
        <ele>217.0</ele>
      </trkpt>
      <trkpt lat="37.74533" lon="-122.10433">
        <ele>218.8</ele>
      </trkpt>
      <trkpt lat="37.74517" lon="-122.10458">
        <ele>221.4</ele>
      </trkpt>
      <trkpt lat="37.745" lon="-122.10476">
        <ele>222.9</ele>
      </trkpt>
      <trkpt lat="37.74478" lon="-122.10493">
        <ele>221.5</ele>
      </trkpt>
      <trkpt lat="37.74455" lon="-122.10515">
        <ele>217.8</ele>
      </trkpt>
      <trkpt lat="37.74445" lon="-122.10522">
        <ele>216.7</ele>
      </trkpt>
      <trkpt lat="37.74435" lon="-122.10525">
        <ele>216.2</ele>
      </trkpt>
      <trkpt lat="37.74427" lon="-122.10526">
        <ele>215.3</ele>
      </trkpt>
      <trkpt lat="37.7442" lon="-122.10524">
        <ele>214.2</ele>
      </trkpt>
      <trkpt lat="37.74414" lon="-122.1052">
        <ele>213.0</ele>
      </trkpt>
      <trkpt lat="37.7441" lon="-122.10512">
        <ele>212.1</ele>
      </trkpt>
      <trkpt lat="37.74405" lon="-122.10495">
        <ele>211.2</ele>
      </trkpt>
      <trkpt lat="37.74404" lon="-122.10462">
        <ele>212.0</ele>
      </trkpt>
      <trkpt lat="37.74402" lon="-122.1045">
        <ele>213.0</ele>
      </trkpt>
      <trkpt lat="37.74399" lon="-122.10443">
        <ele>213.8</ele>
      </trkpt>
      <trkpt lat="37.74389" lon="-122.10432">
        <ele>214.7</ele>
      </trkpt>
      <trkpt lat="37.74374" lon="-122.10419">
        <ele>214.7</ele>
      </trkpt>
      <trkpt lat="37.74367" lon="-122.10409">
        <ele>214.8</ele>
      </trkpt>
      <trkpt lat="37.74361" lon="-122.10395">
        <ele>215.3</ele>
      </trkpt>
      <trkpt lat="37.74358" lon="-122.10369">
        <ele>218.4</ele>
      </trkpt>
      <trkpt lat="37.74355" lon="-122.10361">
        <ele>218.4</ele>
      </trkpt>
      <trkpt lat="37.7435" lon="-122.10357">
        <ele>217.6</ele>
      </trkpt>
      <trkpt lat="37.74345" lon="-122.10353">
        <ele>217.4</ele>
      </trkpt>
      <trkpt lat="37.74334" lon="-122.10355">
        <ele>216.7</ele>
      </trkpt>
      <trkpt lat="37.74307" lon="-122.10367">
        <ele>217.3</ele>
      </trkpt>
      <trkpt lat="37.74301" lon="-122.10373">
        <ele>216.8</ele>
      </trkpt>
      <trkpt lat="37.74289" lon="-122.10388">
        <ele>215.4</ele>
      </trkpt>
      <trkpt lat="37.74277" lon="-122.10397">
        <ele>216.1</ele>
      </trkpt>
      <trkpt lat="37.74247" lon="-122.10395">
        <ele>217.0</ele>
      </trkpt>
      <trkpt lat="37.74241" lon="-122.1039">
        <ele>216.9</ele>
      </trkpt>
      <trkpt lat="37.74238" lon="-122.1038">
        <ele>217.3</ele>
      </trkpt>
      <trkpt lat="37.74237" lon="-122.10366">
        <ele>217.6</ele>
      </trkpt>
      <trkpt lat="37.74239" lon="-122.1033">
        <ele>218.4</ele>
      </trkpt>
      <trkpt lat="37.74234" lon="-122.10308">
        <ele>217.5</ele>
      </trkpt>
      <trkpt lat="37.74226" lon="-122.10293">
        <ele>218.2</ele>
      </trkpt>
      <trkpt lat="37.74209" lon="-122.1027">
        <ele>217.7</ele>
      </trkpt>
      <trkpt lat="37.74203" lon="-122.10253">
        <ele>217.5</ele>
      </trkpt>
      <trkpt lat="37.74202" lon="-122.10239">
        <ele>217.8</ele>
      </trkpt>
      <trkpt lat="37.74204" lon="-122.10207">
        <ele>218.6</ele>
      </trkpt>
      <trkpt lat="37.74201" lon="-122.10185">
        <ele>216.7</ele>
      </trkpt>
      <trkpt lat="37.74189" lon="-122.10168">
        <ele>214.7</ele>
      </trkpt>
      <trkpt lat="37.74174" lon="-122.10165">
        <ele>215.4</ele>
      </trkpt>
      <trkpt lat="37.74145" lon="-122.10165">
        <ele>215.6</ele>
      </trkpt>
      <trkpt lat="37.74142" lon="-122.10162">
        <ele>216.0</ele>
      </trkpt>
      <trkpt lat="37.74136" lon="-122.10152">
        <ele>216.9</ele>
      </trkpt>
      <trkpt lat="37.74136" lon="-122.10138">
        <ele>217.9</ele>
      </trkpt>
      <trkpt lat="37.7414" lon="-122.10116">
        <ele>218.5</ele>
      </trkpt>
      <trkpt lat="37.74148" lon="-122.10095">
        <ele>221.0</ele>
      </trkpt>
      <trkpt lat="37.74171" lon="-122.10048">
        <ele>227.6</ele>
      </trkpt>
      <trkpt lat="37.74177" lon="-122.10026">
        <ele>230.4</ele>
      </trkpt>
      <trkpt lat="37.74177" lon="-122.09998">
        <ele>233.2</ele>
      </trkpt>
      <trkpt lat="37.74168" lon="-122.09935">
        <ele>239.1</ele>
      </trkpt>
      <trkpt lat="37.74166" lon="-122.09912">
        <ele>240.1</ele>
      </trkpt>
      <trkpt lat="37.74168" lon="-122.09899">
        <ele>239.9</ele>
      </trkpt>
      <trkpt lat="37.74182" lon="-122.09862">
        <ele>241.3</ele>
      </trkpt>
      <trkpt lat="37.74186" lon="-122.09844">
        <ele>242.2</ele>
      </trkpt>
      <trkpt lat="37.74187" lon="-122.09775">
        <ele>245.5</ele>
      </trkpt>
      <trkpt lat="37.7419" lon="-122.09743">
        <ele>248.5</ele>
      </trkpt>
      <trkpt lat="37.74189" lon="-122.09734">
        <ele>249.0</ele>
      </trkpt>
      <trkpt lat="37.74182" lon="-122.09712">
        <ele>249.4</ele>
      </trkpt>
      <trkpt lat="37.74176" lon="-122.09701">
        <ele>250.0</ele>
      </trkpt>
      <trkpt lat="37.74126" lon="-122.09655">
        <ele>250.0</ele>
      </trkpt>
      <trkpt lat="37.74116" lon="-122.09641">
        <ele>248.8</ele>
      </trkpt>
      <trkpt lat="37.74111" lon="-122.09629">
        <ele>248.8</ele>
      </trkpt>
      <trkpt lat="37.74107" lon="-122.09616">
        <ele>248.4</ele>
      </trkpt>
      <trkpt lat="37.74102" lon="-122.09587">
        <ele>247.6</ele>
      </trkpt>
      <trkpt lat="37.74099" lon="-122.09567">
        <ele>249.7</ele>
      </trkpt>
      <trkpt lat="37.74085" lon="-122.09524">
        <ele>249.1</ele>
      </trkpt>
      <trkpt lat="37.74082" lon="-122.09511">
        <ele>249.7</ele>
      </trkpt>
      <trkpt lat="37.74081" lon="-122.09498">
        <ele>251.8</ele>
      </trkpt>
      <trkpt lat="37.74083" lon="-122.09446">
        <ele>258.2</ele>
      </trkpt>
      <trkpt lat="37.74067" lon="-122.09466">
        <ele>256.2</ele>
      </trkpt>
      <trkpt lat="37.74067" lon="-122.09466">
        <ele>256.2</ele>
      </trkpt>
      <trkpt lat="37.74064" lon="-122.09469">
        <ele>255.7</ele>
      </trkpt>
      <trkpt lat="37.7406" lon="-122.09478">
        <ele>254.6</ele>
      </trkpt>
      <trkpt lat="37.74055" lon="-122.09491">
        <ele>253.1</ele>
      </trkpt>
      <trkpt lat="37.74051" lon="-122.09524">
        <ele>249.8</ele>
      </trkpt>
      <trkpt lat="37.74056" lon="-122.096">
        <ele>242.5</ele>
      </trkpt>
      <trkpt lat="37.74054" lon="-122.0961">
        <ele>242.4</ele>
      </trkpt>
      <trkpt lat="37.74051" lon="-122.09619">
        <ele>242.2</ele>
      </trkpt>
      <trkpt lat="37.74045" lon="-122.09627">
        <ele>241.7</ele>
      </trkpt>
      <trkpt lat="37.74039" lon="-122.09632">
        <ele>241.9</ele>
      </trkpt>
      <trkpt lat="37.74019" lon="-122.0964">
        <ele>244.0</ele>
      </trkpt>
      <trkpt lat="37.74002" lon="-122.09649">
        <ele>242.1</ele>
      </trkpt>
      <trkpt lat="37.73993" lon="-122.09657">
        <ele>238.2</ele>
      </trkpt>
      <trkpt lat="37.73985" lon="-122.09667">
        <ele>237.7</ele>
      </trkpt>
      <trkpt lat="37.73973" lon="-122.09686">
        <ele>237.3</ele>
      </trkpt>
      <trkpt lat="37.73959" lon="-122.09721">
        <ele>235.7</ele>
      </trkpt>
      <trkpt lat="37.73949" lon="-122.09738">
        <ele>235.1</ele>
      </trkpt>
      <trkpt lat="37.73942" lon="-122.09746">
        <ele>235.0</ele>
      </trkpt>
      <trkpt lat="37.73935" lon="-122.0975">
        <ele>235.0</ele>
      </trkpt>
      <trkpt lat="37.73928" lon="-122.09751">
        <ele>235.0</ele>
      </trkpt>
      <trkpt lat="37.73921" lon="-122.09748">
        <ele>235.0</ele>
      </trkpt>
      <trkpt lat="37.73879" lon="-122.09707">
        <ele>236.8</ele>
      </trkpt>
      <trkpt lat="37.73839" lon="-122.09672">
        <ele>236.5</ele>
      </trkpt>
      <trkpt lat="37.73832" lon="-122.09661">
        <ele>235.3</ele>
      </trkpt>
      <trkpt lat="37.73819" lon="-122.096">
        <ele>227.6</ele>
      </trkpt>
      <trkpt lat="37.73812" lon="-122.09582">
        <ele>225.3</ele>
      </trkpt>
      <trkpt lat="37.7381" lon="-122.09577">
        <ele>225.2</ele>
      </trkpt>
      <trkpt lat="37.7381" lon="-122.09577">
        <ele>225.2</ele>
      </trkpt>
      <trkpt lat="37.73799" lon="-122.09558">
        <ele>224.6</ele>
      </trkpt>
      <trkpt lat="37.73783" lon="-122.09537">
        <ele>223.8</ele>
      </trkpt>
      <trkpt lat="37.73762" lon="-122.09521">
        <ele>222.4</ele>
      </trkpt>
      <trkpt lat="37.73741" lon="-122.09508">
        <ele>221.4</ele>
      </trkpt>
      <trkpt lat="37.73729" lon="-122.09504">
        <ele>220.7</ele>
      </trkpt>
      <trkpt lat="37.73714" lon="-122.09501">
        <ele>219.7</ele>
      </trkpt>
      <trkpt lat="37.73687" lon="-122.09503">
        <ele>217.8</ele>
      </trkpt>
      <trkpt lat="37.73673" lon="-122.09508">
        <ele>216.8</ele>
      </trkpt>
      <trkpt lat="37.73673" lon="-122.09508">
        <ele>216.8</ele>
      </trkpt>
      <trkpt lat="37.73669" lon="-122.09495">
        <ele>217.4</ele>
      </trkpt>
      <trkpt lat="37.73672" lon="-122.09497">
        <ele>217.4</ele>
      </trkpt>
      <trkpt lat="37.7367" lon="-122.09493">
        <ele>217.5</ele>
      </trkpt>
      <trkpt lat="37.73651" lon="-122.09479">
        <ele>217.0</ele>
      </trkpt>
      <trkpt lat="37.73633" lon="-122.09459">
        <ele>217.8</ele>
      </trkpt>
      <trkpt lat="37.73625" lon="-122.09447">
        <ele>218.2</ele>
      </trkpt>
      <trkpt lat="37.73609" lon="-122.0939">
        <ele>221.7</ele>
      </trkpt>
      <trkpt lat="37.73592" lon="-122.09345">
        <ele>222.7</ele>
      </trkpt>
      <trkpt lat="37.73585" lon="-122.09329">
        <ele>223.2</ele>
      </trkpt>
      <trkpt lat="37.73571" lon="-122.09308">
        <ele>223.7</ele>
      </trkpt>
      <trkpt lat="37.73542" lon="-122.09272">
        <ele>221.9</ele>
      </trkpt>
      <trkpt lat="37.73508" lon="-122.09238">
        <ele>219.3</ele>
      </trkpt>
      <trkpt lat="37.73491" lon="-122.09203">
        <ele>213.2</ele>
      </trkpt>
      <trkpt lat="37.73467" lon="-122.09175">
        <ele>210.8</ele>
      </trkpt>
      <trkpt lat="37.73445" lon="-122.09138">
        <ele>207.3</ele>
      </trkpt>
      <trkpt lat="37.73433" lon="-122.09121">
        <ele>203.2</ele>
      </trkpt>
      <trkpt lat="37.73427" lon="-122.0911">
        <ele>200.5</ele>
      </trkpt>
      <trkpt lat="37.73419" lon="-122.0906">
        <ele>191.8</ele>
      </trkpt>
      <trkpt lat="37.73414" lon="-122.09048">
        <ele>189.6</ele>
      </trkpt>
      <trkpt lat="37.734" lon="-122.09022">
        <ele>184.3</ele>
      </trkpt>
      <trkpt lat="37.73392" lon="-122.09012">
        <ele>182.4</ele>
      </trkpt>
      <trkpt lat="37.73388" lon="-122.09008">
        <ele>181.7</ele>
      </trkpt>
      <trkpt lat="37.73388" lon="-122.09008">
        <ele>181.7</ele>
      </trkpt>
      <trkpt lat="37.73347" lon="-122.08966">
        <ele>175.0</ele>
      </trkpt>
      <trkpt lat="37.73316" lon="-122.08944">
        <ele>173.0</ele>
      </trkpt>
      <trkpt lat="37.73307" lon="-122.08936">
        <ele>171.5</ele>
      </trkpt>
      <trkpt lat="37.73301" lon="-122.08925">
        <ele>169.6</ele>
      </trkpt>
      <trkpt lat="37.73279" lon="-122.08883">
        <ele>163.0</ele>
      </trkpt>
      <trkpt lat="37.73276" lon="-122.0887">
        <ele>161.6</ele>
      </trkpt>
      <trkpt lat="37.73276" lon="-122.08842">
        <ele>156.5</ele>
      </trkpt>
      <trkpt lat="37.73274" lon="-122.08833">
        <ele>154.9</ele>
      </trkpt>
      <trkpt lat="37.73269" lon="-122.08821">
        <ele>153.3</ele>
      </trkpt>
      <trkpt lat="37.73261" lon="-122.08807">
        <ele>150.2</ele>
      </trkpt>
      <trkpt lat="37.73253" lon="-122.08797">
        <ele>147.9</ele>
      </trkpt>
      <trkpt lat="37.73235" lon="-122.08782">
        <ele>146.6</ele>
      </trkpt>
      <trkpt lat="37.73205" lon="-122.08749">
        <ele>138.4</ele>
      </trkpt>
      <trkpt lat="37.73181" lon="-122.08729">
        <ele>131.1</ele>
      </trkpt>
      <trkpt lat="37.73168" lon="-122.08721">
        <ele>128.1</ele>
      </trkpt>
      <trkpt lat="37.73147" lon="-122.08719">
        <ele>124.7</ele>
      </trkpt>
      <trkpt lat="37.73137" lon="-122.08725">
        <ele>123.6</ele>
      </trkpt>
      <trkpt lat="37.73132" lon="-122.08737">
        <ele>122.9</ele>
      </trkpt>
      <trkpt lat="37.73131" lon="-122.08746">
        <ele>122.2</ele>
      </trkpt>
      <trkpt lat="37.73134" lon="-122.08763">
        <ele>120.4</ele>
      </trkpt>
      <trkpt lat="37.73134" lon="-122.08777">
        <ele>118.1</ele>
      </trkpt>
      <trkpt lat="37.73123" lon="-122.08821">
        <ele>113.7</ele>
      </trkpt>
      <trkpt lat="37.73118" lon="-122.0888">
        <ele>104.8</ele>
      </trkpt>
      <trkpt lat="37.73118" lon="-122.08893">
        <ele>102.7</ele>
      </trkpt>
      <trkpt lat="37.73121" lon="-122.08907">
        <ele>101.0</ele>
      </trkpt>
      <trkpt lat="37.73135" lon="-122.08933">
        <ele>98.5</ele>
      </trkpt>
      <trkpt lat="37.73145" lon="-122.08962">
        <ele>101.6</ele>
      </trkpt>
      <trkpt lat="37.7316" lon="-122.08982">
        <ele>104.7</ele>
      </trkpt>
      <trkpt lat="37.73166" lon="-122.08994">
        <ele>104.0</ele>
      </trkpt>
      <trkpt lat="37.73168" lon="-122.09016">
        <ele>99.7</ele>
      </trkpt>
      <trkpt lat="37.73166" lon="-122.09052">
        <ele>90.6</ele>
      </trkpt>
      <trkpt lat="37.73158" lon="-122.09092">
        <ele>85.1</ele>
      </trkpt>
      <trkpt lat="37.73151" lon="-122.09108">
        <ele>85.3</ele>
      </trkpt>
      <trkpt lat="37.73109" lon="-122.0917">
        <ele>77.3</ele>
      </trkpt>
      <trkpt lat="37.73098" lon="-122.09182">
        <ele>74.0</ele>
      </trkpt>
      <trkpt lat="37.73098" lon="-122.09182">
        <ele>74.0</ele>
      </trkpt>
      <trkpt lat="37.73087" lon="-122.09195">
        <ele>73.8</ele>
      </trkpt>
      <trkpt lat="37.73053" lon="-122.09182">
        <ele>72.6</ele>
      </trkpt>
      <trkpt lat="37.73043" lon="-122.09185">
        <ele>72.5</ele>
      </trkpt>
      <trkpt lat="37.73027" lon="-122.09201">
        <ele>72.5</ele>
      </trkpt>
      <trkpt lat="37.73013" lon="-122.09223">
        <ele>72.5</ele>
      </trkpt>
      <trkpt lat="37.73007" lon="-122.09238">
        <ele>72.5</ele>
      </trkpt>
      <trkpt lat="37.73" lon="-122.09243">
        <ele>72.5</ele>
      </trkpt>
      <trkpt lat="37.72997" lon="-122.09248">
        <ele>72.5</ele>
      </trkpt>
      <trkpt lat="37.72995" lon="-122.09258">
        <ele>72.5</ele>
      </trkpt>
      <trkpt lat="37.72991" lon="-122.09269">
        <ele>72.5</ele>
      </trkpt>
      <trkpt lat="37.72976" lon="-122.09298">
        <ele>72.9</ele>
      </trkpt>
      <trkpt lat="37.72974" lon="-122.09316">
        <ele>73.0</ele>
      </trkpt>
      <trkpt lat="37.72974" lon="-122.09316">
        <ele>73.0</ele>
      </trkpt>
      <trkpt lat="37.72972" lon="-122.0933">
        <ele>73.1</ele>
      </trkpt>
      <trkpt lat="37.72971" lon="-122.09356">
        <ele>72.9</ele>
      </trkpt>
      <trkpt lat="37.72971" lon="-122.09367">
        <ele>72.7</ele>
      </trkpt>
      <trkpt lat="37.72966" lon="-122.09377">
        <ele>73.1</ele>
      </trkpt>
      <trkpt lat="37.72966" lon="-122.09377">
        <ele>73.1</ele>
      </trkpt>
      <trkpt lat="37.72953" lon="-122.094">
        <ele>73.6</ele>
      </trkpt>
      <trkpt lat="37.72938" lon="-122.09415">
        <ele>74.5</ele>
      </trkpt>
      <trkpt lat="37.72925" lon="-122.09422">
        <ele>75.7</ele>
      </trkpt>
      <trkpt lat="37.72915" lon="-122.09436">
        <ele>76.0</ele>
      </trkpt>
      <trkpt lat="37.72902" lon="-122.09453">
        <ele>76.1</ele>
      </trkpt>
      <trkpt lat="37.72899" lon="-122.09471">
        <ele>75.4</ele>
      </trkpt>
      <trkpt lat="37.72894" lon="-122.09482">
        <ele>75.3</ele>
      </trkpt>
      <trkpt lat="37.7288" lon="-122.09506">
        <ele>75.2</ele>
      </trkpt>
      <trkpt lat="37.7288" lon="-122.09506">
        <ele>75.2</ele>
      </trkpt>
      <trkpt lat="37.72877" lon="-122.09511">
        <ele>75.2</ele>
      </trkpt>
      <trkpt lat="37.72857" lon="-122.09535">
        <ele>75.3</ele>
      </trkpt>
      <trkpt lat="37.72848" lon="-122.09543">
        <ele>75.3</ele>
      </trkpt>
      <trkpt lat="37.72814" lon="-122.09558">
        <ele>76.6</ele>
      </trkpt>
      <trkpt lat="37.72791" lon="-122.09572">
        <ele>76.3</ele>
      </trkpt>
      <trkpt lat="37.72773" lon="-122.09579">
        <ele>76.1</ele>
      </trkpt>
      <trkpt lat="37.72755" lon="-122.09577">
        <ele>76.8</ele>
      </trkpt>
      <trkpt lat="37.72724" lon="-122.09554">
        <ele>78.8</ele>
      </trkpt>
      <trkpt lat="37.72709" lon="-122.09554">
        <ele>78.3</ele>
      </trkpt>
      <trkpt lat="37.72706" lon="-122.09556">
        <ele>77.9</ele>
      </trkpt>
      <trkpt lat="37.72703" lon="-122.09564">
        <ele>76.7</ele>
      </trkpt>
      <trkpt lat="37.72704" lon="-122.09573">
        <ele>75.5</ele>
      </trkpt>
      <trkpt lat="37.7272" lon="-122.09635">
        <ele>73.9</ele>
      </trkpt>
      <trkpt lat="37.7272" lon="-122.09649">
        <ele>74.0</ele>
      </trkpt>
      <trkpt lat="37.72718" lon="-122.09662">
        <ele>74.3</ele>
      </trkpt>
      <trkpt lat="37.72709" lon="-122.09689">
        <ele>75.4</ele>
      </trkpt>
      <trkpt lat="37.72691" lon="-122.09723">
        <ele>75.6</ele>
      </trkpt>
      <trkpt lat="37.72682" lon="-122.09727">
        <ele>76.7</ele>
      </trkpt>
      <trkpt lat="37.72669" lon="-122.09738">
        <ele>77.8</ele>
      </trkpt>
      <trkpt lat="37.72659" lon="-122.09759">
        <ele>78.1</ele>
      </trkpt>
      <trkpt lat="37.72658" lon="-122.09776">
        <ele>77.1</ele>
      </trkpt>
      <trkpt lat="37.72631" lon="-122.09857">
        <ele>77.3</ele>
      </trkpt>
      <trkpt lat="37.72625" lon="-122.09902">
        <ele>77.3</ele>
      </trkpt>
      <trkpt lat="37.72629" lon="-122.09938">
        <ele>76.5</ele>
      </trkpt>
      <trkpt lat="37.72633" lon="-122.09956">
        <ele>76.2</ele>
      </trkpt>
      <trkpt lat="37.7264" lon="-122.09977">
        <ele>76.0</ele>
      </trkpt>
      <trkpt lat="37.72649" lon="-122.09997">
        <ele>75.6</ele>
      </trkpt>
      <trkpt lat="37.72658" lon="-122.10012">
        <ele>75.4</ele>
      </trkpt>
      <trkpt lat="37.72672" lon="-122.10029">
        <ele>75.3</ele>
      </trkpt>
      <trkpt lat="37.72678" lon="-122.10042">
        <ele>76.4</ele>
      </trkpt>
      <trkpt lat="37.72686" lon="-122.10053">
        <ele>77.1</ele>
      </trkpt>
      <trkpt lat="37.72692" lon="-122.10058">
        <ele>77.2</ele>
      </trkpt>
      <trkpt lat="37.72745" lon="-122.10089">
        <ele>77.9</ele>
      </trkpt>
      <trkpt lat="37.72749" lon="-122.10097">
        <ele>79.3</ele>
      </trkpt>
      <trkpt lat="37.72747" lon="-122.10103">
        <ele>80.4</ele>
      </trkpt>
      <trkpt lat="37.72741" lon="-122.1011">
        <ele>81.3</ele>
      </trkpt>
      <trkpt lat="37.72727" lon="-122.10117">
        <ele>82.8</ele>
      </trkpt>
      <trkpt lat="37.72701" lon="-122.10133">
        <ele>82.6</ele>
      </trkpt>
      <trkpt lat="37.72679" lon="-122.10146">
        <ele>82.2</ele>
      </trkpt>
      <trkpt lat="37.72673" lon="-122.10153">
        <ele>80.5</ele>
      </trkpt>
      <trkpt lat="37.72648" lon="-122.10189">
        <ele>75.9</ele>
      </trkpt>
      <trkpt lat="37.72639" lon="-122.10199">
        <ele>75.3</ele>
      </trkpt>
      <trkpt lat="37.72634" lon="-122.10201">
        <ele>75.3</ele>
      </trkpt>
      <trkpt lat="37.72629" lon="-122.10201">
        <ele>75.5</ele>
      </trkpt>
      <trkpt lat="37.72624" lon="-122.10197">
        <ele>75.8</ele>
      </trkpt>
      <trkpt lat="37.72621" lon="-122.10188">
        <ele>76.9</ele>
      </trkpt>
      <trkpt lat="37.72617" lon="-122.10171">
        <ele>78.4</ele>
      </trkpt>
      <trkpt lat="37.72611" lon="-122.10158">
        <ele>78.4</ele>
      </trkpt>
      <trkpt lat="37.72589" lon="-122.10128">
        <ele>77.3</ele>
      </trkpt>
      <trkpt lat="37.72578" lon="-122.10115">
        <ele>76.7</ele>
      </trkpt>
      <trkpt lat="37.72571" lon="-122.10112">
        <ele>76.4</ele>
      </trkpt>
      <trkpt lat="37.72568" lon="-122.10114">
        <ele>76.1</ele>
      </trkpt>
      <trkpt lat="37.72564" lon="-122.10121">
        <ele>75.3</ele>
      </trkpt>
      <trkpt lat="37.72563" lon="-122.1013">
        <ele>75.0</ele>
      </trkpt>
      <trkpt lat="37.72565" lon="-122.10144">
        <ele>74.4</ele>
      </trkpt>
      <trkpt lat="37.7257" lon="-122.10161">
        <ele>73.1</ele>
      </trkpt>
      <trkpt lat="37.72571" lon="-122.10171">
        <ele>72.9</ele>
      </trkpt>
      <trkpt lat="37.72571" lon="-122.1018">
        <ele>73.1</ele>
      </trkpt>
      <trkpt lat="37.72567" lon="-122.10188">
        <ele>73.6</ele>
      </trkpt>
      <trkpt lat="37.72562" lon="-122.10193">
        <ele>74.1</ele>
      </trkpt>
      <trkpt lat="37.72556" lon="-122.10195">
        <ele>74.6</ele>
      </trkpt>
      <trkpt lat="37.72536" lon="-122.10196">
        <ele>76.7</ele>
      </trkpt>
      <trkpt lat="37.72533" lon="-122.10198">
        <ele>76.8</ele>
      </trkpt>
      <trkpt lat="37.72525" lon="-122.10209">
        <ele>76.1</ele>
      </trkpt>
      <trkpt lat="37.72511" lon="-122.10254">
        <ele>75.0</ele>
      </trkpt>
      <trkpt lat="37.725" lon="-122.1027">
        <ele>75.4</ele>
      </trkpt>
      <trkpt lat="37.72474" lon="-122.10295">
        <ele>75.9</ele>
      </trkpt>
      <trkpt lat="37.72462" lon="-122.10302">
        <ele>76.3</ele>
      </trkpt>
      <trkpt lat="37.72428" lon="-122.10319">
        <ele>76.9</ele>
      </trkpt>
      <trkpt lat="37.72395" lon="-122.10333">
        <ele>76.9</ele>
      </trkpt>
      <trkpt lat="37.72379" lon="-122.10337">
        <ele>77.1</ele>
      </trkpt>
      <trkpt lat="37.72364" lon="-122.10339">
        <ele>77.4</ele>
      </trkpt>
      <trkpt lat="37.72346" lon="-122.10339">
        <ele>77.6</ele>
      </trkpt>
      <trkpt lat="37.72332" lon="-122.10338">
        <ele>77.4</ele>
      </trkpt>
      <trkpt lat="37.72322" lon="-122.10334">
        <ele>77.3</ele>
      </trkpt>
      <trkpt lat="37.72312" lon="-122.10326">
        <ele>77.5</ele>
      </trkpt>
      <trkpt lat="37.72305" lon="-122.10315">
        <ele>77.7</ele>
      </trkpt>
      <trkpt lat="37.72299" lon="-122.10299">
        <ele>78.1</ele>
      </trkpt>
      <trkpt lat="37.72293" lon="-122.10293">
        <ele>77.9</ele>
      </trkpt>
      <trkpt lat="37.72288" lon="-122.10292">
        <ele>77.7</ele>
      </trkpt>
      <trkpt lat="37.72288" lon="-122.10292">
        <ele>77.7</ele>
      </trkpt>
      <trkpt lat="37.72286" lon="-122.10292">
        <ele>77.7</ele>
      </trkpt>
      <trkpt lat="37.72277" lon="-122.103">
        <ele>76.9</ele>
      </trkpt>
      <trkpt lat="37.72273" lon="-122.10313">
        <ele>75.6</ele>
      </trkpt>
      <trkpt lat="37.72267" lon="-122.10352">
        <ele>74.7</ele>
      </trkpt>
      <trkpt lat="37.72262" lon="-122.10368">
        <ele>74.5</ele>
      </trkpt>
      <trkpt lat="37.72253" lon="-122.10379">
        <ele>74.9</ele>
      </trkpt>
      <trkpt lat="37.72231" lon="-122.10388">
        <ele>76.4</ele>
      </trkpt>
      <trkpt lat="37.72198" lon="-122.10398">
        <ele>76.7</ele>
      </trkpt>
      <trkpt lat="37.72177" lon="-122.10401">
        <ele>76.5</ele>
      </trkpt>
      <trkpt lat="37.72159" lon="-122.10402">
        <ele>76.5</ele>
      </trkpt>
      <trkpt lat="37.72135" lon="-122.10402">
        <ele>76.3</ele>
      </trkpt>
      <trkpt lat="37.72073" lon="-122.10372">
        <ele>77.2</ele>
      </trkpt>
      <trkpt lat="37.72059" lon="-122.10352">
        <ele>78.3</ele>
      </trkpt>
      <trkpt lat="37.72048" lon="-122.1034">
        <ele>78.3</ele>
      </trkpt>
      <trkpt lat="37.72038" lon="-122.10333">
        <ele>77.9</ele>
      </trkpt>
      <trkpt lat="37.72031" lon="-122.10333">
        <ele>77.7</ele>
      </trkpt>
      <trkpt lat="37.72024" lon="-122.10335">
        <ele>77.1</ele>
      </trkpt>
      <trkpt lat="37.72021" lon="-122.10343">
        <ele>76.5</ele>
      </trkpt>
      <trkpt lat="37.72022" lon="-122.10356">
        <ele>76.5</ele>
      </trkpt>
      <trkpt lat="37.72044" lon="-122.10407">
        <ele>73.9</ele>
      </trkpt>
      <trkpt lat="37.72048" lon="-122.10425">
        <ele>73.6</ele>
      </trkpt>
      <trkpt lat="37.72045" lon="-122.10448">
        <ele>73.9</ele>
      </trkpt>
      <trkpt lat="37.72041" lon="-122.10456">
        <ele>74.2</ele>
      </trkpt>
      <trkpt lat="37.72027" lon="-122.10476">
        <ele>75.3</ele>
      </trkpt>
      <trkpt lat="37.72013" lon="-122.10489">
        <ele>75.9</ele>
      </trkpt>
      <trkpt lat="37.71999" lon="-122.10497">
        <ele>76.3</ele>
      </trkpt>
      <trkpt lat="37.71986" lon="-122.10501">
        <ele>77.0</ele>
      </trkpt>
      <trkpt lat="37.71944" lon="-122.10512">
        <ele>77.1</ele>
      </trkpt>
      <trkpt lat="37.71934" lon="-122.10512">
        <ele>77.0</ele>
      </trkpt>
      <trkpt lat="37.71925" lon="-122.1051">
        <ele>77.0</ele>
      </trkpt>
      <trkpt lat="37.71917" lon="-122.10506">
        <ele>77.4</ele>
      </trkpt>
      <trkpt lat="37.71906" lon="-122.10495">
        <ele>78.5</ele>
      </trkpt>
      <trkpt lat="37.71882" lon="-122.10469">
        <ele>78.9</ele>
      </trkpt>
      <trkpt lat="37.71858" lon="-122.10445">
        <ele>77.8</ele>
      </trkpt>
      <trkpt lat="37.71845" lon="-122.10429">
        <ele>77.2</ele>
      </trkpt>
      <trkpt lat="37.71834" lon="-122.1041">
        <ele>77.2</ele>
      </trkpt>
      <trkpt lat="37.71807" lon="-122.10376">
        <ele>76.6</ele>
      </trkpt>
      <trkpt lat="37.71749" lon="-122.10333">
        <ele>76.1</ele>
      </trkpt>
      <trkpt lat="37.7173" lon="-122.10311">
        <ele>77.1</ele>
      </trkpt>
      <trkpt lat="37.71713" lon="-122.10297">
        <ele>76.9</ele>
      </trkpt>
      <trkpt lat="37.71705" lon="-122.10293">
        <ele>76.4</ele>
      </trkpt>
      <trkpt lat="37.71692" lon="-122.10289">
        <ele>75.6</ele>
      </trkpt>
      <trkpt lat="37.71688" lon="-122.10285">
        <ele>75.7</ele>
      </trkpt>
      <trkpt lat="37.71677" lon="-122.10265">
        <ele>76.7</ele>
      </trkpt>
      <trkpt lat="37.71672" lon="-122.10259">
        <ele>76.9</ele>
      </trkpt>
      <trkpt lat="37.71658" lon="-122.10245">
        <ele>77.8</ele>
      </trkpt>
      <trkpt lat="37.71642" lon="-122.10233">
        <ele>77.9</ele>
      </trkpt>
      <trkpt lat="37.71636" lon="-122.1023">
        <ele>77.7</ele>
      </trkpt>
      <trkpt lat="37.71631" lon="-122.1023">
        <ele>77.3</ele>
      </trkpt>
      <trkpt lat="37.7162" lon="-122.10233">
        <ele>75.7</ele>
      </trkpt>
      <trkpt lat="37.7161" lon="-122.10237">
        <ele>74.3</ele>
      </trkpt>
      <trkpt lat="37.71605" lon="-122.10242">
        <ele>73.7</ele>
      </trkpt>
      <trkpt lat="37.716" lon="-122.10251">
        <ele>73.7</ele>
      </trkpt>
      <trkpt lat="37.71596" lon="-122.10255">
        <ele>74.2</ele>
      </trkpt>
      <trkpt lat="37.71569" lon="-122.10215">
        <ele>74.7</ele>
      </trkpt>
      <trkpt lat="37.71565" lon="-122.10211">
        <ele>75.0</ele>
      </trkpt>
      <trkpt lat="37.71557" lon="-122.10208">
        <ele>75.1</ele>
      </trkpt>
      <trkpt lat="37.71554" lon="-122.10208">
        <ele>75.0</ele>
      </trkpt>
      <trkpt lat="37.71548" lon="-122.10209">
        <ele>74.6</ele>
      </trkpt>
      <trkpt lat="37.71545" lon="-122.10212">
        <ele>74.4</ele>
      </trkpt>
      <trkpt lat="37.71547" lon="-122.10215">
        <ele>74.1</ele>
      </trkpt>
      <trkpt lat="37.71538" lon="-122.10222">
        <ele>77.1</ele>
      </trkpt>
      <trkpt lat="37.71535" lon="-122.10226">
        <ele>78.7</ele>
      </trkpt>
      <trkpt lat="37.71536" lon="-122.1025">
        <ele>81.2</ele>
      </trkpt>
      <trkpt lat="37.71516" lon="-122.10242">
        <ele>82.5</ele>
      </trkpt>
      <trkpt lat="37.71507" lon="-122.10227">
        <ele>82.5</ele>
      </trkpt>
      <trkpt lat="37.71489" lon="-122.10206">
        <ele>82.7</ele>
      </trkpt>
      <trkpt lat="37.7148" lon="-122.10202">
        <ele>83.5</ele>
      </trkpt>
      <trkpt lat="37.71471" lon="-122.10202">
        <ele>84.7</ele>
      </trkpt>
      <trkpt lat="37.71452" lon="-122.10208">
        <ele>86.7</ele>
      </trkpt>
      <trkpt lat="37.71481" lon="-122.10294">
        <ele>87.6</ele>
      </trkpt>
      <trkpt lat="37.71487" lon="-122.10312">
        <ele>87.8</ele>
      </trkpt>
      <trkpt lat="37.71494" lon="-122.10346">
        <ele>88.9</ele>
      </trkpt>
      <trkpt lat="37.71497" lon="-122.10371">
        <ele>90.9</ele>
      </trkpt>
      <trkpt lat="37.71497" lon="-122.10371">
        <ele>90.9</ele>
      </trkpt>
      <trkpt lat="37.71498" lon="-122.10384">
        <ele>92.8</ele>
      </trkpt>
      <trkpt lat="37.71501" lon="-122.10399">
        <ele>95.9</ele>
      </trkpt>
      <trkpt lat="37.71502" lon="-122.10421">
        <ele>104.4</ele>
      </trkpt>
      <trkpt lat="37.71501" lon="-122.1044">
        <ele>114.7</ele>
      </trkpt>
      <trkpt lat="37.71499" lon="-122.1046">
        <ele>118.3</ele>
      </trkpt>
      <trkpt lat="37.715" lon="-122.10467">
        <ele>117.4</ele>
      </trkpt>
      <trkpt lat="37.71503" lon="-122.10473">
        <ele>114.7</ele>
      </trkpt>
      <trkpt lat="37.71511" lon="-122.10477">
        <ele>108.5</ele>
      </trkpt>
      <trkpt lat="37.71515" lon="-122.10483">
        <ele>104.1</ele>
      </trkpt>
      <trkpt lat="37.71538" lon="-122.10493">
        <ele>90.5</ele>
      </trkpt>
      <trkpt lat="37.71551" lon="-122.10501">
        <ele>88.5</ele>
      </trkpt>
      <trkpt lat="37.71564" lon="-122.10512">
        <ele>87.3</ele>
      </trkpt>
      <trkpt lat="37.7157" lon="-122.10519">
        <ele>87.1</ele>
      </trkpt>
      <trkpt lat="37.71604" lon="-122.10561">
        <ele>86.3</ele>
      </trkpt>
      <trkpt lat="37.71637" lon="-122.10602">
        <ele>91.9</ele>
      </trkpt>
      <trkpt lat="37.71655" lon="-122.10622">
        <ele>93.5</ele>
      </trkpt>
      <trkpt lat="37.71674" lon="-122.1064">
        <ele>94.4</ele>
      </trkpt>
      <trkpt lat="37.71719" lon="-122.10678">
        <ele>98.1</ele>
      </trkpt>
      <trkpt lat="37.71764" lon="-122.10717">
        <ele>102.3</ele>
      </trkpt>
      <trkpt lat="37.71764" lon="-122.10717">
        <ele>102.3</ele>
      </trkpt>
      <trkpt lat="37.71788" lon="-122.10738">
        <ele>102.8</ele>
      </trkpt>
      <trkpt lat="37.71804" lon="-122.10754">
        <ele>104.6</ele>
      </trkpt>
      <trkpt lat="37.71816" lon="-122.10771">
        <ele>107.0</ele>
      </trkpt>
      <trkpt lat="37.71827" lon="-122.10789">
        <ele>107.2</ele>
      </trkpt>
      <trkpt lat="37.71849" lon="-122.10841">
        <ele>112.0</ele>
      </trkpt>
      <trkpt lat="37.71863" lon="-122.10865">
        <ele>112.6</ele>
      </trkpt>
      <trkpt lat="37.71908" lon="-122.1093">
        <ele>119.0</ele>
      </trkpt>
      <trkpt lat="37.7192" lon="-122.10943">
        <ele>118.7</ele>
      </trkpt>
      <trkpt lat="37.71932" lon="-122.10953">
        <ele>118.5</ele>
      </trkpt>
      <trkpt lat="37.71946" lon="-122.1096">
        <ele>118.9</ele>
      </trkpt>
      <trkpt lat="37.71963" lon="-122.10964">
        <ele>118.8</ele>
      </trkpt>
      <trkpt lat="37.72019" lon="-122.1098">
        <ele>118.4</ele>
      </trkpt>
      <trkpt lat="37.72038" lon="-122.1098">
        <ele>118.3</ele>
      </trkpt>
      <trkpt lat="37.72067" lon="-122.10974">
        <ele>118.6</ele>
      </trkpt>
      <trkpt lat="37.72081" lon="-122.10973">
        <ele>118.3</ele>
      </trkpt>
      <trkpt lat="37.72095" lon="-122.10972">
        <ele>117.9</ele>
      </trkpt>
      <trkpt lat="37.72135" lon="-122.10978">
        <ele>118.1</ele>
      </trkpt>
      <trkpt lat="37.72149" lon="-122.10983">
        <ele>117.4</ele>
      </trkpt>
      <trkpt lat="37.72156" lon="-122.10988">
        <ele>117.3</ele>
      </trkpt>
      <trkpt lat="37.72164" lon="-122.10995">
        <ele>117.2</ele>
      </trkpt>
      <trkpt lat="37.7217" lon="-122.11005">
        <ele>117.8</ele>
      </trkpt>
      <trkpt lat="37.72173" lon="-122.11014">
        <ele>118.4</ele>
      </trkpt>
      <trkpt lat="37.72182" lon="-122.11058">
        <ele>119.1</ele>
      </trkpt>
      <trkpt lat="37.72184" lon="-122.11065">
        <ele>118.9</ele>
      </trkpt>
      <trkpt lat="37.72191" lon="-122.11079">
        <ele>118.2</ele>
      </trkpt>
      <trkpt lat="37.72198" lon="-122.11089">
        <ele>118.1</ele>
      </trkpt>
      <trkpt lat="37.72224" lon="-122.11115">
        <ele>118.2</ele>
      </trkpt>
      <trkpt lat="37.72233" lon="-122.11129">
        <ele>118.1</ele>
      </trkpt>
      <trkpt lat="37.72237" lon="-122.11142">
        <ele>118.2</ele>
      </trkpt>
      <trkpt lat="37.72239" lon="-122.11153">
        <ele>118.2</ele>
      </trkpt>
      <trkpt lat="37.72239" lon="-122.11164">
        <ele>118.4</ele>
      </trkpt>
      <trkpt lat="37.72235" lon="-122.11222">
        <ele>119.1</ele>
      </trkpt>
      <trkpt lat="37.72235" lon="-122.11242">
        <ele>119.2</ele>
      </trkpt>
      <trkpt lat="37.72242" lon="-122.11268">
        <ele>118.3</ele>
      </trkpt>
      <trkpt lat="37.72253" lon="-122.11286">
        <ele>117.9</ele>
      </trkpt>
      <trkpt lat="37.72275" lon="-122.11302">
        <ele>118.5</ele>
      </trkpt>
      <trkpt lat="37.72335" lon="-122.11331">
        <ele>118.4</ele>
      </trkpt>
      <trkpt lat="37.72396" lon="-122.1136">
        <ele>112.7</ele>
      </trkpt>
      <trkpt lat="37.72419" lon="-122.11373">
        <ele>111.8</ele>
      </trkpt>
      <trkpt lat="37.72436" lon="-122.11391">
        <ele>112.0</ele>
      </trkpt>
      <trkpt lat="37.72488" lon="-122.11461">
        <ele>111.9</ele>
      </trkpt>
      <trkpt lat="37.72517" lon="-122.11496">
        <ele>109.9</ele>
      </trkpt>
      <trkpt lat="37.7253" lon="-122.11509">
        <ele>107.0</ele>
      </trkpt>
      <trkpt lat="37.72568" lon="-122.11568">
        <ele>104.7</ele>
      </trkpt>
      <trkpt lat="37.72605" lon="-122.11627">
        <ele>106.0</ele>
      </trkpt>
      <trkpt lat="37.72632" lon="-122.11692">
        <ele>111.7</ele>
      </trkpt>
      <trkpt lat="37.72641" lon="-122.11706">
        <ele>110.9</ele>
      </trkpt>
      <trkpt lat="37.72647" lon="-122.11712">
        <ele>110.8</ele>
      </trkpt>
      <trkpt lat="37.72656" lon="-122.11717">
        <ele>111.4</ele>
      </trkpt>
      <trkpt lat="37.72684" lon="-122.11727">
        <ele>112.6</ele>
      </trkpt>
      <trkpt lat="37.72701" lon="-122.11735">
        <ele>112.5</ele>
      </trkpt>
      <trkpt lat="37.7273" lon="-122.11754">
        <ele>111.8</ele>
      </trkpt>
      <trkpt lat="37.7278" lon="-122.11799">
        <ele>111.1</ele>
      </trkpt>
      <trkpt lat="37.72829" lon="-122.11845">
        <ele>112.6</ele>
      </trkpt>
      <trkpt lat="37.72879" lon="-122.11891">
        <ele>111.9</ele>
      </trkpt>
      <trkpt lat="37.72889" lon="-122.11904">
        <ele>112.0</ele>
      </trkpt>
      <trkpt lat="37.72898" lon="-122.11918">
        <ele>111.7</ele>
      </trkpt>
      <trkpt lat="37.72903" lon="-122.1193">
        <ele>111.1</ele>
      </trkpt>
      <trkpt lat="37.72907" lon="-122.11943">
        <ele>111.2</ele>
      </trkpt>
      <trkpt lat="37.72907" lon="-122.11961">
        <ele>111.9</ele>
      </trkpt>
      <trkpt lat="37.72905" lon="-122.11973">
        <ele>112.8</ele>
      </trkpt>
      <trkpt lat="37.72898" lon="-122.11989">
        <ele>113.6</ele>
      </trkpt>
      <trkpt lat="37.72889" lon="-122.12005">
        <ele>113.8</ele>
      </trkpt>
      <trkpt lat="37.72857" lon="-122.12048">
        <ele>113.8</ele>
      </trkpt>
      <trkpt lat="37.72824" lon="-122.12092">
        <ele>113.2</ele>
      </trkpt>
      <trkpt lat="37.72813" lon="-122.12103">
        <ele>113.3</ele>
      </trkpt>
      <trkpt lat="37.72813" lon="-122.12103">
        <ele>113.3</ele>
      </trkpt>
      <trkpt lat="37.72781" lon="-122.12138">
        <ele>113.1</ele>
      </trkpt>
      <trkpt lat="37.72764" lon="-122.12163">
        <ele>109.4</ele>
      </trkpt>
      <trkpt lat="37.72721" lon="-122.12252">
        <ele>108.3</ele>
      </trkpt>
      <trkpt lat="37.72711" lon="-122.12277">
        <ele>109.3</ele>
      </trkpt>
      <trkpt lat="37.72707" lon="-122.12294">
        <ele>109.6</ele>
      </trkpt>
      <trkpt lat="37.72704" lon="-122.12344">
        <ele>110.2</ele>
      </trkpt>
      <trkpt lat="37.7271" lon="-122.12416">
        <ele>111.7</ele>
      </trkpt>
      <trkpt lat="37.72715" lon="-122.12479">
        <ele>112.6</ele>
      </trkpt>
      <trkpt lat="37.7272" lon="-122.12541">
        <ele>110.0</ele>
      </trkpt>
      <trkpt lat="37.72724" lon="-122.12561">
        <ele>108.7</ele>
      </trkpt>
      <trkpt lat="37.7273" lon="-122.12577">
        <ele>108.8</ele>
      </trkpt>
      <trkpt lat="37.7275" lon="-122.12617">
        <ele>107.5</ele>
      </trkpt>
      <trkpt lat="37.72758" lon="-122.1264">
        <ele>103.2</ele>
      </trkpt>
      <trkpt lat="37.7277" lon="-122.12717">
        <ele>92.1</ele>
      </trkpt>
      <trkpt lat="37.72773" lon="-122.12733">
        <ele>90.7</ele>
      </trkpt>
      <trkpt lat="37.72784" lon="-122.12769">
        <ele>88.7</ele>
      </trkpt>
      <trkpt lat="37.72789" lon="-122.12781">
        <ele>88.6</ele>
      </trkpt>
      <trkpt lat="37.72833" lon="-122.12862">
        <ele>83.2</ele>
      </trkpt>
      <trkpt lat="37.72877" lon="-122.12943">
        <ele>80.4</ele>
      </trkpt>
      <trkpt lat="37.72886" lon="-122.12964">
        <ele>76.9</ele>
      </trkpt>
      <trkpt lat="37.72901" lon="-122.13008">
        <ele>76.3</ele>
      </trkpt>
      <trkpt lat="37.72912" lon="-122.13034">
        <ele>74.6</ele>
      </trkpt>
      <trkpt lat="37.72947" lon="-122.13097">
        <ele>71.3</ele>
      </trkpt>
      <trkpt lat="37.7298" lon="-122.13162">
        <ele>65.4</ele>
      </trkpt>
      <trkpt lat="37.72999" lon="-122.13194">
        <ele>65.7</ele>
      </trkpt>
      <trkpt lat="37.7302" lon="-122.1322">
        <ele>62.9</ele>
      </trkpt>
      <trkpt lat="37.73037" lon="-122.13237">
        <ele>60.1</ele>
      </trkpt>
      <trkpt lat="37.73074" lon="-122.13268">
        <ele>55.8</ele>
      </trkpt>
      <trkpt lat="37.73095" lon="-122.13292">
        <ele>53.9</ele>
      </trkpt>
      <trkpt lat="37.73109" lon="-122.13315">
        <ele>53.2</ele>
      </trkpt>
      <trkpt lat="37.73118" lon="-122.13339">
        <ele>49.9</ele>
      </trkpt>
      <trkpt lat="37.73125" lon="-122.13362">
        <ele>48.1</ele>
      </trkpt>
      <trkpt lat="37.7315" lon="-122.13453">
        <ele>41.8</ele>
      </trkpt>
      <trkpt lat="37.73156" lon="-122.13487">
        <ele>40.3</ele>
      </trkpt>
      <trkpt lat="37.73158" lon="-122.1352">
        <ele>38.9</ele>
      </trkpt>
      <trkpt lat="37.7315" lon="-122.13549">
        <ele>36.9</ele>
      </trkpt>
      <trkpt lat="37.7314" lon="-122.13573">
        <ele>34.2</ele>
      </trkpt>
      <trkpt lat="37.73122" lon="-122.13606">
        <ele>33.2</ele>
      </trkpt>
      <trkpt lat="37.73079" lon="-122.13664">
        <ele>32.0</ele>
      </trkpt>
      <trkpt lat="37.73079" lon="-122.13664">
        <ele>32.0</ele>
      </trkpt>
      <trkpt lat="37.73045" lon="-122.1371">
        <ele>30.2</ele>
      </trkpt>
      <trkpt lat="37.73005" lon="-122.1377">
        <ele>29.5</ele>
      </trkpt>
      <trkpt lat="37.72999" lon="-122.13781">
        <ele>29.2</ele>
      </trkpt>
      <trkpt lat="37.7299" lon="-122.13804">
        <ele>28.7</ele>
      </trkpt>
      <trkpt lat="37.72966" lon="-122.1389">
        <ele>27.3</ele>
      </trkpt>
      <trkpt lat="37.72892" lon="-122.13871">
        <ele>27.7</ele>
      </trkpt>
      <trkpt lat="37.72885" lon="-122.13871">
        <ele>27.7</ele>
      </trkpt>
      <trkpt lat="37.72873" lon="-122.13874">
        <ele>27.7</ele>
      </trkpt>
      <trkpt lat="37.72865" lon="-122.13878">
        <ele>27.7</ele>
      </trkpt>
      <trkpt lat="37.72855" lon="-122.13887">
        <ele>27.7</ele>
      </trkpt>
      <trkpt lat="37.72818" lon="-122.13927">
        <ele>26.7</ele>
      </trkpt>
      <trkpt lat="37.72805" lon="-122.13939">
        <ele>26.4</ele>
      </trkpt>
      <trkpt lat="37.72792" lon="-122.13947">
        <ele>26.3</ele>
      </trkpt>
      <trkpt lat="37.72775" lon="-122.13956">
        <ele>26.1</ele>
      </trkpt>
      <trkpt lat="37.72765" lon="-122.13959">
        <ele>26.1</ele>
      </trkpt>
      <trkpt lat="37.72745" lon="-122.13963">
        <ele>26.1</ele>
      </trkpt>
      <trkpt lat="37.72725" lon="-122.14035">
        <ele>24.8</ele>
      </trkpt>
      <trkpt lat="37.72705" lon="-122.14107">
        <ele>23.9</ele>
      </trkpt>
      <trkpt lat="37.72685" lon="-122.14179">
        <ele>23.2</ele>
      </trkpt>
      <trkpt lat="37.72685" lon="-122.14179">
        <ele>23.2</ele>
      </trkpt>
      <trkpt lat="37.72663" lon="-122.1426">
        <ele>22.1</ele>
      </trkpt>
      <trkpt lat="37.7264" lon="-122.14342">
        <ele>21.7</ele>
      </trkpt>
      <trkpt lat="37.72618" lon="-122.14423">
        <ele>21.3</ele>
      </trkpt>
      <trkpt lat="37.72595" lon="-122.14505">
        <ele>20.7</ele>
      </trkpt>
      <trkpt lat="37.72567" lon="-122.14608">
        <ele>20.4</ele>
      </trkpt>
      <trkpt lat="37.7254" lon="-122.14711">
        <ele>20.1</ele>
      </trkpt>
      <trkpt lat="37.72512" lon="-122.14813">
        <ele>19.8</ele>
      </trkpt>
      <trkpt lat="37.72484" lon="-122.14915">
        <ele>19.4</ele>
      </trkpt>
      <trkpt lat="37.72456" lon="-122.15016">
        <ele>18.9</ele>
      </trkpt>
      <trkpt lat="37.72428" lon="-122.15118">
        <ele>17.8</ele>
      </trkpt>
      <trkpt lat="37.72401" lon="-122.1522">
        <ele>16.1</ele>
      </trkpt>
      <trkpt lat="37.72377" lon="-122.15311">
        <ele>14.6</ele>
      </trkpt>
      <trkpt lat="37.72358" lon="-122.15378">
        <ele>14.7</ele>
      </trkpt>
      <trkpt lat="37.72355" lon="-122.15387">
        <ele>14.8</ele>
      </trkpt>
      <trkpt lat="37.72322" lon="-122.15465">
        <ele>15.0</ele>
      </trkpt>
      <trkpt lat="37.72303" lon="-122.15513">
        <ele>15.2</ele>
      </trkpt>
      <trkpt lat="37.72273" lon="-122.15587">
        <ele>15.6</ele>
      </trkpt>
      <trkpt lat="37.72242" lon="-122.15661">
        <ele>15.8</ele>
      </trkpt>
      <trkpt lat="37.72211" lon="-122.15736">
        <ele>15.9</ele>
      </trkpt>
      <trkpt lat="37.72198" lon="-122.15769">
        <ele>15.9</ele>
      </trkpt>
      <trkpt lat="37.72159" lon="-122.15861">
        <ele>15.5</ele>
      </trkpt>
      <trkpt lat="37.7212" lon="-122.15954">
        <ele>15.4</ele>
      </trkpt>
      <trkpt lat="37.72131" lon="-122.15962">
        <ele>15.4</ele>
      </trkpt>
      <trkpt lat="37.72123" lon="-122.15983">
        <ele>15.3</ele>
      </trkpt>
      <trkpt lat="37.72187" lon="-122.16025">
        <ele>15.4</ele>
      </trkpt>
      <trkpt lat="37.72179" lon="-122.16045">
        <ele>15.3</ele>
      </trkpt>
      <trkpt lat="37.7217" lon="-122.1604">
        <ele>15.3</ele>
      </trkpt>
    </trkseg>
  </trk>
</gpx>
