<?xml version="1.0" encoding="UTF-8"?>
<gpx xmlns:gpxdata="http://www.cluetrust.com/XML/GPXDATA/1/0" xmlns:xsi="http://www.w3.org/2001/XMLSchema-instance" xmlns="http://www.topografix.com/GPX/1/1" version="1.1" creator="http://ridewithgps.com/" xsi:schemaLocation="http://www.topografix.com/GPX/1/1 http://www.topografix.com/GPX/1/1/gpx.xsd http://www.cluetrust.com/XML/GPXDATA/1/0 http://www.cluetrust.com/Schemas/gpxdata10.xsd">
  <metadata>
    <name>civic center to point bonita</name>
    <link href="https://ridewithgps.com/routes/56413842">
      <text>civic center to point bonita</text>
    </link>
    <time>2026-07-30T16:27:27Z</time>
  </metadata>
  <trk>
    <name>civic center to point bonita</name>
    <trkseg>
      <trkpt lat="37.77936" lon="-122.41407">
        <ele>15.5</ele>
      </trkpt>
      <trkpt lat="37.77936" lon="-122.41407">
        <ele>15.5</ele>
      </trkpt>
      <trkpt lat="37.77878" lon="-122.41483">
        <ele>16.7</ele>
      </trkpt>
      <trkpt lat="37.77828" lon="-122.41545">
        <ele>17.3</ele>
      </trkpt>
      <trkpt lat="37.77779" lon="-122.41608">
        <ele>17.6</ele>
      </trkpt>
      <trkpt lat="37.77755" lon="-122.41636">
        <ele>17.9</ele>
      </trkpt>
      <trkpt lat="37.77704" lon="-122.41699">
        <ele>17.8</ele>
      </trkpt>
      <trkpt lat="37.77654" lon="-122.41762">
        <ele>17.4</ele>
      </trkpt>
      <trkpt lat="37.77609" lon="-122.4182">
        <ele>17.0</ele>
      </trkpt>
      <trkpt lat="37.77563" lon="-122.41879">
        <ele>16.8</ele>
      </trkpt>
      <trkpt lat="37.77517" lon="-122.41937">
        <ele>16.7</ele>
      </trkpt>
      <trkpt lat="37.77507" lon="-122.41951">
        <ele>16.7</ele>
      </trkpt>
      <trkpt lat="37.77505" lon="-122.41957">
        <ele>16.7</ele>
      </trkpt>
      <trkpt lat="37.77484" lon="-122.41984">
        <ele>16.7</ele>
      </trkpt>
      <trkpt lat="37.77476" lon="-122.42">
        <ele>16.7</ele>
      </trkpt>
      <trkpt lat="37.77449" lon="-122.42034">
        <ele>16.7</ele>
      </trkpt>
      <trkpt lat="37.77438" lon="-122.42048">
        <ele>16.7</ele>
      </trkpt>
      <trkpt lat="37.77438" lon="-122.42055">
        <ele>16.7</ele>
      </trkpt>
      <trkpt lat="37.77435" lon="-122.42072">
        <ele>16.9</ele>
      </trkpt>
      <trkpt lat="37.7743" lon="-122.42078">
        <ele>16.9</ele>
      </trkpt>
      <trkpt lat="37.77417" lon="-122.42183">
        <ele>18.2</ele>
      </trkpt>
      <trkpt lat="37.77404" lon="-122.42287">
        <ele>20.6</ele>
      </trkpt>
      <trkpt lat="37.7739" lon="-122.42391">
        <ele>22.6</ele>
      </trkpt>
      <trkpt lat="37.77389" lon="-122.42402">
        <ele>22.7</ele>
      </trkpt>
      <trkpt lat="37.77388" lon="-122.42412">
        <ele>22.9</ele>
      </trkpt>
      <trkpt lat="37.77378" lon="-122.42492">
        <ele>25.9</ele>
      </trkpt>
      <trkpt lat="37.77367" lon="-122.42572">
        <ele>33.8</ele>
      </trkpt>
      <trkpt lat="37.77354" lon="-122.42676">
        <ele>44.9</ele>
      </trkpt>
      <trkpt lat="37.77341" lon="-122.42779">
        <ele>52.2</ele>
      </trkpt>
      <trkpt lat="37.77328" lon="-122.42883">
        <ele>59.1</ele>
      </trkpt>
      <trkpt lat="37.77329" lon="-122.42886">
        <ele>59.3</ele>
      </trkpt>
      <trkpt lat="37.77329" lon="-122.42891">
        <ele>59.6</ele>
      </trkpt>
      <trkpt lat="37.77328" lon="-122.42898">
        <ele>60.1</ele>
      </trkpt>
      <trkpt lat="37.77326" lon="-122.42901">
        <ele>60.2</ele>
      </trkpt>
      <trkpt lat="37.77313" lon="-122.43003">
        <ele>61.5</ele>
      </trkpt>
      <trkpt lat="37.773" lon="-122.43106">
        <ele>60.8</ele>
      </trkpt>
      <trkpt lat="37.77287" lon="-122.43208">
        <ele>58.3</ele>
      </trkpt>
      <trkpt lat="37.77274" lon="-122.43311">
        <ele>54.1</ele>
      </trkpt>
      <trkpt lat="37.7726" lon="-122.43413">
        <ele>51.8</ele>
      </trkpt>
      <trkpt lat="37.77247" lon="-122.43516">
        <ele>50.4</ele>
      </trkpt>
      <trkpt lat="37.77234" lon="-122.43618">
        <ele>53.9</ele>
      </trkpt>
      <trkpt lat="37.77221" lon="-122.43721">
        <ele>59.4</ele>
      </trkpt>
      <trkpt lat="37.7722" lon="-122.4373">
        <ele>59.9</ele>
      </trkpt>
      <trkpt lat="37.77207" lon="-122.4383">
        <ele>65.6</ele>
      </trkpt>
      <trkpt lat="37.77195" lon="-122.4393">
        <ele>71.0</ele>
      </trkpt>
      <trkpt lat="37.77182" lon="-122.44029">
        <ele>73.6</ele>
      </trkpt>
      <trkpt lat="37.77169" lon="-122.44129">
        <ele>77.7</ele>
      </trkpt>
      <trkpt lat="37.77157" lon="-122.44229">
        <ele>78.2</ele>
      </trkpt>
      <trkpt lat="37.77144" lon="-122.44329">
        <ele>78.3</ele>
      </trkpt>
      <trkpt lat="37.77131" lon="-122.44429">
        <ele>78.2</ele>
      </trkpt>
      <trkpt lat="37.77119" lon="-122.44529">
        <ele>77.7</ele>
      </trkpt>
      <trkpt lat="37.7712" lon="-122.44538">
        <ele>77.5</ele>
      </trkpt>
      <trkpt lat="37.77119" lon="-122.44542">
        <ele>77.5</ele>
      </trkpt>
      <trkpt lat="37.77118" lon="-122.44548">
        <ele>77.5</ele>
      </trkpt>
      <trkpt lat="37.77115" lon="-122.44555">
        <ele>77.4</ele>
      </trkpt>
      <trkpt lat="37.77104" lon="-122.44644">
        <ele>76.3</ele>
      </trkpt>
      <trkpt lat="37.77091" lon="-122.44748">
        <ele>76.4</ele>
      </trkpt>
      <trkpt lat="37.77077" lon="-122.44853">
        <ele>77.2</ele>
      </trkpt>
      <trkpt lat="37.77064" lon="-122.44957">
        <ele>77.7</ele>
      </trkpt>
      <trkpt lat="37.77051" lon="-122.45061">
        <ele>78.0</ele>
      </trkpt>
      <trkpt lat="37.77037" lon="-122.45166">
        <ele>78.0</ele>
      </trkpt>
      <trkpt lat="37.77024" lon="-122.4527">
        <ele>78.7</ele>
      </trkpt>
      <trkpt lat="37.77011" lon="-122.45374">
        <ele>78.2</ele>
      </trkpt>
      <trkpt lat="37.77009" lon="-122.45388">
        <ele>78.0</ele>
      </trkpt>
      <trkpt lat="37.77006" lon="-122.45406">
        <ele>77.7</ele>
      </trkpt>
      <trkpt lat="37.77006" lon="-122.4542">
        <ele>77.6</ele>
      </trkpt>
      <trkpt lat="37.77021" lon="-122.45502">
        <ele>76.7</ele>
      </trkpt>
      <trkpt lat="37.77031" lon="-122.45523">
        <ele>76.2</ele>
      </trkpt>
      <trkpt lat="37.77037" lon="-122.45528">
        <ele>76.0</ele>
      </trkpt>
      <trkpt lat="37.77036" lon="-122.45532">
        <ele>75.8</ele>
      </trkpt>
      <trkpt lat="37.77032" lon="-122.45556">
        <ele>74.9</ele>
      </trkpt>
      <trkpt lat="37.7705" lon="-122.4556">
        <ele>74.8</ele>
      </trkpt>
      <trkpt lat="37.77064" lon="-122.45565">
        <ele>74.4</ele>
      </trkpt>
      <trkpt lat="37.77069" lon="-122.45571">
        <ele>74.4</ele>
      </trkpt>
      <trkpt lat="37.77072" lon="-122.45579">
        <ele>74.2</ele>
      </trkpt>
      <trkpt lat="37.77074" lon="-122.45587">
        <ele>74.0</ele>
      </trkpt>
      <trkpt lat="37.77077" lon="-122.45612">
        <ele>74.3</ele>
      </trkpt>
      <trkpt lat="37.77088" lon="-122.45672">
        <ele>75.6</ele>
      </trkpt>
      <trkpt lat="37.77101" lon="-122.45765">
        <ele>76.7</ele>
      </trkpt>
      <trkpt lat="37.7711" lon="-122.4576">
        <ele>76.7</ele>
      </trkpt>
      <trkpt lat="37.77117" lon="-122.45821">
        <ele>76.2</ele>
      </trkpt>
      <trkpt lat="37.77131" lon="-122.45912">
        <ele>76.3</ele>
      </trkpt>
      <trkpt lat="37.77146" lon="-122.46006">
        <ele>76.0</ele>
      </trkpt>
      <trkpt lat="37.77161" lon="-122.46101">
        <ele>74.9</ele>
      </trkpt>
      <trkpt lat="37.77176" lon="-122.46195">
        <ele>73.7</ele>
      </trkpt>
      <trkpt lat="37.77176" lon="-122.46195">
        <ele>73.7</ele>
      </trkpt>
      <trkpt lat="37.77176" lon="-122.46195">
        <ele>73.7</ele>
      </trkpt>
      <trkpt lat="37.77178" lon="-122.46205">
        <ele>73.8</ele>
      </trkpt>
      <trkpt lat="37.77192" lon="-122.46198">
        <ele>75.1</ele>
      </trkpt>
      <trkpt lat="37.772" lon="-122.46189">
        <ele>75.8</ele>
      </trkpt>
      <trkpt lat="37.77217" lon="-122.46157">
        <ele>76.6</ele>
      </trkpt>
      <trkpt lat="37.77229" lon="-122.46139">
        <ele>77.0</ele>
      </trkpt>
      <trkpt lat="37.7724" lon="-122.46126">
        <ele>77.3</ele>
      </trkpt>
      <trkpt lat="37.77254" lon="-122.46116">
        <ele>78.2</ele>
      </trkpt>
      <trkpt lat="37.77277" lon="-122.461">
        <ele>77.4</ele>
      </trkpt>
      <trkpt lat="37.77287" lon="-122.46087">
        <ele>77.1</ele>
      </trkpt>
      <trkpt lat="37.77292" lon="-122.4608">
        <ele>77.2</ele>
      </trkpt>
      <trkpt lat="37.77299" lon="-122.46061">
        <ele>77.3</ele>
      </trkpt>
      <trkpt lat="37.77302" lon="-122.46051">
        <ele>77.3</ele>
      </trkpt>
      <trkpt lat="37.77312" lon="-122.45978">
        <ele>78.4</ele>
      </trkpt>
      <trkpt lat="37.77323" lon="-122.45904">
        <ele>87.4</ele>
      </trkpt>
      <trkpt lat="37.7733" lon="-122.45901">
        <ele>86.7</ele>
      </trkpt>
      <trkpt lat="37.77344" lon="-122.45889">
        <ele>84.4</ele>
      </trkpt>
      <trkpt lat="37.77379" lon="-122.45856">
        <ele>79.0</ele>
      </trkpt>
      <trkpt lat="37.7739" lon="-122.45847">
        <ele>77.2</ele>
      </trkpt>
      <trkpt lat="37.77396" lon="-122.45843">
        <ele>76.7</ele>
      </trkpt>
      <trkpt lat="37.77407" lon="-122.45839">
        <ele>76.3</ele>
      </trkpt>
      <trkpt lat="37.7742" lon="-122.45838">
        <ele>75.6</ele>
      </trkpt>
      <trkpt lat="37.7743" lon="-122.45839">
        <ele>75.2</ele>
      </trkpt>
      <trkpt lat="37.77507" lon="-122.45845">
        <ele>72.1</ele>
      </trkpt>
      <trkpt lat="37.77585" lon="-122.4585">
        <ele>69.3</ele>
      </trkpt>
      <trkpt lat="37.77663" lon="-122.45856">
        <ele>67.6</ele>
      </trkpt>
      <trkpt lat="37.7774" lon="-122.45862">
        <ele>66.8</ele>
      </trkpt>
      <trkpt lat="37.77818" lon="-122.45867">
        <ele>66.7</ele>
      </trkpt>
      <trkpt lat="37.77895" lon="-122.45873">
        <ele>67.1</ele>
      </trkpt>
      <trkpt lat="37.77973" lon="-122.45879">
        <ele>67.2</ele>
      </trkpt>
      <trkpt lat="37.7805" lon="-122.45884">
        <ele>66.6</ele>
      </trkpt>
      <trkpt lat="37.78127" lon="-122.4589">
        <ele>64.5</ele>
      </trkpt>
      <trkpt lat="37.78205" lon="-122.45895">
        <ele>63.3</ele>
      </trkpt>
      <trkpt lat="37.78282" lon="-122.459">
        <ele>62.2</ele>
      </trkpt>
      <trkpt lat="37.78359" lon="-122.45906">
        <ele>60.8</ele>
      </trkpt>
      <trkpt lat="37.78435" lon="-122.45911">
        <ele>60.7</ele>
      </trkpt>
      <trkpt lat="37.78511" lon="-122.45917">
        <ele>61.6</ele>
      </trkpt>
      <trkpt lat="37.78587" lon="-122.45922">
        <ele>64.3</ele>
      </trkpt>
      <trkpt lat="37.78663" lon="-122.45928">
        <ele>66.8</ele>
      </trkpt>
      <trkpt lat="37.78751" lon="-122.45934">
        <ele>70.7</ele>
      </trkpt>
      <trkpt lat="37.78839" lon="-122.45941">
        <ele>76.3</ele>
      </trkpt>
      <trkpt lat="37.78902" lon="-122.45946">
        <ele>83.9</ele>
      </trkpt>
      <trkpt lat="37.78966" lon="-122.4595">
        <ele>90.8</ele>
      </trkpt>
      <trkpt lat="37.78969" lon="-122.45949">
        <ele>91.1</ele>
      </trkpt>
      <trkpt lat="37.78973" lon="-122.45945">
        <ele>91.3</ele>
      </trkpt>
      <trkpt lat="37.78982" lon="-122.4593">
        <ele>91.5</ele>
      </trkpt>
      <trkpt lat="37.78997" lon="-122.45888">
        <ele>91.3</ele>
      </trkpt>
      <trkpt lat="37.79004" lon="-122.45874">
        <ele>91.3</ele>
      </trkpt>
      <trkpt lat="37.79008" lon="-122.45869">
        <ele>91.3</ele>
      </trkpt>
      <trkpt lat="37.79016" lon="-122.45867">
        <ele>91.1</ele>
      </trkpt>
      <trkpt lat="37.79024" lon="-122.45866">
        <ele>90.6</ele>
      </trkpt>
      <trkpt lat="37.79037" lon="-122.45868">
        <ele>90.2</ele>
      </trkpt>
      <trkpt lat="37.79073" lon="-122.45885">
        <ele>91.1</ele>
      </trkpt>
      <trkpt lat="37.79097" lon="-122.4589">
        <ele>91.3</ele>
      </trkpt>
      <trkpt lat="37.7911" lon="-122.4589">
        <ele>91.0</ele>
      </trkpt>
      <trkpt lat="37.79125" lon="-122.45889">
        <ele>90.6</ele>
      </trkpt>
      <trkpt lat="37.7917" lon="-122.45882">
        <ele>89.3</ele>
      </trkpt>
      <trkpt lat="37.79186" lon="-122.45882">
        <ele>88.5</ele>
      </trkpt>
      <trkpt lat="37.79191" lon="-122.45884">
        <ele>88.3</ele>
      </trkpt>
      <trkpt lat="37.79196" lon="-122.45887">
        <ele>87.9</ele>
      </trkpt>
      <trkpt lat="37.79202" lon="-122.45893">
        <ele>87.4</ele>
      </trkpt>
      <trkpt lat="37.79207" lon="-122.45901">
        <ele>87.2</ele>
      </trkpt>
      <trkpt lat="37.79237" lon="-122.45972">
        <ele>88.3</ele>
      </trkpt>
      <trkpt lat="37.79242" lon="-122.45984">
        <ele>88.1</ele>
      </trkpt>
      <trkpt lat="37.79244" lon="-122.45997">
        <ele>88.1</ele>
      </trkpt>
      <trkpt lat="37.79246" lon="-122.46025">
        <ele>88.3</ele>
      </trkpt>
      <trkpt lat="37.79249" lon="-122.46055">
        <ele>88.4</ele>
      </trkpt>
      <trkpt lat="37.79256" lon="-122.46079">
        <ele>88.6</ele>
      </trkpt>
      <trkpt lat="37.79262" lon="-122.46093">
        <ele>88.8</ele>
      </trkpt>
      <trkpt lat="37.79273" lon="-122.4611">
        <ele>89.0</ele>
      </trkpt>
      <trkpt lat="37.79285" lon="-122.46123">
        <ele>88.8</ele>
      </trkpt>
      <trkpt lat="37.79291" lon="-122.46127">
        <ele>88.6</ele>
      </trkpt>
      <trkpt lat="37.7931" lon="-122.46137">
        <ele>87.9</ele>
      </trkpt>
      <trkpt lat="37.79333" lon="-122.4614">
        <ele>87.0</ele>
      </trkpt>
      <trkpt lat="37.79377" lon="-122.46139">
        <ele>80.6</ele>
      </trkpt>
      <trkpt lat="37.79388" lon="-122.46142">
        <ele>79.9</ele>
      </trkpt>
      <trkpt lat="37.79398" lon="-122.46146">
        <ele>79.6</ele>
      </trkpt>
      <trkpt lat="37.79424" lon="-122.46159">
        <ele>78.4</ele>
      </trkpt>
      <trkpt lat="37.7943" lon="-122.4616">
        <ele>77.5</ele>
      </trkpt>
      <trkpt lat="37.79447" lon="-122.46158">
        <ele>75.7</ele>
      </trkpt>
      <trkpt lat="37.79467" lon="-122.46146">
        <ele>73.6</ele>
      </trkpt>
      <trkpt lat="37.79497" lon="-122.46124">
        <ele>68.9</ele>
      </trkpt>
      <trkpt lat="37.79549" lon="-122.46065">
        <ele>60.6</ele>
      </trkpt>
      <trkpt lat="37.79601" lon="-122.46007">
        <ele>52.3</ele>
      </trkpt>
      <trkpt lat="37.79627" lon="-122.45976">
        <ele>48.9</ele>
      </trkpt>
      <trkpt lat="37.79639" lon="-122.4596">
        <ele>46.8</ele>
      </trkpt>
      <trkpt lat="37.79644" lon="-122.45955">
        <ele>45.7</ele>
      </trkpt>
      <trkpt lat="37.79653" lon="-122.4595">
        <ele>44.4</ele>
      </trkpt>
      <trkpt lat="37.79662" lon="-122.45948">
        <ele>43.7</ele>
      </trkpt>
      <trkpt lat="37.79678" lon="-122.45952">
        <ele>43.2</ele>
      </trkpt>
      <trkpt lat="37.79723" lon="-122.45965">
        <ele>37.8</ele>
      </trkpt>
      <trkpt lat="37.79742" lon="-122.45967">
        <ele>36.2</ele>
      </trkpt>
      <trkpt lat="37.79752" lon="-122.45966">
        <ele>35.5</ele>
      </trkpt>
      <trkpt lat="37.79771" lon="-122.4596">
        <ele>34.2</ele>
      </trkpt>
      <trkpt lat="37.79855" lon="-122.45924">
        <ele>30.0</ele>
      </trkpt>
      <trkpt lat="37.7988" lon="-122.45911">
        <ele>27.8</ele>
      </trkpt>
      <trkpt lat="37.79911" lon="-122.4589">
        <ele>25.7</ele>
      </trkpt>
      <trkpt lat="37.79949" lon="-122.45959">
        <ele>24.2</ele>
      </trkpt>
      <trkpt lat="37.79978" lon="-122.46013">
        <ele>24.5</ele>
      </trkpt>
      <trkpt lat="37.79988" lon="-122.46026">
        <ele>24.9</ele>
      </trkpt>
      <trkpt lat="37.79993" lon="-122.46033">
        <ele>25.1</ele>
      </trkpt>
      <trkpt lat="37.80012" lon="-122.46051">
        <ele>26.1</ele>
      </trkpt>
      <trkpt lat="37.80066" lon="-122.46097">
        <ele>28.0</ele>
      </trkpt>
      <trkpt lat="37.8012" lon="-122.46143">
        <ele>26.3</ele>
      </trkpt>
      <trkpt lat="37.80131" lon="-122.46154">
        <ele>25.2</ele>
      </trkpt>
      <trkpt lat="37.80137" lon="-122.46165">
        <ele>24.8</ele>
      </trkpt>
      <trkpt lat="37.80142" lon="-122.46178">
        <ele>24.6</ele>
      </trkpt>
      <trkpt lat="37.80145" lon="-122.46194">
        <ele>25.8</ele>
      </trkpt>
      <trkpt lat="37.80147" lon="-122.46213">
        <ele>27.4</ele>
      </trkpt>
      <trkpt lat="37.80148" lon="-122.46222">
        <ele>27.9</ele>
      </trkpt>
      <trkpt lat="37.80145" lon="-122.46269">
        <ele>29.4</ele>
      </trkpt>
      <trkpt lat="37.80145" lon="-122.46285">
        <ele>29.5</ele>
      </trkpt>
      <trkpt lat="37.80147" lon="-122.46301">
        <ele>29.5</ele>
      </trkpt>
      <trkpt lat="37.80149" lon="-122.46308">
        <ele>29.6</ele>
      </trkpt>
      <trkpt lat="37.80178" lon="-122.46401">
        <ele>29.0</ele>
      </trkpt>
      <trkpt lat="37.80181" lon="-122.46417">
        <ele>28.8</ele>
      </trkpt>
      <trkpt lat="37.80181" lon="-122.46424">
        <ele>28.8</ele>
      </trkpt>
      <trkpt lat="37.80179" lon="-122.46439">
        <ele>28.9</ele>
      </trkpt>
      <trkpt lat="37.80177" lon="-122.46447">
        <ele>29.0</ele>
      </trkpt>
      <trkpt lat="37.80171" lon="-122.46462">
        <ele>29.1</ele>
      </trkpt>
      <trkpt lat="37.80163" lon="-122.46476">
        <ele>29.5</ele>
      </trkpt>
      <trkpt lat="37.80154" lon="-122.46487">
        <ele>30.2</ele>
      </trkpt>
      <trkpt lat="37.80148" lon="-122.46492">
        <ele>30.6</ele>
      </trkpt>
      <trkpt lat="37.80136" lon="-122.46501">
        <ele>31.9</ele>
      </trkpt>
      <trkpt lat="37.80123" lon="-122.46509">
        <ele>33.4</ele>
      </trkpt>
      <trkpt lat="37.80115" lon="-122.46511">
        <ele>33.9</ele>
      </trkpt>
      <trkpt lat="37.80088" lon="-122.46519">
        <ele>34.3</ele>
      </trkpt>
      <trkpt lat="37.80081" lon="-122.46522">
        <ele>34.5</ele>
      </trkpt>
      <trkpt lat="37.80075" lon="-122.46526">
        <ele>34.6</ele>
      </trkpt>
      <trkpt lat="37.8007" lon="-122.46531">
        <ele>34.6</ele>
      </trkpt>
      <trkpt lat="37.80061" lon="-122.46543">
        <ele>34.5</ele>
      </trkpt>
      <trkpt lat="37.80058" lon="-122.46548">
        <ele>34.5</ele>
      </trkpt>
      <trkpt lat="37.80055" lon="-122.46559">
        <ele>34.0</ele>
      </trkpt>
      <trkpt lat="37.80049" lon="-122.46586">
        <ele>33.3</ele>
      </trkpt>
      <trkpt lat="37.80047" lon="-122.46593">
        <ele>33.2</ele>
      </trkpt>
      <trkpt lat="37.8004" lon="-122.46604">
        <ele>33.3</ele>
      </trkpt>
      <trkpt lat="37.80032" lon="-122.46612">
        <ele>33.6</ele>
      </trkpt>
      <trkpt lat="37.80027" lon="-122.46616">
        <ele>33.8</ele>
      </trkpt>
      <trkpt lat="37.80004" lon="-122.4663">
        <ele>35.3</ele>
      </trkpt>
      <trkpt lat="37.79999" lon="-122.46634">
        <ele>35.5</ele>
      </trkpt>
      <trkpt lat="37.79984" lon="-122.46649">
        <ele>35.5</ele>
      </trkpt>
      <trkpt lat="37.7998" lon="-122.46655">
        <ele>35.4</ele>
      </trkpt>
      <trkpt lat="37.79972" lon="-122.4667">
        <ele>35.1</ele>
      </trkpt>
      <trkpt lat="37.79966" lon="-122.46686">
        <ele>34.6</ele>
      </trkpt>
      <trkpt lat="37.79961" lon="-122.46704">
        <ele>34.2</ele>
      </trkpt>
      <trkpt lat="37.7996" lon="-122.46712">
        <ele>34.1</ele>
      </trkpt>
      <trkpt lat="37.79961" lon="-122.46724">
        <ele>34.3</ele>
      </trkpt>
      <trkpt lat="37.79963" lon="-122.46734">
        <ele>34.4</ele>
      </trkpt>
      <trkpt lat="37.79968" lon="-122.46758">
        <ele>35.1</ele>
      </trkpt>
      <trkpt lat="37.79973" lon="-122.4677">
        <ele>35.4</ele>
      </trkpt>
      <trkpt lat="37.79979" lon="-122.46782">
        <ele>35.6</ele>
      </trkpt>
      <trkpt lat="37.79984" lon="-122.46787">
        <ele>35.5</ele>
      </trkpt>
      <trkpt lat="37.79988" lon="-122.46791">
        <ele>35.5</ele>
      </trkpt>
      <trkpt lat="37.79994" lon="-122.46793">
        <ele>35.2</ele>
      </trkpt>
      <trkpt lat="37.80033" lon="-122.46805">
        <ele>33.2</ele>
      </trkpt>
      <trkpt lat="37.80043" lon="-122.4681">
        <ele>32.3</ele>
      </trkpt>
      <trkpt lat="37.80048" lon="-122.46815">
        <ele>31.9</ele>
      </trkpt>
      <trkpt lat="37.80056" lon="-122.46826">
        <ele>31.7</ele>
      </trkpt>
      <trkpt lat="37.8006" lon="-122.46834">
        <ele>32.0</ele>
      </trkpt>
      <trkpt lat="37.80083" lon="-122.46895">
        <ele>34.7</ele>
      </trkpt>
      <trkpt lat="37.8009" lon="-122.46907">
        <ele>35.0</ele>
      </trkpt>
      <trkpt lat="37.80097" lon="-122.46915">
        <ele>35.0</ele>
      </trkpt>
      <trkpt lat="37.80103" lon="-122.46918">
        <ele>34.9</ele>
      </trkpt>
      <trkpt lat="37.80108" lon="-122.46919">
        <ele>34.8</ele>
      </trkpt>
      <trkpt lat="37.8016" lon="-122.46913">
        <ele>33.8</ele>
      </trkpt>
      <trkpt lat="37.80189" lon="-122.46907">
        <ele>33.3</ele>
      </trkpt>
      <trkpt lat="37.80199" lon="-122.46907">
        <ele>33.5</ele>
      </trkpt>
      <trkpt lat="37.80237" lon="-122.46906">
        <ele>34.3</ele>
      </trkpt>
      <trkpt lat="37.80246" lon="-122.46905">
        <ele>34.3</ele>
      </trkpt>
      <trkpt lat="37.80276" lon="-122.46897">
        <ele>32.9</ele>
      </trkpt>
      <trkpt lat="37.80287" lon="-122.46896">
        <ele>31.5</ele>
      </trkpt>
      <trkpt lat="37.80297" lon="-122.46896">
        <ele>30.0</ele>
      </trkpt>
      <trkpt lat="37.80319" lon="-122.469">
        <ele>28.5</ele>
      </trkpt>
      <trkpt lat="37.80329" lon="-122.46904">
        <ele>28.3</ele>
      </trkpt>
      <trkpt lat="37.80349" lon="-122.46914">
        <ele>28.5</ele>
      </trkpt>
      <trkpt lat="37.80381" lon="-122.46926">
        <ele>27.1</ele>
      </trkpt>
      <trkpt lat="37.80393" lon="-122.46932">
        <ele>25.8</ele>
      </trkpt>
      <trkpt lat="37.80399" lon="-122.46936">
        <ele>25.4</ele>
      </trkpt>
      <trkpt lat="37.80404" lon="-122.46942">
        <ele>25.2</ele>
      </trkpt>
      <trkpt lat="37.80429" lon="-122.46979">
        <ele>26.4</ele>
      </trkpt>
      <trkpt lat="37.80435" lon="-122.46985">
        <ele>26.3</ele>
      </trkpt>
      <trkpt lat="37.80449" lon="-122.46995">
        <ele>27.2</ele>
      </trkpt>
      <trkpt lat="37.80464" lon="-122.47">
        <ele>27.9</ele>
      </trkpt>
      <trkpt lat="37.80471" lon="-122.47001">
        <ele>28.3</ele>
      </trkpt>
      <trkpt lat="37.80479" lon="-122.47">
        <ele>28.2</ele>
      </trkpt>
      <trkpt lat="37.8049" lon="-122.46995">
        <ele>27.5</ele>
      </trkpt>
      <trkpt lat="37.80508" lon="-122.4699">
        <ele>26.8</ele>
      </trkpt>
      <trkpt lat="37.80526" lon="-122.46989">
        <ele>26.3</ele>
      </trkpt>
      <trkpt lat="37.80552" lon="-122.46992">
        <ele>26.1</ele>
      </trkpt>
      <trkpt lat="37.80559" lon="-122.46994">
        <ele>26.2</ele>
      </trkpt>
      <trkpt lat="37.80573" lon="-122.47">
        <ele>26.3</ele>
      </trkpt>
      <trkpt lat="37.80579" lon="-122.47005">
        <ele>26.4</ele>
      </trkpt>
      <trkpt lat="37.80587" lon="-122.47011">
        <ele>26.6</ele>
      </trkpt>
      <trkpt lat="37.80595" lon="-122.4702">
        <ele>26.6</ele>
      </trkpt>
      <trkpt lat="37.80604" lon="-122.47039">
        <ele>27.0</ele>
      </trkpt>
      <trkpt lat="37.80633" lon="-122.47129">
        <ele>34.7</ele>
      </trkpt>
      <trkpt lat="37.8064" lon="-122.47144">
        <ele>35.8</ele>
      </trkpt>
      <trkpt lat="37.80644" lon="-122.47153">
        <ele>36.7</ele>
      </trkpt>
      <trkpt lat="37.80682" lon="-122.47214">
        <ele>39.7</ele>
      </trkpt>
      <trkpt lat="37.80686" lon="-122.47223">
        <ele>39.7</ele>
      </trkpt>
      <trkpt lat="37.80691" lon="-122.4724">
        <ele>40.2</ele>
      </trkpt>
      <trkpt lat="37.80696" lon="-122.47241">
        <ele>39.9</ele>
      </trkpt>
      <trkpt lat="37.80738" lon="-122.47304">
        <ele>40.2</ele>
      </trkpt>
      <trkpt lat="37.80772" lon="-122.47346">
        <ele>41.1</ele>
      </trkpt>
      <trkpt lat="37.80779" lon="-122.47358">
        <ele>42.0</ele>
      </trkpt>
      <trkpt lat="37.80788" lon="-122.47376">
        <ele>43.1</ele>
      </trkpt>
      <trkpt lat="37.80797" lon="-122.47399">
        <ele>43.8</ele>
      </trkpt>
      <trkpt lat="37.80806" lon="-122.47436">
        <ele>44.3</ele>
      </trkpt>
      <trkpt lat="37.80817" lon="-122.47474">
        <ele>42.5</ele>
      </trkpt>
      <trkpt lat="37.80818" lon="-122.47483">
        <ele>43.1</ele>
      </trkpt>
      <trkpt lat="37.8082" lon="-122.4751">
        <ele>47.5</ele>
      </trkpt>
      <trkpt lat="37.8082" lon="-122.47513">
        <ele>47.6</ele>
      </trkpt>
      <trkpt lat="37.80823" lon="-122.47519">
        <ele>47.3</ele>
      </trkpt>
      <trkpt lat="37.80826" lon="-122.47523">
        <ele>46.8</ele>
      </trkpt>
      <trkpt lat="37.80832" lon="-122.47528">
        <ele>45.6</ele>
      </trkpt>
      <trkpt lat="37.80843" lon="-122.47533">
        <ele>44.3</ele>
      </trkpt>
      <trkpt lat="37.80849" lon="-122.47536">
        <ele>43.3</ele>
      </trkpt>
      <trkpt lat="37.80854" lon="-122.47541">
        <ele>42.5</ele>
      </trkpt>
      <trkpt lat="37.80859" lon="-122.47547">
        <ele>41.3</ele>
      </trkpt>
      <trkpt lat="37.80861" lon="-122.47553">
        <ele>41.0</ele>
      </trkpt>
      <trkpt lat="37.80864" lon="-122.47563">
        <ele>40.4</ele>
      </trkpt>
      <trkpt lat="37.80864" lon="-122.47571">
        <ele>40.6</ele>
      </trkpt>
      <trkpt lat="37.80864" lon="-122.47579">
        <ele>40.9</ele>
      </trkpt>
      <trkpt lat="37.8086" lon="-122.47592">
        <ele>43.9</ele>
      </trkpt>
      <trkpt lat="37.80856" lon="-122.47602">
        <ele>46.6</ele>
      </trkpt>
      <trkpt lat="37.80841" lon="-122.47625">
        <ele>50.4</ele>
      </trkpt>
      <trkpt lat="37.80817" lon="-122.47665">
        <ele>50.8</ele>
      </trkpt>
      <trkpt lat="37.80811" lon="-122.47676">
        <ele>51.7</ele>
      </trkpt>
      <trkpt lat="37.80807" lon="-122.47686">
        <ele>52.6</ele>
      </trkpt>
      <trkpt lat="37.80801" lon="-122.47694">
        <ele>53.0</ele>
      </trkpt>
      <trkpt lat="37.80795" lon="-122.47698">
        <ele>53.1</ele>
      </trkpt>
      <trkpt lat="37.80788" lon="-122.47698">
        <ele>54.4</ele>
      </trkpt>
      <trkpt lat="37.80783" lon="-122.47695">
        <ele>55.8</ele>
      </trkpt>
      <trkpt lat="37.8078" lon="-122.4769">
        <ele>56.9</ele>
      </trkpt>
      <trkpt lat="37.8078" lon="-122.47686">
        <ele>57.7</ele>
      </trkpt>
      <trkpt lat="37.8079" lon="-122.47676">
        <ele>57.7</ele>
      </trkpt>
      <trkpt lat="37.80797" lon="-122.47662">
        <ele>57.8</ele>
      </trkpt>
      <trkpt lat="37.80801" lon="-122.47665">
        <ele>57.8</ele>
      </trkpt>
      <trkpt lat="37.80848" lon="-122.47703">
        <ele>58.1</ele>
      </trkpt>
      <trkpt lat="37.80859" lon="-122.47711">
        <ele>58.2</ele>
      </trkpt>
      <trkpt lat="37.80883" lon="-122.47725">
        <ele>58.3</ele>
      </trkpt>
      <trkpt lat="37.80908" lon="-122.47737">
        <ele>58.4</ele>
      </trkpt>
      <trkpt lat="37.80919" lon="-122.47741">
        <ele>58.5</ele>
      </trkpt>
      <trkpt lat="37.80941" lon="-122.47747">
        <ele>58.6</ele>
      </trkpt>
      <trkpt lat="37.80963" lon="-122.47751">
        <ele>58.7</ele>
      </trkpt>
      <trkpt lat="37.81049" lon="-122.47761">
        <ele>59.1</ele>
      </trkpt>
      <trkpt lat="37.81135" lon="-122.47772">
        <ele>59.6</ele>
      </trkpt>
      <trkpt lat="37.81221" lon="-122.47782">
        <ele>60.0</ele>
      </trkpt>
      <trkpt lat="37.81306" lon="-122.47792">
        <ele>60.5</ele>
      </trkpt>
      <trkpt lat="37.81392" lon="-122.47802">
        <ele>60.9</ele>
      </trkpt>
      <trkpt lat="37.81392" lon="-122.47806">
        <ele>60.9</ele>
      </trkpt>
      <trkpt lat="37.81395" lon="-122.47809">
        <ele>60.9</ele>
      </trkpt>
      <trkpt lat="37.81401" lon="-122.47811">
        <ele>61.0</ele>
      </trkpt>
      <trkpt lat="37.81404" lon="-122.47811">
        <ele>61.0</ele>
      </trkpt>
      <trkpt lat="37.81407" lon="-122.47809">
        <ele>61.0</ele>
      </trkpt>
      <trkpt lat="37.81408" lon="-122.47803">
        <ele>61.0</ele>
      </trkpt>
      <trkpt lat="37.81495" lon="-122.47814">
        <ele>61.5</ele>
      </trkpt>
      <trkpt lat="37.81582" lon="-122.47824">
        <ele>61.9</ele>
      </trkpt>
      <trkpt lat="37.81669" lon="-122.47834">
        <ele>62.4</ele>
      </trkpt>
      <trkpt lat="37.81756" lon="-122.47844">
        <ele>62.8</ele>
      </trkpt>
      <trkpt lat="37.81844" lon="-122.47854">
        <ele>63.3</ele>
      </trkpt>
      <trkpt lat="37.81931" lon="-122.47864">
        <ele>63.7</ele>
      </trkpt>
      <trkpt lat="37.82018" lon="-122.47874">
        <ele>64.1</ele>
      </trkpt>
      <trkpt lat="37.82105" lon="-122.47885">
        <ele>64.6</ele>
      </trkpt>
      <trkpt lat="37.82192" lon="-122.47895">
        <ele>65.0</ele>
      </trkpt>
      <trkpt lat="37.82279" lon="-122.47905">
        <ele>65.5</ele>
      </trkpt>
      <trkpt lat="37.82366" lon="-122.47915">
        <ele>65.9</ele>
      </trkpt>
      <trkpt lat="37.82453" lon="-122.47925">
        <ele>66.4</ele>
      </trkpt>
      <trkpt lat="37.82541" lon="-122.47935">
        <ele>66.8</ele>
      </trkpt>
      <trkpt lat="37.82541" lon="-122.4794">
        <ele>66.8</ele>
      </trkpt>
      <trkpt lat="37.82543" lon="-122.47943">
        <ele>66.9</ele>
      </trkpt>
      <trkpt lat="37.82549" lon="-122.47945">
        <ele>66.9</ele>
      </trkpt>
      <trkpt lat="37.82556" lon="-122.47943">
        <ele>66.9</ele>
      </trkpt>
      <trkpt lat="37.82557" lon="-122.47941">
        <ele>66.9</ele>
      </trkpt>
      <trkpt lat="37.82558" lon="-122.47938">
        <ele>66.9</ele>
      </trkpt>
      <trkpt lat="37.82641" lon="-122.47947">
        <ele>67.4</ele>
      </trkpt>
      <trkpt lat="37.82725" lon="-122.47957">
        <ele>67.8</ele>
      </trkpt>
      <trkpt lat="37.82808" lon="-122.47967">
        <ele>68.2</ele>
      </trkpt>
      <trkpt lat="37.82891" lon="-122.47977">
        <ele>68.6</ele>
      </trkpt>
      <trkpt lat="37.82975" lon="-122.47987">
        <ele>69.1</ele>
      </trkpt>
      <trkpt lat="37.83058" lon="-122.47997">
        <ele>69.5</ele>
      </trkpt>
      <trkpt lat="37.83083" lon="-122.48002">
        <ele>69.6</ele>
      </trkpt>
      <trkpt lat="37.83109" lon="-122.48009">
        <ele>69.8</ele>
      </trkpt>
      <trkpt lat="37.83133" lon="-122.4802">
        <ele>69.9</ele>
      </trkpt>
      <trkpt lat="37.83145" lon="-122.48027">
        <ele>70.0</ele>
      </trkpt>
      <trkpt lat="37.83169" lon="-122.48042">
        <ele>70.1</ele>
      </trkpt>
      <trkpt lat="37.83191" lon="-122.4806">
        <ele>70.2</ele>
      </trkpt>
      <trkpt lat="37.83201" lon="-122.4807">
        <ele>70.3</ele>
      </trkpt>
      <trkpt lat="37.83226" lon="-122.48095">
        <ele>70.5</ele>
      </trkpt>
      <trkpt lat="37.83238" lon="-122.48112">
        <ele>70.6</ele>
      </trkpt>
      <trkpt lat="37.83242" lon="-122.48119">
        <ele>71.3</ele>
      </trkpt>
      <trkpt lat="37.83246" lon="-122.4813">
        <ele>72.2</ele>
      </trkpt>
      <trkpt lat="37.83248" lon="-122.48139">
        <ele>72.7</ele>
      </trkpt>
      <trkpt lat="37.83249" lon="-122.48148">
        <ele>73.3</ele>
      </trkpt>
      <trkpt lat="37.83247" lon="-122.48157">
        <ele>74.3</ele>
      </trkpt>
      <trkpt lat="37.8328" lon="-122.48216">
        <ele>76.4</ele>
      </trkpt>
      <trkpt lat="37.83284" lon="-122.48232">
        <ele>77.4</ele>
      </trkpt>
      <trkpt lat="37.83288" lon="-122.4824">
        <ele>78.0</ele>
      </trkpt>
      <trkpt lat="37.83291" lon="-122.48247">
        <ele>78.4</ele>
      </trkpt>
      <trkpt lat="37.83299" lon="-122.48284">
        <ele>82.0</ele>
      </trkpt>
      <trkpt lat="37.83303" lon="-122.48293">
        <ele>82.8</ele>
      </trkpt>
      <trkpt lat="37.83307" lon="-122.48301">
        <ele>83.7</ele>
      </trkpt>
      <trkpt lat="37.83316" lon="-122.48317">
        <ele>85.9</ele>
      </trkpt>
      <trkpt lat="37.8332" lon="-122.48324">
        <ele>86.4</ele>
      </trkpt>
      <trkpt lat="37.83321" lon="-122.48332">
        <ele>86.7</ele>
      </trkpt>
      <trkpt lat="37.83324" lon="-122.48349">
        <ele>85.6</ele>
      </trkpt>
      <trkpt lat="37.83312" lon="-122.48344">
        <ele>87.9</ele>
      </trkpt>
      <trkpt lat="37.83285" lon="-122.48338">
        <ele>93.1</ele>
      </trkpt>
      <trkpt lat="37.83271" lon="-122.48336">
        <ele>94.7</ele>
      </trkpt>
      <trkpt lat="37.83258" lon="-122.48337">
        <ele>95.8</ele>
      </trkpt>
      <trkpt lat="37.83244" lon="-122.48341">
        <ele>96.6</ele>
      </trkpt>
      <trkpt lat="37.8323" lon="-122.48349">
        <ele>98.1</ele>
      </trkpt>
      <trkpt lat="37.83194" lon="-122.48373">
        <ele>104.1</ele>
      </trkpt>
      <trkpt lat="37.83174" lon="-122.48384">
        <ele>104.3</ele>
      </trkpt>
      <trkpt lat="37.83153" lon="-122.48393">
        <ele>105.6</ele>
      </trkpt>
      <trkpt lat="37.83132" lon="-122.48401">
        <ele>108.9</ele>
      </trkpt>
      <trkpt lat="37.8311" lon="-122.48406">
        <ele>110.7</ele>
      </trkpt>
      <trkpt lat="37.83078" lon="-122.48409">
        <ele>112.1</ele>
      </trkpt>
      <trkpt lat="37.8306" lon="-122.48409">
        <ele>114.4</ele>
      </trkpt>
      <trkpt lat="37.83049" lon="-122.48407">
        <ele>116.5</ele>
      </trkpt>
      <trkpt lat="37.83044" lon="-122.48405">
        <ele>117.2</ele>
      </trkpt>
      <trkpt lat="37.83034" lon="-122.48398">
        <ele>118.1</ele>
      </trkpt>
      <trkpt lat="37.8303" lon="-122.48393">
        <ele>118.1</ele>
      </trkpt>
      <trkpt lat="37.83012" lon="-122.48367">
        <ele>118.6</ele>
      </trkpt>
      <trkpt lat="37.83" lon="-122.48352">
        <ele>120.7</ele>
      </trkpt>
      <trkpt lat="37.82995" lon="-122.48347">
        <ele>122.0</ele>
      </trkpt>
      <trkpt lat="37.82987" lon="-122.48344">
        <ele>124.1</ele>
      </trkpt>
      <trkpt lat="37.82979" lon="-122.48344">
        <ele>125.0</ele>
      </trkpt>
      <trkpt lat="37.8297" lon="-122.48347">
        <ele>126.1</ele>
      </trkpt>
      <trkpt lat="37.82964" lon="-122.4835">
        <ele>126.9</ele>
      </trkpt>
      <trkpt lat="37.82957" lon="-122.48359">
        <ele>128.0</ele>
      </trkpt>
      <trkpt lat="37.82951" lon="-122.48374">
        <ele>128.6</ele>
      </trkpt>
      <trkpt lat="37.8295" lon="-122.48389">
        <ele>128.6</ele>
      </trkpt>
      <trkpt lat="37.8295" lon="-122.4844">
        <ele>128.8</ele>
      </trkpt>
      <trkpt lat="37.82952" lon="-122.48491">
        <ele>129.6</ele>
      </trkpt>
      <trkpt lat="37.82951" lon="-122.485">
        <ele>129.4</ele>
      </trkpt>
      <trkpt lat="37.82949" lon="-122.48509">
        <ele>129.1</ele>
      </trkpt>
      <trkpt lat="37.82946" lon="-122.48517">
        <ele>129.2</ele>
      </trkpt>
      <trkpt lat="37.82941" lon="-122.48527">
        <ele>130.7</ele>
      </trkpt>
      <trkpt lat="37.82935" lon="-122.48535">
        <ele>132.0</ele>
      </trkpt>
      <trkpt lat="37.82895" lon="-122.48581">
        <ele>133.3</ele>
      </trkpt>
      <trkpt lat="37.82891" lon="-122.48587">
        <ele>133.5</ele>
      </trkpt>
      <trkpt lat="37.82888" lon="-122.48597">
        <ele>134.2</ele>
      </trkpt>
      <trkpt lat="37.82886" lon="-122.48605">
        <ele>134.8</ele>
      </trkpt>
      <trkpt lat="37.82887" lon="-122.48617">
        <ele>135.8</ele>
      </trkpt>
      <trkpt lat="37.82892" lon="-122.48631">
        <ele>138.1</ele>
      </trkpt>
      <trkpt lat="37.8292" lon="-122.48675">
        <ele>142.2</ele>
      </trkpt>
      <trkpt lat="37.82925" lon="-122.48682">
        <ele>142.0</ele>
      </trkpt>
      <trkpt lat="37.82931" lon="-122.48687">
        <ele>142.1</ele>
      </trkpt>
      <trkpt lat="37.82941" lon="-122.48692">
        <ele>142.3</ele>
      </trkpt>
      <trkpt lat="37.82984" lon="-122.48692">
        <ele>143.8</ele>
      </trkpt>
      <trkpt lat="37.8304" lon="-122.48694">
        <ele>149.4</ele>
      </trkpt>
      <trkpt lat="37.83074" lon="-122.48694">
        <ele>150.5</ele>
      </trkpt>
      <trkpt lat="37.83083" lon="-122.48696">
        <ele>150.4</ele>
      </trkpt>
      <trkpt lat="37.83091" lon="-122.48699">
        <ele>150.3</ele>
      </trkpt>
      <trkpt lat="37.83105" lon="-122.48709">
        <ele>149.8</ele>
      </trkpt>
      <trkpt lat="37.83133" lon="-122.48731">
        <ele>149.7</ele>
      </trkpt>
      <trkpt lat="37.83142" lon="-122.48736">
        <ele>149.8</ele>
      </trkpt>
      <trkpt lat="37.83169" lon="-122.48748">
        <ele>149.7</ele>
      </trkpt>
      <trkpt lat="37.83186" lon="-122.48757">
        <ele>150.7</ele>
      </trkpt>
      <trkpt lat="37.83196" lon="-122.48765">
        <ele>152.0</ele>
      </trkpt>
      <trkpt lat="37.83213" lon="-122.48782">
        <ele>156.3</ele>
      </trkpt>
      <trkpt lat="37.83225" lon="-122.48802">
        <ele>157.4</ele>
      </trkpt>
      <trkpt lat="37.83235" lon="-122.48815">
        <ele>157.6</ele>
      </trkpt>
      <trkpt lat="37.83241" lon="-122.4882">
        <ele>157.8</ele>
      </trkpt>
      <trkpt lat="37.83252" lon="-122.48827">
        <ele>158.2</ele>
      </trkpt>
      <trkpt lat="37.8326" lon="-122.48833">
        <ele>158.2</ele>
      </trkpt>
      <trkpt lat="37.83266" lon="-122.48839">
        <ele>157.8</ele>
      </trkpt>
      <trkpt lat="37.83288" lon="-122.48872">
        <ele>161.2</ele>
      </trkpt>
      <trkpt lat="37.83291" lon="-122.48878">
        <ele>162.5</ele>
      </trkpt>
      <trkpt lat="37.83293" lon="-122.48886">
        <ele>163.5</ele>
      </trkpt>
      <trkpt lat="37.83294" lon="-122.48896">
        <ele>164.5</ele>
      </trkpt>
      <trkpt lat="37.83293" lon="-122.48904">
        <ele>165.0</ele>
      </trkpt>
      <trkpt lat="37.83291" lon="-122.48912">
        <ele>165.4</ele>
      </trkpt>
      <trkpt lat="37.83269" lon="-122.4896">
        <ele>165.1</ele>
      </trkpt>
      <trkpt lat="37.83266" lon="-122.48968">
        <ele>164.7</ele>
      </trkpt>
      <trkpt lat="37.83264" lon="-122.48978">
        <ele>164.3</ele>
      </trkpt>
      <trkpt lat="37.83265" lon="-122.48988">
        <ele>164.3</ele>
      </trkpt>
      <trkpt lat="37.83267" lon="-122.48998">
        <ele>164.1</ele>
      </trkpt>
      <trkpt lat="37.83272" lon="-122.49007">
        <ele>164.4</ele>
      </trkpt>
      <trkpt lat="37.83284" lon="-122.49024">
        <ele>164.8</ele>
      </trkpt>
      <trkpt lat="37.83288" lon="-122.49032">
        <ele>165.0</ele>
      </trkpt>
      <trkpt lat="37.8329" lon="-122.49039">
        <ele>165.1</ele>
      </trkpt>
      <trkpt lat="37.8329" lon="-122.49047">
        <ele>165.0</ele>
      </trkpt>
      <trkpt lat="37.8329" lon="-122.49054">
        <ele>165.1</ele>
      </trkpt>
      <trkpt lat="37.83288" lon="-122.4906">
        <ele>164.9</ele>
      </trkpt>
      <trkpt lat="37.83286" lon="-122.49065">
        <ele>164.9</ele>
      </trkpt>
      <trkpt lat="37.83282" lon="-122.49071">
        <ele>164.6</ele>
      </trkpt>
      <trkpt lat="37.83259" lon="-122.49092">
        <ele>164.1</ele>
      </trkpt>
      <trkpt lat="37.83251" lon="-122.49103">
        <ele>164.8</ele>
      </trkpt>
      <trkpt lat="37.83248" lon="-122.49112">
        <ele>165.3</ele>
      </trkpt>
      <trkpt lat="37.83246" lon="-122.49121">
        <ele>165.6</ele>
      </trkpt>
      <trkpt lat="37.83246" lon="-122.49138">
        <ele>165.7</ele>
      </trkpt>
      <trkpt lat="37.83248" lon="-122.49147">
        <ele>165.7</ele>
      </trkpt>
      <trkpt lat="37.83252" lon="-122.49155">
        <ele>165.5</ele>
      </trkpt>
      <trkpt lat="37.83256" lon="-122.49163">
        <ele>165.2</ele>
      </trkpt>
      <trkpt lat="37.83266" lon="-122.49176">
        <ele>165.0</ele>
      </trkpt>
      <trkpt lat="37.83279" lon="-122.49184">
        <ele>165.8</ele>
      </trkpt>
      <trkpt lat="37.83312" lon="-122.49201">
        <ele>171.9</ele>
      </trkpt>
      <trkpt lat="37.83323" lon="-122.49209">
        <ele>172.9</ele>
      </trkpt>
      <trkpt lat="37.8333" lon="-122.49216">
        <ele>172.9</ele>
      </trkpt>
      <trkpt lat="37.83336" lon="-122.49226">
        <ele>172.7</ele>
      </trkpt>
      <trkpt lat="37.83342" lon="-122.49239">
        <ele>172.9</ele>
      </trkpt>
      <trkpt lat="37.8335" lon="-122.49297">
        <ele>172.1</ele>
      </trkpt>
      <trkpt lat="37.83359" lon="-122.49354">
        <ele>174.7</ele>
      </trkpt>
      <trkpt lat="37.83366" lon="-122.49374">
        <ele>178.4</ele>
      </trkpt>
      <trkpt lat="37.83376" lon="-122.49389">
        <ele>180.1</ele>
      </trkpt>
      <trkpt lat="37.83377" lon="-122.49392">
        <ele>179.8</ele>
      </trkpt>
      <trkpt lat="37.8338" lon="-122.494">
        <ele>179.1</ele>
      </trkpt>
      <trkpt lat="37.8338" lon="-122.49406">
        <ele>178.6</ele>
      </trkpt>
      <trkpt lat="37.83377" lon="-122.49412">
        <ele>178.7</ele>
      </trkpt>
      <trkpt lat="37.83372" lon="-122.49418">
        <ele>179.6</ele>
      </trkpt>
      <trkpt lat="37.8337" lon="-122.49419">
        <ele>180.0</ele>
      </trkpt>
      <trkpt lat="37.83363" lon="-122.49419">
        <ele>180.5</ele>
      </trkpt>
      <trkpt lat="37.83357" lon="-122.49419">
        <ele>180.6</ele>
      </trkpt>
      <trkpt lat="37.83349" lon="-122.49421">
        <ele>180.5</ele>
      </trkpt>
      <trkpt lat="37.83337" lon="-122.49431">
        <ele>180.1</ele>
      </trkpt>
      <trkpt lat="37.83305" lon="-122.49471">
        <ele>184.5</ele>
      </trkpt>
      <trkpt lat="37.83296" lon="-122.49479">
        <ele>185.9</ele>
      </trkpt>
      <trkpt lat="37.83291" lon="-122.49482">
        <ele>186.2</ele>
      </trkpt>
      <trkpt lat="37.83257" lon="-122.49494">
        <ele>187.2</ele>
      </trkpt>
      <trkpt lat="37.83218" lon="-122.49505">
        <ele>192.4</ele>
      </trkpt>
      <trkpt lat="37.83207" lon="-122.49508">
        <ele>192.2</ele>
      </trkpt>
      <trkpt lat="37.83201" lon="-122.49511">
        <ele>192.5</ele>
      </trkpt>
      <trkpt lat="37.83195" lon="-122.49516">
        <ele>193.2</ele>
      </trkpt>
      <trkpt lat="37.83187" lon="-122.49523">
        <ele>193.6</ele>
      </trkpt>
      <trkpt lat="37.8318" lon="-122.49534">
        <ele>194.1</ele>
      </trkpt>
      <trkpt lat="37.83177" lon="-122.49543">
        <ele>194.4</ele>
      </trkpt>
      <trkpt lat="37.83175" lon="-122.49551">
        <ele>194.5</ele>
      </trkpt>
      <trkpt lat="37.83173" lon="-122.4956">
        <ele>194.3</ele>
      </trkpt>
      <trkpt lat="37.83174" lon="-122.49574">
        <ele>194.8</ele>
      </trkpt>
      <trkpt lat="37.83177" lon="-122.49615">
        <ele>201.3</ele>
      </trkpt>
      <trkpt lat="37.83176" lon="-122.49639">
        <ele>202.8</ele>
      </trkpt>
      <trkpt lat="37.83173" lon="-122.4966">
        <ele>203.2</ele>
      </trkpt>
      <trkpt lat="37.83169" lon="-122.49674">
        <ele>205.8</ele>
      </trkpt>
      <trkpt lat="37.83169" lon="-122.49674">
        <ele>205.8</ele>
      </trkpt>
      <trkpt lat="37.83169" lon="-122.49674">
        <ele>205.8</ele>
      </trkpt>
      <trkpt lat="37.83159" lon="-122.49714">
        <ele>209.9</ele>
      </trkpt>
      <trkpt lat="37.83153" lon="-122.49729">
        <ele>210.4</ele>
      </trkpt>
      <trkpt lat="37.83148" lon="-122.49736">
        <ele>210.5</ele>
      </trkpt>
      <trkpt lat="37.83143" lon="-122.49741">
        <ele>211.2</ele>
      </trkpt>
      <trkpt lat="37.83137" lon="-122.49746">
        <ele>212.5</ele>
      </trkpt>
      <trkpt lat="37.83127" lon="-122.4975">
        <ele>214.9</ele>
      </trkpt>
      <trkpt lat="37.83109" lon="-122.49754">
        <ele>215.2</ele>
      </trkpt>
      <trkpt lat="37.83091" lon="-122.4976">
        <ele>214.6</ele>
      </trkpt>
      <trkpt lat="37.8308" lon="-122.49769">
        <ele>215.6</ele>
      </trkpt>
      <trkpt lat="37.83071" lon="-122.49777">
        <ele>215.9</ele>
      </trkpt>
      <trkpt lat="37.83061" lon="-122.4979">
        <ele>216.6</ele>
      </trkpt>
      <trkpt lat="37.83057" lon="-122.49799">
        <ele>217.9</ele>
      </trkpt>
      <trkpt lat="37.83047" lon="-122.49823">
        <ele>223.6</ele>
      </trkpt>
      <trkpt lat="37.83038" lon="-122.49836">
        <ele>224.5</ele>
      </trkpt>
      <trkpt lat="37.83031" lon="-122.49841">
        <ele>224.9</ele>
      </trkpt>
      <trkpt lat="37.83026" lon="-122.49844">
        <ele>225.3</ele>
      </trkpt>
      <trkpt lat="37.83019" lon="-122.49847">
        <ele>225.7</ele>
      </trkpt>
      <trkpt lat="37.83012" lon="-122.49847">
        <ele>225.6</ele>
      </trkpt>
      <trkpt lat="37.83003" lon="-122.49846">
        <ele>225.6</ele>
      </trkpt>
      <trkpt lat="37.8292" lon="-122.49823">
        <ele>233.1</ele>
      </trkpt>
      <trkpt lat="37.8291" lon="-122.49819">
        <ele>233.6</ele>
      </trkpt>
      <trkpt lat="37.82901" lon="-122.49814">
        <ele>235.4</ele>
      </trkpt>
      <trkpt lat="37.82876" lon="-122.49793">
        <ele>240.6</ele>
      </trkpt>
      <trkpt lat="37.82866" lon="-122.49787">
        <ele>240.3</ele>
      </trkpt>
      <trkpt lat="37.82856" lon="-122.49783">
        <ele>239.9</ele>
      </trkpt>
      <trkpt lat="37.82844" lon="-122.4978">
        <ele>239.6</ele>
      </trkpt>
      <trkpt lat="37.8283" lon="-122.4978">
        <ele>239.7</ele>
      </trkpt>
      <trkpt lat="37.82824" lon="-122.49783">
        <ele>240.0</ele>
      </trkpt>
      <trkpt lat="37.82817" lon="-122.4979">
        <ele>240.6</ele>
      </trkpt>
      <trkpt lat="37.82814" lon="-122.49794">
        <ele>240.7</ele>
      </trkpt>
      <trkpt lat="37.82811" lon="-122.49801">
        <ele>240.9</ele>
      </trkpt>
      <trkpt lat="37.82798" lon="-122.49846">
        <ele>240.7</ele>
      </trkpt>
      <trkpt lat="37.82793" lon="-122.49858">
        <ele>242.4</ele>
      </trkpt>
      <trkpt lat="37.82782" lon="-122.49875">
        <ele>245.8</ele>
      </trkpt>
      <trkpt lat="37.82773" lon="-122.49885">
        <ele>246.5</ele>
      </trkpt>
      <trkpt lat="37.82764" lon="-122.49893">
        <ele>246.4</ele>
      </trkpt>
      <trkpt lat="37.82745" lon="-122.49906">
        <ele>245.5</ele>
      </trkpt>
      <trkpt lat="37.82719" lon="-122.49921">
        <ele>246.1</ele>
      </trkpt>
      <trkpt lat="37.82704" lon="-122.49926">
        <ele>246.9</ele>
      </trkpt>
      <trkpt lat="37.82691" lon="-122.49926">
        <ele>246.5</ele>
      </trkpt>
      <trkpt lat="37.82672" lon="-122.49921">
        <ele>243.1</ele>
      </trkpt>
      <trkpt lat="37.82666" lon="-122.49922">
        <ele>241.6</ele>
      </trkpt>
      <trkpt lat="37.82656" lon="-122.49925">
        <ele>239.8</ele>
      </trkpt>
      <trkpt lat="37.82651" lon="-122.49928">
        <ele>238.8</ele>
      </trkpt>
      <trkpt lat="37.8264" lon="-122.49939">
        <ele>235.8</ele>
      </trkpt>
      <trkpt lat="37.82635" lon="-122.49947">
        <ele>233.1</ele>
      </trkpt>
      <trkpt lat="37.82628" lon="-122.4996">
        <ele>229.7</ele>
      </trkpt>
      <trkpt lat="37.82626" lon="-122.49967">
        <ele>228.5</ele>
      </trkpt>
      <trkpt lat="37.82626" lon="-122.49975">
        <ele>227.1</ele>
      </trkpt>
      <trkpt lat="37.82626" lon="-122.49984">
        <ele>225.0</ele>
      </trkpt>
      <trkpt lat="37.82629" lon="-122.49998">
        <ele>223.4</ele>
      </trkpt>
      <trkpt lat="37.82633" lon="-122.50015">
        <ele>222.3</ele>
      </trkpt>
      <trkpt lat="37.82638" lon="-122.50029">
        <ele>220.2</ele>
      </trkpt>
      <trkpt lat="37.82657" lon="-122.5008">
        <ele>212.1</ele>
      </trkpt>
      <trkpt lat="37.82661" lon="-122.50091">
        <ele>209.8</ele>
      </trkpt>
      <trkpt lat="37.82664" lon="-122.501">
        <ele>208.7</ele>
      </trkpt>
      <trkpt lat="37.82665" lon="-122.5011">
        <ele>206.8</ele>
      </trkpt>
      <trkpt lat="37.82668" lon="-122.50157">
        <ele>196.7</ele>
      </trkpt>
      <trkpt lat="37.8267" lon="-122.50164">
        <ele>194.4</ele>
      </trkpt>
      <trkpt lat="37.82673" lon="-122.5017">
        <ele>192.9</ele>
      </trkpt>
      <trkpt lat="37.82677" lon="-122.50175">
        <ele>192.1</ele>
      </trkpt>
      <trkpt lat="37.82697" lon="-122.50188">
        <ele>192.4</ele>
      </trkpt>
      <trkpt lat="37.82711" lon="-122.502">
        <ele>191.6</ele>
      </trkpt>
      <trkpt lat="37.82724" lon="-122.50217">
        <ele>189.6</ele>
      </trkpt>
      <trkpt lat="37.82734" lon="-122.50235">
        <ele>185.7</ele>
      </trkpt>
      <trkpt lat="37.82738" lon="-122.50246">
        <ele>182.7</ele>
      </trkpt>
      <trkpt lat="37.82752" lon="-122.50291">
        <ele>176.8</ele>
      </trkpt>
      <trkpt lat="37.82767" lon="-122.50337">
        <ele>170.6</ele>
      </trkpt>
      <trkpt lat="37.82768" lon="-122.5035">
        <ele>168.2</ele>
      </trkpt>
      <trkpt lat="37.82765" lon="-122.5036">
        <ele>166.7</ele>
      </trkpt>
      <trkpt lat="37.8276" lon="-122.50371">
        <ele>165.4</ele>
      </trkpt>
      <trkpt lat="37.82745" lon="-122.50389">
        <ele>163.4</ele>
      </trkpt>
      <trkpt lat="37.82738" lon="-122.504">
        <ele>160.8</ele>
      </trkpt>
      <trkpt lat="37.82731" lon="-122.50412">
        <ele>157.6</ele>
      </trkpt>
      <trkpt lat="37.82709" lon="-122.5046">
        <ele>150.5</ele>
      </trkpt>
      <trkpt lat="37.82706" lon="-122.50465">
        <ele>148.7</ele>
      </trkpt>
      <trkpt lat="37.82696" lon="-122.50476">
        <ele>145.2</ele>
      </trkpt>
      <trkpt lat="37.82669" lon="-122.50491">
        <ele>142.3</ele>
      </trkpt>
      <trkpt lat="37.82663" lon="-122.50496">
        <ele>141.9</ele>
      </trkpt>
      <trkpt lat="37.82651" lon="-122.50509">
        <ele>141.1</ele>
      </trkpt>
      <trkpt lat="37.82644" lon="-122.50522">
        <ele>140.8</ele>
      </trkpt>
      <trkpt lat="37.82641" lon="-122.50529">
        <ele>140.1</ele>
      </trkpt>
      <trkpt lat="37.82626" lon="-122.50583">
        <ele>130.7</ele>
      </trkpt>
      <trkpt lat="37.82623" lon="-122.506">
        <ele>129.4</ele>
      </trkpt>
      <trkpt lat="37.82623" lon="-122.50613">
        <ele>128.6</ele>
      </trkpt>
      <trkpt lat="37.82625" lon="-122.50624">
        <ele>127.7</ele>
      </trkpt>
      <trkpt lat="37.82628" lon="-122.50633">
        <ele>126.6</ele>
      </trkpt>
      <trkpt lat="37.82642" lon="-122.5066">
        <ele>119.7</ele>
      </trkpt>
      <trkpt lat="37.82644" lon="-122.5067">
        <ele>119.3</ele>
      </trkpt>
      <trkpt lat="37.82645" lon="-122.5068">
        <ele>119.5</ele>
      </trkpt>
      <trkpt lat="37.82643" lon="-122.50688">
        <ele>119.1</ele>
      </trkpt>
      <trkpt lat="37.8264" lon="-122.50699">
        <ele>118.9</ele>
      </trkpt>
      <trkpt lat="37.82623" lon="-122.50727">
        <ele>116.6</ele>
      </trkpt>
      <trkpt lat="37.82619" lon="-122.50736">
        <ele>116.4</ele>
      </trkpt>
      <trkpt lat="37.82615" lon="-122.50747">
        <ele>116.1</ele>
      </trkpt>
      <trkpt lat="37.82612" lon="-122.50761">
        <ele>115.6</ele>
      </trkpt>
      <trkpt lat="37.82608" lon="-122.50782">
        <ele>114.0</ele>
      </trkpt>
      <trkpt lat="37.82608" lon="-122.50789">
        <ele>113.6</ele>
      </trkpt>
      <trkpt lat="37.8261" lon="-122.50796">
        <ele>113.3</ele>
      </trkpt>
      <trkpt lat="37.82614" lon="-122.50803">
        <ele>112.9</ele>
      </trkpt>
      <trkpt lat="37.82619" lon="-122.50809">
        <ele>111.9</ele>
      </trkpt>
      <trkpt lat="37.82644" lon="-122.5083">
        <ele>105.3</ele>
      </trkpt>
      <trkpt lat="37.82651" lon="-122.50838">
        <ele>105.2</ele>
      </trkpt>
      <trkpt lat="37.82655" lon="-122.50846">
        <ele>105.2</ele>
      </trkpt>
      <trkpt lat="37.82658" lon="-122.50856">
        <ele>105.3</ele>
      </trkpt>
      <trkpt lat="37.82669" lon="-122.50914">
        <ele>103.7</ele>
      </trkpt>
      <trkpt lat="37.8268" lon="-122.50972">
        <ele>103.1</ele>
      </trkpt>
      <trkpt lat="37.82683" lon="-122.50984">
        <ele>103.1</ele>
      </trkpt>
      <trkpt lat="37.8269" lon="-122.50999">
        <ele>103.4</ele>
      </trkpt>
      <trkpt lat="37.82701" lon="-122.51018">
        <ele>103.7</ele>
      </trkpt>
      <trkpt lat="37.82752" lon="-122.5109">
        <ele>96.6</ele>
      </trkpt>
      <trkpt lat="37.82803" lon="-122.51162">
        <ele>95.8</ele>
      </trkpt>
      <trkpt lat="37.8281" lon="-122.51176">
        <ele>97.8</ele>
      </trkpt>
      <trkpt lat="37.82814" lon="-122.51187">
        <ele>99.8</ele>
      </trkpt>
      <trkpt lat="37.82814" lon="-122.51192">
        <ele>100.7</ele>
      </trkpt>
      <trkpt lat="37.82814" lon="-122.51192">
        <ele>100.7</ele>
      </trkpt>
      <trkpt lat="37.82816" lon="-122.51209">
        <ele>102.6</ele>
      </trkpt>
      <trkpt lat="37.82816" lon="-122.51219">
        <ele>103.2</ele>
      </trkpt>
      <trkpt lat="37.82814" lon="-122.51232">
        <ele>103.5</ele>
      </trkpt>
      <trkpt lat="37.82809" lon="-122.51245">
        <ele>103.5</ele>
      </trkpt>
      <trkpt lat="37.82775" lon="-122.51323">
        <ele>103.1</ele>
      </trkpt>
      <trkpt lat="37.8274" lon="-122.51401">
        <ele>102.7</ele>
      </trkpt>
      <trkpt lat="37.82733" lon="-122.5142">
        <ele>102.9</ele>
      </trkpt>
      <trkpt lat="37.82727" lon="-122.51439">
        <ele>104.0</ele>
      </trkpt>
      <trkpt lat="37.82725" lon="-122.51451">
        <ele>103.9</ele>
      </trkpt>
      <trkpt lat="37.82724" lon="-122.51472">
        <ele>104.4</ele>
      </trkpt>
      <trkpt lat="37.82722" lon="-122.51555">
        <ele>104.7</ele>
      </trkpt>
      <trkpt lat="37.82723" lon="-122.51575">
        <ele>104.4</ele>
      </trkpt>
      <trkpt lat="37.82724" lon="-122.51589">
        <ele>104.0</ele>
      </trkpt>
      <trkpt lat="37.82726" lon="-122.51609">
        <ele>103.8</ele>
      </trkpt>
      <trkpt lat="37.8273" lon="-122.51626">
        <ele>103.7</ele>
      </trkpt>
      <trkpt lat="37.82746" lon="-122.51674">
        <ele>103.8</ele>
      </trkpt>
      <trkpt lat="37.82747" lon="-122.5168">
        <ele>105.0</ele>
      </trkpt>
      <trkpt lat="37.82747" lon="-122.51688">
        <ele>107.0</ele>
      </trkpt>
      <trkpt lat="37.82746" lon="-122.51695">
        <ele>108.3</ele>
      </trkpt>
      <trkpt lat="37.82742" lon="-122.51703">
        <ele>106.0</ele>
      </trkpt>
      <trkpt lat="37.82715" lon="-122.51729">
        <ele>101.8</ele>
      </trkpt>
      <trkpt lat="37.82705" lon="-122.51746">
        <ele>101.7</ele>
      </trkpt>
      <trkpt lat="37.82702" lon="-122.51754">
        <ele>101.8</ele>
      </trkpt>
      <trkpt lat="37.82686" lon="-122.5181">
        <ele>101.3</ele>
      </trkpt>
      <trkpt lat="37.82671" lon="-122.51867">
        <ele>101.5</ele>
      </trkpt>
      <trkpt lat="37.82667" lon="-122.51887">
        <ele>102.5</ele>
      </trkpt>
      <trkpt lat="37.82661" lon="-122.51922">
        <ele>102.7</ele>
      </trkpt>
      <trkpt lat="37.82661" lon="-122.51932">
        <ele>102.4</ele>
      </trkpt>
      <trkpt lat="37.82662" lon="-122.51941">
        <ele>101.9</ele>
      </trkpt>
      <trkpt lat="37.82664" lon="-122.51952">
        <ele>101.8</ele>
      </trkpt>
      <trkpt lat="37.82668" lon="-122.51964">
        <ele>101.8</ele>
      </trkpt>
      <trkpt lat="37.82672" lon="-122.51975">
        <ele>101.4</ele>
      </trkpt>
      <trkpt lat="37.82677" lon="-122.51984">
        <ele>101.7</ele>
      </trkpt>
      <trkpt lat="37.82693" lon="-122.52007">
        <ele>100.5</ele>
      </trkpt>
      <trkpt lat="37.82697" lon="-122.52016">
        <ele>100.5</ele>
      </trkpt>
      <trkpt lat="37.82702" lon="-122.52029">
        <ele>100.8</ele>
      </trkpt>
      <trkpt lat="37.82716" lon="-122.52086">
        <ele>94.0</ele>
      </trkpt>
      <trkpt lat="37.82717" lon="-122.52099">
        <ele>92.6</ele>
      </trkpt>
      <trkpt lat="37.82716" lon="-122.52122">
        <ele>92.5</ele>
      </trkpt>
      <trkpt lat="37.82717" lon="-122.52133">
        <ele>92.4</ele>
      </trkpt>
      <trkpt lat="37.82719" lon="-122.52144">
        <ele>92.4</ele>
      </trkpt>
      <trkpt lat="37.82731" lon="-122.52181">
        <ele>93.2</ele>
      </trkpt>
      <trkpt lat="37.82735" lon="-122.52189">
        <ele>93.2</ele>
      </trkpt>
      <trkpt lat="37.82741" lon="-122.52199">
        <ele>93.1</ele>
      </trkpt>
      <trkpt lat="37.82753" lon="-122.52216">
        <ele>92.0</ele>
      </trkpt>
      <trkpt lat="37.8277" lon="-122.52242">
        <ele>92.5</ele>
      </trkpt>
      <trkpt lat="37.82779" lon="-122.52252">
        <ele>92.9</ele>
      </trkpt>
      <trkpt lat="37.82792" lon="-122.52262">
        <ele>91.8</ele>
      </trkpt>
      <trkpt lat="37.82798" lon="-122.52267">
        <ele>90.8</ele>
      </trkpt>
      <trkpt lat="37.82801" lon="-122.52273">
        <ele>90.1</ele>
      </trkpt>
      <trkpt lat="37.82804" lon="-122.52282">
        <ele>88.8</ele>
      </trkpt>
      <trkpt lat="37.82807" lon="-122.52303">
        <ele>83.8</ele>
      </trkpt>
      <trkpt lat="37.82809" lon="-122.52312">
        <ele>82.4</ele>
      </trkpt>
      <trkpt lat="37.82813" lon="-122.52323">
        <ele>81.6</ele>
      </trkpt>
      <trkpt lat="37.82822" lon="-122.52347">
        <ele>81.0</ele>
      </trkpt>
      <trkpt lat="37.82823" lon="-122.52352">
        <ele>80.8</ele>
      </trkpt>
      <trkpt lat="37.82823" lon="-122.52359">
        <ele>80.5</ele>
      </trkpt>
      <trkpt lat="37.82822" lon="-122.52366">
        <ele>80.2</ele>
      </trkpt>
      <trkpt lat="37.82809" lon="-122.52391">
        <ele>81.2</ele>
      </trkpt>
      <trkpt lat="37.82806" lon="-122.52399">
        <ele>81.6</ele>
      </trkpt>
      <trkpt lat="37.82804" lon="-122.52409">
        <ele>81.6</ele>
      </trkpt>
      <trkpt lat="37.82803" lon="-122.52427">
        <ele>81.4</ele>
      </trkpt>
      <trkpt lat="37.82805" lon="-122.52447">
        <ele>81.6</ele>
      </trkpt>
      <trkpt lat="37.82808" lon="-122.52456">
        <ele>81.4</ele>
      </trkpt>
      <trkpt lat="37.82812" lon="-122.52466">
        <ele>81.3</ele>
      </trkpt>
      <trkpt lat="37.82843" lon="-122.5252">
        <ele>76.4</ele>
      </trkpt>
      <trkpt lat="37.82845" lon="-122.52527">
        <ele>76.7</ele>
      </trkpt>
      <trkpt lat="37.82846" lon="-122.52536">
        <ele>77.7</ele>
      </trkpt>
      <trkpt lat="37.82844" lon="-122.52543">
        <ele>78.1</ele>
      </trkpt>
      <trkpt lat="37.82842" lon="-122.52548">
        <ele>78.0</ele>
      </trkpt>
      <trkpt lat="37.82838" lon="-122.52553">
        <ele>77.0</ele>
      </trkpt>
      <trkpt lat="37.82834" lon="-122.52557">
        <ele>75.8</ele>
      </trkpt>
      <trkpt lat="37.82828" lon="-122.52559">
        <ele>74.5</ele>
      </trkpt>
      <trkpt lat="37.82791" lon="-122.5256">
        <ele>69.9</ele>
      </trkpt>
      <trkpt lat="37.82785" lon="-122.5256">
        <ele>69.9</ele>
      </trkpt>
      <trkpt lat="37.82779" lon="-122.52562">
        <ele>69.8</ele>
      </trkpt>
      <trkpt lat="37.82756" lon="-122.5258">
        <ele>66.2</ele>
      </trkpt>
      <trkpt lat="37.82747" lon="-122.52586">
        <ele>64.8</ele>
      </trkpt>
      <trkpt lat="37.82739" lon="-122.52589">
        <ele>63.3</ele>
      </trkpt>
      <trkpt lat="37.82708" lon="-122.52594">
        <ele>58.9</ele>
      </trkpt>
      <trkpt lat="37.82671" lon="-122.52598">
        <ele>59.1</ele>
      </trkpt>
      <trkpt lat="37.82645" lon="-122.52598">
        <ele>59.9</ele>
      </trkpt>
      <trkpt lat="37.82639" lon="-122.526">
        <ele>59.9</ele>
      </trkpt>
      <trkpt lat="37.8262" lon="-122.52611">
        <ele>60.5</ele>
      </trkpt>
      <trkpt lat="37.82615" lon="-122.52617">
        <ele>60.5</ele>
      </trkpt>
      <trkpt lat="37.82591" lon="-122.52655">
        <ele>63.1</ele>
      </trkpt>
      <trkpt lat="37.82551" lon="-122.52705">
        <ele>64.6</ele>
      </trkpt>
      <trkpt lat="37.82545" lon="-122.52717">
        <ele>64.9</ele>
      </trkpt>
      <trkpt lat="37.82542" lon="-122.5273">
        <ele>65.1</ele>
      </trkpt>
      <trkpt lat="37.82542" lon="-122.52779">
        <ele>65.9</ele>
      </trkpt>
      <trkpt lat="37.82541" lon="-122.52786">
        <ele>66.6</ele>
      </trkpt>
      <trkpt lat="37.82538" lon="-122.52793">
        <ele>67.5</ele>
      </trkpt>
      <trkpt lat="37.82534" lon="-122.52798">
        <ele>68.3</ele>
      </trkpt>
      <trkpt lat="37.82528" lon="-122.52801">
        <ele>69.4</ele>
      </trkpt>
      <trkpt lat="37.8252" lon="-122.52802">
        <ele>70.0</ele>
      </trkpt>
      <trkpt lat="37.82513" lon="-122.52799">
        <ele>70.3</ele>
      </trkpt>
      <trkpt lat="37.82467" lon="-122.52771">
        <ele>70.0</ele>
      </trkpt>
      <trkpt lat="37.82424" lon="-122.52749">
        <ele>68.5</ele>
      </trkpt>
      <trkpt lat="37.82415" lon="-122.52747">
        <ele>68.7</ele>
      </trkpt>
      <trkpt lat="37.82405" lon="-122.52748">
        <ele>69.3</ele>
      </trkpt>
      <trkpt lat="37.82392" lon="-122.52753">
        <ele>69.2</ele>
      </trkpt>
      <trkpt lat="37.82381" lon="-122.52761">
        <ele>68.2</ele>
      </trkpt>
      <trkpt lat="37.82376" lon="-122.52768">
        <ele>67.7</ele>
      </trkpt>
      <trkpt lat="37.82361" lon="-122.52795">
        <ele>64.6</ele>
      </trkpt>
      <trkpt lat="37.82354" lon="-122.52803">
        <ele>63.4</ele>
      </trkpt>
      <trkpt lat="37.82346" lon="-122.5281">
        <ele>61.7</ele>
      </trkpt>
      <trkpt lat="37.82335" lon="-122.52815">
        <ele>59.4</ele>
      </trkpt>
      <trkpt lat="37.82327" lon="-122.52823">
        <ele>58.0</ele>
      </trkpt>
      <trkpt lat="37.82322" lon="-122.52828">
        <ele>57.1</ele>
      </trkpt>
      <trkpt lat="37.82318" lon="-122.52835">
        <ele>56.3</ele>
      </trkpt>
      <trkpt lat="37.82316" lon="-122.52841">
        <ele>56.1</ele>
      </trkpt>
      <trkpt lat="37.82315" lon="-122.52848">
        <ele>55.5</ele>
      </trkpt>
      <trkpt lat="37.82315" lon="-122.52855">
        <ele>54.6</ele>
      </trkpt>
      <trkpt lat="37.82317" lon="-122.52895">
        <ele>48.9</ele>
      </trkpt>
      <trkpt lat="37.82316" lon="-122.52901">
        <ele>48.3</ele>
      </trkpt>
      <trkpt lat="37.82293" lon="-122.52889">
        <ele>49.7</ele>
      </trkpt>
      <trkpt lat="37.82284" lon="-122.52888">
        <ele>49.8</ele>
      </trkpt>
      <trkpt lat="37.82271" lon="-122.5289">
        <ele>49.7</ele>
      </trkpt>
      <trkpt lat="37.82249" lon="-122.52902">
        <ele>51.4</ele>
      </trkpt>
      <trkpt lat="37.82239" lon="-122.52909">
        <ele>52.6</ele>
      </trkpt>
      <trkpt lat="37.82197" lon="-122.52944">
        <ele>57.3</ele>
      </trkpt>
      <trkpt lat="37.82187" lon="-122.52953">
        <ele>58.6</ele>
      </trkpt>
      <trkpt lat="37.82181" lon="-122.52968">
        <ele>59.6</ele>
      </trkpt>
      <trkpt lat="37.82178" lon="-122.52989">
        <ele>61.4</ele>
      </trkpt>
      <trkpt lat="37.82175" lon="-122.52995">
        <ele>62.0</ele>
      </trkpt>
      <trkpt lat="37.82173" lon="-122.52999">
        <ele>62.4</ele>
      </trkpt>
      <trkpt lat="37.82169" lon="-122.53002">
        <ele>63.0</ele>
      </trkpt>
      <trkpt lat="37.82163" lon="-122.53002">
        <ele>63.6</ele>
      </trkpt>
      <trkpt lat="37.82159" lon="-122.53001">
        <ele>63.9</ele>
      </trkpt>
      <trkpt lat="37.82155" lon="-122.52997">
        <ele>63.9</ele>
      </trkpt>
      <trkpt lat="37.82155" lon="-122.52997">
        <ele>63.9</ele>
      </trkpt>
      <trkpt lat="37.82151" lon="-122.5299">
        <ele>63.8</ele>
      </trkpt>
      <trkpt lat="37.8215" lon="-122.52985">
        <ele>63.5</ele>
      </trkpt>
      <trkpt lat="37.82151" lon="-122.52981">
        <ele>63.1</ele>
      </trkpt>
      <trkpt lat="37.82155" lon="-122.52972">
        <ele>62.1</ele>
      </trkpt>
      <trkpt lat="37.82159" lon="-122.52969">
        <ele>61.5</ele>
      </trkpt>
      <trkpt lat="37.82168" lon="-122.52966">
        <ele>60.6</ele>
      </trkpt>
      <trkpt lat="37.82176" lon="-122.52961">
        <ele>59.8</ele>
      </trkpt>
      <trkpt lat="37.82187" lon="-122.52953">
        <ele>58.6</ele>
      </trkpt>
      <trkpt lat="37.82209" lon="-122.52933">
        <ele>55.7</ele>
      </trkpt>
      <trkpt lat="37.82239" lon="-122.52909">
        <ele>52.6</ele>
      </trkpt>
      <trkpt lat="37.82249" lon="-122.52902">
        <ele>51.4</ele>
      </trkpt>
      <trkpt lat="37.82271" lon="-122.5289">
        <ele>49.7</ele>
      </trkpt>
      <trkpt lat="37.82284" lon="-122.52888">
        <ele>49.8</ele>
      </trkpt>
      <trkpt lat="37.82293" lon="-122.52889">
        <ele>49.7</ele>
      </trkpt>
      <trkpt lat="37.82367" lon="-122.52927">
        <ele>47.3</ele>
      </trkpt>
      <trkpt lat="37.82373" lon="-122.52931">
        <ele>47.0</ele>
      </trkpt>
      <trkpt lat="37.82379" lon="-122.52937">
        <ele>46.4</ele>
      </trkpt>
      <trkpt lat="37.82387" lon="-122.52948">
        <ele>45.6</ele>
      </trkpt>
      <trkpt lat="37.82392" lon="-122.52959">
        <ele>45.3</ele>
      </trkpt>
      <trkpt lat="37.82403" lon="-122.52985">
        <ele>47.0</ele>
      </trkpt>
      <trkpt lat="37.8241" lon="-122.52998">
        <ele>48.8</ele>
      </trkpt>
      <trkpt lat="37.82417" lon="-122.53003">
        <ele>50.0</ele>
      </trkpt>
      <trkpt lat="37.82429" lon="-122.53008">
        <ele>52.1</ele>
      </trkpt>
      <trkpt lat="37.82454" lon="-122.5301">
        <ele>54.2</ele>
      </trkpt>
      <trkpt lat="37.82465" lon="-122.53009">
        <ele>54.2</ele>
      </trkpt>
      <trkpt lat="37.82471" lon="-122.53008">
        <ele>54.2</ele>
      </trkpt>
      <trkpt lat="37.82484" lon="-122.53002">
        <ele>53.5</ele>
      </trkpt>
      <trkpt lat="37.82491" lon="-122.52996">
        <ele>53.8</ele>
      </trkpt>
      <trkpt lat="37.82498" lon="-122.5299">
        <ele>53.5</ele>
      </trkpt>
      <trkpt lat="37.82504" lon="-122.52983">
        <ele>53.2</ele>
      </trkpt>
      <trkpt lat="37.82525" lon="-122.52947">
        <ele>56.4</ele>
      </trkpt>
      <trkpt lat="37.82538" lon="-122.52928">
        <ele>59.2</ele>
      </trkpt>
      <trkpt lat="37.82545" lon="-122.52921">
        <ele>59.2</ele>
      </trkpt>
      <trkpt lat="37.82545" lon="-122.52921">
        <ele>59.2</ele>
      </trkpt>
      <trkpt lat="37.82577" lon="-122.52887">
        <ele>54.9</ele>
      </trkpt>
      <trkpt lat="37.82585" lon="-122.52876">
        <ele>54.0</ele>
      </trkpt>
      <trkpt lat="37.82591" lon="-122.52868">
        <ele>53.7</ele>
      </trkpt>
      <trkpt lat="37.82595" lon="-122.52856">
        <ele>53.8</ele>
      </trkpt>
      <trkpt lat="37.82597" lon="-122.52845">
        <ele>54.0</ele>
      </trkpt>
      <trkpt lat="37.82598" lon="-122.52744">
        <ele>55.8</ele>
      </trkpt>
      <trkpt lat="37.82599" lon="-122.52728">
        <ele>55.8</ele>
      </trkpt>
      <trkpt lat="37.82601" lon="-122.52716">
        <ele>55.8</ele>
      </trkpt>
      <trkpt lat="37.82604" lon="-122.52705">
        <ele>55.6</ele>
      </trkpt>
      <trkpt lat="37.82608" lon="-122.52695">
        <ele>55.2</ele>
      </trkpt>
      <trkpt lat="37.82613" lon="-122.52685">
        <ele>54.9</ele>
      </trkpt>
      <trkpt lat="37.82619" lon="-122.52676">
        <ele>54.8</ele>
      </trkpt>
      <trkpt lat="37.82625" lon="-122.5267">
        <ele>54.4</ele>
      </trkpt>
      <trkpt lat="37.82638" lon="-122.52659">
        <ele>53.8</ele>
      </trkpt>
      <trkpt lat="37.82648" lon="-122.52655">
        <ele>53.5</ele>
      </trkpt>
      <trkpt lat="37.82712" lon="-122.52638">
        <ele>55.3</ele>
      </trkpt>
      <trkpt lat="37.82776" lon="-122.52621">
        <ele>56.2</ele>
      </trkpt>
      <trkpt lat="37.82787" lon="-122.52619">
        <ele>56.3</ele>
      </trkpt>
      <trkpt lat="37.82794" lon="-122.5262">
        <ele>56.1</ele>
      </trkpt>
      <trkpt lat="37.82801" lon="-122.52621">
        <ele>56.0</ele>
      </trkpt>
      <trkpt lat="37.8281" lon="-122.52626">
        <ele>55.5</ele>
      </trkpt>
      <trkpt lat="37.82817" lon="-122.52632">
        <ele>55.2</ele>
      </trkpt>
      <trkpt lat="37.82824" lon="-122.52642">
        <ele>54.6</ele>
      </trkpt>
      <trkpt lat="37.82841" lon="-122.52669">
        <ele>53.1</ele>
      </trkpt>
      <trkpt lat="37.82847" lon="-122.52678">
        <ele>51.3</ele>
      </trkpt>
      <trkpt lat="37.82892" lon="-122.52725">
        <ele>45.4</ele>
      </trkpt>
      <trkpt lat="37.82899" lon="-122.52735">
        <ele>45.2</ele>
      </trkpt>
      <trkpt lat="37.82903" lon="-122.52743">
        <ele>44.6</ele>
      </trkpt>
      <trkpt lat="37.82917" lon="-122.5278">
        <ele>41.5</ele>
      </trkpt>
      <trkpt lat="37.82924" lon="-122.5279">
        <ele>40.9</ele>
      </trkpt>
      <trkpt lat="37.82932" lon="-122.52797">
        <ele>40.7</ele>
      </trkpt>
      <trkpt lat="37.8294" lon="-122.52801">
        <ele>40.6</ele>
      </trkpt>
      <trkpt lat="37.82949" lon="-122.52802">
        <ele>40.4</ele>
      </trkpt>
      <trkpt lat="37.82958" lon="-122.52801">
        <ele>40.0</ele>
      </trkpt>
      <trkpt lat="37.82965" lon="-122.52797">
        <ele>39.8</ele>
      </trkpt>
      <trkpt lat="37.82973" lon="-122.5279">
        <ele>37.7</ele>
      </trkpt>
      <trkpt lat="37.82979" lon="-122.52782">
        <ele>33.6</ele>
      </trkpt>
      <trkpt lat="37.82984" lon="-122.52771">
        <ele>31.2</ele>
      </trkpt>
      <trkpt lat="37.82999" lon="-122.52725">
        <ele>28.9</ele>
      </trkpt>
      <trkpt lat="37.83021" lon="-122.52656">
        <ele>16.7</ele>
      </trkpt>
      <trkpt lat="37.83044" lon="-122.52587">
        <ele>14.9</ele>
      </trkpt>
      <trkpt lat="37.83048" lon="-122.5257">
        <ele>15.4</ele>
      </trkpt>
      <trkpt lat="37.8305" lon="-122.52554">
        <ele>16.4</ele>
      </trkpt>
      <trkpt lat="37.83052" lon="-122.52524">
        <ele>17.7</ele>
      </trkpt>
      <trkpt lat="37.83051" lon="-122.52512">
        <ele>18.0</ele>
      </trkpt>
      <trkpt lat="37.83046" lon="-122.52481">
        <ele>19.0</ele>
      </trkpt>
      <trkpt lat="37.83044" lon="-122.52461">
        <ele>19.1</ele>
      </trkpt>
      <trkpt lat="37.83044" lon="-122.52435">
        <ele>18.6</ele>
      </trkpt>
      <trkpt lat="37.83044" lon="-122.52385">
        <ele>15.9</ele>
      </trkpt>
      <trkpt lat="37.83046" lon="-122.52373">
        <ele>14.6</ele>
      </trkpt>
      <trkpt lat="37.83049" lon="-122.52362">
        <ele>13.2</ele>
      </trkpt>
      <trkpt lat="37.83052" lon="-122.52353">
        <ele>12.2</ele>
      </trkpt>
      <trkpt lat="37.83057" lon="-122.52344">
        <ele>11.2</ele>
      </trkpt>
      <trkpt lat="37.83063" lon="-122.52338">
        <ele>10.7</ele>
      </trkpt>
      <trkpt lat="37.83075" lon="-122.52327">
        <ele>10.1</ele>
      </trkpt>
      <trkpt lat="37.83087" lon="-122.52321">
        <ele>10.3</ele>
      </trkpt>
      <trkpt lat="37.83094" lon="-122.5232">
        <ele>10.2</ele>
      </trkpt>
      <trkpt lat="37.83106" lon="-122.5232">
        <ele>9.2</ele>
      </trkpt>
      <trkpt lat="37.83111" lon="-122.52321">
        <ele>8.9</ele>
      </trkpt>
      <trkpt lat="37.83122" lon="-122.52328">
        <ele>8.0</ele>
      </trkpt>
      <trkpt lat="37.83138" lon="-122.52341">
        <ele>8.1</ele>
      </trkpt>
      <trkpt lat="37.83144" lon="-122.52332">
        <ele>7.9</ele>
      </trkpt>
      <trkpt lat="37.83157" lon="-122.52318">
        <ele>7.9</ele>
      </trkpt>
      <trkpt lat="37.83165" lon="-122.52311">
        <ele>8.7</ele>
      </trkpt>
      <trkpt lat="37.83175" lon="-122.52304">
        <ele>9.2</ele>
      </trkpt>
      <trkpt lat="37.83186" lon="-122.52299">
        <ele>9.3</ele>
      </trkpt>
      <trkpt lat="37.83197" lon="-122.52295">
        <ele>9.5</ele>
      </trkpt>
      <trkpt lat="37.83252" lon="-122.52281">
        <ele>8.1</ele>
      </trkpt>
      <trkpt lat="37.83259" lon="-122.52279">
        <ele>7.1</ele>
      </trkpt>
      <trkpt lat="37.8327" lon="-122.52273">
        <ele>6.1</ele>
      </trkpt>
      <trkpt lat="37.83282" lon="-122.52263">
        <ele>4.8</ele>
      </trkpt>
      <trkpt lat="37.83294" lon="-122.52249">
        <ele>4.4</ele>
      </trkpt>
      <trkpt lat="37.83304" lon="-122.52234">
        <ele>3.3</ele>
      </trkpt>
      <trkpt lat="37.83315" lon="-122.5221">
        <ele>3.0</ele>
      </trkpt>
      <trkpt lat="37.83318" lon="-122.52199">
        <ele>3.7</ele>
      </trkpt>
      <trkpt lat="37.83318" lon="-122.52199">
        <ele>3.7</ele>
      </trkpt>
      <trkpt lat="37.83318" lon="-122.52199">
        <ele>3.7</ele>
      </trkpt>
      <trkpt lat="37.83322" lon="-122.52186">
        <ele>3.9</ele>
      </trkpt>
      <trkpt lat="37.83326" lon="-122.52167">
        <ele>4.1</ele>
      </trkpt>
      <trkpt lat="37.83327" lon="-122.52146">
        <ele>5.1</ele>
      </trkpt>
      <trkpt lat="37.83327" lon="-122.521">
        <ele>5.7</ele>
      </trkpt>
      <trkpt lat="37.83324" lon="-122.52049">
        <ele>8.5</ele>
      </trkpt>
      <trkpt lat="37.83316" lon="-122.51975">
        <ele>9.3</ele>
      </trkpt>
      <trkpt lat="37.83309" lon="-122.51902">
        <ele>8.9</ele>
      </trkpt>
      <trkpt lat="37.83305" lon="-122.51879">
        <ele>9.0</ele>
      </trkpt>
      <trkpt lat="37.83297" lon="-122.51842">
        <ele>9.8</ele>
      </trkpt>
      <trkpt lat="37.83266" lon="-122.51748">
        <ele>18.6</ele>
      </trkpt>
      <trkpt lat="37.83258" lon="-122.51728">
        <ele>19.1</ele>
      </trkpt>
      <trkpt lat="37.83246" lon="-122.51707">
        <ele>20.0</ele>
      </trkpt>
      <trkpt lat="37.83216" lon="-122.51663">
        <ele>21.9</ele>
      </trkpt>
      <trkpt lat="37.83204" lon="-122.51642">
        <ele>22.4</ele>
      </trkpt>
      <trkpt lat="37.8319" lon="-122.51606">
        <ele>22.7</ele>
      </trkpt>
      <trkpt lat="37.83183" lon="-122.51572">
        <ele>21.9</ele>
      </trkpt>
      <trkpt lat="37.83174" lon="-122.51474">
        <ele>21.7</ele>
      </trkpt>
      <trkpt lat="37.83165" lon="-122.51391">
        <ele>25.5</ele>
      </trkpt>
      <trkpt lat="37.83163" lon="-122.51364">
        <ele>27.7</ele>
      </trkpt>
      <trkpt lat="37.83163" lon="-122.51337">
        <ele>29.4</ele>
      </trkpt>
      <trkpt lat="37.83164" lon="-122.51311">
        <ele>30.7</ele>
      </trkpt>
      <trkpt lat="37.83167" lon="-122.51275">
        <ele>32.6</ele>
      </trkpt>
      <trkpt lat="37.83171" lon="-122.51248">
        <ele>32.6</ele>
      </trkpt>
      <trkpt lat="37.83176" lon="-122.51223">
        <ele>32.8</ele>
      </trkpt>
      <trkpt lat="37.83183" lon="-122.51198">
        <ele>32.6</ele>
      </trkpt>
      <trkpt lat="37.83191" lon="-122.51174">
        <ele>32.0</ele>
      </trkpt>
      <trkpt lat="37.83223" lon="-122.51085">
        <ele>32.0</ele>
      </trkpt>
      <trkpt lat="37.83256" lon="-122.50997">
        <ele>33.3</ele>
      </trkpt>
      <trkpt lat="37.83289" lon="-122.50908">
        <ele>32.5</ele>
      </trkpt>
      <trkpt lat="37.83322" lon="-122.5082">
        <ele>39.5</ele>
      </trkpt>
      <trkpt lat="37.83355" lon="-122.50731">
        <ele>41.7</ele>
      </trkpt>
      <trkpt lat="37.83364" lon="-122.507">
        <ele>42.3</ele>
      </trkpt>
      <trkpt lat="37.83367" lon="-122.50686">
        <ele>42.5</ele>
      </trkpt>
      <trkpt lat="37.8337" lon="-122.50659">
        <ele>43.0</ele>
      </trkpt>
      <trkpt lat="37.83377" lon="-122.5055">
        <ele>51.0</ele>
      </trkpt>
      <trkpt lat="37.8338" lon="-122.50532">
        <ele>51.4</ele>
      </trkpt>
      <trkpt lat="37.83384" lon="-122.50516">
        <ele>51.4</ele>
      </trkpt>
      <trkpt lat="37.83392" lon="-122.50498">
        <ele>51.0</ele>
      </trkpt>
      <trkpt lat="37.83402" lon="-122.50481">
        <ele>50.8</ele>
      </trkpt>
      <trkpt lat="37.83407" lon="-122.50474">
        <ele>50.7</ele>
      </trkpt>
      <trkpt lat="37.83413" lon="-122.50467">
        <ele>50.8</ele>
      </trkpt>
      <trkpt lat="37.83425" lon="-122.50457">
        <ele>51.0</ele>
      </trkpt>
      <trkpt lat="37.83445" lon="-122.50445">
        <ele>51.3</ele>
      </trkpt>
      <trkpt lat="37.83494" lon="-122.50421">
        <ele>52.3</ele>
      </trkpt>
      <trkpt lat="37.83543" lon="-122.50396">
        <ele>51.5</ele>
      </trkpt>
      <trkpt lat="37.8356" lon="-122.50384">
        <ele>52.0</ele>
      </trkpt>
      <trkpt lat="37.83585" lon="-122.50361">
        <ele>53.7</ele>
      </trkpt>
      <trkpt lat="37.8361" lon="-122.50331">
        <ele>54.2</ele>
      </trkpt>
      <trkpt lat="37.83623" lon="-122.50314">
        <ele>54.5</ele>
      </trkpt>
      <trkpt lat="37.83631" lon="-122.50302">
        <ele>54.7</ele>
      </trkpt>
      <trkpt lat="37.83641" lon="-122.50278">
        <ele>55.3</ele>
      </trkpt>
      <trkpt lat="37.83656" lon="-122.50222">
        <ele>56.0</ele>
      </trkpt>
      <trkpt lat="37.83671" lon="-122.50165">
        <ele>56.0</ele>
      </trkpt>
      <trkpt lat="37.8368" lon="-122.50145">
        <ele>55.7</ele>
      </trkpt>
      <trkpt lat="37.83697" lon="-122.50116">
        <ele>56.4</ele>
      </trkpt>
      <trkpt lat="37.83739" lon="-122.50058">
        <ele>63.0</ele>
      </trkpt>
      <trkpt lat="37.83781" lon="-122.5">
        <ele>63.6</ele>
      </trkpt>
      <trkpt lat="37.83823" lon="-122.49942">
        <ele>65.5</ele>
      </trkpt>
      <trkpt lat="37.83843" lon="-122.49918">
        <ele>69.8</ele>
      </trkpt>
      <trkpt lat="37.83851" lon="-122.49908">
        <ele>70.9</ele>
      </trkpt>
      <trkpt lat="37.83873" lon="-122.49893">
        <ele>71.6</ele>
      </trkpt>
      <trkpt lat="37.83894" lon="-122.49879">
        <ele>72.1</ele>
      </trkpt>
      <trkpt lat="37.8391" lon="-122.49868">
        <ele>73.4</ele>
      </trkpt>
      <trkpt lat="37.83929" lon="-122.49854">
        <ele>75.9</ele>
      </trkpt>
      <trkpt lat="37.83942" lon="-122.49842">
        <ele>79.4</ele>
      </trkpt>
      <trkpt lat="37.83984" lon="-122.49797">
        <ele>80.5</ele>
      </trkpt>
      <trkpt lat="37.84027" lon="-122.4975">
        <ele>82.9</ele>
      </trkpt>
      <trkpt lat="37.8404" lon="-122.49732">
        <ele>87.2</ele>
      </trkpt>
      <trkpt lat="37.84047" lon="-122.49722">
        <ele>87.8</ele>
      </trkpt>
      <trkpt lat="37.84054" lon="-122.4971">
        <ele>87.8</ele>
      </trkpt>
      <trkpt lat="37.84077" lon="-122.49659">
        <ele>87.7</ele>
      </trkpt>
      <trkpt lat="37.841" lon="-122.49609">
        <ele>87.4</ele>
      </trkpt>
      <trkpt lat="37.84124" lon="-122.49562">
        <ele>88.2</ele>
      </trkpt>
      <trkpt lat="37.8414" lon="-122.49534">
        <ele>90.2</ele>
      </trkpt>
      <trkpt lat="37.84195" lon="-122.49449">
        <ele>96.0</ele>
      </trkpt>
      <trkpt lat="37.84202" lon="-122.49436">
        <ele>96.4</ele>
      </trkpt>
      <trkpt lat="37.84207" lon="-122.49421">
        <ele>96.6</ele>
      </trkpt>
      <trkpt lat="37.8421" lon="-122.49407">
        <ele>96.6</ele>
      </trkpt>
      <trkpt lat="37.84209" lon="-122.4939">
        <ele>97.1</ele>
      </trkpt>
      <trkpt lat="37.84206" lon="-122.49378">
        <ele>97.7</ele>
      </trkpt>
      <trkpt lat="37.84203" lon="-122.49367">
        <ele>98.1</ele>
      </trkpt>
      <trkpt lat="37.84186" lon="-122.49325">
        <ele>96.8</ele>
      </trkpt>
      <trkpt lat="37.84152" lon="-122.49238">
        <ele>94.3</ele>
      </trkpt>
      <trkpt lat="37.84119" lon="-122.49151">
        <ele>91.8</ele>
      </trkpt>
      <trkpt lat="37.84085" lon="-122.49064">
        <ele>89.3</ele>
      </trkpt>
      <trkpt lat="37.84051" lon="-122.48976">
        <ele>86.8</ele>
      </trkpt>
      <trkpt lat="37.84017" lon="-122.48889">
        <ele>84.3</ele>
      </trkpt>
      <trkpt lat="37.83984" lon="-122.48802">
        <ele>81.8</ele>
      </trkpt>
      <trkpt lat="37.83956" lon="-122.48731">
        <ele>79.7</ele>
      </trkpt>
      <trkpt lat="37.83929" lon="-122.4866">
        <ele>77.7</ele>
      </trkpt>
      <trkpt lat="37.83902" lon="-122.4859">
        <ele>75.7</ele>
      </trkpt>
      <trkpt lat="37.83896" lon="-122.48567">
        <ele>75.1</ele>
      </trkpt>
      <trkpt lat="37.8389" lon="-122.48524">
        <ele>74.0</ele>
      </trkpt>
      <trkpt lat="37.83888" lon="-122.48509">
        <ele>73.2</ele>
      </trkpt>
      <trkpt lat="37.83885" lon="-122.48495">
        <ele>71.7</ele>
      </trkpt>
      <trkpt lat="37.83873" lon="-122.48459">
        <ele>67.4</ele>
      </trkpt>
      <trkpt lat="37.83857" lon="-122.48423">
        <ele>66.3</ele>
      </trkpt>
      <trkpt lat="37.83836" lon="-122.48388">
        <ele>65.2</ele>
      </trkpt>
      <trkpt lat="37.83824" lon="-122.48369">
        <ele>62.8</ele>
      </trkpt>
      <trkpt lat="37.83814" lon="-122.48356">
        <ele>63.0</ele>
      </trkpt>
      <trkpt lat="37.8379" lon="-122.48328">
        <ele>66.5</ele>
      </trkpt>
      <trkpt lat="37.83787" lon="-122.48319">
        <ele>66.4</ele>
      </trkpt>
      <trkpt lat="37.83787" lon="-122.48304">
        <ele>64.8</ele>
      </trkpt>
      <trkpt lat="37.83738" lon="-122.483">
        <ele>73.5</ele>
      </trkpt>
      <trkpt lat="37.83717" lon="-122.483">
        <ele>74.7</ele>
      </trkpt>
      <trkpt lat="37.83708" lon="-122.48302">
        <ele>74.7</ele>
      </trkpt>
      <trkpt lat="37.83693" lon="-122.48307">
        <ele>74.5</ele>
      </trkpt>
      <trkpt lat="37.83679" lon="-122.48314">
        <ele>75.4</ele>
      </trkpt>
      <trkpt lat="37.83663" lon="-122.48324">
        <ele>81.8</ele>
      </trkpt>
      <trkpt lat="37.83649" lon="-122.48334">
        <ele>83.0</ele>
      </trkpt>
      <trkpt lat="37.83637" lon="-122.48346">
        <ele>83.1</ele>
      </trkpt>
      <trkpt lat="37.83629" lon="-122.48355">
        <ele>82.9</ele>
      </trkpt>
      <trkpt lat="37.83621" lon="-122.48366">
        <ele>82.8</ele>
      </trkpt>
      <trkpt lat="37.83608" lon="-122.4839">
        <ele>81.9</ele>
      </trkpt>
      <trkpt lat="37.83576" lon="-122.48453">
        <ele>82.6</ele>
      </trkpt>
      <trkpt lat="37.83565" lon="-122.48469">
        <ele>82.8</ele>
      </trkpt>
      <trkpt lat="37.83558" lon="-122.48478">
        <ele>83.0</ele>
      </trkpt>
      <trkpt lat="37.8355" lon="-122.48486">
        <ele>83.1</ele>
      </trkpt>
      <trkpt lat="37.83539" lon="-122.48494">
        <ele>83.3</ele>
      </trkpt>
      <trkpt lat="37.83524" lon="-122.48499">
        <ele>83.5</ele>
      </trkpt>
      <trkpt lat="37.83508" lon="-122.48501">
        <ele>83.4</ele>
      </trkpt>
      <trkpt lat="37.83494" lon="-122.485">
        <ele>83.3</ele>
      </trkpt>
      <trkpt lat="37.8348" lon="-122.48496">
        <ele>83.1</ele>
      </trkpt>
      <trkpt lat="37.83466" lon="-122.48488">
        <ele>83.2</ele>
      </trkpt>
      <trkpt lat="37.83454" lon="-122.48479">
        <ele>83.2</ele>
      </trkpt>
      <trkpt lat="37.83442" lon="-122.48464">
        <ele>83.3</ele>
      </trkpt>
      <trkpt lat="37.83418" lon="-122.48421">
        <ele>82.9</ele>
      </trkpt>
      <trkpt lat="37.83379" lon="-122.48363">
        <ele>82.1</ele>
      </trkpt>
      <trkpt lat="37.83371" lon="-122.48371">
        <ele>83.1</ele>
      </trkpt>
      <trkpt lat="37.83367" lon="-122.48373">
        <ele>83.3</ele>
      </trkpt>
      <trkpt lat="37.83362" lon="-122.48375">
        <ele>83.6</ele>
      </trkpt>
      <trkpt lat="37.83358" lon="-122.48374">
        <ele>83.8</ele>
      </trkpt>
      <trkpt lat="37.83351" lon="-122.48371">
        <ele>84.1</ele>
      </trkpt>
      <trkpt lat="37.83324" lon="-122.48349">
        <ele>85.6</ele>
      </trkpt>
      <trkpt lat="37.83321" lon="-122.48332">
        <ele>86.7</ele>
      </trkpt>
      <trkpt lat="37.8332" lon="-122.48324">
        <ele>86.4</ele>
      </trkpt>
      <trkpt lat="37.83316" lon="-122.48317">
        <ele>85.9</ele>
      </trkpt>
      <trkpt lat="37.83307" lon="-122.48301">
        <ele>83.7</ele>
      </trkpt>
      <trkpt lat="37.83303" lon="-122.48293">
        <ele>82.8</ele>
      </trkpt>
      <trkpt lat="37.83299" lon="-122.48284">
        <ele>82.0</ele>
      </trkpt>
      <trkpt lat="37.83291" lon="-122.48247">
        <ele>78.4</ele>
      </trkpt>
      <trkpt lat="37.83288" lon="-122.4824">
        <ele>78.0</ele>
      </trkpt>
      <trkpt lat="37.83284" lon="-122.48232">
        <ele>77.4</ele>
      </trkpt>
      <trkpt lat="37.8328" lon="-122.48216">
        <ele>76.4</ele>
      </trkpt>
      <trkpt lat="37.83258" lon="-122.48177">
        <ele>76.5</ele>
      </trkpt>
      <trkpt lat="37.83258" lon="-122.48177">
        <ele>76.5</ele>
      </trkpt>
      <trkpt lat="37.83258" lon="-122.48177">
        <ele>76.5</ele>
      </trkpt>
      <trkpt lat="37.83247" lon="-122.48157">
        <ele>74.3</ele>
      </trkpt>
      <trkpt lat="37.83249" lon="-122.48148">
        <ele>73.3</ele>
      </trkpt>
      <trkpt lat="37.83248" lon="-122.48139">
        <ele>72.7</ele>
      </trkpt>
      <trkpt lat="37.83246" lon="-122.4813">
        <ele>72.2</ele>
      </trkpt>
      <trkpt lat="37.83242" lon="-122.48119">
        <ele>71.3</ele>
      </trkpt>
      <trkpt lat="37.83238" lon="-122.48112">
        <ele>70.6</ele>
      </trkpt>
      <trkpt lat="37.83226" lon="-122.48095">
        <ele>70.5</ele>
      </trkpt>
      <trkpt lat="37.83201" lon="-122.4807">
        <ele>70.3</ele>
      </trkpt>
      <trkpt lat="37.83191" lon="-122.4806">
        <ele>70.2</ele>
      </trkpt>
      <trkpt lat="37.83169" lon="-122.48042">
        <ele>70.1</ele>
      </trkpt>
      <trkpt lat="37.83145" lon="-122.48027">
        <ele>70.0</ele>
      </trkpt>
      <trkpt lat="37.83133" lon="-122.4802">
        <ele>69.9</ele>
      </trkpt>
      <trkpt lat="37.83109" lon="-122.48009">
        <ele>69.8</ele>
      </trkpt>
      <trkpt lat="37.83083" lon="-122.48002">
        <ele>69.6</ele>
      </trkpt>
      <trkpt lat="37.83058" lon="-122.47997">
        <ele>69.5</ele>
      </trkpt>
      <trkpt lat="37.82975" lon="-122.47987">
        <ele>69.1</ele>
      </trkpt>
      <trkpt lat="37.82891" lon="-122.47977">
        <ele>68.6</ele>
      </trkpt>
      <trkpt lat="37.82808" lon="-122.47967">
        <ele>68.2</ele>
      </trkpt>
      <trkpt lat="37.82725" lon="-122.47957">
        <ele>67.8</ele>
      </trkpt>
      <trkpt lat="37.82641" lon="-122.47947">
        <ele>67.4</ele>
      </trkpt>
      <trkpt lat="37.82558" lon="-122.47938">
        <ele>66.9</ele>
      </trkpt>
      <trkpt lat="37.82557" lon="-122.47941">
        <ele>66.9</ele>
      </trkpt>
      <trkpt lat="37.82556" lon="-122.47943">
        <ele>66.9</ele>
      </trkpt>
      <trkpt lat="37.82549" lon="-122.47945">
        <ele>66.9</ele>
      </trkpt>
      <trkpt lat="37.82543" lon="-122.47943">
        <ele>66.9</ele>
      </trkpt>
      <trkpt lat="37.82541" lon="-122.4794">
        <ele>66.8</ele>
      </trkpt>
      <trkpt lat="37.82541" lon="-122.47935">
        <ele>66.8</ele>
      </trkpt>
      <trkpt lat="37.82453" lon="-122.47925">
        <ele>66.4</ele>
      </trkpt>
      <trkpt lat="37.82366" lon="-122.47915">
        <ele>65.9</ele>
      </trkpt>
      <trkpt lat="37.82279" lon="-122.47905">
        <ele>65.5</ele>
      </trkpt>
      <trkpt lat="37.82192" lon="-122.47895">
        <ele>65.0</ele>
      </trkpt>
      <trkpt lat="37.82105" lon="-122.47885">
        <ele>64.6</ele>
      </trkpt>
      <trkpt lat="37.82018" lon="-122.47874">
        <ele>64.1</ele>
      </trkpt>
      <trkpt lat="37.81931" lon="-122.47864">
        <ele>63.7</ele>
      </trkpt>
      <trkpt lat="37.81844" lon="-122.47854">
        <ele>63.3</ele>
      </trkpt>
      <trkpt lat="37.81756" lon="-122.47844">
        <ele>62.8</ele>
      </trkpt>
      <trkpt lat="37.81669" lon="-122.47834">
        <ele>62.4</ele>
      </trkpt>
      <trkpt lat="37.81582" lon="-122.47824">
        <ele>61.9</ele>
      </trkpt>
      <trkpt lat="37.81495" lon="-122.47814">
        <ele>61.5</ele>
      </trkpt>
      <trkpt lat="37.81408" lon="-122.47803">
        <ele>61.0</ele>
      </trkpt>
      <trkpt lat="37.81407" lon="-122.47809">
        <ele>61.0</ele>
      </trkpt>
      <trkpt lat="37.81404" lon="-122.47811">
        <ele>61.0</ele>
      </trkpt>
      <trkpt lat="37.81401" lon="-122.47811">
        <ele>61.0</ele>
      </trkpt>
      <trkpt lat="37.81395" lon="-122.47809">
        <ele>60.9</ele>
      </trkpt>
      <trkpt lat="37.81392" lon="-122.47806">
        <ele>60.9</ele>
      </trkpt>
      <trkpt lat="37.81392" lon="-122.47802">
        <ele>60.9</ele>
      </trkpt>
      <trkpt lat="37.81306" lon="-122.47792">
        <ele>60.5</ele>
      </trkpt>
      <trkpt lat="37.81221" lon="-122.47782">
        <ele>60.0</ele>
      </trkpt>
      <trkpt lat="37.81135" lon="-122.47772">
        <ele>59.6</ele>
      </trkpt>
      <trkpt lat="37.81049" lon="-122.47761">
        <ele>59.1</ele>
      </trkpt>
      <trkpt lat="37.80963" lon="-122.47751">
        <ele>58.7</ele>
      </trkpt>
      <trkpt lat="37.80941" lon="-122.47747">
        <ele>58.6</ele>
      </trkpt>
      <trkpt lat="37.80919" lon="-122.47741">
        <ele>58.5</ele>
      </trkpt>
      <trkpt lat="37.80908" lon="-122.47737">
        <ele>58.4</ele>
      </trkpt>
      <trkpt lat="37.80883" lon="-122.47725">
        <ele>58.3</ele>
      </trkpt>
      <trkpt lat="37.80859" lon="-122.47711">
        <ele>58.2</ele>
      </trkpt>
      <trkpt lat="37.80848" lon="-122.47703">
        <ele>58.1</ele>
      </trkpt>
      <trkpt lat="37.80801" lon="-122.47665">
        <ele>57.8</ele>
      </trkpt>
      <trkpt lat="37.80797" lon="-122.47662">
        <ele>57.8</ele>
      </trkpt>
      <trkpt lat="37.8079" lon="-122.47676">
        <ele>57.7</ele>
      </trkpt>
      <trkpt lat="37.8078" lon="-122.47686">
        <ele>57.7</ele>
      </trkpt>
      <trkpt lat="37.8078" lon="-122.4769">
        <ele>56.9</ele>
      </trkpt>
      <trkpt lat="37.80783" lon="-122.47695">
        <ele>55.8</ele>
      </trkpt>
      <trkpt lat="37.80788" lon="-122.47698">
        <ele>54.4</ele>
      </trkpt>
      <trkpt lat="37.80795" lon="-122.47698">
        <ele>53.1</ele>
      </trkpt>
      <trkpt lat="37.80801" lon="-122.47694">
        <ele>53.0</ele>
      </trkpt>
      <trkpt lat="37.80807" lon="-122.47686">
        <ele>52.6</ele>
      </trkpt>
      <trkpt lat="37.80811" lon="-122.47676">
        <ele>51.7</ele>
      </trkpt>
      <trkpt lat="37.80817" lon="-122.47665">
        <ele>50.8</ele>
      </trkpt>
      <trkpt lat="37.80835" lon="-122.47635">
        <ele>50.8</ele>
      </trkpt>
      <trkpt lat="37.80856" lon="-122.47602">
        <ele>46.6</ele>
      </trkpt>
      <trkpt lat="37.8086" lon="-122.47592">
        <ele>43.9</ele>
      </trkpt>
      <trkpt lat="37.80864" lon="-122.47579">
        <ele>40.9</ele>
      </trkpt>
      <trkpt lat="37.80864" lon="-122.47571">
        <ele>40.6</ele>
      </trkpt>
      <trkpt lat="37.80864" lon="-122.47563">
        <ele>40.4</ele>
      </trkpt>
      <trkpt lat="37.80861" lon="-122.47553">
        <ele>41.0</ele>
      </trkpt>
      <trkpt lat="37.80859" lon="-122.47547">
        <ele>41.3</ele>
      </trkpt>
      <trkpt lat="37.80854" lon="-122.47541">
        <ele>42.5</ele>
      </trkpt>
      <trkpt lat="37.80849" lon="-122.47536">
        <ele>43.3</ele>
      </trkpt>
      <trkpt lat="37.80843" lon="-122.47533">
        <ele>44.3</ele>
      </trkpt>
      <trkpt lat="37.80832" lon="-122.47528">
        <ele>45.6</ele>
      </trkpt>
      <trkpt lat="37.80826" lon="-122.47523">
        <ele>46.8</ele>
      </trkpt>
      <trkpt lat="37.80823" lon="-122.47519">
        <ele>47.3</ele>
      </trkpt>
      <trkpt lat="37.8082" lon="-122.47513">
        <ele>47.6</ele>
      </trkpt>
      <trkpt lat="37.80817" lon="-122.47474">
        <ele>42.5</ele>
      </trkpt>
      <trkpt lat="37.80806" lon="-122.47436">
        <ele>44.3</ele>
      </trkpt>
      <trkpt lat="37.80797" lon="-122.47399">
        <ele>43.8</ele>
      </trkpt>
      <trkpt lat="37.80788" lon="-122.47376">
        <ele>43.1</ele>
      </trkpt>
      <trkpt lat="37.80779" lon="-122.47358">
        <ele>42.0</ele>
      </trkpt>
      <trkpt lat="37.80772" lon="-122.47346">
        <ele>41.1</ele>
      </trkpt>
      <trkpt lat="37.80738" lon="-122.47304">
        <ele>40.2</ele>
      </trkpt>
      <trkpt lat="37.80696" lon="-122.47241">
        <ele>39.9</ele>
      </trkpt>
      <trkpt lat="37.80691" lon="-122.4724">
        <ele>40.2</ele>
      </trkpt>
      <trkpt lat="37.80686" lon="-122.47223">
        <ele>39.7</ele>
      </trkpt>
      <trkpt lat="37.80682" lon="-122.47214">
        <ele>39.7</ele>
      </trkpt>
      <trkpt lat="37.80644" lon="-122.47153">
        <ele>36.7</ele>
      </trkpt>
      <trkpt lat="37.8064" lon="-122.47144">
        <ele>35.8</ele>
      </trkpt>
      <trkpt lat="37.80633" lon="-122.47129">
        <ele>34.7</ele>
      </trkpt>
      <trkpt lat="37.80604" lon="-122.47039">
        <ele>27.0</ele>
      </trkpt>
      <trkpt lat="37.80595" lon="-122.4702">
        <ele>26.6</ele>
      </trkpt>
      <trkpt lat="37.80587" lon="-122.47011">
        <ele>26.6</ele>
      </trkpt>
      <trkpt lat="37.80579" lon="-122.47005">
        <ele>26.4</ele>
      </trkpt>
      <trkpt lat="37.80573" lon="-122.47">
        <ele>26.3</ele>
      </trkpt>
      <trkpt lat="37.80559" lon="-122.46994">
        <ele>26.2</ele>
      </trkpt>
      <trkpt lat="37.80552" lon="-122.46992">
        <ele>26.1</ele>
      </trkpt>
      <trkpt lat="37.80526" lon="-122.46989">
        <ele>26.3</ele>
      </trkpt>
      <trkpt lat="37.80508" lon="-122.4699">
        <ele>26.8</ele>
      </trkpt>
      <trkpt lat="37.8049" lon="-122.46995">
        <ele>27.5</ele>
      </trkpt>
      <trkpt lat="37.80479" lon="-122.47">
        <ele>28.2</ele>
      </trkpt>
      <trkpt lat="37.80471" lon="-122.47001">
        <ele>28.3</ele>
      </trkpt>
      <trkpt lat="37.80464" lon="-122.47">
        <ele>27.9</ele>
      </trkpt>
      <trkpt lat="37.80449" lon="-122.46995">
        <ele>27.2</ele>
      </trkpt>
      <trkpt lat="37.80435" lon="-122.46985">
        <ele>26.3</ele>
      </trkpt>
      <trkpt lat="37.80429" lon="-122.46979">
        <ele>26.4</ele>
      </trkpt>
      <trkpt lat="37.80404" lon="-122.46942">
        <ele>25.2</ele>
      </trkpt>
      <trkpt lat="37.80399" lon="-122.46936">
        <ele>25.4</ele>
      </trkpt>
      <trkpt lat="37.80393" lon="-122.46932">
        <ele>25.8</ele>
      </trkpt>
      <trkpt lat="37.80381" lon="-122.46926">
        <ele>27.1</ele>
      </trkpt>
      <trkpt lat="37.80349" lon="-122.46914">
        <ele>28.5</ele>
      </trkpt>
      <trkpt lat="37.80329" lon="-122.46904">
        <ele>28.3</ele>
      </trkpt>
      <trkpt lat="37.80319" lon="-122.469">
        <ele>28.5</ele>
      </trkpt>
      <trkpt lat="37.80297" lon="-122.46896">
        <ele>30.0</ele>
      </trkpt>
      <trkpt lat="37.80287" lon="-122.46896">
        <ele>31.5</ele>
      </trkpt>
      <trkpt lat="37.80276" lon="-122.46897">
        <ele>32.9</ele>
      </trkpt>
      <trkpt lat="37.80246" lon="-122.46905">
        <ele>34.3</ele>
      </trkpt>
      <trkpt lat="37.80237" lon="-122.46906">
        <ele>34.3</ele>
      </trkpt>
      <trkpt lat="37.80199" lon="-122.46907">
        <ele>33.5</ele>
      </trkpt>
      <trkpt lat="37.80189" lon="-122.46907">
        <ele>33.3</ele>
      </trkpt>
      <trkpt lat="37.8016" lon="-122.46913">
        <ele>33.8</ele>
      </trkpt>
      <trkpt lat="37.80108" lon="-122.46919">
        <ele>34.8</ele>
      </trkpt>
      <trkpt lat="37.80103" lon="-122.46918">
        <ele>34.9</ele>
      </trkpt>
      <trkpt lat="37.80097" lon="-122.46915">
        <ele>35.0</ele>
      </trkpt>
      <trkpt lat="37.8009" lon="-122.46907">
        <ele>35.0</ele>
      </trkpt>
      <trkpt lat="37.80083" lon="-122.46895">
        <ele>34.7</ele>
      </trkpt>
      <trkpt lat="37.8006" lon="-122.46834">
        <ele>32.0</ele>
      </trkpt>
      <trkpt lat="37.80056" lon="-122.46826">
        <ele>31.7</ele>
      </trkpt>
      <trkpt lat="37.80048" lon="-122.46815">
        <ele>31.9</ele>
      </trkpt>
      <trkpt lat="37.80043" lon="-122.4681">
        <ele>32.3</ele>
      </trkpt>
      <trkpt lat="37.80033" lon="-122.46805">
        <ele>33.2</ele>
      </trkpt>
      <trkpt lat="37.79994" lon="-122.46793">
        <ele>35.2</ele>
      </trkpt>
      <trkpt lat="37.79988" lon="-122.46791">
        <ele>35.5</ele>
      </trkpt>
      <trkpt lat="37.79984" lon="-122.46787">
        <ele>35.5</ele>
      </trkpt>
      <trkpt lat="37.79979" lon="-122.46782">
        <ele>35.6</ele>
      </trkpt>
      <trkpt lat="37.79973" lon="-122.4677">
        <ele>35.4</ele>
      </trkpt>
      <trkpt lat="37.79968" lon="-122.46758">
        <ele>35.1</ele>
      </trkpt>
      <trkpt lat="37.79963" lon="-122.46734">
        <ele>34.4</ele>
      </trkpt>
      <trkpt lat="37.79961" lon="-122.46724">
        <ele>34.3</ele>
      </trkpt>
      <trkpt lat="37.7996" lon="-122.46712">
        <ele>34.1</ele>
      </trkpt>
      <trkpt lat="37.79961" lon="-122.46704">
        <ele>34.2</ele>
      </trkpt>
      <trkpt lat="37.79966" lon="-122.46686">
        <ele>34.6</ele>
      </trkpt>
      <trkpt lat="37.79972" lon="-122.4667">
        <ele>35.1</ele>
      </trkpt>
      <trkpt lat="37.7998" lon="-122.46655">
        <ele>35.4</ele>
      </trkpt>
      <trkpt lat="37.79984" lon="-122.46649">
        <ele>35.5</ele>
      </trkpt>
      <trkpt lat="37.79999" lon="-122.46634">
        <ele>35.5</ele>
      </trkpt>
      <trkpt lat="37.80004" lon="-122.4663">
        <ele>35.3</ele>
      </trkpt>
      <trkpt lat="37.80027" lon="-122.46616">
        <ele>33.8</ele>
      </trkpt>
      <trkpt lat="37.80032" lon="-122.46612">
        <ele>33.6</ele>
      </trkpt>
      <trkpt lat="37.8004" lon="-122.46604">
        <ele>33.3</ele>
      </trkpt>
      <trkpt lat="37.80047" lon="-122.46593">
        <ele>33.2</ele>
      </trkpt>
      <trkpt lat="37.80049" lon="-122.46586">
        <ele>33.3</ele>
      </trkpt>
      <trkpt lat="37.80055" lon="-122.46559">
        <ele>34.0</ele>
      </trkpt>
      <trkpt lat="37.80058" lon="-122.46548">
        <ele>34.5</ele>
      </trkpt>
      <trkpt lat="37.80061" lon="-122.46543">
        <ele>34.5</ele>
      </trkpt>
      <trkpt lat="37.8007" lon="-122.46531">
        <ele>34.6</ele>
      </trkpt>
      <trkpt lat="37.80075" lon="-122.46526">
        <ele>34.6</ele>
      </trkpt>
      <trkpt lat="37.80081" lon="-122.46522">
        <ele>34.5</ele>
      </trkpt>
      <trkpt lat="37.80088" lon="-122.46519">
        <ele>34.3</ele>
      </trkpt>
      <trkpt lat="37.80115" lon="-122.46511">
        <ele>33.9</ele>
      </trkpt>
      <trkpt lat="37.80123" lon="-122.46509">
        <ele>33.4</ele>
      </trkpt>
      <trkpt lat="37.80136" lon="-122.46501">
        <ele>31.9</ele>
      </trkpt>
      <trkpt lat="37.80148" lon="-122.46492">
        <ele>30.6</ele>
      </trkpt>
      <trkpt lat="37.80154" lon="-122.46487">
        <ele>30.2</ele>
      </trkpt>
      <trkpt lat="37.80163" lon="-122.46476">
        <ele>29.5</ele>
      </trkpt>
      <trkpt lat="37.80171" lon="-122.46462">
        <ele>29.1</ele>
      </trkpt>
      <trkpt lat="37.80177" lon="-122.46447">
        <ele>29.0</ele>
      </trkpt>
      <trkpt lat="37.80179" lon="-122.46439">
        <ele>28.9</ele>
      </trkpt>
      <trkpt lat="37.80181" lon="-122.46424">
        <ele>28.8</ele>
      </trkpt>
      <trkpt lat="37.80181" lon="-122.46417">
        <ele>28.8</ele>
      </trkpt>
      <trkpt lat="37.80178" lon="-122.46401">
        <ele>29.0</ele>
      </trkpt>
      <trkpt lat="37.80149" lon="-122.46308">
        <ele>29.6</ele>
      </trkpt>
      <trkpt lat="37.80147" lon="-122.46301">
        <ele>29.5</ele>
      </trkpt>
      <trkpt lat="37.80145" lon="-122.46285">
        <ele>29.5</ele>
      </trkpt>
      <trkpt lat="37.80145" lon="-122.46269">
        <ele>29.4</ele>
      </trkpt>
      <trkpt lat="37.80148" lon="-122.46222">
        <ele>27.9</ele>
      </trkpt>
      <trkpt lat="37.80147" lon="-122.46213">
        <ele>27.4</ele>
      </trkpt>
      <trkpt lat="37.80145" lon="-122.46194">
        <ele>25.8</ele>
      </trkpt>
      <trkpt lat="37.80142" lon="-122.46178">
        <ele>24.6</ele>
      </trkpt>
      <trkpt lat="37.80137" lon="-122.46165">
        <ele>24.8</ele>
      </trkpt>
      <trkpt lat="37.80131" lon="-122.46154">
        <ele>25.2</ele>
      </trkpt>
      <trkpt lat="37.8012" lon="-122.46143">
        <ele>26.3</ele>
      </trkpt>
      <trkpt lat="37.80066" lon="-122.46097">
        <ele>28.0</ele>
      </trkpt>
      <trkpt lat="37.80012" lon="-122.46051">
        <ele>26.1</ele>
      </trkpt>
      <trkpt lat="37.79993" lon="-122.46033">
        <ele>25.1</ele>
      </trkpt>
      <trkpt lat="37.79988" lon="-122.46026">
        <ele>24.9</ele>
      </trkpt>
      <trkpt lat="37.79978" lon="-122.46013">
        <ele>24.5</ele>
      </trkpt>
      <trkpt lat="37.79949" lon="-122.45959">
        <ele>24.2</ele>
      </trkpt>
      <trkpt lat="37.79911" lon="-122.4589">
        <ele>25.7</ele>
      </trkpt>
      <trkpt lat="37.7988" lon="-122.45911">
        <ele>27.8</ele>
      </trkpt>
      <trkpt lat="37.79855" lon="-122.45924">
        <ele>30.0</ele>
      </trkpt>
      <trkpt lat="37.79771" lon="-122.4596">
        <ele>34.2</ele>
      </trkpt>
      <trkpt lat="37.79752" lon="-122.45966">
        <ele>35.5</ele>
      </trkpt>
      <trkpt lat="37.79742" lon="-122.45967">
        <ele>36.2</ele>
      </trkpt>
      <trkpt lat="37.79723" lon="-122.45965">
        <ele>37.8</ele>
      </trkpt>
      <trkpt lat="37.79678" lon="-122.45952">
        <ele>43.2</ele>
      </trkpt>
      <trkpt lat="37.79662" lon="-122.45948">
        <ele>43.7</ele>
      </trkpt>
      <trkpt lat="37.79653" lon="-122.4595">
        <ele>44.4</ele>
      </trkpt>
      <trkpt lat="37.79644" lon="-122.45955">
        <ele>45.7</ele>
      </trkpt>
      <trkpt lat="37.79639" lon="-122.4596">
        <ele>46.8</ele>
      </trkpt>
      <trkpt lat="37.79627" lon="-122.45976">
        <ele>48.9</ele>
      </trkpt>
      <trkpt lat="37.79601" lon="-122.46007">
        <ele>52.3</ele>
      </trkpt>
      <trkpt lat="37.79549" lon="-122.46065">
        <ele>60.6</ele>
      </trkpt>
      <trkpt lat="37.79497" lon="-122.46124">
        <ele>68.9</ele>
      </trkpt>
      <trkpt lat="37.79467" lon="-122.46146">
        <ele>73.6</ele>
      </trkpt>
      <trkpt lat="37.79447" lon="-122.46158">
        <ele>75.7</ele>
      </trkpt>
      <trkpt lat="37.7943" lon="-122.4616">
        <ele>77.5</ele>
      </trkpt>
      <trkpt lat="37.79424" lon="-122.46159">
        <ele>78.4</ele>
      </trkpt>
      <trkpt lat="37.79398" lon="-122.46146">
        <ele>79.6</ele>
      </trkpt>
      <trkpt lat="37.79388" lon="-122.46142">
        <ele>79.9</ele>
      </trkpt>
      <trkpt lat="37.79377" lon="-122.46139">
        <ele>80.6</ele>
      </trkpt>
      <trkpt lat="37.79333" lon="-122.4614">
        <ele>87.0</ele>
      </trkpt>
      <trkpt lat="37.7931" lon="-122.46137">
        <ele>87.9</ele>
      </trkpt>
      <trkpt lat="37.79291" lon="-122.46127">
        <ele>88.6</ele>
      </trkpt>
      <trkpt lat="37.79285" lon="-122.46123">
        <ele>88.8</ele>
      </trkpt>
      <trkpt lat="37.79273" lon="-122.4611">
        <ele>89.0</ele>
      </trkpt>
      <trkpt lat="37.79262" lon="-122.46093">
        <ele>88.8</ele>
      </trkpt>
      <trkpt lat="37.79256" lon="-122.46079">
        <ele>88.6</ele>
      </trkpt>
      <trkpt lat="37.79249" lon="-122.46055">
        <ele>88.4</ele>
      </trkpt>
      <trkpt lat="37.79246" lon="-122.46025">
        <ele>88.3</ele>
      </trkpt>
      <trkpt lat="37.79244" lon="-122.45997">
        <ele>88.1</ele>
      </trkpt>
      <trkpt lat="37.79242" lon="-122.45984">
        <ele>88.1</ele>
      </trkpt>
      <trkpt lat="37.79237" lon="-122.45972">
        <ele>88.3</ele>
      </trkpt>
      <trkpt lat="37.79207" lon="-122.45901">
        <ele>87.2</ele>
      </trkpt>
      <trkpt lat="37.79202" lon="-122.45893">
        <ele>87.4</ele>
      </trkpt>
      <trkpt lat="37.79196" lon="-122.45887">
        <ele>87.9</ele>
      </trkpt>
      <trkpt lat="37.79191" lon="-122.45884">
        <ele>88.3</ele>
      </trkpt>
      <trkpt lat="37.79186" lon="-122.45882">
        <ele>88.5</ele>
      </trkpt>
      <trkpt lat="37.7917" lon="-122.45882">
        <ele>89.3</ele>
      </trkpt>
      <trkpt lat="37.79125" lon="-122.45889">
        <ele>90.6</ele>
      </trkpt>
      <trkpt lat="37.7911" lon="-122.4589">
        <ele>91.0</ele>
      </trkpt>
      <trkpt lat="37.79097" lon="-122.4589">
        <ele>91.3</ele>
      </trkpt>
      <trkpt lat="37.79073" lon="-122.45885">
        <ele>91.1</ele>
      </trkpt>
      <trkpt lat="37.79037" lon="-122.45868">
        <ele>90.2</ele>
      </trkpt>
      <trkpt lat="37.79024" lon="-122.45866">
        <ele>90.6</ele>
      </trkpt>
      <trkpt lat="37.79016" lon="-122.45867">
        <ele>91.1</ele>
      </trkpt>
      <trkpt lat="37.79008" lon="-122.45869">
        <ele>91.3</ele>
      </trkpt>
      <trkpt lat="37.79004" lon="-122.45874">
        <ele>91.3</ele>
      </trkpt>
      <trkpt lat="37.78997" lon="-122.45888">
        <ele>91.3</ele>
      </trkpt>
      <trkpt lat="37.78982" lon="-122.4593">
        <ele>91.5</ele>
      </trkpt>
      <trkpt lat="37.78973" lon="-122.45945">
        <ele>91.3</ele>
      </trkpt>
      <trkpt lat="37.78969" lon="-122.45949">
        <ele>91.1</ele>
      </trkpt>
      <trkpt lat="37.78966" lon="-122.4595">
        <ele>90.8</ele>
      </trkpt>
      <trkpt lat="37.78902" lon="-122.45946">
        <ele>83.9</ele>
      </trkpt>
      <trkpt lat="37.78839" lon="-122.45941">
        <ele>76.3</ele>
      </trkpt>
      <trkpt lat="37.78751" lon="-122.45934">
        <ele>70.7</ele>
      </trkpt>
      <trkpt lat="37.78663" lon="-122.45928">
        <ele>66.8</ele>
      </trkpt>
      <trkpt lat="37.78577" lon="-122.45921">
        <ele>63.9</ele>
      </trkpt>
      <trkpt lat="37.78491" lon="-122.45915">
        <ele>61.4</ele>
      </trkpt>
      <trkpt lat="37.78404" lon="-122.45909">
        <ele>60.5</ele>
      </trkpt>
      <trkpt lat="37.78318" lon="-122.45903">
        <ele>61.3</ele>
      </trkpt>
      <trkpt lat="37.78232" lon="-122.45897">
        <ele>63.0</ele>
      </trkpt>
      <trkpt lat="37.78146" lon="-122.45891">
        <ele>64.2</ele>
      </trkpt>
      <trkpt lat="37.78059" lon="-122.45885">
        <ele>66.5</ele>
      </trkpt>
      <trkpt lat="37.77973" lon="-122.45879">
        <ele>67.2</ele>
      </trkpt>
      <trkpt lat="37.77895" lon="-122.45873">
        <ele>67.1</ele>
      </trkpt>
      <trkpt lat="37.77818" lon="-122.45867">
        <ele>66.7</ele>
      </trkpt>
      <trkpt lat="37.7774" lon="-122.45862">
        <ele>66.8</ele>
      </trkpt>
      <trkpt lat="37.77663" lon="-122.45856">
        <ele>67.6</ele>
      </trkpt>
      <trkpt lat="37.77585" lon="-122.4585">
        <ele>69.3</ele>
      </trkpt>
      <trkpt lat="37.77507" lon="-122.45845">
        <ele>72.1</ele>
      </trkpt>
      <trkpt lat="37.7743" lon="-122.45839">
        <ele>75.2</ele>
      </trkpt>
      <trkpt lat="37.7742" lon="-122.45838">
        <ele>75.6</ele>
      </trkpt>
      <trkpt lat="37.7741" lon="-122.45839">
        <ele>76.1</ele>
      </trkpt>
      <trkpt lat="37.7741" lon="-122.45839">
        <ele>76.1</ele>
      </trkpt>
      <trkpt lat="37.77407" lon="-122.45839">
        <ele>76.3</ele>
      </trkpt>
      <trkpt lat="37.77396" lon="-122.45843">
        <ele>76.7</ele>
      </trkpt>
      <trkpt lat="37.7739" lon="-122.45847">
        <ele>77.2</ele>
      </trkpt>
      <trkpt lat="37.77379" lon="-122.45856">
        <ele>79.0</ele>
      </trkpt>
      <trkpt lat="37.77344" lon="-122.45889">
        <ele>84.4</ele>
      </trkpt>
      <trkpt lat="37.7733" lon="-122.45901">
        <ele>86.7</ele>
      </trkpt>
      <trkpt lat="37.77323" lon="-122.45904">
        <ele>87.4</ele>
      </trkpt>
      <trkpt lat="37.77346" lon="-122.4581">
        <ele>87.2</ele>
      </trkpt>
      <trkpt lat="37.77352" lon="-122.45781">
        <ele>89.1</ele>
      </trkpt>
      <trkpt lat="37.77358" lon="-122.45752">
        <ele>90.8</ele>
      </trkpt>
      <trkpt lat="37.77362" lon="-122.45719">
        <ele>91.3</ele>
      </trkpt>
      <trkpt lat="37.77362" lon="-122.45708">
        <ele>91.1</ele>
      </trkpt>
      <trkpt lat="37.77359" lon="-122.45684">
        <ele>90.6</ele>
      </trkpt>
      <trkpt lat="37.77357" lon="-122.45672">
        <ele>90.6</ele>
      </trkpt>
      <trkpt lat="37.77351" lon="-122.45651">
        <ele>90.9</ele>
      </trkpt>
      <trkpt lat="37.77346" lon="-122.45636">
        <ele>91.0</ele>
      </trkpt>
      <trkpt lat="37.7734" lon="-122.45623">
        <ele>91.0</ele>
      </trkpt>
      <trkpt lat="37.77332" lon="-122.45614">
        <ele>90.5</ele>
      </trkpt>
      <trkpt lat="37.77327" lon="-122.45608">
        <ele>90.2</ele>
      </trkpt>
      <trkpt lat="37.77313" lon="-122.45596">
        <ele>88.8</ele>
      </trkpt>
      <trkpt lat="37.77292" lon="-122.4558">
        <ele>85.8</ele>
      </trkpt>
      <trkpt lat="37.77273" lon="-122.45571">
        <ele>83.8</ele>
      </trkpt>
      <trkpt lat="37.77265" lon="-122.45568">
        <ele>83.7</ele>
      </trkpt>
      <trkpt lat="37.77256" lon="-122.45568">
        <ele>83.6</ele>
      </trkpt>
      <trkpt lat="37.77251" lon="-122.45571">
        <ele>83.5</ele>
      </trkpt>
      <trkpt lat="37.77241" lon="-122.45578">
        <ele>83.0</ele>
      </trkpt>
      <trkpt lat="37.77236" lon="-122.45583">
        <ele>82.5</ele>
      </trkpt>
      <trkpt lat="37.77198" lon="-122.4563">
        <ele>83.0</ele>
      </trkpt>
      <trkpt lat="37.77161" lon="-122.45677">
        <ele>80.0</ele>
      </trkpt>
      <trkpt lat="37.77157" lon="-122.45681">
        <ele>79.8</ele>
      </trkpt>
      <trkpt lat="37.77148" lon="-122.45684">
        <ele>79.8</ele>
      </trkpt>
      <trkpt lat="37.77137" lon="-122.45683">
        <ele>78.7</ele>
      </trkpt>
      <trkpt lat="37.77111" lon="-122.45686">
        <ele>76.6</ele>
      </trkpt>
      <trkpt lat="37.771" lon="-122.45689">
        <ele>76.3</ele>
      </trkpt>
      <trkpt lat="37.77093" lon="-122.45637">
        <ele>75.3</ele>
      </trkpt>
      <trkpt lat="37.77092" lon="-122.45598">
        <ele>74.3</ele>
      </trkpt>
      <trkpt lat="37.77082" lon="-122.45569">
        <ele>74.8</ele>
      </trkpt>
      <trkpt lat="37.7708" lon="-122.4556">
        <ele>75.0</ele>
      </trkpt>
      <trkpt lat="37.77077" lon="-122.45554">
        <ele>75.0</ele>
      </trkpt>
      <trkpt lat="37.77071" lon="-122.4555">
        <ele>75.2</ele>
      </trkpt>
      <trkpt lat="37.77064" lon="-122.45548">
        <ele>75.2</ele>
      </trkpt>
      <trkpt lat="37.77058" lon="-122.45549">
        <ele>75.1</ele>
      </trkpt>
      <trkpt lat="37.77046" lon="-122.45544">
        <ele>75.2</ele>
      </trkpt>
      <trkpt lat="37.77034" lon="-122.45543">
        <ele>75.3</ele>
      </trkpt>
      <trkpt lat="37.77036" lon="-122.45532">
        <ele>75.8</ele>
      </trkpt>
      <trkpt lat="37.77037" lon="-122.45528">
        <ele>76.0</ele>
      </trkpt>
      <trkpt lat="37.77031" lon="-122.45523">
        <ele>76.2</ele>
      </trkpt>
      <trkpt lat="37.77021" lon="-122.45502">
        <ele>76.7</ele>
      </trkpt>
      <trkpt lat="37.77006" lon="-122.4542">
        <ele>77.6</ele>
      </trkpt>
      <trkpt lat="37.77006" lon="-122.45406">
        <ele>77.7</ele>
      </trkpt>
      <trkpt lat="37.77009" lon="-122.45388">
        <ele>78.0</ele>
      </trkpt>
      <trkpt lat="37.77011" lon="-122.45374">
        <ele>78.2</ele>
      </trkpt>
      <trkpt lat="37.77024" lon="-122.45272">
        <ele>78.7</ele>
      </trkpt>
      <trkpt lat="37.77037" lon="-122.45169">
        <ele>78.0</ele>
      </trkpt>
      <trkpt lat="37.7705" lon="-122.45067">
        <ele>78.0</ele>
      </trkpt>
      <trkpt lat="37.77063" lon="-122.44965">
        <ele>77.7</ele>
      </trkpt>
      <trkpt lat="37.77076" lon="-122.44862">
        <ele>77.3</ele>
      </trkpt>
      <trkpt lat="37.77089" lon="-122.4476">
        <ele>76.5</ele>
      </trkpt>
      <trkpt lat="37.77102" lon="-122.44657">
        <ele>76.3</ele>
      </trkpt>
      <trkpt lat="37.77115" lon="-122.44555">
        <ele>77.4</ele>
      </trkpt>
      <trkpt lat="37.77114" lon="-122.44548">
        <ele>77.6</ele>
      </trkpt>
      <trkpt lat="37.77116" lon="-122.44537">
        <ele>77.7</ele>
      </trkpt>
      <trkpt lat="37.77119" lon="-122.44529">
        <ele>77.7</ele>
      </trkpt>
      <trkpt lat="37.77126" lon="-122.4447">
        <ele>78.0</ele>
      </trkpt>
      <trkpt lat="37.77139" lon="-122.44364">
        <ele>78.2</ele>
      </trkpt>
      <trkpt lat="37.77153" lon="-122.44259">
        <ele>78.3</ele>
      </trkpt>
      <trkpt lat="37.77166" lon="-122.44153">
        <ele>77.9</ele>
      </trkpt>
      <trkpt lat="37.7718" lon="-122.44047">
        <ele>74.4</ele>
      </trkpt>
      <trkpt lat="37.77193" lon="-122.43941">
        <ele>71.4</ele>
      </trkpt>
      <trkpt lat="37.77207" lon="-122.43836">
        <ele>66.0</ele>
      </trkpt>
      <trkpt lat="37.7722" lon="-122.4373">
        <ele>59.9</ele>
      </trkpt>
      <trkpt lat="37.77221" lon="-122.43721">
        <ele>59.4</ele>
      </trkpt>
      <trkpt lat="37.77234" lon="-122.43618">
        <ele>53.9</ele>
      </trkpt>
      <trkpt lat="37.77247" lon="-122.43516">
        <ele>50.4</ele>
      </trkpt>
      <trkpt lat="37.7726" lon="-122.43413">
        <ele>51.8</ele>
      </trkpt>
      <trkpt lat="37.77274" lon="-122.43311">
        <ele>54.1</ele>
      </trkpt>
      <trkpt lat="37.77287" lon="-122.43208">
        <ele>58.3</ele>
      </trkpt>
      <trkpt lat="37.773" lon="-122.43106">
        <ele>60.8</ele>
      </trkpt>
      <trkpt lat="37.77313" lon="-122.43003">
        <ele>61.5</ele>
      </trkpt>
      <trkpt lat="37.77326" lon="-122.42901">
        <ele>60.2</ele>
      </trkpt>
      <trkpt lat="37.77325" lon="-122.42897">
        <ele>60.0</ele>
      </trkpt>
      <trkpt lat="37.77326" lon="-122.42885">
        <ele>59.3</ele>
      </trkpt>
      <trkpt lat="37.77328" lon="-122.42883">
        <ele>59.1</ele>
      </trkpt>
      <trkpt lat="37.77341" lon="-122.42779">
        <ele>52.2</ele>
      </trkpt>
      <trkpt lat="37.77354" lon="-122.42676">
        <ele>44.9</ele>
      </trkpt>
      <trkpt lat="37.77367" lon="-122.42572">
        <ele>33.8</ele>
      </trkpt>
      <trkpt lat="37.77378" lon="-122.42492">
        <ele>25.9</ele>
      </trkpt>
      <trkpt lat="37.77388" lon="-122.42412">
        <ele>22.9</ele>
      </trkpt>
      <trkpt lat="37.77389" lon="-122.42402">
        <ele>22.7</ele>
      </trkpt>
      <trkpt lat="37.7739" lon="-122.42391">
        <ele>22.6</ele>
      </trkpt>
      <trkpt lat="37.77404" lon="-122.42287">
        <ele>20.6</ele>
      </trkpt>
      <trkpt lat="37.77417" lon="-122.42183">
        <ele>18.2</ele>
      </trkpt>
      <trkpt lat="37.7743" lon="-122.42078">
        <ele>16.9</ele>
      </trkpt>
      <trkpt lat="37.77432" lon="-122.42063">
        <ele>16.8</ele>
      </trkpt>
      <trkpt lat="37.77432" lon="-122.42052">
        <ele>16.7</ele>
      </trkpt>
      <trkpt lat="37.77433" lon="-122.42045">
        <ele>16.6</ele>
      </trkpt>
      <trkpt lat="37.77434" lon="-122.42024">
        <ele>16.4</ele>
      </trkpt>
      <trkpt lat="37.77493" lon="-122.41947">
        <ele>16.4</ele>
      </trkpt>
      <trkpt lat="37.77517" lon="-122.41916">
        <ele>16.7</ele>
      </trkpt>
      <trkpt lat="37.77547" lon="-122.41878">
        <ele>16.7</ele>
      </trkpt>
      <trkpt lat="37.77572" lon="-122.41845">
        <ele>16.7</ele>
      </trkpt>
      <trkpt lat="37.77614" lon="-122.41792">
        <ele>17.0</ele>
      </trkpt>
      <trkpt lat="37.77656" lon="-122.41739">
        <ele>17.3</ele>
      </trkpt>
      <trkpt lat="37.77705" lon="-122.41677">
        <ele>17.6</ele>
      </trkpt>
      <trkpt lat="37.77755" lon="-122.41616">
        <ele>17.6</ele>
      </trkpt>
      <trkpt lat="37.77816" lon="-122.41538">
        <ele>17.2</ele>
      </trkpt>
      <trkpt lat="37.77877" lon="-122.4146">
        <ele>16.4</ele>
      </trkpt>
      <trkpt lat="37.77925" lon="-122.41399">
        <ele>15.5</ele>
      </trkpt>
    </trkseg>
  </trk>
</gpx>
