<?xml version="1.0" encoding="UTF-8"?>
<gpx xmlns:gpxdata="http://www.cluetrust.com/XML/GPXDATA/1/0" xmlns:xsi="http://www.w3.org/2001/XMLSchema-instance" xmlns="http://www.topografix.com/GPX/1/1" version="1.1" creator="http://ridewithgps.com/" xsi:schemaLocation="http://www.topografix.com/GPX/1/1 http://www.topografix.com/GPX/1/1/gpx.xsd http://www.cluetrust.com/XML/GPXDATA/1/0 http://www.cluetrust.com/Schemas/gpxdata10.xsd">
  <metadata>
    <name>Intro to Tilden Gravel</name>
    <link href="https://ridewithgps.com/routes/56000196">
      <text>Intro to Tilden Gravel</text>
    </link>
    <time>2026-07-06T16:14:03Z</time>
  </metadata>
  <trk>
    <name>Intro to Tilden Gravel</name>
    <trkseg>
      <trkpt lat="37.87463" lon="-122.28442">
        <ele>31.1</ele>
      </trkpt>
      <trkpt lat="37.87464" lon="-122.28422">
        <ele>31.5</ele>
      </trkpt>
      <trkpt lat="37.87476" lon="-122.28319">
        <ele>32.9</ele>
      </trkpt>
      <trkpt lat="37.87483" lon="-122.28265">
        <ele>34.4</ele>
      </trkpt>
      <trkpt lat="37.87488" lon="-122.28238">
        <ele>35.3</ele>
      </trkpt>
      <trkpt lat="37.87492" lon="-122.28208">
        <ele>36.1</ele>
      </trkpt>
      <trkpt lat="37.87504" lon="-122.28119">
        <ele>38.2</ele>
      </trkpt>
      <trkpt lat="37.87515" lon="-122.2803">
        <ele>39.8</ele>
      </trkpt>
      <trkpt lat="37.87596" lon="-122.28039">
        <ele>39.4</ele>
      </trkpt>
      <trkpt lat="37.87677" lon="-122.28048">
        <ele>38.5</ele>
      </trkpt>
      <trkpt lat="37.87758" lon="-122.28056">
        <ele>39.8</ele>
      </trkpt>
      <trkpt lat="37.87777" lon="-122.2806">
        <ele>40.3</ele>
      </trkpt>
      <trkpt lat="37.87812" lon="-122.28064">
        <ele>41.4</ele>
      </trkpt>
      <trkpt lat="37.87841" lon="-122.28066">
        <ele>42.0</ele>
      </trkpt>
      <trkpt lat="37.87906" lon="-122.28073">
        <ele>44.3</ele>
      </trkpt>
      <trkpt lat="37.87921" lon="-122.28076">
        <ele>44.5</ele>
      </trkpt>
      <trkpt lat="37.87935" lon="-122.2808">
        <ele>44.8</ele>
      </trkpt>
      <trkpt lat="37.87966" lon="-122.28096">
        <ele>45.0</ele>
      </trkpt>
      <trkpt lat="37.87971" lon="-122.28083">
        <ele>45.0</ele>
      </trkpt>
      <trkpt lat="37.88015" lon="-122.28117">
        <ele>42.7</ele>
      </trkpt>
      <trkpt lat="37.8806" lon="-122.28152">
        <ele>40.7</ele>
      </trkpt>
      <trkpt lat="37.88063" lon="-122.28158">
        <ele>40.4</ele>
      </trkpt>
      <trkpt lat="37.88071" lon="-122.28157">
        <ele>40.5</ele>
      </trkpt>
      <trkpt lat="37.88074" lon="-122.28163">
        <ele>40.0</ele>
      </trkpt>
      <trkpt lat="37.88078" lon="-122.28166">
        <ele>39.8</ele>
      </trkpt>
      <trkpt lat="37.88118" lon="-122.28179">
        <ele>39.2</ele>
      </trkpt>
      <trkpt lat="37.88118" lon="-122.28179">
        <ele>39.2</ele>
      </trkpt>
      <trkpt lat="37.88135" lon="-122.28182">
        <ele>39.3</ele>
      </trkpt>
      <trkpt lat="37.88162" lon="-122.28192">
        <ele>39.0</ele>
      </trkpt>
      <trkpt lat="37.88168" lon="-122.28196">
        <ele>39.0</ele>
      </trkpt>
      <trkpt lat="37.88182" lon="-122.28205">
        <ele>38.9</ele>
      </trkpt>
      <trkpt lat="37.88199" lon="-122.28212">
        <ele>39.0</ele>
      </trkpt>
      <trkpt lat="37.8821" lon="-122.28216">
        <ele>39.0</ele>
      </trkpt>
      <trkpt lat="37.88222" lon="-122.28219">
        <ele>38.9</ele>
      </trkpt>
      <trkpt lat="37.88238" lon="-122.28219">
        <ele>38.9</ele>
      </trkpt>
      <trkpt lat="37.88256" lon="-122.28215">
        <ele>39.3</ele>
      </trkpt>
      <trkpt lat="37.88269" lon="-122.28209">
        <ele>39.8</ele>
      </trkpt>
      <trkpt lat="37.88312" lon="-122.2818">
        <ele>41.5</ele>
      </trkpt>
      <trkpt lat="37.88339" lon="-122.28165">
        <ele>42.3</ele>
      </trkpt>
      <trkpt lat="37.88352" lon="-122.2816">
        <ele>42.8</ele>
      </trkpt>
      <trkpt lat="37.88367" lon="-122.28156">
        <ele>43.2</ele>
      </trkpt>
      <trkpt lat="37.88402" lon="-122.28148">
        <ele>46.4</ele>
      </trkpt>
      <trkpt lat="37.88419" lon="-122.28143">
        <ele>48.0</ele>
      </trkpt>
      <trkpt lat="37.88436" lon="-122.28137">
        <ele>49.1</ele>
      </trkpt>
      <trkpt lat="37.88452" lon="-122.2813">
        <ele>50.2</ele>
      </trkpt>
      <trkpt lat="37.88465" lon="-122.28123">
        <ele>51.2</ele>
      </trkpt>
      <trkpt lat="37.8851" lon="-122.28092">
        <ele>54.3</ele>
      </trkpt>
      <trkpt lat="37.88555" lon="-122.28062">
        <ele>57.1</ele>
      </trkpt>
      <trkpt lat="37.88599" lon="-122.28023">
        <ele>59.8</ele>
      </trkpt>
      <trkpt lat="37.8862" lon="-122.28002">
        <ele>60.5</ele>
      </trkpt>
      <trkpt lat="37.88648" lon="-122.27969">
        <ele>61.8</ele>
      </trkpt>
      <trkpt lat="37.88684" lon="-122.27919">
        <ele>65.8</ele>
      </trkpt>
      <trkpt lat="37.88699" lon="-122.27892">
        <ele>67.7</ele>
      </trkpt>
      <trkpt lat="37.88721" lon="-122.27841">
        <ele>69.3</ele>
      </trkpt>
      <trkpt lat="37.88732" lon="-122.27813">
        <ele>70.1</ele>
      </trkpt>
      <trkpt lat="37.88755" lon="-122.2774">
        <ele>73.5</ele>
      </trkpt>
      <trkpt lat="37.8876" lon="-122.27729">
        <ele>74.0</ele>
      </trkpt>
      <trkpt lat="37.88771" lon="-122.27705">
        <ele>74.8</ele>
      </trkpt>
      <trkpt lat="37.8879" lon="-122.27672">
        <ele>75.7</ele>
      </trkpt>
      <trkpt lat="37.88793" lon="-122.27654">
        <ele>76.2</ele>
      </trkpt>
      <trkpt lat="37.88795" lon="-122.2765">
        <ele>76.4</ele>
      </trkpt>
      <trkpt lat="37.88813" lon="-122.27624">
        <ele>78.1</ele>
      </trkpt>
      <trkpt lat="37.88826" lon="-122.27612">
        <ele>78.7</ele>
      </trkpt>
      <trkpt lat="37.88848" lon="-122.27598">
        <ele>79.2</ele>
      </trkpt>
      <trkpt lat="37.88893" lon="-122.27552">
        <ele>79.9</ele>
      </trkpt>
      <trkpt lat="37.88901" lon="-122.2754">
        <ele>80.8</ele>
      </trkpt>
      <trkpt lat="37.88911" lon="-122.27526">
        <ele>82.2</ele>
      </trkpt>
      <trkpt lat="37.88919" lon="-122.27507">
        <ele>83.9</ele>
      </trkpt>
      <trkpt lat="37.88946" lon="-122.27416">
        <ele>87.7</ele>
      </trkpt>
      <trkpt lat="37.88972" lon="-122.27325">
        <ele>92.6</ele>
      </trkpt>
      <trkpt lat="37.88982" lon="-122.27299">
        <ele>94.1</ele>
      </trkpt>
      <trkpt lat="37.88987" lon="-122.27279">
        <ele>94.1</ele>
      </trkpt>
      <trkpt lat="37.89001" lon="-122.27243">
        <ele>95.1</ele>
      </trkpt>
      <trkpt lat="37.89001" lon="-122.27238">
        <ele>95.2</ele>
      </trkpt>
      <trkpt lat="37.89002" lon="-122.27231">
        <ele>95.4</ele>
      </trkpt>
      <trkpt lat="37.89004" lon="-122.27228">
        <ele>95.7</ele>
      </trkpt>
      <trkpt lat="37.89008" lon="-122.27224">
        <ele>96.2</ele>
      </trkpt>
      <trkpt lat="37.89012" lon="-122.27222">
        <ele>96.6</ele>
      </trkpt>
      <trkpt lat="37.89003" lon="-122.27149">
        <ele>99.9</ele>
      </trkpt>
      <trkpt lat="37.89002" lon="-122.27133">
        <ele>100.2</ele>
      </trkpt>
      <trkpt lat="37.89004" lon="-122.27087">
        <ele>102.2</ele>
      </trkpt>
      <trkpt lat="37.89004" lon="-122.27073">
        <ele>102.8</ele>
      </trkpt>
      <trkpt lat="37.89002" lon="-122.27055">
        <ele>103.5</ele>
      </trkpt>
      <trkpt lat="37.88997" lon="-122.27032">
        <ele>104.6</ele>
      </trkpt>
      <trkpt lat="37.88991" lon="-122.27012">
        <ele>107.4</ele>
      </trkpt>
      <trkpt lat="37.88965" lon="-122.26956">
        <ele>113.7</ele>
      </trkpt>
      <trkpt lat="37.88965" lon="-122.26956">
        <ele>113.7</ele>
      </trkpt>
      <trkpt lat="37.88965" lon="-122.26956">
        <ele>113.7</ele>
      </trkpt>
      <trkpt lat="37.88925" lon="-122.26867">
        <ele>122.8</ele>
      </trkpt>
      <trkpt lat="37.88885" lon="-122.26779">
        <ele>127.2</ele>
      </trkpt>
      <trkpt lat="37.8888" lon="-122.26771">
        <ele>127.4</ele>
      </trkpt>
      <trkpt lat="37.88831" lon="-122.26701">
        <ele>133.1</ele>
      </trkpt>
      <trkpt lat="37.88829" lon="-122.26696">
        <ele>133.4</ele>
      </trkpt>
      <trkpt lat="37.88826" lon="-122.26683">
        <ele>134.2</ele>
      </trkpt>
      <trkpt lat="37.88844" lon="-122.26679">
        <ele>135.9</ele>
      </trkpt>
      <trkpt lat="37.88879" lon="-122.26673">
        <ele>143.1</ele>
      </trkpt>
      <trkpt lat="37.88892" lon="-122.26673">
        <ele>144.2</ele>
      </trkpt>
      <trkpt lat="37.88904" lon="-122.26674">
        <ele>145.2</ele>
      </trkpt>
      <trkpt lat="37.8897" lon="-122.26693">
        <ele>151.3</ele>
      </trkpt>
      <trkpt lat="37.89035" lon="-122.26712">
        <ele>157.2</ele>
      </trkpt>
      <trkpt lat="37.89067" lon="-122.26721">
        <ele>161.5</ele>
      </trkpt>
      <trkpt lat="37.89087" lon="-122.26724">
        <ele>162.5</ele>
      </trkpt>
      <trkpt lat="37.89108" lon="-122.26724">
        <ele>162.9</ele>
      </trkpt>
      <trkpt lat="37.89153" lon="-122.26721">
        <ele>164.5</ele>
      </trkpt>
      <trkpt lat="37.89167" lon="-122.26718">
        <ele>166.7</ele>
      </trkpt>
      <trkpt lat="37.89201" lon="-122.26707">
        <ele>168.6</ele>
      </trkpt>
      <trkpt lat="37.8923" lon="-122.26696">
        <ele>170.0</ele>
      </trkpt>
      <trkpt lat="37.89238" lon="-122.26695">
        <ele>170.3</ele>
      </trkpt>
      <trkpt lat="37.89248" lon="-122.26695">
        <ele>170.5</ele>
      </trkpt>
      <trkpt lat="37.89262" lon="-122.26699">
        <ele>170.9</ele>
      </trkpt>
      <trkpt lat="37.89271" lon="-122.26704">
        <ele>170.8</ele>
      </trkpt>
      <trkpt lat="37.89277" lon="-122.26709">
        <ele>171.0</ele>
      </trkpt>
      <trkpt lat="37.89284" lon="-122.26718">
        <ele>172.2</ele>
      </trkpt>
      <trkpt lat="37.89284" lon="-122.26718">
        <ele>172.2</ele>
      </trkpt>
      <trkpt lat="37.89304" lon="-122.26753">
        <ele>174.7</ele>
      </trkpt>
      <trkpt lat="37.89319" lon="-122.26776">
        <ele>175.7</ele>
      </trkpt>
      <trkpt lat="37.89336" lon="-122.26797">
        <ele>179.0</ele>
      </trkpt>
      <trkpt lat="37.89342" lon="-122.26804">
        <ele>179.5</ele>
      </trkpt>
      <trkpt lat="37.89361" lon="-122.26818">
        <ele>180.7</ele>
      </trkpt>
      <trkpt lat="37.89403" lon="-122.26847">
        <ele>183.2</ele>
      </trkpt>
      <trkpt lat="37.89418" lon="-122.26854">
        <ele>185.8</ele>
      </trkpt>
      <trkpt lat="37.89424" lon="-122.26856">
        <ele>186.3</ele>
      </trkpt>
      <trkpt lat="37.89434" lon="-122.26857">
        <ele>187.0</ele>
      </trkpt>
      <trkpt lat="37.89445" lon="-122.26856">
        <ele>187.7</ele>
      </trkpt>
      <trkpt lat="37.89463" lon="-122.26851">
        <ele>188.3</ele>
      </trkpt>
      <trkpt lat="37.89474" lon="-122.26851">
        <ele>188.0</ele>
      </trkpt>
      <trkpt lat="37.89483" lon="-122.26853">
        <ele>188.2</ele>
      </trkpt>
      <trkpt lat="37.89493" lon="-122.2686">
        <ele>189.4</ele>
      </trkpt>
      <trkpt lat="37.895" lon="-122.26867">
        <ele>190.7</ele>
      </trkpt>
      <trkpt lat="37.89524" lon="-122.26903">
        <ele>193.1</ele>
      </trkpt>
      <trkpt lat="37.89536" lon="-122.26922">
        <ele>193.4</ele>
      </trkpt>
      <trkpt lat="37.89551" lon="-122.26935">
        <ele>193.9</ele>
      </trkpt>
      <trkpt lat="37.89563" lon="-122.2694">
        <ele>194.6</ele>
      </trkpt>
      <trkpt lat="37.89575" lon="-122.26941">
        <ele>195.9</ele>
      </trkpt>
      <trkpt lat="37.89585" lon="-122.26939">
        <ele>196.9</ele>
      </trkpt>
      <trkpt lat="37.89619" lon="-122.26928">
        <ele>198.9</ele>
      </trkpt>
      <trkpt lat="37.89639" lon="-122.26924">
        <ele>199.8</ele>
      </trkpt>
      <trkpt lat="37.89653" lon="-122.26925">
        <ele>200.2</ele>
      </trkpt>
      <trkpt lat="37.89666" lon="-122.26927">
        <ele>200.6</ele>
      </trkpt>
      <trkpt lat="37.89676" lon="-122.26931">
        <ele>200.6</ele>
      </trkpt>
      <trkpt lat="37.89686" lon="-122.26936">
        <ele>200.6</ele>
      </trkpt>
      <trkpt lat="37.89699" lon="-122.26945">
        <ele>200.4</ele>
      </trkpt>
      <trkpt lat="37.89725" lon="-122.26968">
        <ele>199.9</ele>
      </trkpt>
      <trkpt lat="37.89745" lon="-122.26983">
        <ele>201.1</ele>
      </trkpt>
      <trkpt lat="37.89761" lon="-122.26988">
        <ele>202.9</ele>
      </trkpt>
      <trkpt lat="37.8982" lon="-122.26997">
        <ele>205.1</ele>
      </trkpt>
      <trkpt lat="37.89837" lon="-122.27001">
        <ele>205.5</ele>
      </trkpt>
      <trkpt lat="37.89849" lon="-122.27007">
        <ele>205.6</ele>
      </trkpt>
      <trkpt lat="37.89862" lon="-122.27015">
        <ele>206.0</ele>
      </trkpt>
      <trkpt lat="37.89872" lon="-122.27025">
        <ele>207.2</ele>
      </trkpt>
      <trkpt lat="37.89913" lon="-122.27067">
        <ele>210.4</ele>
      </trkpt>
      <trkpt lat="37.89955" lon="-122.27109">
        <ele>211.1</ele>
      </trkpt>
      <trkpt lat="37.8996" lon="-122.27112">
        <ele>211.1</ele>
      </trkpt>
      <trkpt lat="37.89965" lon="-122.27114">
        <ele>211.2</ele>
      </trkpt>
      <trkpt lat="37.89972" lon="-122.27115">
        <ele>211.5</ele>
      </trkpt>
      <trkpt lat="37.89979" lon="-122.27112">
        <ele>212.1</ele>
      </trkpt>
      <trkpt lat="37.89983" lon="-122.2711">
        <ele>212.5</ele>
      </trkpt>
      <trkpt lat="37.89991" lon="-122.27101">
        <ele>214.1</ele>
      </trkpt>
      <trkpt lat="37.90021" lon="-122.27064">
        <ele>217.2</ele>
      </trkpt>
      <trkpt lat="37.90051" lon="-122.27028">
        <ele>222.1</ele>
      </trkpt>
      <trkpt lat="37.90105" lon="-122.26979">
        <ele>228.0</ele>
      </trkpt>
      <trkpt lat="37.90128" lon="-122.26959">
        <ele>230.8</ele>
      </trkpt>
      <trkpt lat="37.90133" lon="-122.26957">
        <ele>231.0</ele>
      </trkpt>
      <trkpt lat="37.90139" lon="-122.26956">
        <ele>231.0</ele>
      </trkpt>
      <trkpt lat="37.90145" lon="-122.26956">
        <ele>231.0</ele>
      </trkpt>
      <trkpt lat="37.90151" lon="-122.26959">
        <ele>230.8</ele>
      </trkpt>
      <trkpt lat="37.90156" lon="-122.26964">
        <ele>230.6</ele>
      </trkpt>
      <trkpt lat="37.9016" lon="-122.2697">
        <ele>230.6</ele>
      </trkpt>
      <trkpt lat="37.90163" lon="-122.26977">
        <ele>230.8</ele>
      </trkpt>
      <trkpt lat="37.90164" lon="-122.26986">
        <ele>231.1</ele>
      </trkpt>
      <trkpt lat="37.90161" lon="-122.27009">
        <ele>230.8</ele>
      </trkpt>
      <trkpt lat="37.90159" lon="-122.27031">
        <ele>230.6</ele>
      </trkpt>
      <trkpt lat="37.90161" lon="-122.27039">
        <ele>230.9</ele>
      </trkpt>
      <trkpt lat="37.90166" lon="-122.27052">
        <ele>232.2</ele>
      </trkpt>
      <trkpt lat="37.90174" lon="-122.27061">
        <ele>233.3</ele>
      </trkpt>
      <trkpt lat="37.90182" lon="-122.27067">
        <ele>233.7</ele>
      </trkpt>
      <trkpt lat="37.90189" lon="-122.27069">
        <ele>234.0</ele>
      </trkpt>
      <trkpt lat="37.90195" lon="-122.27069">
        <ele>234.4</ele>
      </trkpt>
      <trkpt lat="37.90268" lon="-122.27061">
        <ele>239.1</ele>
      </trkpt>
      <trkpt lat="37.90341" lon="-122.27053">
        <ele>242.8</ele>
      </trkpt>
      <trkpt lat="37.90413" lon="-122.27046">
        <ele>248.7</ele>
      </trkpt>
      <trkpt lat="37.90415" lon="-122.27048">
        <ele>248.5</ele>
      </trkpt>
      <trkpt lat="37.90422" lon="-122.27046">
        <ele>248.9</ele>
      </trkpt>
      <trkpt lat="37.90426" lon="-122.27043">
        <ele>249.4</ele>
      </trkpt>
      <trkpt lat="37.90429" lon="-122.2704">
        <ele>249.7</ele>
      </trkpt>
      <trkpt lat="37.9043" lon="-122.27039">
        <ele>249.8</ele>
      </trkpt>
      <trkpt lat="37.90432" lon="-122.27037">
        <ele>250.1</ele>
      </trkpt>
      <trkpt lat="37.90435" lon="-122.27033">
        <ele>250.5</ele>
      </trkpt>
      <trkpt lat="37.90438" lon="-122.27029">
        <ele>250.9</ele>
      </trkpt>
      <trkpt lat="37.9044" lon="-122.27025">
        <ele>251.1</ele>
      </trkpt>
      <trkpt lat="37.90442" lon="-122.2702">
        <ele>251.3</ele>
      </trkpt>
      <trkpt lat="37.90443" lon="-122.27019">
        <ele>251.4</ele>
      </trkpt>
      <trkpt lat="37.90444" lon="-122.27014">
        <ele>251.4</ele>
      </trkpt>
      <trkpt lat="37.90446" lon="-122.2701">
        <ele>251.2</ele>
      </trkpt>
      <trkpt lat="37.90446" lon="-122.27005">
        <ele>251.2</ele>
      </trkpt>
      <trkpt lat="37.90447" lon="-122.27001">
        <ele>251.1</ele>
      </trkpt>
      <trkpt lat="37.90447" lon="-122.26999">
        <ele>251.1</ele>
      </trkpt>
      <trkpt lat="37.90447" lon="-122.26998">
        <ele>251.1</ele>
      </trkpt>
      <trkpt lat="37.90447" lon="-122.26996">
        <ele>251.2</ele>
      </trkpt>
      <trkpt lat="37.90447" lon="-122.26994">
        <ele>251.2</ele>
      </trkpt>
      <trkpt lat="37.90447" lon="-122.26991">
        <ele>251.3</ele>
      </trkpt>
      <trkpt lat="37.90446" lon="-122.26987">
        <ele>251.4</ele>
      </trkpt>
      <trkpt lat="37.90444" lon="-122.2698">
        <ele>251.7</ele>
      </trkpt>
      <trkpt lat="37.90442" lon="-122.26972">
        <ele>252.0</ele>
      </trkpt>
      <trkpt lat="37.90441" lon="-122.26968">
        <ele>252.2</ele>
      </trkpt>
      <trkpt lat="37.90439" lon="-122.26964">
        <ele>252.6</ele>
      </trkpt>
      <trkpt lat="37.90435" lon="-122.26955">
        <ele>252.9</ele>
      </trkpt>
      <trkpt lat="37.90435" lon="-122.26955">
        <ele>252.9</ele>
      </trkpt>
      <trkpt lat="37.9042" lon="-122.26955">
        <ele>253.7</ele>
      </trkpt>
      <trkpt lat="37.90414" lon="-122.26955">
        <ele>254.0</ele>
      </trkpt>
      <trkpt lat="37.9041" lon="-122.26955">
        <ele>254.3</ele>
      </trkpt>
      <trkpt lat="37.90392" lon="-122.26957">
        <ele>255.8</ele>
      </trkpt>
      <trkpt lat="37.90383" lon="-122.26958">
        <ele>256.7</ele>
      </trkpt>
      <trkpt lat="37.90378" lon="-122.26958">
        <ele>257.2</ele>
      </trkpt>
      <trkpt lat="37.90364" lon="-122.2696">
        <ele>258.2</ele>
      </trkpt>
      <trkpt lat="37.9036" lon="-122.2696">
        <ele>258.4</ele>
      </trkpt>
      <trkpt lat="37.90355" lon="-122.26958">
        <ele>258.8</ele>
      </trkpt>
      <trkpt lat="37.90351" lon="-122.26956">
        <ele>259.0</ele>
      </trkpt>
      <trkpt lat="37.90347" lon="-122.2695">
        <ele>259.2</ele>
      </trkpt>
      <trkpt lat="37.90341" lon="-122.26939">
        <ele>259.7</ele>
      </trkpt>
      <trkpt lat="37.90325" lon="-122.2691">
        <ele>262.3</ele>
      </trkpt>
      <trkpt lat="37.90316" lon="-122.26894">
        <ele>263.6</ele>
      </trkpt>
      <trkpt lat="37.90315" lon="-122.26892">
        <ele>263.7</ele>
      </trkpt>
      <trkpt lat="37.90315" lon="-122.26891">
        <ele>263.8</ele>
      </trkpt>
      <trkpt lat="37.90308" lon="-122.26879">
        <ele>264.4</ele>
      </trkpt>
      <trkpt lat="37.903" lon="-122.26864">
        <ele>264.8</ele>
      </trkpt>
      <trkpt lat="37.90298" lon="-122.26861">
        <ele>264.8</ele>
      </trkpt>
      <trkpt lat="37.90298" lon="-122.2686">
        <ele>264.8</ele>
      </trkpt>
      <trkpt lat="37.90295" lon="-122.26854">
        <ele>264.9</ele>
      </trkpt>
      <trkpt lat="37.90291" lon="-122.26848">
        <ele>264.9</ele>
      </trkpt>
      <trkpt lat="37.90289" lon="-122.26845">
        <ele>265.0</ele>
      </trkpt>
      <trkpt lat="37.90289" lon="-122.26844">
        <ele>265.0</ele>
      </trkpt>
      <trkpt lat="37.90287" lon="-122.26841">
        <ele>265.0</ele>
      </trkpt>
      <trkpt lat="37.90284" lon="-122.26836">
        <ele>264.8</ele>
      </trkpt>
      <trkpt lat="37.90279" lon="-122.26826">
        <ele>264.8</ele>
      </trkpt>
      <trkpt lat="37.90267" lon="-122.26805">
        <ele>265.8</ele>
      </trkpt>
      <trkpt lat="37.90247" lon="-122.26771">
        <ele>266.2</ele>
      </trkpt>
      <trkpt lat="37.90246" lon="-122.26768">
        <ele>266.3</ele>
      </trkpt>
      <trkpt lat="37.90244" lon="-122.26766">
        <ele>266.3</ele>
      </trkpt>
      <trkpt lat="37.90242" lon="-122.26762">
        <ele>266.4</ele>
      </trkpt>
      <trkpt lat="37.90235" lon="-122.26749">
        <ele>267.0</ele>
      </trkpt>
      <trkpt lat="37.90228" lon="-122.26738">
        <ele>267.5</ele>
      </trkpt>
      <trkpt lat="37.90224" lon="-122.26732">
        <ele>267.8</ele>
      </trkpt>
      <trkpt lat="37.90222" lon="-122.2673">
        <ele>267.9</ele>
      </trkpt>
      <trkpt lat="37.9022" lon="-122.26729">
        <ele>267.9</ele>
      </trkpt>
      <trkpt lat="37.9021" lon="-122.26723">
        <ele>268.0</ele>
      </trkpt>
      <trkpt lat="37.90208" lon="-122.26722">
        <ele>268.0</ele>
      </trkpt>
      <trkpt lat="37.90206" lon="-122.26721">
        <ele>268.1</ele>
      </trkpt>
      <trkpt lat="37.90188" lon="-122.26714">
        <ele>268.3</ele>
      </trkpt>
      <trkpt lat="37.90182" lon="-122.26704">
        <ele>269.3</ele>
      </trkpt>
      <trkpt lat="37.90179" lon="-122.26698">
        <ele>270.1</ele>
      </trkpt>
      <trkpt lat="37.90177" lon="-122.26695">
        <ele>270.4</ele>
      </trkpt>
      <trkpt lat="37.90175" lon="-122.26691">
        <ele>271.0</ele>
      </trkpt>
      <trkpt lat="37.90165" lon="-122.26678">
        <ele>272.8</ele>
      </trkpt>
      <trkpt lat="37.90156" lon="-122.26672">
        <ele>273.5</ele>
      </trkpt>
      <trkpt lat="37.90151" lon="-122.2667">
        <ele>273.9</ele>
      </trkpt>
      <trkpt lat="37.9015" lon="-122.26669">
        <ele>274.0</ele>
      </trkpt>
      <trkpt lat="37.90133" lon="-122.26664">
        <ele>276.1</ele>
      </trkpt>
      <trkpt lat="37.90132" lon="-122.26664">
        <ele>276.2</ele>
      </trkpt>
      <trkpt lat="37.9013" lon="-122.26663">
        <ele>276.5</ele>
      </trkpt>
      <trkpt lat="37.90127" lon="-122.26662">
        <ele>276.7</ele>
      </trkpt>
      <trkpt lat="37.90117" lon="-122.26658">
        <ele>277.3</ele>
      </trkpt>
      <trkpt lat="37.90104" lon="-122.2665">
        <ele>277.7</ele>
      </trkpt>
      <trkpt lat="37.90095" lon="-122.26645">
        <ele>277.9</ele>
      </trkpt>
      <trkpt lat="37.9009" lon="-122.26641">
        <ele>278.1</ele>
      </trkpt>
      <trkpt lat="37.90084" lon="-122.26637">
        <ele>278.3</ele>
      </trkpt>
      <trkpt lat="37.90053" lon="-122.26616">
        <ele>278.8</ele>
      </trkpt>
      <trkpt lat="37.90015" lon="-122.26589">
        <ele>281.7</ele>
      </trkpt>
      <trkpt lat="37.90015" lon="-122.26589">
        <ele>281.7</ele>
      </trkpt>
      <trkpt lat="37.90001" lon="-122.26579">
        <ele>283.8</ele>
      </trkpt>
      <trkpt lat="37.8999" lon="-122.2657">
        <ele>284.6</ele>
      </trkpt>
      <trkpt lat="37.89988" lon="-122.26569">
        <ele>284.6</ele>
      </trkpt>
      <trkpt lat="37.89981" lon="-122.26564">
        <ele>284.7</ele>
      </trkpt>
      <trkpt lat="37.89975" lon="-122.2656">
        <ele>284.6</ele>
      </trkpt>
      <trkpt lat="37.89967" lon="-122.26554">
        <ele>284.8</ele>
      </trkpt>
      <trkpt lat="37.89958" lon="-122.26548">
        <ele>285.0</ele>
      </trkpt>
      <trkpt lat="37.89953" lon="-122.26544">
        <ele>285.2</ele>
      </trkpt>
      <trkpt lat="37.89949" lon="-122.26541">
        <ele>285.2</ele>
      </trkpt>
      <trkpt lat="37.89945" lon="-122.26538">
        <ele>285.2</ele>
      </trkpt>
      <trkpt lat="37.89942" lon="-122.26535">
        <ele>285.3</ele>
      </trkpt>
      <trkpt lat="37.89939" lon="-122.26532">
        <ele>285.3</ele>
      </trkpt>
      <trkpt lat="37.89937" lon="-122.26528">
        <ele>285.5</ele>
      </trkpt>
      <trkpt lat="37.89934" lon="-122.26524">
        <ele>285.5</ele>
      </trkpt>
      <trkpt lat="37.89931" lon="-122.26521">
        <ele>285.4</ele>
      </trkpt>
      <trkpt lat="37.89929" lon="-122.26517">
        <ele>285.4</ele>
      </trkpt>
      <trkpt lat="37.89926" lon="-122.26511">
        <ele>285.4</ele>
      </trkpt>
      <trkpt lat="37.89926" lon="-122.2651">
        <ele>285.4</ele>
      </trkpt>
      <trkpt lat="37.8992" lon="-122.265">
        <ele>285.2</ele>
      </trkpt>
      <trkpt lat="37.89919" lon="-122.26495">
        <ele>285.3</ele>
      </trkpt>
      <trkpt lat="37.89914" lon="-122.26465">
        <ele>285.8</ele>
      </trkpt>
      <trkpt lat="37.89912" lon="-122.26451">
        <ele>285.9</ele>
      </trkpt>
      <trkpt lat="37.89912" lon="-122.2645">
        <ele>285.9</ele>
      </trkpt>
      <trkpt lat="37.89912" lon="-122.26449">
        <ele>286.0</ele>
      </trkpt>
      <trkpt lat="37.89912" lon="-122.26448">
        <ele>286.0</ele>
      </trkpt>
      <trkpt lat="37.89911" lon="-122.26444">
        <ele>286.0</ele>
      </trkpt>
      <trkpt lat="37.8991" lon="-122.26438">
        <ele>286.0</ele>
      </trkpt>
      <trkpt lat="37.89908" lon="-122.26424">
        <ele>286.1</ele>
      </trkpt>
      <trkpt lat="37.89898" lon="-122.26398">
        <ele>286.0</ele>
      </trkpt>
      <trkpt lat="37.89888" lon="-122.2638">
        <ele>286.2</ele>
      </trkpt>
      <trkpt lat="37.89885" lon="-122.26376">
        <ele>286.2</ele>
      </trkpt>
      <trkpt lat="37.89881" lon="-122.2637">
        <ele>286.3</ele>
      </trkpt>
      <trkpt lat="37.89879" lon="-122.26369">
        <ele>286.3</ele>
      </trkpt>
      <trkpt lat="37.89878" lon="-122.26367">
        <ele>286.3</ele>
      </trkpt>
      <trkpt lat="37.89877" lon="-122.26366">
        <ele>286.4</ele>
      </trkpt>
      <trkpt lat="37.89876" lon="-122.26365">
        <ele>286.4</ele>
      </trkpt>
      <trkpt lat="37.89875" lon="-122.26364">
        <ele>286.4</ele>
      </trkpt>
      <trkpt lat="37.89868" lon="-122.26355">
        <ele>287.1</ele>
      </trkpt>
      <trkpt lat="37.89867" lon="-122.26353">
        <ele>287.3</ele>
      </trkpt>
      <trkpt lat="37.89865" lon="-122.26352">
        <ele>287.4</ele>
      </trkpt>
      <trkpt lat="37.89864" lon="-122.26349">
        <ele>287.7</ele>
      </trkpt>
      <trkpt lat="37.89861" lon="-122.26346">
        <ele>288.0</ele>
      </trkpt>
      <trkpt lat="37.89856" lon="-122.26337">
        <ele>288.8</ele>
      </trkpt>
      <trkpt lat="37.89855" lon="-122.26335">
        <ele>288.9</ele>
      </trkpt>
      <trkpt lat="37.89854" lon="-122.26334">
        <ele>289.0</ele>
      </trkpt>
      <trkpt lat="37.89853" lon="-122.26332">
        <ele>289.1</ele>
      </trkpt>
      <trkpt lat="37.89851" lon="-122.26328">
        <ele>289.2</ele>
      </trkpt>
      <trkpt lat="37.89847" lon="-122.26319">
        <ele>289.5</ele>
      </trkpt>
      <trkpt lat="37.89847" lon="-122.26318">
        <ele>289.6</ele>
      </trkpt>
      <trkpt lat="37.8984" lon="-122.26297">
        <ele>290.1</ele>
      </trkpt>
      <trkpt lat="37.89836" lon="-122.26272">
        <ele>291.0</ele>
      </trkpt>
      <trkpt lat="37.89832" lon="-122.26256">
        <ele>291.6</ele>
      </trkpt>
      <trkpt lat="37.89822" lon="-122.26235">
        <ele>292.1</ele>
      </trkpt>
      <trkpt lat="37.89819" lon="-122.2623">
        <ele>292.2</ele>
      </trkpt>
      <trkpt lat="37.89816" lon="-122.26226">
        <ele>292.2</ele>
      </trkpt>
      <trkpt lat="37.89815" lon="-122.26223">
        <ele>292.3</ele>
      </trkpt>
      <trkpt lat="37.89804" lon="-122.26214">
        <ele>292.0</ele>
      </trkpt>
      <trkpt lat="37.89788" lon="-122.26202">
        <ele>292.4</ele>
      </trkpt>
      <trkpt lat="37.89785" lon="-122.26201">
        <ele>292.4</ele>
      </trkpt>
      <trkpt lat="37.89771" lon="-122.26195">
        <ele>293.3</ele>
      </trkpt>
      <trkpt lat="37.89764" lon="-122.26194">
        <ele>294.0</ele>
      </trkpt>
      <trkpt lat="37.89752" lon="-122.26193">
        <ele>295.2</ele>
      </trkpt>
      <trkpt lat="37.89738" lon="-122.26193">
        <ele>295.5</ele>
      </trkpt>
      <trkpt lat="37.89721" lon="-122.26187">
        <ele>295.7</ele>
      </trkpt>
      <trkpt lat="37.8972" lon="-122.26187">
        <ele>295.6</ele>
      </trkpt>
      <trkpt lat="37.89719" lon="-122.26186">
        <ele>295.7</ele>
      </trkpt>
      <trkpt lat="37.89718" lon="-122.26186">
        <ele>295.6</ele>
      </trkpt>
      <trkpt lat="37.89717" lon="-122.26185">
        <ele>295.7</ele>
      </trkpt>
      <trkpt lat="37.89714" lon="-122.26183">
        <ele>295.7</ele>
      </trkpt>
      <trkpt lat="37.89704" lon="-122.26174">
        <ele>296.1</ele>
      </trkpt>
      <trkpt lat="37.89701" lon="-122.26172">
        <ele>296.0</ele>
      </trkpt>
      <trkpt lat="37.89697" lon="-122.26165">
        <ele>296.6</ele>
      </trkpt>
      <trkpt lat="37.89693" lon="-122.26158">
        <ele>297.5</ele>
      </trkpt>
      <trkpt lat="37.8969" lon="-122.26152">
        <ele>298.4</ele>
      </trkpt>
      <trkpt lat="37.89688" lon="-122.26149">
        <ele>298.9</ele>
      </trkpt>
      <trkpt lat="37.89687" lon="-122.26147">
        <ele>299.3</ele>
      </trkpt>
      <trkpt lat="37.89684" lon="-122.26141">
        <ele>300.0</ele>
      </trkpt>
      <trkpt lat="37.89682" lon="-122.26134">
        <ele>300.6</ele>
      </trkpt>
      <trkpt lat="37.8968" lon="-122.26128">
        <ele>301.1</ele>
      </trkpt>
      <trkpt lat="37.89679" lon="-122.26122">
        <ele>301.6</ele>
      </trkpt>
      <trkpt lat="37.89677" lon="-122.26117">
        <ele>301.9</ele>
      </trkpt>
      <trkpt lat="37.89673" lon="-122.26101">
        <ele>302.9</ele>
      </trkpt>
      <trkpt lat="37.89671" lon="-122.26096">
        <ele>303.1</ele>
      </trkpt>
      <trkpt lat="37.89668" lon="-122.26088">
        <ele>303.4</ele>
      </trkpt>
      <trkpt lat="37.89666" lon="-122.26085">
        <ele>303.4</ele>
      </trkpt>
      <trkpt lat="37.89664" lon="-122.26082">
        <ele>303.5</ele>
      </trkpt>
      <trkpt lat="37.89662" lon="-122.26078">
        <ele>303.8</ele>
      </trkpt>
      <trkpt lat="37.8966" lon="-122.26076">
        <ele>303.9</ele>
      </trkpt>
      <trkpt lat="37.8966" lon="-122.26075">
        <ele>303.9</ele>
      </trkpt>
      <trkpt lat="37.89659" lon="-122.26075">
        <ele>303.9</ele>
      </trkpt>
      <trkpt lat="37.89659" lon="-122.26074">
        <ele>304.0</ele>
      </trkpt>
      <trkpt lat="37.89658" lon="-122.26073">
        <ele>304.0</ele>
      </trkpt>
      <trkpt lat="37.89657" lon="-122.26072">
        <ele>304.1</ele>
      </trkpt>
      <trkpt lat="37.89655" lon="-122.2607">
        <ele>304.2</ele>
      </trkpt>
      <trkpt lat="37.8965" lon="-122.26065">
        <ele>304.4</ele>
      </trkpt>
      <trkpt lat="37.89648" lon="-122.26063">
        <ele>304.6</ele>
      </trkpt>
      <trkpt lat="37.89646" lon="-122.26062">
        <ele>304.5</ele>
      </trkpt>
      <trkpt lat="37.89644" lon="-122.2606">
        <ele>304.6</ele>
      </trkpt>
      <trkpt lat="37.89637" lon="-122.26056">
        <ele>304.4</ele>
      </trkpt>
      <trkpt lat="37.89626" lon="-122.26051">
        <ele>304.0</ele>
      </trkpt>
      <trkpt lat="37.89621" lon="-122.2605">
        <ele>303.8</ele>
      </trkpt>
      <trkpt lat="37.89614" lon="-122.26048">
        <ele>304.3</ele>
      </trkpt>
      <trkpt lat="37.89608" lon="-122.26047">
        <ele>305.0</ele>
      </trkpt>
      <trkpt lat="37.89602" lon="-122.26045">
        <ele>306.2</ele>
      </trkpt>
      <trkpt lat="37.89597" lon="-122.26043">
        <ele>306.8</ele>
      </trkpt>
      <trkpt lat="37.89591" lon="-122.26041">
        <ele>307.5</ele>
      </trkpt>
      <trkpt lat="37.89589" lon="-122.2604">
        <ele>307.6</ele>
      </trkpt>
      <trkpt lat="37.89587" lon="-122.2604">
        <ele>307.6</ele>
      </trkpt>
      <trkpt lat="37.89585" lon="-122.26038">
        <ele>307.9</ele>
      </trkpt>
      <trkpt lat="37.89583" lon="-122.26037">
        <ele>308.0</ele>
      </trkpt>
      <trkpt lat="37.89576" lon="-122.26034">
        <ele>308.3</ele>
      </trkpt>
      <trkpt lat="37.89573" lon="-122.26031">
        <ele>308.6</ele>
      </trkpt>
      <trkpt lat="37.8957" lon="-122.26029">
        <ele>308.8</ele>
      </trkpt>
      <trkpt lat="37.89565" lon="-122.26026">
        <ele>309.0</ele>
      </trkpt>
      <trkpt lat="37.89559" lon="-122.26022">
        <ele>309.3</ele>
      </trkpt>
      <trkpt lat="37.89557" lon="-122.2602">
        <ele>309.5</ele>
      </trkpt>
      <trkpt lat="37.89554" lon="-122.26018">
        <ele>309.8</ele>
      </trkpt>
      <trkpt lat="37.89548" lon="-122.26014">
        <ele>310.6</ele>
      </trkpt>
      <trkpt lat="37.89543" lon="-122.2601">
        <ele>311.7</ele>
      </trkpt>
      <trkpt lat="37.89541" lon="-122.26009">
        <ele>312.0</ele>
      </trkpt>
      <trkpt lat="37.89537" lon="-122.26006">
        <ele>313.1</ele>
      </trkpt>
      <trkpt lat="37.89529" lon="-122.26">
        <ele>313.7</ele>
      </trkpt>
      <trkpt lat="37.89521" lon="-122.25995">
        <ele>313.8</ele>
      </trkpt>
      <trkpt lat="37.89514" lon="-122.25989">
        <ele>314.0</ele>
      </trkpt>
      <trkpt lat="37.89508" lon="-122.25985">
        <ele>313.9</ele>
      </trkpt>
      <trkpt lat="37.89502" lon="-122.25981">
        <ele>313.8</ele>
      </trkpt>
      <trkpt lat="37.89497" lon="-122.25977">
        <ele>313.9</ele>
      </trkpt>
      <trkpt lat="37.89495" lon="-122.25975">
        <ele>314.1</ele>
      </trkpt>
      <trkpt lat="37.89487" lon="-122.25969">
        <ele>314.2</ele>
      </trkpt>
      <trkpt lat="37.8948" lon="-122.25962">
        <ele>314.9</ele>
      </trkpt>
      <trkpt lat="37.89475" lon="-122.25957">
        <ele>315.6</ele>
      </trkpt>
      <trkpt lat="37.89469" lon="-122.2595">
        <ele>317.0</ele>
      </trkpt>
      <trkpt lat="37.89467" lon="-122.25947">
        <ele>317.8</ele>
      </trkpt>
      <trkpt lat="37.89463" lon="-122.25942">
        <ele>319.2</ele>
      </trkpt>
      <trkpt lat="37.8946" lon="-122.25938">
        <ele>319.5</ele>
      </trkpt>
      <trkpt lat="37.89454" lon="-122.25928">
        <ele>320.1</ele>
      </trkpt>
      <trkpt lat="37.8945" lon="-122.25921">
        <ele>320.1</ele>
      </trkpt>
      <trkpt lat="37.89447" lon="-122.25916">
        <ele>320.1</ele>
      </trkpt>
      <trkpt lat="37.89444" lon="-122.25909">
        <ele>320.2</ele>
      </trkpt>
      <trkpt lat="37.89439" lon="-122.259">
        <ele>320.0</ele>
      </trkpt>
      <trkpt lat="37.89433" lon="-122.25886">
        <ele>320.1</ele>
      </trkpt>
      <trkpt lat="37.89432" lon="-122.25882">
        <ele>320.3</ele>
      </trkpt>
      <trkpt lat="37.89421" lon="-122.25854">
        <ele>320.7</ele>
      </trkpt>
      <trkpt lat="37.89419" lon="-122.25849">
        <ele>320.7</ele>
      </trkpt>
      <trkpt lat="37.89411" lon="-122.25829">
        <ele>321.4</ele>
      </trkpt>
      <trkpt lat="37.89408" lon="-122.25823">
        <ele>321.6</ele>
      </trkpt>
      <trkpt lat="37.89407" lon="-122.25821">
        <ele>321.6</ele>
      </trkpt>
      <trkpt lat="37.89404" lon="-122.25816">
        <ele>321.7</ele>
      </trkpt>
      <trkpt lat="37.89395" lon="-122.25807">
        <ele>321.8</ele>
      </trkpt>
      <trkpt lat="37.89388" lon="-122.258">
        <ele>321.9</ele>
      </trkpt>
      <trkpt lat="37.89386" lon="-122.25798">
        <ele>322.0</ele>
      </trkpt>
      <trkpt lat="37.89382" lon="-122.25796">
        <ele>322.0</ele>
      </trkpt>
      <trkpt lat="37.89378" lon="-122.25793">
        <ele>322.1</ele>
      </trkpt>
      <trkpt lat="37.89375" lon="-122.25792">
        <ele>322.1</ele>
      </trkpt>
      <trkpt lat="37.89372" lon="-122.25791">
        <ele>322.1</ele>
      </trkpt>
      <trkpt lat="37.89363" lon="-122.25788">
        <ele>322.3</ele>
      </trkpt>
      <trkpt lat="37.89356" lon="-122.25786">
        <ele>322.3</ele>
      </trkpt>
      <trkpt lat="37.89354" lon="-122.25786">
        <ele>322.2</ele>
      </trkpt>
      <trkpt lat="37.89352" lon="-122.25785">
        <ele>322.3</ele>
      </trkpt>
      <trkpt lat="37.89348" lon="-122.25784">
        <ele>322.4</ele>
      </trkpt>
      <trkpt lat="37.8934" lon="-122.25782">
        <ele>322.5</ele>
      </trkpt>
      <trkpt lat="37.893" lon="-122.25772">
        <ele>321.1</ele>
      </trkpt>
      <trkpt lat="37.89292" lon="-122.25768">
        <ele>320.8</ele>
      </trkpt>
      <trkpt lat="37.89289" lon="-122.25766">
        <ele>320.7</ele>
      </trkpt>
      <trkpt lat="37.89284" lon="-122.25762">
        <ele>320.5</ele>
      </trkpt>
      <trkpt lat="37.89279" lon="-122.25758">
        <ele>320.4</ele>
      </trkpt>
      <trkpt lat="37.89275" lon="-122.25753">
        <ele>320.5</ele>
      </trkpt>
      <trkpt lat="37.89271" lon="-122.25748">
        <ele>320.6</ele>
      </trkpt>
      <trkpt lat="37.89268" lon="-122.25743">
        <ele>321.0</ele>
      </trkpt>
      <trkpt lat="37.89266" lon="-122.25738">
        <ele>321.5</ele>
      </trkpt>
      <trkpt lat="37.89264" lon="-122.25733">
        <ele>322.2</ele>
      </trkpt>
      <trkpt lat="37.89262" lon="-122.25727">
        <ele>323.2</ele>
      </trkpt>
      <trkpt lat="37.8926" lon="-122.2572">
        <ele>324.2</ele>
      </trkpt>
      <trkpt lat="37.89259" lon="-122.25714">
        <ele>324.8</ele>
      </trkpt>
      <trkpt lat="37.89259" lon="-122.25708">
        <ele>325.3</ele>
      </trkpt>
      <trkpt lat="37.89259" lon="-122.25705">
        <ele>325.5</ele>
      </trkpt>
      <trkpt lat="37.89259" lon="-122.25703">
        <ele>325.6</ele>
      </trkpt>
      <trkpt lat="37.89259" lon="-122.25699">
        <ele>325.9</ele>
      </trkpt>
      <trkpt lat="37.89259" lon="-122.25694">
        <ele>326.3</ele>
      </trkpt>
      <trkpt lat="37.89259" lon="-122.25686">
        <ele>326.9</ele>
      </trkpt>
      <trkpt lat="37.8926" lon="-122.25679">
        <ele>327.5</ele>
      </trkpt>
      <trkpt lat="37.89259" lon="-122.2567">
        <ele>327.6</ele>
      </trkpt>
      <trkpt lat="37.89259" lon="-122.25666">
        <ele>327.7</ele>
      </trkpt>
      <trkpt lat="37.89259" lon="-122.25664">
        <ele>327.8</ele>
      </trkpt>
      <trkpt lat="37.89258" lon="-122.25661">
        <ele>327.7</ele>
      </trkpt>
      <trkpt lat="37.89258" lon="-122.25657">
        <ele>327.8</ele>
      </trkpt>
      <trkpt lat="37.89254" lon="-122.25639">
        <ele>327.9</ele>
      </trkpt>
      <trkpt lat="37.89252" lon="-122.25628">
        <ele>328.0</ele>
      </trkpt>
      <trkpt lat="37.89248" lon="-122.25615">
        <ele>327.9</ele>
      </trkpt>
      <trkpt lat="37.89246" lon="-122.25603">
        <ele>328.1</ele>
      </trkpt>
      <trkpt lat="37.89242" lon="-122.25594">
        <ele>328.0</ele>
      </trkpt>
      <trkpt lat="37.89239" lon="-122.25588">
        <ele>327.9</ele>
      </trkpt>
      <trkpt lat="37.89237" lon="-122.25583">
        <ele>327.9</ele>
      </trkpt>
      <trkpt lat="37.89236" lon="-122.25582">
        <ele>327.9</ele>
      </trkpt>
      <trkpt lat="37.89235" lon="-122.25583">
        <ele>327.7</ele>
      </trkpt>
      <trkpt lat="37.89231" lon="-122.25576">
        <ele>327.7</ele>
      </trkpt>
      <trkpt lat="37.8922" lon="-122.25564">
        <ele>327.9</ele>
      </trkpt>
      <trkpt lat="37.89202" lon="-122.25551">
        <ele>329.7</ele>
      </trkpt>
      <trkpt lat="37.89187" lon="-122.25538">
        <ele>331.6</ele>
      </trkpt>
      <trkpt lat="37.89139" lon="-122.25472">
        <ele>334.0</ele>
      </trkpt>
      <trkpt lat="37.89127" lon="-122.25454">
        <ele>336.1</ele>
      </trkpt>
      <trkpt lat="37.89115" lon="-122.25432">
        <ele>337.6</ele>
      </trkpt>
      <trkpt lat="37.89099" lon="-122.25397">
        <ele>338.3</ele>
      </trkpt>
      <trkpt lat="37.89093" lon="-122.25381">
        <ele>338.1</ele>
      </trkpt>
      <trkpt lat="37.89082" lon="-122.25348">
        <ele>337.8</ele>
      </trkpt>
      <trkpt lat="37.89076" lon="-122.25325">
        <ele>337.8</ele>
      </trkpt>
      <trkpt lat="37.89068" lon="-122.25282">
        <ele>337.2</ele>
      </trkpt>
      <trkpt lat="37.89062" lon="-122.25267">
        <ele>336.1</ele>
      </trkpt>
      <trkpt lat="37.89053" lon="-122.25252">
        <ele>335.2</ele>
      </trkpt>
      <trkpt lat="37.89041" lon="-122.2524">
        <ele>334.8</ele>
      </trkpt>
      <trkpt lat="37.89048" lon="-122.2523">
        <ele>336.3</ele>
      </trkpt>
      <trkpt lat="37.89097" lon="-122.25187">
        <ele>335.2</ele>
      </trkpt>
      <trkpt lat="37.89103" lon="-122.25178">
        <ele>334.8</ele>
      </trkpt>
      <trkpt lat="37.89108" lon="-122.25168">
        <ele>334.6</ele>
      </trkpt>
      <trkpt lat="37.89113" lon="-122.25156">
        <ele>334.3</ele>
      </trkpt>
      <trkpt lat="37.89123" lon="-122.25128">
        <ele>332.4</ele>
      </trkpt>
      <trkpt lat="37.89134" lon="-122.25083">
        <ele>332.2</ele>
      </trkpt>
      <trkpt lat="37.89135" lon="-122.25065">
        <ele>332.3</ele>
      </trkpt>
      <trkpt lat="37.89135" lon="-122.25044">
        <ele>332.4</ele>
      </trkpt>
      <trkpt lat="37.89133" lon="-122.25021">
        <ele>333.1</ele>
      </trkpt>
      <trkpt lat="37.89129" lon="-122.24996">
        <ele>335.6</ele>
      </trkpt>
      <trkpt lat="37.89115" lon="-122.24941">
        <ele>339.4</ele>
      </trkpt>
      <trkpt lat="37.89113" lon="-122.24926">
        <ele>339.6</ele>
      </trkpt>
      <trkpt lat="37.8911" lon="-122.24913">
        <ele>339.8</ele>
      </trkpt>
      <trkpt lat="37.89102" lon="-122.24886">
        <ele>339.4</ele>
      </trkpt>
      <trkpt lat="37.8909" lon="-122.24866">
        <ele>340.1</ele>
      </trkpt>
      <trkpt lat="37.89078" lon="-122.24852">
        <ele>342.3</ele>
      </trkpt>
      <trkpt lat="37.89058" lon="-122.24837">
        <ele>344.5</ele>
      </trkpt>
      <trkpt lat="37.89043" lon="-122.24828">
        <ele>346.7</ele>
      </trkpt>
      <trkpt lat="37.89036" lon="-122.24821">
        <ele>347.9</ele>
      </trkpt>
      <trkpt lat="37.89021" lon="-122.24799">
        <ele>350.8</ele>
      </trkpt>
      <trkpt lat="37.89012" lon="-122.2479">
        <ele>351.0</ele>
      </trkpt>
      <trkpt lat="37.89005" lon="-122.24784">
        <ele>350.4</ele>
      </trkpt>
      <trkpt lat="37.8898" lon="-122.24776">
        <ele>349.7</ele>
      </trkpt>
      <trkpt lat="37.8892" lon="-122.2476">
        <ele>351.1</ele>
      </trkpt>
      <trkpt lat="37.8891" lon="-122.24756">
        <ele>351.0</ele>
      </trkpt>
      <trkpt lat="37.88895" lon="-122.24755">
        <ele>351.6</ele>
      </trkpt>
      <trkpt lat="37.88882" lon="-122.24755">
        <ele>352.2</ele>
      </trkpt>
      <trkpt lat="37.88873" lon="-122.24759">
        <ele>352.9</ele>
      </trkpt>
      <trkpt lat="37.88866" lon="-122.24764">
        <ele>354.0</ele>
      </trkpt>
      <trkpt lat="37.88858" lon="-122.24771">
        <ele>355.5</ele>
      </trkpt>
      <trkpt lat="37.888" lon="-122.24848">
        <ele>366.3</ele>
      </trkpt>
      <trkpt lat="37.88794" lon="-122.24853">
        <ele>367.3</ele>
      </trkpt>
      <trkpt lat="37.88787" lon="-122.24857">
        <ele>368.1</ele>
      </trkpt>
      <trkpt lat="37.88779" lon="-122.24859">
        <ele>368.6</ele>
      </trkpt>
      <trkpt lat="37.88767" lon="-122.24857">
        <ele>369.0</ele>
      </trkpt>
      <trkpt lat="37.88758" lon="-122.24851">
        <ele>369.0</ele>
      </trkpt>
      <trkpt lat="37.88743" lon="-122.24828">
        <ele>368.6</ele>
      </trkpt>
      <trkpt lat="37.88734" lon="-122.24799">
        <ele>367.8</ele>
      </trkpt>
      <trkpt lat="37.8873" lon="-122.24757">
        <ele>362.7</ele>
      </trkpt>
      <trkpt lat="37.88718" lon="-122.24701">
        <ele>357.0</ele>
      </trkpt>
      <trkpt lat="37.88713" lon="-122.24662">
        <ele>353.6</ele>
      </trkpt>
      <trkpt lat="37.88719" lon="-122.24624">
        <ele>351.3</ele>
      </trkpt>
      <trkpt lat="37.88734" lon="-122.24541">
        <ele>346.1</ele>
      </trkpt>
      <trkpt lat="37.88732" lon="-122.24483">
        <ele>342.5</ele>
      </trkpt>
      <trkpt lat="37.88722" lon="-122.24439">
        <ele>340.5</ele>
      </trkpt>
      <trkpt lat="37.88691" lon="-122.24391">
        <ele>339.8</ele>
      </trkpt>
      <trkpt lat="37.88663" lon="-122.24341">
        <ele>339.7</ele>
      </trkpt>
      <trkpt lat="37.88635" lon="-122.24292">
        <ele>342.1</ele>
      </trkpt>
      <trkpt lat="37.88622" lon="-122.24288">
        <ele>343.9</ele>
      </trkpt>
      <trkpt lat="37.88599" lon="-122.24283">
        <ele>344.8</ele>
      </trkpt>
      <trkpt lat="37.88549" lon="-122.24278">
        <ele>349.8</ele>
      </trkpt>
      <trkpt lat="37.88531" lon="-122.24279">
        <ele>350.9</ele>
      </trkpt>
      <trkpt lat="37.88497" lon="-122.24283">
        <ele>352.8</ele>
      </trkpt>
      <trkpt lat="37.88484" lon="-122.24287">
        <ele>354.8</ele>
      </trkpt>
      <trkpt lat="37.88474" lon="-122.24292">
        <ele>356.3</ele>
      </trkpt>
      <trkpt lat="37.88459" lon="-122.24303">
        <ele>358.0</ele>
      </trkpt>
      <trkpt lat="37.88445" lon="-122.24315">
        <ele>360.3</ele>
      </trkpt>
      <trkpt lat="37.8844" lon="-122.24273">
        <ele>358.7</ele>
      </trkpt>
      <trkpt lat="37.88444" lon="-122.24257">
        <ele>360.9</ele>
      </trkpt>
      <trkpt lat="37.8846" lon="-122.2424">
        <ele>359.1</ele>
      </trkpt>
      <trkpt lat="37.8848" lon="-122.24226">
        <ele>362.7</ele>
      </trkpt>
      <trkpt lat="37.88508" lon="-122.24218">
        <ele>360.6</ele>
      </trkpt>
      <trkpt lat="37.88532" lon="-122.24205">
        <ele>361.4</ele>
      </trkpt>
      <trkpt lat="37.88543" lon="-122.24201">
        <ele>363.9</ele>
      </trkpt>
      <trkpt lat="37.88555" lon="-122.24204">
        <ele>362.9</ele>
      </trkpt>
      <trkpt lat="37.88572" lon="-122.24205">
        <ele>361.6</ele>
      </trkpt>
      <trkpt lat="37.88584" lon="-122.24204">
        <ele>359.6</ele>
      </trkpt>
      <trkpt lat="37.88593" lon="-122.24201">
        <ele>355.0</ele>
      </trkpt>
      <trkpt lat="37.88602" lon="-122.24196">
        <ele>349.7</ele>
      </trkpt>
      <trkpt lat="37.8861" lon="-122.2419">
        <ele>346.4</ele>
      </trkpt>
      <trkpt lat="37.88617" lon="-122.24177">
        <ele>344.5</ele>
      </trkpt>
      <trkpt lat="37.88619" lon="-122.24165">
        <ele>344.0</ele>
      </trkpt>
      <trkpt lat="37.88618" lon="-122.2415">
        <ele>344.5</ele>
      </trkpt>
      <trkpt lat="37.88617" lon="-122.2414">
        <ele>344.9</ele>
      </trkpt>
      <trkpt lat="37.88616" lon="-122.2414">
        <ele>345.2</ele>
      </trkpt>
      <trkpt lat="37.88616" lon="-122.2414">
        <ele>345.2</ele>
      </trkpt>
      <trkpt lat="37.88614" lon="-122.2413">
        <ele>345.9</ele>
      </trkpt>
      <trkpt lat="37.88614" lon="-122.24129">
        <ele>345.9</ele>
      </trkpt>
      <trkpt lat="37.88614" lon="-122.24128">
        <ele>345.9</ele>
      </trkpt>
      <trkpt lat="37.88613" lon="-122.24127">
        <ele>346.3</ele>
      </trkpt>
      <trkpt lat="37.8861" lon="-122.24104">
        <ele>348.1</ele>
      </trkpt>
      <trkpt lat="37.88609" lon="-122.24091">
        <ele>348.9</ele>
      </trkpt>
      <trkpt lat="37.88608" lon="-122.24085">
        <ele>348.9</ele>
      </trkpt>
      <trkpt lat="37.88608" lon="-122.24084">
        <ele>348.9</ele>
      </trkpt>
      <trkpt lat="37.88607" lon="-122.24062">
        <ele>347.3</ele>
      </trkpt>
      <trkpt lat="37.88607" lon="-122.24061">
        <ele>347.3</ele>
      </trkpt>
      <trkpt lat="37.88607" lon="-122.24059">
        <ele>347.2</ele>
      </trkpt>
      <trkpt lat="37.88606" lon="-122.24039">
        <ele>347.5</ele>
      </trkpt>
      <trkpt lat="37.88606" lon="-122.24038">
        <ele>347.5</ele>
      </trkpt>
      <trkpt lat="37.88606" lon="-122.24036">
        <ele>347.6</ele>
      </trkpt>
      <trkpt lat="37.88604" lon="-122.23994">
        <ele>347.6</ele>
      </trkpt>
      <trkpt lat="37.88604" lon="-122.23993">
        <ele>347.5</ele>
      </trkpt>
      <trkpt lat="37.88604" lon="-122.23992">
        <ele>347.4</ele>
      </trkpt>
      <trkpt lat="37.88604" lon="-122.23991">
        <ele>347.4</ele>
      </trkpt>
      <trkpt lat="37.88603" lon="-122.23973">
        <ele>346.8</ele>
      </trkpt>
      <trkpt lat="37.88603" lon="-122.23965">
        <ele>346.9</ele>
      </trkpt>
      <trkpt lat="37.88602" lon="-122.2396">
        <ele>347.5</ele>
      </trkpt>
      <trkpt lat="37.88603" lon="-122.23956">
        <ele>347.7</ele>
      </trkpt>
      <trkpt lat="37.88611" lon="-122.23938">
        <ele>347.7</ele>
      </trkpt>
      <trkpt lat="37.88615" lon="-122.23925">
        <ele>347.6</ele>
      </trkpt>
      <trkpt lat="37.88618" lon="-122.23911">
        <ele>347.9</ele>
      </trkpt>
      <trkpt lat="37.88619" lon="-122.23906">
        <ele>348.0</ele>
      </trkpt>
      <trkpt lat="37.88619" lon="-122.23905">
        <ele>348.0</ele>
      </trkpt>
      <trkpt lat="37.88619" lon="-122.23904">
        <ele>348.1</ele>
      </trkpt>
      <trkpt lat="37.88622" lon="-122.23884">
        <ele>348.4</ele>
      </trkpt>
      <trkpt lat="37.88622" lon="-122.23882">
        <ele>348.5</ele>
      </trkpt>
      <trkpt lat="37.88624" lon="-122.23867">
        <ele>348.5</ele>
      </trkpt>
      <trkpt lat="37.88624" lon="-122.23861">
        <ele>348.7</ele>
      </trkpt>
      <trkpt lat="37.88624" lon="-122.23859">
        <ele>348.8</ele>
      </trkpt>
      <trkpt lat="37.88624" lon="-122.2385">
        <ele>349.2</ele>
      </trkpt>
      <trkpt lat="37.88624" lon="-122.23839">
        <ele>350.0</ele>
      </trkpt>
      <trkpt lat="37.88623" lon="-122.23838">
        <ele>350.4</ele>
      </trkpt>
      <trkpt lat="37.88623" lon="-122.23831">
        <ele>350.8</ele>
      </trkpt>
      <trkpt lat="37.88623" lon="-122.23815">
        <ele>351.3</ele>
      </trkpt>
      <trkpt lat="37.88623" lon="-122.23813">
        <ele>351.3</ele>
      </trkpt>
      <trkpt lat="37.88623" lon="-122.23802">
        <ele>351.3</ele>
      </trkpt>
      <trkpt lat="37.88624" lon="-122.23794">
        <ele>351.0</ele>
      </trkpt>
      <trkpt lat="37.88624" lon="-122.23792">
        <ele>351.0</ele>
      </trkpt>
      <trkpt lat="37.88625" lon="-122.23783">
        <ele>350.7</ele>
      </trkpt>
      <trkpt lat="37.88629" lon="-122.23747">
        <ele>352.9</ele>
      </trkpt>
      <trkpt lat="37.88629" lon="-122.23745">
        <ele>352.9</ele>
      </trkpt>
      <trkpt lat="37.88629" lon="-122.2374">
        <ele>352.7</ele>
      </trkpt>
      <trkpt lat="37.88631" lon="-122.23725">
        <ele>353.1</ele>
      </trkpt>
      <trkpt lat="37.88632" lon="-122.23718">
        <ele>353.9</ele>
      </trkpt>
      <trkpt lat="37.88632" lon="-122.23704">
        <ele>355.9</ele>
      </trkpt>
      <trkpt lat="37.8863" lon="-122.2369">
        <ele>358.1</ele>
      </trkpt>
      <trkpt lat="37.88629" lon="-122.23683">
        <ele>359.1</ele>
      </trkpt>
      <trkpt lat="37.88628" lon="-122.23678">
        <ele>359.7</ele>
      </trkpt>
      <trkpt lat="37.88622" lon="-122.23653">
        <ele>361.5</ele>
      </trkpt>
      <trkpt lat="37.88611" lon="-122.23639">
        <ele>364.0</ele>
      </trkpt>
      <trkpt lat="37.88608" lon="-122.23635">
        <ele>364.4</ele>
      </trkpt>
      <trkpt lat="37.88605" lon="-122.23629">
        <ele>364.5</ele>
      </trkpt>
      <trkpt lat="37.88603" lon="-122.2362">
        <ele>363.6</ele>
      </trkpt>
      <trkpt lat="37.88603" lon="-122.23619">
        <ele>363.5</ele>
      </trkpt>
      <trkpt lat="37.88601" lon="-122.23613">
        <ele>363.7</ele>
      </trkpt>
      <trkpt lat="37.88602" lon="-122.23606">
        <ele>364.0</ele>
      </trkpt>
      <trkpt lat="37.88602" lon="-122.236">
        <ele>365.0</ele>
      </trkpt>
      <trkpt lat="37.88603" lon="-122.23597">
        <ele>365.5</ele>
      </trkpt>
      <trkpt lat="37.88604" lon="-122.23596">
        <ele>365.5</ele>
      </trkpt>
      <trkpt lat="37.88605" lon="-122.23593">
        <ele>366.0</ele>
      </trkpt>
      <trkpt lat="37.88611" lon="-122.23587">
        <ele>365.5</ele>
      </trkpt>
      <trkpt lat="37.88617" lon="-122.23583">
        <ele>364.0</ele>
      </trkpt>
      <trkpt lat="37.88631" lon="-122.23573">
        <ele>357.0</ele>
      </trkpt>
      <trkpt lat="37.88633" lon="-122.23571">
        <ele>355.5</ele>
      </trkpt>
      <trkpt lat="37.88634" lon="-122.2357">
        <ele>354.8</ele>
      </trkpt>
      <trkpt lat="37.88637" lon="-122.23567">
        <ele>352.8</ele>
      </trkpt>
      <trkpt lat="37.88638" lon="-122.23565">
        <ele>352.1</ele>
      </trkpt>
      <trkpt lat="37.88639" lon="-122.23563">
        <ele>351.7</ele>
      </trkpt>
      <trkpt lat="37.8864" lon="-122.2356">
        <ele>351.8</ele>
      </trkpt>
      <trkpt lat="37.8864" lon="-122.23557">
        <ele>352.1</ele>
      </trkpt>
      <trkpt lat="37.8864" lon="-122.23552">
        <ele>352.7</ele>
      </trkpt>
      <trkpt lat="37.88639" lon="-122.23548">
        <ele>353.3</ele>
      </trkpt>
      <trkpt lat="37.88614" lon="-122.23556">
        <ele>363.2</ele>
      </trkpt>
      <trkpt lat="37.88608" lon="-122.2354">
        <ele>362.8</ele>
      </trkpt>
      <trkpt lat="37.88606" lon="-122.2353">
        <ele>361.8</ele>
      </trkpt>
      <trkpt lat="37.88609" lon="-122.23521">
        <ele>360.4</ele>
      </trkpt>
      <trkpt lat="37.88615" lon="-122.23511">
        <ele>361.3</ele>
      </trkpt>
      <trkpt lat="37.88633" lon="-122.23496">
        <ele>363.8</ele>
      </trkpt>
      <trkpt lat="37.88643" lon="-122.23485">
        <ele>363.9</ele>
      </trkpt>
      <trkpt lat="37.88665" lon="-122.23455">
        <ele>367.0</ele>
      </trkpt>
      <trkpt lat="37.88668" lon="-122.23444">
        <ele>368.1</ele>
      </trkpt>
      <trkpt lat="37.88669" lon="-122.23441">
        <ele>368.2</ele>
      </trkpt>
      <trkpt lat="37.88667" lon="-122.23432">
        <ele>368.5</ele>
      </trkpt>
      <trkpt lat="37.88659" lon="-122.23415">
        <ele>370.3</ele>
      </trkpt>
      <trkpt lat="37.88624" lon="-122.23358">
        <ele>379.4</ele>
      </trkpt>
      <trkpt lat="37.88622" lon="-122.23352">
        <ele>379.8</ele>
      </trkpt>
      <trkpt lat="37.88621" lon="-122.23315">
        <ele>377.8</ele>
      </trkpt>
      <trkpt lat="37.88622" lon="-122.23284">
        <ele>377.1</ele>
      </trkpt>
      <trkpt lat="37.88626" lon="-122.23295">
        <ele>376.7</ele>
      </trkpt>
      <trkpt lat="37.88636" lon="-122.2331">
        <ele>375.8</ele>
      </trkpt>
      <trkpt lat="37.88665" lon="-122.23343">
        <ele>373.8</ele>
      </trkpt>
      <trkpt lat="37.88674" lon="-122.23348">
        <ele>373.1</ele>
      </trkpt>
      <trkpt lat="37.88681" lon="-122.2335">
        <ele>371.8</ele>
      </trkpt>
      <trkpt lat="37.88689" lon="-122.2335">
        <ele>369.9</ele>
      </trkpt>
      <trkpt lat="37.88689" lon="-122.2335">
        <ele>369.9</ele>
      </trkpt>
      <trkpt lat="37.88681" lon="-122.2335">
        <ele>371.8</ele>
      </trkpt>
      <trkpt lat="37.88674" lon="-122.23348">
        <ele>373.1</ele>
      </trkpt>
      <trkpt lat="37.88665" lon="-122.23343">
        <ele>373.8</ele>
      </trkpt>
      <trkpt lat="37.88636" lon="-122.2331">
        <ele>375.8</ele>
      </trkpt>
      <trkpt lat="37.88626" lon="-122.23295">
        <ele>376.7</ele>
      </trkpt>
      <trkpt lat="37.88622" lon="-122.23284">
        <ele>377.1</ele>
      </trkpt>
      <trkpt lat="37.88619" lon="-122.23273">
        <ele>377.5</ele>
      </trkpt>
      <trkpt lat="37.88619" lon="-122.23266">
        <ele>377.6</ele>
      </trkpt>
      <trkpt lat="37.88621" lon="-122.23259">
        <ele>377.5</ele>
      </trkpt>
      <trkpt lat="37.88626" lon="-122.23251">
        <ele>377.3</ele>
      </trkpt>
      <trkpt lat="37.88632" lon="-122.23245">
        <ele>377.2</ele>
      </trkpt>
      <trkpt lat="37.88637" lon="-122.23242">
        <ele>377.2</ele>
      </trkpt>
      <trkpt lat="37.88644" lon="-122.23239">
        <ele>377.0</ele>
      </trkpt>
      <trkpt lat="37.88649" lon="-122.23239">
        <ele>376.9</ele>
      </trkpt>
      <trkpt lat="37.88663" lon="-122.23243">
        <ele>376.8</ele>
      </trkpt>
      <trkpt lat="37.88667" lon="-122.23241">
        <ele>377.6</ele>
      </trkpt>
      <trkpt lat="37.88677" lon="-122.23234">
        <ele>378.8</ele>
      </trkpt>
      <trkpt lat="37.88703" lon="-122.23268">
        <ele>374.0</ele>
      </trkpt>
      <trkpt lat="37.88711" lon="-122.23275">
        <ele>373.9</ele>
      </trkpt>
      <trkpt lat="37.88711" lon="-122.23275">
        <ele>373.9</ele>
      </trkpt>
      <trkpt lat="37.88729" lon="-122.23292">
        <ele>373.2</ele>
      </trkpt>
      <trkpt lat="37.88752" lon="-122.23309">
        <ele>371.1</ele>
      </trkpt>
      <trkpt lat="37.88776" lon="-122.2331">
        <ele>369.8</ele>
      </trkpt>
      <trkpt lat="37.88812" lon="-122.23346">
        <ele>362.8</ele>
      </trkpt>
      <trkpt lat="37.88848" lon="-122.23383">
        <ele>354.5</ele>
      </trkpt>
      <trkpt lat="37.88901" lon="-122.23437">
        <ele>344.0</ele>
      </trkpt>
      <trkpt lat="37.88952" lon="-122.2349">
        <ele>338.6</ele>
      </trkpt>
      <trkpt lat="37.88964" lon="-122.23509">
        <ele>338.7</ele>
      </trkpt>
      <trkpt lat="37.88996" lon="-122.2357">
        <ele>337.5</ele>
      </trkpt>
      <trkpt lat="37.89027" lon="-122.23631">
        <ele>333.8</ele>
      </trkpt>
      <trkpt lat="37.89032" lon="-122.23642">
        <ele>333.6</ele>
      </trkpt>
      <trkpt lat="37.89034" lon="-122.23651">
        <ele>333.4</ele>
      </trkpt>
      <trkpt lat="37.89037" lon="-122.23666">
        <ele>333.2</ele>
      </trkpt>
      <trkpt lat="37.89037" lon="-122.237">
        <ele>331.8</ele>
      </trkpt>
      <trkpt lat="37.89038" lon="-122.23723">
        <ele>331.0</ele>
      </trkpt>
      <trkpt lat="37.89043" lon="-122.23749">
        <ele>329.4</ele>
      </trkpt>
      <trkpt lat="37.89057" lon="-122.23823">
        <ele>324.2</ele>
      </trkpt>
      <trkpt lat="37.89059" lon="-122.23838">
        <ele>322.5</ele>
      </trkpt>
      <trkpt lat="37.8906" lon="-122.2386">
        <ele>320.7</ele>
      </trkpt>
      <trkpt lat="37.89057" lon="-122.2393">
        <ele>314.4</ele>
      </trkpt>
      <trkpt lat="37.89058" lon="-122.23953">
        <ele>312.3</ele>
      </trkpt>
      <trkpt lat="37.8906" lon="-122.23973">
        <ele>310.4</ele>
      </trkpt>
      <trkpt lat="37.89067" lon="-122.23996">
        <ele>308.8</ele>
      </trkpt>
      <trkpt lat="37.89076" lon="-122.24018">
        <ele>307.4</ele>
      </trkpt>
      <trkpt lat="37.89095" lon="-122.24045">
        <ele>304.6</ele>
      </trkpt>
      <trkpt lat="37.89148" lon="-122.24116">
        <ele>298.4</ele>
      </trkpt>
      <trkpt lat="37.89201" lon="-122.24186">
        <ele>295.0</ele>
      </trkpt>
      <trkpt lat="37.89201" lon="-122.24186">
        <ele>295.0</ele>
      </trkpt>
      <trkpt lat="37.8921" lon="-122.24198">
        <ele>294.3</ele>
      </trkpt>
      <trkpt lat="37.89243" lon="-122.2422">
        <ele>290.6</ele>
      </trkpt>
      <trkpt lat="37.89255" lon="-122.24226">
        <ele>289.0</ele>
      </trkpt>
      <trkpt lat="37.89296" lon="-122.24238">
        <ele>285.2</ele>
      </trkpt>
      <trkpt lat="37.89304" lon="-122.24232">
        <ele>285.6</ele>
      </trkpt>
      <trkpt lat="37.89304" lon="-122.24232">
        <ele>285.6</ele>
      </trkpt>
      <trkpt lat="37.8931" lon="-122.24227">
        <ele>285.9</ele>
      </trkpt>
      <trkpt lat="37.89323" lon="-122.24222">
        <ele>286.0</ele>
      </trkpt>
      <trkpt lat="37.89338" lon="-122.2422">
        <ele>285.9</ele>
      </trkpt>
      <trkpt lat="37.89346" lon="-122.24222">
        <ele>285.8</ele>
      </trkpt>
      <trkpt lat="37.8935" lon="-122.24224">
        <ele>285.7</ele>
      </trkpt>
      <trkpt lat="37.89366" lon="-122.24237">
        <ele>286.2</ele>
      </trkpt>
      <trkpt lat="37.89376" lon="-122.24241">
        <ele>287.7</ele>
      </trkpt>
      <trkpt lat="37.89384" lon="-122.2424">
        <ele>288.4</ele>
      </trkpt>
      <trkpt lat="37.89394" lon="-122.24235">
        <ele>289.4</ele>
      </trkpt>
      <trkpt lat="37.89403" lon="-122.24234">
        <ele>289.8</ele>
      </trkpt>
      <trkpt lat="37.89408" lon="-122.24235">
        <ele>289.8</ele>
      </trkpt>
      <trkpt lat="37.89412" lon="-122.24238">
        <ele>289.8</ele>
      </trkpt>
      <trkpt lat="37.89422" lon="-122.24247">
        <ele>289.9</ele>
      </trkpt>
      <trkpt lat="37.89427" lon="-122.24253">
        <ele>290.0</ele>
      </trkpt>
      <trkpt lat="37.89427" lon="-122.24253">
        <ele>290.0</ele>
      </trkpt>
      <trkpt lat="37.89448" lon="-122.24278">
        <ele>290.2</ele>
      </trkpt>
      <trkpt lat="37.89479" lon="-122.24312">
        <ele>290.5</ele>
      </trkpt>
      <trkpt lat="37.8951" lon="-122.24349">
        <ele>295.1</ele>
      </trkpt>
      <trkpt lat="37.89524" lon="-122.24364">
        <ele>295.0</ele>
      </trkpt>
      <trkpt lat="37.89536" lon="-122.24373">
        <ele>294.9</ele>
      </trkpt>
      <trkpt lat="37.89543" lon="-122.24376">
        <ele>295.1</ele>
      </trkpt>
      <trkpt lat="37.89576" lon="-122.24383">
        <ele>295.9</ele>
      </trkpt>
      <trkpt lat="37.89607" lon="-122.24397">
        <ele>299.6</ele>
      </trkpt>
      <trkpt lat="37.89649" lon="-122.24414">
        <ele>301.6</ele>
      </trkpt>
      <trkpt lat="37.89656" lon="-122.24417">
        <ele>301.9</ele>
      </trkpt>
      <trkpt lat="37.89661" lon="-122.24422">
        <ele>302.3</ele>
      </trkpt>
      <trkpt lat="37.89665" lon="-122.24428">
        <ele>302.7</ele>
      </trkpt>
      <trkpt lat="37.89668" lon="-122.24436">
        <ele>303.1</ele>
      </trkpt>
      <trkpt lat="37.89674" lon="-122.24464">
        <ele>303.0</ele>
      </trkpt>
      <trkpt lat="37.89678" lon="-122.24476">
        <ele>302.8</ele>
      </trkpt>
      <trkpt lat="37.89685" lon="-122.24487">
        <ele>302.7</ele>
      </trkpt>
      <trkpt lat="37.89698" lon="-122.24499">
        <ele>303.0</ele>
      </trkpt>
      <trkpt lat="37.89703" lon="-122.24506">
        <ele>303.0</ele>
      </trkpt>
      <trkpt lat="37.89704" lon="-122.24518">
        <ele>302.7</ele>
      </trkpt>
      <trkpt lat="37.89704" lon="-122.24534">
        <ele>302.5</ele>
      </trkpt>
      <trkpt lat="37.89699" lon="-122.24582">
        <ele>302.1</ele>
      </trkpt>
      <trkpt lat="37.89699" lon="-122.24593">
        <ele>301.7</ele>
      </trkpt>
      <trkpt lat="37.89701" lon="-122.24605">
        <ele>301.3</ele>
      </trkpt>
      <trkpt lat="37.89706" lon="-122.24617">
        <ele>301.0</ele>
      </trkpt>
      <trkpt lat="37.89714" lon="-122.24626">
        <ele>300.9</ele>
      </trkpt>
      <trkpt lat="37.89724" lon="-122.24633">
        <ele>301.0</ele>
      </trkpt>
      <trkpt lat="37.89748" lon="-122.24644">
        <ele>301.3</ele>
      </trkpt>
      <trkpt lat="37.89759" lon="-122.24651">
        <ele>301.4</ele>
      </trkpt>
      <trkpt lat="37.89773" lon="-122.24663">
        <ele>301.4</ele>
      </trkpt>
      <trkpt lat="37.89773" lon="-122.24663">
        <ele>301.4</ele>
      </trkpt>
      <trkpt lat="37.89822" lon="-122.24713">
        <ele>301.0</ele>
      </trkpt>
      <trkpt lat="37.89871" lon="-122.24764">
        <ele>301.1</ele>
      </trkpt>
      <trkpt lat="37.89878" lon="-122.24769">
        <ele>301.1</ele>
      </trkpt>
      <trkpt lat="37.89886" lon="-122.24774">
        <ele>301.1</ele>
      </trkpt>
      <trkpt lat="37.89895" lon="-122.24775">
        <ele>301.2</ele>
      </trkpt>
      <trkpt lat="37.89904" lon="-122.24775">
        <ele>301.3</ele>
      </trkpt>
      <trkpt lat="37.89925" lon="-122.24774">
        <ele>301.1</ele>
      </trkpt>
      <trkpt lat="37.89942" lon="-122.24775">
        <ele>301.5</ele>
      </trkpt>
      <trkpt lat="37.89949" lon="-122.24777">
        <ele>301.9</ele>
      </trkpt>
      <trkpt lat="37.89956" lon="-122.24782">
        <ele>302.1</ele>
      </trkpt>
      <trkpt lat="37.89965" lon="-122.24794">
        <ele>302.1</ele>
      </trkpt>
      <trkpt lat="37.89971" lon="-122.24808">
        <ele>302.3</ele>
      </trkpt>
      <trkpt lat="37.89974" lon="-122.24822">
        <ele>302.6</ele>
      </trkpt>
      <trkpt lat="37.89974" lon="-122.24836">
        <ele>302.8</ele>
      </trkpt>
      <trkpt lat="37.89973" lon="-122.24852">
        <ele>303.2</ele>
      </trkpt>
      <trkpt lat="37.8996" lon="-122.24921">
        <ele>305.4</ele>
      </trkpt>
      <trkpt lat="37.89959" lon="-122.24936">
        <ele>306.9</ele>
      </trkpt>
      <trkpt lat="37.8996" lon="-122.24949">
        <ele>306.6</ele>
      </trkpt>
      <trkpt lat="37.89965" lon="-122.24961">
        <ele>306.5</ele>
      </trkpt>
      <trkpt lat="37.8997" lon="-122.24968">
        <ele>306.5</ele>
      </trkpt>
      <trkpt lat="37.89978" lon="-122.24977">
        <ele>306.7</ele>
      </trkpt>
      <trkpt lat="37.90053" lon="-122.25027">
        <ele>305.9</ele>
      </trkpt>
      <trkpt lat="37.90064" lon="-122.25031">
        <ele>305.5</ele>
      </trkpt>
      <trkpt lat="37.90072" lon="-122.25031">
        <ele>305.6</ele>
      </trkpt>
      <trkpt lat="37.90079" lon="-122.25029">
        <ele>305.7</ele>
      </trkpt>
      <trkpt lat="37.90086" lon="-122.25025">
        <ele>306.0</ele>
      </trkpt>
      <trkpt lat="37.90098" lon="-122.25014">
        <ele>306.3</ele>
      </trkpt>
      <trkpt lat="37.90104" lon="-122.25006">
        <ele>306.5</ele>
      </trkpt>
      <trkpt lat="37.90126" lon="-122.24973">
        <ele>309.8</ele>
      </trkpt>
      <trkpt lat="37.90169" lon="-122.2489">
        <ele>313.8</ele>
      </trkpt>
      <trkpt lat="37.90169" lon="-122.2489">
        <ele>313.8</ele>
      </trkpt>
      <trkpt lat="37.90174" lon="-122.24881">
        <ele>313.8</ele>
      </trkpt>
      <trkpt lat="37.90205" lon="-122.2483">
        <ele>313.9</ele>
      </trkpt>
      <trkpt lat="37.90246" lon="-122.24772">
        <ele>313.9</ele>
      </trkpt>
      <trkpt lat="37.9028" lon="-122.24732">
        <ele>314.0</ele>
      </trkpt>
      <trkpt lat="37.90322" lon="-122.24672">
        <ele>313.7</ele>
      </trkpt>
      <trkpt lat="37.90365" lon="-122.24611">
        <ele>313.9</ele>
      </trkpt>
      <trkpt lat="37.90399" lon="-122.24565">
        <ele>313.7</ele>
      </trkpt>
      <trkpt lat="37.90425" lon="-122.24535">
        <ele>313.5</ele>
      </trkpt>
      <trkpt lat="37.90448" lon="-122.24506">
        <ele>314.7</ele>
      </trkpt>
      <trkpt lat="37.90464" lon="-122.24484">
        <ele>315.8</ele>
      </trkpt>
      <trkpt lat="37.90478" lon="-122.24462">
        <ele>316.2</ele>
      </trkpt>
      <trkpt lat="37.90486" lon="-122.24471">
        <ele>315.5</ele>
      </trkpt>
      <trkpt lat="37.90488" lon="-122.24483">
        <ele>315.5</ele>
      </trkpt>
      <trkpt lat="37.90488" lon="-122.24495">
        <ele>316.2</ele>
      </trkpt>
      <trkpt lat="37.90475" lon="-122.24502">
        <ele>315.3</ele>
      </trkpt>
      <trkpt lat="37.90472" lon="-122.24506">
        <ele>315.5</ele>
      </trkpt>
      <trkpt lat="37.90472" lon="-122.24506">
        <ele>315.5</ele>
      </trkpt>
      <trkpt lat="37.90468" lon="-122.2451">
        <ele>315.5</ele>
      </trkpt>
      <trkpt lat="37.90454" lon="-122.24539">
        <ele>311.6</ele>
      </trkpt>
      <trkpt lat="37.90442" lon="-122.24554">
        <ele>309.9</ele>
      </trkpt>
      <trkpt lat="37.9043" lon="-122.24577">
        <ele>306.4</ele>
      </trkpt>
      <trkpt lat="37.90422" lon="-122.24598">
        <ele>303.1</ele>
      </trkpt>
      <trkpt lat="37.90409" lon="-122.24617">
        <ele>299.8</ele>
      </trkpt>
      <trkpt lat="37.90399" lon="-122.24643">
        <ele>297.6</ele>
      </trkpt>
      <trkpt lat="37.90383" lon="-122.2467">
        <ele>296.4</ele>
      </trkpt>
      <trkpt lat="37.90378" lon="-122.24692">
        <ele>293.9</ele>
      </trkpt>
      <trkpt lat="37.90394" lon="-122.24696">
        <ele>290.6</ele>
      </trkpt>
      <trkpt lat="37.904" lon="-122.24699">
        <ele>289.0</ele>
      </trkpt>
      <trkpt lat="37.90407" lon="-122.24704">
        <ele>287.2</ele>
      </trkpt>
      <trkpt lat="37.90411" lon="-122.2471">
        <ele>287.1</ele>
      </trkpt>
      <trkpt lat="37.90414" lon="-122.24717">
        <ele>286.8</ele>
      </trkpt>
      <trkpt lat="37.90417" lon="-122.24737">
        <ele>285.1</ele>
      </trkpt>
      <trkpt lat="37.90421" lon="-122.24752">
        <ele>283.6</ele>
      </trkpt>
      <trkpt lat="37.90429" lon="-122.24767">
        <ele>283.0</ele>
      </trkpt>
      <trkpt lat="37.90431" lon="-122.24775">
        <ele>282.3</ele>
      </trkpt>
      <trkpt lat="37.90434" lon="-122.24803">
        <ele>280.1</ele>
      </trkpt>
      <trkpt lat="37.9044" lon="-122.24837">
        <ele>280.3</ele>
      </trkpt>
      <trkpt lat="37.90441" lon="-122.24845">
        <ele>280.3</ele>
      </trkpt>
      <trkpt lat="37.90445" lon="-122.24934">
        <ele>278.2</ele>
      </trkpt>
      <trkpt lat="37.90449" lon="-122.24974">
        <ele>277.9</ele>
      </trkpt>
      <trkpt lat="37.90449" lon="-122.24981">
        <ele>277.9</ele>
      </trkpt>
      <trkpt lat="37.90444" lon="-122.25004">
        <ele>276.7</ele>
      </trkpt>
      <trkpt lat="37.90442" lon="-122.25013">
        <ele>276.0</ele>
      </trkpt>
      <trkpt lat="37.90442" lon="-122.2502">
        <ele>275.7</ele>
      </trkpt>
      <trkpt lat="37.90444" lon="-122.25029">
        <ele>275.9</ele>
      </trkpt>
      <trkpt lat="37.90447" lon="-122.25038">
        <ele>275.9</ele>
      </trkpt>
      <trkpt lat="37.90452" lon="-122.25047">
        <ele>276.1</ele>
      </trkpt>
      <trkpt lat="37.90458" lon="-122.25055">
        <ele>276.1</ele>
      </trkpt>
      <trkpt lat="37.90461" lon="-122.25058">
        <ele>276.0</ele>
      </trkpt>
      <trkpt lat="37.90466" lon="-122.2506">
        <ele>275.7</ele>
      </trkpt>
      <trkpt lat="37.90471" lon="-122.25059">
        <ele>275.6</ele>
      </trkpt>
      <trkpt lat="37.90509" lon="-122.25032">
        <ele>270.7</ele>
      </trkpt>
      <trkpt lat="37.90516" lon="-122.25026">
        <ele>270.0</ele>
      </trkpt>
      <trkpt lat="37.90557" lon="-122.24968">
        <ele>268.9</ele>
      </trkpt>
      <trkpt lat="37.90567" lon="-122.24959">
        <ele>268.7</ele>
      </trkpt>
      <trkpt lat="37.90573" lon="-122.24957">
        <ele>268.6</ele>
      </trkpt>
      <trkpt lat="37.90583" lon="-122.24956">
        <ele>268.0</ele>
      </trkpt>
      <trkpt lat="37.90592" lon="-122.24953">
        <ele>267.5</ele>
      </trkpt>
      <trkpt lat="37.90604" lon="-122.24944">
        <ele>267.3</ele>
      </trkpt>
      <trkpt lat="37.90615" lon="-122.24934">
        <ele>267.6</ele>
      </trkpt>
      <trkpt lat="37.90619" lon="-122.24931">
        <ele>267.7</ele>
      </trkpt>
      <trkpt lat="37.90623" lon="-122.2493">
        <ele>267.5</ele>
      </trkpt>
      <trkpt lat="37.90627" lon="-122.24931">
        <ele>267.0</ele>
      </trkpt>
      <trkpt lat="37.9063" lon="-122.24934">
        <ele>266.6</ele>
      </trkpt>
      <trkpt lat="37.90632" lon="-122.24938">
        <ele>266.6</ele>
      </trkpt>
      <trkpt lat="37.90631" lon="-122.24944">
        <ele>266.4</ele>
      </trkpt>
      <trkpt lat="37.9062" lon="-122.24975">
        <ele>265.2</ele>
      </trkpt>
      <trkpt lat="37.90617" lon="-122.24989">
        <ele>264.9</ele>
      </trkpt>
      <trkpt lat="37.90617" lon="-122.25012">
        <ele>266.0</ele>
      </trkpt>
      <trkpt lat="37.90616" lon="-122.25022">
        <ele>265.9</ele>
      </trkpt>
      <trkpt lat="37.90611" lon="-122.25034">
        <ele>264.5</ele>
      </trkpt>
      <trkpt lat="37.90608" lon="-122.25044">
        <ele>263.8</ele>
      </trkpt>
      <trkpt lat="37.90606" lon="-122.25058">
        <ele>263.3</ele>
      </trkpt>
      <trkpt lat="37.90604" lon="-122.25099">
        <ele>261.8</ele>
      </trkpt>
      <trkpt lat="37.90607" lon="-122.25145">
        <ele>259.8</ele>
      </trkpt>
      <trkpt lat="37.90616" lon="-122.25202">
        <ele>256.6</ele>
      </trkpt>
      <trkpt lat="37.90619" lon="-122.25218">
        <ele>254.8</ele>
      </trkpt>
      <trkpt lat="37.90623" lon="-122.25227">
        <ele>254.2</ele>
      </trkpt>
      <trkpt lat="37.90633" lon="-122.25242">
        <ele>253.5</ele>
      </trkpt>
      <trkpt lat="37.90642" lon="-122.2525">
        <ele>254.0</ele>
      </trkpt>
      <trkpt lat="37.90652" lon="-122.25256">
        <ele>255.2</ele>
      </trkpt>
      <trkpt lat="37.90656" lon="-122.25261">
        <ele>255.3</ele>
      </trkpt>
      <trkpt lat="37.90661" lon="-122.25279">
        <ele>253.5</ele>
      </trkpt>
      <trkpt lat="37.90662" lon="-122.2529">
        <ele>251.9</ele>
      </trkpt>
      <trkpt lat="37.90663" lon="-122.253">
        <ele>250.7</ele>
      </trkpt>
      <trkpt lat="37.90662" lon="-122.25322">
        <ele>248.5</ele>
      </trkpt>
      <trkpt lat="37.90663" lon="-122.25333">
        <ele>247.9</ele>
      </trkpt>
      <trkpt lat="37.90666" lon="-122.25346">
        <ele>247.4</ele>
      </trkpt>
      <trkpt lat="37.90673" lon="-122.25358">
        <ele>247.5</ele>
      </trkpt>
      <trkpt lat="37.9068" lon="-122.25366">
        <ele>247.4</ele>
      </trkpt>
      <trkpt lat="37.90687" lon="-122.25372">
        <ele>247.1</ele>
      </trkpt>
      <trkpt lat="37.90692" lon="-122.25373">
        <ele>247.1</ele>
      </trkpt>
      <trkpt lat="37.90709" lon="-122.25374">
        <ele>246.3</ele>
      </trkpt>
      <trkpt lat="37.90717" lon="-122.25371">
        <ele>246.3</ele>
      </trkpt>
      <trkpt lat="37.90733" lon="-122.25365">
        <ele>244.8</ele>
      </trkpt>
      <trkpt lat="37.90741" lon="-122.25359">
        <ele>244.0</ele>
      </trkpt>
      <trkpt lat="37.90749" lon="-122.25348">
        <ele>242.8</ele>
      </trkpt>
      <trkpt lat="37.9075" lon="-122.2534">
        <ele>243.5</ele>
      </trkpt>
      <trkpt lat="37.90748" lon="-122.25321">
        <ele>244.8</ele>
      </trkpt>
      <trkpt lat="37.90749" lon="-122.25313">
        <ele>244.3</ele>
      </trkpt>
      <trkpt lat="37.90751" lon="-122.25307">
        <ele>243.4</ele>
      </trkpt>
      <trkpt lat="37.90758" lon="-122.25298">
        <ele>241.1</ele>
      </trkpt>
      <trkpt lat="37.90762" lon="-122.25289">
        <ele>240.2</ele>
      </trkpt>
      <trkpt lat="37.90771" lon="-122.25257">
        <ele>238.8</ele>
      </trkpt>
      <trkpt lat="37.90781" lon="-122.25241">
        <ele>236.9</ele>
      </trkpt>
      <trkpt lat="37.90804" lon="-122.25218">
        <ele>232.2</ele>
      </trkpt>
      <trkpt lat="37.90815" lon="-122.25208">
        <ele>230.7</ele>
      </trkpt>
      <trkpt lat="37.90823" lon="-122.252">
        <ele>231.4</ele>
      </trkpt>
      <trkpt lat="37.90823" lon="-122.252">
        <ele>231.4</ele>
      </trkpt>
      <trkpt lat="37.90825" lon="-122.25199">
        <ele>231.5</ele>
      </trkpt>
      <trkpt lat="37.90828" lon="-122.25203">
        <ele>231.6</ele>
      </trkpt>
      <trkpt lat="37.90828" lon="-122.25207">
        <ele>231.5</ele>
      </trkpt>
      <trkpt lat="37.90828" lon="-122.25213">
        <ele>231.4</ele>
      </trkpt>
      <trkpt lat="37.90823" lon="-122.25227">
        <ele>230.4</ele>
      </trkpt>
      <trkpt lat="37.90821" lon="-122.25236">
        <ele>229.8</ele>
      </trkpt>
      <trkpt lat="37.90821" lon="-122.25248">
        <ele>229.1</ele>
      </trkpt>
      <trkpt lat="37.90824" lon="-122.25261">
        <ele>228.7</ele>
      </trkpt>
      <trkpt lat="37.90835" lon="-122.25288">
        <ele>230.1</ele>
      </trkpt>
      <trkpt lat="37.90842" lon="-122.25312">
        <ele>230.5</ele>
      </trkpt>
      <trkpt lat="37.90843" lon="-122.25326">
        <ele>229.8</ele>
      </trkpt>
      <trkpt lat="37.90845" lon="-122.25338">
        <ele>229.2</ele>
      </trkpt>
      <trkpt lat="37.90848" lon="-122.25349">
        <ele>228.6</ele>
      </trkpt>
      <trkpt lat="37.90853" lon="-122.25359">
        <ele>228.0</ele>
      </trkpt>
      <trkpt lat="37.9086" lon="-122.25366">
        <ele>227.2</ele>
      </trkpt>
      <trkpt lat="37.90866" lon="-122.25372">
        <ele>226.0</ele>
      </trkpt>
      <trkpt lat="37.90869" lon="-122.25376">
        <ele>225.3</ele>
      </trkpt>
      <trkpt lat="37.90871" lon="-122.25383">
        <ele>224.4</ele>
      </trkpt>
      <trkpt lat="37.9087" lon="-122.25388">
        <ele>223.7</ele>
      </trkpt>
      <trkpt lat="37.90868" lon="-122.25395">
        <ele>222.8</ele>
      </trkpt>
      <trkpt lat="37.90856" lon="-122.25408">
        <ele>220.0</ele>
      </trkpt>
      <trkpt lat="37.9085" lon="-122.25416">
        <ele>219.6</ele>
      </trkpt>
      <trkpt lat="37.90847" lon="-122.25425">
        <ele>220.3</ele>
      </trkpt>
      <trkpt lat="37.90844" lon="-122.25434">
        <ele>221.2</ele>
      </trkpt>
      <trkpt lat="37.90843" lon="-122.25443">
        <ele>222.8</ele>
      </trkpt>
      <trkpt lat="37.90846" lon="-122.25452">
        <ele>225.0</ele>
      </trkpt>
      <trkpt lat="37.90853" lon="-122.25465">
        <ele>227.3</ele>
      </trkpt>
      <trkpt lat="37.90859" lon="-122.2547">
        <ele>228.0</ele>
      </trkpt>
      <trkpt lat="37.90864" lon="-122.25473">
        <ele>228.3</ele>
      </trkpt>
      <trkpt lat="37.90876" lon="-122.25478">
        <ele>228.4</ele>
      </trkpt>
      <trkpt lat="37.9088" lon="-122.2548">
        <ele>228.5</ele>
      </trkpt>
      <trkpt lat="37.90881" lon="-122.25484">
        <ele>227.6</ele>
      </trkpt>
      <trkpt lat="37.90881" lon="-122.25488">
        <ele>226.4</ele>
      </trkpt>
      <trkpt lat="37.9088" lon="-122.25494">
        <ele>223.5</ele>
      </trkpt>
      <trkpt lat="37.90877" lon="-122.255">
        <ele>219.8</ele>
      </trkpt>
      <trkpt lat="37.90847" lon="-122.25528">
        <ele>221.0</ele>
      </trkpt>
      <trkpt lat="37.90841" lon="-122.25535">
        <ele>221.9</ele>
      </trkpt>
      <trkpt lat="37.90835" lon="-122.25542">
        <ele>222.2</ele>
      </trkpt>
      <trkpt lat="37.90832" lon="-122.2555">
        <ele>222.3</ele>
      </trkpt>
      <trkpt lat="37.90832" lon="-122.25558">
        <ele>222.6</ele>
      </trkpt>
      <trkpt lat="37.90832" lon="-122.25566">
        <ele>222.5</ele>
      </trkpt>
      <trkpt lat="37.90831" lon="-122.25578">
        <ele>221.4</ele>
      </trkpt>
      <trkpt lat="37.90829" lon="-122.25583">
        <ele>220.4</ele>
      </trkpt>
      <trkpt lat="37.90825" lon="-122.25584">
        <ele>219.2</ele>
      </trkpt>
      <trkpt lat="37.90813" lon="-122.25584">
        <ele>215.6</ele>
      </trkpt>
      <trkpt lat="37.90807" lon="-122.25586">
        <ele>213.9</ele>
      </trkpt>
      <trkpt lat="37.90802" lon="-122.25591">
        <ele>212.3</ele>
      </trkpt>
      <trkpt lat="37.90795" lon="-122.256">
        <ele>210.8</ele>
      </trkpt>
      <trkpt lat="37.90785" lon="-122.25619">
        <ele>210.6</ele>
      </trkpt>
      <trkpt lat="37.90781" lon="-122.25635">
        <ele>210.0</ele>
      </trkpt>
      <trkpt lat="37.90778" lon="-122.25641">
        <ele>209.0</ele>
      </trkpt>
      <trkpt lat="37.90774" lon="-122.25645">
        <ele>208.1</ele>
      </trkpt>
      <trkpt lat="37.90758" lon="-122.25648">
        <ele>205.9</ele>
      </trkpt>
      <trkpt lat="37.90751" lon="-122.25652">
        <ele>205.1</ele>
      </trkpt>
      <trkpt lat="37.90746" lon="-122.25657">
        <ele>205.0</ele>
      </trkpt>
      <trkpt lat="37.90737" lon="-122.25675">
        <ele>206.5</ele>
      </trkpt>
      <trkpt lat="37.90723" lon="-122.25688">
        <ele>205.8</ele>
      </trkpt>
      <trkpt lat="37.90717" lon="-122.25702">
        <ele>206.0</ele>
      </trkpt>
      <trkpt lat="37.90709" lon="-122.25715">
        <ele>205.1</ele>
      </trkpt>
      <trkpt lat="37.907" lon="-122.25724">
        <ele>203.1</ele>
      </trkpt>
      <trkpt lat="37.90685" lon="-122.25735">
        <ele>200.7</ele>
      </trkpt>
      <trkpt lat="37.90655" lon="-122.2576">
        <ele>199.9</ele>
      </trkpt>
      <trkpt lat="37.90644" lon="-122.25769">
        <ele>199.0</ele>
      </trkpt>
      <trkpt lat="37.90628" lon="-122.25788">
        <ele>197.4</ele>
      </trkpt>
      <trkpt lat="37.90616" lon="-122.25804">
        <ele>195.8</ele>
      </trkpt>
      <trkpt lat="37.90605" lon="-122.25818">
        <ele>194.5</ele>
      </trkpt>
      <trkpt lat="37.90576" lon="-122.25838">
        <ele>191.1</ele>
      </trkpt>
      <trkpt lat="37.90564" lon="-122.25852">
        <ele>189.2</ele>
      </trkpt>
      <trkpt lat="37.9056" lon="-122.2586">
        <ele>188.4</ele>
      </trkpt>
      <trkpt lat="37.90557" lon="-122.2587">
        <ele>187.7</ele>
      </trkpt>
      <trkpt lat="37.90556" lon="-122.25879">
        <ele>187.2</ele>
      </trkpt>
      <trkpt lat="37.90556" lon="-122.25889">
        <ele>186.8</ele>
      </trkpt>
      <trkpt lat="37.90558" lon="-122.25897">
        <ele>186.8</ele>
      </trkpt>
      <trkpt lat="37.90561" lon="-122.25903">
        <ele>187.0</ele>
      </trkpt>
      <trkpt lat="37.90571" lon="-122.25917">
        <ele>188.1</ele>
      </trkpt>
      <trkpt lat="37.90574" lon="-122.25925">
        <ele>188.3</ele>
      </trkpt>
      <trkpt lat="37.90575" lon="-122.25934">
        <ele>188.2</ele>
      </trkpt>
      <trkpt lat="37.90575" lon="-122.25942">
        <ele>187.8</ele>
      </trkpt>
      <trkpt lat="37.90574" lon="-122.25961">
        <ele>186.5</ele>
      </trkpt>
      <trkpt lat="37.90574" lon="-122.25969">
        <ele>185.9</ele>
      </trkpt>
      <trkpt lat="37.90576" lon="-122.25979">
        <ele>185.7</ele>
      </trkpt>
      <trkpt lat="37.90585" lon="-122.25999">
        <ele>184.6</ele>
      </trkpt>
      <trkpt lat="37.90587" lon="-122.26006">
        <ele>183.4</ele>
      </trkpt>
      <trkpt lat="37.90583" lon="-122.26022">
        <ele>179.3</ele>
      </trkpt>
      <trkpt lat="37.90583" lon="-122.2603">
        <ele>178.0</ele>
      </trkpt>
      <trkpt lat="37.90584" lon="-122.26039">
        <ele>177.7</ele>
      </trkpt>
      <trkpt lat="37.90584" lon="-122.26048">
        <ele>177.5</ele>
      </trkpt>
      <trkpt lat="37.90575" lon="-122.26078">
        <ele>173.0</ele>
      </trkpt>
      <trkpt lat="37.90572" lon="-122.26096">
        <ele>170.3</ele>
      </trkpt>
      <trkpt lat="37.90572" lon="-122.26108">
        <ele>168.9</ele>
      </trkpt>
      <trkpt lat="37.9057" lon="-122.26113">
        <ele>168.0</ele>
      </trkpt>
      <trkpt lat="37.9058" lon="-122.26126">
        <ele>168.1</ele>
      </trkpt>
      <trkpt lat="37.90596" lon="-122.26112">
        <ele>171.6</ele>
      </trkpt>
      <trkpt lat="37.90619" lon="-122.26104">
        <ele>179.0</ele>
      </trkpt>
      <trkpt lat="37.90628" lon="-122.26107">
        <ele>181.1</ele>
      </trkpt>
      <trkpt lat="37.90635" lon="-122.26114">
        <ele>181.7</ele>
      </trkpt>
      <trkpt lat="37.90653" lon="-122.26147">
        <ele>184.5</ele>
      </trkpt>
      <trkpt lat="37.90665" lon="-122.26163">
        <ele>187.3</ele>
      </trkpt>
      <trkpt lat="37.90697" lon="-122.26194">
        <ele>191.1</ele>
      </trkpt>
      <trkpt lat="37.90713" lon="-122.26206">
        <ele>190.7</ele>
      </trkpt>
      <trkpt lat="37.90726" lon="-122.26214">
        <ele>190.1</ele>
      </trkpt>
      <trkpt lat="37.90738" lon="-122.26218">
        <ele>189.8</ele>
      </trkpt>
      <trkpt lat="37.90758" lon="-122.26217">
        <ele>188.5</ele>
      </trkpt>
      <trkpt lat="37.90774" lon="-122.26214">
        <ele>186.9</ele>
      </trkpt>
      <trkpt lat="37.90801" lon="-122.26204">
        <ele>188.1</ele>
      </trkpt>
      <trkpt lat="37.90819" lon="-122.26201">
        <ele>189.0</ele>
      </trkpt>
      <trkpt lat="37.90832" lon="-122.26197">
        <ele>190.9</ele>
      </trkpt>
      <trkpt lat="37.90849" lon="-122.26195">
        <ele>192.6</ele>
      </trkpt>
      <trkpt lat="37.90867" lon="-122.26198">
        <ele>193.3</ele>
      </trkpt>
      <trkpt lat="37.90883" lon="-122.26201">
        <ele>193.5</ele>
      </trkpt>
      <trkpt lat="37.90883" lon="-122.26201">
        <ele>193.5</ele>
      </trkpt>
      <trkpt lat="37.90919" lon="-122.26218">
        <ele>193.2</ele>
      </trkpt>
      <trkpt lat="37.90941" lon="-122.26227">
        <ele>193.3</ele>
      </trkpt>
      <trkpt lat="37.90987" lon="-122.26251">
        <ele>192.9</ele>
      </trkpt>
      <trkpt lat="37.91005" lon="-122.26261">
        <ele>192.8</ele>
      </trkpt>
      <trkpt lat="37.9102" lon="-122.26268">
        <ele>192.7</ele>
      </trkpt>
      <trkpt lat="37.91046" lon="-122.2628">
        <ele>191.8</ele>
      </trkpt>
      <trkpt lat="37.91057" lon="-122.2628">
        <ele>191.5</ele>
      </trkpt>
      <trkpt lat="37.91068" lon="-122.26275">
        <ele>191.1</ele>
      </trkpt>
      <trkpt lat="37.91087" lon="-122.26249">
        <ele>190.3</ele>
      </trkpt>
      <trkpt lat="37.91112" lon="-122.26205">
        <ele>187.1</ele>
      </trkpt>
      <trkpt lat="37.91127" lon="-122.26177">
        <ele>186.5</ele>
      </trkpt>
      <trkpt lat="37.91146" lon="-122.26156">
        <ele>188.9</ele>
      </trkpt>
      <trkpt lat="37.91159" lon="-122.26147">
        <ele>191.2</ele>
      </trkpt>
      <trkpt lat="37.91196" lon="-122.26134">
        <ele>191.6</ele>
      </trkpt>
      <trkpt lat="37.91214" lon="-122.26129">
        <ele>191.5</ele>
      </trkpt>
      <trkpt lat="37.91257" lon="-122.26122">
        <ele>192.0</ele>
      </trkpt>
      <trkpt lat="37.91276" lon="-122.26121">
        <ele>188.8</ele>
      </trkpt>
      <trkpt lat="37.91287" lon="-122.26122">
        <ele>187.7</ele>
      </trkpt>
      <trkpt lat="37.91306" lon="-122.26133">
        <ele>181.8</ele>
      </trkpt>
      <trkpt lat="37.91322" lon="-122.26145">
        <ele>179.7</ele>
      </trkpt>
      <trkpt lat="37.91326" lon="-122.26152">
        <ele>179.8</ele>
      </trkpt>
      <trkpt lat="37.91329" lon="-122.26163">
        <ele>180.4</ele>
      </trkpt>
      <trkpt lat="37.9133" lon="-122.26172">
        <ele>181.0</ele>
      </trkpt>
      <trkpt lat="37.9133" lon="-122.26181">
        <ele>181.5</ele>
      </trkpt>
      <trkpt lat="37.91329" lon="-122.26196">
        <ele>182.3</ele>
      </trkpt>
      <trkpt lat="37.91324" lon="-122.26223">
        <ele>183.5</ele>
      </trkpt>
      <trkpt lat="37.91302" lon="-122.26299">
        <ele>189.3</ele>
      </trkpt>
      <trkpt lat="37.91299" lon="-122.26315">
        <ele>188.9</ele>
      </trkpt>
      <trkpt lat="37.91297" lon="-122.26327">
        <ele>188.4</ele>
      </trkpt>
      <trkpt lat="37.91296" lon="-122.26339">
        <ele>188.1</ele>
      </trkpt>
      <trkpt lat="37.91299" lon="-122.26367">
        <ele>187.5</ele>
      </trkpt>
      <trkpt lat="37.91305" lon="-122.26386">
        <ele>187.6</ele>
      </trkpt>
      <trkpt lat="37.91306" lon="-122.26398">
        <ele>187.5</ele>
      </trkpt>
      <trkpt lat="37.91306" lon="-122.26412">
        <ele>187.2</ele>
      </trkpt>
      <trkpt lat="37.91303" lon="-122.26425">
        <ele>185.9</ele>
      </trkpt>
      <trkpt lat="37.91297" lon="-122.26436">
        <ele>184.2</ele>
      </trkpt>
      <trkpt lat="37.91291" lon="-122.26441">
        <ele>183.3</ele>
      </trkpt>
      <trkpt lat="37.91283" lon="-122.26442">
        <ele>182.4</ele>
      </trkpt>
      <trkpt lat="37.91244" lon="-122.26443">
        <ele>179.0</ele>
      </trkpt>
      <trkpt lat="37.9123" lon="-122.26446">
        <ele>179.0</ele>
      </trkpt>
      <trkpt lat="37.91216" lon="-122.26451">
        <ele>178.6</ele>
      </trkpt>
      <trkpt lat="37.91204" lon="-122.26461">
        <ele>176.9</ele>
      </trkpt>
      <trkpt lat="37.91193" lon="-122.26477">
        <ele>175.1</ele>
      </trkpt>
      <trkpt lat="37.91183" lon="-122.26498">
        <ele>174.9</ele>
      </trkpt>
      <trkpt lat="37.91174" lon="-122.26526">
        <ele>173.9</ele>
      </trkpt>
      <trkpt lat="37.91165" lon="-122.26558">
        <ele>169.9</ele>
      </trkpt>
      <trkpt lat="37.91159" lon="-122.26589">
        <ele>168.7</ele>
      </trkpt>
      <trkpt lat="37.91158" lon="-122.26608">
        <ele>168.4</ele>
      </trkpt>
      <trkpt lat="37.91159" lon="-122.26628">
        <ele>168.2</ele>
      </trkpt>
      <trkpt lat="37.91164" lon="-122.26653">
        <ele>168.0</ele>
      </trkpt>
      <trkpt lat="37.91171" lon="-122.26678">
        <ele>167.5</ele>
      </trkpt>
      <trkpt lat="37.91179" lon="-122.26699">
        <ele>166.6</ele>
      </trkpt>
      <trkpt lat="37.91206" lon="-122.2674">
        <ele>163.4</ele>
      </trkpt>
      <trkpt lat="37.91213" lon="-122.26754">
        <ele>162.7</ele>
      </trkpt>
      <trkpt lat="37.91218" lon="-122.26768">
        <ele>161.5</ele>
      </trkpt>
      <trkpt lat="37.91221" lon="-122.26781">
        <ele>159.8</ele>
      </trkpt>
      <trkpt lat="37.91221" lon="-122.26781">
        <ele>159.8</ele>
      </trkpt>
      <trkpt lat="37.91223" lon="-122.26816">
        <ele>158.5</ele>
      </trkpt>
      <trkpt lat="37.91231" lon="-122.2684">
        <ele>158.2</ele>
      </trkpt>
      <trkpt lat="37.91257" lon="-122.26859">
        <ele>159.0</ele>
      </trkpt>
      <trkpt lat="37.91272" lon="-122.26875">
        <ele>161.0</ele>
      </trkpt>
      <trkpt lat="37.91284" lon="-122.2689">
        <ele>161.2</ele>
      </trkpt>
      <trkpt lat="37.91309" lon="-122.2693">
        <ele>158.8</ele>
      </trkpt>
      <trkpt lat="37.91327" lon="-122.26978">
        <ele>153.6</ele>
      </trkpt>
      <trkpt lat="37.91337" lon="-122.26994">
        <ele>152.0</ele>
      </trkpt>
      <trkpt lat="37.91348" lon="-122.27008">
        <ele>154.0</ele>
      </trkpt>
      <trkpt lat="37.91383" lon="-122.27034">
        <ele>158.3</ele>
      </trkpt>
      <trkpt lat="37.91402" lon="-122.2705">
        <ele>160.5</ele>
      </trkpt>
      <trkpt lat="37.91424" lon="-122.27066">
        <ele>159.3</ele>
      </trkpt>
      <trkpt lat="37.91446" lon="-122.27084">
        <ele>157.0</ele>
      </trkpt>
      <trkpt lat="37.91473" lon="-122.27105">
        <ele>156.6</ele>
      </trkpt>
      <trkpt lat="37.9148" lon="-122.27112">
        <ele>157.1</ele>
      </trkpt>
      <trkpt lat="37.91485" lon="-122.27122">
        <ele>157.3</ele>
      </trkpt>
      <trkpt lat="37.91501" lon="-122.27169">
        <ele>155.0</ele>
      </trkpt>
      <trkpt lat="37.91509" lon="-122.27183">
        <ele>153.9</ele>
      </trkpt>
      <trkpt lat="37.91524" lon="-122.27202">
        <ele>151.8</ele>
      </trkpt>
      <trkpt lat="37.91527" lon="-122.27208">
        <ele>151.1</ele>
      </trkpt>
      <trkpt lat="37.91529" lon="-122.27215">
        <ele>150.2</ele>
      </trkpt>
      <trkpt lat="37.91534" lon="-122.27243">
        <ele>147.7</ele>
      </trkpt>
      <trkpt lat="37.9154" lon="-122.27262">
        <ele>147.1</ele>
      </trkpt>
      <trkpt lat="37.9155" lon="-122.27284">
        <ele>147.4</ele>
      </trkpt>
      <trkpt lat="37.9155" lon="-122.27284">
        <ele>147.4</ele>
      </trkpt>
      <trkpt lat="37.91556" lon="-122.27298">
        <ele>147.7</ele>
      </trkpt>
      <trkpt lat="37.91574" lon="-122.27328">
        <ele>149.0</ele>
      </trkpt>
      <trkpt lat="37.91589" lon="-122.2736">
        <ele>149.2</ele>
      </trkpt>
      <trkpt lat="37.91597" lon="-122.27375">
        <ele>149.3</ele>
      </trkpt>
      <trkpt lat="37.91612" lon="-122.27406">
        <ele>149.2</ele>
      </trkpt>
      <trkpt lat="37.9162" lon="-122.27428">
        <ele>149.0</ele>
      </trkpt>
      <trkpt lat="37.91625" lon="-122.27436">
        <ele>149.0</ele>
      </trkpt>
      <trkpt lat="37.9163" lon="-122.27442">
        <ele>149.1</ele>
      </trkpt>
      <trkpt lat="37.91653" lon="-122.27463">
        <ele>149.4</ele>
      </trkpt>
      <trkpt lat="37.91671" lon="-122.27475">
        <ele>148.9</ele>
      </trkpt>
      <trkpt lat="37.91682" lon="-122.27482">
        <ele>148.2</ele>
      </trkpt>
      <trkpt lat="37.91705" lon="-122.27487">
        <ele>146.9</ele>
      </trkpt>
      <trkpt lat="37.91714" lon="-122.27492">
        <ele>147.2</ele>
      </trkpt>
      <trkpt lat="37.91721" lon="-122.27499">
        <ele>148.3</ele>
      </trkpt>
      <trkpt lat="37.91744" lon="-122.27537">
        <ele>149.5</ele>
      </trkpt>
      <trkpt lat="37.9176" lon="-122.27553">
        <ele>149.4</ele>
      </trkpt>
      <trkpt lat="37.91776" lon="-122.27564">
        <ele>148.9</ele>
      </trkpt>
      <trkpt lat="37.9181" lon="-122.27581">
        <ele>146.6</ele>
      </trkpt>
      <trkpt lat="37.91823" lon="-122.27591">
        <ele>145.4</ele>
      </trkpt>
      <trkpt lat="37.91881" lon="-122.27638">
        <ele>144.8</ele>
      </trkpt>
      <trkpt lat="37.91898" lon="-122.27651">
        <ele>145.0</ele>
      </trkpt>
      <trkpt lat="37.91916" lon="-122.27662">
        <ele>146.4</ele>
      </trkpt>
      <trkpt lat="37.91928" lon="-122.27671">
        <ele>147.9</ele>
      </trkpt>
      <trkpt lat="37.91962" lon="-122.27704">
        <ele>149.8</ele>
      </trkpt>
      <trkpt lat="37.91962" lon="-122.27704">
        <ele>149.8</ele>
      </trkpt>
      <trkpt lat="37.91967" lon="-122.27709">
        <ele>149.9</ele>
      </trkpt>
      <trkpt lat="37.91976" lon="-122.2772">
        <ele>149.6</ele>
      </trkpt>
      <trkpt lat="37.9199" lon="-122.27741">
        <ele>148.6</ele>
      </trkpt>
      <trkpt lat="37.92" lon="-122.27758">
        <ele>148.2</ele>
      </trkpt>
      <trkpt lat="37.92011" lon="-122.27774">
        <ele>146.9</ele>
      </trkpt>
      <trkpt lat="37.92018" lon="-122.27781">
        <ele>144.4</ele>
      </trkpt>
      <trkpt lat="37.92032" lon="-122.27787">
        <ele>140.8</ele>
      </trkpt>
      <trkpt lat="37.9204" lon="-122.27789">
        <ele>140.3</ele>
      </trkpt>
      <trkpt lat="37.92058" lon="-122.27798">
        <ele>142.6</ele>
      </trkpt>
      <trkpt lat="37.92062" lon="-122.27803">
        <ele>143.4</ele>
      </trkpt>
      <trkpt lat="37.9208" lon="-122.27837">
        <ele>143.5</ele>
      </trkpt>
      <trkpt lat="37.92093" lon="-122.27854">
        <ele>143.0</ele>
      </trkpt>
      <trkpt lat="37.92102" lon="-122.27864">
        <ele>142.3</ele>
      </trkpt>
      <trkpt lat="37.92117" lon="-122.27878">
        <ele>141.4</ele>
      </trkpt>
      <trkpt lat="37.92134" lon="-122.27888">
        <ele>141.1</ele>
      </trkpt>
      <trkpt lat="37.92152" lon="-122.27899">
        <ele>139.4</ele>
      </trkpt>
      <trkpt lat="37.9216" lon="-122.27903">
        <ele>138.9</ele>
      </trkpt>
      <trkpt lat="37.92178" lon="-122.27914">
        <ele>137.5</ele>
      </trkpt>
      <trkpt lat="37.92188" lon="-122.27919">
        <ele>136.7</ele>
      </trkpt>
      <trkpt lat="37.92201" lon="-122.27919">
        <ele>136.2</ele>
      </trkpt>
      <trkpt lat="37.92222" lon="-122.27924">
        <ele>134.5</ele>
      </trkpt>
      <trkpt lat="37.92229" lon="-122.2793">
        <ele>134.7</ele>
      </trkpt>
      <trkpt lat="37.92246" lon="-122.27951">
        <ele>136.4</ele>
      </trkpt>
      <trkpt lat="37.92253" lon="-122.27958">
        <ele>136.7</ele>
      </trkpt>
      <trkpt lat="37.92281" lon="-122.27975">
        <ele>139.3</ele>
      </trkpt>
      <trkpt lat="37.92294" lon="-122.27981">
        <ele>140.9</ele>
      </trkpt>
      <trkpt lat="37.92312" lon="-122.27987">
        <ele>141.8</ele>
      </trkpt>
      <trkpt lat="37.9232" lon="-122.27988">
        <ele>141.9</ele>
      </trkpt>
      <trkpt lat="37.92333" lon="-122.27986">
        <ele>142.2</ele>
      </trkpt>
      <trkpt lat="37.9234" lon="-122.27982">
        <ele>142.7</ele>
      </trkpt>
      <trkpt lat="37.92355" lon="-122.27972">
        <ele>144.4</ele>
      </trkpt>
      <trkpt lat="37.9236" lon="-122.27969">
        <ele>144.9</ele>
      </trkpt>
      <trkpt lat="37.92365" lon="-122.27968">
        <ele>145.2</ele>
      </trkpt>
      <trkpt lat="37.9237" lon="-122.2797">
        <ele>145.1</ele>
      </trkpt>
      <trkpt lat="37.92374" lon="-122.27974">
        <ele>145.2</ele>
      </trkpt>
      <trkpt lat="37.92375" lon="-122.2798">
        <ele>145.2</ele>
      </trkpt>
      <trkpt lat="37.92375" lon="-122.27986">
        <ele>145.2</ele>
      </trkpt>
      <trkpt lat="37.92375" lon="-122.27995">
        <ele>145.2</ele>
      </trkpt>
      <trkpt lat="37.92368" lon="-122.28028">
        <ele>143.1</ele>
      </trkpt>
      <trkpt lat="37.92367" lon="-122.28039">
        <ele>142.3</ele>
      </trkpt>
      <trkpt lat="37.92368" lon="-122.2805">
        <ele>141.2</ele>
      </trkpt>
      <trkpt lat="37.92372" lon="-122.28061">
        <ele>140.1</ele>
      </trkpt>
      <trkpt lat="37.92377" lon="-122.28068">
        <ele>139.6</ele>
      </trkpt>
      <trkpt lat="37.9238" lon="-122.28071">
        <ele>139.4</ele>
      </trkpt>
      <trkpt lat="37.9238" lon="-122.28071">
        <ele>139.4</ele>
      </trkpt>
      <trkpt lat="37.924" lon="-122.28088">
        <ele>139.1</ele>
      </trkpt>
      <trkpt lat="37.92406" lon="-122.28099">
        <ele>138.5</ele>
      </trkpt>
      <trkpt lat="37.92413" lon="-122.28121">
        <ele>136.9</ele>
      </trkpt>
      <trkpt lat="37.92421" lon="-122.28135">
        <ele>136.2</ele>
      </trkpt>
      <trkpt lat="37.92428" lon="-122.28144">
        <ele>135.7</ele>
      </trkpt>
      <trkpt lat="37.92446" lon="-122.28161">
        <ele>134.7</ele>
      </trkpt>
      <trkpt lat="37.92452" lon="-122.28164">
        <ele>134.4</ele>
      </trkpt>
      <trkpt lat="37.9246" lon="-122.28166">
        <ele>134.6</ele>
      </trkpt>
      <trkpt lat="37.92473" lon="-122.28168">
        <ele>134.0</ele>
      </trkpt>
      <trkpt lat="37.92482" lon="-122.28172">
        <ele>132.7</ele>
      </trkpt>
      <trkpt lat="37.92493" lon="-122.28178">
        <ele>131.2</ele>
      </trkpt>
      <trkpt lat="37.92506" lon="-122.28185">
        <ele>131.0</ele>
      </trkpt>
      <trkpt lat="37.92515" lon="-122.28188">
        <ele>132.0</ele>
      </trkpt>
      <trkpt lat="37.92538" lon="-122.28189">
        <ele>135.7</ele>
      </trkpt>
      <trkpt lat="37.92551" lon="-122.28192">
        <ele>136.7</ele>
      </trkpt>
      <trkpt lat="37.92563" lon="-122.28197">
        <ele>136.9</ele>
      </trkpt>
      <trkpt lat="37.92573" lon="-122.28199">
        <ele>137.2</ele>
      </trkpt>
      <trkpt lat="37.92606" lon="-122.28201">
        <ele>137.6</ele>
      </trkpt>
      <trkpt lat="37.92618" lon="-122.28201">
        <ele>137.6</ele>
      </trkpt>
      <trkpt lat="37.92658" lon="-122.28202">
        <ele>137.8</ele>
      </trkpt>
      <trkpt lat="37.92665" lon="-122.28203">
        <ele>138.3</ele>
      </trkpt>
      <trkpt lat="37.92671" lon="-122.28206">
        <ele>138.8</ele>
      </trkpt>
      <trkpt lat="37.92676" lon="-122.2821">
        <ele>139.2</ele>
      </trkpt>
      <trkpt lat="37.92683" lon="-122.28229">
        <ele>138.9</ele>
      </trkpt>
      <trkpt lat="37.92687" lon="-122.28234">
        <ele>138.9</ele>
      </trkpt>
      <trkpt lat="37.92712" lon="-122.28263">
        <ele>141.2</ele>
      </trkpt>
      <trkpt lat="37.92717" lon="-122.28271">
        <ele>142.4</ele>
      </trkpt>
      <trkpt lat="37.92724" lon="-122.28285">
        <ele>143.0</ele>
      </trkpt>
      <trkpt lat="37.92733" lon="-122.28301">
        <ele>143.1</ele>
      </trkpt>
      <trkpt lat="37.92748" lon="-122.28323">
        <ele>142.3</ele>
      </trkpt>
      <trkpt lat="37.92768" lon="-122.28348">
        <ele>138.7</ele>
      </trkpt>
      <trkpt lat="37.9278" lon="-122.28359">
        <ele>137.1</ele>
      </trkpt>
      <trkpt lat="37.92791" lon="-122.28365">
        <ele>136.9</ele>
      </trkpt>
      <trkpt lat="37.92797" lon="-122.28367">
        <ele>136.9</ele>
      </trkpt>
      <trkpt lat="37.92797" lon="-122.28367">
        <ele>136.9</ele>
      </trkpt>
      <trkpt lat="37.92803" lon="-122.28369">
        <ele>136.9</ele>
      </trkpt>
      <trkpt lat="37.92849" lon="-122.28372">
        <ele>134.3</ele>
      </trkpt>
      <trkpt lat="37.92857" lon="-122.28374">
        <ele>135.0</ele>
      </trkpt>
      <trkpt lat="37.92864" lon="-122.28378">
        <ele>136.3</ele>
      </trkpt>
      <trkpt lat="37.92882" lon="-122.28396">
        <ele>138.5</ele>
      </trkpt>
      <trkpt lat="37.92901" lon="-122.28407">
        <ele>141.0</ele>
      </trkpt>
      <trkpt lat="37.92913" lon="-122.28413">
        <ele>142.5</ele>
      </trkpt>
      <trkpt lat="37.92924" lon="-122.28415">
        <ele>143.7</ele>
      </trkpt>
      <trkpt lat="37.92953" lon="-122.28413">
        <ele>146.7</ele>
      </trkpt>
      <trkpt lat="37.92958" lon="-122.28413">
        <ele>147.2</ele>
      </trkpt>
      <trkpt lat="37.92964" lon="-122.28415">
        <ele>147.7</ele>
      </trkpt>
      <trkpt lat="37.92987" lon="-122.28427">
        <ele>148.0</ele>
      </trkpt>
      <trkpt lat="37.92996" lon="-122.28429">
        <ele>147.2</ele>
      </trkpt>
      <trkpt lat="37.9301" lon="-122.2843">
        <ele>145.8</ele>
      </trkpt>
      <trkpt lat="37.93018" lon="-122.28432">
        <ele>146.0</ele>
      </trkpt>
      <trkpt lat="37.93021" lon="-122.28435">
        <ele>146.3</ele>
      </trkpt>
      <trkpt lat="37.93025" lon="-122.2844">
        <ele>146.7</ele>
      </trkpt>
      <trkpt lat="37.93058" lon="-122.28491">
        <ele>149.5</ele>
      </trkpt>
      <trkpt lat="37.93064" lon="-122.28499">
        <ele>149.3</ele>
      </trkpt>
      <trkpt lat="37.9308" lon="-122.28516">
        <ele>148.4</ele>
      </trkpt>
      <trkpt lat="37.93107" lon="-122.28537">
        <ele>149.7</ele>
      </trkpt>
      <trkpt lat="37.93129" lon="-122.28558">
        <ele>149.9</ele>
      </trkpt>
      <trkpt lat="37.93138" lon="-122.28568">
        <ele>149.7</ele>
      </trkpt>
      <trkpt lat="37.93166" lon="-122.28601">
        <ele>146.8</ele>
      </trkpt>
      <trkpt lat="37.93178" lon="-122.28613">
        <ele>145.2</ele>
      </trkpt>
      <trkpt lat="37.93185" lon="-122.28617">
        <ele>144.6</ele>
      </trkpt>
      <trkpt lat="37.93192" lon="-122.28619">
        <ele>144.2</ele>
      </trkpt>
      <trkpt lat="37.93221" lon="-122.28624">
        <ele>144.0</ele>
      </trkpt>
      <trkpt lat="37.93228" lon="-122.28627">
        <ele>144.2</ele>
      </trkpt>
      <trkpt lat="37.93236" lon="-122.28632">
        <ele>144.4</ele>
      </trkpt>
      <trkpt lat="37.93242" lon="-122.28637">
        <ele>144.4</ele>
      </trkpt>
      <trkpt lat="37.93253" lon="-122.2865">
        <ele>143.5</ele>
      </trkpt>
      <trkpt lat="37.93283" lon="-122.28697">
        <ele>136.1</ele>
      </trkpt>
      <trkpt lat="37.93295" lon="-122.28711">
        <ele>134.1</ele>
      </trkpt>
      <trkpt lat="37.93314" lon="-122.28728">
        <ele>133.1</ele>
      </trkpt>
      <trkpt lat="37.93338" lon="-122.28744">
        <ele>132.9</ele>
      </trkpt>
      <trkpt lat="37.93345" lon="-122.28752">
        <ele>131.8</ele>
      </trkpt>
      <trkpt lat="37.93351" lon="-122.2876">
        <ele>130.4</ele>
      </trkpt>
      <trkpt lat="37.93359" lon="-122.28774">
        <ele>127.7</ele>
      </trkpt>
      <trkpt lat="37.93367" lon="-122.2879">
        <ele>123.7</ele>
      </trkpt>
      <trkpt lat="37.93382" lon="-122.28823">
        <ele>118.6</ele>
      </trkpt>
      <trkpt lat="37.93395" lon="-122.28849">
        <ele>116.2</ele>
      </trkpt>
      <trkpt lat="37.93399" lon="-122.28858">
        <ele>115.1</ele>
      </trkpt>
      <trkpt lat="37.93403" lon="-122.28878">
        <ele>112.9</ele>
      </trkpt>
      <trkpt lat="37.93404" lon="-122.28891">
        <ele>112.3</ele>
      </trkpt>
      <trkpt lat="37.93408" lon="-122.28903">
        <ele>111.9</ele>
      </trkpt>
      <trkpt lat="37.93421" lon="-122.28935">
        <ele>113.3</ele>
      </trkpt>
      <trkpt lat="37.93446" lon="-122.2899">
        <ele>117.5</ele>
      </trkpt>
      <trkpt lat="37.93452" lon="-122.29005">
        <ele>118.5</ele>
      </trkpt>
      <trkpt lat="37.93458" lon="-122.29025">
        <ele>118.5</ele>
      </trkpt>
      <trkpt lat="37.93471" lon="-122.2909">
        <ele>116.8</ele>
      </trkpt>
      <trkpt lat="37.93475" lon="-122.29102">
        <ele>118.5</ele>
      </trkpt>
      <trkpt lat="37.93479" lon="-122.2911">
        <ele>120.1</ele>
      </trkpt>
      <trkpt lat="37.93496" lon="-122.29134">
        <ele>122.9</ele>
      </trkpt>
      <trkpt lat="37.93525" lon="-122.29174">
        <ele>116.9</ele>
      </trkpt>
      <trkpt lat="37.93531" lon="-122.29185">
        <ele>113.0</ele>
      </trkpt>
      <trkpt lat="37.93537" lon="-122.292">
        <ele>110.2</ele>
      </trkpt>
      <trkpt lat="37.93543" lon="-122.29224">
        <ele>112.7</ele>
      </trkpt>
      <trkpt lat="37.93546" lon="-122.29235">
        <ele>114.1</ele>
      </trkpt>
      <trkpt lat="37.93564" lon="-122.29285">
        <ele>117.0</ele>
      </trkpt>
      <trkpt lat="37.93574" lon="-122.29315">
        <ele>114.9</ele>
      </trkpt>
      <trkpt lat="37.93578" lon="-122.29322">
        <ele>114.5</ele>
      </trkpt>
      <trkpt lat="37.93583" lon="-122.29327">
        <ele>114.1</ele>
      </trkpt>
      <trkpt lat="37.93597" lon="-122.29334">
        <ele>114.2</ele>
      </trkpt>
      <trkpt lat="37.93604" lon="-122.29339">
        <ele>115.3</ele>
      </trkpt>
      <trkpt lat="37.93608" lon="-122.29343">
        <ele>116.4</ele>
      </trkpt>
      <trkpt lat="37.93611" lon="-122.29348">
        <ele>117.6</ele>
      </trkpt>
      <trkpt lat="37.93613" lon="-122.29359">
        <ele>118.4</ele>
      </trkpt>
      <trkpt lat="37.93615" lon="-122.29382">
        <ele>117.7</ele>
      </trkpt>
      <trkpt lat="37.93616" lon="-122.29392">
        <ele>117.1</ele>
      </trkpt>
      <trkpt lat="37.93621" lon="-122.29414">
        <ele>116.1</ele>
      </trkpt>
      <trkpt lat="37.93625" lon="-122.29425">
        <ele>115.7</ele>
      </trkpt>
      <trkpt lat="37.9363" lon="-122.29436">
        <ele>115.3</ele>
      </trkpt>
      <trkpt lat="37.93657" lon="-122.29478">
        <ele>115.6</ele>
      </trkpt>
      <trkpt lat="37.93666" lon="-122.29496">
        <ele>115.2</ele>
      </trkpt>
      <trkpt lat="37.93674" lon="-122.29518">
        <ele>116.8</ele>
      </trkpt>
      <trkpt lat="37.93683" lon="-122.29543">
        <ele>117.6</ele>
      </trkpt>
      <trkpt lat="37.93687" lon="-122.29569">
        <ele>114.3</ele>
      </trkpt>
      <trkpt lat="37.93687" lon="-122.29585">
        <ele>118.0</ele>
      </trkpt>
      <trkpt lat="37.93686" lon="-122.29622">
        <ele>120.2</ele>
      </trkpt>
      <trkpt lat="37.93687" lon="-122.29634">
        <ele>119.3</ele>
      </trkpt>
      <trkpt lat="37.9369" lon="-122.29641">
        <ele>119.5</ele>
      </trkpt>
      <trkpt lat="37.93702" lon="-122.29661">
        <ele>118.4</ele>
      </trkpt>
      <trkpt lat="37.93728" lon="-122.29696">
        <ele>116.5</ele>
      </trkpt>
      <trkpt lat="37.93738" lon="-122.29718">
        <ele>117.9</ele>
      </trkpt>
      <trkpt lat="37.93748" lon="-122.29737">
        <ele>118.8</ele>
      </trkpt>
      <trkpt lat="37.93762" lon="-122.29756">
        <ele>118.1</ele>
      </trkpt>
      <trkpt lat="37.93767" lon="-122.29765">
        <ele>117.4</ele>
      </trkpt>
      <trkpt lat="37.93767" lon="-122.29765">
        <ele>117.4</ele>
      </trkpt>
      <trkpt lat="37.93784" lon="-122.29793">
        <ele>116.6</ele>
      </trkpt>
      <trkpt lat="37.93798" lon="-122.29815">
        <ele>116.0</ele>
      </trkpt>
      <trkpt lat="37.93807" lon="-122.29825">
        <ele>115.4</ele>
      </trkpt>
      <trkpt lat="37.93822" lon="-122.29839">
        <ele>113.8</ele>
      </trkpt>
      <trkpt lat="37.93831" lon="-122.29843">
        <ele>113.8</ele>
      </trkpt>
      <trkpt lat="37.93838" lon="-122.29846">
        <ele>113.6</ele>
      </trkpt>
      <trkpt lat="37.93855" lon="-122.29847">
        <ele>112.9</ele>
      </trkpt>
      <trkpt lat="37.93862" lon="-122.29847">
        <ele>112.1</ele>
      </trkpt>
      <trkpt lat="37.93871" lon="-122.29844">
        <ele>110.9</ele>
      </trkpt>
      <trkpt lat="37.93877" lon="-122.29841">
        <ele>110.3</ele>
      </trkpt>
      <trkpt lat="37.93893" lon="-122.29827">
        <ele>110.5</ele>
      </trkpt>
      <trkpt lat="37.93899" lon="-122.29824">
        <ele>111.5</ele>
      </trkpt>
      <trkpt lat="37.93904" lon="-122.29824">
        <ele>113.8</ele>
      </trkpt>
      <trkpt lat="37.93908" lon="-122.29827">
        <ele>115.6</ele>
      </trkpt>
      <trkpt lat="37.93911" lon="-122.29833">
        <ele>117.1</ele>
      </trkpt>
      <trkpt lat="37.93912" lon="-122.29841">
        <ele>117.4</ele>
      </trkpt>
      <trkpt lat="37.93912" lon="-122.29862">
        <ele>116.0</ele>
      </trkpt>
      <trkpt lat="37.93913" lon="-122.29875">
        <ele>114.7</ele>
      </trkpt>
      <trkpt lat="37.93915" lon="-122.29884">
        <ele>114.0</ele>
      </trkpt>
      <trkpt lat="37.93919" lon="-122.29892">
        <ele>114.1</ele>
      </trkpt>
      <trkpt lat="37.93931" lon="-122.29908">
        <ele>114.2</ele>
      </trkpt>
      <trkpt lat="37.93939" lon="-122.29918">
        <ele>112.9</ele>
      </trkpt>
      <trkpt lat="37.93949" lon="-122.29927">
        <ele>112.8</ele>
      </trkpt>
      <trkpt lat="37.93957" lon="-122.29937">
        <ele>112.7</ele>
      </trkpt>
      <trkpt lat="37.93979" lon="-122.29969">
        <ele>112.6</ele>
      </trkpt>
      <trkpt lat="37.93985" lon="-122.29976">
        <ele>112.4</ele>
      </trkpt>
      <trkpt lat="37.93994" lon="-122.29983">
        <ele>112.4</ele>
      </trkpt>
      <trkpt lat="37.94002" lon="-122.29988">
        <ele>112.7</ele>
      </trkpt>
      <trkpt lat="37.94021" lon="-122.29993">
        <ele>114.5</ele>
      </trkpt>
      <trkpt lat="37.94028" lon="-122.29998">
        <ele>114.5</ele>
      </trkpt>
      <trkpt lat="37.94045" lon="-122.30012">
        <ele>112.0</ele>
      </trkpt>
      <trkpt lat="37.94054" lon="-122.30022">
        <ele>109.2</ele>
      </trkpt>
      <trkpt lat="37.94064" lon="-122.30035">
        <ele>108.7</ele>
      </trkpt>
      <trkpt lat="37.94073" lon="-122.3005">
        <ele>110.2</ele>
      </trkpt>
      <trkpt lat="37.94083" lon="-122.30064">
        <ele>110.7</ele>
      </trkpt>
      <trkpt lat="37.94093" lon="-122.30075">
        <ele>109.6</ele>
      </trkpt>
      <trkpt lat="37.94101" lon="-122.30089">
        <ele>110.0</ele>
      </trkpt>
      <trkpt lat="37.94109" lon="-122.30106">
        <ele>112.5</ele>
      </trkpt>
      <trkpt lat="37.94117" lon="-122.30129">
        <ele>112.9</ele>
      </trkpt>
      <trkpt lat="37.94123" lon="-122.30143">
        <ele>112.9</ele>
      </trkpt>
      <trkpt lat="37.94143" lon="-122.30178">
        <ele>114.2</ele>
      </trkpt>
      <trkpt lat="37.94156" lon="-122.302">
        <ele>113.2</ele>
      </trkpt>
      <trkpt lat="37.94167" lon="-122.3021">
        <ele>113.3</ele>
      </trkpt>
      <trkpt lat="37.94173" lon="-122.30213">
        <ele>113.1</ele>
      </trkpt>
      <trkpt lat="37.94181" lon="-122.30215">
        <ele>112.9</ele>
      </trkpt>
      <trkpt lat="37.9421" lon="-122.30217">
        <ele>107.3</ele>
      </trkpt>
      <trkpt lat="37.94217" lon="-122.3022">
        <ele>105.9</ele>
      </trkpt>
      <trkpt lat="37.94221" lon="-122.30222">
        <ele>105.3</ele>
      </trkpt>
      <trkpt lat="37.9423" lon="-122.3023">
        <ele>105.6</ele>
      </trkpt>
      <trkpt lat="37.94255" lon="-122.30256">
        <ele>108.5</ele>
      </trkpt>
      <trkpt lat="37.94267" lon="-122.30262">
        <ele>113.6</ele>
      </trkpt>
      <trkpt lat="37.94281" lon="-122.30263">
        <ele>120.9</ele>
      </trkpt>
      <trkpt lat="37.94285" lon="-122.30271">
        <ele>123.5</ele>
      </trkpt>
      <trkpt lat="37.94291" lon="-122.30286">
        <ele>126.9</ele>
      </trkpt>
      <trkpt lat="37.94304" lon="-122.30333">
        <ele>119.5</ele>
      </trkpt>
      <trkpt lat="37.94309" lon="-122.30352">
        <ele>106.4</ele>
      </trkpt>
      <trkpt lat="37.94324" lon="-122.30444">
        <ele>93.5</ele>
      </trkpt>
      <trkpt lat="37.9433" lon="-122.3047">
        <ele>103.1</ele>
      </trkpt>
      <trkpt lat="37.94341" lon="-122.30505">
        <ele>112.3</ele>
      </trkpt>
      <trkpt lat="37.9435" lon="-122.30526">
        <ele>114.7</ele>
      </trkpt>
      <trkpt lat="37.94369" lon="-122.30562">
        <ele>119.9</ele>
      </trkpt>
      <trkpt lat="37.94377" lon="-122.30573">
        <ele>120.4</ele>
      </trkpt>
      <trkpt lat="37.94387" lon="-122.30587">
        <ele>117.4</ele>
      </trkpt>
      <trkpt lat="37.94402" lon="-122.30602">
        <ele>116.8</ele>
      </trkpt>
      <trkpt lat="37.94402" lon="-122.30602">
        <ele>116.8</ele>
      </trkpt>
      <trkpt lat="37.94412" lon="-122.30611">
        <ele>120.5</ele>
      </trkpt>
      <trkpt lat="37.94426" lon="-122.30624">
        <ele>123.7</ele>
      </trkpt>
      <trkpt lat="37.94474" lon="-122.30659">
        <ele>111.7</ele>
      </trkpt>
      <trkpt lat="37.94505" lon="-122.3068">
        <ele>130.1</ele>
      </trkpt>
      <trkpt lat="37.94545" lon="-122.30709">
        <ele>122.9</ele>
      </trkpt>
      <trkpt lat="37.94615" lon="-122.30759">
        <ele>114.8</ele>
      </trkpt>
      <trkpt lat="37.94641" lon="-122.30775">
        <ele>116.2</ele>
      </trkpt>
      <trkpt lat="37.94663" lon="-122.30788">
        <ele>114.0</ele>
      </trkpt>
      <trkpt lat="37.94684" lon="-122.30804">
        <ele>120.6</ele>
      </trkpt>
      <trkpt lat="37.94745" lon="-122.30852">
        <ele>145.5</ele>
      </trkpt>
      <trkpt lat="37.94795" lon="-122.30888">
        <ele>149.2</ele>
      </trkpt>
      <trkpt lat="37.94845" lon="-122.30923">
        <ele>142.2</ele>
      </trkpt>
      <trkpt lat="37.94898" lon="-122.30963">
        <ele>123.3</ele>
      </trkpt>
      <trkpt lat="37.94962" lon="-122.31007">
        <ele>107.8</ele>
      </trkpt>
      <trkpt lat="37.95002" lon="-122.31037">
        <ele>110.6</ele>
      </trkpt>
      <trkpt lat="37.95026" lon="-122.31057">
        <ele>118.5</ele>
      </trkpt>
      <trkpt lat="37.95065" lon="-122.31083">
        <ele>115.2</ele>
      </trkpt>
      <trkpt lat="37.95106" lon="-122.31114">
        <ele>112.3</ele>
      </trkpt>
      <trkpt lat="37.95133" lon="-122.31133">
        <ele>102.9</ele>
      </trkpt>
      <trkpt lat="37.95146" lon="-122.31147">
        <ele>100.4</ele>
      </trkpt>
      <trkpt lat="37.95157" lon="-122.31162">
        <ele>105.0</ele>
      </trkpt>
      <trkpt lat="37.95166" lon="-122.31176">
        <ele>109.3</ele>
      </trkpt>
      <trkpt lat="37.95192" lon="-122.31242">
        <ele>115.3</ele>
      </trkpt>
      <trkpt lat="37.95199" lon="-122.31256">
        <ele>113.5</ele>
      </trkpt>
      <trkpt lat="37.95212" lon="-122.31292">
        <ele>104.6</ele>
      </trkpt>
      <trkpt lat="37.95214" lon="-122.31302">
        <ele>102.4</ele>
      </trkpt>
      <trkpt lat="37.95218" lon="-122.31317">
        <ele>101.9</ele>
      </trkpt>
      <trkpt lat="37.95225" lon="-122.31339">
        <ele>105.0</ele>
      </trkpt>
      <trkpt lat="37.95234" lon="-122.31362">
        <ele>103.7</ele>
      </trkpt>
      <trkpt lat="37.9524" lon="-122.31379">
        <ele>98.6</ele>
      </trkpt>
      <trkpt lat="37.95243" lon="-122.31407">
        <ele>88.6</ele>
      </trkpt>
      <trkpt lat="37.95245" lon="-122.31452">
        <ele>76.8</ele>
      </trkpt>
      <trkpt lat="37.95245" lon="-122.31465">
        <ele>74.5</ele>
      </trkpt>
      <trkpt lat="37.95243" lon="-122.31492">
        <ele>77.5</ele>
      </trkpt>
      <trkpt lat="37.95235" lon="-122.31508">
        <ele>82.6</ele>
      </trkpt>
      <trkpt lat="37.95206" lon="-122.31579">
        <ele>90.2</ele>
      </trkpt>
      <trkpt lat="37.952" lon="-122.31595">
        <ele>87.3</ele>
      </trkpt>
      <trkpt lat="37.95194" lon="-122.31612">
        <ele>84.8</ele>
      </trkpt>
      <trkpt lat="37.95189" lon="-122.31632">
        <ele>81.4</ele>
      </trkpt>
      <trkpt lat="37.95184" lon="-122.31653">
        <ele>77.5</ele>
      </trkpt>
      <trkpt lat="37.95183" lon="-122.31675">
        <ele>76.2</ele>
      </trkpt>
      <trkpt lat="37.95183" lon="-122.31702">
        <ele>74.4</ele>
      </trkpt>
      <trkpt lat="37.95185" lon="-122.3172">
        <ele>72.6</ele>
      </trkpt>
      <trkpt lat="37.95188" lon="-122.31739">
        <ele>70.0</ele>
      </trkpt>
      <trkpt lat="37.95198" lon="-122.31794">
        <ele>63.5</ele>
      </trkpt>
      <trkpt lat="37.952" lon="-122.31808">
        <ele>61.5</ele>
      </trkpt>
      <trkpt lat="37.95201" lon="-122.31826">
        <ele>58.3</ele>
      </trkpt>
      <trkpt lat="37.95201" lon="-122.31843">
        <ele>55.0</ele>
      </trkpt>
      <trkpt lat="37.95197" lon="-122.31865">
        <ele>48.5</ele>
      </trkpt>
      <trkpt lat="37.95185" lon="-122.31915">
        <ele>38.7</ele>
      </trkpt>
      <trkpt lat="37.95186" lon="-122.31921">
        <ele>39.0</ele>
      </trkpt>
      <trkpt lat="37.95179" lon="-122.31947">
        <ele>44.3</ele>
      </trkpt>
      <trkpt lat="37.95171" lon="-122.31961">
        <ele>52.3</ele>
      </trkpt>
      <trkpt lat="37.95174" lon="-122.31981">
        <ele>50.3</ele>
      </trkpt>
      <trkpt lat="37.95177" lon="-122.32018">
        <ele>54.2</ele>
      </trkpt>
      <trkpt lat="37.95179" lon="-122.32036">
        <ele>54.8</ele>
      </trkpt>
      <trkpt lat="37.95179" lon="-122.32036">
        <ele>54.8</ele>
      </trkpt>
      <trkpt lat="37.95182" lon="-122.32053">
        <ele>54.6</ele>
      </trkpt>
      <trkpt lat="37.95181" lon="-122.32076">
        <ele>55.7</ele>
      </trkpt>
      <trkpt lat="37.95174" lon="-122.32099">
        <ele>56.4</ele>
      </trkpt>
      <trkpt lat="37.95155" lon="-122.32156">
        <ele>52.2</ele>
      </trkpt>
      <trkpt lat="37.95137" lon="-122.32212">
        <ele>52.8</ele>
      </trkpt>
      <trkpt lat="37.95131" lon="-122.32226">
        <ele>53.3</ele>
      </trkpt>
      <trkpt lat="37.9512" lon="-122.32241">
        <ele>52.1</ele>
      </trkpt>
      <trkpt lat="37.95098" lon="-122.32258">
        <ele>49.5</ele>
      </trkpt>
      <trkpt lat="37.95031" lon="-122.32285">
        <ele>47.1</ele>
      </trkpt>
      <trkpt lat="37.9498" lon="-122.32304">
        <ele>46.3</ele>
      </trkpt>
      <trkpt lat="37.94967" lon="-122.32312">
        <ele>45.9</ele>
      </trkpt>
      <trkpt lat="37.94957" lon="-122.32322">
        <ele>45.4</ele>
      </trkpt>
      <trkpt lat="37.94946" lon="-122.32348">
        <ele>44.1</ele>
      </trkpt>
      <trkpt lat="37.94937" lon="-122.32374">
        <ele>43.0</ele>
      </trkpt>
      <trkpt lat="37.94909" lon="-122.32473">
        <ele>39.8</ele>
      </trkpt>
      <trkpt lat="37.9488" lon="-122.32571">
        <ele>37.3</ele>
      </trkpt>
      <trkpt lat="37.94812" lon="-122.32538">
        <ele>34.5</ele>
      </trkpt>
      <trkpt lat="37.94744" lon="-122.32506">
        <ele>35.2</ele>
      </trkpt>
      <trkpt lat="37.94676" lon="-122.32473">
        <ele>35.9</ele>
      </trkpt>
      <trkpt lat="37.94608" lon="-122.32441">
        <ele>33.3</ele>
      </trkpt>
      <trkpt lat="37.94608" lon="-122.32441">
        <ele>33.3</ele>
      </trkpt>
      <trkpt lat="37.94525" lon="-122.32401">
        <ele>33.3</ele>
      </trkpt>
      <trkpt lat="37.94443" lon="-122.32362">
        <ele>32.7</ele>
      </trkpt>
      <trkpt lat="37.9436" lon="-122.32322">
        <ele>31.2</ele>
      </trkpt>
      <trkpt lat="37.94356" lon="-122.32339">
        <ele>31.0</ele>
      </trkpt>
      <trkpt lat="37.94333" lon="-122.32412">
        <ele>30.0</ele>
      </trkpt>
      <trkpt lat="37.94316" lon="-122.32471">
        <ele>29.3</ele>
      </trkpt>
      <trkpt lat="37.94298" lon="-122.3253">
        <ele>29.7</ele>
      </trkpt>
      <trkpt lat="37.94238" lon="-122.32502">
        <ele>28.8</ele>
      </trkpt>
      <trkpt lat="37.94179" lon="-122.32474">
        <ele>28.5</ele>
      </trkpt>
      <trkpt lat="37.94179" lon="-122.32474">
        <ele>28.5</ele>
      </trkpt>
      <trkpt lat="37.94135" lon="-122.32453">
        <ele>29.3</ele>
      </trkpt>
      <trkpt lat="37.9413" lon="-122.32453">
        <ele>29.3</ele>
      </trkpt>
      <trkpt lat="37.94126" lon="-122.32457">
        <ele>29.2</ele>
      </trkpt>
      <trkpt lat="37.94124" lon="-122.32466">
        <ele>29.0</ele>
      </trkpt>
      <trkpt lat="37.94097" lon="-122.32555">
        <ele>28.1</ele>
      </trkpt>
      <trkpt lat="37.9407" lon="-122.32644">
        <ele>28.4</ele>
      </trkpt>
      <trkpt lat="37.94043" lon="-122.32733">
        <ele>27.9</ele>
      </trkpt>
      <trkpt lat="37.94038" lon="-122.32763">
        <ele>27.7</ele>
      </trkpt>
      <trkpt lat="37.9404" lon="-122.32776">
        <ele>27.7</ele>
      </trkpt>
      <trkpt lat="37.9404" lon="-122.32776">
        <ele>27.7</ele>
      </trkpt>
      <trkpt lat="37.94044" lon="-122.32799">
        <ele>27.7</ele>
      </trkpt>
      <trkpt lat="37.94066" lon="-122.328">
        <ele>28.0</ele>
      </trkpt>
      <trkpt lat="37.94064" lon="-122.32779">
        <ele>27.9</ele>
      </trkpt>
      <trkpt lat="37.94064" lon="-122.32779">
        <ele>27.9</ele>
      </trkpt>
      <trkpt lat="37.94066" lon="-122.3276">
        <ele>28.0</ele>
      </trkpt>
      <trkpt lat="37.94062" lon="-122.32758">
        <ele>27.9</ele>
      </trkpt>
      <trkpt lat="37.94041" lon="-122.32748">
        <ele>27.8</ele>
      </trkpt>
      <trkpt lat="37.94043" lon="-122.32733">
        <ele>27.9</ele>
      </trkpt>
      <trkpt lat="37.9407" lon="-122.32644">
        <ele>28.4</ele>
      </trkpt>
      <trkpt lat="37.94097" lon="-122.32555">
        <ele>28.1</ele>
      </trkpt>
      <trkpt lat="37.94124" lon="-122.32466">
        <ele>29.0</ele>
      </trkpt>
      <trkpt lat="37.94126" lon="-122.32457">
        <ele>29.2</ele>
      </trkpt>
      <trkpt lat="37.9413" lon="-122.32453">
        <ele>29.3</ele>
      </trkpt>
      <trkpt lat="37.94135" lon="-122.32453">
        <ele>29.3</ele>
      </trkpt>
      <trkpt lat="37.94216" lon="-122.32492">
        <ele>28.5</ele>
      </trkpt>
      <trkpt lat="37.94298" lon="-122.3253">
        <ele>29.7</ele>
      </trkpt>
      <trkpt lat="37.94318" lon="-122.32461">
        <ele>29.3</ele>
      </trkpt>
      <trkpt lat="37.94318" lon="-122.32461">
        <ele>29.3</ele>
      </trkpt>
      <trkpt lat="37.94333" lon="-122.32412">
        <ele>29.3</ele>
      </trkpt>
      <trkpt lat="37.94356" lon="-122.32339">
        <ele>29.4</ele>
      </trkpt>
      <trkpt lat="37.9436" lon="-122.32322">
        <ele>29.5</ele>
      </trkpt>
      <trkpt lat="37.94316" lon="-122.32301">
        <ele>29.6</ele>
      </trkpt>
      <trkpt lat="37.94259" lon="-122.32282">
        <ele>30.4</ele>
      </trkpt>
      <trkpt lat="37.94225" lon="-122.32265">
        <ele>33.2</ele>
      </trkpt>
      <trkpt lat="37.94225" lon="-122.32265">
        <ele>33.2</ele>
      </trkpt>
      <trkpt lat="37.94189" lon="-122.32248">
        <ele>34.7</ele>
      </trkpt>
      <trkpt lat="37.94162" lon="-122.32336">
        <ele>30.1</ele>
      </trkpt>
      <trkpt lat="37.94156" lon="-122.32352">
        <ele>30.0</ele>
      </trkpt>
      <trkpt lat="37.9415" lon="-122.32361">
        <ele>30.1</ele>
      </trkpt>
      <trkpt lat="37.94138" lon="-122.3237">
        <ele>30.2</ele>
      </trkpt>
      <trkpt lat="37.94094" lon="-122.32392">
        <ele>30.6</ele>
      </trkpt>
      <trkpt lat="37.94049" lon="-122.32413">
        <ele>27.9</ele>
      </trkpt>
      <trkpt lat="37.93992" lon="-122.32439">
        <ele>27.3</ele>
      </trkpt>
      <trkpt lat="37.93944" lon="-122.3246">
        <ele>26.2</ele>
      </trkpt>
      <trkpt lat="37.93896" lon="-122.3248">
        <ele>25.0</ele>
      </trkpt>
      <trkpt lat="37.93887" lon="-122.32454">
        <ele>25.3</ele>
      </trkpt>
      <trkpt lat="37.9388" lon="-122.32446">
        <ele>26.1</ele>
      </trkpt>
      <trkpt lat="37.93846" lon="-122.32433">
        <ele>27.9</ele>
      </trkpt>
      <trkpt lat="37.93827" lon="-122.32422">
        <ele>28.9</ele>
      </trkpt>
      <trkpt lat="37.93812" lon="-122.32417">
        <ele>29.4</ele>
      </trkpt>
      <trkpt lat="37.93778" lon="-122.32415">
        <ele>29.6</ele>
      </trkpt>
      <trkpt lat="37.93756" lon="-122.32411">
        <ele>29.6</ele>
      </trkpt>
      <trkpt lat="37.93679" lon="-122.32373">
        <ele>29.8</ele>
      </trkpt>
      <trkpt lat="37.93679" lon="-122.32373">
        <ele>29.8</ele>
      </trkpt>
      <trkpt lat="37.93631" lon="-122.3235">
        <ele>29.1</ele>
      </trkpt>
      <trkpt lat="37.93584" lon="-122.32327">
        <ele>28.6</ele>
      </trkpt>
      <trkpt lat="37.93511" lon="-122.32293">
        <ele>28.0</ele>
      </trkpt>
      <trkpt lat="37.93467" lon="-122.32276">
        <ele>27.4</ele>
      </trkpt>
      <trkpt lat="37.93441" lon="-122.3227">
        <ele>26.9</ele>
      </trkpt>
      <trkpt lat="37.93416" lon="-122.32266">
        <ele>26.6</ele>
      </trkpt>
      <trkpt lat="37.93376" lon="-122.32265">
        <ele>26.2</ele>
      </trkpt>
      <trkpt lat="37.93336" lon="-122.32261">
        <ele>25.3</ele>
      </trkpt>
      <trkpt lat="37.93305" lon="-122.32248">
        <ele>25.1</ele>
      </trkpt>
      <trkpt lat="37.93284" lon="-122.32237">
        <ele>25.2</ele>
      </trkpt>
      <trkpt lat="37.93254" lon="-122.3222">
        <ele>24.9</ele>
      </trkpt>
      <trkpt lat="37.93221" lon="-122.32196">
        <ele>25.0</ele>
      </trkpt>
      <trkpt lat="37.93196" lon="-122.32174">
        <ele>25.8</ele>
      </trkpt>
      <trkpt lat="37.9312" lon="-122.32115">
        <ele>26.7</ele>
      </trkpt>
      <trkpt lat="37.93044" lon="-122.32056">
        <ele>26.5</ele>
      </trkpt>
      <trkpt lat="37.93017" lon="-122.32025">
        <ele>27.0</ele>
      </trkpt>
      <trkpt lat="37.92977" lon="-122.31992">
        <ele>29.4</ele>
      </trkpt>
      <trkpt lat="37.92937" lon="-122.31959">
        <ele>34.2</ele>
      </trkpt>
      <trkpt lat="37.92937" lon="-122.31959">
        <ele>34.2</ele>
      </trkpt>
      <trkpt lat="37.92868" lon="-122.31902">
        <ele>27.8</ele>
      </trkpt>
      <trkpt lat="37.92798" lon="-122.31846">
        <ele>25.5</ele>
      </trkpt>
      <trkpt lat="37.92763" lon="-122.31813">
        <ele>24.8</ele>
      </trkpt>
      <trkpt lat="37.92725" lon="-122.31772">
        <ele>24.3</ele>
      </trkpt>
      <trkpt lat="37.92699" lon="-122.31825">
        <ele>21.7</ele>
      </trkpt>
      <trkpt lat="37.92652" lon="-122.31789">
        <ele>20.9</ele>
      </trkpt>
      <trkpt lat="37.92605" lon="-122.31753">
        <ele>20.0</ele>
      </trkpt>
      <trkpt lat="37.92596" lon="-122.31734">
        <ele>20.3</ele>
      </trkpt>
      <trkpt lat="37.92592" lon="-122.31724">
        <ele>20.4</ele>
      </trkpt>
      <trkpt lat="37.92539" lon="-122.31679">
        <ele>20.4</ele>
      </trkpt>
      <trkpt lat="37.92486" lon="-122.31636">
        <ele>24.8</ele>
      </trkpt>
      <trkpt lat="37.9249" lon="-122.31627">
        <ele>25.0</ele>
      </trkpt>
      <trkpt lat="37.92527" lon="-122.31656">
        <ele>20.9</ele>
      </trkpt>
    </trkseg>
  </trk>
</gpx>
