<?xml version="1.0" encoding="UTF-8"?>
<gpx xmlns:gpxdata="http://www.cluetrust.com/XML/GPXDATA/1/0" xmlns:xsi="http://www.w3.org/2001/XMLSchema-instance" xmlns="http://www.topografix.com/GPX/1/1" version="1.1" creator="http://ridewithgps.com/" xsi:schemaLocation="http://www.topografix.com/GPX/1/1 http://www.topografix.com/GPX/1/1/gpx.xsd http://www.cluetrust.com/XML/GPXDATA/1/0 http://www.cluetrust.com/Schemas/gpxdata10.xsd">
  <metadata>
    <name>easier marin headlands tour</name>
    <link href="https://ridewithgps.com/routes/56633072">
      <text>easier marin headlands tour</text>
    </link>
    <time>2026-08-12T12:06:33Z</time>
  </metadata>
  <trk>
    <name>easier marin headlands tour</name>
    <trkseg>
      <trkpt lat="37.77953" lon="-122.41386">
        <ele>15.3</ele>
      </trkpt>
      <trkpt lat="37.77915" lon="-122.41434">
        <ele>16.0</ele>
      </trkpt>
      <trkpt lat="37.77878" lon="-122.41483">
        <ele>16.7</ele>
      </trkpt>
      <trkpt lat="37.77828" lon="-122.41545">
        <ele>17.3</ele>
      </trkpt>
      <trkpt lat="37.77779" lon="-122.41608">
        <ele>17.6</ele>
      </trkpt>
      <trkpt lat="37.77755" lon="-122.41636">
        <ele>17.9</ele>
      </trkpt>
      <trkpt lat="37.77704" lon="-122.41699">
        <ele>17.8</ele>
      </trkpt>
      <trkpt lat="37.77654" lon="-122.41762">
        <ele>17.4</ele>
      </trkpt>
      <trkpt lat="37.77609" lon="-122.4182">
        <ele>17.0</ele>
      </trkpt>
      <trkpt lat="37.77563" lon="-122.41879">
        <ele>16.8</ele>
      </trkpt>
      <trkpt lat="37.77517" lon="-122.41937">
        <ele>16.7</ele>
      </trkpt>
      <trkpt lat="37.77507" lon="-122.41951">
        <ele>16.7</ele>
      </trkpt>
      <trkpt lat="37.77505" lon="-122.41957">
        <ele>16.7</ele>
      </trkpt>
      <trkpt lat="37.77484" lon="-122.41984">
        <ele>16.7</ele>
      </trkpt>
      <trkpt lat="37.77476" lon="-122.42">
        <ele>16.7</ele>
      </trkpt>
      <trkpt lat="37.77449" lon="-122.42034">
        <ele>16.7</ele>
      </trkpt>
      <trkpt lat="37.77438" lon="-122.42048">
        <ele>16.7</ele>
      </trkpt>
      <trkpt lat="37.77438" lon="-122.42055">
        <ele>16.7</ele>
      </trkpt>
      <trkpt lat="37.77435" lon="-122.42072">
        <ele>16.9</ele>
      </trkpt>
      <trkpt lat="37.7743" lon="-122.42078">
        <ele>16.9</ele>
      </trkpt>
      <trkpt lat="37.77416" lon="-122.42188">
        <ele>18.3</ele>
      </trkpt>
      <trkpt lat="37.77402" lon="-122.42298">
        <ele>21.0</ele>
      </trkpt>
      <trkpt lat="37.7739" lon="-122.42391">
        <ele>22.6</ele>
      </trkpt>
      <trkpt lat="37.77389" lon="-122.42402">
        <ele>22.7</ele>
      </trkpt>
      <trkpt lat="37.77388" lon="-122.42412">
        <ele>22.9</ele>
      </trkpt>
      <trkpt lat="37.77378" lon="-122.42492">
        <ele>25.9</ele>
      </trkpt>
      <trkpt lat="37.77367" lon="-122.42572">
        <ele>33.8</ele>
      </trkpt>
      <trkpt lat="37.77354" lon="-122.42676">
        <ele>44.9</ele>
      </trkpt>
      <trkpt lat="37.77341" lon="-122.42779">
        <ele>52.2</ele>
      </trkpt>
      <trkpt lat="37.77328" lon="-122.42883">
        <ele>59.1</ele>
      </trkpt>
      <trkpt lat="37.77329" lon="-122.42886">
        <ele>59.3</ele>
      </trkpt>
      <trkpt lat="37.77329" lon="-122.42891">
        <ele>59.6</ele>
      </trkpt>
      <trkpt lat="37.77328" lon="-122.42898">
        <ele>60.1</ele>
      </trkpt>
      <trkpt lat="37.77326" lon="-122.42901">
        <ele>60.2</ele>
      </trkpt>
      <trkpt lat="37.77313" lon="-122.43003">
        <ele>61.5</ele>
      </trkpt>
      <trkpt lat="37.773" lon="-122.43106">
        <ele>60.8</ele>
      </trkpt>
      <trkpt lat="37.77287" lon="-122.43208">
        <ele>58.3</ele>
      </trkpt>
      <trkpt lat="37.77274" lon="-122.43311">
        <ele>54.1</ele>
      </trkpt>
      <trkpt lat="37.7726" lon="-122.43413">
        <ele>51.8</ele>
      </trkpt>
      <trkpt lat="37.77247" lon="-122.43516">
        <ele>50.4</ele>
      </trkpt>
      <trkpt lat="37.77234" lon="-122.43618">
        <ele>53.9</ele>
      </trkpt>
      <trkpt lat="37.77221" lon="-122.43721">
        <ele>59.4</ele>
      </trkpt>
      <trkpt lat="37.7722" lon="-122.4373">
        <ele>59.9</ele>
      </trkpt>
      <trkpt lat="37.77207" lon="-122.4383">
        <ele>65.6</ele>
      </trkpt>
      <trkpt lat="37.77195" lon="-122.4393">
        <ele>71.0</ele>
      </trkpt>
      <trkpt lat="37.77182" lon="-122.44029">
        <ele>73.6</ele>
      </trkpt>
      <trkpt lat="37.77169" lon="-122.44129">
        <ele>77.7</ele>
      </trkpt>
      <trkpt lat="37.77157" lon="-122.44229">
        <ele>78.2</ele>
      </trkpt>
      <trkpt lat="37.77144" lon="-122.44329">
        <ele>78.3</ele>
      </trkpt>
      <trkpt lat="37.77131" lon="-122.44429">
        <ele>78.2</ele>
      </trkpt>
      <trkpt lat="37.77119" lon="-122.44529">
        <ele>77.7</ele>
      </trkpt>
      <trkpt lat="37.7712" lon="-122.44538">
        <ele>77.5</ele>
      </trkpt>
      <trkpt lat="37.77119" lon="-122.44542">
        <ele>77.5</ele>
      </trkpt>
      <trkpt lat="37.77118" lon="-122.44548">
        <ele>77.5</ele>
      </trkpt>
      <trkpt lat="37.77115" lon="-122.44555">
        <ele>77.4</ele>
      </trkpt>
      <trkpt lat="37.77102" lon="-122.44654">
        <ele>76.3</ele>
      </trkpt>
      <trkpt lat="37.7709" lon="-122.44753">
        <ele>76.5</ele>
      </trkpt>
      <trkpt lat="37.77077" lon="-122.44852">
        <ele>77.2</ele>
      </trkpt>
      <trkpt lat="37.77065" lon="-122.44951">
        <ele>77.6</ele>
      </trkpt>
      <trkpt lat="37.77051" lon="-122.45057">
        <ele>78.0</ele>
      </trkpt>
      <trkpt lat="37.77038" lon="-122.45163">
        <ele>78.0</ele>
      </trkpt>
      <trkpt lat="37.77024" lon="-122.45269">
        <ele>78.7</ele>
      </trkpt>
      <trkpt lat="37.77011" lon="-122.45374">
        <ele>78.2</ele>
      </trkpt>
      <trkpt lat="37.77009" lon="-122.45388">
        <ele>78.0</ele>
      </trkpt>
      <trkpt lat="37.77006" lon="-122.45406">
        <ele>77.7</ele>
      </trkpt>
      <trkpt lat="37.77006" lon="-122.4542">
        <ele>77.6</ele>
      </trkpt>
      <trkpt lat="37.77021" lon="-122.45502">
        <ele>76.7</ele>
      </trkpt>
      <trkpt lat="37.77031" lon="-122.45523">
        <ele>76.2</ele>
      </trkpt>
      <trkpt lat="37.77037" lon="-122.45528">
        <ele>76.0</ele>
      </trkpt>
      <trkpt lat="37.77036" lon="-122.45532">
        <ele>75.8</ele>
      </trkpt>
      <trkpt lat="37.77032" lon="-122.45556">
        <ele>74.9</ele>
      </trkpt>
      <trkpt lat="37.7705" lon="-122.4556">
        <ele>74.8</ele>
      </trkpt>
      <trkpt lat="37.77064" lon="-122.45565">
        <ele>74.4</ele>
      </trkpt>
      <trkpt lat="37.77069" lon="-122.45571">
        <ele>74.4</ele>
      </trkpt>
      <trkpt lat="37.77072" lon="-122.45579">
        <ele>74.2</ele>
      </trkpt>
      <trkpt lat="37.77074" lon="-122.45587">
        <ele>74.0</ele>
      </trkpt>
      <trkpt lat="37.77077" lon="-122.45612">
        <ele>74.3</ele>
      </trkpt>
      <trkpt lat="37.77088" lon="-122.45672">
        <ele>75.6</ele>
      </trkpt>
      <trkpt lat="37.77101" lon="-122.45765">
        <ele>76.7</ele>
      </trkpt>
      <trkpt lat="37.7711" lon="-122.4576">
        <ele>76.7</ele>
      </trkpt>
      <trkpt lat="37.77117" lon="-122.45821">
        <ele>76.2</ele>
      </trkpt>
      <trkpt lat="37.77131" lon="-122.45912">
        <ele>76.3</ele>
      </trkpt>
      <trkpt lat="37.77144" lon="-122.45995">
        <ele>75.9</ele>
      </trkpt>
      <trkpt lat="37.77157" lon="-122.45994">
        <ele>75.4</ele>
      </trkpt>
      <trkpt lat="37.77157" lon="-122.46009">
        <ele>75.6</ele>
      </trkpt>
      <trkpt lat="37.77159" lon="-122.46029">
        <ele>75.2</ele>
      </trkpt>
      <trkpt lat="37.77165" lon="-122.46065">
        <ele>74.5</ele>
      </trkpt>
      <trkpt lat="37.77165" lon="-122.46065">
        <ele>74.5</ele>
      </trkpt>
      <trkpt lat="37.77176" lon="-122.46133">
        <ele>74.9</ele>
      </trkpt>
      <trkpt lat="37.77187" lon="-122.46201">
        <ele>74.6</ele>
      </trkpt>
      <trkpt lat="37.77192" lon="-122.46198">
        <ele>75.1</ele>
      </trkpt>
      <trkpt lat="37.772" lon="-122.46189">
        <ele>75.8</ele>
      </trkpt>
      <trkpt lat="37.77217" lon="-122.46157">
        <ele>76.6</ele>
      </trkpt>
      <trkpt lat="37.77229" lon="-122.46139">
        <ele>77.0</ele>
      </trkpt>
      <trkpt lat="37.7724" lon="-122.46126">
        <ele>77.3</ele>
      </trkpt>
      <trkpt lat="37.77254" lon="-122.46116">
        <ele>78.2</ele>
      </trkpt>
      <trkpt lat="37.77277" lon="-122.461">
        <ele>77.4</ele>
      </trkpt>
      <trkpt lat="37.77287" lon="-122.46087">
        <ele>77.1</ele>
      </trkpt>
      <trkpt lat="37.77292" lon="-122.4608">
        <ele>77.2</ele>
      </trkpt>
      <trkpt lat="37.77299" lon="-122.46061">
        <ele>77.3</ele>
      </trkpt>
      <trkpt lat="37.77302" lon="-122.46051">
        <ele>77.3</ele>
      </trkpt>
      <trkpt lat="37.77312" lon="-122.45978">
        <ele>78.4</ele>
      </trkpt>
      <trkpt lat="37.77323" lon="-122.45904">
        <ele>87.4</ele>
      </trkpt>
      <trkpt lat="37.7733" lon="-122.45901">
        <ele>86.7</ele>
      </trkpt>
      <trkpt lat="37.77344" lon="-122.45889">
        <ele>84.4</ele>
      </trkpt>
      <trkpt lat="37.77379" lon="-122.45856">
        <ele>79.0</ele>
      </trkpt>
      <trkpt lat="37.7739" lon="-122.45847">
        <ele>77.2</ele>
      </trkpt>
      <trkpt lat="37.77396" lon="-122.45843">
        <ele>76.7</ele>
      </trkpt>
      <trkpt lat="37.77407" lon="-122.45839">
        <ele>76.3</ele>
      </trkpt>
      <trkpt lat="37.7742" lon="-122.45838">
        <ele>75.6</ele>
      </trkpt>
      <trkpt lat="37.7743" lon="-122.45839">
        <ele>75.2</ele>
      </trkpt>
      <trkpt lat="37.77509" lon="-122.45845">
        <ele>72.0</ele>
      </trkpt>
      <trkpt lat="37.77588" lon="-122.45851">
        <ele>69.2</ele>
      </trkpt>
      <trkpt lat="37.77668" lon="-122.45856">
        <ele>67.5</ele>
      </trkpt>
      <trkpt lat="37.77747" lon="-122.45862">
        <ele>66.7</ele>
      </trkpt>
      <trkpt lat="37.77746" lon="-122.45869">
        <ele>66.4</ele>
      </trkpt>
      <trkpt lat="37.77741" lon="-122.45869">
        <ele>66.5</ele>
      </trkpt>
      <trkpt lat="37.77746" lon="-122.45869">
        <ele>66.4</ele>
      </trkpt>
      <trkpt lat="37.77747" lon="-122.45862">
        <ele>66.7</ele>
      </trkpt>
      <trkpt lat="37.77822" lon="-122.45868">
        <ele>66.7</ele>
      </trkpt>
      <trkpt lat="37.77898" lon="-122.45873">
        <ele>67.1</ele>
      </trkpt>
      <trkpt lat="37.77973" lon="-122.45879">
        <ele>67.2</ele>
      </trkpt>
      <trkpt lat="37.78059" lon="-122.45885">
        <ele>66.5</ele>
      </trkpt>
      <trkpt lat="37.78146" lon="-122.45891">
        <ele>64.2</ele>
      </trkpt>
      <trkpt lat="37.78232" lon="-122.45897">
        <ele>63.0</ele>
      </trkpt>
      <trkpt lat="37.78318" lon="-122.45903">
        <ele>61.3</ele>
      </trkpt>
      <trkpt lat="37.78404" lon="-122.45909">
        <ele>60.5</ele>
      </trkpt>
      <trkpt lat="37.78491" lon="-122.45915">
        <ele>61.4</ele>
      </trkpt>
      <trkpt lat="37.78577" lon="-122.45921">
        <ele>63.9</ele>
      </trkpt>
      <trkpt lat="37.78663" lon="-122.45928">
        <ele>66.8</ele>
      </trkpt>
      <trkpt lat="37.78751" lon="-122.45934">
        <ele>70.7</ele>
      </trkpt>
      <trkpt lat="37.78839" lon="-122.45941">
        <ele>76.3</ele>
      </trkpt>
      <trkpt lat="37.78902" lon="-122.45946">
        <ele>83.9</ele>
      </trkpt>
      <trkpt lat="37.78966" lon="-122.4595">
        <ele>90.8</ele>
      </trkpt>
      <trkpt lat="37.78969" lon="-122.45949">
        <ele>91.1</ele>
      </trkpt>
      <trkpt lat="37.78973" lon="-122.45945">
        <ele>91.3</ele>
      </trkpt>
      <trkpt lat="37.78982" lon="-122.4593">
        <ele>91.5</ele>
      </trkpt>
      <trkpt lat="37.78997" lon="-122.45888">
        <ele>91.3</ele>
      </trkpt>
      <trkpt lat="37.79004" lon="-122.45874">
        <ele>91.3</ele>
      </trkpt>
      <trkpt lat="37.79008" lon="-122.45869">
        <ele>91.3</ele>
      </trkpt>
      <trkpt lat="37.79016" lon="-122.45867">
        <ele>91.1</ele>
      </trkpt>
      <trkpt lat="37.79024" lon="-122.45866">
        <ele>90.6</ele>
      </trkpt>
      <trkpt lat="37.79037" lon="-122.45868">
        <ele>90.2</ele>
      </trkpt>
      <trkpt lat="37.79073" lon="-122.45885">
        <ele>91.1</ele>
      </trkpt>
      <trkpt lat="37.79097" lon="-122.4589">
        <ele>91.3</ele>
      </trkpt>
      <trkpt lat="37.7911" lon="-122.4589">
        <ele>91.0</ele>
      </trkpt>
      <trkpt lat="37.79125" lon="-122.45889">
        <ele>90.6</ele>
      </trkpt>
      <trkpt lat="37.7917" lon="-122.45882">
        <ele>89.3</ele>
      </trkpt>
      <trkpt lat="37.79186" lon="-122.45882">
        <ele>88.5</ele>
      </trkpt>
      <trkpt lat="37.79191" lon="-122.45884">
        <ele>88.3</ele>
      </trkpt>
      <trkpt lat="37.79196" lon="-122.45887">
        <ele>87.9</ele>
      </trkpt>
      <trkpt lat="37.79202" lon="-122.45893">
        <ele>87.4</ele>
      </trkpt>
      <trkpt lat="37.79207" lon="-122.45901">
        <ele>87.2</ele>
      </trkpt>
      <trkpt lat="37.79237" lon="-122.45972">
        <ele>88.3</ele>
      </trkpt>
      <trkpt lat="37.79242" lon="-122.45984">
        <ele>88.1</ele>
      </trkpt>
      <trkpt lat="37.79244" lon="-122.45996">
        <ele>88.0</ele>
      </trkpt>
      <trkpt lat="37.79244" lon="-122.45996">
        <ele>88.0</ele>
      </trkpt>
      <trkpt lat="37.79244" lon="-122.45996">
        <ele>88.0</ele>
      </trkpt>
      <trkpt lat="37.79246" lon="-122.46025">
        <ele>88.3</ele>
      </trkpt>
      <trkpt lat="37.79249" lon="-122.46055">
        <ele>88.4</ele>
      </trkpt>
      <trkpt lat="37.79256" lon="-122.46079">
        <ele>88.6</ele>
      </trkpt>
      <trkpt lat="37.79262" lon="-122.46093">
        <ele>88.8</ele>
      </trkpt>
      <trkpt lat="37.79273" lon="-122.4611">
        <ele>89.0</ele>
      </trkpt>
      <trkpt lat="37.79285" lon="-122.46123">
        <ele>88.8</ele>
      </trkpt>
      <trkpt lat="37.79291" lon="-122.46127">
        <ele>88.6</ele>
      </trkpt>
      <trkpt lat="37.7931" lon="-122.46137">
        <ele>87.9</ele>
      </trkpt>
      <trkpt lat="37.79333" lon="-122.4614">
        <ele>87.0</ele>
      </trkpt>
      <trkpt lat="37.79377" lon="-122.46139">
        <ele>80.6</ele>
      </trkpt>
      <trkpt lat="37.79388" lon="-122.46142">
        <ele>79.9</ele>
      </trkpt>
      <trkpt lat="37.79398" lon="-122.46146">
        <ele>79.6</ele>
      </trkpt>
      <trkpt lat="37.79424" lon="-122.46159">
        <ele>78.4</ele>
      </trkpt>
      <trkpt lat="37.7943" lon="-122.4616">
        <ele>77.5</ele>
      </trkpt>
      <trkpt lat="37.79447" lon="-122.46158">
        <ele>75.7</ele>
      </trkpt>
      <trkpt lat="37.79467" lon="-122.46146">
        <ele>73.6</ele>
      </trkpt>
      <trkpt lat="37.79497" lon="-122.46124">
        <ele>68.9</ele>
      </trkpt>
      <trkpt lat="37.79549" lon="-122.46065">
        <ele>60.6</ele>
      </trkpt>
      <trkpt lat="37.79601" lon="-122.46007">
        <ele>52.3</ele>
      </trkpt>
      <trkpt lat="37.79627" lon="-122.45976">
        <ele>48.9</ele>
      </trkpt>
      <trkpt lat="37.79639" lon="-122.4596">
        <ele>46.8</ele>
      </trkpt>
      <trkpt lat="37.79644" lon="-122.45955">
        <ele>45.7</ele>
      </trkpt>
      <trkpt lat="37.79653" lon="-122.4595">
        <ele>44.4</ele>
      </trkpt>
      <trkpt lat="37.79662" lon="-122.45948">
        <ele>43.7</ele>
      </trkpt>
      <trkpt lat="37.79678" lon="-122.45952">
        <ele>43.2</ele>
      </trkpt>
      <trkpt lat="37.79723" lon="-122.45965">
        <ele>37.8</ele>
      </trkpt>
      <trkpt lat="37.79742" lon="-122.45967">
        <ele>36.2</ele>
      </trkpt>
      <trkpt lat="37.79752" lon="-122.45966">
        <ele>35.5</ele>
      </trkpt>
      <trkpt lat="37.79771" lon="-122.4596">
        <ele>34.2</ele>
      </trkpt>
      <trkpt lat="37.79855" lon="-122.45924">
        <ele>30.0</ele>
      </trkpt>
      <trkpt lat="37.7988" lon="-122.45911">
        <ele>27.8</ele>
      </trkpt>
      <trkpt lat="37.79911" lon="-122.4589">
        <ele>25.7</ele>
      </trkpt>
      <trkpt lat="37.79949" lon="-122.45959">
        <ele>24.2</ele>
      </trkpt>
      <trkpt lat="37.79978" lon="-122.46013">
        <ele>24.5</ele>
      </trkpt>
      <trkpt lat="37.79988" lon="-122.46026">
        <ele>24.9</ele>
      </trkpt>
      <trkpt lat="37.79993" lon="-122.46033">
        <ele>25.1</ele>
      </trkpt>
      <trkpt lat="37.80012" lon="-122.46051">
        <ele>26.1</ele>
      </trkpt>
      <trkpt lat="37.80066" lon="-122.46097">
        <ele>28.0</ele>
      </trkpt>
      <trkpt lat="37.8012" lon="-122.46143">
        <ele>26.3</ele>
      </trkpt>
      <trkpt lat="37.80131" lon="-122.46154">
        <ele>25.2</ele>
      </trkpt>
      <trkpt lat="37.80137" lon="-122.46165">
        <ele>24.8</ele>
      </trkpt>
      <trkpt lat="37.80142" lon="-122.46178">
        <ele>24.6</ele>
      </trkpt>
      <trkpt lat="37.80145" lon="-122.46194">
        <ele>25.8</ele>
      </trkpt>
      <trkpt lat="37.80147" lon="-122.46213">
        <ele>27.4</ele>
      </trkpt>
      <trkpt lat="37.80148" lon="-122.46222">
        <ele>27.9</ele>
      </trkpt>
      <trkpt lat="37.80145" lon="-122.46269">
        <ele>29.4</ele>
      </trkpt>
      <trkpt lat="37.80145" lon="-122.46285">
        <ele>29.5</ele>
      </trkpt>
      <trkpt lat="37.80147" lon="-122.46301">
        <ele>29.5</ele>
      </trkpt>
      <trkpt lat="37.80152" lon="-122.46316">
        <ele>29.6</ele>
      </trkpt>
      <trkpt lat="37.80152" lon="-122.46316">
        <ele>29.6</ele>
      </trkpt>
      <trkpt lat="37.80178" lon="-122.46401">
        <ele>29.0</ele>
      </trkpt>
      <trkpt lat="37.80181" lon="-122.46417">
        <ele>28.8</ele>
      </trkpt>
      <trkpt lat="37.80181" lon="-122.46424">
        <ele>28.8</ele>
      </trkpt>
      <trkpt lat="37.80179" lon="-122.46439">
        <ele>28.9</ele>
      </trkpt>
      <trkpt lat="37.80177" lon="-122.46447">
        <ele>29.0</ele>
      </trkpt>
      <trkpt lat="37.80171" lon="-122.46462">
        <ele>29.1</ele>
      </trkpt>
      <trkpt lat="37.80163" lon="-122.46476">
        <ele>29.5</ele>
      </trkpt>
      <trkpt lat="37.80154" lon="-122.46487">
        <ele>30.2</ele>
      </trkpt>
      <trkpt lat="37.80148" lon="-122.46492">
        <ele>30.6</ele>
      </trkpt>
      <trkpt lat="37.80136" lon="-122.46501">
        <ele>31.9</ele>
      </trkpt>
      <trkpt lat="37.80123" lon="-122.46509">
        <ele>33.4</ele>
      </trkpt>
      <trkpt lat="37.80115" lon="-122.46511">
        <ele>33.9</ele>
      </trkpt>
      <trkpt lat="37.80088" lon="-122.46519">
        <ele>34.3</ele>
      </trkpt>
      <trkpt lat="37.80081" lon="-122.46522">
        <ele>34.5</ele>
      </trkpt>
      <trkpt lat="37.80075" lon="-122.46526">
        <ele>34.6</ele>
      </trkpt>
      <trkpt lat="37.8007" lon="-122.46531">
        <ele>34.6</ele>
      </trkpt>
      <trkpt lat="37.80061" lon="-122.46543">
        <ele>34.5</ele>
      </trkpt>
      <trkpt lat="37.80058" lon="-122.46548">
        <ele>34.5</ele>
      </trkpt>
      <trkpt lat="37.80055" lon="-122.46559">
        <ele>34.0</ele>
      </trkpt>
      <trkpt lat="37.80049" lon="-122.46586">
        <ele>33.3</ele>
      </trkpt>
      <trkpt lat="37.80047" lon="-122.46593">
        <ele>33.2</ele>
      </trkpt>
      <trkpt lat="37.8004" lon="-122.46604">
        <ele>33.3</ele>
      </trkpt>
      <trkpt lat="37.80032" lon="-122.46612">
        <ele>33.6</ele>
      </trkpt>
      <trkpt lat="37.80027" lon="-122.46616">
        <ele>33.8</ele>
      </trkpt>
      <trkpt lat="37.80004" lon="-122.4663">
        <ele>35.3</ele>
      </trkpt>
      <trkpt lat="37.79999" lon="-122.46634">
        <ele>35.5</ele>
      </trkpt>
      <trkpt lat="37.79984" lon="-122.46649">
        <ele>35.5</ele>
      </trkpt>
      <trkpt lat="37.7998" lon="-122.46655">
        <ele>35.4</ele>
      </trkpt>
      <trkpt lat="37.79972" lon="-122.4667">
        <ele>35.1</ele>
      </trkpt>
      <trkpt lat="37.79966" lon="-122.46686">
        <ele>34.6</ele>
      </trkpt>
      <trkpt lat="37.79961" lon="-122.46704">
        <ele>34.2</ele>
      </trkpt>
      <trkpt lat="37.7996" lon="-122.46712">
        <ele>34.1</ele>
      </trkpt>
      <trkpt lat="37.79961" lon="-122.46724">
        <ele>34.3</ele>
      </trkpt>
      <trkpt lat="37.79963" lon="-122.46734">
        <ele>34.4</ele>
      </trkpt>
      <trkpt lat="37.79968" lon="-122.46758">
        <ele>35.1</ele>
      </trkpt>
      <trkpt lat="37.79973" lon="-122.4677">
        <ele>35.4</ele>
      </trkpt>
      <trkpt lat="37.79979" lon="-122.46782">
        <ele>35.6</ele>
      </trkpt>
      <trkpt lat="37.79984" lon="-122.46787">
        <ele>35.5</ele>
      </trkpt>
      <trkpt lat="37.79988" lon="-122.46791">
        <ele>35.5</ele>
      </trkpt>
      <trkpt lat="37.79994" lon="-122.46793">
        <ele>35.2</ele>
      </trkpt>
      <trkpt lat="37.80033" lon="-122.46805">
        <ele>33.2</ele>
      </trkpt>
      <trkpt lat="37.80043" lon="-122.4681">
        <ele>32.3</ele>
      </trkpt>
      <trkpt lat="37.80048" lon="-122.46815">
        <ele>31.9</ele>
      </trkpt>
      <trkpt lat="37.80056" lon="-122.46826">
        <ele>31.7</ele>
      </trkpt>
      <trkpt lat="37.8006" lon="-122.46834">
        <ele>32.0</ele>
      </trkpt>
      <trkpt lat="37.80083" lon="-122.46895">
        <ele>34.7</ele>
      </trkpt>
      <trkpt lat="37.8009" lon="-122.46907">
        <ele>35.0</ele>
      </trkpt>
      <trkpt lat="37.80097" lon="-122.46915">
        <ele>35.0</ele>
      </trkpt>
      <trkpt lat="37.80103" lon="-122.46918">
        <ele>34.9</ele>
      </trkpt>
      <trkpt lat="37.80108" lon="-122.46919">
        <ele>34.8</ele>
      </trkpt>
      <trkpt lat="37.8016" lon="-122.46913">
        <ele>33.8</ele>
      </trkpt>
      <trkpt lat="37.80189" lon="-122.46907">
        <ele>33.3</ele>
      </trkpt>
      <trkpt lat="37.80199" lon="-122.46907">
        <ele>33.5</ele>
      </trkpt>
      <trkpt lat="37.80237" lon="-122.46906">
        <ele>34.3</ele>
      </trkpt>
      <trkpt lat="37.80246" lon="-122.46905">
        <ele>34.3</ele>
      </trkpt>
      <trkpt lat="37.80276" lon="-122.46897">
        <ele>32.9</ele>
      </trkpt>
      <trkpt lat="37.80287" lon="-122.46896">
        <ele>31.5</ele>
      </trkpt>
      <trkpt lat="37.80297" lon="-122.46896">
        <ele>30.0</ele>
      </trkpt>
      <trkpt lat="37.80319" lon="-122.469">
        <ele>28.5</ele>
      </trkpt>
      <trkpt lat="37.80329" lon="-122.46904">
        <ele>28.3</ele>
      </trkpt>
      <trkpt lat="37.80349" lon="-122.46914">
        <ele>28.5</ele>
      </trkpt>
      <trkpt lat="37.80381" lon="-122.46926">
        <ele>27.1</ele>
      </trkpt>
      <trkpt lat="37.80393" lon="-122.46932">
        <ele>25.8</ele>
      </trkpt>
      <trkpt lat="37.80399" lon="-122.46936">
        <ele>25.4</ele>
      </trkpt>
      <trkpt lat="37.80404" lon="-122.46942">
        <ele>25.2</ele>
      </trkpt>
      <trkpt lat="37.80429" lon="-122.46979">
        <ele>26.4</ele>
      </trkpt>
      <trkpt lat="37.80435" lon="-122.46985">
        <ele>26.3</ele>
      </trkpt>
      <trkpt lat="37.80449" lon="-122.46995">
        <ele>27.2</ele>
      </trkpt>
      <trkpt lat="37.80464" lon="-122.47">
        <ele>27.9</ele>
      </trkpt>
      <trkpt lat="37.80471" lon="-122.47001">
        <ele>28.3</ele>
      </trkpt>
      <trkpt lat="37.80479" lon="-122.47">
        <ele>28.2</ele>
      </trkpt>
      <trkpt lat="37.8049" lon="-122.46995">
        <ele>27.5</ele>
      </trkpt>
      <trkpt lat="37.80508" lon="-122.4699">
        <ele>26.8</ele>
      </trkpt>
      <trkpt lat="37.80526" lon="-122.46989">
        <ele>26.3</ele>
      </trkpt>
      <trkpt lat="37.80552" lon="-122.46992">
        <ele>26.1</ele>
      </trkpt>
      <trkpt lat="37.80559" lon="-122.46994">
        <ele>26.2</ele>
      </trkpt>
      <trkpt lat="37.80573" lon="-122.47">
        <ele>26.3</ele>
      </trkpt>
      <trkpt lat="37.80579" lon="-122.47005">
        <ele>26.4</ele>
      </trkpt>
      <trkpt lat="37.80587" lon="-122.47011">
        <ele>26.6</ele>
      </trkpt>
      <trkpt lat="37.80595" lon="-122.4702">
        <ele>26.6</ele>
      </trkpt>
      <trkpt lat="37.80604" lon="-122.47039">
        <ele>27.0</ele>
      </trkpt>
      <trkpt lat="37.80633" lon="-122.47129">
        <ele>34.7</ele>
      </trkpt>
      <trkpt lat="37.8064" lon="-122.47144">
        <ele>35.8</ele>
      </trkpt>
      <trkpt lat="37.80644" lon="-122.47153">
        <ele>36.7</ele>
      </trkpt>
      <trkpt lat="37.80682" lon="-122.47214">
        <ele>39.7</ele>
      </trkpt>
      <trkpt lat="37.80686" lon="-122.47223">
        <ele>39.7</ele>
      </trkpt>
      <trkpt lat="37.80691" lon="-122.4724">
        <ele>40.2</ele>
      </trkpt>
      <trkpt lat="37.80696" lon="-122.47241">
        <ele>39.9</ele>
      </trkpt>
      <trkpt lat="37.80738" lon="-122.47304">
        <ele>40.2</ele>
      </trkpt>
      <trkpt lat="37.80772" lon="-122.47346">
        <ele>41.1</ele>
      </trkpt>
      <trkpt lat="37.80779" lon="-122.47358">
        <ele>42.0</ele>
      </trkpt>
      <trkpt lat="37.80788" lon="-122.47376">
        <ele>43.1</ele>
      </trkpt>
      <trkpt lat="37.80797" lon="-122.47399">
        <ele>43.8</ele>
      </trkpt>
      <trkpt lat="37.80806" lon="-122.47436">
        <ele>44.3</ele>
      </trkpt>
      <trkpt lat="37.80817" lon="-122.47474">
        <ele>42.5</ele>
      </trkpt>
      <trkpt lat="37.8082" lon="-122.47513">
        <ele>47.6</ele>
      </trkpt>
      <trkpt lat="37.80823" lon="-122.47519">
        <ele>47.3</ele>
      </trkpt>
      <trkpt lat="37.80826" lon="-122.47523">
        <ele>46.8</ele>
      </trkpt>
      <trkpt lat="37.80832" lon="-122.47528">
        <ele>45.6</ele>
      </trkpt>
      <trkpt lat="37.80843" lon="-122.47533">
        <ele>44.3</ele>
      </trkpt>
      <trkpt lat="37.80849" lon="-122.47536">
        <ele>43.3</ele>
      </trkpt>
      <trkpt lat="37.80854" lon="-122.47541">
        <ele>42.5</ele>
      </trkpt>
      <trkpt lat="37.80859" lon="-122.47547">
        <ele>41.3</ele>
      </trkpt>
      <trkpt lat="37.80861" lon="-122.47553">
        <ele>41.0</ele>
      </trkpt>
      <trkpt lat="37.80864" lon="-122.47563">
        <ele>40.4</ele>
      </trkpt>
      <trkpt lat="37.80864" lon="-122.47571">
        <ele>40.6</ele>
      </trkpt>
      <trkpt lat="37.80864" lon="-122.47579">
        <ele>40.9</ele>
      </trkpt>
      <trkpt lat="37.8086" lon="-122.47592">
        <ele>43.9</ele>
      </trkpt>
      <trkpt lat="37.80856" lon="-122.47602">
        <ele>46.6</ele>
      </trkpt>
      <trkpt lat="37.80841" lon="-122.47625">
        <ele>50.4</ele>
      </trkpt>
      <trkpt lat="37.80817" lon="-122.47665">
        <ele>50.8</ele>
      </trkpt>
      <trkpt lat="37.80811" lon="-122.47676">
        <ele>51.7</ele>
      </trkpt>
      <trkpt lat="37.80807" lon="-122.47686">
        <ele>52.6</ele>
      </trkpt>
      <trkpt lat="37.80801" lon="-122.47694">
        <ele>53.0</ele>
      </trkpt>
      <trkpt lat="37.80795" lon="-122.47698">
        <ele>53.1</ele>
      </trkpt>
      <trkpt lat="37.80788" lon="-122.47698">
        <ele>54.4</ele>
      </trkpt>
      <trkpt lat="37.80783" lon="-122.47695">
        <ele>55.8</ele>
      </trkpt>
      <trkpt lat="37.8078" lon="-122.4769">
        <ele>56.9</ele>
      </trkpt>
      <trkpt lat="37.8078" lon="-122.47686">
        <ele>57.7</ele>
      </trkpt>
      <trkpt lat="37.8079" lon="-122.47676">
        <ele>57.7</ele>
      </trkpt>
      <trkpt lat="37.80797" lon="-122.47662">
        <ele>57.8</ele>
      </trkpt>
      <trkpt lat="37.80801" lon="-122.47665">
        <ele>57.8</ele>
      </trkpt>
      <trkpt lat="37.80848" lon="-122.47703">
        <ele>58.1</ele>
      </trkpt>
      <trkpt lat="37.80859" lon="-122.47711">
        <ele>58.2</ele>
      </trkpt>
      <trkpt lat="37.80883" lon="-122.47725">
        <ele>58.3</ele>
      </trkpt>
      <trkpt lat="37.80908" lon="-122.47737">
        <ele>58.4</ele>
      </trkpt>
      <trkpt lat="37.80935" lon="-122.47746">
        <ele>58.5</ele>
      </trkpt>
      <trkpt lat="37.80935" lon="-122.47746">
        <ele>58.5</ele>
      </trkpt>
      <trkpt lat="37.80963" lon="-122.47751">
        <ele>58.6</ele>
      </trkpt>
      <trkpt lat="37.81049" lon="-122.47761">
        <ele>59.1</ele>
      </trkpt>
      <trkpt lat="37.81135" lon="-122.47772">
        <ele>59.5</ele>
      </trkpt>
      <trkpt lat="37.81221" lon="-122.47782">
        <ele>60.0</ele>
      </trkpt>
      <trkpt lat="37.81306" lon="-122.47792">
        <ele>60.4</ele>
      </trkpt>
      <trkpt lat="37.81392" lon="-122.47802">
        <ele>60.8</ele>
      </trkpt>
      <trkpt lat="37.81392" lon="-122.47806">
        <ele>60.9</ele>
      </trkpt>
      <trkpt lat="37.81395" lon="-122.47809">
        <ele>60.9</ele>
      </trkpt>
      <trkpt lat="37.81401" lon="-122.47811">
        <ele>60.9</ele>
      </trkpt>
      <trkpt lat="37.81404" lon="-122.47811">
        <ele>60.9</ele>
      </trkpt>
      <trkpt lat="37.81407" lon="-122.47809">
        <ele>60.9</ele>
      </trkpt>
      <trkpt lat="37.81408" lon="-122.47803">
        <ele>61.0</ele>
      </trkpt>
      <trkpt lat="37.81495" lon="-122.47814">
        <ele>61.4</ele>
      </trkpt>
      <trkpt lat="37.81582" lon="-122.47824">
        <ele>61.9</ele>
      </trkpt>
      <trkpt lat="37.81669" lon="-122.47834">
        <ele>62.3</ele>
      </trkpt>
      <trkpt lat="37.81756" lon="-122.47844">
        <ele>62.8</ele>
      </trkpt>
      <trkpt lat="37.81844" lon="-122.47854">
        <ele>63.2</ele>
      </trkpt>
      <trkpt lat="37.81931" lon="-122.47864">
        <ele>63.7</ele>
      </trkpt>
      <trkpt lat="37.82018" lon="-122.47874">
        <ele>64.1</ele>
      </trkpt>
      <trkpt lat="37.82105" lon="-122.47885">
        <ele>64.6</ele>
      </trkpt>
      <trkpt lat="37.82192" lon="-122.47895">
        <ele>65.0</ele>
      </trkpt>
      <trkpt lat="37.82279" lon="-122.47905">
        <ele>65.4</ele>
      </trkpt>
      <trkpt lat="37.82366" lon="-122.47915">
        <ele>65.9</ele>
      </trkpt>
      <trkpt lat="37.82453" lon="-122.47925">
        <ele>66.3</ele>
      </trkpt>
      <trkpt lat="37.82541" lon="-122.47935">
        <ele>66.8</ele>
      </trkpt>
      <trkpt lat="37.82541" lon="-122.4794">
        <ele>66.8</ele>
      </trkpt>
      <trkpt lat="37.82543" lon="-122.47943">
        <ele>66.8</ele>
      </trkpt>
      <trkpt lat="37.82549" lon="-122.47945">
        <ele>66.9</ele>
      </trkpt>
      <trkpt lat="37.82556" lon="-122.47943">
        <ele>66.9</ele>
      </trkpt>
      <trkpt lat="37.82557" lon="-122.47941">
        <ele>66.9</ele>
      </trkpt>
      <trkpt lat="37.82558" lon="-122.47938">
        <ele>66.9</ele>
      </trkpt>
      <trkpt lat="37.82641" lon="-122.47947">
        <ele>67.3</ele>
      </trkpt>
      <trkpt lat="37.82725" lon="-122.47957">
        <ele>67.8</ele>
      </trkpt>
      <trkpt lat="37.82808" lon="-122.47967">
        <ele>68.2</ele>
      </trkpt>
      <trkpt lat="37.82891" lon="-122.47977">
        <ele>68.6</ele>
      </trkpt>
      <trkpt lat="37.82975" lon="-122.47987">
        <ele>69.1</ele>
      </trkpt>
      <trkpt lat="37.83058" lon="-122.47997">
        <ele>69.5</ele>
      </trkpt>
      <trkpt lat="37.83083" lon="-122.48002">
        <ele>69.6</ele>
      </trkpt>
      <trkpt lat="37.83109" lon="-122.48009">
        <ele>69.8</ele>
      </trkpt>
      <trkpt lat="37.83133" lon="-122.4802">
        <ele>69.9</ele>
      </trkpt>
      <trkpt lat="37.83145" lon="-122.48027">
        <ele>70.0</ele>
      </trkpt>
      <trkpt lat="37.83169" lon="-122.48042">
        <ele>70.1</ele>
      </trkpt>
      <trkpt lat="37.83191" lon="-122.4806">
        <ele>70.2</ele>
      </trkpt>
      <trkpt lat="37.83201" lon="-122.4807">
        <ele>70.3</ele>
      </trkpt>
      <trkpt lat="37.83226" lon="-122.48095">
        <ele>70.5</ele>
      </trkpt>
      <trkpt lat="37.83238" lon="-122.48112">
        <ele>70.6</ele>
      </trkpt>
      <trkpt lat="37.83242" lon="-122.48119">
        <ele>71.3</ele>
      </trkpt>
      <trkpt lat="37.83246" lon="-122.4813">
        <ele>72.2</ele>
      </trkpt>
      <trkpt lat="37.83248" lon="-122.48139">
        <ele>72.7</ele>
      </trkpt>
      <trkpt lat="37.83249" lon="-122.48148">
        <ele>73.3</ele>
      </trkpt>
      <trkpt lat="37.83247" lon="-122.48157">
        <ele>74.3</ele>
      </trkpt>
      <trkpt lat="37.8328" lon="-122.48216">
        <ele>76.4</ele>
      </trkpt>
      <trkpt lat="37.83284" lon="-122.48232">
        <ele>77.4</ele>
      </trkpt>
      <trkpt lat="37.83288" lon="-122.4824">
        <ele>78.0</ele>
      </trkpt>
      <trkpt lat="37.83291" lon="-122.48247">
        <ele>78.4</ele>
      </trkpt>
      <trkpt lat="37.83299" lon="-122.48284">
        <ele>82.0</ele>
      </trkpt>
      <trkpt lat="37.83303" lon="-122.48293">
        <ele>82.8</ele>
      </trkpt>
      <trkpt lat="37.83307" lon="-122.48301">
        <ele>83.7</ele>
      </trkpt>
      <trkpt lat="37.83316" lon="-122.48317">
        <ele>85.9</ele>
      </trkpt>
      <trkpt lat="37.8332" lon="-122.48324">
        <ele>86.4</ele>
      </trkpt>
      <trkpt lat="37.83321" lon="-122.48332">
        <ele>86.7</ele>
      </trkpt>
      <trkpt lat="37.83324" lon="-122.48349">
        <ele>85.6</ele>
      </trkpt>
      <trkpt lat="37.83351" lon="-122.48371">
        <ele>84.1</ele>
      </trkpt>
      <trkpt lat="37.83358" lon="-122.48374">
        <ele>83.8</ele>
      </trkpt>
      <trkpt lat="37.83362" lon="-122.48375">
        <ele>83.6</ele>
      </trkpt>
      <trkpt lat="37.83367" lon="-122.48373">
        <ele>83.3</ele>
      </trkpt>
      <trkpt lat="37.83371" lon="-122.48371">
        <ele>83.1</ele>
      </trkpt>
      <trkpt lat="37.83379" lon="-122.48363">
        <ele>82.1</ele>
      </trkpt>
      <trkpt lat="37.83418" lon="-122.48421">
        <ele>82.9</ele>
      </trkpt>
      <trkpt lat="37.83442" lon="-122.48464">
        <ele>83.3</ele>
      </trkpt>
      <trkpt lat="37.83454" lon="-122.48479">
        <ele>83.2</ele>
      </trkpt>
      <trkpt lat="37.83466" lon="-122.48488">
        <ele>83.2</ele>
      </trkpt>
      <trkpt lat="37.8348" lon="-122.48496">
        <ele>83.1</ele>
      </trkpt>
      <trkpt lat="37.83494" lon="-122.485">
        <ele>83.3</ele>
      </trkpt>
      <trkpt lat="37.83508" lon="-122.48501">
        <ele>83.4</ele>
      </trkpt>
      <trkpt lat="37.83524" lon="-122.48499">
        <ele>83.5</ele>
      </trkpt>
      <trkpt lat="37.83539" lon="-122.48494">
        <ele>83.3</ele>
      </trkpt>
      <trkpt lat="37.8355" lon="-122.48486">
        <ele>83.1</ele>
      </trkpt>
      <trkpt lat="37.83558" lon="-122.48478">
        <ele>83.0</ele>
      </trkpt>
      <trkpt lat="37.83565" lon="-122.48469">
        <ele>82.8</ele>
      </trkpt>
      <trkpt lat="37.83576" lon="-122.48453">
        <ele>82.6</ele>
      </trkpt>
      <trkpt lat="37.83608" lon="-122.4839">
        <ele>81.9</ele>
      </trkpt>
      <trkpt lat="37.83621" lon="-122.48366">
        <ele>82.8</ele>
      </trkpt>
      <trkpt lat="37.83629" lon="-122.48355">
        <ele>82.9</ele>
      </trkpt>
      <trkpt lat="37.83637" lon="-122.48346">
        <ele>83.1</ele>
      </trkpt>
      <trkpt lat="37.83649" lon="-122.48334">
        <ele>83.0</ele>
      </trkpt>
      <trkpt lat="37.83663" lon="-122.48324">
        <ele>81.8</ele>
      </trkpt>
      <trkpt lat="37.83679" lon="-122.48314">
        <ele>75.4</ele>
      </trkpt>
      <trkpt lat="37.83693" lon="-122.48307">
        <ele>74.5</ele>
      </trkpt>
      <trkpt lat="37.83708" lon="-122.48302">
        <ele>74.7</ele>
      </trkpt>
      <trkpt lat="37.83717" lon="-122.483">
        <ele>74.7</ele>
      </trkpt>
      <trkpt lat="37.83738" lon="-122.483">
        <ele>73.5</ele>
      </trkpt>
      <trkpt lat="37.83764" lon="-122.48302">
        <ele>69.4</ele>
      </trkpt>
      <trkpt lat="37.83764" lon="-122.48302">
        <ele>69.4</ele>
      </trkpt>
      <trkpt lat="37.83764" lon="-122.48302">
        <ele>69.4</ele>
      </trkpt>
      <trkpt lat="37.83787" lon="-122.48304">
        <ele>64.8</ele>
      </trkpt>
      <trkpt lat="37.83787" lon="-122.48319">
        <ele>66.4</ele>
      </trkpt>
      <trkpt lat="37.8379" lon="-122.48328">
        <ele>66.5</ele>
      </trkpt>
      <trkpt lat="37.83814" lon="-122.48356">
        <ele>63.0</ele>
      </trkpt>
      <trkpt lat="37.83824" lon="-122.48369">
        <ele>62.8</ele>
      </trkpt>
      <trkpt lat="37.83836" lon="-122.48388">
        <ele>65.2</ele>
      </trkpt>
      <trkpt lat="37.83857" lon="-122.48423">
        <ele>66.3</ele>
      </trkpt>
      <trkpt lat="37.83873" lon="-122.48459">
        <ele>67.4</ele>
      </trkpt>
      <trkpt lat="37.83885" lon="-122.48495">
        <ele>71.7</ele>
      </trkpt>
      <trkpt lat="37.83888" lon="-122.48509">
        <ele>73.2</ele>
      </trkpt>
      <trkpt lat="37.8389" lon="-122.48524">
        <ele>74.0</ele>
      </trkpt>
      <trkpt lat="37.83896" lon="-122.48567">
        <ele>74.2</ele>
      </trkpt>
      <trkpt lat="37.83902" lon="-122.4859">
        <ele>74.8</ele>
      </trkpt>
      <trkpt lat="37.83936" lon="-122.48678">
        <ele>77.4</ele>
      </trkpt>
      <trkpt lat="37.8397" lon="-122.48765">
        <ele>80.0</ele>
      </trkpt>
      <trkpt lat="37.84004" lon="-122.48853">
        <ele>82.7</ele>
      </trkpt>
      <trkpt lat="37.84038" lon="-122.48941">
        <ele>85.3</ele>
      </trkpt>
      <trkpt lat="37.84072" lon="-122.49029">
        <ele>87.9</ele>
      </trkpt>
      <trkpt lat="37.8411" lon="-122.49128">
        <ele>90.9</ele>
      </trkpt>
      <trkpt lat="37.84148" lon="-122.49226">
        <ele>93.8</ele>
      </trkpt>
      <trkpt lat="37.84186" lon="-122.49325">
        <ele>96.8</ele>
      </trkpt>
      <trkpt lat="37.84203" lon="-122.49367">
        <ele>98.1</ele>
      </trkpt>
      <trkpt lat="37.84206" lon="-122.49378">
        <ele>97.7</ele>
      </trkpt>
      <trkpt lat="37.84209" lon="-122.4939">
        <ele>97.1</ele>
      </trkpt>
      <trkpt lat="37.8421" lon="-122.49407">
        <ele>96.6</ele>
      </trkpt>
      <trkpt lat="37.84207" lon="-122.49421">
        <ele>96.6</ele>
      </trkpt>
      <trkpt lat="37.84202" lon="-122.49436">
        <ele>96.4</ele>
      </trkpt>
      <trkpt lat="37.84195" lon="-122.49449">
        <ele>96.0</ele>
      </trkpt>
      <trkpt lat="37.8414" lon="-122.49534">
        <ele>90.2</ele>
      </trkpt>
      <trkpt lat="37.84124" lon="-122.49562">
        <ele>88.2</ele>
      </trkpt>
      <trkpt lat="37.84103" lon="-122.49603">
        <ele>87.4</ele>
      </trkpt>
      <trkpt lat="37.84103" lon="-122.49603">
        <ele>87.4</ele>
      </trkpt>
      <trkpt lat="37.84103" lon="-122.49603">
        <ele>87.4</ele>
      </trkpt>
      <trkpt lat="37.84078" lon="-122.49656">
        <ele>87.8</ele>
      </trkpt>
      <trkpt lat="37.84054" lon="-122.4971">
        <ele>87.8</ele>
      </trkpt>
      <trkpt lat="37.84047" lon="-122.49722">
        <ele>87.8</ele>
      </trkpt>
      <trkpt lat="37.8404" lon="-122.49732">
        <ele>87.2</ele>
      </trkpt>
      <trkpt lat="37.84027" lon="-122.4975">
        <ele>82.9</ele>
      </trkpt>
      <trkpt lat="37.83984" lon="-122.49797">
        <ele>80.5</ele>
      </trkpt>
      <trkpt lat="37.83942" lon="-122.49842">
        <ele>79.4</ele>
      </trkpt>
      <trkpt lat="37.83929" lon="-122.49854">
        <ele>75.9</ele>
      </trkpt>
      <trkpt lat="37.8391" lon="-122.49868">
        <ele>73.4</ele>
      </trkpt>
      <trkpt lat="37.83873" lon="-122.49893">
        <ele>71.6</ele>
      </trkpt>
      <trkpt lat="37.83851" lon="-122.49908">
        <ele>70.9</ele>
      </trkpt>
      <trkpt lat="37.83843" lon="-122.49918">
        <ele>69.8</ele>
      </trkpt>
      <trkpt lat="37.83823" lon="-122.49942">
        <ele>65.5</ele>
      </trkpt>
      <trkpt lat="37.83781" lon="-122.5">
        <ele>63.6</ele>
      </trkpt>
      <trkpt lat="37.83739" lon="-122.50058">
        <ele>63.0</ele>
      </trkpt>
      <trkpt lat="37.83697" lon="-122.50116">
        <ele>56.4</ele>
      </trkpt>
      <trkpt lat="37.8368" lon="-122.50145">
        <ele>55.7</ele>
      </trkpt>
      <trkpt lat="37.83671" lon="-122.50165">
        <ele>56.0</ele>
      </trkpt>
      <trkpt lat="37.8365" lon="-122.50244">
        <ele>55.4</ele>
      </trkpt>
      <trkpt lat="37.83668" lon="-122.50243">
        <ele>54.5</ele>
      </trkpt>
      <trkpt lat="37.83687" lon="-122.50236">
        <ele>53.4</ele>
      </trkpt>
      <trkpt lat="37.83695" lon="-122.5024">
        <ele>52.9</ele>
      </trkpt>
      <trkpt lat="37.83701" lon="-122.50271">
        <ele>51.6</ele>
      </trkpt>
      <trkpt lat="37.83703" lon="-122.50304">
        <ele>51.9</ele>
      </trkpt>
      <trkpt lat="37.83752" lon="-122.50356">
        <ele>52.8</ele>
      </trkpt>
      <trkpt lat="37.83762" lon="-122.50369">
        <ele>53.0</ele>
      </trkpt>
      <trkpt lat="37.83764" lon="-122.50387">
        <ele>53.2</ele>
      </trkpt>
      <trkpt lat="37.83742" lon="-122.50408">
        <ele>51.7</ele>
      </trkpt>
      <trkpt lat="37.83672" lon="-122.50472">
        <ele>46.7</ele>
      </trkpt>
      <trkpt lat="37.83602" lon="-122.50537">
        <ele>47.5</ele>
      </trkpt>
      <trkpt lat="37.83591" lon="-122.50552">
        <ele>47.4</ele>
      </trkpt>
      <trkpt lat="37.83576" lon="-122.50578">
        <ele>47.1</ele>
      </trkpt>
      <trkpt lat="37.83568" lon="-122.50596">
        <ele>47.1</ele>
      </trkpt>
      <trkpt lat="37.83563" lon="-122.50611">
        <ele>46.7</ele>
      </trkpt>
      <trkpt lat="37.8356" lon="-122.50623">
        <ele>46.4</ele>
      </trkpt>
      <trkpt lat="37.83556" lon="-122.5067">
        <ele>46.7</ele>
      </trkpt>
      <trkpt lat="37.83532" lon="-122.50763">
        <ele>44.0</ele>
      </trkpt>
      <trkpt lat="37.83525" lon="-122.50779">
        <ele>43.0</ele>
      </trkpt>
      <trkpt lat="37.83505" lon="-122.50801">
        <ele>40.2</ele>
      </trkpt>
      <trkpt lat="37.83481" lon="-122.50824">
        <ele>38.2</ele>
      </trkpt>
      <trkpt lat="37.83465" lon="-122.50839">
        <ele>36.9</ele>
      </trkpt>
      <trkpt lat="37.83451" lon="-122.50855">
        <ele>36.5</ele>
      </trkpt>
      <trkpt lat="37.83447" lon="-122.50862">
        <ele>36.6</ele>
      </trkpt>
      <trkpt lat="37.83438" lon="-122.50884">
        <ele>36.9</ele>
      </trkpt>
      <trkpt lat="37.83433" lon="-122.50898">
        <ele>36.8</ele>
      </trkpt>
      <trkpt lat="37.83418" lon="-122.50955">
        <ele>35.0</ele>
      </trkpt>
      <trkpt lat="37.83414" lon="-122.50967">
        <ele>34.4</ele>
      </trkpt>
      <trkpt lat="37.83405" lon="-122.50983">
        <ele>33.4</ele>
      </trkpt>
      <trkpt lat="37.83396" lon="-122.50995">
        <ele>33.2</ele>
      </trkpt>
      <trkpt lat="37.83385" lon="-122.51016">
        <ele>34.2</ele>
      </trkpt>
      <trkpt lat="37.83367" lon="-122.51063">
        <ele>35.0</ele>
      </trkpt>
      <trkpt lat="37.83358" lon="-122.51097">
        <ele>35.5</ele>
      </trkpt>
      <trkpt lat="37.83352" lon="-122.51133">
        <ele>33.6</ele>
      </trkpt>
      <trkpt lat="37.83351" lon="-122.51156">
        <ele>32.1</ele>
      </trkpt>
      <trkpt lat="37.83348" lon="-122.51172">
        <ele>30.4</ele>
      </trkpt>
      <trkpt lat="37.83343" lon="-122.51189">
        <ele>28.6</ele>
      </trkpt>
      <trkpt lat="37.8334" lon="-122.51204">
        <ele>28.0</ele>
      </trkpt>
      <trkpt lat="37.83337" lon="-122.51226">
        <ele>27.4</ele>
      </trkpt>
      <trkpt lat="37.83334" lon="-122.51259">
        <ele>27.4</ele>
      </trkpt>
      <trkpt lat="37.83333" lon="-122.51267">
        <ele>27.5</ele>
      </trkpt>
      <trkpt lat="37.83331" lon="-122.51281">
        <ele>27.7</ele>
      </trkpt>
      <trkpt lat="37.83325" lon="-122.51311">
        <ele>27.5</ele>
      </trkpt>
      <trkpt lat="37.83324" lon="-122.51325">
        <ele>27.0</ele>
      </trkpt>
      <trkpt lat="37.83323" lon="-122.51383">
        <ele>23.8</ele>
      </trkpt>
      <trkpt lat="37.83322" lon="-122.51442">
        <ele>20.7</ele>
      </trkpt>
      <trkpt lat="37.83322" lon="-122.51478">
        <ele>19.3</ele>
      </trkpt>
      <trkpt lat="37.83329" lon="-122.51509">
        <ele>18.7</ele>
      </trkpt>
      <trkpt lat="37.83351" lon="-122.51544">
        <ele>19.0</ele>
      </trkpt>
      <trkpt lat="37.83376" lon="-122.51575">
        <ele>20.6</ele>
      </trkpt>
      <trkpt lat="37.83387" lon="-122.51601">
        <ele>20.5</ele>
      </trkpt>
      <trkpt lat="37.83395" lon="-122.51633">
        <ele>19.0</ele>
      </trkpt>
      <trkpt lat="37.83406" lon="-122.51658">
        <ele>18.7</ele>
      </trkpt>
      <trkpt lat="37.8342" lon="-122.51679">
        <ele>19.5</ele>
      </trkpt>
      <trkpt lat="37.83429" lon="-122.51701">
        <ele>19.4</ele>
      </trkpt>
      <trkpt lat="37.83445" lon="-122.51765">
        <ele>18.6</ele>
      </trkpt>
      <trkpt lat="37.83451" lon="-122.51774">
        <ele>18.7</ele>
      </trkpt>
      <trkpt lat="37.8346" lon="-122.51783">
        <ele>18.3</ele>
      </trkpt>
      <trkpt lat="37.8347" lon="-122.51786">
        <ele>18.2</ele>
      </trkpt>
      <trkpt lat="37.83486" lon="-122.51791">
        <ele>16.4</ele>
      </trkpt>
      <trkpt lat="37.83501" lon="-122.51793">
        <ele>14.1</ele>
      </trkpt>
      <trkpt lat="37.83518" lon="-122.51792">
        <ele>11.7</ele>
      </trkpt>
      <trkpt lat="37.83523" lon="-122.51801">
        <ele>10.1</ele>
      </trkpt>
      <trkpt lat="37.83529" lon="-122.51809">
        <ele>9.2</ele>
      </trkpt>
      <trkpt lat="37.83528" lon="-122.51818">
        <ele>9.2</ele>
      </trkpt>
      <trkpt lat="37.83526" lon="-122.51832">
        <ele>9.1</ele>
      </trkpt>
      <trkpt lat="37.83527" lon="-122.51846">
        <ele>9.0</ele>
      </trkpt>
      <trkpt lat="37.8354" lon="-122.51897">
        <ele>9.9</ele>
      </trkpt>
      <trkpt lat="37.83493" lon="-122.5193">
        <ele>9.7</ele>
      </trkpt>
      <trkpt lat="37.83486" lon="-122.5194">
        <ele>10.5</ele>
      </trkpt>
      <trkpt lat="37.83449" lon="-122.51992">
        <ele>11.1</ele>
      </trkpt>
      <trkpt lat="37.83442" lon="-122.52001">
        <ele>11.2</ele>
      </trkpt>
      <trkpt lat="37.83442" lon="-122.52001">
        <ele>11.2</ele>
      </trkpt>
      <trkpt lat="37.83438" lon="-122.52006">
        <ele>11.4</ele>
      </trkpt>
      <trkpt lat="37.8341" lon="-122.52033">
        <ele>11.8</ele>
      </trkpt>
      <trkpt lat="37.83392" lon="-122.52048">
        <ele>11.3</ele>
      </trkpt>
      <trkpt lat="37.83389" lon="-122.52054">
        <ele>11.3</ele>
      </trkpt>
      <trkpt lat="37.83388" lon="-122.5206">
        <ele>11.4</ele>
      </trkpt>
      <trkpt lat="37.83396" lon="-122.52081">
        <ele>11.9</ele>
      </trkpt>
      <trkpt lat="37.83398" lon="-122.52094">
        <ele>11.9</ele>
      </trkpt>
      <trkpt lat="37.83403" lon="-122.52134">
        <ele>10.9</ele>
      </trkpt>
      <trkpt lat="37.83405" lon="-122.52146">
        <ele>10.3</ele>
      </trkpt>
      <trkpt lat="37.83408" lon="-122.52155">
        <ele>10.0</ele>
      </trkpt>
      <trkpt lat="37.83412" lon="-122.52164">
        <ele>10.0</ele>
      </trkpt>
      <trkpt lat="37.83424" lon="-122.52181">
        <ele>9.7</ele>
      </trkpt>
      <trkpt lat="37.83427" lon="-122.52189">
        <ele>9.6</ele>
      </trkpt>
      <trkpt lat="37.83428" lon="-122.52199">
        <ele>9.5</ele>
      </trkpt>
      <trkpt lat="37.83427" lon="-122.52208">
        <ele>9.6</ele>
      </trkpt>
      <trkpt lat="37.83422" lon="-122.52231">
        <ele>9.9</ele>
      </trkpt>
      <trkpt lat="37.83417" lon="-122.52244">
        <ele>9.9</ele>
      </trkpt>
      <trkpt lat="37.83409" lon="-122.5226">
        <ele>9.7</ele>
      </trkpt>
      <trkpt lat="37.83393" lon="-122.52287">
        <ele>9.8</ele>
      </trkpt>
      <trkpt lat="37.83356" lon="-122.52363">
        <ele>7.8</ele>
      </trkpt>
      <trkpt lat="37.83344" lon="-122.52393">
        <ele>7.4</ele>
      </trkpt>
      <trkpt lat="37.83317" lon="-122.52478">
        <ele>8.2</ele>
      </trkpt>
      <trkpt lat="37.8331" lon="-122.52505">
        <ele>8.0</ele>
      </trkpt>
      <trkpt lat="37.8331" lon="-122.52505">
        <ele>8.0</ele>
      </trkpt>
      <trkpt lat="37.83292" lon="-122.52566">
        <ele>7.0</ele>
      </trkpt>
      <trkpt lat="37.8329" lon="-122.52588">
        <ele>7.5</ele>
      </trkpt>
      <trkpt lat="37.8329" lon="-122.52604">
        <ele>7.9</ele>
      </trkpt>
      <trkpt lat="37.8329" lon="-122.52626">
        <ele>7.9</ele>
      </trkpt>
      <trkpt lat="37.83287" lon="-122.52636">
        <ele>7.7</ele>
      </trkpt>
      <trkpt lat="37.83284" lon="-122.52641">
        <ele>7.8</ele>
      </trkpt>
      <trkpt lat="37.83279" lon="-122.52647">
        <ele>7.8</ele>
      </trkpt>
      <trkpt lat="37.83278" lon="-122.52653">
        <ele>8.0</ele>
      </trkpt>
      <trkpt lat="37.83274" lon="-122.5266">
        <ele>7.9</ele>
      </trkpt>
      <trkpt lat="37.83254" lon="-122.52664">
        <ele>6.7</ele>
      </trkpt>
      <trkpt lat="37.8325" lon="-122.52666">
        <ele>6.5</ele>
      </trkpt>
      <trkpt lat="37.83254" lon="-122.52678">
        <ele>6.9</ele>
      </trkpt>
      <trkpt lat="37.83257" lon="-122.52699">
        <ele>7.9</ele>
      </trkpt>
      <trkpt lat="37.83257" lon="-122.5272">
        <ele>8.7</ele>
      </trkpt>
      <trkpt lat="37.83255" lon="-122.52731">
        <ele>8.7</ele>
      </trkpt>
      <trkpt lat="37.83248" lon="-122.52762">
        <ele>8.6</ele>
      </trkpt>
      <trkpt lat="37.83239" lon="-122.52795">
        <ele>9.1</ele>
      </trkpt>
      <trkpt lat="37.83231" lon="-122.52824">
        <ele>9.1</ele>
      </trkpt>
      <trkpt lat="37.83209" lon="-122.52883">
        <ele>9.4</ele>
      </trkpt>
      <trkpt lat="37.83203" lon="-122.52903">
        <ele>14.3</ele>
      </trkpt>
      <trkpt lat="37.83199" lon="-122.52923">
        <ele>17.5</ele>
      </trkpt>
      <trkpt lat="37.83193" lon="-122.52964">
        <ele>18.5</ele>
      </trkpt>
      <trkpt lat="37.8319" lon="-122.52998">
        <ele>18.3</ele>
      </trkpt>
      <trkpt lat="37.8319" lon="-122.53026">
        <ele>18.5</ele>
      </trkpt>
      <trkpt lat="37.83193" lon="-122.5307">
        <ele>19.2</ele>
      </trkpt>
      <trkpt lat="37.83192" lon="-122.53079">
        <ele>18.5</ele>
      </trkpt>
      <trkpt lat="37.83202" lon="-122.53105">
        <ele>20.2</ele>
      </trkpt>
      <trkpt lat="37.83208" lon="-122.53118">
        <ele>20.1</ele>
      </trkpt>
      <trkpt lat="37.83213" lon="-122.53127">
        <ele>19.9</ele>
      </trkpt>
      <trkpt lat="37.8322" lon="-122.53137">
        <ele>19.6</ele>
      </trkpt>
      <trkpt lat="37.83229" lon="-122.53145">
        <ele>19.8</ele>
      </trkpt>
      <trkpt lat="37.83239" lon="-122.53153">
        <ele>19.6</ele>
      </trkpt>
      <trkpt lat="37.8325" lon="-122.53159">
        <ele>19.9</ele>
      </trkpt>
      <trkpt lat="37.8329" lon="-122.53174">
        <ele>20.7</ele>
      </trkpt>
      <trkpt lat="37.83306" lon="-122.53207">
        <ele>20.7</ele>
      </trkpt>
      <trkpt lat="37.83307" lon="-122.53218">
        <ele>21.0</ele>
      </trkpt>
      <trkpt lat="37.83308" lon="-122.53231">
        <ele>20.9</ele>
      </trkpt>
      <trkpt lat="37.83304" lon="-122.53289">
        <ele>18.0</ele>
      </trkpt>
      <trkpt lat="37.83301" lon="-122.53348">
        <ele>17.0</ele>
      </trkpt>
      <trkpt lat="37.83289" lon="-122.53454">
        <ele>16.7</ele>
      </trkpt>
      <trkpt lat="37.83289" lon="-122.53454">
        <ele>16.7</ele>
      </trkpt>
      <trkpt lat="37.83285" lon="-122.53493">
        <ele>17.3</ele>
      </trkpt>
      <trkpt lat="37.83282" lon="-122.53501">
        <ele>17.4</ele>
      </trkpt>
      <trkpt lat="37.83279" lon="-122.53506">
        <ele>17.2</ele>
      </trkpt>
      <trkpt lat="37.83258" lon="-122.5352">
        <ele>15.6</ele>
      </trkpt>
      <trkpt lat="37.83253" lon="-122.53537">
        <ele>15.2</ele>
      </trkpt>
      <trkpt lat="37.83269" lon="-122.53643">
        <ele>17.2</ele>
      </trkpt>
      <trkpt lat="37.83284" lon="-122.53748">
        <ele>19.0</ele>
      </trkpt>
      <trkpt lat="37.83293" lon="-122.53796">
        <ele>18.3</ele>
      </trkpt>
      <trkpt lat="37.83296" lon="-122.53824">
        <ele>17.7</ele>
      </trkpt>
      <trkpt lat="37.83295" lon="-122.53833">
        <ele>17.0</ele>
      </trkpt>
      <trkpt lat="37.83292" lon="-122.5384">
        <ele>16.0</ele>
      </trkpt>
      <trkpt lat="37.83285" lon="-122.53848">
        <ele>14.1</ele>
      </trkpt>
      <trkpt lat="37.8328" lon="-122.53852">
        <ele>12.8</ele>
      </trkpt>
      <trkpt lat="37.83274" lon="-122.53853">
        <ele>11.4</ele>
      </trkpt>
      <trkpt lat="37.83251" lon="-122.53858">
        <ele>6.1</ele>
      </trkpt>
      <trkpt lat="37.83215" lon="-122.53864">
        <ele>5.4</ele>
      </trkpt>
      <trkpt lat="37.83202" lon="-122.53766">
        <ele>5.4</ele>
      </trkpt>
      <trkpt lat="37.83192" lon="-122.53698">
        <ele>5.6</ele>
      </trkpt>
      <trkpt lat="37.83181" lon="-122.53629">
        <ele>6.2</ele>
      </trkpt>
      <trkpt lat="37.83174" lon="-122.53592">
        <ele>6.9</ele>
      </trkpt>
      <trkpt lat="37.8316" lon="-122.53537">
        <ele>8.3</ele>
      </trkpt>
      <trkpt lat="37.83157" lon="-122.53521">
        <ele>8.2</ele>
      </trkpt>
      <trkpt lat="37.83156" lon="-122.53509">
        <ele>8.4</ele>
      </trkpt>
      <trkpt lat="37.83157" lon="-122.53492">
        <ele>8.6</ele>
      </trkpt>
      <trkpt lat="37.83165" lon="-122.53416">
        <ele>7.6</ele>
      </trkpt>
      <trkpt lat="37.83173" lon="-122.5334">
        <ele>7.3</ele>
      </trkpt>
      <trkpt lat="37.83173" lon="-122.5334">
        <ele>7.3</ele>
      </trkpt>
      <trkpt lat="37.8318" lon="-122.53239">
        <ele>7.2</ele>
      </trkpt>
      <trkpt lat="37.83187" lon="-122.53155">
        <ele>10.0</ele>
      </trkpt>
      <trkpt lat="37.83192" lon="-122.53079">
        <ele>18.5</ele>
      </trkpt>
      <trkpt lat="37.83193" lon="-122.5307">
        <ele>19.2</ele>
      </trkpt>
      <trkpt lat="37.8319" lon="-122.53025">
        <ele>18.5</ele>
      </trkpt>
      <trkpt lat="37.8319" lon="-122.52998">
        <ele>18.3</ele>
      </trkpt>
      <trkpt lat="37.83193" lon="-122.52964">
        <ele>18.5</ele>
      </trkpt>
      <trkpt lat="37.83199" lon="-122.52923">
        <ele>17.5</ele>
      </trkpt>
      <trkpt lat="37.83203" lon="-122.52903">
        <ele>14.3</ele>
      </trkpt>
      <trkpt lat="37.83209" lon="-122.52883">
        <ele>9.4</ele>
      </trkpt>
      <trkpt lat="37.83231" lon="-122.52824">
        <ele>9.1</ele>
      </trkpt>
      <trkpt lat="37.83239" lon="-122.52795">
        <ele>9.1</ele>
      </trkpt>
      <trkpt lat="37.83248" lon="-122.52762">
        <ele>8.6</ele>
      </trkpt>
      <trkpt lat="37.83255" lon="-122.52731">
        <ele>8.7</ele>
      </trkpt>
      <trkpt lat="37.83257" lon="-122.5272">
        <ele>8.7</ele>
      </trkpt>
      <trkpt lat="37.83257" lon="-122.5271">
        <ele>8.4</ele>
      </trkpt>
      <trkpt lat="37.83257" lon="-122.52699">
        <ele>7.9</ele>
      </trkpt>
      <trkpt lat="37.83254" lon="-122.52678">
        <ele>6.9</ele>
      </trkpt>
      <trkpt lat="37.8325" lon="-122.52666">
        <ele>6.5</ele>
      </trkpt>
      <trkpt lat="37.83244" lon="-122.5265">
        <ele>5.9</ele>
      </trkpt>
      <trkpt lat="37.8324" lon="-122.52642">
        <ele>5.6</ele>
      </trkpt>
      <trkpt lat="37.83231" lon="-122.5263">
        <ele>5.0</ele>
      </trkpt>
      <trkpt lat="37.8322" lon="-122.5262">
        <ele>4.2</ele>
      </trkpt>
      <trkpt lat="37.83202" lon="-122.52609">
        <ele>4.7</ele>
      </trkpt>
      <trkpt lat="37.83189" lon="-122.52602">
        <ele>5.2</ele>
      </trkpt>
      <trkpt lat="37.83165" lon="-122.52589">
        <ele>6.0</ele>
      </trkpt>
      <trkpt lat="37.83156" lon="-122.52583">
        <ele>6.6</ele>
      </trkpt>
      <trkpt lat="37.83147" lon="-122.52576">
        <ele>7.4</ele>
      </trkpt>
      <trkpt lat="37.8314" lon="-122.52568">
        <ele>8.5</ele>
      </trkpt>
      <trkpt lat="37.83134" lon="-122.52561">
        <ele>9.2</ele>
      </trkpt>
      <trkpt lat="37.83127" lon="-122.52549">
        <ele>10.1</ele>
      </trkpt>
      <trkpt lat="37.83123" lon="-122.52539">
        <ele>10.5</ele>
      </trkpt>
      <trkpt lat="37.83119" lon="-122.52528">
        <ele>10.9</ele>
      </trkpt>
      <trkpt lat="37.83115" lon="-122.52504">
        <ele>11.2</ele>
      </trkpt>
      <trkpt lat="37.83114" lon="-122.5249">
        <ele>11.2</ele>
      </trkpt>
      <trkpt lat="37.83115" lon="-122.52477">
        <ele>11.2</ele>
      </trkpt>
      <trkpt lat="37.83127" lon="-122.5238">
        <ele>8.9</ele>
      </trkpt>
      <trkpt lat="37.83129" lon="-122.52365">
        <ele>8.4</ele>
      </trkpt>
      <trkpt lat="37.83132" lon="-122.52356">
        <ele>8.3</ele>
      </trkpt>
      <trkpt lat="37.83138" lon="-122.52341">
        <ele>8.1</ele>
      </trkpt>
      <trkpt lat="37.83144" lon="-122.52332">
        <ele>7.9</ele>
      </trkpt>
      <trkpt lat="37.83157" lon="-122.52318">
        <ele>7.9</ele>
      </trkpt>
      <trkpt lat="37.83165" lon="-122.52311">
        <ele>8.7</ele>
      </trkpt>
      <trkpt lat="37.83175" lon="-122.52304">
        <ele>9.2</ele>
      </trkpt>
      <trkpt lat="37.83186" lon="-122.52299">
        <ele>9.3</ele>
      </trkpt>
      <trkpt lat="37.83197" lon="-122.52295">
        <ele>9.5</ele>
      </trkpt>
      <trkpt lat="37.83259" lon="-122.52279">
        <ele>7.1</ele>
      </trkpt>
      <trkpt lat="37.8327" lon="-122.52273">
        <ele>6.1</ele>
      </trkpt>
      <trkpt lat="37.83282" lon="-122.52263">
        <ele>4.8</ele>
      </trkpt>
      <trkpt lat="37.83294" lon="-122.52249">
        <ele>4.4</ele>
      </trkpt>
      <trkpt lat="37.83304" lon="-122.52234">
        <ele>3.3</ele>
      </trkpt>
      <trkpt lat="37.83315" lon="-122.5221">
        <ele>3.0</ele>
      </trkpt>
      <trkpt lat="37.83322" lon="-122.52186">
        <ele>3.9</ele>
      </trkpt>
      <trkpt lat="37.83326" lon="-122.52167">
        <ele>4.1</ele>
      </trkpt>
      <trkpt lat="37.83327" lon="-122.52146">
        <ele>5.1</ele>
      </trkpt>
      <trkpt lat="37.83327" lon="-122.521">
        <ele>5.7</ele>
      </trkpt>
      <trkpt lat="37.83324" lon="-122.52049">
        <ele>8.5</ele>
      </trkpt>
      <trkpt lat="37.83316" lon="-122.51975">
        <ele>9.3</ele>
      </trkpt>
      <trkpt lat="37.83309" lon="-122.51902">
        <ele>8.9</ele>
      </trkpt>
      <trkpt lat="37.83305" lon="-122.51879">
        <ele>9.0</ele>
      </trkpt>
      <trkpt lat="37.83297" lon="-122.51842">
        <ele>9.8</ele>
      </trkpt>
      <trkpt lat="37.83266" lon="-122.51748">
        <ele>18.6</ele>
      </trkpt>
      <trkpt lat="37.83258" lon="-122.51728">
        <ele>19.1</ele>
      </trkpt>
      <trkpt lat="37.83246" lon="-122.51707">
        <ele>20.0</ele>
      </trkpt>
      <trkpt lat="37.83216" lon="-122.51663">
        <ele>21.9</ele>
      </trkpt>
      <trkpt lat="37.83204" lon="-122.51642">
        <ele>22.4</ele>
      </trkpt>
      <trkpt lat="37.8319" lon="-122.51606">
        <ele>22.7</ele>
      </trkpt>
      <trkpt lat="37.83183" lon="-122.51572">
        <ele>21.9</ele>
      </trkpt>
      <trkpt lat="37.83174" lon="-122.51474">
        <ele>21.7</ele>
      </trkpt>
      <trkpt lat="37.83165" lon="-122.51391">
        <ele>25.5</ele>
      </trkpt>
      <trkpt lat="37.83163" lon="-122.51364">
        <ele>27.7</ele>
      </trkpt>
      <trkpt lat="37.83163" lon="-122.51337">
        <ele>29.4</ele>
      </trkpt>
      <trkpt lat="37.83164" lon="-122.51311">
        <ele>30.7</ele>
      </trkpt>
      <trkpt lat="37.83166" lon="-122.5129">
        <ele>31.7</ele>
      </trkpt>
      <trkpt lat="37.83167" lon="-122.51275">
        <ele>32.6</ele>
      </trkpt>
      <trkpt lat="37.83171" lon="-122.51248">
        <ele>32.6</ele>
      </trkpt>
      <trkpt lat="37.83176" lon="-122.51223">
        <ele>32.8</ele>
      </trkpt>
      <trkpt lat="37.83183" lon="-122.51198">
        <ele>32.6</ele>
      </trkpt>
      <trkpt lat="37.83191" lon="-122.51174">
        <ele>32.0</ele>
      </trkpt>
      <trkpt lat="37.83223" lon="-122.51085">
        <ele>32.0</ele>
      </trkpt>
      <trkpt lat="37.83256" lon="-122.50997">
        <ele>33.3</ele>
      </trkpt>
      <trkpt lat="37.83289" lon="-122.50908">
        <ele>32.5</ele>
      </trkpt>
      <trkpt lat="37.83322" lon="-122.5082">
        <ele>39.5</ele>
      </trkpt>
      <trkpt lat="37.83355" lon="-122.50731">
        <ele>41.7</ele>
      </trkpt>
      <trkpt lat="37.83364" lon="-122.507">
        <ele>42.3</ele>
      </trkpt>
      <trkpt lat="37.83367" lon="-122.50686">
        <ele>42.5</ele>
      </trkpt>
      <trkpt lat="37.8337" lon="-122.50659">
        <ele>43.0</ele>
      </trkpt>
      <trkpt lat="37.83377" lon="-122.5055">
        <ele>51.0</ele>
      </trkpt>
      <trkpt lat="37.8338" lon="-122.50532">
        <ele>51.4</ele>
      </trkpt>
      <trkpt lat="37.83384" lon="-122.50516">
        <ele>51.4</ele>
      </trkpt>
      <trkpt lat="37.83392" lon="-122.50498">
        <ele>51.0</ele>
      </trkpt>
      <trkpt lat="37.83402" lon="-122.50481">
        <ele>50.8</ele>
      </trkpt>
      <trkpt lat="37.83413" lon="-122.50467">
        <ele>50.8</ele>
      </trkpt>
      <trkpt lat="37.83425" lon="-122.50457">
        <ele>51.0</ele>
      </trkpt>
      <trkpt lat="37.83429" lon="-122.50455">
        <ele>50.9</ele>
      </trkpt>
      <trkpt lat="37.83445" lon="-122.50445">
        <ele>51.3</ele>
      </trkpt>
      <trkpt lat="37.83494" lon="-122.50421">
        <ele>52.3</ele>
      </trkpt>
      <trkpt lat="37.83543" lon="-122.50396">
        <ele>51.5</ele>
      </trkpt>
      <trkpt lat="37.8356" lon="-122.50384">
        <ele>52.0</ele>
      </trkpt>
      <trkpt lat="37.83585" lon="-122.50361">
        <ele>53.7</ele>
      </trkpt>
      <trkpt lat="37.8361" lon="-122.50331">
        <ele>54.2</ele>
      </trkpt>
      <trkpt lat="37.83623" lon="-122.50314">
        <ele>54.5</ele>
      </trkpt>
      <trkpt lat="37.83631" lon="-122.50302">
        <ele>54.7</ele>
      </trkpt>
      <trkpt lat="37.83641" lon="-122.50278">
        <ele>55.3</ele>
      </trkpt>
      <trkpt lat="37.83656" lon="-122.50222">
        <ele>56.0</ele>
      </trkpt>
      <trkpt lat="37.83671" lon="-122.50165">
        <ele>56.0</ele>
      </trkpt>
      <trkpt lat="37.8368" lon="-122.50145">
        <ele>55.7</ele>
      </trkpt>
      <trkpt lat="37.83697" lon="-122.50116">
        <ele>56.4</ele>
      </trkpt>
      <trkpt lat="37.83739" lon="-122.50058">
        <ele>63.0</ele>
      </trkpt>
      <trkpt lat="37.83781" lon="-122.5">
        <ele>63.6</ele>
      </trkpt>
      <trkpt lat="37.83823" lon="-122.49942">
        <ele>65.5</ele>
      </trkpt>
      <trkpt lat="37.83843" lon="-122.49918">
        <ele>69.8</ele>
      </trkpt>
      <trkpt lat="37.83851" lon="-122.49908">
        <ele>70.9</ele>
      </trkpt>
      <trkpt lat="37.83873" lon="-122.49893">
        <ele>71.6</ele>
      </trkpt>
      <trkpt lat="37.8391" lon="-122.49868">
        <ele>73.4</ele>
      </trkpt>
      <trkpt lat="37.83929" lon="-122.49854">
        <ele>75.9</ele>
      </trkpt>
      <trkpt lat="37.83942" lon="-122.49842">
        <ele>79.4</ele>
      </trkpt>
      <trkpt lat="37.83984" lon="-122.49797">
        <ele>80.5</ele>
      </trkpt>
      <trkpt lat="37.84027" lon="-122.4975">
        <ele>82.9</ele>
      </trkpt>
      <trkpt lat="37.84047" lon="-122.49722">
        <ele>87.8</ele>
      </trkpt>
      <trkpt lat="37.84054" lon="-122.4971">
        <ele>87.8</ele>
      </trkpt>
      <trkpt lat="37.84078" lon="-122.49656">
        <ele>87.8</ele>
      </trkpt>
      <trkpt lat="37.84078" lon="-122.49656">
        <ele>87.8</ele>
      </trkpt>
      <trkpt lat="37.841" lon="-122.49609">
        <ele>87.4</ele>
      </trkpt>
      <trkpt lat="37.84124" lon="-122.49562">
        <ele>88.2</ele>
      </trkpt>
      <trkpt lat="37.8414" lon="-122.49534">
        <ele>90.2</ele>
      </trkpt>
      <trkpt lat="37.84195" lon="-122.49449">
        <ele>96.0</ele>
      </trkpt>
      <trkpt lat="37.84202" lon="-122.49436">
        <ele>96.4</ele>
      </trkpt>
      <trkpt lat="37.84207" lon="-122.49421">
        <ele>96.6</ele>
      </trkpt>
      <trkpt lat="37.8421" lon="-122.49407">
        <ele>96.6</ele>
      </trkpt>
      <trkpt lat="37.84209" lon="-122.4939">
        <ele>97.1</ele>
      </trkpt>
      <trkpt lat="37.84206" lon="-122.49378">
        <ele>97.7</ele>
      </trkpt>
      <trkpt lat="37.84203" lon="-122.49367">
        <ele>98.1</ele>
      </trkpt>
      <trkpt lat="37.84186" lon="-122.49325">
        <ele>96.8</ele>
      </trkpt>
      <trkpt lat="37.8415" lon="-122.49233">
        <ele>94.0</ele>
      </trkpt>
      <trkpt lat="37.84115" lon="-122.49141">
        <ele>91.3</ele>
      </trkpt>
      <trkpt lat="37.84079" lon="-122.49049">
        <ele>88.5</ele>
      </trkpt>
      <trkpt lat="37.84044" lon="-122.48957">
        <ele>85.8</ele>
      </trkpt>
      <trkpt lat="37.84008" lon="-122.48865">
        <ele>83.0</ele>
      </trkpt>
      <trkpt lat="37.83973" lon="-122.48773">
        <ele>80.3</ele>
      </trkpt>
      <trkpt lat="37.83937" lon="-122.48682">
        <ele>77.5</ele>
      </trkpt>
      <trkpt lat="37.83902" lon="-122.4859">
        <ele>74.8</ele>
      </trkpt>
      <trkpt lat="37.83896" lon="-122.48567">
        <ele>74.2</ele>
      </trkpt>
      <trkpt lat="37.8389" lon="-122.48524">
        <ele>74.0</ele>
      </trkpt>
      <trkpt lat="37.83888" lon="-122.48509">
        <ele>73.2</ele>
      </trkpt>
      <trkpt lat="37.83885" lon="-122.48495">
        <ele>71.7</ele>
      </trkpt>
      <trkpt lat="37.83873" lon="-122.48459">
        <ele>67.4</ele>
      </trkpt>
      <trkpt lat="37.83857" lon="-122.48423">
        <ele>66.3</ele>
      </trkpt>
      <trkpt lat="37.83836" lon="-122.48388">
        <ele>65.2</ele>
      </trkpt>
      <trkpt lat="37.83824" lon="-122.48369">
        <ele>62.8</ele>
      </trkpt>
      <trkpt lat="37.83814" lon="-122.48356">
        <ele>63.0</ele>
      </trkpt>
      <trkpt lat="37.8379" lon="-122.48328">
        <ele>66.5</ele>
      </trkpt>
      <trkpt lat="37.83787" lon="-122.48319">
        <ele>66.4</ele>
      </trkpt>
      <trkpt lat="37.83787" lon="-122.48304">
        <ele>64.8</ele>
      </trkpt>
      <trkpt lat="37.83738" lon="-122.483">
        <ele>73.5</ele>
      </trkpt>
      <trkpt lat="37.83717" lon="-122.483">
        <ele>74.7</ele>
      </trkpt>
      <trkpt lat="37.83708" lon="-122.48302">
        <ele>74.7</ele>
      </trkpt>
      <trkpt lat="37.83693" lon="-122.48307">
        <ele>74.5</ele>
      </trkpt>
      <trkpt lat="37.83679" lon="-122.48314">
        <ele>75.4</ele>
      </trkpt>
      <trkpt lat="37.83663" lon="-122.48324">
        <ele>81.8</ele>
      </trkpt>
      <trkpt lat="37.83649" lon="-122.48334">
        <ele>83.0</ele>
      </trkpt>
      <trkpt lat="37.83637" lon="-122.48346">
        <ele>83.1</ele>
      </trkpt>
      <trkpt lat="37.83629" lon="-122.48355">
        <ele>82.9</ele>
      </trkpt>
      <trkpt lat="37.83621" lon="-122.48366">
        <ele>82.8</ele>
      </trkpt>
      <trkpt lat="37.83608" lon="-122.4839">
        <ele>81.9</ele>
      </trkpt>
      <trkpt lat="37.83576" lon="-122.48453">
        <ele>82.6</ele>
      </trkpt>
      <trkpt lat="37.83565" lon="-122.48469">
        <ele>82.8</ele>
      </trkpt>
      <trkpt lat="37.83558" lon="-122.48478">
        <ele>83.0</ele>
      </trkpt>
      <trkpt lat="37.8355" lon="-122.48486">
        <ele>83.1</ele>
      </trkpt>
      <trkpt lat="37.83539" lon="-122.48494">
        <ele>83.3</ele>
      </trkpt>
      <trkpt lat="37.83524" lon="-122.48499">
        <ele>83.5</ele>
      </trkpt>
      <trkpt lat="37.83508" lon="-122.48501">
        <ele>83.4</ele>
      </trkpt>
      <trkpt lat="37.83494" lon="-122.485">
        <ele>83.3</ele>
      </trkpt>
      <trkpt lat="37.8348" lon="-122.48496">
        <ele>83.1</ele>
      </trkpt>
      <trkpt lat="37.83466" lon="-122.48488">
        <ele>83.2</ele>
      </trkpt>
      <trkpt lat="37.83454" lon="-122.48479">
        <ele>83.2</ele>
      </trkpt>
      <trkpt lat="37.83442" lon="-122.48464">
        <ele>83.3</ele>
      </trkpt>
      <trkpt lat="37.83418" lon="-122.48421">
        <ele>82.9</ele>
      </trkpt>
      <trkpt lat="37.83379" lon="-122.48363">
        <ele>82.1</ele>
      </trkpt>
      <trkpt lat="37.83371" lon="-122.48371">
        <ele>83.1</ele>
      </trkpt>
      <trkpt lat="37.83367" lon="-122.48373">
        <ele>83.3</ele>
      </trkpt>
      <trkpt lat="37.83362" lon="-122.48375">
        <ele>83.6</ele>
      </trkpt>
      <trkpt lat="37.83358" lon="-122.48374">
        <ele>83.8</ele>
      </trkpt>
      <trkpt lat="37.83351" lon="-122.48371">
        <ele>84.1</ele>
      </trkpt>
      <trkpt lat="37.83324" lon="-122.48349">
        <ele>85.6</ele>
      </trkpt>
      <trkpt lat="37.83321" lon="-122.48332">
        <ele>86.7</ele>
      </trkpt>
      <trkpt lat="37.8332" lon="-122.48324">
        <ele>86.4</ele>
      </trkpt>
      <trkpt lat="37.83316" lon="-122.48317">
        <ele>85.9</ele>
      </trkpt>
      <trkpt lat="37.83307" lon="-122.48301">
        <ele>83.7</ele>
      </trkpt>
      <trkpt lat="37.83303" lon="-122.48293">
        <ele>82.8</ele>
      </trkpt>
      <trkpt lat="37.83299" lon="-122.48284">
        <ele>82.0</ele>
      </trkpt>
      <trkpt lat="37.83291" lon="-122.48247">
        <ele>78.4</ele>
      </trkpt>
      <trkpt lat="37.83288" lon="-122.4824">
        <ele>78.0</ele>
      </trkpt>
      <trkpt lat="37.83284" lon="-122.48232">
        <ele>77.4</ele>
      </trkpt>
      <trkpt lat="37.8328" lon="-122.48216">
        <ele>76.4</ele>
      </trkpt>
      <trkpt lat="37.83247" lon="-122.48157">
        <ele>74.3</ele>
      </trkpt>
      <trkpt lat="37.83249" lon="-122.48148">
        <ele>73.3</ele>
      </trkpt>
      <trkpt lat="37.83248" lon="-122.48139">
        <ele>72.7</ele>
      </trkpt>
      <trkpt lat="37.83246" lon="-122.4813">
        <ele>72.2</ele>
      </trkpt>
      <trkpt lat="37.83242" lon="-122.48119">
        <ele>71.3</ele>
      </trkpt>
      <trkpt lat="37.83238" lon="-122.48112">
        <ele>70.6</ele>
      </trkpt>
      <trkpt lat="37.83226" lon="-122.48095">
        <ele>70.5</ele>
      </trkpt>
      <trkpt lat="37.83201" lon="-122.4807">
        <ele>70.3</ele>
      </trkpt>
      <trkpt lat="37.83191" lon="-122.4806">
        <ele>70.2</ele>
      </trkpt>
      <trkpt lat="37.83169" lon="-122.48042">
        <ele>70.1</ele>
      </trkpt>
      <trkpt lat="37.83145" lon="-122.48027">
        <ele>69.9</ele>
      </trkpt>
      <trkpt lat="37.83133" lon="-122.4802">
        <ele>69.9</ele>
      </trkpt>
      <trkpt lat="37.83109" lon="-122.48009">
        <ele>69.7</ele>
      </trkpt>
      <trkpt lat="37.83083" lon="-122.48002">
        <ele>69.6</ele>
      </trkpt>
      <trkpt lat="37.83058" lon="-122.47997">
        <ele>69.5</ele>
      </trkpt>
      <trkpt lat="37.82976" lon="-122.47987">
        <ele>69.0</ele>
      </trkpt>
      <trkpt lat="37.82893" lon="-122.47977">
        <ele>68.6</ele>
      </trkpt>
      <trkpt lat="37.82811" lon="-122.47967">
        <ele>68.2</ele>
      </trkpt>
      <trkpt lat="37.82728" lon="-122.47958">
        <ele>67.8</ele>
      </trkpt>
      <trkpt lat="37.82728" lon="-122.47958">
        <ele>67.8</ele>
      </trkpt>
      <trkpt lat="37.82728" lon="-122.47958">
        <ele>67.8</ele>
      </trkpt>
      <trkpt lat="37.82643" lon="-122.47948">
        <ele>67.3</ele>
      </trkpt>
      <trkpt lat="37.82558" lon="-122.47938">
        <ele>66.9</ele>
      </trkpt>
      <trkpt lat="37.82557" lon="-122.47941">
        <ele>66.9</ele>
      </trkpt>
      <trkpt lat="37.82556" lon="-122.47943">
        <ele>66.9</ele>
      </trkpt>
      <trkpt lat="37.82549" lon="-122.47945">
        <ele>66.8</ele>
      </trkpt>
      <trkpt lat="37.82543" lon="-122.47943">
        <ele>66.8</ele>
      </trkpt>
      <trkpt lat="37.82541" lon="-122.4794">
        <ele>66.8</ele>
      </trkpt>
      <trkpt lat="37.82541" lon="-122.47935">
        <ele>66.8</ele>
      </trkpt>
      <trkpt lat="37.82453" lon="-122.47925">
        <ele>66.3</ele>
      </trkpt>
      <trkpt lat="37.82366" lon="-122.47915">
        <ele>65.9</ele>
      </trkpt>
      <trkpt lat="37.82279" lon="-122.47905">
        <ele>65.4</ele>
      </trkpt>
      <trkpt lat="37.82192" lon="-122.47895">
        <ele>65.0</ele>
      </trkpt>
      <trkpt lat="37.82105" lon="-122.47885">
        <ele>64.6</ele>
      </trkpt>
      <trkpt lat="37.82018" lon="-122.47874">
        <ele>64.1</ele>
      </trkpt>
      <trkpt lat="37.81931" lon="-122.47864">
        <ele>63.7</ele>
      </trkpt>
      <trkpt lat="37.81844" lon="-122.47854">
        <ele>63.2</ele>
      </trkpt>
      <trkpt lat="37.81756" lon="-122.47844">
        <ele>62.8</ele>
      </trkpt>
      <trkpt lat="37.81669" lon="-122.47834">
        <ele>62.3</ele>
      </trkpt>
      <trkpt lat="37.81582" lon="-122.47824">
        <ele>61.9</ele>
      </trkpt>
      <trkpt lat="37.81495" lon="-122.47814">
        <ele>61.5</ele>
      </trkpt>
      <trkpt lat="37.81408" lon="-122.47803">
        <ele>61.0</ele>
      </trkpt>
      <trkpt lat="37.81407" lon="-122.47809">
        <ele>61.0</ele>
      </trkpt>
      <trkpt lat="37.81404" lon="-122.47811">
        <ele>61.0</ele>
      </trkpt>
      <trkpt lat="37.81401" lon="-122.47811">
        <ele>61.0</ele>
      </trkpt>
      <trkpt lat="37.81395" lon="-122.47809">
        <ele>60.9</ele>
      </trkpt>
      <trkpt lat="37.81392" lon="-122.47806">
        <ele>60.9</ele>
      </trkpt>
      <trkpt lat="37.81392" lon="-122.47802">
        <ele>60.9</ele>
      </trkpt>
      <trkpt lat="37.81306" lon="-122.47792">
        <ele>60.4</ele>
      </trkpt>
      <trkpt lat="37.81221" lon="-122.47782">
        <ele>60.0</ele>
      </trkpt>
      <trkpt lat="37.81135" lon="-122.47772">
        <ele>59.6</ele>
      </trkpt>
      <trkpt lat="37.81049" lon="-122.47761">
        <ele>59.1</ele>
      </trkpt>
      <trkpt lat="37.80963" lon="-122.47751">
        <ele>58.7</ele>
      </trkpt>
      <trkpt lat="37.80941" lon="-122.47747">
        <ele>58.6</ele>
      </trkpt>
      <trkpt lat="37.80919" lon="-122.47741">
        <ele>58.5</ele>
      </trkpt>
      <trkpt lat="37.80908" lon="-122.47737">
        <ele>58.4</ele>
      </trkpt>
      <trkpt lat="37.80883" lon="-122.47725">
        <ele>58.3</ele>
      </trkpt>
      <trkpt lat="37.80859" lon="-122.47711">
        <ele>58.2</ele>
      </trkpt>
      <trkpt lat="37.80848" lon="-122.47703">
        <ele>58.1</ele>
      </trkpt>
      <trkpt lat="37.80801" lon="-122.47665">
        <ele>57.8</ele>
      </trkpt>
      <trkpt lat="37.80797" lon="-122.47662">
        <ele>57.8</ele>
      </trkpt>
      <trkpt lat="37.8079" lon="-122.47676">
        <ele>57.7</ele>
      </trkpt>
      <trkpt lat="37.8078" lon="-122.47686">
        <ele>57.7</ele>
      </trkpt>
      <trkpt lat="37.8078" lon="-122.4769">
        <ele>56.9</ele>
      </trkpt>
      <trkpt lat="37.80763" lon="-122.47692">
        <ele>57.9</ele>
      </trkpt>
      <trkpt lat="37.80747" lon="-122.47698">
        <ele>59.3</ele>
      </trkpt>
      <trkpt lat="37.80736" lon="-122.47698">
        <ele>60.6</ele>
      </trkpt>
      <trkpt lat="37.80726" lon="-122.47695">
        <ele>61.7</ele>
      </trkpt>
      <trkpt lat="37.807" lon="-122.47702">
        <ele>61.9</ele>
      </trkpt>
      <trkpt lat="37.8069" lon="-122.47704">
        <ele>62.0</ele>
      </trkpt>
      <trkpt lat="37.80638" lon="-122.47702">
        <ele>56.1</ele>
      </trkpt>
      <trkpt lat="37.80628" lon="-122.477">
        <ele>56.1</ele>
      </trkpt>
      <trkpt lat="37.80616" lon="-122.47696">
        <ele>57.3</ele>
      </trkpt>
      <trkpt lat="37.80604" lon="-122.4769">
        <ele>59.4</ele>
      </trkpt>
      <trkpt lat="37.80589" lon="-122.47676">
        <ele>60.0</ele>
      </trkpt>
      <trkpt lat="37.80568" lon="-122.4765">
        <ele>61.1</ele>
      </trkpt>
      <trkpt lat="37.80565" lon="-122.47646">
        <ele>61.3</ele>
      </trkpt>
      <trkpt lat="37.80558" lon="-122.47642">
        <ele>61.6</ele>
      </trkpt>
      <trkpt lat="37.80554" lon="-122.47642">
        <ele>61.7</ele>
      </trkpt>
      <trkpt lat="37.8055" lon="-122.47643">
        <ele>61.9</ele>
      </trkpt>
      <trkpt lat="37.80538" lon="-122.47651">
        <ele>62.2</ele>
      </trkpt>
      <trkpt lat="37.80518" lon="-122.47665">
        <ele>62.9</ele>
      </trkpt>
      <trkpt lat="37.8051" lon="-122.4767">
        <ele>63.3</ele>
      </trkpt>
      <trkpt lat="37.80496" lon="-122.47675">
        <ele>65.4</ele>
      </trkpt>
      <trkpt lat="37.8048" lon="-122.47679">
        <ele>67.6</ele>
      </trkpt>
      <trkpt lat="37.80471" lon="-122.47679">
        <ele>67.8</ele>
      </trkpt>
      <trkpt lat="37.8046" lon="-122.47677">
        <ele>68.3</ele>
      </trkpt>
      <trkpt lat="37.80444" lon="-122.4767">
        <ele>70.1</ele>
      </trkpt>
      <trkpt lat="37.80438" lon="-122.47665">
        <ele>71.6</ele>
      </trkpt>
      <trkpt lat="37.80435" lon="-122.47658">
        <ele>72.4</ele>
      </trkpt>
      <trkpt lat="37.80433" lon="-122.47638">
        <ele>72.0</ele>
      </trkpt>
      <trkpt lat="37.80429" lon="-122.47628">
        <ele>72.1</ele>
      </trkpt>
      <trkpt lat="37.80423" lon="-122.47619">
        <ele>72.5</ele>
      </trkpt>
      <trkpt lat="37.80416" lon="-122.47613">
        <ele>73.0</ele>
      </trkpt>
      <trkpt lat="37.80408" lon="-122.47608">
        <ele>73.2</ele>
      </trkpt>
      <trkpt lat="37.804" lon="-122.47604">
        <ele>73.3</ele>
      </trkpt>
      <trkpt lat="37.80393" lon="-122.47602">
        <ele>73.7</ele>
      </trkpt>
      <trkpt lat="37.80386" lon="-122.47602">
        <ele>74.3</ele>
      </trkpt>
      <trkpt lat="37.8038" lon="-122.47605">
        <ele>74.9</ele>
      </trkpt>
      <trkpt lat="37.80378" lon="-122.47603">
        <ele>74.9</ele>
      </trkpt>
      <trkpt lat="37.80373" lon="-122.47602">
        <ele>75.1</ele>
      </trkpt>
      <trkpt lat="37.80363" lon="-122.47602">
        <ele>75.5</ele>
      </trkpt>
      <trkpt lat="37.80353" lon="-122.47603">
        <ele>75.7</ele>
      </trkpt>
      <trkpt lat="37.80345" lon="-122.47605">
        <ele>75.8</ele>
      </trkpt>
      <trkpt lat="37.80335" lon="-122.47611">
        <ele>76.1</ele>
      </trkpt>
      <trkpt lat="37.80324" lon="-122.47618">
        <ele>76.5</ele>
      </trkpt>
      <trkpt lat="37.8032" lon="-122.47608">
        <ele>76.0</ele>
      </trkpt>
      <trkpt lat="37.80255" lon="-122.4765">
        <ele>80.0</ele>
      </trkpt>
      <trkpt lat="37.80226" lon="-122.4767">
        <ele>82.5</ele>
      </trkpt>
      <trkpt lat="37.80213" lon="-122.47683">
        <ele>82.7</ele>
      </trkpt>
      <trkpt lat="37.80188" lon="-122.47713">
        <ele>83.6</ele>
      </trkpt>
      <trkpt lat="37.80177" lon="-122.47724">
        <ele>84.4</ele>
      </trkpt>
      <trkpt lat="37.80164" lon="-122.47733">
        <ele>85.7</ele>
      </trkpt>
      <trkpt lat="37.80149" lon="-122.47742">
        <ele>86.6</ele>
      </trkpt>
      <trkpt lat="37.80109" lon="-122.47759">
        <ele>86.6</ele>
      </trkpt>
      <trkpt lat="37.80089" lon="-122.4777">
        <ele>86.7</ele>
      </trkpt>
      <trkpt lat="37.80075" lon="-122.4778">
        <ele>86.9</ele>
      </trkpt>
      <trkpt lat="37.80039" lon="-122.4781">
        <ele>86.7</ele>
      </trkpt>
      <trkpt lat="37.80037" lon="-122.47805">
        <ele>87.5</ele>
      </trkpt>
      <trkpt lat="37.80034" lon="-122.47805">
        <ele>87.7</ele>
      </trkpt>
      <trkpt lat="37.80028" lon="-122.47803">
        <ele>88.5</ele>
      </trkpt>
      <trkpt lat="37.80023" lon="-122.47802">
        <ele>88.9</ele>
      </trkpt>
      <trkpt lat="37.79988" lon="-122.478">
        <ele>89.8</ele>
      </trkpt>
      <trkpt lat="37.79971" lon="-122.47797">
        <ele>90.1</ele>
      </trkpt>
      <trkpt lat="37.79947" lon="-122.47788">
        <ele>90.3</ele>
      </trkpt>
      <trkpt lat="37.7992" lon="-122.47772">
        <ele>90.1</ele>
      </trkpt>
      <trkpt lat="37.79919" lon="-122.4778">
        <ele>89.3</ele>
      </trkpt>
      <trkpt lat="37.79866" lon="-122.47755">
        <ele>90.4</ele>
      </trkpt>
      <trkpt lat="37.7983" lon="-122.47723">
        <ele>93.5</ele>
      </trkpt>
      <trkpt lat="37.79805" lon="-122.477">
        <ele>94.5</ele>
      </trkpt>
      <trkpt lat="37.7978" lon="-122.4768">
        <ele>95.4</ele>
      </trkpt>
      <trkpt lat="37.79769" lon="-122.47674">
        <ele>95.6</ele>
      </trkpt>
      <trkpt lat="37.79763" lon="-122.47671">
        <ele>95.7</ele>
      </trkpt>
      <trkpt lat="37.79756" lon="-122.4767">
        <ele>95.7</ele>
      </trkpt>
      <trkpt lat="37.79744" lon="-122.4767">
        <ele>95.8</ele>
      </trkpt>
      <trkpt lat="37.79731" lon="-122.47672">
        <ele>96.1</ele>
      </trkpt>
      <trkpt lat="37.79716" lon="-122.47677">
        <ele>96.1</ele>
      </trkpt>
      <trkpt lat="37.79702" lon="-122.47684">
        <ele>96.4</ele>
      </trkpt>
      <trkpt lat="37.79683" lon="-122.47699">
        <ele>96.5</ele>
      </trkpt>
      <trkpt lat="37.79647" lon="-122.47736">
        <ele>96.5</ele>
      </trkpt>
      <trkpt lat="37.79626" lon="-122.47759">
        <ele>99.8</ele>
      </trkpt>
      <trkpt lat="37.79619" lon="-122.47766">
        <ele>101.2</ele>
      </trkpt>
      <trkpt lat="37.79612" lon="-122.4777">
        <ele>102.0</ele>
      </trkpt>
      <trkpt lat="37.79607" lon="-122.47772">
        <ele>102.1</ele>
      </trkpt>
      <trkpt lat="37.79596" lon="-122.47772">
        <ele>102.4</ele>
      </trkpt>
      <trkpt lat="37.79582" lon="-122.4777">
        <ele>102.3</ele>
      </trkpt>
      <trkpt lat="37.79571" lon="-122.47765">
        <ele>102.5</ele>
      </trkpt>
      <trkpt lat="37.7956" lon="-122.4776">
        <ele>102.4</ele>
      </trkpt>
      <trkpt lat="37.7955" lon="-122.47752">
        <ele>102.5</ele>
      </trkpt>
      <trkpt lat="37.79526" lon="-122.47727">
        <ele>102.6</ele>
      </trkpt>
      <trkpt lat="37.79515" lon="-122.47714">
        <ele>102.4</ele>
      </trkpt>
      <trkpt lat="37.79487" lon="-122.47669">
        <ele>102.7</ele>
      </trkpt>
      <trkpt lat="37.7947" lon="-122.47648">
        <ele>103.4</ele>
      </trkpt>
      <trkpt lat="37.79427" lon="-122.47595">
        <ele>103.9</ele>
      </trkpt>
      <trkpt lat="37.79413" lon="-122.47586">
        <ele>102.7</ele>
      </trkpt>
      <trkpt lat="37.79395" lon="-122.47579">
        <ele>102.2</ele>
      </trkpt>
      <trkpt lat="37.79387" lon="-122.47575">
        <ele>102.0</ele>
      </trkpt>
      <trkpt lat="37.79376" lon="-122.47562">
        <ele>101.8</ele>
      </trkpt>
      <trkpt lat="37.79371" lon="-122.47552">
        <ele>101.8</ele>
      </trkpt>
      <trkpt lat="37.79369" lon="-122.47541">
        <ele>101.8</ele>
      </trkpt>
      <trkpt lat="37.79367" lon="-122.47536">
        <ele>101.8</ele>
      </trkpt>
      <trkpt lat="37.79364" lon="-122.47533">
        <ele>101.8</ele>
      </trkpt>
      <trkpt lat="37.79366" lon="-122.4753">
        <ele>101.9</ele>
      </trkpt>
      <trkpt lat="37.79368" lon="-122.47525">
        <ele>102.0</ele>
      </trkpt>
      <trkpt lat="37.79371" lon="-122.47506">
        <ele>102.4</ele>
      </trkpt>
      <trkpt lat="37.79376" lon="-122.47486">
        <ele>102.8</ele>
      </trkpt>
      <trkpt lat="37.79381" lon="-122.47472">
        <ele>103.0</ele>
      </trkpt>
      <trkpt lat="37.79387" lon="-122.47457">
        <ele>102.9</ele>
      </trkpt>
      <trkpt lat="37.79433" lon="-122.4738">
        <ele>102.0</ele>
      </trkpt>
      <trkpt lat="37.79435" lon="-122.47375">
        <ele>102.1</ele>
      </trkpt>
      <trkpt lat="37.79435" lon="-122.47375">
        <ele>102.1</ele>
      </trkpt>
      <trkpt lat="37.79438" lon="-122.47364">
        <ele>102.2</ele>
      </trkpt>
      <trkpt lat="37.79441" lon="-122.47346">
        <ele>102.1</ele>
      </trkpt>
      <trkpt lat="37.79441" lon="-122.47334">
        <ele>102.0</ele>
      </trkpt>
      <trkpt lat="37.79435" lon="-122.47262">
        <ele>99.1</ele>
      </trkpt>
      <trkpt lat="37.79435" lon="-122.47252">
        <ele>98.5</ele>
      </trkpt>
      <trkpt lat="37.79437" lon="-122.47245">
        <ele>98.2</ele>
      </trkpt>
      <trkpt lat="37.7944" lon="-122.47238">
        <ele>97.9</ele>
      </trkpt>
      <trkpt lat="37.79467" lon="-122.47193">
        <ele>96.4</ele>
      </trkpt>
      <trkpt lat="37.79476" lon="-122.47173">
        <ele>96.0</ele>
      </trkpt>
      <trkpt lat="37.79481" lon="-122.47155">
        <ele>95.4</ele>
      </trkpt>
      <trkpt lat="37.79486" lon="-122.47103">
        <ele>93.9</ele>
      </trkpt>
      <trkpt lat="37.79488" lon="-122.47092">
        <ele>93.6</ele>
      </trkpt>
      <trkpt lat="37.79493" lon="-122.47081">
        <ele>93.3</ele>
      </trkpt>
      <trkpt lat="37.79518" lon="-122.47031">
        <ele>92.2</ele>
      </trkpt>
      <trkpt lat="37.79524" lon="-122.47018">
        <ele>91.5</ele>
      </trkpt>
      <trkpt lat="37.79528" lon="-122.47006">
        <ele>90.8</ele>
      </trkpt>
      <trkpt lat="37.7953" lon="-122.46995">
        <ele>90.2</ele>
      </trkpt>
      <trkpt lat="37.79531" lon="-122.46984">
        <ele>89.7</ele>
      </trkpt>
      <trkpt lat="37.7953" lon="-122.46973">
        <ele>89.5</ele>
      </trkpt>
      <trkpt lat="37.79528" lon="-122.46964">
        <ele>89.2</ele>
      </trkpt>
      <trkpt lat="37.79524" lon="-122.46953">
        <ele>89.0</ele>
      </trkpt>
      <trkpt lat="37.7952" lon="-122.46944">
        <ele>89.5</ele>
      </trkpt>
      <trkpt lat="37.79512" lon="-122.46934">
        <ele>90.3</ele>
      </trkpt>
      <trkpt lat="37.79497" lon="-122.46917">
        <ele>91.4</ele>
      </trkpt>
      <trkpt lat="37.79489" lon="-122.46905">
        <ele>92.0</ele>
      </trkpt>
      <trkpt lat="37.79486" lon="-122.46898">
        <ele>92.5</ele>
      </trkpt>
      <trkpt lat="37.79485" lon="-122.4689">
        <ele>92.7</ele>
      </trkpt>
      <trkpt lat="37.79486" lon="-122.46877">
        <ele>93.2</ele>
      </trkpt>
      <trkpt lat="37.79488" lon="-122.46867">
        <ele>93.3</ele>
      </trkpt>
      <trkpt lat="37.79491" lon="-122.46859">
        <ele>93.4</ele>
      </trkpt>
      <trkpt lat="37.79497" lon="-122.46848">
        <ele>93.2</ele>
      </trkpt>
      <trkpt lat="37.79503" lon="-122.46841">
        <ele>93.2</ele>
      </trkpt>
      <trkpt lat="37.79514" lon="-122.4683">
        <ele>93.5</ele>
      </trkpt>
      <trkpt lat="37.79521" lon="-122.4682">
        <ele>93.6</ele>
      </trkpt>
      <trkpt lat="37.79524" lon="-122.46815">
        <ele>93.7</ele>
      </trkpt>
      <trkpt lat="37.79528" lon="-122.46804">
        <ele>94.0</ele>
      </trkpt>
      <trkpt lat="37.79542" lon="-122.46747">
        <ele>95.8</ele>
      </trkpt>
      <trkpt lat="37.79548" lon="-122.46728">
        <ele>96.7</ele>
      </trkpt>
      <trkpt lat="37.79552" lon="-122.46717">
        <ele>97.3</ele>
      </trkpt>
      <trkpt lat="37.7956" lon="-122.46705">
        <ele>97.6</ele>
      </trkpt>
      <trkpt lat="37.79568" lon="-122.46695">
        <ele>97.7</ele>
      </trkpt>
      <trkpt lat="37.79597" lon="-122.46668">
        <ele>96.3</ele>
      </trkpt>
      <trkpt lat="37.79606" lon="-122.46655">
        <ele>96.1</ele>
      </trkpt>
      <trkpt lat="37.79613" lon="-122.46642">
        <ele>95.9</ele>
      </trkpt>
      <trkpt lat="37.79619" lon="-122.46627">
        <ele>95.5</ele>
      </trkpt>
      <trkpt lat="37.79623" lon="-122.46608">
        <ele>95.4</ele>
      </trkpt>
      <trkpt lat="37.79624" lon="-122.4659">
        <ele>95.6</ele>
      </trkpt>
      <trkpt lat="37.79621" lon="-122.46556">
        <ele>96.4</ele>
      </trkpt>
      <trkpt lat="37.79617" lon="-122.46525">
        <ele>96.8</ele>
      </trkpt>
      <trkpt lat="37.79615" lon="-122.46517">
        <ele>96.9</ele>
      </trkpt>
      <trkpt lat="37.79612" lon="-122.4651">
        <ele>97.1</ele>
      </trkpt>
      <trkpt lat="37.79608" lon="-122.46504">
        <ele>97.2</ele>
      </trkpt>
      <trkpt lat="37.79555" lon="-122.4645">
        <ele>93.1</ele>
      </trkpt>
      <trkpt lat="37.79535" lon="-122.46434">
        <ele>93.8</ele>
      </trkpt>
      <trkpt lat="37.79516" lon="-122.46423">
        <ele>95.0</ele>
      </trkpt>
      <trkpt lat="37.79507" lon="-122.46417">
        <ele>95.4</ele>
      </trkpt>
      <trkpt lat="37.79499" lon="-122.46409">
        <ele>95.4</ele>
      </trkpt>
      <trkpt lat="37.79492" lon="-122.46399">
        <ele>95.1</ele>
      </trkpt>
      <trkpt lat="37.79487" lon="-122.46386">
        <ele>94.2</ele>
      </trkpt>
      <trkpt lat="37.79473" lon="-122.46332">
        <ele>92.6</ele>
      </trkpt>
      <trkpt lat="37.79466" lon="-122.46295">
        <ele>92.5</ele>
      </trkpt>
      <trkpt lat="37.79461" lon="-122.46277">
        <ele>92.4</ele>
      </trkpt>
      <trkpt lat="37.7946" lon="-122.46273">
        <ele>92.3</ele>
      </trkpt>
      <trkpt lat="37.79454" lon="-122.46263">
        <ele>92.4</ele>
      </trkpt>
      <trkpt lat="37.79447" lon="-122.46256">
        <ele>92.0</ele>
      </trkpt>
      <trkpt lat="37.79437" lon="-122.46251">
        <ele>91.2</ele>
      </trkpt>
      <trkpt lat="37.79402" lon="-122.46234">
        <ele>89.0</ele>
      </trkpt>
      <trkpt lat="37.79392" lon="-122.46229">
        <ele>89.0</ele>
      </trkpt>
      <trkpt lat="37.79384" lon="-122.46223">
        <ele>89.0</ele>
      </trkpt>
      <trkpt lat="37.79315" lon="-122.46159">
        <ele>90.0</ele>
      </trkpt>
      <trkpt lat="37.79307" lon="-122.46152">
        <ele>89.7</ele>
      </trkpt>
      <trkpt lat="37.79301" lon="-122.4615">
        <ele>90.1</ele>
      </trkpt>
      <trkpt lat="37.79287" lon="-122.46133">
        <ele>89.7</ele>
      </trkpt>
      <trkpt lat="37.79285" lon="-122.46123">
        <ele>88.8</ele>
      </trkpt>
      <trkpt lat="37.79273" lon="-122.4611">
        <ele>89.0</ele>
      </trkpt>
      <trkpt lat="37.79262" lon="-122.46093">
        <ele>88.8</ele>
      </trkpt>
      <trkpt lat="37.79256" lon="-122.46079">
        <ele>88.6</ele>
      </trkpt>
      <trkpt lat="37.79249" lon="-122.46055">
        <ele>88.4</ele>
      </trkpt>
      <trkpt lat="37.79246" lon="-122.46025">
        <ele>88.3</ele>
      </trkpt>
      <trkpt lat="37.79244" lon="-122.45997">
        <ele>88.1</ele>
      </trkpt>
      <trkpt lat="37.79242" lon="-122.45984">
        <ele>88.1</ele>
      </trkpt>
      <trkpt lat="37.79237" lon="-122.45972">
        <ele>88.3</ele>
      </trkpt>
      <trkpt lat="37.79207" lon="-122.45901">
        <ele>87.2</ele>
      </trkpt>
      <trkpt lat="37.79204" lon="-122.45896">
        <ele>87.3</ele>
      </trkpt>
      <trkpt lat="37.79204" lon="-122.45896">
        <ele>87.3</ele>
      </trkpt>
      <trkpt lat="37.79204" lon="-122.45896">
        <ele>87.3</ele>
      </trkpt>
      <trkpt lat="37.79202" lon="-122.45893">
        <ele>87.4</ele>
      </trkpt>
      <trkpt lat="37.79196" lon="-122.45887">
        <ele>87.9</ele>
      </trkpt>
      <trkpt lat="37.79191" lon="-122.45884">
        <ele>88.3</ele>
      </trkpt>
      <trkpt lat="37.79186" lon="-122.45882">
        <ele>88.5</ele>
      </trkpt>
      <trkpt lat="37.7917" lon="-122.45882">
        <ele>89.3</ele>
      </trkpt>
      <trkpt lat="37.79125" lon="-122.45889">
        <ele>90.6</ele>
      </trkpt>
      <trkpt lat="37.7911" lon="-122.4589">
        <ele>91.0</ele>
      </trkpt>
      <trkpt lat="37.79097" lon="-122.4589">
        <ele>91.3</ele>
      </trkpt>
      <trkpt lat="37.79073" lon="-122.45885">
        <ele>91.1</ele>
      </trkpt>
      <trkpt lat="37.79037" lon="-122.45868">
        <ele>90.2</ele>
      </trkpt>
      <trkpt lat="37.79024" lon="-122.45866">
        <ele>90.6</ele>
      </trkpt>
      <trkpt lat="37.79016" lon="-122.45867">
        <ele>91.1</ele>
      </trkpt>
      <trkpt lat="37.79008" lon="-122.45869">
        <ele>91.3</ele>
      </trkpt>
      <trkpt lat="37.79004" lon="-122.45874">
        <ele>91.3</ele>
      </trkpt>
      <trkpt lat="37.78997" lon="-122.45888">
        <ele>91.3</ele>
      </trkpt>
      <trkpt lat="37.78982" lon="-122.4593">
        <ele>91.5</ele>
      </trkpt>
      <trkpt lat="37.78973" lon="-122.45945">
        <ele>91.3</ele>
      </trkpt>
      <trkpt lat="37.78969" lon="-122.45949">
        <ele>91.1</ele>
      </trkpt>
      <trkpt lat="37.78966" lon="-122.4595">
        <ele>90.8</ele>
      </trkpt>
      <trkpt lat="37.78902" lon="-122.45946">
        <ele>83.9</ele>
      </trkpt>
      <trkpt lat="37.78839" lon="-122.45941">
        <ele>76.3</ele>
      </trkpt>
      <trkpt lat="37.78751" lon="-122.45934">
        <ele>70.7</ele>
      </trkpt>
      <trkpt lat="37.78663" lon="-122.45928">
        <ele>66.8</ele>
      </trkpt>
      <trkpt lat="37.78577" lon="-122.45921">
        <ele>63.9</ele>
      </trkpt>
      <trkpt lat="37.78491" lon="-122.45915">
        <ele>61.4</ele>
      </trkpt>
      <trkpt lat="37.78404" lon="-122.45909">
        <ele>60.5</ele>
      </trkpt>
      <trkpt lat="37.78318" lon="-122.45903">
        <ele>61.3</ele>
      </trkpt>
      <trkpt lat="37.78232" lon="-122.45897">
        <ele>63.0</ele>
      </trkpt>
      <trkpt lat="37.78146" lon="-122.45891">
        <ele>64.2</ele>
      </trkpt>
      <trkpt lat="37.78059" lon="-122.45885">
        <ele>66.5</ele>
      </trkpt>
      <trkpt lat="37.77973" lon="-122.45879">
        <ele>67.2</ele>
      </trkpt>
      <trkpt lat="37.77895" lon="-122.45873">
        <ele>67.1</ele>
      </trkpt>
      <trkpt lat="37.77818" lon="-122.45867">
        <ele>66.7</ele>
      </trkpt>
      <trkpt lat="37.7774" lon="-122.45862">
        <ele>66.8</ele>
      </trkpt>
      <trkpt lat="37.77663" lon="-122.45856">
        <ele>67.6</ele>
      </trkpt>
      <trkpt lat="37.77585" lon="-122.4585">
        <ele>69.3</ele>
      </trkpt>
      <trkpt lat="37.77507" lon="-122.45845">
        <ele>72.1</ele>
      </trkpt>
      <trkpt lat="37.7743" lon="-122.45839">
        <ele>75.2</ele>
      </trkpt>
      <trkpt lat="37.7742" lon="-122.45838">
        <ele>75.6</ele>
      </trkpt>
      <trkpt lat="37.77407" lon="-122.45839">
        <ele>76.3</ele>
      </trkpt>
      <trkpt lat="37.77396" lon="-122.45843">
        <ele>76.7</ele>
      </trkpt>
      <trkpt lat="37.7739" lon="-122.45847">
        <ele>77.2</ele>
      </trkpt>
      <trkpt lat="37.77379" lon="-122.45856">
        <ele>79.0</ele>
      </trkpt>
      <trkpt lat="37.77344" lon="-122.45889">
        <ele>84.4</ele>
      </trkpt>
      <trkpt lat="37.7733" lon="-122.45901">
        <ele>86.7</ele>
      </trkpt>
      <trkpt lat="37.77323" lon="-122.45904">
        <ele>87.4</ele>
      </trkpt>
      <trkpt lat="37.77346" lon="-122.4581">
        <ele>87.2</ele>
      </trkpt>
      <trkpt lat="37.77352" lon="-122.45781">
        <ele>89.1</ele>
      </trkpt>
      <trkpt lat="37.77358" lon="-122.45752">
        <ele>90.8</ele>
      </trkpt>
      <trkpt lat="37.77362" lon="-122.45719">
        <ele>91.3</ele>
      </trkpt>
      <trkpt lat="37.77362" lon="-122.45708">
        <ele>91.1</ele>
      </trkpt>
      <trkpt lat="37.77359" lon="-122.45684">
        <ele>90.6</ele>
      </trkpt>
      <trkpt lat="37.77357" lon="-122.45672">
        <ele>90.6</ele>
      </trkpt>
      <trkpt lat="37.77351" lon="-122.45651">
        <ele>90.9</ele>
      </trkpt>
      <trkpt lat="37.77346" lon="-122.45636">
        <ele>91.0</ele>
      </trkpt>
      <trkpt lat="37.7734" lon="-122.45623">
        <ele>91.0</ele>
      </trkpt>
      <trkpt lat="37.77332" lon="-122.45614">
        <ele>90.5</ele>
      </trkpt>
      <trkpt lat="37.77327" lon="-122.45608">
        <ele>90.2</ele>
      </trkpt>
      <trkpt lat="37.77313" lon="-122.45596">
        <ele>88.8</ele>
      </trkpt>
      <trkpt lat="37.77292" lon="-122.4558">
        <ele>85.8</ele>
      </trkpt>
      <trkpt lat="37.77273" lon="-122.45571">
        <ele>83.8</ele>
      </trkpt>
      <trkpt lat="37.77265" lon="-122.45568">
        <ele>83.7</ele>
      </trkpt>
      <trkpt lat="37.77256" lon="-122.45568">
        <ele>83.6</ele>
      </trkpt>
      <trkpt lat="37.77251" lon="-122.45571">
        <ele>83.5</ele>
      </trkpt>
      <trkpt lat="37.77241" lon="-122.45578">
        <ele>83.0</ele>
      </trkpt>
      <trkpt lat="37.77236" lon="-122.45583">
        <ele>82.5</ele>
      </trkpt>
      <trkpt lat="37.77198" lon="-122.4563">
        <ele>83.0</ele>
      </trkpt>
      <trkpt lat="37.77161" lon="-122.45677">
        <ele>80.0</ele>
      </trkpt>
      <trkpt lat="37.77157" lon="-122.45681">
        <ele>79.8</ele>
      </trkpt>
      <trkpt lat="37.77148" lon="-122.45684">
        <ele>79.8</ele>
      </trkpt>
      <trkpt lat="37.77137" lon="-122.45683">
        <ele>78.7</ele>
      </trkpt>
      <trkpt lat="37.77111" lon="-122.45686">
        <ele>76.6</ele>
      </trkpt>
      <trkpt lat="37.771" lon="-122.45689">
        <ele>76.3</ele>
      </trkpt>
      <trkpt lat="37.77093" lon="-122.45637">
        <ele>75.3</ele>
      </trkpt>
      <trkpt lat="37.77092" lon="-122.45598">
        <ele>74.3</ele>
      </trkpt>
      <trkpt lat="37.77082" lon="-122.45569">
        <ele>74.8</ele>
      </trkpt>
      <trkpt lat="37.7708" lon="-122.4556">
        <ele>75.0</ele>
      </trkpt>
      <trkpt lat="37.77077" lon="-122.45554">
        <ele>75.0</ele>
      </trkpt>
      <trkpt lat="37.77071" lon="-122.4555">
        <ele>75.2</ele>
      </trkpt>
      <trkpt lat="37.77064" lon="-122.45548">
        <ele>75.2</ele>
      </trkpt>
      <trkpt lat="37.77058" lon="-122.45549">
        <ele>75.1</ele>
      </trkpt>
      <trkpt lat="37.77046" lon="-122.45544">
        <ele>75.2</ele>
      </trkpt>
      <trkpt lat="37.77034" lon="-122.45543">
        <ele>75.3</ele>
      </trkpt>
      <trkpt lat="37.77036" lon="-122.45532">
        <ele>75.8</ele>
      </trkpt>
      <trkpt lat="37.77037" lon="-122.45528">
        <ele>76.0</ele>
      </trkpt>
      <trkpt lat="37.77031" lon="-122.45523">
        <ele>76.2</ele>
      </trkpt>
      <trkpt lat="37.77021" lon="-122.45502">
        <ele>76.7</ele>
      </trkpt>
      <trkpt lat="37.77006" lon="-122.4542">
        <ele>77.6</ele>
      </trkpt>
      <trkpt lat="37.77006" lon="-122.45406">
        <ele>77.7</ele>
      </trkpt>
      <trkpt lat="37.77009" lon="-122.45388">
        <ele>78.0</ele>
      </trkpt>
      <trkpt lat="37.77011" lon="-122.45374">
        <ele>78.2</ele>
      </trkpt>
      <trkpt lat="37.77018" lon="-122.45317">
        <ele>78.6</ele>
      </trkpt>
      <trkpt lat="37.77018" lon="-122.45317">
        <ele>78.6</ele>
      </trkpt>
      <trkpt lat="37.77032" lon="-122.45208">
        <ele>78.4</ele>
      </trkpt>
      <trkpt lat="37.77046" lon="-122.45099">
        <ele>77.9</ele>
      </trkpt>
      <trkpt lat="37.7706" lon="-122.4499">
        <ele>77.8</ele>
      </trkpt>
      <trkpt lat="37.77073" lon="-122.44882">
        <ele>77.7</ele>
      </trkpt>
      <trkpt lat="37.77087" lon="-122.44773">
        <ele>76.6</ele>
      </trkpt>
      <trkpt lat="37.77101" lon="-122.44664">
        <ele>76.4</ele>
      </trkpt>
      <trkpt lat="37.77115" lon="-122.44555">
        <ele>77.4</ele>
      </trkpt>
      <trkpt lat="37.77114" lon="-122.44548">
        <ele>77.6</ele>
      </trkpt>
      <trkpt lat="37.77116" lon="-122.44537">
        <ele>77.7</ele>
      </trkpt>
      <trkpt lat="37.77119" lon="-122.44529">
        <ele>77.7</ele>
      </trkpt>
      <trkpt lat="37.77131" lon="-122.44429">
        <ele>78.2</ele>
      </trkpt>
      <trkpt lat="37.77144" lon="-122.44329">
        <ele>78.3</ele>
      </trkpt>
      <trkpt lat="37.77157" lon="-122.44229">
        <ele>78.2</ele>
      </trkpt>
      <trkpt lat="37.77169" lon="-122.44129">
        <ele>77.7</ele>
      </trkpt>
      <trkpt lat="37.77182" lon="-122.44029">
        <ele>73.6</ele>
      </trkpt>
      <trkpt lat="37.77195" lon="-122.4393">
        <ele>71.0</ele>
      </trkpt>
      <trkpt lat="37.77207" lon="-122.4383">
        <ele>65.6</ele>
      </trkpt>
      <trkpt lat="37.7722" lon="-122.4373">
        <ele>59.9</ele>
      </trkpt>
      <trkpt lat="37.77221" lon="-122.43721">
        <ele>59.4</ele>
      </trkpt>
      <trkpt lat="37.77234" lon="-122.43618">
        <ele>53.9</ele>
      </trkpt>
      <trkpt lat="37.77247" lon="-122.43516">
        <ele>50.4</ele>
      </trkpt>
      <trkpt lat="37.7726" lon="-122.43413">
        <ele>51.8</ele>
      </trkpt>
      <trkpt lat="37.77274" lon="-122.43311">
        <ele>54.1</ele>
      </trkpt>
      <trkpt lat="37.77287" lon="-122.43208">
        <ele>58.3</ele>
      </trkpt>
      <trkpt lat="37.773" lon="-122.43106">
        <ele>60.8</ele>
      </trkpt>
      <trkpt lat="37.77313" lon="-122.43003">
        <ele>61.5</ele>
      </trkpt>
      <trkpt lat="37.77326" lon="-122.42901">
        <ele>60.2</ele>
      </trkpt>
      <trkpt lat="37.77325" lon="-122.42897">
        <ele>60.0</ele>
      </trkpt>
      <trkpt lat="37.77326" lon="-122.42885">
        <ele>59.3</ele>
      </trkpt>
      <trkpt lat="37.77328" lon="-122.42883">
        <ele>59.1</ele>
      </trkpt>
      <trkpt lat="37.77341" lon="-122.42779">
        <ele>52.2</ele>
      </trkpt>
      <trkpt lat="37.77354" lon="-122.42676">
        <ele>44.9</ele>
      </trkpt>
      <trkpt lat="37.77367" lon="-122.42572">
        <ele>33.8</ele>
      </trkpt>
      <trkpt lat="37.77378" lon="-122.42492">
        <ele>25.9</ele>
      </trkpt>
      <trkpt lat="37.77388" lon="-122.42412">
        <ele>22.9</ele>
      </trkpt>
      <trkpt lat="37.77389" lon="-122.42402">
        <ele>22.7</ele>
      </trkpt>
      <trkpt lat="37.7739" lon="-122.42391">
        <ele>22.6</ele>
      </trkpt>
      <trkpt lat="37.77404" lon="-122.42287">
        <ele>20.6</ele>
      </trkpt>
      <trkpt lat="37.77417" lon="-122.42183">
        <ele>18.2</ele>
      </trkpt>
      <trkpt lat="37.7743" lon="-122.42078">
        <ele>16.9</ele>
      </trkpt>
      <trkpt lat="37.77432" lon="-122.42063">
        <ele>16.8</ele>
      </trkpt>
      <trkpt lat="37.77432" lon="-122.42052">
        <ele>16.7</ele>
      </trkpt>
      <trkpt lat="37.77433" lon="-122.42045">
        <ele>16.6</ele>
      </trkpt>
      <trkpt lat="37.77434" lon="-122.42024">
        <ele>16.4</ele>
      </trkpt>
      <trkpt lat="37.77493" lon="-122.41947">
        <ele>16.4</ele>
      </trkpt>
      <trkpt lat="37.77517" lon="-122.41916">
        <ele>16.7</ele>
      </trkpt>
      <trkpt lat="37.77547" lon="-122.41878">
        <ele>16.7</ele>
      </trkpt>
      <trkpt lat="37.77572" lon="-122.41845">
        <ele>16.7</ele>
      </trkpt>
      <trkpt lat="37.77614" lon="-122.41792">
        <ele>17.0</ele>
      </trkpt>
      <trkpt lat="37.77656" lon="-122.41739">
        <ele>17.3</ele>
      </trkpt>
      <trkpt lat="37.77705" lon="-122.41677">
        <ele>17.6</ele>
      </trkpt>
      <trkpt lat="37.77755" lon="-122.41616">
        <ele>17.6</ele>
      </trkpt>
      <trkpt lat="37.77814" lon="-122.4154">
        <ele>17.2</ele>
      </trkpt>
      <trkpt lat="37.77874" lon="-122.41464">
        <ele>16.4</ele>
      </trkpt>
      <trkpt lat="37.77883" lon="-122.41476">
        <ele>16.7</ele>
      </trkpt>
    </trkseg>
  </trk>
</gpx>
