<?xml version="1.0" encoding="UTF-8"?>
<gpx xmlns:gpxdata="http://www.cluetrust.com/XML/GPXDATA/1/0" xmlns:xsi="http://www.w3.org/2001/XMLSchema-instance" xmlns="http://www.topografix.com/GPX/1/1" version="1.1" creator="http://ridewithgps.com/" xsi:schemaLocation="http://www.topografix.com/GPX/1/1 http://www.topografix.com/GPX/1/1/gpx.xsd http://www.cluetrust.com/XML/GPXDATA/1/0 http://www.cluetrust.com/Schemas/gpxdata10.xsd">
  <metadata>
    <name>Some South Bay</name>
    <link href="https://ridewithgps.com/routes/55949156">
      <text>Some South Bay</text>
    </link>
    <time>2026-07-03T09:41:45Z</time>
  </metadata>
  <trk>
    <name>Some South Bay</name>
    <trkseg>
      <trkpt lat="37.77606" lon="-122.2241">
        <ele>11.1</ele>
      </trkpt>
      <trkpt lat="37.77613" lon="-122.22432">
        <ele>11.2</ele>
      </trkpt>
      <trkpt lat="37.77617" lon="-122.22446">
        <ele>11.2</ele>
      </trkpt>
      <trkpt lat="37.77619" lon="-122.2246">
        <ele>11.2</ele>
      </trkpt>
      <trkpt lat="37.77621" lon="-122.22488">
        <ele>11.2</ele>
      </trkpt>
      <trkpt lat="37.77621" lon="-122.22514">
        <ele>11.3</ele>
      </trkpt>
      <trkpt lat="37.77623" lon="-122.22533">
        <ele>11.5</ele>
      </trkpt>
      <trkpt lat="37.77621" lon="-122.22562">
        <ele>11.7</ele>
      </trkpt>
      <trkpt lat="37.77622" lon="-122.22586">
        <ele>11.8</ele>
      </trkpt>
      <trkpt lat="37.77624" lon="-122.22599">
        <ele>11.9</ele>
      </trkpt>
      <trkpt lat="37.77629" lon="-122.22621">
        <ele>12.1</ele>
      </trkpt>
      <trkpt lat="37.77638" lon="-122.22648">
        <ele>12.4</ele>
      </trkpt>
      <trkpt lat="37.77625" lon="-122.22656">
        <ele>12.2</ele>
      </trkpt>
      <trkpt lat="37.77551" lon="-122.22692">
        <ele>11.0</ele>
      </trkpt>
      <trkpt lat="37.77476" lon="-122.22729">
        <ele>9.5</ele>
      </trkpt>
      <trkpt lat="37.7744" lon="-122.22745">
        <ele>9.1</ele>
      </trkpt>
      <trkpt lat="37.77433" lon="-122.22761">
        <ele>8.9</ele>
      </trkpt>
      <trkpt lat="37.77427" lon="-122.22768">
        <ele>8.8</ele>
      </trkpt>
      <trkpt lat="37.77362" lon="-122.22797">
        <ele>8.1</ele>
      </trkpt>
      <trkpt lat="37.77342" lon="-122.22803">
        <ele>7.9</ele>
      </trkpt>
      <trkpt lat="37.7731" lon="-122.22816">
        <ele>7.5</ele>
      </trkpt>
      <trkpt lat="37.77269" lon="-122.2283">
        <ele>7.2</ele>
      </trkpt>
      <trkpt lat="37.7721" lon="-122.22854">
        <ele>6.6</ele>
      </trkpt>
      <trkpt lat="37.77151" lon="-122.22878">
        <ele>6.0</ele>
      </trkpt>
      <trkpt lat="37.77091" lon="-122.22902">
        <ele>5.5</ele>
      </trkpt>
      <trkpt lat="37.77067" lon="-122.22913">
        <ele>5.2</ele>
      </trkpt>
      <trkpt lat="37.7704" lon="-122.22929">
        <ele>4.4</ele>
      </trkpt>
      <trkpt lat="37.77013" lon="-122.22948">
        <ele>3.7</ele>
      </trkpt>
      <trkpt lat="37.76979" lon="-122.22975">
        <ele>2.8</ele>
      </trkpt>
      <trkpt lat="37.76977" lon="-122.22975">
        <ele>2.7</ele>
      </trkpt>
      <trkpt lat="37.76973" lon="-122.22969">
        <ele>2.7</ele>
      </trkpt>
      <trkpt lat="37.76948" lon="-122.22991">
        <ele>2.9</ele>
      </trkpt>
      <trkpt lat="37.76934" lon="-122.22998">
        <ele>3.0</ele>
      </trkpt>
      <trkpt lat="37.76892" lon="-122.23031">
        <ele>3.3</ele>
      </trkpt>
      <trkpt lat="37.7685" lon="-122.23063">
        <ele>3.7</ele>
      </trkpt>
      <trkpt lat="37.76841" lon="-122.23072">
        <ele>3.8</ele>
      </trkpt>
      <trkpt lat="37.76824" lon="-122.23096">
        <ele>4.0</ele>
      </trkpt>
      <trkpt lat="37.76817" lon="-122.2311">
        <ele>4.0</ele>
      </trkpt>
      <trkpt lat="37.76811" lon="-122.23126">
        <ele>4.0</ele>
      </trkpt>
      <trkpt lat="37.76803" lon="-122.23158">
        <ele>4.0</ele>
      </trkpt>
      <trkpt lat="37.76797" lon="-122.23209">
        <ele>4.0</ele>
      </trkpt>
      <trkpt lat="37.7678" lon="-122.23289">
        <ele>4.3</ele>
      </trkpt>
      <trkpt lat="37.76776" lon="-122.23313">
        <ele>4.4</ele>
      </trkpt>
      <trkpt lat="37.76766" lon="-122.23313">
        <ele>4.5</ele>
      </trkpt>
      <trkpt lat="37.76742" lon="-122.23304">
        <ele>4.6</ele>
      </trkpt>
      <trkpt lat="37.76732" lon="-122.23286">
        <ele>4.6</ele>
      </trkpt>
      <trkpt lat="37.76718" lon="-122.23257">
        <ele>4.6</ele>
      </trkpt>
      <trkpt lat="37.76715" lon="-122.23244">
        <ele>4.6</ele>
      </trkpt>
      <trkpt lat="37.76675" lon="-122.23167">
        <ele>4.4</ele>
      </trkpt>
      <trkpt lat="37.76635" lon="-122.2309">
        <ele>4.1</ele>
      </trkpt>
      <trkpt lat="37.76595" lon="-122.23014">
        <ele>3.8</ele>
      </trkpt>
      <trkpt lat="37.76549" lon="-122.22926">
        <ele>3.6</ele>
      </trkpt>
      <trkpt lat="37.76538" lon="-122.22907">
        <ele>3.6</ele>
      </trkpt>
      <trkpt lat="37.76485" lon="-122.22832">
        <ele>3.8</ele>
      </trkpt>
      <trkpt lat="37.76433" lon="-122.22758">
        <ele>3.8</ele>
      </trkpt>
      <trkpt lat="37.76387" lon="-122.22691">
        <ele>3.3</ele>
      </trkpt>
      <trkpt lat="37.76341" lon="-122.22625">
        <ele>2.9</ele>
      </trkpt>
      <trkpt lat="37.76329" lon="-122.22611">
        <ele>2.8</ele>
      </trkpt>
      <trkpt lat="37.76313" lon="-122.22595">
        <ele>2.7</ele>
      </trkpt>
      <trkpt lat="37.76303" lon="-122.22588">
        <ele>2.7</ele>
      </trkpt>
      <trkpt lat="37.76276" lon="-122.2257">
        <ele>2.6</ele>
      </trkpt>
      <trkpt lat="37.7626" lon="-122.22562">
        <ele>2.6</ele>
      </trkpt>
      <trkpt lat="37.76242" lon="-122.22556">
        <ele>2.5</ele>
      </trkpt>
      <trkpt lat="37.76222" lon="-122.22552">
        <ele>2.6</ele>
      </trkpt>
      <trkpt lat="37.76203" lon="-122.2255">
        <ele>2.6</ele>
      </trkpt>
      <trkpt lat="37.76179" lon="-122.2255">
        <ele>2.6</ele>
      </trkpt>
      <trkpt lat="37.76121" lon="-122.22556">
        <ele>2.6</ele>
      </trkpt>
      <trkpt lat="37.76036" lon="-122.22565">
        <ele>2.6</ele>
      </trkpt>
      <trkpt lat="37.7595" lon="-122.22575">
        <ele>2.6</ele>
      </trkpt>
      <trkpt lat="37.75908" lon="-122.22581">
        <ele>2.6</ele>
      </trkpt>
      <trkpt lat="37.75885" lon="-122.22588">
        <ele>2.6</ele>
      </trkpt>
      <trkpt lat="37.75876" lon="-122.22592">
        <ele>2.6</ele>
      </trkpt>
      <trkpt lat="37.75853" lon="-122.22603">
        <ele>2.7</ele>
      </trkpt>
      <trkpt lat="37.75836" lon="-122.22615">
        <ele>2.7</ele>
      </trkpt>
      <trkpt lat="37.75813" lon="-122.22636">
        <ele>2.7</ele>
      </trkpt>
      <trkpt lat="37.75782" lon="-122.22669">
        <ele>2.9</ele>
      </trkpt>
      <trkpt lat="37.75729" lon="-122.22728">
        <ele>3.0</ele>
      </trkpt>
      <trkpt lat="37.75675" lon="-122.22786">
        <ele>3.1</ele>
      </trkpt>
      <trkpt lat="37.75614" lon="-122.22855">
        <ele>3.2</ele>
      </trkpt>
      <trkpt lat="37.75552" lon="-122.22923">
        <ele>3.1</ele>
      </trkpt>
      <trkpt lat="37.75491" lon="-122.22991">
        <ele>3.0</ele>
      </trkpt>
      <trkpt lat="37.75449" lon="-122.23038">
        <ele>3.0</ele>
      </trkpt>
      <trkpt lat="37.75408" lon="-122.23084">
        <ele>3.0</ele>
      </trkpt>
      <trkpt lat="37.75399" lon="-122.23098">
        <ele>2.9</ele>
      </trkpt>
      <trkpt lat="37.75344" lon="-122.23159">
        <ele>2.3</ele>
      </trkpt>
      <trkpt lat="37.75289" lon="-122.2322">
        <ele>2.3</ele>
      </trkpt>
      <trkpt lat="37.75287" lon="-122.23214">
        <ele>2.3</ele>
      </trkpt>
      <trkpt lat="37.75283" lon="-122.23209">
        <ele>2.3</ele>
      </trkpt>
      <trkpt lat="37.75281" lon="-122.23209">
        <ele>2.3</ele>
      </trkpt>
      <trkpt lat="37.75269" lon="-122.23222">
        <ele>2.4</ele>
      </trkpt>
      <trkpt lat="37.75269" lon="-122.23222">
        <ele>2.4</ele>
      </trkpt>
      <trkpt lat="37.75269" lon="-122.23222">
        <ele>2.4</ele>
      </trkpt>
      <trkpt lat="37.7523" lon="-122.23265">
        <ele>2.3</ele>
      </trkpt>
      <trkpt lat="37.75191" lon="-122.23308">
        <ele>2.3</ele>
      </trkpt>
      <trkpt lat="37.75179" lon="-122.23324">
        <ele>2.3</ele>
      </trkpt>
      <trkpt lat="37.7517" lon="-122.23338">
        <ele>2.3</ele>
      </trkpt>
      <trkpt lat="37.7516" lon="-122.23358">
        <ele>2.3</ele>
      </trkpt>
      <trkpt lat="37.7515" lon="-122.23383">
        <ele>2.2</ele>
      </trkpt>
      <trkpt lat="37.75145" lon="-122.234">
        <ele>2.2</ele>
      </trkpt>
      <trkpt lat="37.7514" lon="-122.23423">
        <ele>2.2</ele>
      </trkpt>
      <trkpt lat="37.75137" lon="-122.23444">
        <ele>2.2</ele>
      </trkpt>
      <trkpt lat="37.75134" lon="-122.23483">
        <ele>2.3</ele>
      </trkpt>
      <trkpt lat="37.7513" lon="-122.23505">
        <ele>2.3</ele>
      </trkpt>
      <trkpt lat="37.75122" lon="-122.23527">
        <ele>2.4</ele>
      </trkpt>
      <trkpt lat="37.75119" lon="-122.23532">
        <ele>2.4</ele>
      </trkpt>
      <trkpt lat="37.75098" lon="-122.23559">
        <ele>2.3</ele>
      </trkpt>
      <trkpt lat="37.7507" lon="-122.23588">
        <ele>2.2</ele>
      </trkpt>
      <trkpt lat="37.7506" lon="-122.23595">
        <ele>2.3</ele>
      </trkpt>
      <trkpt lat="37.75051" lon="-122.23597">
        <ele>2.3</ele>
      </trkpt>
      <trkpt lat="37.75" lon="-122.23601">
        <ele>2.1</ele>
      </trkpt>
      <trkpt lat="37.7494" lon="-122.23601">
        <ele>1.9</ele>
      </trkpt>
      <trkpt lat="37.7487" lon="-122.23583">
        <ele>1.6</ele>
      </trkpt>
      <trkpt lat="37.74799" lon="-122.23565">
        <ele>1.4</ele>
      </trkpt>
      <trkpt lat="37.74797" lon="-122.23565">
        <ele>1.3</ele>
      </trkpt>
      <trkpt lat="37.74801" lon="-122.23549">
        <ele>1.3</ele>
      </trkpt>
      <trkpt lat="37.74805" lon="-122.23533">
        <ele>1.3</ele>
      </trkpt>
      <trkpt lat="37.74806" lon="-122.23507">
        <ele>1.1</ele>
      </trkpt>
      <trkpt lat="37.74804" lon="-122.23398">
        <ele>1.2</ele>
      </trkpt>
      <trkpt lat="37.74802" lon="-122.23336">
        <ele>1.3</ele>
      </trkpt>
      <trkpt lat="37.74802" lon="-122.23336">
        <ele>1.3</ele>
      </trkpt>
      <trkpt lat="37.74799" lon="-122.23278">
        <ele>0.7</ele>
      </trkpt>
      <trkpt lat="37.74796" lon="-122.2322">
        <ele>1.0</ele>
      </trkpt>
      <trkpt lat="37.748" lon="-122.23158">
        <ele>1.3</ele>
      </trkpt>
      <trkpt lat="37.74797" lon="-122.23122">
        <ele>1.7</ele>
      </trkpt>
      <trkpt lat="37.74798" lon="-122.23106">
        <ele>1.6</ele>
      </trkpt>
      <trkpt lat="37.74798" lon="-122.2304">
        <ele>0.7</ele>
      </trkpt>
      <trkpt lat="37.74799" lon="-122.22973">
        <ele>1.5</ele>
      </trkpt>
      <trkpt lat="37.74798" lon="-122.22892">
        <ele>0.3</ele>
      </trkpt>
      <trkpt lat="37.74797" lon="-122.2281">
        <ele>1.7</ele>
      </trkpt>
      <trkpt lat="37.74797" lon="-122.22714">
        <ele>0.0</ele>
      </trkpt>
      <trkpt lat="37.74793" lon="-122.22699">
        <ele>0.8</ele>
      </trkpt>
      <trkpt lat="37.74786" lon="-122.22691">
        <ele>2.1</ele>
      </trkpt>
      <trkpt lat="37.74779" lon="-122.22688">
        <ele>2.3</ele>
      </trkpt>
      <trkpt lat="37.7477" lon="-122.22687">
        <ele>2.3</ele>
      </trkpt>
      <trkpt lat="37.74692" lon="-122.22698">
        <ele>2.4</ele>
      </trkpt>
      <trkpt lat="37.74679" lon="-122.22701">
        <ele>2.4</ele>
      </trkpt>
      <trkpt lat="37.74669" lon="-122.227">
        <ele>2.4</ele>
      </trkpt>
      <trkpt lat="37.7463" lon="-122.2269">
        <ele>2.3</ele>
      </trkpt>
      <trkpt lat="37.74592" lon="-122.22683">
        <ele>2.4</ele>
      </trkpt>
      <trkpt lat="37.74568" lon="-122.22681">
        <ele>2.3</ele>
      </trkpt>
      <trkpt lat="37.74562" lon="-122.22684">
        <ele>2.3</ele>
      </trkpt>
      <trkpt lat="37.74557" lon="-122.22694">
        <ele>2.4</ele>
      </trkpt>
      <trkpt lat="37.74536" lon="-122.22691">
        <ele>2.5</ele>
      </trkpt>
      <trkpt lat="37.74488" lon="-122.22691">
        <ele>2.9</ele>
      </trkpt>
      <trkpt lat="37.74425" lon="-122.2268">
        <ele>3.4</ele>
      </trkpt>
      <trkpt lat="37.74343" lon="-122.22679">
        <ele>3.3</ele>
      </trkpt>
      <trkpt lat="37.74262" lon="-122.22678">
        <ele>2.6</ele>
      </trkpt>
      <trkpt lat="37.74181" lon="-122.22676">
        <ele>1.6</ele>
      </trkpt>
      <trkpt lat="37.74099" lon="-122.22675">
        <ele>0.6</ele>
      </trkpt>
      <trkpt lat="37.74018" lon="-122.22674">
        <ele>0.0</ele>
      </trkpt>
      <trkpt lat="37.73929" lon="-122.22675">
        <ele>0.9</ele>
      </trkpt>
      <trkpt lat="37.73929" lon="-122.22675">
        <ele>0.9</ele>
      </trkpt>
      <trkpt lat="37.73852" lon="-122.22675">
        <ele>1.0</ele>
      </trkpt>
      <trkpt lat="37.73774" lon="-122.22676">
        <ele>0.9</ele>
      </trkpt>
      <trkpt lat="37.73697" lon="-122.22676">
        <ele>0.9</ele>
      </trkpt>
      <trkpt lat="37.7362" lon="-122.22677">
        <ele>1.0</ele>
      </trkpt>
      <trkpt lat="37.73542" lon="-122.22677">
        <ele>1.0</ele>
      </trkpt>
      <trkpt lat="37.73465" lon="-122.22678">
        <ele>0.7</ele>
      </trkpt>
      <trkpt lat="37.73413" lon="-122.22681">
        <ele>0.4</ele>
      </trkpt>
      <trkpt lat="37.73384" lon="-122.22688">
        <ele>0.9</ele>
      </trkpt>
      <trkpt lat="37.73356" lon="-122.227">
        <ele>0.9</ele>
      </trkpt>
      <trkpt lat="37.73285" lon="-122.22739">
        <ele>1.0</ele>
      </trkpt>
      <trkpt lat="37.73214" lon="-122.22778">
        <ele>0.9</ele>
      </trkpt>
      <trkpt lat="37.73143" lon="-122.22816">
        <ele>1.0</ele>
      </trkpt>
      <trkpt lat="37.73072" lon="-122.22855">
        <ele>1.0</ele>
      </trkpt>
      <trkpt lat="37.73002" lon="-122.22894">
        <ele>1.1</ele>
      </trkpt>
      <trkpt lat="37.72931" lon="-122.22932">
        <ele>1.3</ele>
      </trkpt>
      <trkpt lat="37.72928" lon="-122.22935">
        <ele>1.2</ele>
      </trkpt>
      <trkpt lat="37.72884" lon="-122.22953">
        <ele>1.1</ele>
      </trkpt>
      <trkpt lat="37.72845" lon="-122.22963">
        <ele>1.0</ele>
      </trkpt>
      <trkpt lat="37.72796" lon="-122.22966">
        <ele>1.3</ele>
      </trkpt>
      <trkpt lat="37.72773" lon="-122.22963">
        <ele>1.5</ele>
      </trkpt>
      <trkpt lat="37.72765" lon="-122.22963">
        <ele>1.6</ele>
      </trkpt>
      <trkpt lat="37.72729" lon="-122.22952">
        <ele>1.8</ele>
      </trkpt>
      <trkpt lat="37.72732" lon="-122.22925">
        <ele>1.8</ele>
      </trkpt>
      <trkpt lat="37.72735" lon="-122.22914">
        <ele>1.9</ele>
      </trkpt>
      <trkpt lat="37.72734" lon="-122.22857">
        <ele>2.2</ele>
      </trkpt>
      <trkpt lat="37.72733" lon="-122.22845">
        <ele>2.3</ele>
      </trkpt>
      <trkpt lat="37.72728" lon="-122.22829">
        <ele>2.3</ele>
      </trkpt>
      <trkpt lat="37.7272" lon="-122.22804">
        <ele>2.3</ele>
      </trkpt>
      <trkpt lat="37.72712" lon="-122.22784">
        <ele>2.3</ele>
      </trkpt>
      <trkpt lat="37.72704" lon="-122.22769">
        <ele>2.3</ele>
      </trkpt>
      <trkpt lat="37.72656" lon="-122.22693">
        <ele>2.0</ele>
      </trkpt>
      <trkpt lat="37.72607" lon="-122.22617">
        <ele>1.1</ele>
      </trkpt>
      <trkpt lat="37.72581" lon="-122.2257">
        <ele>1.1</ele>
      </trkpt>
      <trkpt lat="37.72556" lon="-122.22516">
        <ele>1.0</ele>
      </trkpt>
      <trkpt lat="37.72556" lon="-122.22516">
        <ele>1.0</ele>
      </trkpt>
      <trkpt lat="37.72547" lon="-122.22493">
        <ele>1.0</ele>
      </trkpt>
      <trkpt lat="37.72528" lon="-122.22442">
        <ele>1.0</ele>
      </trkpt>
      <trkpt lat="37.72496" lon="-122.22341">
        <ele>1.0</ele>
      </trkpt>
      <trkpt lat="37.72464" lon="-122.2224">
        <ele>1.0</ele>
      </trkpt>
      <trkpt lat="37.72432" lon="-122.22139">
        <ele>1.0</ele>
      </trkpt>
      <trkpt lat="37.724" lon="-122.22038">
        <ele>1.0</ele>
      </trkpt>
      <trkpt lat="37.72368" lon="-122.21937">
        <ele>1.0</ele>
      </trkpt>
      <trkpt lat="37.72336" lon="-122.21836">
        <ele>1.1</ele>
      </trkpt>
      <trkpt lat="37.72325" lon="-122.21814">
        <ele>1.1</ele>
      </trkpt>
      <trkpt lat="37.72301" lon="-122.21739">
        <ele>1.3</ele>
      </trkpt>
      <trkpt lat="37.72296" lon="-122.21722">
        <ele>1.4</ele>
      </trkpt>
      <trkpt lat="37.72272" lon="-122.21645">
        <ele>1.4</ele>
      </trkpt>
      <trkpt lat="37.72248" lon="-122.21569">
        <ele>1.4</ele>
      </trkpt>
      <trkpt lat="37.72223" lon="-122.21493">
        <ele>1.3</ele>
      </trkpt>
      <trkpt lat="37.72208" lon="-122.21435">
        <ele>1.2</ele>
      </trkpt>
      <trkpt lat="37.72202" lon="-122.21405">
        <ele>1.2</ele>
      </trkpt>
      <trkpt lat="37.72183" lon="-122.21316">
        <ele>1.3</ele>
      </trkpt>
      <trkpt lat="37.72165" lon="-122.21227">
        <ele>1.3</ele>
      </trkpt>
      <trkpt lat="37.72147" lon="-122.21138">
        <ele>1.6</ele>
      </trkpt>
      <trkpt lat="37.72133" lon="-122.2108">
        <ele>1.9</ele>
      </trkpt>
      <trkpt lat="37.72116" lon="-122.21013">
        <ele>2.3</ele>
      </trkpt>
      <trkpt lat="37.72101" lon="-122.20967">
        <ele>1.2</ele>
      </trkpt>
      <trkpt lat="37.72082" lon="-122.2092">
        <ele>1.1</ele>
      </trkpt>
      <trkpt lat="37.72065" lon="-122.20882">
        <ele>1.1</ele>
      </trkpt>
      <trkpt lat="37.72043" lon="-122.20841">
        <ele>1.1</ele>
      </trkpt>
      <trkpt lat="37.72019" lon="-122.208">
        <ele>1.1</ele>
      </trkpt>
      <trkpt lat="37.72019" lon="-122.208">
        <ele>1.1</ele>
      </trkpt>
      <trkpt lat="37.72014" lon="-122.20791">
        <ele>1.1</ele>
      </trkpt>
      <trkpt lat="37.71988" lon="-122.20754">
        <ele>1.2</ele>
      </trkpt>
      <trkpt lat="37.71958" lon="-122.20714">
        <ele>1.4</ele>
      </trkpt>
      <trkpt lat="37.71921" lon="-122.20672">
        <ele>1.5</ele>
      </trkpt>
      <trkpt lat="37.7188" lon="-122.20633">
        <ele>1.8</ele>
      </trkpt>
      <trkpt lat="37.71852" lon="-122.20617">
        <ele>1.9</ele>
      </trkpt>
      <trkpt lat="37.71807" lon="-122.20585">
        <ele>2.1</ele>
      </trkpt>
      <trkpt lat="37.71803" lon="-122.20584">
        <ele>2.1</ele>
      </trkpt>
      <trkpt lat="37.71798" lon="-122.20585">
        <ele>2.1</ele>
      </trkpt>
      <trkpt lat="37.71795" lon="-122.20584">
        <ele>2.1</ele>
      </trkpt>
      <trkpt lat="37.71781" lon="-122.20574">
        <ele>2.2</ele>
      </trkpt>
      <trkpt lat="37.71751" lon="-122.20555">
        <ele>2.3</ele>
      </trkpt>
      <trkpt lat="37.7174" lon="-122.2054">
        <ele>2.3</ele>
      </trkpt>
      <trkpt lat="37.71733" lon="-122.20529">
        <ele>2.3</ele>
      </trkpt>
      <trkpt lat="37.7173" lon="-122.20525">
        <ele>2.3</ele>
      </trkpt>
      <trkpt lat="37.71728" lon="-122.2052">
        <ele>2.3</ele>
      </trkpt>
      <trkpt lat="37.71729" lon="-122.20514">
        <ele>2.3</ele>
      </trkpt>
      <trkpt lat="37.71731" lon="-122.20507">
        <ele>2.3</ele>
      </trkpt>
      <trkpt lat="37.71741" lon="-122.20483">
        <ele>2.3</ele>
      </trkpt>
      <trkpt lat="37.7175" lon="-122.20454">
        <ele>2.3</ele>
      </trkpt>
      <trkpt lat="37.71764" lon="-122.20419">
        <ele>2.3</ele>
      </trkpt>
      <trkpt lat="37.71787" lon="-122.20372">
        <ele>2.3</ele>
      </trkpt>
      <trkpt lat="37.71811" lon="-122.20332">
        <ele>2.3</ele>
      </trkpt>
      <trkpt lat="37.71838" lon="-122.20293">
        <ele>2.3</ele>
      </trkpt>
      <trkpt lat="37.71827" lon="-122.20295">
        <ele>2.3</ele>
      </trkpt>
      <trkpt lat="37.71794" lon="-122.20335">
        <ele>2.3</ele>
      </trkpt>
      <trkpt lat="37.71786" lon="-122.20337">
        <ele>2.3</ele>
      </trkpt>
      <trkpt lat="37.71743" lon="-122.20291">
        <ele>2.2</ele>
      </trkpt>
      <trkpt lat="37.71701" lon="-122.20245">
        <ele>2.2</ele>
      </trkpt>
      <trkpt lat="37.7168" lon="-122.20221">
        <ele>2.1</ele>
      </trkpt>
      <trkpt lat="37.71644" lon="-122.20173">
        <ele>2.0</ele>
      </trkpt>
      <trkpt lat="37.71623" lon="-122.20151">
        <ele>2.0</ele>
      </trkpt>
      <trkpt lat="37.71623" lon="-122.20151">
        <ele>2.0</ele>
      </trkpt>
      <trkpt lat="37.71605" lon="-122.20133">
        <ele>2.0</ele>
      </trkpt>
      <trkpt lat="37.71564" lon="-122.20092">
        <ele>1.9</ele>
      </trkpt>
      <trkpt lat="37.71543" lon="-122.20069">
        <ele>1.9</ele>
      </trkpt>
      <trkpt lat="37.71516" lon="-122.20038">
        <ele>1.8</ele>
      </trkpt>
      <trkpt lat="37.71486" lon="-122.20001">
        <ele>1.8</ele>
      </trkpt>
      <trkpt lat="37.71455" lon="-122.19967">
        <ele>1.7</ele>
      </trkpt>
      <trkpt lat="37.71451" lon="-122.19964">
        <ele>1.7</ele>
      </trkpt>
      <trkpt lat="37.71446" lon="-122.19964">
        <ele>1.7</ele>
      </trkpt>
      <trkpt lat="37.71442" lon="-122.19967">
        <ele>1.7</ele>
      </trkpt>
      <trkpt lat="37.71407" lon="-122.2003">
        <ele>1.7</ele>
      </trkpt>
      <trkpt lat="37.71373" lon="-122.20092">
        <ele>1.7</ele>
      </trkpt>
      <trkpt lat="37.71365" lon="-122.20098">
        <ele>1.8</ele>
      </trkpt>
      <trkpt lat="37.7136" lon="-122.20099">
        <ele>1.8</ele>
      </trkpt>
      <trkpt lat="37.71356" lon="-122.20098">
        <ele>1.8</ele>
      </trkpt>
      <trkpt lat="37.7134" lon="-122.20092">
        <ele>1.8</ele>
      </trkpt>
      <trkpt lat="37.71295" lon="-122.20072">
        <ele>1.8</ele>
      </trkpt>
      <trkpt lat="37.71249" lon="-122.20053">
        <ele>1.8</ele>
      </trkpt>
      <trkpt lat="37.71247" lon="-122.20051">
        <ele>1.8</ele>
      </trkpt>
      <trkpt lat="37.71244" lon="-122.20063">
        <ele>1.8</ele>
      </trkpt>
      <trkpt lat="37.71232" lon="-122.20115">
        <ele>1.8</ele>
      </trkpt>
      <trkpt lat="37.7121" lon="-122.20195">
        <ele>1.8</ele>
      </trkpt>
      <trkpt lat="37.71205" lon="-122.20202">
        <ele>1.8</ele>
      </trkpt>
      <trkpt lat="37.712" lon="-122.20207">
        <ele>1.8</ele>
      </trkpt>
      <trkpt lat="37.71193" lon="-122.20208">
        <ele>1.8</ele>
      </trkpt>
      <trkpt lat="37.71179" lon="-122.20205">
        <ele>1.8</ele>
      </trkpt>
      <trkpt lat="37.71103" lon="-122.20161">
        <ele>2.0</ele>
      </trkpt>
      <trkpt lat="37.71086" lon="-122.20154">
        <ele>2.1</ele>
      </trkpt>
      <trkpt lat="37.7108" lon="-122.20153">
        <ele>2.2</ele>
      </trkpt>
      <trkpt lat="37.71076" lon="-122.20154">
        <ele>2.2</ele>
      </trkpt>
      <trkpt lat="37.71061" lon="-122.2016">
        <ele>2.0</ele>
      </trkpt>
      <trkpt lat="37.7103" lon="-122.20184">
        <ele>1.1</ele>
      </trkpt>
      <trkpt lat="37.71015" lon="-122.20193">
        <ele>1.3</ele>
      </trkpt>
      <trkpt lat="37.7096" lon="-122.20215">
        <ele>1.3</ele>
      </trkpt>
      <trkpt lat="37.70937" lon="-122.20222">
        <ele>0.0</ele>
      </trkpt>
      <trkpt lat="37.70901" lon="-122.20229">
        <ele>1.2</ele>
      </trkpt>
      <trkpt lat="37.7085" lon="-122.20235">
        <ele>0.7</ele>
      </trkpt>
      <trkpt lat="37.7081" lon="-122.20234">
        <ele>0.8</ele>
      </trkpt>
      <trkpt lat="37.70755" lon="-122.20227">
        <ele>1.6</ele>
      </trkpt>
      <trkpt lat="37.707" lon="-122.20214">
        <ele>1.9</ele>
      </trkpt>
      <trkpt lat="37.70663" lon="-122.202">
        <ele>2.1</ele>
      </trkpt>
      <trkpt lat="37.70636" lon="-122.20186">
        <ele>2.3</ele>
      </trkpt>
      <trkpt lat="37.706" lon="-122.20163">
        <ele>2.8</ele>
      </trkpt>
      <trkpt lat="37.70556" lon="-122.20132">
        <ele>3.2</ele>
      </trkpt>
      <trkpt lat="37.70528" lon="-122.20108">
        <ele>3.5</ele>
      </trkpt>
      <trkpt lat="37.70507" lon="-122.20089">
        <ele>3.4</ele>
      </trkpt>
      <trkpt lat="37.70485" lon="-122.20064">
        <ele>3.8</ele>
      </trkpt>
      <trkpt lat="37.70446" lon="-122.20014">
        <ele>4.0</ele>
      </trkpt>
      <trkpt lat="37.70425" lon="-122.19984">
        <ele>3.6</ele>
      </trkpt>
      <trkpt lat="37.70396" lon="-122.19931">
        <ele>3.8</ele>
      </trkpt>
      <trkpt lat="37.70384" lon="-122.19905">
        <ele>4.0</ele>
      </trkpt>
      <trkpt lat="37.70368" lon="-122.19863">
        <ele>4.6</ele>
      </trkpt>
      <trkpt lat="37.70345" lon="-122.19787">
        <ele>3.0</ele>
      </trkpt>
      <trkpt lat="37.70336" lon="-122.19742">
        <ele>2.1</ele>
      </trkpt>
      <trkpt lat="37.70331" lon="-122.19703">
        <ele>1.4</ele>
      </trkpt>
      <trkpt lat="37.70323" lon="-122.1963">
        <ele>1.6</ele>
      </trkpt>
      <trkpt lat="37.70321" lon="-122.19568">
        <ele>1.7</ele>
      </trkpt>
      <trkpt lat="37.70326" lon="-122.1952">
        <ele>1.7</ele>
      </trkpt>
      <trkpt lat="37.70334" lon="-122.19457">
        <ele>1.7</ele>
      </trkpt>
      <trkpt lat="37.70338" lon="-122.19442">
        <ele>1.7</ele>
      </trkpt>
      <trkpt lat="37.70342" lon="-122.19431">
        <ele>1.7</ele>
      </trkpt>
      <trkpt lat="37.70365" lon="-122.19388">
        <ele>1.7</ele>
      </trkpt>
      <trkpt lat="37.70382" lon="-122.19371">
        <ele>1.6</ele>
      </trkpt>
      <trkpt lat="37.7039" lon="-122.19366">
        <ele>1.6</ele>
      </trkpt>
      <trkpt lat="37.7047" lon="-122.1933">
        <ele>1.6</ele>
      </trkpt>
      <trkpt lat="37.70489" lon="-122.19318">
        <ele>1.7</ele>
      </trkpt>
      <trkpt lat="37.70496" lon="-122.19311">
        <ele>1.6</ele>
      </trkpt>
      <trkpt lat="37.70499" lon="-122.19309">
        <ele>1.6</ele>
      </trkpt>
      <trkpt lat="37.70503" lon="-122.19309">
        <ele>1.6</ele>
      </trkpt>
      <trkpt lat="37.70506" lon="-122.19309">
        <ele>1.6</ele>
      </trkpt>
      <trkpt lat="37.70513" lon="-122.19315">
        <ele>1.6</ele>
      </trkpt>
      <trkpt lat="37.70523" lon="-122.1933">
        <ele>1.5</ele>
      </trkpt>
      <trkpt lat="37.70544" lon="-122.19349">
        <ele>1.5</ele>
      </trkpt>
      <trkpt lat="37.70559" lon="-122.19361">
        <ele>1.5</ele>
      </trkpt>
      <trkpt lat="37.70579" lon="-122.19376">
        <ele>1.5</ele>
      </trkpt>
      <trkpt lat="37.70607" lon="-122.19388">
        <ele>1.5</ele>
      </trkpt>
      <trkpt lat="37.70648" lon="-122.19401">
        <ele>1.4</ele>
      </trkpt>
      <trkpt lat="37.70691" lon="-122.19409">
        <ele>1.4</ele>
      </trkpt>
      <trkpt lat="37.70716" lon="-122.19406">
        <ele>1.4</ele>
      </trkpt>
      <trkpt lat="37.70735" lon="-122.19398">
        <ele>1.4</ele>
      </trkpt>
      <trkpt lat="37.70777" lon="-122.19373">
        <ele>1.4</ele>
      </trkpt>
      <trkpt lat="37.70834" lon="-122.19363">
        <ele>1.0</ele>
      </trkpt>
      <trkpt lat="37.70854" lon="-122.19355">
        <ele>0.2</ele>
      </trkpt>
      <trkpt lat="37.70892" lon="-122.19348">
        <ele>2.3</ele>
      </trkpt>
      <trkpt lat="37.709" lon="-122.19343">
        <ele>2.3</ele>
      </trkpt>
      <trkpt lat="37.70906" lon="-122.19339">
        <ele>2.3</ele>
      </trkpt>
      <trkpt lat="37.70906" lon="-122.19339">
        <ele>2.3</ele>
      </trkpt>
      <trkpt lat="37.70924" lon="-122.19325">
        <ele>2.4</ele>
      </trkpt>
      <trkpt lat="37.70932" lon="-122.19318">
        <ele>2.5</ele>
      </trkpt>
      <trkpt lat="37.70939" lon="-122.19308">
        <ele>2.4</ele>
      </trkpt>
      <trkpt lat="37.70942" lon="-122.19297">
        <ele>2.2</ele>
      </trkpt>
      <trkpt lat="37.70946" lon="-122.19265">
        <ele>1.9</ele>
      </trkpt>
      <trkpt lat="37.70947" lon="-122.19245">
        <ele>2.3</ele>
      </trkpt>
      <trkpt lat="37.70944" lon="-122.19246">
        <ele>2.3</ele>
      </trkpt>
      <trkpt lat="37.70942" lon="-122.19241">
        <ele>2.3</ele>
      </trkpt>
      <trkpt lat="37.70944" lon="-122.19228">
        <ele>2.3</ele>
      </trkpt>
      <trkpt lat="37.70906" lon="-122.19232">
        <ele>2.3</ele>
      </trkpt>
      <trkpt lat="37.7088" lon="-122.19233">
        <ele>2.3</ele>
      </trkpt>
      <trkpt lat="37.70843" lon="-122.19229">
        <ele>2.2</ele>
      </trkpt>
      <trkpt lat="37.70824" lon="-122.19221">
        <ele>2.2</ele>
      </trkpt>
      <trkpt lat="37.70809" lon="-122.1921">
        <ele>2.1</ele>
      </trkpt>
      <trkpt lat="37.70774" lon="-122.19178">
        <ele>2.1</ele>
      </trkpt>
      <trkpt lat="37.70721" lon="-122.1914">
        <ele>2.3</ele>
      </trkpt>
      <trkpt lat="37.70649" lon="-122.19095">
        <ele>2.4</ele>
      </trkpt>
      <trkpt lat="37.70577" lon="-122.1905">
        <ele>2.6</ele>
      </trkpt>
      <trkpt lat="37.70505" lon="-122.19005">
        <ele>2.7</ele>
      </trkpt>
      <trkpt lat="37.70494" lon="-122.18999">
        <ele>2.7</ele>
      </trkpt>
      <trkpt lat="37.70421" lon="-122.18983">
        <ele>2.8</ele>
      </trkpt>
      <trkpt lat="37.70349" lon="-122.18967">
        <ele>3.1</ele>
      </trkpt>
      <trkpt lat="37.70276" lon="-122.1895">
        <ele>4.0</ele>
      </trkpt>
      <trkpt lat="37.70203" lon="-122.18934">
        <ele>3.7</ele>
      </trkpt>
      <trkpt lat="37.70131" lon="-122.18918">
        <ele>2.4</ele>
      </trkpt>
      <trkpt lat="37.70126" lon="-122.18915">
        <ele>2.4</ele>
      </trkpt>
      <trkpt lat="37.70122" lon="-122.18915">
        <ele>2.4</ele>
      </trkpt>
      <trkpt lat="37.70119" lon="-122.18911">
        <ele>2.5</ele>
      </trkpt>
      <trkpt lat="37.70115" lon="-122.18904">
        <ele>2.5</ele>
      </trkpt>
      <trkpt lat="37.70111" lon="-122.18913">
        <ele>2.4</ele>
      </trkpt>
      <trkpt lat="37.70103" lon="-122.18922">
        <ele>2.3</ele>
      </trkpt>
      <trkpt lat="37.70092" lon="-122.18933">
        <ele>2.3</ele>
      </trkpt>
      <trkpt lat="37.70084" lon="-122.18938">
        <ele>2.2</ele>
      </trkpt>
      <trkpt lat="37.7007" lon="-122.18946">
        <ele>2.3</ele>
      </trkpt>
      <trkpt lat="37.70062" lon="-122.18949">
        <ele>2.3</ele>
      </trkpt>
      <trkpt lat="37.70051" lon="-122.18947">
        <ele>2.3</ele>
      </trkpt>
      <trkpt lat="37.70037" lon="-122.18951">
        <ele>2.2</ele>
      </trkpt>
      <trkpt lat="37.70027" lon="-122.18952">
        <ele>2.2</ele>
      </trkpt>
      <trkpt lat="37.70009" lon="-122.18952">
        <ele>2.1</ele>
      </trkpt>
      <trkpt lat="37.69994" lon="-122.1895">
        <ele>2.1</ele>
      </trkpt>
      <trkpt lat="37.69978" lon="-122.18946">
        <ele>2.1</ele>
      </trkpt>
      <trkpt lat="37.69964" lon="-122.1894">
        <ele>2.0</ele>
      </trkpt>
      <trkpt lat="37.69951" lon="-122.18933">
        <ele>2.0</ele>
      </trkpt>
      <trkpt lat="37.69939" lon="-122.18925">
        <ele>2.0</ele>
      </trkpt>
      <trkpt lat="37.69921" lon="-122.1891">
        <ele>2.0</ele>
      </trkpt>
      <trkpt lat="37.699" lon="-122.18888">
        <ele>2.0</ele>
      </trkpt>
      <trkpt lat="37.69887" lon="-122.18877">
        <ele>2.0</ele>
      </trkpt>
      <trkpt lat="37.69869" lon="-122.18866">
        <ele>2.0</ele>
      </trkpt>
      <trkpt lat="37.69805" lon="-122.18834">
        <ele>2.0</ele>
      </trkpt>
      <trkpt lat="37.69741" lon="-122.18803">
        <ele>1.9</ele>
      </trkpt>
      <trkpt lat="37.6973" lon="-122.18796">
        <ele>1.8</ele>
      </trkpt>
      <trkpt lat="37.6973" lon="-122.18796">
        <ele>1.8</ele>
      </trkpt>
      <trkpt lat="37.69709" lon="-122.18784">
        <ele>1.9</ele>
      </trkpt>
      <trkpt lat="37.69682" lon="-122.18763">
        <ele>1.9</ele>
      </trkpt>
      <trkpt lat="37.6967" lon="-122.18753">
        <ele>1.9</ele>
      </trkpt>
      <trkpt lat="37.69623" lon="-122.1871">
        <ele>1.9</ele>
      </trkpt>
      <trkpt lat="37.69576" lon="-122.18667">
        <ele>1.8</ele>
      </trkpt>
      <trkpt lat="37.69571" lon="-122.18659">
        <ele>1.8</ele>
      </trkpt>
      <trkpt lat="37.69563" lon="-122.18653">
        <ele>1.8</ele>
      </trkpt>
      <trkpt lat="37.69551" lon="-122.18647">
        <ele>1.8</ele>
      </trkpt>
      <trkpt lat="37.69532" lon="-122.18629">
        <ele>1.8</ele>
      </trkpt>
      <trkpt lat="37.69513" lon="-122.18613">
        <ele>1.9</ele>
      </trkpt>
      <trkpt lat="37.69483" lon="-122.18591">
        <ele>1.9</ele>
      </trkpt>
      <trkpt lat="37.69438" lon="-122.18561">
        <ele>1.9</ele>
      </trkpt>
      <trkpt lat="37.69401" lon="-122.18538">
        <ele>1.9</ele>
      </trkpt>
      <trkpt lat="37.69357" lon="-122.18514">
        <ele>1.8</ele>
      </trkpt>
      <trkpt lat="37.69303" lon="-122.18487">
        <ele>1.8</ele>
      </trkpt>
      <trkpt lat="37.69252" lon="-122.18462">
        <ele>1.8</ele>
      </trkpt>
      <trkpt lat="37.69229" lon="-122.18452">
        <ele>1.8</ele>
      </trkpt>
      <trkpt lat="37.69222" lon="-122.18448">
        <ele>1.8</ele>
      </trkpt>
      <trkpt lat="37.69212" lon="-122.18445">
        <ele>1.8</ele>
      </trkpt>
      <trkpt lat="37.69204" lon="-122.18447">
        <ele>1.8</ele>
      </trkpt>
      <trkpt lat="37.69196" lon="-122.18446">
        <ele>1.8</ele>
      </trkpt>
      <trkpt lat="37.69194" lon="-122.18445">
        <ele>1.8</ele>
      </trkpt>
      <trkpt lat="37.69185" lon="-122.18435">
        <ele>1.8</ele>
      </trkpt>
      <trkpt lat="37.69182" lon="-122.18425">
        <ele>1.8</ele>
      </trkpt>
      <trkpt lat="37.69184" lon="-122.18415">
        <ele>1.8</ele>
      </trkpt>
      <trkpt lat="37.69186" lon="-122.18409">
        <ele>1.8</ele>
      </trkpt>
      <trkpt lat="37.69148" lon="-122.1838">
        <ele>1.7</ele>
      </trkpt>
      <trkpt lat="37.69141" lon="-122.18377">
        <ele>1.7</ele>
      </trkpt>
      <trkpt lat="37.69082" lon="-122.18364">
        <ele>1.7</ele>
      </trkpt>
      <trkpt lat="37.6907" lon="-122.18359">
        <ele>1.7</ele>
      </trkpt>
      <trkpt lat="37.69056" lon="-122.18351">
        <ele>1.7</ele>
      </trkpt>
      <trkpt lat="37.69049" lon="-122.18345">
        <ele>1.7</ele>
      </trkpt>
      <trkpt lat="37.69033" lon="-122.18335">
        <ele>1.7</ele>
      </trkpt>
      <trkpt lat="37.69024" lon="-122.18328">
        <ele>1.7</ele>
      </trkpt>
      <trkpt lat="37.69016" lon="-122.18317">
        <ele>1.7</ele>
      </trkpt>
      <trkpt lat="37.69011" lon="-122.18309">
        <ele>1.7</ele>
      </trkpt>
      <trkpt lat="37.68996" lon="-122.18294">
        <ele>1.7</ele>
      </trkpt>
      <trkpt lat="37.68966" lon="-122.18268">
        <ele>1.7</ele>
      </trkpt>
      <trkpt lat="37.68925" lon="-122.18234">
        <ele>1.7</ele>
      </trkpt>
      <trkpt lat="37.68883" lon="-122.182">
        <ele>1.7</ele>
      </trkpt>
      <trkpt lat="37.68871" lon="-122.18192">
        <ele>1.5</ele>
      </trkpt>
      <trkpt lat="37.68827" lon="-122.18156">
        <ele>1.7</ele>
      </trkpt>
      <trkpt lat="37.68794" lon="-122.18133">
        <ele>1.7</ele>
      </trkpt>
      <trkpt lat="37.68719" lon="-122.18089">
        <ele>1.7</ele>
      </trkpt>
      <trkpt lat="37.68698" lon="-122.18081">
        <ele>1.7</ele>
      </trkpt>
      <trkpt lat="37.68689" lon="-122.18075">
        <ele>1.7</ele>
      </trkpt>
      <trkpt lat="37.68671" lon="-122.18061">
        <ele>1.7</ele>
      </trkpt>
      <trkpt lat="37.6865" lon="-122.18041">
        <ele>1.7</ele>
      </trkpt>
      <trkpt lat="37.68605" lon="-122.18021">
        <ele>1.7</ele>
      </trkpt>
      <trkpt lat="37.68561" lon="-122.18001">
        <ele>1.7</ele>
      </trkpt>
      <trkpt lat="37.685" lon="-122.1797">
        <ele>1.7</ele>
      </trkpt>
      <trkpt lat="37.68459" lon="-122.17944">
        <ele>1.7</ele>
      </trkpt>
      <trkpt lat="37.68419" lon="-122.17919">
        <ele>1.7</ele>
      </trkpt>
      <trkpt lat="37.68378" lon="-122.17893">
        <ele>1.7</ele>
      </trkpt>
      <trkpt lat="37.68338" lon="-122.17866">
        <ele>1.7</ele>
      </trkpt>
      <trkpt lat="37.6828" lon="-122.17835">
        <ele>1.7</ele>
      </trkpt>
      <trkpt lat="37.68256" lon="-122.17818">
        <ele>1.6</ele>
      </trkpt>
      <trkpt lat="37.68249" lon="-122.17799">
        <ele>1.7</ele>
      </trkpt>
      <trkpt lat="37.68254" lon="-122.17778">
        <ele>1.7</ele>
      </trkpt>
      <trkpt lat="37.68261" lon="-122.17763">
        <ele>1.7</ele>
      </trkpt>
      <trkpt lat="37.68265" lon="-122.17749">
        <ele>1.7</ele>
      </trkpt>
      <trkpt lat="37.68265" lon="-122.17729">
        <ele>1.7</ele>
      </trkpt>
      <trkpt lat="37.68258" lon="-122.17709">
        <ele>1.7</ele>
      </trkpt>
      <trkpt lat="37.68245" lon="-122.17693">
        <ele>1.7</ele>
      </trkpt>
      <trkpt lat="37.68219" lon="-122.17673">
        <ele>1.7</ele>
      </trkpt>
      <trkpt lat="37.68207" lon="-122.17655">
        <ele>1.7</ele>
      </trkpt>
      <trkpt lat="37.68202" lon="-122.17637">
        <ele>1.7</ele>
      </trkpt>
      <trkpt lat="37.68202" lon="-122.17637">
        <ele>1.7</ele>
      </trkpt>
      <trkpt lat="37.68192" lon="-122.17589">
        <ele>1.7</ele>
      </trkpt>
      <trkpt lat="37.68188" lon="-122.17533">
        <ele>1.7</ele>
      </trkpt>
      <trkpt lat="37.68183" lon="-122.17488">
        <ele>1.8</ele>
      </trkpt>
      <trkpt lat="37.68176" lon="-122.17448">
        <ele>1.7</ele>
      </trkpt>
      <trkpt lat="37.6816" lon="-122.17414">
        <ele>1.7</ele>
      </trkpt>
      <trkpt lat="37.68135" lon="-122.17376">
        <ele>1.7</ele>
      </trkpt>
      <trkpt lat="37.68083" lon="-122.17333">
        <ele>1.7</ele>
      </trkpt>
      <trkpt lat="37.68035" lon="-122.17296">
        <ele>1.7</ele>
      </trkpt>
      <trkpt lat="37.67998" lon="-122.17259">
        <ele>1.7</ele>
      </trkpt>
      <trkpt lat="37.67961" lon="-122.17223">
        <ele>1.7</ele>
      </trkpt>
      <trkpt lat="37.67935" lon="-122.172">
        <ele>1.7</ele>
      </trkpt>
      <trkpt lat="37.67895" lon="-122.17157">
        <ele>1.7</ele>
      </trkpt>
      <trkpt lat="37.67862" lon="-122.17104">
        <ele>1.7</ele>
      </trkpt>
      <trkpt lat="37.67829" lon="-122.17045">
        <ele>1.7</ele>
      </trkpt>
      <trkpt lat="37.67819" lon="-122.17016">
        <ele>1.7</ele>
      </trkpt>
      <trkpt lat="37.67812" lon="-122.16985">
        <ele>1.7</ele>
      </trkpt>
      <trkpt lat="37.67803" lon="-122.16907">
        <ele>1.8</ele>
      </trkpt>
      <trkpt lat="37.6779" lon="-122.16873">
        <ele>1.8</ele>
      </trkpt>
      <trkpt lat="37.67775" lon="-122.16846">
        <ele>1.8</ele>
      </trkpt>
      <trkpt lat="37.67733" lon="-122.16779">
        <ele>1.8</ele>
      </trkpt>
      <trkpt lat="37.67725" lon="-122.16767">
        <ele>1.8</ele>
      </trkpt>
      <trkpt lat="37.6772" lon="-122.16754">
        <ele>1.8</ele>
      </trkpt>
      <trkpt lat="37.67721" lon="-122.16737">
        <ele>1.8</ele>
      </trkpt>
      <trkpt lat="37.67751" lon="-122.16641">
        <ele>1.9</ele>
      </trkpt>
      <trkpt lat="37.67781" lon="-122.16545">
        <ele>2.1</ele>
      </trkpt>
      <trkpt lat="37.6778" lon="-122.16516">
        <ele>2.1</ele>
      </trkpt>
      <trkpt lat="37.67774" lon="-122.16485">
        <ele>2.2</ele>
      </trkpt>
      <trkpt lat="37.67763" lon="-122.16463">
        <ele>2.2</ele>
      </trkpt>
      <trkpt lat="37.67761" lon="-122.16457">
        <ele>2.2</ele>
      </trkpt>
      <trkpt lat="37.6776" lon="-122.16453">
        <ele>2.2</ele>
      </trkpt>
      <trkpt lat="37.6776" lon="-122.16447">
        <ele>2.2</ele>
      </trkpt>
      <trkpt lat="37.67761" lon="-122.16441">
        <ele>2.2</ele>
      </trkpt>
      <trkpt lat="37.67764" lon="-122.16431">
        <ele>2.2</ele>
      </trkpt>
      <trkpt lat="37.67764" lon="-122.16424">
        <ele>2.2</ele>
      </trkpt>
      <trkpt lat="37.67772" lon="-122.16384">
        <ele>2.3</ele>
      </trkpt>
      <trkpt lat="37.67747" lon="-122.16377">
        <ele>2.3</ele>
      </trkpt>
      <trkpt lat="37.67726" lon="-122.16383">
        <ele>2.3</ele>
      </trkpt>
      <trkpt lat="37.67708" lon="-122.1639">
        <ele>2.2</ele>
      </trkpt>
      <trkpt lat="37.67681" lon="-122.16388">
        <ele>2.2</ele>
      </trkpt>
      <trkpt lat="37.67629" lon="-122.1638">
        <ele>2.2</ele>
      </trkpt>
      <trkpt lat="37.67559" lon="-122.1638">
        <ele>2.1</ele>
      </trkpt>
      <trkpt lat="37.67489" lon="-122.1638">
        <ele>2.1</ele>
      </trkpt>
      <trkpt lat="37.67447" lon="-122.16371">
        <ele>2.0</ele>
      </trkpt>
      <trkpt lat="37.67411" lon="-122.16355">
        <ele>2.0</ele>
      </trkpt>
      <trkpt lat="37.67411" lon="-122.16355">
        <ele>2.0</ele>
      </trkpt>
      <trkpt lat="37.67395" lon="-122.16346">
        <ele>2.0</ele>
      </trkpt>
      <trkpt lat="37.67377" lon="-122.16348">
        <ele>2.0</ele>
      </trkpt>
      <trkpt lat="37.67363" lon="-122.16369">
        <ele>2.0</ele>
      </trkpt>
      <trkpt lat="37.67337" lon="-122.1636">
        <ele>2.0</ele>
      </trkpt>
      <trkpt lat="37.67312" lon="-122.16348">
        <ele>2.0</ele>
      </trkpt>
      <trkpt lat="37.6727" lon="-122.16316">
        <ele>1.9</ele>
      </trkpt>
      <trkpt lat="37.67245" lon="-122.16307">
        <ele>1.9</ele>
      </trkpt>
      <trkpt lat="37.67216" lon="-122.16307">
        <ele>1.9</ele>
      </trkpt>
      <trkpt lat="37.67198" lon="-122.16304">
        <ele>1.9</ele>
      </trkpt>
      <trkpt lat="37.67166" lon="-122.16294">
        <ele>1.8</ele>
      </trkpt>
      <trkpt lat="37.67138" lon="-122.16299">
        <ele>1.8</ele>
      </trkpt>
      <trkpt lat="37.67116" lon="-122.16307">
        <ele>1.8</ele>
      </trkpt>
      <trkpt lat="37.67084" lon="-122.16293">
        <ele>1.8</ele>
      </trkpt>
      <trkpt lat="37.67081" lon="-122.16284">
        <ele>1.8</ele>
      </trkpt>
      <trkpt lat="37.67098" lon="-122.16255">
        <ele>1.7</ele>
      </trkpt>
      <trkpt lat="37.67052" lon="-122.16213">
        <ele>1.7</ele>
      </trkpt>
      <trkpt lat="37.67046" lon="-122.16214">
        <ele>1.7</ele>
      </trkpt>
      <trkpt lat="37.6703" lon="-122.16228">
        <ele>1.7</ele>
      </trkpt>
      <trkpt lat="37.6701" lon="-122.16235">
        <ele>1.7</ele>
      </trkpt>
      <trkpt lat="37.6698" lon="-122.16212">
        <ele>1.7</ele>
      </trkpt>
      <trkpt lat="37.66902" lon="-122.16182">
        <ele>1.5</ele>
      </trkpt>
      <trkpt lat="37.66902" lon="-122.16182">
        <ele>1.5</ele>
      </trkpt>
      <trkpt lat="37.66851" lon="-122.16163">
        <ele>1.6</ele>
      </trkpt>
      <trkpt lat="37.66801" lon="-122.16144">
        <ele>1.8</ele>
      </trkpt>
      <trkpt lat="37.66774" lon="-122.1614">
        <ele>1.8</ele>
      </trkpt>
      <trkpt lat="37.66739" lon="-122.16138">
        <ele>1.8</ele>
      </trkpt>
      <trkpt lat="37.66711" lon="-122.16135">
        <ele>1.7</ele>
      </trkpt>
      <trkpt lat="37.66694" lon="-122.16126">
        <ele>1.8</ele>
      </trkpt>
      <trkpt lat="37.66678" lon="-122.16121">
        <ele>1.8</ele>
      </trkpt>
      <trkpt lat="37.66667" lon="-122.16127">
        <ele>1.7</ele>
      </trkpt>
      <trkpt lat="37.66652" lon="-122.16134">
        <ele>1.7</ele>
      </trkpt>
      <trkpt lat="37.66633" lon="-122.16128">
        <ele>1.7</ele>
      </trkpt>
      <trkpt lat="37.66618" lon="-122.1612">
        <ele>1.8</ele>
      </trkpt>
      <trkpt lat="37.6661" lon="-122.16112">
        <ele>1.8</ele>
      </trkpt>
      <trkpt lat="37.66602" lon="-122.16101">
        <ele>1.8</ele>
      </trkpt>
      <trkpt lat="37.66595" lon="-122.16082">
        <ele>1.7</ele>
      </trkpt>
      <trkpt lat="37.66588" lon="-122.16079">
        <ele>1.7</ele>
      </trkpt>
      <trkpt lat="37.66573" lon="-122.16072">
        <ele>1.7</ele>
      </trkpt>
      <trkpt lat="37.66557" lon="-122.16066">
        <ele>1.7</ele>
      </trkpt>
      <trkpt lat="37.66546" lon="-122.16071">
        <ele>1.7</ele>
      </trkpt>
      <trkpt lat="37.66488" lon="-122.16055">
        <ele>1.7</ele>
      </trkpt>
      <trkpt lat="37.66437" lon="-122.16038">
        <ele>1.7</ele>
      </trkpt>
      <trkpt lat="37.66386" lon="-122.16021">
        <ele>1.7</ele>
      </trkpt>
      <trkpt lat="37.66305" lon="-122.15996">
        <ele>1.7</ele>
      </trkpt>
      <trkpt lat="37.66223" lon="-122.15971">
        <ele>1.7</ele>
      </trkpt>
      <trkpt lat="37.66142" lon="-122.15946">
        <ele>1.7</ele>
      </trkpt>
      <trkpt lat="37.66093" lon="-122.1593">
        <ele>1.7</ele>
      </trkpt>
      <trkpt lat="37.66045" lon="-122.15914">
        <ele>1.7</ele>
      </trkpt>
      <trkpt lat="37.66006" lon="-122.159">
        <ele>1.7</ele>
      </trkpt>
      <trkpt lat="37.65982" lon="-122.15889">
        <ele>1.7</ele>
      </trkpt>
      <trkpt lat="37.65968" lon="-122.15868">
        <ele>1.7</ele>
      </trkpt>
      <trkpt lat="37.65948" lon="-122.15797">
        <ele>1.8</ele>
      </trkpt>
      <trkpt lat="37.65938" lon="-122.15775">
        <ele>1.8</ele>
      </trkpt>
      <trkpt lat="37.65926" lon="-122.15766">
        <ele>1.8</ele>
      </trkpt>
      <trkpt lat="37.65859" lon="-122.15753">
        <ele>1.8</ele>
      </trkpt>
      <trkpt lat="37.65792" lon="-122.1574">
        <ele>1.7</ele>
      </trkpt>
      <trkpt lat="37.65725" lon="-122.15726">
        <ele>1.7</ele>
      </trkpt>
      <trkpt lat="37.65675" lon="-122.15721">
        <ele>1.7</ele>
      </trkpt>
      <trkpt lat="37.65662" lon="-122.15715">
        <ele>1.7</ele>
      </trkpt>
      <trkpt lat="37.65624" lon="-122.15705">
        <ele>1.7</ele>
      </trkpt>
      <trkpt lat="37.65545" lon="-122.15681">
        <ele>1.8</ele>
      </trkpt>
      <trkpt lat="37.65516" lon="-122.15674">
        <ele>1.9</ele>
      </trkpt>
      <trkpt lat="37.65516" lon="-122.15674">
        <ele>1.9</ele>
      </trkpt>
      <trkpt lat="37.65436" lon="-122.15655">
        <ele>1.9</ele>
      </trkpt>
      <trkpt lat="37.65358" lon="-122.15634">
        <ele>1.9</ele>
      </trkpt>
      <trkpt lat="37.65295" lon="-122.1562">
        <ele>1.8</ele>
      </trkpt>
      <trkpt lat="37.65261" lon="-122.1561">
        <ele>1.8</ele>
      </trkpt>
      <trkpt lat="37.65236" lon="-122.15596">
        <ele>1.8</ele>
      </trkpt>
      <trkpt lat="37.65196" lon="-122.15573">
        <ele>1.8</ele>
      </trkpt>
      <trkpt lat="37.65155" lon="-122.15554">
        <ele>1.9</ele>
      </trkpt>
      <trkpt lat="37.65124" lon="-122.15547">
        <ele>1.9</ele>
      </trkpt>
      <trkpt lat="37.65078" lon="-122.15548">
        <ele>1.8</ele>
      </trkpt>
      <trkpt lat="37.65042" lon="-122.15547">
        <ele>1.8</ele>
      </trkpt>
      <trkpt lat="37.64997" lon="-122.15534">
        <ele>1.8</ele>
      </trkpt>
      <trkpt lat="37.64956" lon="-122.15513">
        <ele>1.9</ele>
      </trkpt>
      <trkpt lat="37.64932" lon="-122.15488">
        <ele>1.9</ele>
      </trkpt>
      <trkpt lat="37.64925" lon="-122.15489">
        <ele>1.8</ele>
      </trkpt>
      <trkpt lat="37.64895" lon="-122.15484">
        <ele>1.8</ele>
      </trkpt>
      <trkpt lat="37.64846" lon="-122.15478">
        <ele>1.8</ele>
      </trkpt>
      <trkpt lat="37.64806" lon="-122.15472">
        <ele>1.8</ele>
      </trkpt>
      <trkpt lat="37.64723" lon="-122.15469">
        <ele>1.8</ele>
      </trkpt>
      <trkpt lat="37.64695" lon="-122.15466">
        <ele>1.8</ele>
      </trkpt>
      <trkpt lat="37.64664" lon="-122.15459">
        <ele>1.8</ele>
      </trkpt>
      <trkpt lat="37.64634" lon="-122.15449">
        <ele>1.8</ele>
      </trkpt>
      <trkpt lat="37.64601" lon="-122.15441">
        <ele>1.8</ele>
      </trkpt>
      <trkpt lat="37.64576" lon="-122.15432">
        <ele>1.8</ele>
      </trkpt>
      <trkpt lat="37.6456" lon="-122.155">
        <ele>1.7</ele>
      </trkpt>
      <trkpt lat="37.64545" lon="-122.15514">
        <ele>1.7</ele>
      </trkpt>
      <trkpt lat="37.64531" lon="-122.15521">
        <ele>1.7</ele>
      </trkpt>
      <trkpt lat="37.64522" lon="-122.1549">
        <ele>1.7</ele>
      </trkpt>
      <trkpt lat="37.64526" lon="-122.15456">
        <ele>1.7</ele>
      </trkpt>
      <trkpt lat="37.64529" lon="-122.15442">
        <ele>1.8</ele>
      </trkpt>
      <trkpt lat="37.64503" lon="-122.15432">
        <ele>1.8</ele>
      </trkpt>
      <trkpt lat="37.64424" lon="-122.15397">
        <ele>1.8</ele>
      </trkpt>
      <trkpt lat="37.64345" lon="-122.15362">
        <ele>1.8</ele>
      </trkpt>
      <trkpt lat="37.64345" lon="-122.15362">
        <ele>1.8</ele>
      </trkpt>
      <trkpt lat="37.64287" lon="-122.15337">
        <ele>1.8</ele>
      </trkpt>
      <trkpt lat="37.6423" lon="-122.15311">
        <ele>1.8</ele>
      </trkpt>
      <trkpt lat="37.64215" lon="-122.15307">
        <ele>1.8</ele>
      </trkpt>
      <trkpt lat="37.64192" lon="-122.15303">
        <ele>1.8</ele>
      </trkpt>
      <trkpt lat="37.64186" lon="-122.15299">
        <ele>1.8</ele>
      </trkpt>
      <trkpt lat="37.64183" lon="-122.15293">
        <ele>1.8</ele>
      </trkpt>
      <trkpt lat="37.64181" lon="-122.15283">
        <ele>1.7</ele>
      </trkpt>
      <trkpt lat="37.64183" lon="-122.15245">
        <ele>1.6</ele>
      </trkpt>
      <trkpt lat="37.64183" lon="-122.15214">
        <ele>1.7</ele>
      </trkpt>
      <trkpt lat="37.64182" lon="-122.15149">
        <ele>1.7</ele>
      </trkpt>
      <trkpt lat="37.64182" lon="-122.15055">
        <ele>1.7</ele>
      </trkpt>
      <trkpt lat="37.64183" lon="-122.14962">
        <ele>1.8</ele>
      </trkpt>
      <trkpt lat="37.64185" lon="-122.1485">
        <ele>1.9</ele>
      </trkpt>
      <trkpt lat="37.64187" lon="-122.14822">
        <ele>1.9</ele>
      </trkpt>
      <trkpt lat="37.64189" lon="-122.14806">
        <ele>2.0</ele>
      </trkpt>
      <trkpt lat="37.64175" lon="-122.14794">
        <ele>2.2</ele>
      </trkpt>
      <trkpt lat="37.64149" lon="-122.14776">
        <ele>2.1</ele>
      </trkpt>
      <trkpt lat="37.64124" lon="-122.1475">
        <ele>2.2</ele>
      </trkpt>
      <trkpt lat="37.64101" lon="-122.14732">
        <ele>2.4</ele>
      </trkpt>
      <trkpt lat="37.64094" lon="-122.14729">
        <ele>2.5</ele>
      </trkpt>
      <trkpt lat="37.64088" lon="-122.1473">
        <ele>2.4</ele>
      </trkpt>
      <trkpt lat="37.64073" lon="-122.14742">
        <ele>2.2</ele>
      </trkpt>
      <trkpt lat="37.64037" lon="-122.14767">
        <ele>2.0</ele>
      </trkpt>
      <trkpt lat="37.63982" lon="-122.14803">
        <ele>1.9</ele>
      </trkpt>
      <trkpt lat="37.63966" lon="-122.14815">
        <ele>2.0</ele>
      </trkpt>
      <trkpt lat="37.63935" lon="-122.14841">
        <ele>2.0</ele>
      </trkpt>
      <trkpt lat="37.63886" lon="-122.14885">
        <ele>1.9</ele>
      </trkpt>
      <trkpt lat="37.63837" lon="-122.14928">
        <ele>1.9</ele>
      </trkpt>
      <trkpt lat="37.63803" lon="-122.14956">
        <ele>1.8</ele>
      </trkpt>
      <trkpt lat="37.63792" lon="-122.14962">
        <ele>1.8</ele>
      </trkpt>
      <trkpt lat="37.63718" lon="-122.14994">
        <ele>1.8</ele>
      </trkpt>
      <trkpt lat="37.63643" lon="-122.15026">
        <ele>1.8</ele>
      </trkpt>
      <trkpt lat="37.63642" lon="-122.15037">
        <ele>1.8</ele>
      </trkpt>
      <trkpt lat="37.63611" lon="-122.15136">
        <ele>1.8</ele>
      </trkpt>
      <trkpt lat="37.6358" lon="-122.15235">
        <ele>1.7</ele>
      </trkpt>
      <trkpt lat="37.63573" lon="-122.1526">
        <ele>1.7</ele>
      </trkpt>
      <trkpt lat="37.63569" lon="-122.15267">
        <ele>1.7</ele>
      </trkpt>
      <trkpt lat="37.63566" lon="-122.15271">
        <ele>1.7</ele>
      </trkpt>
      <trkpt lat="37.63561" lon="-122.15273">
        <ele>1.7</ele>
      </trkpt>
      <trkpt lat="37.63555" lon="-122.15274">
        <ele>1.7</ele>
      </trkpt>
      <trkpt lat="37.63546" lon="-122.15273">
        <ele>1.7</ele>
      </trkpt>
      <trkpt lat="37.63481" lon="-122.15259">
        <ele>1.8</ele>
      </trkpt>
      <trkpt lat="37.63415" lon="-122.15246">
        <ele>1.8</ele>
      </trkpt>
      <trkpt lat="37.63389" lon="-122.15245">
        <ele>1.8</ele>
      </trkpt>
      <trkpt lat="37.63319" lon="-122.15239">
        <ele>1.7</ele>
      </trkpt>
      <trkpt lat="37.63249" lon="-122.15233">
        <ele>1.7</ele>
      </trkpt>
      <trkpt lat="37.63231" lon="-122.15229">
        <ele>1.7</ele>
      </trkpt>
      <trkpt lat="37.63144" lon="-122.15239">
        <ele>1.7</ele>
      </trkpt>
      <trkpt lat="37.63106" lon="-122.15245">
        <ele>1.7</ele>
      </trkpt>
      <trkpt lat="37.6306" lon="-122.15255">
        <ele>1.7</ele>
      </trkpt>
      <trkpt lat="37.63048" lon="-122.15257">
        <ele>1.7</ele>
      </trkpt>
      <trkpt lat="37.6303" lon="-122.15256">
        <ele>1.7</ele>
      </trkpt>
      <trkpt lat="37.63025" lon="-122.15255">
        <ele>1.7</ele>
      </trkpt>
      <trkpt lat="37.63017" lon="-122.15252">
        <ele>1.7</ele>
      </trkpt>
      <trkpt lat="37.6301" lon="-122.15248">
        <ele>1.7</ele>
      </trkpt>
      <trkpt lat="37.63004" lon="-122.15243">
        <ele>1.7</ele>
      </trkpt>
      <trkpt lat="37.63" lon="-122.15239">
        <ele>1.7</ele>
      </trkpt>
      <trkpt lat="37.62994" lon="-122.1523">
        <ele>1.7</ele>
      </trkpt>
      <trkpt lat="37.62992" lon="-122.15224">
        <ele>1.7</ele>
      </trkpt>
      <trkpt lat="37.62991" lon="-122.15216">
        <ele>1.7</ele>
      </trkpt>
      <trkpt lat="37.62991" lon="-122.15209">
        <ele>1.7</ele>
      </trkpt>
      <trkpt lat="37.63002" lon="-122.15144">
        <ele>1.8</ele>
      </trkpt>
      <trkpt lat="37.63003" lon="-122.15126">
        <ele>1.8</ele>
      </trkpt>
      <trkpt lat="37.63003" lon="-122.15114">
        <ele>1.8</ele>
      </trkpt>
      <trkpt lat="37.63001" lon="-122.15096">
        <ele>1.8</ele>
      </trkpt>
      <trkpt lat="37.62998" lon="-122.15089">
        <ele>1.8</ele>
      </trkpt>
      <trkpt lat="37.62995" lon="-122.15081">
        <ele>1.8</ele>
      </trkpt>
      <trkpt lat="37.62988" lon="-122.15079">
        <ele>1.8</ele>
      </trkpt>
      <trkpt lat="37.62969" lon="-122.15071">
        <ele>1.7</ele>
      </trkpt>
      <trkpt lat="37.6295" lon="-122.15083">
        <ele>1.7</ele>
      </trkpt>
      <trkpt lat="37.62944" lon="-122.15093">
        <ele>1.7</ele>
      </trkpt>
      <trkpt lat="37.62943" lon="-122.15109">
        <ele>1.7</ele>
      </trkpt>
      <trkpt lat="37.62945" lon="-122.15129">
        <ele>1.7</ele>
      </trkpt>
      <trkpt lat="37.62942" lon="-122.15139">
        <ele>1.7</ele>
      </trkpt>
      <trkpt lat="37.62932" lon="-122.15145">
        <ele>1.7</ele>
      </trkpt>
      <trkpt lat="37.62897" lon="-122.15134">
        <ele>1.7</ele>
      </trkpt>
      <trkpt lat="37.62897" lon="-122.15134">
        <ele>1.7</ele>
      </trkpt>
      <trkpt lat="37.62891" lon="-122.15132">
        <ele>1.7</ele>
      </trkpt>
      <trkpt lat="37.62878" lon="-122.15124">
        <ele>1.7</ele>
      </trkpt>
      <trkpt lat="37.62861" lon="-122.15104">
        <ele>1.7</ele>
      </trkpt>
      <trkpt lat="37.62863" lon="-122.15073">
        <ele>1.8</ele>
      </trkpt>
      <trkpt lat="37.62859" lon="-122.15042">
        <ele>1.8</ele>
      </trkpt>
      <trkpt lat="37.62854" lon="-122.15023">
        <ele>1.8</ele>
      </trkpt>
      <trkpt lat="37.62839" lon="-122.15004">
        <ele>1.9</ele>
      </trkpt>
      <trkpt lat="37.62817" lon="-122.1499">
        <ele>1.9</ele>
      </trkpt>
      <trkpt lat="37.62791" lon="-122.14984">
        <ele>1.7</ele>
      </trkpt>
      <trkpt lat="37.62757" lon="-122.14982">
        <ele>1.7</ele>
      </trkpt>
      <trkpt lat="37.62746" lon="-122.14987">
        <ele>1.7</ele>
      </trkpt>
      <trkpt lat="37.62753" lon="-122.15017">
        <ele>1.7</ele>
      </trkpt>
      <trkpt lat="37.62752" lon="-122.15031">
        <ele>1.6</ele>
      </trkpt>
      <trkpt lat="37.6275" lon="-122.15044">
        <ele>1.2</ele>
      </trkpt>
      <trkpt lat="37.62742" lon="-122.15055">
        <ele>0.9</ele>
      </trkpt>
      <trkpt lat="37.62727" lon="-122.15059">
        <ele>0.7</ele>
      </trkpt>
      <trkpt lat="37.62714" lon="-122.15051">
        <ele>0.5</ele>
      </trkpt>
      <trkpt lat="37.62699" lon="-122.15031">
        <ele>1.0</ele>
      </trkpt>
      <trkpt lat="37.62695" lon="-122.1501">
        <ele>1.3</ele>
      </trkpt>
      <trkpt lat="37.6269" lon="-122.14968">
        <ele>1.6</ele>
      </trkpt>
      <trkpt lat="37.62647" lon="-122.14903">
        <ele>1.8</ele>
      </trkpt>
      <trkpt lat="37.62645" lon="-122.14805">
        <ele>1.9</ele>
      </trkpt>
      <trkpt lat="37.62641" lon="-122.14791">
        <ele>1.9</ele>
      </trkpt>
      <trkpt lat="37.62599" lon="-122.14732">
        <ele>2.0</ele>
      </trkpt>
      <trkpt lat="37.62557" lon="-122.14674">
        <ele>1.9</ele>
      </trkpt>
      <trkpt lat="37.62553" lon="-122.14662">
        <ele>2.0</ele>
      </trkpt>
      <trkpt lat="37.62522" lon="-122.14559">
        <ele>2.2</ele>
      </trkpt>
      <trkpt lat="37.6249" lon="-122.14457">
        <ele>2.3</ele>
      </trkpt>
      <trkpt lat="37.62458" lon="-122.14354">
        <ele>1.9</ele>
      </trkpt>
      <trkpt lat="37.62426" lon="-122.14251">
        <ele>1.3</ele>
      </trkpt>
      <trkpt lat="37.62394" lon="-122.14149">
        <ele>1.2</ele>
      </trkpt>
      <trkpt lat="37.62363" lon="-122.14046">
        <ele>1.8</ele>
      </trkpt>
      <trkpt lat="37.62355" lon="-122.14005">
        <ele>1.7</ele>
      </trkpt>
      <trkpt lat="37.62354" lon="-122.13978">
        <ele>1.3</ele>
      </trkpt>
      <trkpt lat="37.62355" lon="-122.13963">
        <ele>1.2</ele>
      </trkpt>
      <trkpt lat="37.62359" lon="-122.1395">
        <ele>1.2</ele>
      </trkpt>
      <trkpt lat="37.62372" lon="-122.13915">
        <ele>1.3</ele>
      </trkpt>
      <trkpt lat="37.62377" lon="-122.13869">
        <ele>1.3</ele>
      </trkpt>
      <trkpt lat="37.62376" lon="-122.13856">
        <ele>1.3</ele>
      </trkpt>
      <trkpt lat="37.6236" lon="-122.13799">
        <ele>1.2</ele>
      </trkpt>
      <trkpt lat="37.62358" lon="-122.13782">
        <ele>1.2</ele>
      </trkpt>
      <trkpt lat="37.62358" lon="-122.13691">
        <ele>1.2</ele>
      </trkpt>
      <trkpt lat="37.62358" lon="-122.136">
        <ele>1.2</ele>
      </trkpt>
      <trkpt lat="37.62357" lon="-122.13564">
        <ele>1.5</ele>
      </trkpt>
      <trkpt lat="37.62391" lon="-122.1346">
        <ele>1.5</ele>
      </trkpt>
      <trkpt lat="37.62426" lon="-122.13357">
        <ele>1.4</ele>
      </trkpt>
      <trkpt lat="37.6246" lon="-122.13253">
        <ele>1.8</ele>
      </trkpt>
      <trkpt lat="37.62494" lon="-122.1315">
        <ele>2.5</ele>
      </trkpt>
      <trkpt lat="37.62519" lon="-122.13078">
        <ele>2.3</ele>
      </trkpt>
      <trkpt lat="37.62543" lon="-122.13006">
        <ele>2.3</ele>
      </trkpt>
      <trkpt lat="37.62553" lon="-122.13009">
        <ele>2.3</ele>
      </trkpt>
      <trkpt lat="37.62553" lon="-122.13009">
        <ele>2.3</ele>
      </trkpt>
      <trkpt lat="37.62568" lon="-122.13015">
        <ele>2.3</ele>
      </trkpt>
      <trkpt lat="37.62577" lon="-122.13015">
        <ele>2.3</ele>
      </trkpt>
      <trkpt lat="37.62583" lon="-122.13011">
        <ele>2.3</ele>
      </trkpt>
      <trkpt lat="37.62588" lon="-122.13006">
        <ele>2.3</ele>
      </trkpt>
      <trkpt lat="37.62591" lon="-122.12999">
        <ele>2.3</ele>
      </trkpt>
      <trkpt lat="37.62593" lon="-122.12994">
        <ele>2.3</ele>
      </trkpt>
      <trkpt lat="37.62593" lon="-122.12983">
        <ele>2.3</ele>
      </trkpt>
      <trkpt lat="37.62589" lon="-122.12919">
        <ele>2.3</ele>
      </trkpt>
      <trkpt lat="37.62585" lon="-122.12855">
        <ele>2.3</ele>
      </trkpt>
      <trkpt lat="37.62584" lon="-122.12847">
        <ele>2.3</ele>
      </trkpt>
      <trkpt lat="37.62581" lon="-122.12842">
        <ele>2.3</ele>
      </trkpt>
      <trkpt lat="37.62577" lon="-122.12836">
        <ele>2.3</ele>
      </trkpt>
      <trkpt lat="37.62571" lon="-122.12833">
        <ele>2.3</ele>
      </trkpt>
      <trkpt lat="37.62564" lon="-122.12831">
        <ele>2.3</ele>
      </trkpt>
      <trkpt lat="37.62558" lon="-122.12833">
        <ele>2.3</ele>
      </trkpt>
      <trkpt lat="37.62552" lon="-122.12836">
        <ele>2.3</ele>
      </trkpt>
      <trkpt lat="37.62546" lon="-122.12844">
        <ele>2.3</ele>
      </trkpt>
      <trkpt lat="37.62522" lon="-122.12914">
        <ele>2.3</ele>
      </trkpt>
      <trkpt lat="37.62499" lon="-122.12983">
        <ele>2.3</ele>
      </trkpt>
      <trkpt lat="37.62495" lon="-122.1299">
        <ele>2.3</ele>
      </trkpt>
      <trkpt lat="37.6249" lon="-122.12995">
        <ele>2.3</ele>
      </trkpt>
      <trkpt lat="37.62483" lon="-122.12997">
        <ele>2.3</ele>
      </trkpt>
      <trkpt lat="37.6247" lon="-122.12999">
        <ele>2.4</ele>
      </trkpt>
      <trkpt lat="37.62383" lon="-122.13008">
        <ele>2.4</ele>
      </trkpt>
      <trkpt lat="37.62383" lon="-122.13008">
        <ele>2.4</ele>
      </trkpt>
      <trkpt lat="37.62331" lon="-122.13012">
        <ele>2.4</ele>
      </trkpt>
      <trkpt lat="37.62279" lon="-122.13017">
        <ele>2.4</ele>
      </trkpt>
      <trkpt lat="37.62273" lon="-122.13017">
        <ele>2.3</ele>
      </trkpt>
      <trkpt lat="37.62272" lon="-122.13015">
        <ele>2.3</ele>
      </trkpt>
      <trkpt lat="37.62269" lon="-122.13011">
        <ele>2.3</ele>
      </trkpt>
      <trkpt lat="37.62266" lon="-122.13001">
        <ele>2.3</ele>
      </trkpt>
      <trkpt lat="37.62266" lon="-122.12971">
        <ele>2.3</ele>
      </trkpt>
      <trkpt lat="37.62263" lon="-122.12935">
        <ele>2.3</ele>
      </trkpt>
      <trkpt lat="37.6226" lon="-122.12918">
        <ele>2.3</ele>
      </trkpt>
      <trkpt lat="37.62262" lon="-122.129">
        <ele>2.3</ele>
      </trkpt>
      <trkpt lat="37.62258" lon="-122.12835">
        <ele>2.3</ele>
      </trkpt>
      <trkpt lat="37.62256" lon="-122.12769">
        <ele>2.5</ele>
      </trkpt>
      <trkpt lat="37.62253" lon="-122.12703">
        <ele>2.4</ele>
      </trkpt>
      <trkpt lat="37.62252" lon="-122.12692">
        <ele>2.4</ele>
      </trkpt>
      <trkpt lat="37.62247" lon="-122.12681">
        <ele>2.5</ele>
      </trkpt>
      <trkpt lat="37.62245" lon="-122.1267">
        <ele>2.8</ele>
      </trkpt>
      <trkpt lat="37.62252" lon="-122.12656">
        <ele>3.1</ele>
      </trkpt>
      <trkpt lat="37.6227" lon="-122.12599">
        <ele>2.9</ele>
      </trkpt>
      <trkpt lat="37.62288" lon="-122.12542">
        <ele>3.4</ele>
      </trkpt>
      <trkpt lat="37.62289" lon="-122.12528">
        <ele>3.3</ele>
      </trkpt>
      <trkpt lat="37.62289" lon="-122.12516">
        <ele>3.3</ele>
      </trkpt>
      <trkpt lat="37.62273" lon="-122.12411">
        <ele>3.3</ele>
      </trkpt>
      <trkpt lat="37.62266" lon="-122.12392">
        <ele>3.5</ele>
      </trkpt>
      <trkpt lat="37.62253" lon="-122.12375">
        <ele>3.6</ele>
      </trkpt>
      <trkpt lat="37.62211" lon="-122.12348">
        <ele>3.7</ele>
      </trkpt>
      <trkpt lat="37.6217" lon="-122.1232">
        <ele>3.4</ele>
      </trkpt>
      <trkpt lat="37.62174" lon="-122.12291">
        <ele>2.5</ele>
      </trkpt>
      <trkpt lat="37.62172" lon="-122.12264">
        <ele>2.3</ele>
      </trkpt>
      <trkpt lat="37.62179" lon="-122.12243">
        <ele>2.4</ele>
      </trkpt>
      <trkpt lat="37.62198" lon="-122.12214">
        <ele>2.3</ele>
      </trkpt>
      <trkpt lat="37.6221" lon="-122.12186">
        <ele>2.3</ele>
      </trkpt>
      <trkpt lat="37.62214" lon="-122.12167">
        <ele>2.3</ele>
      </trkpt>
      <trkpt lat="37.62218" lon="-122.12129">
        <ele>2.4</ele>
      </trkpt>
      <trkpt lat="37.62205" lon="-122.12018">
        <ele>2.3</ele>
      </trkpt>
      <trkpt lat="37.62193" lon="-122.11907">
        <ele>2.3</ele>
      </trkpt>
      <trkpt lat="37.6218" lon="-122.11796">
        <ele>2.3</ele>
      </trkpt>
      <trkpt lat="37.62167" lon="-122.11685">
        <ele>2.3</ele>
      </trkpt>
      <trkpt lat="37.62154" lon="-122.11574">
        <ele>2.3</ele>
      </trkpt>
      <trkpt lat="37.62142" lon="-122.11464">
        <ele>2.3</ele>
      </trkpt>
      <trkpt lat="37.62129" lon="-122.11353">
        <ele>2.3</ele>
      </trkpt>
      <trkpt lat="37.62122" lon="-122.11306">
        <ele>2.3</ele>
      </trkpt>
      <trkpt lat="37.62117" lon="-122.11281">
        <ele>2.3</ele>
      </trkpt>
      <trkpt lat="37.62107" lon="-122.11245">
        <ele>2.3</ele>
      </trkpt>
      <trkpt lat="37.62078" lon="-122.11151">
        <ele>2.3</ele>
      </trkpt>
      <trkpt lat="37.6205" lon="-122.11057">
        <ele>2.3</ele>
      </trkpt>
      <trkpt lat="37.62021" lon="-122.10962">
        <ele>2.3</ele>
      </trkpt>
      <trkpt lat="37.61993" lon="-122.10868">
        <ele>2.3</ele>
      </trkpt>
      <trkpt lat="37.61964" lon="-122.10774">
        <ele>2.3</ele>
      </trkpt>
      <trkpt lat="37.61936" lon="-122.1068">
        <ele>2.3</ele>
      </trkpt>
      <trkpt lat="37.61907" lon="-122.10585">
        <ele>2.3</ele>
      </trkpt>
      <trkpt lat="37.61879" lon="-122.10491">
        <ele>3.1</ele>
      </trkpt>
      <trkpt lat="37.61875" lon="-122.10482">
        <ele>3.1</ele>
      </trkpt>
      <trkpt lat="37.6187" lon="-122.10476">
        <ele>2.9</ele>
      </trkpt>
      <trkpt lat="37.6186" lon="-122.10473">
        <ele>2.9</ele>
      </trkpt>
      <trkpt lat="37.61789" lon="-122.10486">
        <ele>3.7</ele>
      </trkpt>
      <trkpt lat="37.61717" lon="-122.105">
        <ele>3.8</ele>
      </trkpt>
      <trkpt lat="37.61646" lon="-122.10514">
        <ele>3.8</ele>
      </trkpt>
      <trkpt lat="37.61575" lon="-122.10528">
        <ele>3.8</ele>
      </trkpt>
      <trkpt lat="37.61558" lon="-122.10533">
        <ele>3.8</ele>
      </trkpt>
      <trkpt lat="37.61486" lon="-122.10564">
        <ele>3.8</ele>
      </trkpt>
      <trkpt lat="37.61415" lon="-122.10594">
        <ele>3.8</ele>
      </trkpt>
      <trkpt lat="37.61344" lon="-122.10624">
        <ele>3.8</ele>
      </trkpt>
      <trkpt lat="37.61273" lon="-122.10654">
        <ele>3.8</ele>
      </trkpt>
      <trkpt lat="37.61201" lon="-122.10684">
        <ele>3.8</ele>
      </trkpt>
      <trkpt lat="37.6113" lon="-122.10714">
        <ele>3.8</ele>
      </trkpt>
      <trkpt lat="37.6112" lon="-122.10716">
        <ele>3.8</ele>
      </trkpt>
      <trkpt lat="37.61113" lon="-122.10715">
        <ele>3.8</ele>
      </trkpt>
      <trkpt lat="37.61105" lon="-122.10711">
        <ele>3.8</ele>
      </trkpt>
      <trkpt lat="37.61103" lon="-122.10701">
        <ele>3.8</ele>
      </trkpt>
      <trkpt lat="37.61103" lon="-122.10593">
        <ele>3.8</ele>
      </trkpt>
      <trkpt lat="37.61103" lon="-122.10486">
        <ele>3.8</ele>
      </trkpt>
      <trkpt lat="37.61104" lon="-122.10378">
        <ele>3.7</ele>
      </trkpt>
      <trkpt lat="37.61104" lon="-122.10271">
        <ele>3.3</ele>
      </trkpt>
      <trkpt lat="37.61116" lon="-122.10225">
        <ele>3.0</ele>
      </trkpt>
      <trkpt lat="37.61117" lon="-122.10216">
        <ele>3.4</ele>
      </trkpt>
      <trkpt lat="37.61115" lon="-122.10207">
        <ele>3.8</ele>
      </trkpt>
      <trkpt lat="37.61111" lon="-122.10199">
        <ele>3.9</ele>
      </trkpt>
      <trkpt lat="37.61106" lon="-122.10192">
        <ele>3.9</ele>
      </trkpt>
      <trkpt lat="37.61111" lon="-122.1018">
        <ele>3.9</ele>
      </trkpt>
      <trkpt lat="37.61147" lon="-122.10136">
        <ele>3.9</ele>
      </trkpt>
      <trkpt lat="37.61183" lon="-122.10093">
        <ele>4.0</ele>
      </trkpt>
      <trkpt lat="37.61236" lon="-122.1004">
        <ele>3.9</ele>
      </trkpt>
      <trkpt lat="37.61241" lon="-122.10033">
        <ele>3.9</ele>
      </trkpt>
      <trkpt lat="37.61241" lon="-122.1002">
        <ele>3.9</ele>
      </trkpt>
      <trkpt lat="37.61241" lon="-122.1002">
        <ele>3.9</ele>
      </trkpt>
      <trkpt lat="37.61245" lon="-122.09946">
        <ele>3.9</ele>
      </trkpt>
      <trkpt lat="37.61246" lon="-122.09938">
        <ele>3.9</ele>
      </trkpt>
      <trkpt lat="37.61268" lon="-122.09868">
        <ele>3.9</ele>
      </trkpt>
      <trkpt lat="37.6129" lon="-122.09798">
        <ele>3.9</ele>
      </trkpt>
      <trkpt lat="37.6129" lon="-122.09791">
        <ele>3.9</ele>
      </trkpt>
      <trkpt lat="37.61289" lon="-122.09786">
        <ele>3.9</ele>
      </trkpt>
      <trkpt lat="37.61284" lon="-122.09784">
        <ele>3.9</ele>
      </trkpt>
      <trkpt lat="37.61234" lon="-122.09784">
        <ele>3.9</ele>
      </trkpt>
      <trkpt lat="37.61183" lon="-122.09785">
        <ele>3.9</ele>
      </trkpt>
      <trkpt lat="37.61181" lon="-122.09756">
        <ele>3.8</ele>
      </trkpt>
      <trkpt lat="37.6118" lon="-122.09735">
        <ele>3.8</ele>
      </trkpt>
      <trkpt lat="37.61178" lon="-122.09732">
        <ele>3.8</ele>
      </trkpt>
      <trkpt lat="37.61168" lon="-122.09723">
        <ele>3.8</ele>
      </trkpt>
      <trkpt lat="37.611" lon="-122.0972">
        <ele>3.8</ele>
      </trkpt>
      <trkpt lat="37.61097" lon="-122.09715">
        <ele>3.8</ele>
      </trkpt>
      <trkpt lat="37.61097" lon="-122.09704">
        <ele>3.8</ele>
      </trkpt>
      <trkpt lat="37.61106" lon="-122.09591">
        <ele>3.8</ele>
      </trkpt>
      <trkpt lat="37.61082" lon="-122.09586">
        <ele>3.8</ele>
      </trkpt>
      <trkpt lat="37.61075" lon="-122.09584">
        <ele>3.8</ele>
      </trkpt>
      <trkpt lat="37.61064" lon="-122.09579">
        <ele>3.9</ele>
      </trkpt>
      <trkpt lat="37.61055" lon="-122.09572">
        <ele>3.9</ele>
      </trkpt>
      <trkpt lat="37.61051" lon="-122.09567">
        <ele>3.8</ele>
      </trkpt>
      <trkpt lat="37.61029" lon="-122.09557">
        <ele>4.0</ele>
      </trkpt>
      <trkpt lat="37.61023" lon="-122.09559">
        <ele>4.0</ele>
      </trkpt>
      <trkpt lat="37.61017" lon="-122.09557">
        <ele>4.0</ele>
      </trkpt>
      <trkpt lat="37.61012" lon="-122.09554">
        <ele>4.0</ele>
      </trkpt>
      <trkpt lat="37.61008" lon="-122.09548">
        <ele>4.0</ele>
      </trkpt>
      <trkpt lat="37.61006" lon="-122.09541">
        <ele>4.0</ele>
      </trkpt>
      <trkpt lat="37.61005" lon="-122.09535">
        <ele>4.0</ele>
      </trkpt>
      <trkpt lat="37.61006" lon="-122.09529">
        <ele>4.0</ele>
      </trkpt>
      <trkpt lat="37.61007" lon="-122.09525">
        <ele>4.0</ele>
      </trkpt>
      <trkpt lat="37.61012" lon="-122.09518">
        <ele>4.0</ele>
      </trkpt>
      <trkpt lat="37.61015" lon="-122.09516">
        <ele>4.0</ele>
      </trkpt>
      <trkpt lat="37.61021" lon="-122.09513">
        <ele>4.0</ele>
      </trkpt>
      <trkpt lat="37.61027" lon="-122.09514">
        <ele>4.0</ele>
      </trkpt>
      <trkpt lat="37.61035" lon="-122.09509">
        <ele>4.1</ele>
      </trkpt>
      <trkpt lat="37.61049" lon="-122.09497">
        <ele>4.1</ele>
      </trkpt>
      <trkpt lat="37.61087" lon="-122.09442">
        <ele>4.2</ele>
      </trkpt>
      <trkpt lat="37.61125" lon="-122.09388">
        <ele>4.3</ele>
      </trkpt>
      <trkpt lat="37.61165" lon="-122.09333">
        <ele>4.2</ele>
      </trkpt>
      <trkpt lat="37.61205" lon="-122.09278">
        <ele>3.6</ele>
      </trkpt>
      <trkpt lat="37.61237" lon="-122.09235">
        <ele>3.2</ele>
      </trkpt>
      <trkpt lat="37.61268" lon="-122.09191">
        <ele>2.8</ele>
      </trkpt>
      <trkpt lat="37.61289" lon="-122.09154">
        <ele>2.5</ele>
      </trkpt>
      <trkpt lat="37.61306" lon="-122.09118">
        <ele>2.5</ele>
      </trkpt>
      <trkpt lat="37.61312" lon="-122.09103">
        <ele>2.6</ele>
      </trkpt>
      <trkpt lat="37.61322" lon="-122.09069">
        <ele>2.9</ele>
      </trkpt>
      <trkpt lat="37.61331" lon="-122.09035">
        <ele>3.0</ele>
      </trkpt>
      <trkpt lat="37.61337" lon="-122.08996">
        <ele>3.0</ele>
      </trkpt>
      <trkpt lat="37.61339" lon="-122.08973">
        <ele>3.0</ele>
      </trkpt>
      <trkpt lat="37.61331" lon="-122.08952">
        <ele>3.0</ele>
      </trkpt>
      <trkpt lat="37.61325" lon="-122.08944">
        <ele>3.0</ele>
      </trkpt>
      <trkpt lat="37.61316" lon="-122.08942">
        <ele>3.0</ele>
      </trkpt>
      <trkpt lat="37.61293" lon="-122.0894">
        <ele>3.0</ele>
      </trkpt>
      <trkpt lat="37.61233" lon="-122.08925">
        <ele>2.9</ele>
      </trkpt>
      <trkpt lat="37.61202" lon="-122.08913">
        <ele>3.0</ele>
      </trkpt>
      <trkpt lat="37.6116" lon="-122.08888">
        <ele>3.1</ele>
      </trkpt>
      <trkpt lat="37.61118" lon="-122.08863">
        <ele>3.1</ele>
      </trkpt>
      <trkpt lat="37.61151" lon="-122.08776">
        <ele>3.3</ele>
      </trkpt>
      <trkpt lat="37.6117" lon="-122.08726">
        <ele>3.3</ele>
      </trkpt>
      <trkpt lat="37.61193" lon="-122.08674">
        <ele>3.1</ele>
      </trkpt>
      <trkpt lat="37.61195" lon="-122.08657">
        <ele>2.9</ele>
      </trkpt>
      <trkpt lat="37.61216" lon="-122.08604">
        <ele>2.6</ele>
      </trkpt>
      <trkpt lat="37.61238" lon="-122.0855">
        <ele>2.4</ele>
      </trkpt>
      <trkpt lat="37.61161" lon="-122.08501">
        <ele>2.5</ele>
      </trkpt>
      <trkpt lat="37.61085" lon="-122.08453">
        <ele>2.7</ele>
      </trkpt>
      <trkpt lat="37.61009" lon="-122.08404">
        <ele>3.1</ele>
      </trkpt>
      <trkpt lat="37.60993" lon="-122.08395">
        <ele>3.2</ele>
      </trkpt>
      <trkpt lat="37.60993" lon="-122.08395">
        <ele>3.2</ele>
      </trkpt>
      <trkpt lat="37.60972" lon="-122.08382">
        <ele>3.4</ele>
      </trkpt>
      <trkpt lat="37.60908" lon="-122.08342">
        <ele>3.8</ele>
      </trkpt>
      <trkpt lat="37.60845" lon="-122.08303">
        <ele>3.9</ele>
      </trkpt>
      <trkpt lat="37.60825" lon="-122.08292">
        <ele>3.9</ele>
      </trkpt>
      <trkpt lat="37.60809" lon="-122.08285">
        <ele>3.9</ele>
      </trkpt>
      <trkpt lat="37.60792" lon="-122.0828">
        <ele>3.9</ele>
      </trkpt>
      <trkpt lat="37.60774" lon="-122.08277">
        <ele>3.9</ele>
      </trkpt>
      <trkpt lat="37.60712" lon="-122.08272">
        <ele>3.9</ele>
      </trkpt>
      <trkpt lat="37.60651" lon="-122.08267">
        <ele>3.8</ele>
      </trkpt>
      <trkpt lat="37.60568" lon="-122.08258">
        <ele>3.8</ele>
      </trkpt>
      <trkpt lat="37.60562" lon="-122.08239">
        <ele>3.8</ele>
      </trkpt>
      <trkpt lat="37.60562" lon="-122.08143">
        <ele>3.9</ele>
      </trkpt>
      <trkpt lat="37.60562" lon="-122.08143">
        <ele>3.9</ele>
      </trkpt>
      <trkpt lat="37.60563" lon="-122.08062">
        <ele>4.0</ele>
      </trkpt>
      <trkpt lat="37.60563" lon="-122.0798">
        <ele>3.9</ele>
      </trkpt>
      <trkpt lat="37.60564" lon="-122.07899">
        <ele>3.9</ele>
      </trkpt>
      <trkpt lat="37.60552" lon="-122.07897">
        <ele>3.9</ele>
      </trkpt>
      <trkpt lat="37.60531" lon="-122.07896">
        <ele>3.9</ele>
      </trkpt>
      <trkpt lat="37.60509" lon="-122.0789">
        <ele>4.1</ele>
      </trkpt>
      <trkpt lat="37.60439" lon="-122.07879">
        <ele>4.0</ele>
      </trkpt>
      <trkpt lat="37.6037" lon="-122.07871">
        <ele>4.1</ele>
      </trkpt>
      <trkpt lat="37.6035" lon="-122.07867">
        <ele>4.0</ele>
      </trkpt>
      <trkpt lat="37.60303" lon="-122.0785">
        <ele>4.1</ele>
      </trkpt>
      <trkpt lat="37.60257" lon="-122.07832">
        <ele>4.1</ele>
      </trkpt>
      <trkpt lat="37.60261" lon="-122.07816">
        <ele>4.1</ele>
      </trkpt>
      <trkpt lat="37.60261" lon="-122.07816">
        <ele>4.1</ele>
      </trkpt>
      <trkpt lat="37.60264" lon="-122.078">
        <ele>4.1</ele>
      </trkpt>
      <trkpt lat="37.60206" lon="-122.07781">
        <ele>4.1</ele>
      </trkpt>
      <trkpt lat="37.60191" lon="-122.07768">
        <ele>4.1</ele>
      </trkpt>
      <trkpt lat="37.60163" lon="-122.07727">
        <ele>4.2</ele>
      </trkpt>
      <trkpt lat="37.60152" lon="-122.07699">
        <ele>4.2</ele>
      </trkpt>
      <trkpt lat="37.60144" lon="-122.07677">
        <ele>4.3</ele>
      </trkpt>
      <trkpt lat="37.6012" lon="-122.07634">
        <ele>4.2</ele>
      </trkpt>
      <trkpt lat="37.60118" lon="-122.0762">
        <ele>4.2</ele>
      </trkpt>
      <trkpt lat="37.60103" lon="-122.07594">
        <ele>4.0</ele>
      </trkpt>
      <trkpt lat="37.60089" lon="-122.07575">
        <ele>3.9</ele>
      </trkpt>
      <trkpt lat="37.60081" lon="-122.07552">
        <ele>3.9</ele>
      </trkpt>
      <trkpt lat="37.60068" lon="-122.0753">
        <ele>3.9</ele>
      </trkpt>
      <trkpt lat="37.60052" lon="-122.07479">
        <ele>4.1</ele>
      </trkpt>
      <trkpt lat="37.60048" lon="-122.07462">
        <ele>4.1</ele>
      </trkpt>
      <trkpt lat="37.60047" lon="-122.07442">
        <ele>4.1</ele>
      </trkpt>
      <trkpt lat="37.60042" lon="-122.07403">
        <ele>4.2</ele>
      </trkpt>
      <trkpt lat="37.60036" lon="-122.07384">
        <ele>4.2</ele>
      </trkpt>
      <trkpt lat="37.60028" lon="-122.07364">
        <ele>4.0</ele>
      </trkpt>
      <trkpt lat="37.60025" lon="-122.07345">
        <ele>3.9</ele>
      </trkpt>
      <trkpt lat="37.60019" lon="-122.07322">
        <ele>3.9</ele>
      </trkpt>
      <trkpt lat="37.6001" lon="-122.07311">
        <ele>3.9</ele>
      </trkpt>
      <trkpt lat="37.6" lon="-122.07285">
        <ele>4.0</ele>
      </trkpt>
      <trkpt lat="37.59993" lon="-122.07276">
        <ele>4.0</ele>
      </trkpt>
      <trkpt lat="37.59988" lon="-122.07259">
        <ele>4.1</ele>
      </trkpt>
      <trkpt lat="37.5998" lon="-122.0724">
        <ele>4.2</ele>
      </trkpt>
      <trkpt lat="37.59966" lon="-122.07216">
        <ele>4.3</ele>
      </trkpt>
      <trkpt lat="37.59953" lon="-122.07199">
        <ele>4.2</ele>
      </trkpt>
      <trkpt lat="37.59935" lon="-122.07181">
        <ele>4.0</ele>
      </trkpt>
      <trkpt lat="37.59925" lon="-122.07173">
        <ele>4.0</ele>
      </trkpt>
      <trkpt lat="37.59883" lon="-122.07165">
        <ele>4.5</ele>
      </trkpt>
      <trkpt lat="37.5987" lon="-122.0716">
        <ele>4.8</ele>
      </trkpt>
      <trkpt lat="37.59823" lon="-122.07157">
        <ele>5.2</ele>
      </trkpt>
      <trkpt lat="37.59767" lon="-122.07156">
        <ele>5.2</ele>
      </trkpt>
      <trkpt lat="37.59726" lon="-122.07157">
        <ele>5.2</ele>
      </trkpt>
      <trkpt lat="37.59713" lon="-122.07153">
        <ele>5.3</ele>
      </trkpt>
      <trkpt lat="37.59709" lon="-122.07131">
        <ele>5.4</ele>
      </trkpt>
      <trkpt lat="37.5971" lon="-122.07126">
        <ele>5.3</ele>
      </trkpt>
      <trkpt lat="37.59687" lon="-122.07118">
        <ele>5.3</ele>
      </trkpt>
      <trkpt lat="37.59693" lon="-122.07104">
        <ele>5.3</ele>
      </trkpt>
      <trkpt lat="37.59714" lon="-122.07048">
        <ele>5.4</ele>
      </trkpt>
      <trkpt lat="37.59734" lon="-122.06992">
        <ele>5.4</ele>
      </trkpt>
      <trkpt lat="37.59753" lon="-122.0691">
        <ele>5.4</ele>
      </trkpt>
      <trkpt lat="37.59771" lon="-122.06827">
        <ele>5.4</ele>
      </trkpt>
      <trkpt lat="37.59778" lon="-122.06798">
        <ele>5.4</ele>
      </trkpt>
      <trkpt lat="37.59778" lon="-122.06798">
        <ele>5.4</ele>
      </trkpt>
      <trkpt lat="37.59795" lon="-122.0673">
        <ele>5.4</ele>
      </trkpt>
      <trkpt lat="37.59803" lon="-122.06694">
        <ele>5.4</ele>
      </trkpt>
      <trkpt lat="37.59805" lon="-122.06677">
        <ele>5.4</ele>
      </trkpt>
      <trkpt lat="37.59806" lon="-122.06666">
        <ele>5.4</ele>
      </trkpt>
      <trkpt lat="37.59794" lon="-122.06663">
        <ele>5.4</ele>
      </trkpt>
      <trkpt lat="37.59773" lon="-122.0665">
        <ele>5.3</ele>
      </trkpt>
      <trkpt lat="37.5977" lon="-122.06642">
        <ele>5.3</ele>
      </trkpt>
      <trkpt lat="37.59711" lon="-122.066">
        <ele>5.2</ele>
      </trkpt>
      <trkpt lat="37.59689" lon="-122.06561">
        <ele>5.2</ele>
      </trkpt>
      <trkpt lat="37.59699" lon="-122.06553">
        <ele>5.3</ele>
      </trkpt>
      <trkpt lat="37.59713" lon="-122.06528">
        <ele>5.2</ele>
      </trkpt>
      <trkpt lat="37.59713" lon="-122.06525">
        <ele>5.2</ele>
      </trkpt>
      <trkpt lat="37.59713" lon="-122.06525">
        <ele>5.2</ele>
      </trkpt>
      <trkpt lat="37.59716" lon="-122.06506">
        <ele>5.2</ele>
      </trkpt>
      <trkpt lat="37.59724" lon="-122.06411">
        <ele>5.3</ele>
      </trkpt>
      <trkpt lat="37.59728" lon="-122.0637">
        <ele>5.3</ele>
      </trkpt>
      <trkpt lat="37.59721" lon="-122.06336">
        <ele>5.3</ele>
      </trkpt>
      <trkpt lat="37.59685" lon="-122.06235">
        <ele>6.7</ele>
      </trkpt>
      <trkpt lat="37.59679" lon="-122.06223">
        <ele>6.7</ele>
      </trkpt>
      <trkpt lat="37.59671" lon="-122.06213">
        <ele>6.7</ele>
      </trkpt>
      <trkpt lat="37.59655" lon="-122.06199">
        <ele>6.6</ele>
      </trkpt>
      <trkpt lat="37.59606" lon="-122.0617">
        <ele>5.5</ele>
      </trkpt>
      <trkpt lat="37.59592" lon="-122.06158">
        <ele>5.4</ele>
      </trkpt>
      <trkpt lat="37.59585" lon="-122.06151">
        <ele>5.4</ele>
      </trkpt>
      <trkpt lat="37.59577" lon="-122.06138">
        <ele>5.4</ele>
      </trkpt>
      <trkpt lat="37.59571" lon="-122.06123">
        <ele>5.4</ele>
      </trkpt>
      <trkpt lat="37.59555" lon="-122.06067">
        <ele>5.5</ele>
      </trkpt>
      <trkpt lat="37.59539" lon="-122.0601">
        <ele>5.7</ele>
      </trkpt>
      <trkpt lat="37.59548" lon="-122.06007">
        <ele>5.5</ele>
      </trkpt>
      <trkpt lat="37.59555" lon="-122.06002">
        <ele>5.5</ele>
      </trkpt>
      <trkpt lat="37.59559" lon="-122.05998">
        <ele>5.4</ele>
      </trkpt>
      <trkpt lat="37.59561" lon="-122.05988">
        <ele>5.4</ele>
      </trkpt>
      <trkpt lat="37.59553" lon="-122.05924">
        <ele>5.6</ele>
      </trkpt>
      <trkpt lat="37.59553" lon="-122.05924">
        <ele>5.6</ele>
      </trkpt>
      <trkpt lat="37.59549" lon="-122.05896">
        <ele>6.4</ele>
      </trkpt>
      <trkpt lat="37.59569" lon="-122.05828">
        <ele>5.6</ele>
      </trkpt>
      <trkpt lat="37.59577" lon="-122.05812">
        <ele>5.5</ele>
      </trkpt>
      <trkpt lat="37.59585" lon="-122.05764">
        <ele>5.4</ele>
      </trkpt>
      <trkpt lat="37.59593" lon="-122.05692">
        <ele>5.4</ele>
      </trkpt>
      <trkpt lat="37.59598" lon="-122.05639">
        <ele>5.6</ele>
      </trkpt>
      <trkpt lat="37.59599" lon="-122.05589">
        <ele>5.9</ele>
      </trkpt>
      <trkpt lat="37.59595" lon="-122.05549">
        <ele>6.9</ele>
      </trkpt>
      <trkpt lat="37.59593" lon="-122.05533">
        <ele>6.9</ele>
      </trkpt>
      <trkpt lat="37.59592" lon="-122.05512">
        <ele>6.9</ele>
      </trkpt>
      <trkpt lat="37.59584" lon="-122.05491">
        <ele>6.9</ele>
      </trkpt>
      <trkpt lat="37.59566" lon="-122.05448">
        <ele>6.9</ele>
      </trkpt>
      <trkpt lat="37.59556" lon="-122.05432">
        <ele>6.9</ele>
      </trkpt>
      <trkpt lat="37.59531" lon="-122.05399">
        <ele>6.9</ele>
      </trkpt>
      <trkpt lat="37.59518" lon="-122.05391">
        <ele>6.9</ele>
      </trkpt>
      <trkpt lat="37.59507" lon="-122.05388">
        <ele>6.9</ele>
      </trkpt>
      <trkpt lat="37.59495" lon="-122.05391">
        <ele>6.9</ele>
      </trkpt>
      <trkpt lat="37.59466" lon="-122.05405">
        <ele>6.9</ele>
      </trkpt>
      <trkpt lat="37.59449" lon="-122.05408">
        <ele>6.9</ele>
      </trkpt>
      <trkpt lat="37.59433" lon="-122.05406">
        <ele>6.9</ele>
      </trkpt>
      <trkpt lat="37.59413" lon="-122.054">
        <ele>6.9</ele>
      </trkpt>
      <trkpt lat="37.59395" lon="-122.05387">
        <ele>6.9</ele>
      </trkpt>
      <trkpt lat="37.5937" lon="-122.05365">
        <ele>6.9</ele>
      </trkpt>
      <trkpt lat="37.59349" lon="-122.05343">
        <ele>6.9</ele>
      </trkpt>
      <trkpt lat="37.59343" lon="-122.05333">
        <ele>6.9</ele>
      </trkpt>
      <trkpt lat="37.5934" lon="-122.05318">
        <ele>6.9</ele>
      </trkpt>
      <trkpt lat="37.59338" lon="-122.053">
        <ele>6.9</ele>
      </trkpt>
      <trkpt lat="37.59324" lon="-122.05242">
        <ele>6.9</ele>
      </trkpt>
      <trkpt lat="37.59319" lon="-122.05226">
        <ele>6.9</ele>
      </trkpt>
      <trkpt lat="37.59311" lon="-122.05208">
        <ele>6.9</ele>
      </trkpt>
      <trkpt lat="37.59299" lon="-122.05187">
        <ele>6.9</ele>
      </trkpt>
      <trkpt lat="37.59285" lon="-122.0515">
        <ele>6.9</ele>
      </trkpt>
      <trkpt lat="37.59273" lon="-122.05124">
        <ele>6.9</ele>
      </trkpt>
      <trkpt lat="37.59263" lon="-122.05109">
        <ele>6.9</ele>
      </trkpt>
      <trkpt lat="37.59254" lon="-122.05091">
        <ele>6.9</ele>
      </trkpt>
      <trkpt lat="37.59246" lon="-122.05072">
        <ele>6.9</ele>
      </trkpt>
      <trkpt lat="37.5924" lon="-122.05056">
        <ele>6.9</ele>
      </trkpt>
      <trkpt lat="37.59239" lon="-122.05052">
        <ele>6.9</ele>
      </trkpt>
      <trkpt lat="37.59213" lon="-122.05063">
        <ele>6.9</ele>
      </trkpt>
      <trkpt lat="37.59189" lon="-122.0508">
        <ele>7.0</ele>
      </trkpt>
      <trkpt lat="37.59154" lon="-122.05098">
        <ele>7.0</ele>
      </trkpt>
      <trkpt lat="37.59139" lon="-122.05102">
        <ele>6.9</ele>
      </trkpt>
      <trkpt lat="37.59124" lon="-122.05097">
        <ele>7.0</ele>
      </trkpt>
      <trkpt lat="37.5911" lon="-122.05089">
        <ele>7.2</ele>
      </trkpt>
      <trkpt lat="37.59088" lon="-122.05071">
        <ele>8.9</ele>
      </trkpt>
      <trkpt lat="37.5907" lon="-122.05053">
        <ele>8.9</ele>
      </trkpt>
      <trkpt lat="37.59062" lon="-122.05044">
        <ele>9.0</ele>
      </trkpt>
      <trkpt lat="37.59049" lon="-122.05018">
        <ele>9.9</ele>
      </trkpt>
      <trkpt lat="37.58992" lon="-122.04949">
        <ele>9.4</ele>
      </trkpt>
      <trkpt lat="37.58986" lon="-122.0494">
        <ele>9.1</ele>
      </trkpt>
      <trkpt lat="37.58984" lon="-122.04934">
        <ele>9.2</ele>
      </trkpt>
      <trkpt lat="37.58982" lon="-122.04927">
        <ele>9.6</ele>
      </trkpt>
      <trkpt lat="37.58982" lon="-122.04919">
        <ele>9.9</ele>
      </trkpt>
      <trkpt lat="37.58991" lon="-122.04838">
        <ele>9.7</ele>
      </trkpt>
      <trkpt lat="37.5899" lon="-122.04828">
        <ele>9.7</ele>
      </trkpt>
      <trkpt lat="37.58981" lon="-122.04798">
        <ele>9.8</ele>
      </trkpt>
      <trkpt lat="37.58976" lon="-122.0477">
        <ele>9.8</ele>
      </trkpt>
      <trkpt lat="37.58976" lon="-122.04756">
        <ele>9.7</ele>
      </trkpt>
      <trkpt lat="37.58977" lon="-122.04747">
        <ele>9.7</ele>
      </trkpt>
      <trkpt lat="37.58973" lon="-122.04739">
        <ele>9.7</ele>
      </trkpt>
      <trkpt lat="37.58963" lon="-122.04728">
        <ele>9.8</ele>
      </trkpt>
      <trkpt lat="37.58955" lon="-122.04718">
        <ele>9.9</ele>
      </trkpt>
      <trkpt lat="37.58932" lon="-122.04677">
        <ele>10.1</ele>
      </trkpt>
      <trkpt lat="37.58883" lon="-122.04641">
        <ele>10.4</ele>
      </trkpt>
      <trkpt lat="37.58883" lon="-122.04641">
        <ele>10.4</ele>
      </trkpt>
      <trkpt lat="37.5888" lon="-122.04638">
        <ele>10.5</ele>
      </trkpt>
      <trkpt lat="37.58864" lon="-122.04631">
        <ele>10.3</ele>
      </trkpt>
      <trkpt lat="37.58854" lon="-122.04617">
        <ele>10.3</ele>
      </trkpt>
      <trkpt lat="37.58849" lon="-122.04601">
        <ele>10.0</ele>
      </trkpt>
      <trkpt lat="37.58839" lon="-122.04593">
        <ele>10.0</ele>
      </trkpt>
      <trkpt lat="37.58806" lon="-122.04579">
        <ele>9.0</ele>
      </trkpt>
      <trkpt lat="37.58787" lon="-122.04569">
        <ele>7.8</ele>
      </trkpt>
      <trkpt lat="37.58781" lon="-122.04563">
        <ele>7.7</ele>
      </trkpt>
      <trkpt lat="37.5878" lon="-122.04534">
        <ele>8.1</ele>
      </trkpt>
      <trkpt lat="37.58776" lon="-122.04524">
        <ele>8.0</ele>
      </trkpt>
      <trkpt lat="37.58767" lon="-122.04554">
        <ele>7.5</ele>
      </trkpt>
      <trkpt lat="37.58746" lon="-122.04627">
        <ele>7.0</ele>
      </trkpt>
      <trkpt lat="37.58731" lon="-122.04667">
        <ele>7.2</ele>
      </trkpt>
      <trkpt lat="37.5872" lon="-122.04695">
        <ele>7.3</ele>
      </trkpt>
      <trkpt lat="37.58683" lon="-122.04766">
        <ele>7.7</ele>
      </trkpt>
      <trkpt lat="37.58664" lon="-122.048">
        <ele>7.7</ele>
      </trkpt>
      <trkpt lat="37.58641" lon="-122.04831">
        <ele>7.6</ele>
      </trkpt>
      <trkpt lat="37.58614" lon="-122.04867">
        <ele>7.5</ele>
      </trkpt>
      <trkpt lat="37.58567" lon="-122.0492">
        <ele>7.5</ele>
      </trkpt>
      <trkpt lat="37.58556" lon="-122.04931">
        <ele>7.5</ele>
      </trkpt>
      <trkpt lat="37.58509" lon="-122.04972">
        <ele>7.3</ele>
      </trkpt>
      <trkpt lat="37.58462" lon="-122.05013">
        <ele>7.5</ele>
      </trkpt>
      <trkpt lat="37.58438" lon="-122.05023">
        <ele>7.5</ele>
      </trkpt>
      <trkpt lat="37.5842" lon="-122.05029">
        <ele>7.2</ele>
      </trkpt>
      <trkpt lat="37.58399" lon="-122.05043">
        <ele>7.5</ele>
      </trkpt>
      <trkpt lat="37.58387" lon="-122.05054">
        <ele>7.8</ele>
      </trkpt>
      <trkpt lat="37.58369" lon="-122.05075">
        <ele>8.5</ele>
      </trkpt>
      <trkpt lat="37.58354" lon="-122.05095">
        <ele>8.1</ele>
      </trkpt>
      <trkpt lat="37.58339" lon="-122.05113">
        <ele>7.4</ele>
      </trkpt>
      <trkpt lat="37.58296" lon="-122.05149">
        <ele>6.7</ele>
      </trkpt>
      <trkpt lat="37.58262" lon="-122.05176">
        <ele>6.4</ele>
      </trkpt>
      <trkpt lat="37.58252" lon="-122.05186">
        <ele>6.3</ele>
      </trkpt>
      <trkpt lat="37.58203" lon="-122.05225">
        <ele>6.0</ele>
      </trkpt>
      <trkpt lat="37.58154" lon="-122.05264">
        <ele>5.9</ele>
      </trkpt>
      <trkpt lat="37.58116" lon="-122.05285">
        <ele>6.2</ele>
      </trkpt>
      <trkpt lat="37.5809" lon="-122.05301">
        <ele>6.1</ele>
      </trkpt>
      <trkpt lat="37.5808" lon="-122.05314">
        <ele>6.0</ele>
      </trkpt>
      <trkpt lat="37.58064" lon="-122.05336">
        <ele>5.8</ele>
      </trkpt>
      <trkpt lat="37.58095" lon="-122.05337">
        <ele>6.0</ele>
      </trkpt>
      <trkpt lat="37.58099" lon="-122.05334">
        <ele>6.0</ele>
      </trkpt>
      <trkpt lat="37.5809" lon="-122.05316">
        <ele>6.1</ele>
      </trkpt>
      <trkpt lat="37.58064" lon="-122.05262">
        <ele>6.4</ele>
      </trkpt>
      <trkpt lat="37.58038" lon="-122.05208">
        <ele>6.7</ele>
      </trkpt>
      <trkpt lat="37.58035" lon="-122.05201">
        <ele>6.8</ele>
      </trkpt>
      <trkpt lat="37.58031" lon="-122.05208">
        <ele>6.8</ele>
      </trkpt>
      <trkpt lat="37.58031" lon="-122.05211">
        <ele>6.8</ele>
      </trkpt>
      <trkpt lat="37.58032" lon="-122.05216">
        <ele>6.9</ele>
      </trkpt>
      <trkpt lat="37.58032" lon="-122.05219">
        <ele>6.9</ele>
      </trkpt>
      <trkpt lat="37.58031" lon="-122.05222">
        <ele>6.9</ele>
      </trkpt>
      <trkpt lat="37.5801" lon="-122.05243">
        <ele>6.3</ele>
      </trkpt>
      <trkpt lat="37.57997" lon="-122.05252">
        <ele>6.2</ele>
      </trkpt>
      <trkpt lat="37.57976" lon="-122.05272">
        <ele>6.2</ele>
      </trkpt>
      <trkpt lat="37.57938" lon="-122.05318">
        <ele>6.4</ele>
      </trkpt>
      <trkpt lat="37.57919" lon="-122.05343">
        <ele>6.9</ele>
      </trkpt>
      <trkpt lat="37.57893" lon="-122.05379">
        <ele>6.8</ele>
      </trkpt>
      <trkpt lat="37.57866" lon="-122.05423">
        <ele>6.7</ele>
      </trkpt>
      <trkpt lat="37.57834" lon="-122.05481">
        <ele>6.6</ele>
      </trkpt>
      <trkpt lat="37.57801" lon="-122.05538">
        <ele>6.5</ele>
      </trkpt>
      <trkpt lat="37.57781" lon="-122.05576">
        <ele>6.4</ele>
      </trkpt>
      <trkpt lat="37.57733" lon="-122.05655">
        <ele>5.7</ele>
      </trkpt>
      <trkpt lat="37.57708" lon="-122.05687">
        <ele>5.5</ele>
      </trkpt>
      <trkpt lat="37.57692" lon="-122.05705">
        <ele>5.6</ele>
      </trkpt>
      <trkpt lat="37.57692" lon="-122.05705">
        <ele>5.6</ele>
      </trkpt>
      <trkpt lat="37.57664" lon="-122.05733">
        <ele>5.7</ele>
      </trkpt>
      <trkpt lat="37.57621" lon="-122.0577">
        <ele>5.6</ele>
      </trkpt>
      <trkpt lat="37.57571" lon="-122.05812">
        <ele>5.4</ele>
      </trkpt>
      <trkpt lat="37.5752" lon="-122.05855">
        <ele>5.0</ele>
      </trkpt>
      <trkpt lat="37.5747" lon="-122.05898">
        <ele>4.5</ele>
      </trkpt>
      <trkpt lat="37.57428" lon="-122.05936">
        <ele>4.0</ele>
      </trkpt>
      <trkpt lat="37.57383" lon="-122.05973">
        <ele>4.7</ele>
      </trkpt>
      <trkpt lat="37.57372" lon="-122.05992">
        <ele>5.2</ele>
      </trkpt>
      <trkpt lat="37.57358" lon="-122.06009">
        <ele>7.3</ele>
      </trkpt>
      <trkpt lat="37.57336" lon="-122.06023">
        <ele>7.4</ele>
      </trkpt>
      <trkpt lat="37.57317" lon="-122.0603">
        <ele>6.4</ele>
      </trkpt>
      <trkpt lat="37.5725" lon="-122.06085">
        <ele>4.9</ele>
      </trkpt>
      <trkpt lat="37.57184" lon="-122.0614">
        <ele>4.6</ele>
      </trkpt>
      <trkpt lat="37.57117" lon="-122.06194">
        <ele>4.4</ele>
      </trkpt>
      <trkpt lat="37.5705" lon="-122.06249">
        <ele>4.4</ele>
      </trkpt>
      <trkpt lat="37.56984" lon="-122.06303">
        <ele>4.2</ele>
      </trkpt>
      <trkpt lat="37.56909" lon="-122.06365">
        <ele>3.9</ele>
      </trkpt>
      <trkpt lat="37.56835" lon="-122.06427">
        <ele>3.8</ele>
      </trkpt>
      <trkpt lat="37.5676" lon="-122.06489">
        <ele>4.0</ele>
      </trkpt>
      <trkpt lat="37.56685" lon="-122.06551">
        <ele>4.2</ele>
      </trkpt>
      <trkpt lat="37.5661" lon="-122.06613">
        <ele>4.4</ele>
      </trkpt>
      <trkpt lat="37.56536" lon="-122.06675">
        <ele>4.9</ele>
      </trkpt>
      <trkpt lat="37.56531" lon="-122.06679">
        <ele>5.0</ele>
      </trkpt>
      <trkpt lat="37.56521" lon="-122.06697">
        <ele>5.1</ele>
      </trkpt>
      <trkpt lat="37.56513" lon="-122.06707">
        <ele>5.3</ele>
      </trkpt>
      <trkpt lat="37.56496" lon="-122.06722">
        <ele>5.4</ele>
      </trkpt>
      <trkpt lat="37.56487" lon="-122.06727">
        <ele>5.2</ele>
      </trkpt>
      <trkpt lat="37.56463" lon="-122.06736">
        <ele>4.1</ele>
      </trkpt>
      <trkpt lat="37.56434" lon="-122.06764">
        <ele>4.0</ele>
      </trkpt>
      <trkpt lat="37.56382" lon="-122.06828">
        <ele>3.8</ele>
      </trkpt>
      <trkpt lat="37.56329" lon="-122.06917">
        <ele>3.8</ele>
      </trkpt>
      <trkpt lat="37.56297" lon="-122.06984">
        <ele>3.8</ele>
      </trkpt>
      <trkpt lat="37.56278" lon="-122.07045">
        <ele>3.8</ele>
      </trkpt>
      <trkpt lat="37.5626" lon="-122.07119">
        <ele>3.8</ele>
      </trkpt>
      <trkpt lat="37.56241" lon="-122.07194">
        <ele>3.8</ele>
      </trkpt>
      <trkpt lat="37.56218" lon="-122.07277">
        <ele>3.8</ele>
      </trkpt>
      <trkpt lat="37.56196" lon="-122.07359">
        <ele>3.8</ele>
      </trkpt>
      <trkpt lat="37.56173" lon="-122.07442">
        <ele>3.8</ele>
      </trkpt>
      <trkpt lat="37.56154" lon="-122.07545">
        <ele>3.8</ele>
      </trkpt>
      <trkpt lat="37.56134" lon="-122.07648">
        <ele>3.8</ele>
      </trkpt>
      <trkpt lat="37.56122" lon="-122.0771">
        <ele>3.8</ele>
      </trkpt>
      <trkpt lat="37.56108" lon="-122.07788">
        <ele>3.7</ele>
      </trkpt>
      <trkpt lat="37.56093" lon="-122.07865">
        <ele>3.6</ele>
      </trkpt>
      <trkpt lat="37.56079" lon="-122.07943">
        <ele>3.3</ele>
      </trkpt>
      <trkpt lat="37.5607" lon="-122.0802">
        <ele>2.8</ele>
      </trkpt>
      <trkpt lat="37.56066" lon="-122.08105">
        <ele>3.1</ele>
      </trkpt>
      <trkpt lat="37.56067" lon="-122.08158">
        <ele>2.8</ele>
      </trkpt>
      <trkpt lat="37.56071" lon="-122.08216">
        <ele>3.3</ele>
      </trkpt>
      <trkpt lat="37.56075" lon="-122.08274">
        <ele>3.5</ele>
      </trkpt>
      <trkpt lat="37.56087" lon="-122.08386">
        <ele>3.6</ele>
      </trkpt>
      <trkpt lat="37.56099" lon="-122.08498">
        <ele>3.1</ele>
      </trkpt>
      <trkpt lat="37.56111" lon="-122.08609">
        <ele>3.8</ele>
      </trkpt>
      <trkpt lat="37.56123" lon="-122.08721">
        <ele>3.8</ele>
      </trkpt>
      <trkpt lat="37.56136" lon="-122.08833">
        <ele>3.8</ele>
      </trkpt>
      <trkpt lat="37.56148" lon="-122.08945">
        <ele>3.8</ele>
      </trkpt>
      <trkpt lat="37.5616" lon="-122.09056">
        <ele>3.8</ele>
      </trkpt>
      <trkpt lat="37.56172" lon="-122.09168">
        <ele>3.8</ele>
      </trkpt>
      <trkpt lat="37.56193" lon="-122.09266">
        <ele>4.0</ele>
      </trkpt>
      <trkpt lat="37.56222" lon="-122.09358">
        <ele>4.0</ele>
      </trkpt>
      <trkpt lat="37.5625" lon="-122.09449">
        <ele>3.9</ele>
      </trkpt>
      <trkpt lat="37.56279" lon="-122.09541">
        <ele>3.9</ele>
      </trkpt>
      <trkpt lat="37.56308" lon="-122.09633">
        <ele>3.8</ele>
      </trkpt>
      <trkpt lat="37.56317" lon="-122.09651">
        <ele>3.6</ele>
      </trkpt>
      <trkpt lat="37.56322" lon="-122.09674">
        <ele>3.8</ele>
      </trkpt>
      <trkpt lat="37.56318" lon="-122.09692">
        <ele>4.2</ele>
      </trkpt>
      <trkpt lat="37.56309" lon="-122.09709">
        <ele>5.8</ele>
      </trkpt>
      <trkpt lat="37.56301" lon="-122.09732">
        <ele>4.9</ele>
      </trkpt>
      <trkpt lat="37.563" lon="-122.09747">
        <ele>4.6</ele>
      </trkpt>
      <trkpt lat="37.56331" lon="-122.09848">
        <ele>4.0</ele>
      </trkpt>
      <trkpt lat="37.56363" lon="-122.09948">
        <ele>3.8</ele>
      </trkpt>
      <trkpt lat="37.56395" lon="-122.10049">
        <ele>3.8</ele>
      </trkpt>
      <trkpt lat="37.56427" lon="-122.1015">
        <ele>3.8</ele>
      </trkpt>
      <trkpt lat="37.56458" lon="-122.1025">
        <ele>3.8</ele>
      </trkpt>
      <trkpt lat="37.5649" lon="-122.10351">
        <ele>3.9</ele>
      </trkpt>
      <trkpt lat="37.56522" lon="-122.10452">
        <ele>3.9</ele>
      </trkpt>
      <trkpt lat="37.56554" lon="-122.10552">
        <ele>3.9</ele>
      </trkpt>
      <trkpt lat="37.56585" lon="-122.10653">
        <ele>3.9</ele>
      </trkpt>
      <trkpt lat="37.56617" lon="-122.10754">
        <ele>3.8</ele>
      </trkpt>
      <trkpt lat="37.56649" lon="-122.10854">
        <ele>3.8</ele>
      </trkpt>
      <trkpt lat="37.56682" lon="-122.10957">
        <ele>3.8</ele>
      </trkpt>
      <trkpt lat="37.56716" lon="-122.11061">
        <ele>3.7</ele>
      </trkpt>
      <trkpt lat="37.56749" lon="-122.11164">
        <ele>3.7</ele>
      </trkpt>
      <trkpt lat="37.56783" lon="-122.11267">
        <ele>3.7</ele>
      </trkpt>
      <trkpt lat="37.56817" lon="-122.11353">
        <ele>3.7</ele>
      </trkpt>
      <trkpt lat="37.5685" lon="-122.11439">
        <ele>3.7</ele>
      </trkpt>
      <trkpt lat="37.56884" lon="-122.11526">
        <ele>3.8</ele>
      </trkpt>
      <trkpt lat="37.56918" lon="-122.11612">
        <ele>3.9</ele>
      </trkpt>
      <trkpt lat="37.56951" lon="-122.11698">
        <ele>3.8</ele>
      </trkpt>
      <trkpt lat="37.5697" lon="-122.11755">
        <ele>3.8</ele>
      </trkpt>
      <trkpt lat="37.56986" lon="-122.11817">
        <ele>3.8</ele>
      </trkpt>
      <trkpt lat="37.57" lon="-122.11892">
        <ele>3.6</ele>
      </trkpt>
      <trkpt lat="37.57006" lon="-122.11959">
        <ele>3.6</ele>
      </trkpt>
      <trkpt lat="37.57006" lon="-122.12032">
        <ele>3.8</ele>
      </trkpt>
      <trkpt lat="37.56999" lon="-122.12107">
        <ele>4.0</ele>
      </trkpt>
      <trkpt lat="37.56988" lon="-122.12176">
        <ele>4.1</ele>
      </trkpt>
      <trkpt lat="37.56976" lon="-122.12231">
        <ele>4.2</ele>
      </trkpt>
      <trkpt lat="37.56956" lon="-122.12288">
        <ele>4.1</ele>
      </trkpt>
      <trkpt lat="37.56936" lon="-122.12345">
        <ele>4.0</ele>
      </trkpt>
      <trkpt lat="37.56914" lon="-122.12392">
        <ele>4.0</ele>
      </trkpt>
      <trkpt lat="37.56893" lon="-122.12433">
        <ele>4.0</ele>
      </trkpt>
      <trkpt lat="37.56867" lon="-122.12473">
        <ele>3.9</ele>
      </trkpt>
      <trkpt lat="37.56838" lon="-122.12513">
        <ele>3.7</ele>
      </trkpt>
      <trkpt lat="37.56784" lon="-122.12575">
        <ele>2.7</ele>
      </trkpt>
      <trkpt lat="37.56725" lon="-122.12623">
        <ele>0.0</ele>
      </trkpt>
      <trkpt lat="37.56666" lon="-122.12672">
        <ele>0.0</ele>
      </trkpt>
      <trkpt lat="37.56608" lon="-122.1272">
        <ele>0.0</ele>
      </trkpt>
      <trkpt lat="37.56549" lon="-122.12769">
        <ele>0.0</ele>
      </trkpt>
      <trkpt lat="37.56549" lon="-122.12769">
        <ele>0.0</ele>
      </trkpt>
      <trkpt lat="37.5649" lon="-122.12818">
        <ele>0.7</ele>
      </trkpt>
      <trkpt lat="37.5643" lon="-122.12867">
        <ele>0.5</ele>
      </trkpt>
      <trkpt lat="37.56371" lon="-122.12916">
        <ele>0.1</ele>
      </trkpt>
      <trkpt lat="37.56356" lon="-122.12927">
        <ele>0.0</ele>
      </trkpt>
      <trkpt lat="37.56349" lon="-122.12928">
        <ele>0.0</ele>
      </trkpt>
      <trkpt lat="37.56328" lon="-122.1291">
        <ele>0.3</ele>
      </trkpt>
      <trkpt lat="37.56277" lon="-122.12887">
        <ele>1.3</ele>
      </trkpt>
      <trkpt lat="37.56267" lon="-122.12885">
        <ele>0.5</ele>
      </trkpt>
      <trkpt lat="37.56239" lon="-122.12874">
        <ele>0.6</ele>
      </trkpt>
      <trkpt lat="37.562" lon="-122.12865">
        <ele>0.5</ele>
      </trkpt>
      <trkpt lat="37.5619" lon="-122.1286">
        <ele>1.0</ele>
      </trkpt>
      <trkpt lat="37.56176" lon="-122.12859">
        <ele>1.1</ele>
      </trkpt>
      <trkpt lat="37.56137" lon="-122.12851">
        <ele>1.6</ele>
      </trkpt>
      <trkpt lat="37.56088" lon="-122.12825">
        <ele>1.6</ele>
      </trkpt>
      <trkpt lat="37.56078" lon="-122.12818">
        <ele>1.5</ele>
      </trkpt>
      <trkpt lat="37.56042" lon="-122.12799">
        <ele>1.3</ele>
      </trkpt>
      <trkpt lat="37.55991" lon="-122.12766">
        <ele>1.4</ele>
      </trkpt>
      <trkpt lat="37.55972" lon="-122.12756">
        <ele>1.4</ele>
      </trkpt>
      <trkpt lat="37.55936" lon="-122.12734">
        <ele>0.8</ele>
      </trkpt>
      <trkpt lat="37.55909" lon="-122.12714">
        <ele>1.3</ele>
      </trkpt>
      <trkpt lat="37.55833" lon="-122.1267">
        <ele>1.0</ele>
      </trkpt>
      <trkpt lat="37.55757" lon="-122.12626">
        <ele>0.6</ele>
      </trkpt>
      <trkpt lat="37.55703" lon="-122.1259">
        <ele>1.2</ele>
      </trkpt>
      <trkpt lat="37.55662" lon="-122.12566">
        <ele>1.6</ele>
      </trkpt>
      <trkpt lat="37.5562" lon="-122.12541">
        <ele>1.9</ele>
      </trkpt>
      <trkpt lat="37.5561" lon="-122.12534">
        <ele>1.9</ele>
      </trkpt>
      <trkpt lat="37.55597" lon="-122.12528">
        <ele>2.0</ele>
      </trkpt>
      <trkpt lat="37.55546" lon="-122.12496">
        <ele>2.5</ele>
      </trkpt>
      <trkpt lat="37.55527" lon="-122.12485">
        <ele>2.8</ele>
      </trkpt>
      <trkpt lat="37.55479" lon="-122.12454">
        <ele>3.7</ele>
      </trkpt>
      <trkpt lat="37.55427" lon="-122.12426">
        <ele>3.8</ele>
      </trkpt>
      <trkpt lat="37.55396" lon="-122.12405">
        <ele>3.8</ele>
      </trkpt>
      <trkpt lat="37.55392" lon="-122.12404">
        <ele>3.8</ele>
      </trkpt>
      <trkpt lat="37.55383" lon="-122.12397">
        <ele>3.8</ele>
      </trkpt>
      <trkpt lat="37.55315" lon="-122.12357">
        <ele>3.8</ele>
      </trkpt>
      <trkpt lat="37.55264" lon="-122.12324">
        <ele>3.8</ele>
      </trkpt>
      <trkpt lat="37.55216" lon="-122.12297">
        <ele>3.8</ele>
      </trkpt>
      <trkpt lat="37.55153" lon="-122.12255">
        <ele>3.8</ele>
      </trkpt>
      <trkpt lat="37.55084" lon="-122.12219">
        <ele>3.8</ele>
      </trkpt>
      <trkpt lat="37.55053" lon="-122.12196">
        <ele>3.8</ele>
      </trkpt>
      <trkpt lat="37.55014" lon="-122.12176">
        <ele>3.9</ele>
      </trkpt>
      <trkpt lat="37.54942" lon="-122.1213">
        <ele>3.9</ele>
      </trkpt>
      <trkpt lat="37.54871" lon="-122.12084">
        <ele>3.9</ele>
      </trkpt>
      <trkpt lat="37.54809" lon="-122.12049">
        <ele>3.9</ele>
      </trkpt>
      <trkpt lat="37.54748" lon="-122.12013">
        <ele>3.8</ele>
      </trkpt>
      <trkpt lat="37.54686" lon="-122.11977">
        <ele>3.8</ele>
      </trkpt>
      <trkpt lat="37.54673" lon="-122.11971">
        <ele>3.7</ele>
      </trkpt>
      <trkpt lat="37.5467" lon="-122.11957">
        <ele>3.7</ele>
      </trkpt>
      <trkpt lat="37.54665" lon="-122.11915">
        <ele>3.9</ele>
      </trkpt>
      <trkpt lat="37.54649" lon="-122.11874">
        <ele>3.4</ele>
      </trkpt>
      <trkpt lat="37.54644" lon="-122.11838">
        <ele>3.7</ele>
      </trkpt>
      <trkpt lat="37.54643" lon="-122.11742">
        <ele>3.8</ele>
      </trkpt>
      <trkpt lat="37.54642" lon="-122.11646">
        <ele>3.8</ele>
      </trkpt>
      <trkpt lat="37.54638" lon="-122.11624">
        <ele>3.8</ele>
      </trkpt>
      <trkpt lat="37.54584" lon="-122.116">
        <ele>3.8</ele>
      </trkpt>
      <trkpt lat="37.5453" lon="-122.11576">
        <ele>3.8</ele>
      </trkpt>
      <trkpt lat="37.54459" lon="-122.11541">
        <ele>3.8</ele>
      </trkpt>
      <trkpt lat="37.54389" lon="-122.11506">
        <ele>3.8</ele>
      </trkpt>
      <trkpt lat="37.54318" lon="-122.1147">
        <ele>3.8</ele>
      </trkpt>
      <trkpt lat="37.54248" lon="-122.11435">
        <ele>3.8</ele>
      </trkpt>
      <trkpt lat="37.54177" lon="-122.114">
        <ele>3.8</ele>
      </trkpt>
      <trkpt lat="37.54107" lon="-122.11365">
        <ele>3.8</ele>
      </trkpt>
      <trkpt lat="37.54107" lon="-122.11365">
        <ele>3.8</ele>
      </trkpt>
      <trkpt lat="37.5405" lon="-122.11336">
        <ele>3.8</ele>
      </trkpt>
      <trkpt lat="37.53993" lon="-122.11308">
        <ele>3.8</ele>
      </trkpt>
      <trkpt lat="37.53916" lon="-122.11269">
        <ele>3.8</ele>
      </trkpt>
      <trkpt lat="37.53838" lon="-122.11229">
        <ele>3.8</ele>
      </trkpt>
      <trkpt lat="37.53761" lon="-122.1119">
        <ele>3.8</ele>
      </trkpt>
      <trkpt lat="37.53684" lon="-122.11151">
        <ele>3.8</ele>
      </trkpt>
      <trkpt lat="37.53662" lon="-122.11141">
        <ele>3.8</ele>
      </trkpt>
      <trkpt lat="37.5365" lon="-122.11132">
        <ele>3.8</ele>
      </trkpt>
      <trkpt lat="37.53633" lon="-122.11121">
        <ele>3.8</ele>
      </trkpt>
      <trkpt lat="37.53621" lon="-122.11107">
        <ele>3.8</ele>
      </trkpt>
      <trkpt lat="37.53616" lon="-122.11089">
        <ele>3.8</ele>
      </trkpt>
      <trkpt lat="37.53601" lon="-122.11024">
        <ele>3.8</ele>
      </trkpt>
      <trkpt lat="37.53593" lon="-122.11002">
        <ele>3.8</ele>
      </trkpt>
      <trkpt lat="37.53575" lon="-122.10971">
        <ele>3.8</ele>
      </trkpt>
      <trkpt lat="37.53554" lon="-122.10938">
        <ele>3.8</ele>
      </trkpt>
      <trkpt lat="37.53532" lon="-122.10911">
        <ele>3.8</ele>
      </trkpt>
      <trkpt lat="37.5351" lon="-122.10891">
        <ele>3.8</ele>
      </trkpt>
      <trkpt lat="37.5349" lon="-122.10875">
        <ele>3.8</ele>
      </trkpt>
      <trkpt lat="37.53466" lon="-122.10857">
        <ele>3.8</ele>
      </trkpt>
      <trkpt lat="37.53444" lon="-122.10846">
        <ele>3.8</ele>
      </trkpt>
      <trkpt lat="37.53419" lon="-122.10835">
        <ele>3.8</ele>
      </trkpt>
      <trkpt lat="37.53364" lon="-122.10814">
        <ele>3.8</ele>
      </trkpt>
      <trkpt lat="37.53352" lon="-122.10811">
        <ele>3.8</ele>
      </trkpt>
      <trkpt lat="37.53343" lon="-122.10813">
        <ele>3.8</ele>
      </trkpt>
      <trkpt lat="37.53339" lon="-122.1082">
        <ele>3.8</ele>
      </trkpt>
      <trkpt lat="37.53325" lon="-122.10877">
        <ele>3.8</ele>
      </trkpt>
      <trkpt lat="37.53314" lon="-122.10943">
        <ele>3.7</ele>
      </trkpt>
      <trkpt lat="37.53302" lon="-122.1101">
        <ele>3.7</ele>
      </trkpt>
      <trkpt lat="37.53298" lon="-122.1102">
        <ele>3.7</ele>
      </trkpt>
      <trkpt lat="37.53291" lon="-122.11031">
        <ele>3.7</ele>
      </trkpt>
      <trkpt lat="37.5328" lon="-122.11043">
        <ele>3.8</ele>
      </trkpt>
      <trkpt lat="37.53251" lon="-122.11072">
        <ele>3.8</ele>
      </trkpt>
      <trkpt lat="37.53234" lon="-122.11088">
        <ele>3.8</ele>
      </trkpt>
      <trkpt lat="37.53199" lon="-122.11111">
        <ele>3.8</ele>
      </trkpt>
      <trkpt lat="37.53175" lon="-122.11125">
        <ele>3.8</ele>
      </trkpt>
      <trkpt lat="37.53141" lon="-122.11137">
        <ele>3.8</ele>
      </trkpt>
      <trkpt lat="37.53116" lon="-122.11151">
        <ele>3.8</ele>
      </trkpt>
      <trkpt lat="37.53095" lon="-122.11167">
        <ele>3.8</ele>
      </trkpt>
      <trkpt lat="37.53081" lon="-122.11175">
        <ele>3.8</ele>
      </trkpt>
      <trkpt lat="37.53024" lon="-122.11198">
        <ele>3.8</ele>
      </trkpt>
      <trkpt lat="37.53014" lon="-122.11202">
        <ele>3.8</ele>
      </trkpt>
      <trkpt lat="37.53006" lon="-122.11202">
        <ele>3.8</ele>
      </trkpt>
      <trkpt lat="37.52951" lon="-122.11183">
        <ele>3.8</ele>
      </trkpt>
      <trkpt lat="37.52897" lon="-122.11164">
        <ele>3.8</ele>
      </trkpt>
      <trkpt lat="37.52843" lon="-122.11153">
        <ele>3.8</ele>
      </trkpt>
      <trkpt lat="37.52756" lon="-122.11129">
        <ele>3.8</ele>
      </trkpt>
      <trkpt lat="37.52669" lon="-122.11105">
        <ele>3.8</ele>
      </trkpt>
      <trkpt lat="37.52581" lon="-122.11081">
        <ele>3.8</ele>
      </trkpt>
      <trkpt lat="37.52566" lon="-122.1108">
        <ele>3.8</ele>
      </trkpt>
      <trkpt lat="37.52551" lon="-122.11078">
        <ele>3.8</ele>
      </trkpt>
      <trkpt lat="37.52524" lon="-122.11066">
        <ele>3.8</ele>
      </trkpt>
      <trkpt lat="37.52496" lon="-122.1106">
        <ele>3.8</ele>
      </trkpt>
      <trkpt lat="37.52455" lon="-122.11056">
        <ele>3.8</ele>
      </trkpt>
      <trkpt lat="37.52425" lon="-122.11051">
        <ele>3.8</ele>
      </trkpt>
      <trkpt lat="37.52349" lon="-122.11044">
        <ele>3.8</ele>
      </trkpt>
      <trkpt lat="37.52266" lon="-122.11036">
        <ele>3.8</ele>
      </trkpt>
      <trkpt lat="37.52182" lon="-122.11027">
        <ele>3.8</ele>
      </trkpt>
      <trkpt lat="37.52099" lon="-122.11019">
        <ele>3.8</ele>
      </trkpt>
      <trkpt lat="37.52016" lon="-122.11011">
        <ele>3.8</ele>
      </trkpt>
      <trkpt lat="37.51932" lon="-122.11003">
        <ele>3.8</ele>
      </trkpt>
      <trkpt lat="37.51849" lon="-122.10994">
        <ele>3.8</ele>
      </trkpt>
      <trkpt lat="37.51763" lon="-122.10986">
        <ele>3.8</ele>
      </trkpt>
      <trkpt lat="37.51677" lon="-122.10978">
        <ele>3.8</ele>
      </trkpt>
      <trkpt lat="37.51653" lon="-122.10978">
        <ele>3.8</ele>
      </trkpt>
      <trkpt lat="37.51617" lon="-122.10981">
        <ele>3.8</ele>
      </trkpt>
      <trkpt lat="37.51574" lon="-122.10982">
        <ele>3.8</ele>
      </trkpt>
      <trkpt lat="37.51543" lon="-122.10984">
        <ele>3.8</ele>
      </trkpt>
      <trkpt lat="37.51471" lon="-122.10988">
        <ele>3.8</ele>
      </trkpt>
      <trkpt lat="37.51398" lon="-122.10991">
        <ele>3.8</ele>
      </trkpt>
      <trkpt lat="37.51326" lon="-122.10994">
        <ele>3.7</ele>
      </trkpt>
      <trkpt lat="37.51301" lon="-122.10992">
        <ele>3.1</ele>
      </trkpt>
      <trkpt lat="37.51296" lon="-122.10987">
        <ele>3.1</ele>
      </trkpt>
      <trkpt lat="37.51278" lon="-122.1097">
        <ele>2.4</ele>
      </trkpt>
      <trkpt lat="37.5126" lon="-122.10943">
        <ele>2.3</ele>
      </trkpt>
      <trkpt lat="37.51257" lon="-122.10937">
        <ele>2.3</ele>
      </trkpt>
      <trkpt lat="37.51247" lon="-122.10921">
        <ele>2.3</ele>
      </trkpt>
      <trkpt lat="37.51323" lon="-122.10867">
        <ele>2.3</ele>
      </trkpt>
      <trkpt lat="37.51399" lon="-122.10814">
        <ele>2.3</ele>
      </trkpt>
      <trkpt lat="37.51471" lon="-122.10762">
        <ele>2.3</ele>
      </trkpt>
      <trkpt lat="37.51544" lon="-122.1071">
        <ele>2.3</ele>
      </trkpt>
      <trkpt lat="37.51616" lon="-122.10658">
        <ele>2.3</ele>
      </trkpt>
      <trkpt lat="37.51689" lon="-122.10607">
        <ele>2.3</ele>
      </trkpt>
      <trkpt lat="37.51753" lon="-122.10562">
        <ele>2.3</ele>
      </trkpt>
      <trkpt lat="37.51816" lon="-122.10517">
        <ele>2.3</ele>
      </trkpt>
      <trkpt lat="37.51816" lon="-122.10517">
        <ele>2.3</ele>
      </trkpt>
      <trkpt lat="37.51883" lon="-122.10468">
        <ele>2.3</ele>
      </trkpt>
      <trkpt lat="37.51951" lon="-122.10419">
        <ele>2.3</ele>
      </trkpt>
      <trkpt lat="37.52018" lon="-122.1037">
        <ele>2.3</ele>
      </trkpt>
      <trkpt lat="37.52086" lon="-122.10322">
        <ele>2.3</ele>
      </trkpt>
      <trkpt lat="37.52121" lon="-122.10295">
        <ele>2.3</ele>
      </trkpt>
      <trkpt lat="37.52168" lon="-122.10257">
        <ele>2.3</ele>
      </trkpt>
      <trkpt lat="37.52202" lon="-122.10225">
        <ele>2.3</ele>
      </trkpt>
      <trkpt lat="37.52234" lon="-122.10193">
        <ele>2.3</ele>
      </trkpt>
      <trkpt lat="37.52266" lon="-122.10159">
        <ele>2.3</ele>
      </trkpt>
      <trkpt lat="37.52298" lon="-122.10123">
        <ele>2.3</ele>
      </trkpt>
      <trkpt lat="37.52359" lon="-122.10054">
        <ele>2.3</ele>
      </trkpt>
      <trkpt lat="37.52419" lon="-122.09984">
        <ele>2.3</ele>
      </trkpt>
      <trkpt lat="37.52479" lon="-122.09914">
        <ele>2.3</ele>
      </trkpt>
      <trkpt lat="37.5254" lon="-122.09844">
        <ele>2.3</ele>
      </trkpt>
      <trkpt lat="37.526" lon="-122.09775">
        <ele>2.3</ele>
      </trkpt>
      <trkpt lat="37.5266" lon="-122.09705">
        <ele>2.3</ele>
      </trkpt>
      <trkpt lat="37.5272" lon="-122.09635">
        <ele>2.3</ele>
      </trkpt>
      <trkpt lat="37.52781" lon="-122.09565">
        <ele>2.3</ele>
      </trkpt>
      <trkpt lat="37.52841" lon="-122.09495">
        <ele>2.3</ele>
      </trkpt>
      <trkpt lat="37.52901" lon="-122.09426">
        <ele>2.3</ele>
      </trkpt>
      <trkpt lat="37.52935" lon="-122.09385">
        <ele>2.3</ele>
      </trkpt>
      <trkpt lat="37.52972" lon="-122.09336">
        <ele>2.3</ele>
      </trkpt>
      <trkpt lat="37.53009" lon="-122.09284">
        <ele>2.3</ele>
      </trkpt>
      <trkpt lat="37.53038" lon="-122.09238">
        <ele>2.3</ele>
      </trkpt>
      <trkpt lat="37.53067" lon="-122.0919">
        <ele>2.2</ele>
      </trkpt>
      <trkpt lat="37.53094" lon="-122.09139">
        <ele>2.1</ele>
      </trkpt>
      <trkpt lat="37.53121" lon="-122.09085">
        <ele>2.1</ele>
      </trkpt>
      <trkpt lat="37.53146" lon="-122.09029">
        <ele>2.1</ele>
      </trkpt>
      <trkpt lat="37.53168" lon="-122.08976">
        <ele>2.2</ele>
      </trkpt>
      <trkpt lat="37.5319" lon="-122.08918">
        <ele>2.3</ele>
      </trkpt>
      <trkpt lat="37.53209" lon="-122.08859">
        <ele>2.3</ele>
      </trkpt>
      <trkpt lat="37.53225" lon="-122.08803">
        <ele>2.3</ele>
      </trkpt>
      <trkpt lat="37.5324" lon="-122.08746">
        <ele>2.3</ele>
      </trkpt>
      <trkpt lat="37.53254" lon="-122.08685">
        <ele>2.3</ele>
      </trkpt>
      <trkpt lat="37.53264" lon="-122.08631">
        <ele>2.3</ele>
      </trkpt>
      <trkpt lat="37.53272" lon="-122.08578">
        <ele>2.3</ele>
      </trkpt>
      <trkpt lat="37.53287" lon="-122.08481">
        <ele>2.3</ele>
      </trkpt>
      <trkpt lat="37.53302" lon="-122.08383">
        <ele>2.3</ele>
      </trkpt>
      <trkpt lat="37.53317" lon="-122.08285">
        <ele>2.3</ele>
      </trkpt>
      <trkpt lat="37.53332" lon="-122.08187">
        <ele>2.3</ele>
      </trkpt>
      <trkpt lat="37.53347" lon="-122.08089">
        <ele>2.3</ele>
      </trkpt>
      <trkpt lat="37.53362" lon="-122.07991">
        <ele>2.3</ele>
      </trkpt>
      <trkpt lat="37.53377" lon="-122.07893">
        <ele>2.3</ele>
      </trkpt>
      <trkpt lat="37.53392" lon="-122.07796">
        <ele>3.4</ele>
      </trkpt>
      <trkpt lat="37.53394" lon="-122.07764">
        <ele>4.1</ele>
      </trkpt>
      <trkpt lat="37.53393" lon="-122.07729">
        <ele>4.7</ele>
      </trkpt>
      <trkpt lat="37.53386" lon="-122.07653">
        <ele>5.2</ele>
      </trkpt>
      <trkpt lat="37.53381" lon="-122.0762">
        <ele>5.6</ele>
      </trkpt>
      <trkpt lat="37.53372" lon="-122.07589">
        <ele>5.6</ele>
      </trkpt>
      <trkpt lat="37.53353" lon="-122.07533">
        <ele>6.3</ele>
      </trkpt>
      <trkpt lat="37.53333" lon="-122.07477">
        <ele>6.9</ele>
      </trkpt>
      <trkpt lat="37.53366" lon="-122.0746">
        <ele>8.9</ele>
      </trkpt>
      <trkpt lat="37.53373" lon="-122.07455">
        <ele>11.6</ele>
      </trkpt>
      <trkpt lat="37.53389" lon="-122.07455">
        <ele>16.0</ele>
      </trkpt>
      <trkpt lat="37.53396" lon="-122.07457">
        <ele>17.6</ele>
      </trkpt>
      <trkpt lat="37.53399" lon="-122.07464">
        <ele>17.8</ele>
      </trkpt>
      <trkpt lat="37.53403" lon="-122.07477">
        <ele>17.9</ele>
      </trkpt>
      <trkpt lat="37.5341" lon="-122.07483">
        <ele>19.3</ele>
      </trkpt>
      <trkpt lat="37.53417" lon="-122.07482">
        <ele>21.9</ele>
      </trkpt>
      <trkpt lat="37.53425" lon="-122.0748">
        <ele>25.3</ele>
      </trkpt>
      <trkpt lat="37.53443" lon="-122.07467">
        <ele>32.8</ele>
      </trkpt>
      <trkpt lat="37.53456" lon="-122.07459">
        <ele>33.8</ele>
      </trkpt>
      <trkpt lat="37.5347" lon="-122.07458">
        <ele>32.0</ele>
      </trkpt>
      <trkpt lat="37.53484" lon="-122.07462">
        <ele>30.0</ele>
      </trkpt>
      <trkpt lat="37.53501" lon="-122.07476">
        <ele>31.1</ele>
      </trkpt>
      <trkpt lat="37.53543" lon="-122.07506">
        <ele>34.0</ele>
      </trkpt>
      <trkpt lat="37.53586" lon="-122.07535">
        <ele>36.9</ele>
      </trkpt>
      <trkpt lat="37.536" lon="-122.07541">
        <ele>37.8</ele>
      </trkpt>
      <trkpt lat="37.53637" lon="-122.0755">
        <ele>40.0</ele>
      </trkpt>
      <trkpt lat="37.5364" lon="-122.07552">
        <ele>40.2</ele>
      </trkpt>
      <trkpt lat="37.53642" lon="-122.07554">
        <ele>40.3</ele>
      </trkpt>
      <trkpt lat="37.53642" lon="-122.07564">
        <ele>40.8</ele>
      </trkpt>
      <trkpt lat="37.53634" lon="-122.07579">
        <ele>41.7</ele>
      </trkpt>
      <trkpt lat="37.53617" lon="-122.07604">
        <ele>35.3</ele>
      </trkpt>
      <trkpt lat="37.53611" lon="-122.0762">
        <ele>35.3</ele>
      </trkpt>
      <trkpt lat="37.53609" lon="-122.07637">
        <ele>35.3</ele>
      </trkpt>
      <trkpt lat="37.53609" lon="-122.07652">
        <ele>33.1</ele>
      </trkpt>
      <trkpt lat="37.53614" lon="-122.07681">
        <ele>23.7</ele>
      </trkpt>
      <trkpt lat="37.53616" lon="-122.07703">
        <ele>17.2</ele>
      </trkpt>
      <trkpt lat="37.53616" lon="-122.07703">
        <ele>17.2</ele>
      </trkpt>
      <trkpt lat="37.53619" lon="-122.07719">
        <ele>14.7</ele>
      </trkpt>
      <trkpt lat="37.53623" lon="-122.0773">
        <ele>12.7</ele>
      </trkpt>
      <trkpt lat="37.53636" lon="-122.07759">
        <ele>10.6</ele>
      </trkpt>
      <trkpt lat="37.53637" lon="-122.07764">
        <ele>11.3</ele>
      </trkpt>
      <trkpt lat="37.53638" lon="-122.07771">
        <ele>12.3</ele>
      </trkpt>
      <trkpt lat="37.53638" lon="-122.07778">
        <ele>13.0</ele>
      </trkpt>
      <trkpt lat="37.53636" lon="-122.0779">
        <ele>13.4</ele>
      </trkpt>
      <trkpt lat="37.53622" lon="-122.07848">
        <ele>13.1</ele>
      </trkpt>
      <trkpt lat="37.53621" lon="-122.07865">
        <ele>13.5</ele>
      </trkpt>
      <trkpt lat="37.53623" lon="-122.07875">
        <ele>13.2</ele>
      </trkpt>
      <trkpt lat="37.53627" lon="-122.07884">
        <ele>13.3</ele>
      </trkpt>
      <trkpt lat="37.53638" lon="-122.07897">
        <ele>13.1</ele>
      </trkpt>
      <trkpt lat="37.53662" lon="-122.07916">
        <ele>10.3</ele>
      </trkpt>
      <trkpt lat="37.53679" lon="-122.07931">
        <ele>9.0</ele>
      </trkpt>
      <trkpt lat="37.53689" lon="-122.07946">
        <ele>7.5</ele>
      </trkpt>
      <trkpt lat="37.53696" lon="-122.07963">
        <ele>6.9</ele>
      </trkpt>
      <trkpt lat="37.53702" lon="-122.07981">
        <ele>6.6</ele>
      </trkpt>
      <trkpt lat="37.53704" lon="-122.08001">
        <ele>6.4</ele>
      </trkpt>
      <trkpt lat="37.53703" lon="-122.08021">
        <ele>6.2</ele>
      </trkpt>
      <trkpt lat="37.53699" lon="-122.08042">
        <ele>6.5</ele>
      </trkpt>
      <trkpt lat="37.53693" lon="-122.08058">
        <ele>6.9</ele>
      </trkpt>
      <trkpt lat="37.53684" lon="-122.08076">
        <ele>7.8</ele>
      </trkpt>
      <trkpt lat="37.53674" lon="-122.08093">
        <ele>9.1</ele>
      </trkpt>
      <trkpt lat="37.53663" lon="-122.0811">
        <ele>10.2</ele>
      </trkpt>
      <trkpt lat="37.53644" lon="-122.08135">
        <ele>9.9</ele>
      </trkpt>
      <trkpt lat="37.53638" lon="-122.08149">
        <ele>9.6</ele>
      </trkpt>
      <trkpt lat="37.53636" lon="-122.08161">
        <ele>9.5</ele>
      </trkpt>
      <trkpt lat="37.53638" lon="-122.08169">
        <ele>10.0</ele>
      </trkpt>
      <trkpt lat="37.53641" lon="-122.0818">
        <ele>10.3</ele>
      </trkpt>
      <trkpt lat="37.53648" lon="-122.08192">
        <ele>11.0</ele>
      </trkpt>
      <trkpt lat="37.53658" lon="-122.08202">
        <ele>12.4</ele>
      </trkpt>
      <trkpt lat="37.53662" lon="-122.0821">
        <ele>12.8</ele>
      </trkpt>
      <trkpt lat="37.53664" lon="-122.08268">
        <ele>11.0</ele>
      </trkpt>
      <trkpt lat="37.5367" lon="-122.08292">
        <ele>10.8</ele>
      </trkpt>
      <trkpt lat="37.53679" lon="-122.0831">
        <ele>11.2</ele>
      </trkpt>
      <trkpt lat="37.53699" lon="-122.08338">
        <ele>11.7</ele>
      </trkpt>
      <trkpt lat="37.53717" lon="-122.08363">
        <ele>11.4</ele>
      </trkpt>
      <trkpt lat="37.53736" lon="-122.08382">
        <ele>14.4</ele>
      </trkpt>
      <trkpt lat="37.53752" lon="-122.08393">
        <ele>16.0</ele>
      </trkpt>
      <trkpt lat="37.5378" lon="-122.08418">
        <ele>16.6</ele>
      </trkpt>
      <trkpt lat="37.53798" lon="-122.08441">
        <ele>17.0</ele>
      </trkpt>
      <trkpt lat="37.53838" lon="-122.08518">
        <ele>17.8</ele>
      </trkpt>
      <trkpt lat="37.53859" lon="-122.08537">
        <ele>17.7</ele>
      </trkpt>
      <trkpt lat="37.53892" lon="-122.08554">
        <ele>16.6</ele>
      </trkpt>
      <trkpt lat="37.53938" lon="-122.08568">
        <ele>10.0</ele>
      </trkpt>
      <trkpt lat="37.53983" lon="-122.08583">
        <ele>8.0</ele>
      </trkpt>
      <trkpt lat="37.53997" lon="-122.08592">
        <ele>6.9</ele>
      </trkpt>
      <trkpt lat="37.54011" lon="-122.08612">
        <ele>6.6</ele>
      </trkpt>
      <trkpt lat="37.54019" lon="-122.08635">
        <ele>6.5</ele>
      </trkpt>
      <trkpt lat="37.54023" lon="-122.08697">
        <ele>6.7</ele>
      </trkpt>
      <trkpt lat="37.54027" lon="-122.08709">
        <ele>6.6</ele>
      </trkpt>
      <trkpt lat="37.54035" lon="-122.0872">
        <ele>6.5</ele>
      </trkpt>
      <trkpt lat="37.54062" lon="-122.08726">
        <ele>6.6</ele>
      </trkpt>
      <trkpt lat="37.54094" lon="-122.08731">
        <ele>6.5</ele>
      </trkpt>
      <trkpt lat="37.54116" lon="-122.08748">
        <ele>6.4</ele>
      </trkpt>
      <trkpt lat="37.54136" lon="-122.08754">
        <ele>6.3</ele>
      </trkpt>
      <trkpt lat="37.54166" lon="-122.08752">
        <ele>6.5</ele>
      </trkpt>
      <trkpt lat="37.542" lon="-122.08768">
        <ele>6.4</ele>
      </trkpt>
      <trkpt lat="37.54247" lon="-122.08773">
        <ele>6.4</ele>
      </trkpt>
      <trkpt lat="37.54273" lon="-122.0878">
        <ele>6.3</ele>
      </trkpt>
      <trkpt lat="37.54309" lon="-122.0878">
        <ele>6.4</ele>
      </trkpt>
      <trkpt lat="37.54345" lon="-122.08788">
        <ele>6.4</ele>
      </trkpt>
      <trkpt lat="37.54397" lon="-122.08796">
        <ele>6.5</ele>
      </trkpt>
      <trkpt lat="37.54409" lon="-122.08814">
        <ele>6.3</ele>
      </trkpt>
      <trkpt lat="37.54431" lon="-122.08905">
        <ele>6.4</ele>
      </trkpt>
      <trkpt lat="37.5445" lon="-122.08957">
        <ele>6.3</ele>
      </trkpt>
      <trkpt lat="37.54475" lon="-122.08999">
        <ele>6.1</ele>
      </trkpt>
      <trkpt lat="37.54533" lon="-122.09022">
        <ele>6.6</ele>
      </trkpt>
      <trkpt lat="37.54555" lon="-122.09041">
        <ele>6.5</ele>
      </trkpt>
      <trkpt lat="37.54573" lon="-122.09071">
        <ele>6.3</ele>
      </trkpt>
      <trkpt lat="37.54607" lon="-122.09093">
        <ele>6.3</ele>
      </trkpt>
      <trkpt lat="37.54625" lon="-122.09096">
        <ele>6.2</ele>
      </trkpt>
      <trkpt lat="37.54625" lon="-122.09095">
        <ele>6.2</ele>
      </trkpt>
      <trkpt lat="37.54641" lon="-122.09098">
        <ele>5.6</ele>
      </trkpt>
      <trkpt lat="37.54691" lon="-122.09075">
        <ele>4.8</ele>
      </trkpt>
      <trkpt lat="37.547" lon="-122.09066">
        <ele>5.1</ele>
      </trkpt>
      <trkpt lat="37.54729" lon="-122.09032">
        <ele>5.0</ele>
      </trkpt>
      <trkpt lat="37.54757" lon="-122.09008">
        <ele>4.5</ele>
      </trkpt>
      <trkpt lat="37.54767" lon="-122.09001">
        <ele>4.1</ele>
      </trkpt>
      <trkpt lat="37.5481" lon="-122.09018">
        <ele>6.3</ele>
      </trkpt>
      <trkpt lat="37.54838" lon="-122.09022">
        <ele>7.8</ele>
      </trkpt>
      <trkpt lat="37.54858" lon="-122.09028">
        <ele>8.3</ele>
      </trkpt>
      <trkpt lat="37.54877" lon="-122.09038">
        <ele>8.7</ele>
      </trkpt>
      <trkpt lat="37.5492" lon="-122.09073">
        <ele>9.9</ele>
      </trkpt>
      <trkpt lat="37.54942" lon="-122.09093">
        <ele>10.7</ele>
      </trkpt>
      <trkpt lat="37.54966" lon="-122.09096">
        <ele>11.0</ele>
      </trkpt>
      <trkpt lat="37.54993" lon="-122.09084">
        <ele>12.0</ele>
      </trkpt>
      <trkpt lat="37.55012" lon="-122.09056">
        <ele>15.8</ele>
      </trkpt>
      <trkpt lat="37.55019" lon="-122.0904">
        <ele>16.1</ele>
      </trkpt>
      <trkpt lat="37.5504" lon="-122.08987">
        <ele>15.8</ele>
      </trkpt>
      <trkpt lat="37.55047" lon="-122.08976">
        <ele>15.8</ele>
      </trkpt>
      <trkpt lat="37.55062" lon="-122.0896">
        <ele>15.5</ele>
      </trkpt>
      <trkpt lat="37.55062" lon="-122.08957">
        <ele>15.2</ele>
      </trkpt>
      <trkpt lat="37.55061" lon="-122.08954">
        <ele>14.8</ele>
      </trkpt>
      <trkpt lat="37.55059" lon="-122.08952">
        <ele>14.4</ele>
      </trkpt>
      <trkpt lat="37.55054" lon="-122.0895">
        <ele>13.7</ele>
      </trkpt>
      <trkpt lat="37.55021" lon="-122.08951">
        <ele>11.6</ele>
      </trkpt>
      <trkpt lat="37.54994" lon="-122.08948">
        <ele>8.2</ele>
      </trkpt>
      <trkpt lat="37.54969" lon="-122.08943">
        <ele>6.0</ele>
      </trkpt>
      <trkpt lat="37.54959" lon="-122.08938">
        <ele>5.6</ele>
      </trkpt>
      <trkpt lat="37.54952" lon="-122.08932">
        <ele>5.4</ele>
      </trkpt>
      <trkpt lat="37.54947" lon="-122.08924">
        <ele>5.3</ele>
      </trkpt>
      <trkpt lat="37.54941" lon="-122.08908">
        <ele>5.0</ele>
      </trkpt>
      <trkpt lat="37.54939" lon="-122.08885">
        <ele>4.9</ele>
      </trkpt>
      <trkpt lat="37.54938" lon="-122.08869">
        <ele>4.6</ele>
      </trkpt>
      <trkpt lat="37.54945" lon="-122.08829">
        <ele>4.7</ele>
      </trkpt>
      <trkpt lat="37.54948" lon="-122.088">
        <ele>4.7</ele>
      </trkpt>
      <trkpt lat="37.54953" lon="-122.08746">
        <ele>4.9</ele>
      </trkpt>
      <trkpt lat="37.54959" lon="-122.08691">
        <ele>4.6</ele>
      </trkpt>
      <trkpt lat="37.54967" lon="-122.08641">
        <ele>3.9</ele>
      </trkpt>
      <trkpt lat="37.55002" lon="-122.08581">
        <ele>3.8</ele>
      </trkpt>
      <trkpt lat="37.55013" lon="-122.0857">
        <ele>3.6</ele>
      </trkpt>
      <trkpt lat="37.55039" lon="-122.08558">
        <ele>2.3</ele>
      </trkpt>
      <trkpt lat="37.55067" lon="-122.0855">
        <ele>2.3</ele>
      </trkpt>
      <trkpt lat="37.55118" lon="-122.08533">
        <ele>2.3</ele>
      </trkpt>
      <trkpt lat="37.55126" lon="-122.08542">
        <ele>2.3</ele>
      </trkpt>
      <trkpt lat="37.55131" lon="-122.08565">
        <ele>2.3</ele>
      </trkpt>
      <trkpt lat="37.55156" lon="-122.08557">
        <ele>2.4</ele>
      </trkpt>
      <trkpt lat="37.55156" lon="-122.08557">
        <ele>2.4</ele>
      </trkpt>
      <trkpt lat="37.55179" lon="-122.0855">
        <ele>2.3</ele>
      </trkpt>
      <trkpt lat="37.55175" lon="-122.08486">
        <ele>2.3</ele>
      </trkpt>
      <trkpt lat="37.55174" lon="-122.08412">
        <ele>2.3</ele>
      </trkpt>
      <trkpt lat="37.55152" lon="-122.0831">
        <ele>2.3</ele>
      </trkpt>
      <trkpt lat="37.55131" lon="-122.08208">
        <ele>2.3</ele>
      </trkpt>
      <trkpt lat="37.55129" lon="-122.08187">
        <ele>2.3</ele>
      </trkpt>
      <trkpt lat="37.55128" lon="-122.08152">
        <ele>2.4</ele>
      </trkpt>
      <trkpt lat="37.5513" lon="-122.08126">
        <ele>2.4</ele>
      </trkpt>
      <trkpt lat="37.55161" lon="-122.08043">
        <ele>2.5</ele>
      </trkpt>
      <trkpt lat="37.55182" lon="-122.07981">
        <ele>2.6</ele>
      </trkpt>
      <trkpt lat="37.55202" lon="-122.0795">
        <ele>2.7</ele>
      </trkpt>
      <trkpt lat="37.55225" lon="-122.07921">
        <ele>2.8</ele>
      </trkpt>
      <trkpt lat="37.55237" lon="-122.07905">
        <ele>2.8</ele>
      </trkpt>
      <trkpt lat="37.55247" lon="-122.07884">
        <ele>2.9</ele>
      </trkpt>
      <trkpt lat="37.55279" lon="-122.07805">
        <ele>3.4</ele>
      </trkpt>
      <trkpt lat="37.5531" lon="-122.07726">
        <ele>3.8</ele>
      </trkpt>
      <trkpt lat="37.55321" lon="-122.07732">
        <ele>3.8</ele>
      </trkpt>
      <trkpt lat="37.55331" lon="-122.07735">
        <ele>3.8</ele>
      </trkpt>
      <trkpt lat="37.55339" lon="-122.07719">
        <ele>3.8</ele>
      </trkpt>
      <trkpt lat="37.55347" lon="-122.07717">
        <ele>3.9</ele>
      </trkpt>
      <trkpt lat="37.55369" lon="-122.07729">
        <ele>3.9</ele>
      </trkpt>
      <trkpt lat="37.55398" lon="-122.07747">
        <ele>3.9</ele>
      </trkpt>
      <trkpt lat="37.55439" lon="-122.07778">
        <ele>3.8</ele>
      </trkpt>
      <trkpt lat="37.55439" lon="-122.07778">
        <ele>3.8</ele>
      </trkpt>
      <trkpt lat="37.55448" lon="-122.07786">
        <ele>3.8</ele>
      </trkpt>
      <trkpt lat="37.55506" lon="-122.07819">
        <ele>3.9</ele>
      </trkpt>
      <trkpt lat="37.55565" lon="-122.07856">
        <ele>3.8</ele>
      </trkpt>
      <trkpt lat="37.55594" lon="-122.07873">
        <ele>3.8</ele>
      </trkpt>
      <trkpt lat="37.55627" lon="-122.07885">
        <ele>3.8</ele>
      </trkpt>
      <trkpt lat="37.55628" lon="-122.07877">
        <ele>3.8</ele>
      </trkpt>
      <trkpt lat="37.55641" lon="-122.07855">
        <ele>3.8</ele>
      </trkpt>
      <trkpt lat="37.55652" lon="-122.07839">
        <ele>3.8</ele>
      </trkpt>
      <trkpt lat="37.55692" lon="-122.07832">
        <ele>3.9</ele>
      </trkpt>
      <trkpt lat="37.55709" lon="-122.07834">
        <ele>3.5</ele>
      </trkpt>
      <trkpt lat="37.55718" lon="-122.0783">
        <ele>3.4</ele>
      </trkpt>
      <trkpt lat="37.55725" lon="-122.07824">
        <ele>3.3</ele>
      </trkpt>
      <trkpt lat="37.55759" lon="-122.07775">
        <ele>3.3</ele>
      </trkpt>
      <trkpt lat="37.55765" lon="-122.07759">
        <ele>3.4</ele>
      </trkpt>
      <trkpt lat="37.55769" lon="-122.07734">
        <ele>3.6</ele>
      </trkpt>
      <trkpt lat="37.55772" lon="-122.07693">
        <ele>3.6</ele>
      </trkpt>
      <trkpt lat="37.55766" lon="-122.07651">
        <ele>3.6</ele>
      </trkpt>
      <trkpt lat="37.55767" lon="-122.07632">
        <ele>3.5</ele>
      </trkpt>
      <trkpt lat="37.55772" lon="-122.07615">
        <ele>3.6</ele>
      </trkpt>
      <trkpt lat="37.55782" lon="-122.07605">
        <ele>3.6</ele>
      </trkpt>
      <trkpt lat="37.55799" lon="-122.07582">
        <ele>3.7</ele>
      </trkpt>
      <trkpt lat="37.55824" lon="-122.07558">
        <ele>3.8</ele>
      </trkpt>
      <trkpt lat="37.55835" lon="-122.0755">
        <ele>3.8</ele>
      </trkpt>
      <trkpt lat="37.55845" lon="-122.07547">
        <ele>3.8</ele>
      </trkpt>
      <trkpt lat="37.55845" lon="-122.07547">
        <ele>3.8</ele>
      </trkpt>
      <trkpt lat="37.55848" lon="-122.07546">
        <ele>3.8</ele>
      </trkpt>
      <trkpt lat="37.55872" lon="-122.07545">
        <ele>3.5</ele>
      </trkpt>
      <trkpt lat="37.55885" lon="-122.07537">
        <ele>3.3</ele>
      </trkpt>
      <trkpt lat="37.55914" lon="-122.07534">
        <ele>2.8</ele>
      </trkpt>
      <trkpt lat="37.55929" lon="-122.07528">
        <ele>2.6</ele>
      </trkpt>
      <trkpt lat="37.55932" lon="-122.07524">
        <ele>2.5</ele>
      </trkpt>
      <trkpt lat="37.55941" lon="-122.07524">
        <ele>2.5</ele>
      </trkpt>
      <trkpt lat="37.55958" lon="-122.07528">
        <ele>2.5</ele>
      </trkpt>
      <trkpt lat="37.56005" lon="-122.07543">
        <ele>2.4</ele>
      </trkpt>
      <trkpt lat="37.56016" lon="-122.07549">
        <ele>2.5</ele>
      </trkpt>
      <trkpt lat="37.56028" lon="-122.07558">
        <ele>2.5</ele>
      </trkpt>
      <trkpt lat="37.56057" lon="-122.07572">
        <ele>2.8</ele>
      </trkpt>
      <trkpt lat="37.56066" lon="-122.07576">
        <ele>2.8</ele>
      </trkpt>
      <trkpt lat="37.56073" lon="-122.07576">
        <ele>2.9</ele>
      </trkpt>
      <trkpt lat="37.56072" lon="-122.07523">
        <ele>2.8</ele>
      </trkpt>
      <trkpt lat="37.56088" lon="-122.07492">
        <ele>2.9</ele>
      </trkpt>
      <trkpt lat="37.56109" lon="-122.07466">
        <ele>3.1</ele>
      </trkpt>
      <trkpt lat="37.56137" lon="-122.0737">
        <ele>3.2</ele>
      </trkpt>
      <trkpt lat="37.56166" lon="-122.07274">
        <ele>3.4</ele>
      </trkpt>
      <trkpt lat="37.56184" lon="-122.07207">
        <ele>3.4</ele>
      </trkpt>
      <trkpt lat="37.56203" lon="-122.0714">
        <ele>3.5</ele>
      </trkpt>
      <trkpt lat="37.56225" lon="-122.07061">
        <ele>3.6</ele>
      </trkpt>
      <trkpt lat="37.56248" lon="-122.06982">
        <ele>3.5</ele>
      </trkpt>
      <trkpt lat="37.56274" lon="-122.0691">
        <ele>3.6</ele>
      </trkpt>
      <trkpt lat="37.56274" lon="-122.0691">
        <ele>3.6</ele>
      </trkpt>
      <trkpt lat="37.56276" lon="-122.06905">
        <ele>3.5</ele>
      </trkpt>
      <trkpt lat="37.56314" lon="-122.06837">
        <ele>3.6</ele>
      </trkpt>
      <trkpt lat="37.56339" lon="-122.06777">
        <ele>3.8</ele>
      </trkpt>
      <trkpt lat="37.56364" lon="-122.06737">
        <ele>4.0</ele>
      </trkpt>
      <trkpt lat="37.56391" lon="-122.06699">
        <ele>4.4</ele>
      </trkpt>
      <trkpt lat="37.56409" lon="-122.06682">
        <ele>4.7</ele>
      </trkpt>
      <trkpt lat="37.56425" lon="-122.06671">
        <ele>5.0</ele>
      </trkpt>
      <trkpt lat="37.56434" lon="-122.06668">
        <ele>5.2</ele>
      </trkpt>
      <trkpt lat="37.56443" lon="-122.06668">
        <ele>5.2</ele>
      </trkpt>
      <trkpt lat="37.56448" lon="-122.0667">
        <ele>5.2</ele>
      </trkpt>
      <trkpt lat="37.56458" lon="-122.06676">
        <ele>5.3</ele>
      </trkpt>
      <trkpt lat="37.56463" lon="-122.06687">
        <ele>5.3</ele>
      </trkpt>
      <trkpt lat="37.56464" lon="-122.06697">
        <ele>5.1</ele>
      </trkpt>
      <trkpt lat="37.56458" lon="-122.06707">
        <ele>4.6</ele>
      </trkpt>
      <trkpt lat="37.56437" lon="-122.06721">
        <ele>4.2</ele>
      </trkpt>
      <trkpt lat="37.56427" lon="-122.06736">
        <ele>4.0</ele>
      </trkpt>
      <trkpt lat="37.5643" lon="-122.06744">
        <ele>3.9</ele>
      </trkpt>
      <trkpt lat="37.56448" lon="-122.06738">
        <ele>4.0</ele>
      </trkpt>
      <trkpt lat="37.56465" lon="-122.06729">
        <ele>4.1</ele>
      </trkpt>
      <trkpt lat="37.56463" lon="-122.06736">
        <ele>4.1</ele>
      </trkpt>
      <trkpt lat="37.56487" lon="-122.06727">
        <ele>5.2</ele>
      </trkpt>
      <trkpt lat="37.56496" lon="-122.06722">
        <ele>5.4</ele>
      </trkpt>
      <trkpt lat="37.56513" lon="-122.06707">
        <ele>5.3</ele>
      </trkpt>
      <trkpt lat="37.56521" lon="-122.06697">
        <ele>5.1</ele>
      </trkpt>
      <trkpt lat="37.56531" lon="-122.06679">
        <ele>5.0</ele>
      </trkpt>
      <trkpt lat="37.56536" lon="-122.06675">
        <ele>4.9</ele>
      </trkpt>
      <trkpt lat="37.56606" lon="-122.06616">
        <ele>4.4</ele>
      </trkpt>
      <trkpt lat="37.56677" lon="-122.06557">
        <ele>4.2</ele>
      </trkpt>
      <trkpt lat="37.56748" lon="-122.06499">
        <ele>4.1</ele>
      </trkpt>
      <trkpt lat="37.56748" lon="-122.06499">
        <ele>4.1</ele>
      </trkpt>
      <trkpt lat="37.56807" lon="-122.0645">
        <ele>3.9</ele>
      </trkpt>
      <trkpt lat="37.56866" lon="-122.06401">
        <ele>3.8</ele>
      </trkpt>
      <trkpt lat="37.56925" lon="-122.06352">
        <ele>3.9</ele>
      </trkpt>
      <trkpt lat="37.56984" lon="-122.06303">
        <ele>4.2</ele>
      </trkpt>
      <trkpt lat="37.5705" lon="-122.06249">
        <ele>4.4</ele>
      </trkpt>
      <trkpt lat="37.57117" lon="-122.06194">
        <ele>4.4</ele>
      </trkpt>
      <trkpt lat="37.57184" lon="-122.0614">
        <ele>4.6</ele>
      </trkpt>
      <trkpt lat="37.5725" lon="-122.06085">
        <ele>4.9</ele>
      </trkpt>
      <trkpt lat="37.57317" lon="-122.0603">
        <ele>6.4</ele>
      </trkpt>
      <trkpt lat="37.57336" lon="-122.06023">
        <ele>7.4</ele>
      </trkpt>
      <trkpt lat="37.57358" lon="-122.06009">
        <ele>7.3</ele>
      </trkpt>
      <trkpt lat="37.57372" lon="-122.05992">
        <ele>5.2</ele>
      </trkpt>
      <trkpt lat="37.57383" lon="-122.05973">
        <ele>4.7</ele>
      </trkpt>
      <trkpt lat="37.57405" lon="-122.05954">
        <ele>3.9</ele>
      </trkpt>
      <trkpt lat="37.57428" lon="-122.05936">
        <ele>4.0</ele>
      </trkpt>
      <trkpt lat="37.5747" lon="-122.05898">
        <ele>4.5</ele>
      </trkpt>
      <trkpt lat="37.5752" lon="-122.05855">
        <ele>5.0</ele>
      </trkpt>
      <trkpt lat="37.57571" lon="-122.05812">
        <ele>5.4</ele>
      </trkpt>
      <trkpt lat="37.57621" lon="-122.0577">
        <ele>5.6</ele>
      </trkpt>
      <trkpt lat="37.57664" lon="-122.05733">
        <ele>5.7</ele>
      </trkpt>
      <trkpt lat="37.57687" lon="-122.0571">
        <ele>5.6</ele>
      </trkpt>
      <trkpt lat="37.57708" lon="-122.05687">
        <ele>5.5</ele>
      </trkpt>
      <trkpt lat="37.57733" lon="-122.05655">
        <ele>5.7</ele>
      </trkpt>
      <trkpt lat="37.57781" lon="-122.05576">
        <ele>6.4</ele>
      </trkpt>
      <trkpt lat="37.57801" lon="-122.05538">
        <ele>6.5</ele>
      </trkpt>
      <trkpt lat="37.57834" lon="-122.05481">
        <ele>6.6</ele>
      </trkpt>
      <trkpt lat="37.57866" lon="-122.05423">
        <ele>6.7</ele>
      </trkpt>
      <trkpt lat="37.57893" lon="-122.05379">
        <ele>6.8</ele>
      </trkpt>
      <trkpt lat="37.57919" lon="-122.05343">
        <ele>6.9</ele>
      </trkpt>
      <trkpt lat="37.57938" lon="-122.05318">
        <ele>6.4</ele>
      </trkpt>
      <trkpt lat="37.57976" lon="-122.05272">
        <ele>6.2</ele>
      </trkpt>
      <trkpt lat="37.57997" lon="-122.05252">
        <ele>6.2</ele>
      </trkpt>
      <trkpt lat="37.5801" lon="-122.05243">
        <ele>6.3</ele>
      </trkpt>
      <trkpt lat="37.58026" lon="-122.05235">
        <ele>6.5</ele>
      </trkpt>
      <trkpt lat="37.58048" lon="-122.05221">
        <ele>7.0</ele>
      </trkpt>
      <trkpt lat="37.5806" lon="-122.0521">
        <ele>6.7</ele>
      </trkpt>
      <trkpt lat="37.58078" lon="-122.05194">
        <ele>5.9</ele>
      </trkpt>
      <trkpt lat="37.5809" lon="-122.05181">
        <ele>5.9</ele>
      </trkpt>
      <trkpt lat="37.58098" lon="-122.05167">
        <ele>5.9</ele>
      </trkpt>
      <trkpt lat="37.58118" lon="-122.05153">
        <ele>6.0</ele>
      </trkpt>
      <trkpt lat="37.58159" lon="-122.05116">
        <ele>6.5</ele>
      </trkpt>
      <trkpt lat="37.58215" lon="-122.05069">
        <ele>7.2</ele>
      </trkpt>
      <trkpt lat="37.58234" lon="-122.05051">
        <ele>7.6</ele>
      </trkpt>
      <trkpt lat="37.58246" lon="-122.05042">
        <ele>8.1</ele>
      </trkpt>
      <trkpt lat="37.58269" lon="-122.05029">
        <ele>9.1</ele>
      </trkpt>
      <trkpt lat="37.58291" lon="-122.05021">
        <ele>8.6</ele>
      </trkpt>
      <trkpt lat="37.58312" lon="-122.05008">
        <ele>8.2</ele>
      </trkpt>
      <trkpt lat="37.58325" lon="-122.04994">
        <ele>7.8</ele>
      </trkpt>
      <trkpt lat="37.58361" lon="-122.04947">
        <ele>7.5</ele>
      </trkpt>
      <trkpt lat="37.58383" lon="-122.04928">
        <ele>7.4</ele>
      </trkpt>
      <trkpt lat="37.58431" lon="-122.0489">
        <ele>7.2</ele>
      </trkpt>
      <trkpt lat="37.58498" lon="-122.0483">
        <ele>7.1</ele>
      </trkpt>
      <trkpt lat="37.58527" lon="-122.04803">
        <ele>7.1</ele>
      </trkpt>
      <trkpt lat="37.58552" lon="-122.04772">
        <ele>7.0</ele>
      </trkpt>
      <trkpt lat="37.58552" lon="-122.04772">
        <ele>7.0</ele>
      </trkpt>
      <trkpt lat="37.58586" lon="-122.04724">
        <ele>7.0</ele>
      </trkpt>
      <trkpt lat="37.58597" lon="-122.04705">
        <ele>7.0</ele>
      </trkpt>
      <trkpt lat="37.58632" lon="-122.04637">
        <ele>7.0</ele>
      </trkpt>
      <trkpt lat="37.58642" lon="-122.04616">
        <ele>7.0</ele>
      </trkpt>
      <trkpt lat="37.58658" lon="-122.04569">
        <ele>7.1</ele>
      </trkpt>
      <trkpt lat="37.58672" lon="-122.04523">
        <ele>7.3</ele>
      </trkpt>
      <trkpt lat="37.58683" lon="-122.04475">
        <ele>8.3</ele>
      </trkpt>
      <trkpt lat="37.587" lon="-122.04393">
        <ele>7.6</ele>
      </trkpt>
      <trkpt lat="37.58704" lon="-122.04367">
        <ele>7.5</ele>
      </trkpt>
      <trkpt lat="37.58724" lon="-122.04263">
        <ele>7.3</ele>
      </trkpt>
      <trkpt lat="37.58744" lon="-122.04159">
        <ele>7.2</ele>
      </trkpt>
      <trkpt lat="37.58751" lon="-122.04117">
        <ele>7.2</ele>
      </trkpt>
      <trkpt lat="37.58754" lon="-122.04089">
        <ele>7.3</ele>
      </trkpt>
      <trkpt lat="37.58756" lon="-122.04044">
        <ele>7.6</ele>
      </trkpt>
      <trkpt lat="37.58756" lon="-122.04012">
        <ele>8.3</ele>
      </trkpt>
      <trkpt lat="37.58758" lon="-122.03992">
        <ele>9.3</ele>
      </trkpt>
      <trkpt lat="37.58755" lon="-122.03967">
        <ele>9.8</ele>
      </trkpt>
      <trkpt lat="37.58757" lon="-122.03943">
        <ele>9.6</ele>
      </trkpt>
      <trkpt lat="37.58756" lon="-122.03923">
        <ele>8.6</ele>
      </trkpt>
      <trkpt lat="37.58753" lon="-122.03904">
        <ele>7.6</ele>
      </trkpt>
      <trkpt lat="37.58748" lon="-122.03876">
        <ele>6.9</ele>
      </trkpt>
      <trkpt lat="37.58742" lon="-122.03846">
        <ele>6.8</ele>
      </trkpt>
      <trkpt lat="37.58732" lon="-122.03806">
        <ele>6.9</ele>
      </trkpt>
      <trkpt lat="37.58725" lon="-122.03783">
        <ele>7.3</ele>
      </trkpt>
      <trkpt lat="37.58696" lon="-122.037">
        <ele>8.6</ele>
      </trkpt>
      <trkpt lat="37.58671" lon="-122.03636">
        <ele>9.5</ele>
      </trkpt>
      <trkpt lat="37.58637" lon="-122.03542">
        <ele>6.9</ele>
      </trkpt>
      <trkpt lat="37.58603" lon="-122.03449">
        <ele>7.5</ele>
      </trkpt>
      <trkpt lat="37.58585" lon="-122.03406">
        <ele>7.4</ele>
      </trkpt>
      <trkpt lat="37.58563" lon="-122.03363">
        <ele>7.1</ele>
      </trkpt>
      <trkpt lat="37.58548" lon="-122.03336">
        <ele>7.0</ele>
      </trkpt>
      <trkpt lat="37.58523" lon="-122.03298">
        <ele>7.2</ele>
      </trkpt>
      <trkpt lat="37.58513" lon="-122.03284">
        <ele>7.3</ele>
      </trkpt>
      <trkpt lat="37.585" lon="-122.03267">
        <ele>8.0</ele>
      </trkpt>
      <trkpt lat="37.58473" lon="-122.03238">
        <ele>11.0</ele>
      </trkpt>
      <trkpt lat="37.58461" lon="-122.03226">
        <ele>11.3</ele>
      </trkpt>
      <trkpt lat="37.58444" lon="-122.03208">
        <ele>11.0</ele>
      </trkpt>
      <trkpt lat="37.58406" lon="-122.03172">
        <ele>8.7</ele>
      </trkpt>
      <trkpt lat="37.58377" lon="-122.0314">
        <ele>7.1</ele>
      </trkpt>
      <trkpt lat="37.58334" lon="-122.03098">
        <ele>6.8</ele>
      </trkpt>
      <trkpt lat="37.58286" lon="-122.03049">
        <ele>6.9</ele>
      </trkpt>
      <trkpt lat="37.58235" lon="-122.03">
        <ele>7.9</ele>
      </trkpt>
      <trkpt lat="37.58201" lon="-122.02965">
        <ele>7.9</ele>
      </trkpt>
      <trkpt lat="37.58164" lon="-122.02928">
        <ele>7.1</ele>
      </trkpt>
      <trkpt lat="37.58122" lon="-122.0289">
        <ele>7.0</ele>
      </trkpt>
      <trkpt lat="37.58107" lon="-122.02875">
        <ele>7.2</ele>
      </trkpt>
      <trkpt lat="37.58092" lon="-122.02859">
        <ele>7.3</ele>
      </trkpt>
      <trkpt lat="37.58064" lon="-122.0283">
        <ele>7.2</ele>
      </trkpt>
      <trkpt lat="37.58024" lon="-122.02791">
        <ele>7.1</ele>
      </trkpt>
      <trkpt lat="37.57984" lon="-122.02752">
        <ele>7.0</ele>
      </trkpt>
      <trkpt lat="37.57923" lon="-122.02691">
        <ele>10.8</ele>
      </trkpt>
      <trkpt lat="37.57894" lon="-122.02662">
        <ele>12.1</ele>
      </trkpt>
      <trkpt lat="37.57875" lon="-122.02644">
        <ele>12.5</ele>
      </trkpt>
      <trkpt lat="37.57864" lon="-122.0263">
        <ele>12.5</ele>
      </trkpt>
      <trkpt lat="37.57847" lon="-122.02606">
        <ele>12.4</ele>
      </trkpt>
      <trkpt lat="37.57829" lon="-122.02585">
        <ele>9.9</ele>
      </trkpt>
      <trkpt lat="37.57808" lon="-122.02567">
        <ele>5.6</ele>
      </trkpt>
      <trkpt lat="37.5778" lon="-122.02549">
        <ele>9.8</ele>
      </trkpt>
      <trkpt lat="37.57786" lon="-122.02557">
        <ele>8.8</ele>
      </trkpt>
      <trkpt lat="37.57791" lon="-122.02563">
        <ele>8.7</ele>
      </trkpt>
      <trkpt lat="37.57799" lon="-122.02585">
        <ele>9.1</ele>
      </trkpt>
      <trkpt lat="37.57808" lon="-122.02577">
        <ele>9.4</ele>
      </trkpt>
      <trkpt lat="37.57846" lon="-122.02541">
        <ele>10.6</ele>
      </trkpt>
      <trkpt lat="37.57885" lon="-122.02506">
        <ele>11.7</ele>
      </trkpt>
      <trkpt lat="37.57928" lon="-122.02465">
        <ele>13.1</ele>
      </trkpt>
      <trkpt lat="37.57956" lon="-122.02441">
        <ele>13.1</ele>
      </trkpt>
      <trkpt lat="37.57985" lon="-122.0242">
        <ele>13.2</ele>
      </trkpt>
      <trkpt lat="37.58014" lon="-122.02402">
        <ele>13.3</ele>
      </trkpt>
      <trkpt lat="37.58042" lon="-122.02389">
        <ele>13.3</ele>
      </trkpt>
      <trkpt lat="37.58085" lon="-122.02373">
        <ele>13.4</ele>
      </trkpt>
      <trkpt lat="37.58085" lon="-122.02373">
        <ele>13.4</ele>
      </trkpt>
      <trkpt lat="37.58158" lon="-122.02347">
        <ele>13.4</ele>
      </trkpt>
      <trkpt lat="37.58232" lon="-122.0232">
        <ele>13.4</ele>
      </trkpt>
      <trkpt lat="37.58305" lon="-122.02294">
        <ele>13.3</ele>
      </trkpt>
      <trkpt lat="37.58361" lon="-122.02276">
        <ele>13.2</ele>
      </trkpt>
      <trkpt lat="37.5841" lon="-122.02259">
        <ele>13.2</ele>
      </trkpt>
      <trkpt lat="37.58459" lon="-122.02241">
        <ele>13.1</ele>
      </trkpt>
      <trkpt lat="37.58518" lon="-122.02221">
        <ele>12.7</ele>
      </trkpt>
      <trkpt lat="37.58578" lon="-122.02201">
        <ele>12.1</ele>
      </trkpt>
      <trkpt lat="37.58637" lon="-122.0218">
        <ele>11.4</ele>
      </trkpt>
      <trkpt lat="37.58707" lon="-122.02157">
        <ele>11.8</ele>
      </trkpt>
      <trkpt lat="37.58729" lon="-122.02148">
        <ele>11.9</ele>
      </trkpt>
      <trkpt lat="37.58781" lon="-122.02131">
        <ele>12.2</ele>
      </trkpt>
      <trkpt lat="37.58832" lon="-122.02114">
        <ele>12.5</ele>
      </trkpt>
      <trkpt lat="37.58893" lon="-122.02092">
        <ele>13.0</ele>
      </trkpt>
      <trkpt lat="37.58953" lon="-122.0207">
        <ele>13.6</ele>
      </trkpt>
      <trkpt lat="37.58995" lon="-122.02056">
        <ele>14.5</ele>
      </trkpt>
      <trkpt lat="37.59058" lon="-122.02035">
        <ele>14.7</ele>
      </trkpt>
      <trkpt lat="37.59051" lon="-122.02005">
        <ele>14.5</ele>
      </trkpt>
      <trkpt lat="37.59048" lon="-122.01994">
        <ele>14.5</ele>
      </trkpt>
      <trkpt lat="37.59043" lon="-122.01981">
        <ele>14.5</ele>
      </trkpt>
      <trkpt lat="37.59034" lon="-122.01963">
        <ele>14.4</ele>
      </trkpt>
      <trkpt lat="37.59015" lon="-122.01933">
        <ele>14.2</ele>
      </trkpt>
      <trkpt lat="37.58978" lon="-122.01878">
        <ele>13.9</ele>
      </trkpt>
      <trkpt lat="37.58978" lon="-122.01878">
        <ele>13.9</ele>
      </trkpt>
      <trkpt lat="37.58971" lon="-122.01868">
        <ele>13.9</ele>
      </trkpt>
      <trkpt lat="37.5901" lon="-122.01822">
        <ele>14.2</ele>
      </trkpt>
      <trkpt lat="37.59049" lon="-122.01777">
        <ele>14.8</ele>
      </trkpt>
    </trkseg>
  </trk>
</gpx>
