{"type": "FeatureCollection", "features": [{"id": "0", "type": "Feature", "properties": {"name": "easier marin headlands tour", "step": 0, "lat": 37.77953, "lon": -122.41386, "elevation_m": 15.3, "time": null, "elevation_f": 50.196852, "step_elevation_m": 0.0, "step_elevation_f": 0.0, "step_dist_m": 0.0, "step_dist_f": 0.0, "step_grade": null, "step_turn": null, "coast_speed_mps": 0.0, "coast_speed_mph": 0.0}, "geometry": {"type": "Point", "coordinates": [-122.41386, 37.77953]}}, {"id": "1", "type": "Feature", "properties": {"name": "easier marin headlands tour", "step": 1, "lat": 37.77915, "lon": -122.41434, "elevation_m": 16.0, "time": null, "elevation_f": 52.49344, "step_elevation_m": 0.6999999999999993, "step_elevation_f": 2.296588, "step_dist_m": 59.70758965207114, "step_dist_f": 195.8910484341011, "step_grade": 0.011723802687046129, "step_turn": null, "coast_speed_mps": 0.0, "coast_speed_mph": 0.0}, "geometry": {"type": "Point", "coordinates": [-122.41434, 37.77915]}}, {"id": "2", "type": "Feature", "properties": {"name": "easier marin headlands tour", "step": 2, "lat": 37.77878, "lon": -122.41483, "elevation_m": 16.7, "time": null, "elevation_f": 54.790028, "step_elevation_m": 0.6999999999999993, "step_elevation_f": 2.296588, "step_dist_m": 59.55841418533119, "step_dist_f": 195.40162759580198, "step_grade": 0.01175316719853841, "step_turn": 1.3543821332781931, "coast_speed_mps": 0.0, "coast_speed_mph": 0.0}, "geometry": {"type": "Point", "coordinates": [-122.41483, 37.77878]}}, {"id": "3", "type": "Feature", "properties": {"name": "easier marin headlands tour", "step": 3, "lat": 37.77828, "lon": -122.41545, "elevation_m": 17.3, "time": null, "elevation_f": 56.758532, "step_elevation_m": 0.6000000000000014, "step_elevation_f": 1.968504000000003, "step_dist_m": 77.847384753678, "step_dist_f": 255.40481379525693, "step_grade": 0.007707388011793853, "step_turn": 1.884071866023561, "coast_speed_mps": 0.0, "coast_speed_mph": 0.0}, "geometry": {"type": "Point", "coordinates": [-122.41545, 37.77828]}}, {"id": "4", "type": "Feature", "properties": {"name": "easier marin headlands tour", "step": 4, "lat": 37.77779, "lon": -122.41608, "elevation_m": 17.6, "time": null, "elevation_f": 57.74278400000001, "step_elevation_m": 0.3000000000000007, "step_elevation_f": 0.984252000000005, "step_dist_m": 77.68140522170248, "step_dist_f": 254.86026150757036, "step_grade": 0.0038619280784610126, "step_turn": 1.03727705566871, "coast_speed_mps": 0.0, "coast_speed_mph": 0.0}, "geometry": {"type": "Point", "coordinates": [-122.41608, 37.77779]}}, {"id": "5", "type": "Feature", "properties": {"name": "easier marin headlands tour", "step": 5, "lat": 37.77755, "lon": -122.41636, "elevation_m": 17.9, "time": null, "elevation_f": 58.727036, "step_elevation_m": 0.29999999999999716, "step_elevation_f": 0.9842519999999908, "step_dist_m": 36.30105408221443, "step_dist_f": 119.09795027509239, "step_grade": 0.008264222832773914, "step_turn": 2.7809420766986364, "coast_speed_mps": 0.0, "coast_speed_mph": 0.0}, "geometry": {"type": "Point", "coordinates": [-122.41636, 37.77755]}}, {"id": "6", "type": "Feature", "properties": {"name": "easier marin headlands tour", "step": 6, "lat": 37.77704, "lon": -122.41699, "elevation_m": 17.8, "time": null, "elevation_f": 58.398952, "step_elevation_m": -0.09999999999999787, "step_elevation_f": -0.32808399999999693, "step_dist_m": 79.25748121997181, "step_dist_f": 260.0311146857323, "step_grade": -0.0012617105472031986, "step_turn": 1.6352455543661506, "coast_speed_mps": 0.0, "coast_speed_mph": 0.0}, "geometry": {"type": "Point", "coordinates": [-122.41699, 37.77704]}}, {"id": "7", "type": "Feature", "properties": {"name": "easier marin headlands tour", "step": 7, "lat": 37.77654, "lon": -122.41762, "elevation_m": 17.4, "time": null, "elevation_f": 57.08661599999999, "step_elevation_m": -0.40000000000000213, "step_elevation_f": -1.312336000000009, "step_dist_m": 78.46598413879879, "step_dist_f": 257.4343394019366, "step_grade": -0.005097750374129515, "step_turn": 0.5674342542147315, "coast_speed_mps": 0.0, "coast_speed_mph": 0.0}, "geometry": {"type": "Point", "coordinates": [-122.41762, 37.77654]}}, {"id": "8", "type": "Feature", "properties": {"name": "easier marin headlands tour", "step": 8, "lat": 37.77609, "lon": -122.4182, "elevation_m": 17.0, "time": null, "elevation_f": 55.77428, "step_elevation_m": -0.3999999999999986, "step_elevation_f": -1.3123359999999948, "step_dist_m": 71.43045744653072, "step_dist_f": 234.35190200887587, "step_grade": -0.005599852140096101, "step_turn": 0.6495511035913637, "coast_speed_mps": 0.0, "coast_speed_mph": 0.0}, "geometry": {"type": "Point", "coordinates": [-122.4182, 37.77609]}}, {"id": "9", "type": "Feature", "properties": {"name": "easier marin headlands tour", "step": 9, "lat": 37.77563, "lon": -122.41879, "elevation_m": 16.8, "time": null, "elevation_f": 55.118112, "step_elevation_m": -0.1999999999999993, "step_elevation_f": -0.6561679999999939, "step_dist_m": 72.83704942653922, "step_dist_f": 238.96670524056694, "step_grade": -0.002745855324654686, "step_turn": 0.13973215001431072, "coast_speed_mps": 0.0, "coast_speed_mph": 0.0}, "geometry": {"type": "Point", "coordinates": [-122.41879, 37.77563]}}, {"id": "10", "type": "Feature", "properties": {"name": "easier marin headlands tour", "step": 10, "lat": 37.77517, "lon": -122.41937, "elevation_m": 16.7, "time": null, "elevation_f": 54.790028, "step_elevation_m": -0.10000000000000142, "step_elevation_f": -0.32808400000000404, "step_dist_m": 72.21419397050703, "step_dist_f": 236.92321614619826, "step_grade": -0.0013847693161380765, "step_turn": 0.4895318021718822, "coast_speed_mps": 0.0, "coast_speed_mph": 0.0}, "geometry": {"type": "Point", "coordinates": [-122.41937, 37.77517]}}, {"id": "11", "type": "Feature", "properties": {"name": "easier marin headlands tour", "step": 11, "lat": 37.77507, "lon": -122.41951, "elevation_m": 16.7, "time": null, "elevation_f": 54.790028, "step_elevation_m": 0.0, "step_elevation_f": 0.0, "step_dist_m": 16.58460445346356, "step_dist_f": 54.411433675101385, "step_grade": 0.0, "step_turn": 2.993617928689474, "coast_speed_mps": 0.0, "coast_speed_mph": 0.0}, "geometry": {"type": "Point", "coordinates": [-122.41951, 37.77507]}}, {"id": "12", "type": "Feature", "properties": {"name": "easier marin headlands tour", "step": 12, "lat": 37.77505, "lon": -122.41957, "elevation_m": 16.7, "time": null, "elevation_f": 54.790028, "step_elevation_m": 0.0, "step_elevation_f": 0.0, "step_dist_m": 5.7232012771071465, "step_dist_f": 18.77690767798421, "step_grade": 0.0, "step_turn": 19.23746407173732, "coast_speed_mps": 0.0, "coast_speed_mph": 0.0}, "geometry": {"type": "Point", "coordinates": [-122.41957, 37.77505]}}, {"id": "13", "type": "Feature", "properties": {"name": "easier marin headlands tour", "step": 13, "lat": 37.77484, "lon": -122.41984, "elevation_m": 16.7, "time": null, "elevation_f": 54.790028, "step_elevation_m": 0.0, "step_elevation_f": 0.0, "step_dist_m": 33.29273778436526, "step_dist_f": 109.22814583245692, "step_grade": 0.0, "step_turn": 21.672019902130756, "coast_speed_mps": 0.0, "coast_speed_mph": 0.0}, "geometry": {"type": "Point", "coordinates": [-122.41984, 37.77484]}}, {"id": "14", "type": "Feature", "properties": {"name": "easier marin headlands tour", "step": 14, "lat": 37.77476, "lon": -122.42, "elevation_m": 16.7, "time": null, "elevation_f": 54.790028, "step_elevation_m": 0.0, "step_elevation_f": 0.0, "step_dist_m": 16.639953915313438, "step_dist_f": 54.59302640351694, "step_grade": 0.0, "step_turn": 12.221693871730821, "coast_speed_mps": 0.0, "coast_speed_mph": 0.0}, "geometry": {"type": "Point", "coordinates": [-122.42, 37.77476]}}, {"id": "15", "type": "Feature", "properties": {"name": "easier marin headlands tour", "step": 15, "lat": 37.77449, "lon": -122.42034, "elevation_m": 16.7, "time": null, "elevation_f": 54.790028, "step_elevation_m": 0.0, "step_elevation_f": 0.0, "step_dist_m": 42.3598467561887, "step_dist_f": 138.97587963157414, "step_grade": 0.0, "step_turn": 12.817139606295882, "coast_speed_mps": 0.0, "coast_speed_mph": 0.0}, "geometry": {"type": "Point", "coordinates": [-122.42034, 37.77449]}}, {"id": "16", "type": "Feature", "properties": {"name": "easier marin headlands tour", "step": 16, "lat": 37.77438, "lon": -122.42048, "elevation_m": 16.7, "time": null, "elevation_f": 54.790028, "step_elevation_m": 0.0, "step_elevation_f": 0.0, "step_dist_m": 17.349840492627703, "step_dist_f": 56.92205068183267, "step_grade": 0.0, "step_turn": 0.304778523184126, "coast_speed_mps": 0.0, "coast_speed_mph": 0.0}, "geometry": {"type": "Point", "coordinates": [-122.42048, 37.77438]}}, {"id": "17", "type": "Feature", "properties": {"name": "easier marin headlands tour", "step": 17, "lat": 37.77438, "lon": -122.42055, "elevation_m": 16.7, "time": null, "elevation_f": 54.790028, "step_elevation_m": 0.0, "step_elevation_f": 0.0, "step_dist_m": 6.1524186020448335, "step_dist_f": 20.185101046332772, "step_grade": 0.0, "step_turn": 44.828611742498424, "coast_speed_mps": 0.0, "coast_speed_mph": 0.0}, "geometry": {"type": "Point", "coordinates": [-122.42055, 37.77438]}}, {"id": "18", "type": "Feature", "properties": {"name": "easier marin headlands tour", "step": 18, "lat": 37.77435, "lon": -122.42072, "elevation_m": 16.9, "time": null, "elevation_f": 55.44619599999999, "step_elevation_m": 0.1999999999999993, "step_elevation_f": 0.6561679999999939, "step_dist_m": 15.309442319809811, "step_dist_f": 50.22783074052482, "step_grade": 0.01306383314441227, "step_turn": 12.585383585897546, "coast_speed_mps": 0.0, "coast_speed_mph": 0.0}, "geometry": {"type": "Point", "coordinates": [-122.42072, 37.77435]}}, {"id": "19", "type": "Feature", "properties": {"name": "easier marin headlands tour", "step": 19, "lat": 37.7743, "lon": -122.42078, "elevation_m": 16.9, "time": null, "elevation_f": 55.44619599999999, "step_elevation_m": 0.0, "step_elevation_f": 0.0, "step_dist_m": 7.662939409151333, "step_dist_f": 25.140878131120058, "step_grade": 0.0, "step_turn": 33.92816057269181, "coast_speed_mps": 0.0, "coast_speed_mph": 0.0}, "geometry": {"type": "Point", "coordinates": [-122.42078, 37.7743]}}, {"id": "20", "type": "Feature", "properties": {"name": "easier marin headlands tour", "step": 20, "lat": 37.77416, "lon": -122.42188, "elevation_m": 18.3, "time": null, "elevation_f": 60.039372, "step_elevation_m": 1.4000000000000021, "step_elevation_f": 4.593176000000007, "step_dist_m": 97.92633891360578, "step_dist_f": 321.28064976131435, "step_grade": 0.014296460130457177, "step_turn": 37.36677899509965, "coast_speed_mps": 0.0, "coast_speed_mph": 0.0}, "geometry": {"type": "Point", "coordinates": [-122.42188, 37.77416]}}, {"id": "21", "type": "Feature", "properties": {"name": "easier marin headlands tour", "step": 21, "lat": 37.77402, "lon": -122.42298, "elevation_m": 21.0, "time": null, "elevation_f": 68.89764, "step_elevation_m": 2.6999999999999993, "step_elevation_f": 8.858267999999995, "step_dist_m": 97.92651965899279, "step_dist_f": 321.2812427580099, "step_grade": 0.02757169364746287, "step_turn": 1.7026425041422044e-05, "coast_speed_mps": 0.0, "coast_speed_mph": 0.0}, "geometry": {"type": "Point", "coordinates": [-122.42298, 37.77402]}}, {"id": "22", "type": "Feature", "properties": {"name": "easier marin headlands tour", "step": 22, "lat": 37.7739, "lon": -122.42391, "elevation_m": 22.6, "time": null, "elevation_f": 74.146984, "step_elevation_m": 1.6000000000000014, "step_elevation_f": 5.249344000000008, "step_dist_m": 82.82168311131869, "step_dist_f": 271.7246908189388, "step_grade": 0.01931861246830107, "step_turn": 0.12431178998087944, "coast_speed_mps": 0.0, "coast_speed_mph": 0.0}, "geometry": {"type": "Point", "coordinates": [-122.42391, 37.7739]}}, {"id": "23", "type": "Feature", "properties": {"name": "easier marin headlands tour", "step": 23, "lat": 37.77389, "lon": -122.42402, "elevation_m": 22.7, "time": null, "elevation_f": 74.475068, "step_elevation_m": 0.09999999999999787, "step_elevation_f": 0.32808399999998983, "step_dist_m": 9.731883253956285, "step_dist_f": 31.928751854909937, "step_grade": 0.010275503455032205, "step_turn": 2.710220475926178, "coast_speed_mps": 0.0, "coast_speed_mph": 0.0}, "geometry": {"type": "Point", "coordinates": [-122.42402, 37.77389]}}, {"id": "24", "type": "Feature", "properties": {"name": "easier marin headlands tour", "step": 24, "lat": 37.77388, "lon": -122.42412, "elevation_m": 22.9, "time": null, "elevation_f": 75.131236, "step_elevation_m": 0.1999999999999993, "step_elevation_f": 0.6561680000000081, "step_dist_m": 8.859286927140646, "step_dist_f": 29.065902922040117, "step_grade": 0.022575180332775353, "step_turn": 0.6494913943151346, "coast_speed_mps": 0.0, "coast_speed_mph": 0.0}, "geometry": {"type": "Point", "coordinates": [-122.42412, 37.77388]}}, {"id": "25", "type": "Feature", "properties": {"name": "easier marin headlands tour", "step": 25, "lat": 37.77378, "lon": -122.42492, "elevation_m": 25.9, "time": null, "elevation_f": 84.973756, "step_elevation_m": 3.0, "step_elevation_f": 9.842519999999993, "step_dist_m": 71.18767189507115, "step_dist_f": 233.5553614602252, "step_grade": 0.04214212826656173, "step_turn": 1.7758268460712543, "coast_speed_mps": 0.0, "coast_speed_mph": 0.0}, "geometry": {"type": "Point", "coordinates": [-122.42492, 37.77378]}}, {"id": "26", "type": "Feature", "properties": {"name": "easier marin headlands tour", "step": 26, "lat": 37.77367, "lon": -122.42572, "elevation_m": 33.8, "time": null, "elevation_f": 110.89239199999999, "step_elevation_m": 7.899999999999999, "step_elevation_f": 25.918635999999992, "step_dist_m": 71.36990771215622, "step_dist_f": 234.1532480183506, "step_grade": 0.11069090956179582, "step_turn": 0.8817383077031309, "coast_speed_mps": 0.0, "coast_speed_mph": 0.0}, "geometry": {"type": "Point", "coordinates": [-122.42572, 37.77367]}}, {"id": "27", "type": "Feature", "properties": {"name": "easier marin headlands tour", "step": 27, "lat": 37.77354, "lon": -122.42676, "elevation_m": 44.9, "time": null, "elevation_f": 147.30971599999998, "step_elevation_m": 11.100000000000001, "step_elevation_f": 36.417323999999994, "step_dist_m": 92.54424822317046, "step_dist_f": 303.62287134050655, "step_grade": 0.11994262434584105, "step_turn": 0.8818387123867524, "coast_speed_mps": 0.0, "coast_speed_mph": 0.0}, "geometry": {"type": "Point", "coordinates": [-122.42676, 37.77354]}}, {"id": "28", "type": "Feature", "properties": {"name": "easier marin headlands tour", "step": 28, "lat": 37.77341, "lon": -122.42779, "elevation_m": 52.2, "time": null, "elevation_f": 171.259848, "step_elevation_m": 7.300000000000004, "step_elevation_f": 23.950132000000025, "step_dist_m": 91.67637036511914, "step_dist_f": 300.77550294869746, "step_grade": 0.07962793434040115, "step_turn": 0.08578937765082628, "coast_speed_mps": 0.0, "coast_speed_mph": 0.0}, "geometry": {"type": "Point", "coordinates": [-122.42779, 37.77341]}}, {"id": "29", "type": "Feature", "properties": {"name": "easier marin headlands tour", "step": 29, "lat": 37.77328, "lon": -122.42883, "elevation_m": 59.1, "time": null, "elevation_f": 193.897644, "step_elevation_m": 6.899999999999999, "step_elevation_f": 22.63779600000001, "step_dist_m": 92.54456571859109, "step_dist_f": 303.6239129921824, "step_grade": 0.07455867285585924, "step_turn": 0.08582046028891455, "coast_speed_mps": 0.0, "coast_speed_mph": 0.0}, "geometry": {"type": "Point", "coordinates": [-122.42883, 37.77328]}}, {"id": "30", "type": "Feature", "properties": {"name": "easier marin headlands tour", "step": 30, "lat": 37.77329, "lon": -122.42886, "elevation_m": 59.3, "time": null, "elevation_f": 194.553812, "step_elevation_m": 0.19999999999999574, "step_elevation_f": 0.6561679999999797, "step_dist_m": 2.8616589691306697, "step_dist_f": 9.388645212282666, "step_grade": 0.06988952986971499, "step_turn": 31.851443011038555, "coast_speed_mps": 0.0, "coast_speed_mph": 0.0}, "geometry": {"type": "Point", "coordinates": [-122.42886, 37.77329]}}, {"id": "31", "type": "Feature", "properties": {"name": "easier marin headlands tour", "step": 31, "lat": 37.77329, "lon": -122.42891, "elevation_m": 59.6, "time": null, "elevation_f": 195.538064, "step_elevation_m": 0.30000000000000426, "step_elevation_f": 0.9842519999999979, "step_dist_m": 4.394649503887231, "step_dist_f": 14.418141878333383, "step_grade": 0.06826482970590558, "step_turn": 22.86542293177058, "coast_speed_mps": 0.0, "coast_speed_mph": 0.0}, "geometry": {"type": "Point", "coordinates": [-122.42891, 37.77329]}}, {"id": "32", "type": "Feature", "properties": {"name": "easier marin headlands tour", "step": 32, "lat": 37.77328, "lon": -122.42898, "elevation_m": 60.1, "time": null, "elevation_f": 197.178484, "step_elevation_m": 0.5, "step_elevation_f": 1.640420000000006, "step_dist_m": 6.252184182368764, "step_dist_f": 20.512415952882737, "step_grade": 0.07997205223256316, "step_turn": 10.244531495539718, "coast_speed_mps": 0.0, "coast_speed_mph": 0.0}, "geometry": {"type": "Point", "coordinates": [-122.42898, 37.77328]}}, {"id": "33", "type": "Feature", "properties": {"name": "easier marin headlands tour", "step": 33, "lat": 37.77326, "lon": -122.42901, "elevation_m": 60.2, "time": null, "elevation_f": 197.50656800000002, "step_elevation_m": 0.10000000000000142, "step_elevation_f": 0.32808400000001825, "step_dist_m": 3.4494040614788886, "step_dist_f": 11.316942821062396, "step_grade": 0.028990514946262248, "step_turn": 29.900132666666394, "coast_speed_mps": 0.0, "coast_speed_mph": 0.0}, "geometry": {"type": "Point", "coordinates": [-122.42901, 37.77326]}}, {"id": "34", "type": "Feature", "properties": {"name": "easier marin headlands tour", "step": 34, "lat": 37.77313, "lon": -122.43003, "elevation_m": 61.5, "time": null, "elevation_f": 201.77166, "step_elevation_m": 1.2999999999999972, "step_elevation_f": 4.2650919999999815, "step_dist_m": 90.80887846450025, "step_dist_f": 297.929400821471, "step_grade": 0.014315780813306749, "step_turn": 30.985412642502894, "coast_speed_mps": 0.0, "coast_speed_mph": 0.0}, "geometry": {"type": "Point", "coordinates": [-122.43003, 37.77313]}}, {"id": "35", "type": "Feature", "properties": {"name": "easier marin headlands tour", "step": 35, "lat": 37.773, "lon": -122.43106, "elevation_m": 60.8, "time": null, "elevation_f": 199.47507199999998, "step_elevation_m": -0.7000000000000028, "step_elevation_f": -2.296588000000014, "step_dist_m": 91.67686610026394, "step_dist_f": 300.77712937638995, "step_grade": -0.00763551405906956, "step_turn": 0.08746044825528543, "coast_speed_mps": 0.0, "coast_speed_mph": 0.0}, "geometry": {"type": "Point", "coordinates": [-122.43106, 37.773]}}, {"id": "36", "type": "Feature", "properties": {"name": "easier marin headlands tour", "step": 36, "lat": 37.77287, "lon": -122.43208, "elevation_m": 58.3, "time": null, "elevation_f": 191.27297199999998, "step_elevation_m": -2.5, "step_elevation_f": -8.202100000000002, "step_dist_m": 90.80918970126918, "step_dist_f": 297.930421939512, "step_grade": -0.02753025336118663, "step_turn": 0.08742878756089567, "coast_speed_mps": 5.898863414632415, "coast_speed_mph": 13.19538165406319}, "geometry": {"type": "Point", "coordinates": [-122.43208, 37.77287]}}, {"id": "37", "type": "Feature", "properties": {"name": "easier marin headlands tour", "step": 37, "lat": 37.77274, "lon": -122.43311, "elevation_m": 54.1, "time": null, "elevation_f": 177.493444, "step_elevation_m": -4.199999999999996, "step_elevation_f": -13.77952799999997, "step_dist_m": 91.67718046655584, "step_dist_f": 300.77816076189504, "step_grade": -0.045812927258732296, "step_turn": 0.08746015688626585, "coast_speed_mps": 8.952050509127245, "coast_speed_mph": 20.0251666721708}, "geometry": {"type": "Point", "coordinates": [-122.43311, 37.77274]}}, {"id": "38", "type": "Feature", "properties": {"name": "easier marin headlands tour", "step": 38, "lat": 37.7726, "lon": -122.43413, "elevation_m": 51.8, "time": null, "elevation_f": 169.947512, "step_elevation_m": -2.3000000000000043, "step_elevation_f": -7.545932000000022, "step_dist_m": 90.99313264922672, "step_dist_f": 298.533909320889, "step_grade": -0.02527663278575507, "step_turn": 0.7786796602473487, "coast_speed_mps": 7.691410423610386, "coast_speed_mph": 17.205195113659578}, "geometry": {"type": "Point", "coordinates": [-122.43413, 37.7726]}}, {"id": "39", "type": "Feature", "properties": {"name": "easier marin headlands tour", "step": 39, "lat": 37.77247, "lon": -122.43516, "elevation_m": 50.4, "time": null, "elevation_f": 165.354336, "step_elevation_m": -1.3999999999999986, "step_elevation_f": -4.593176, "step_dist_m": 91.6775069219396, "step_dist_f": 300.7792318097763, "step_grade": -0.015270921374335068, "step_turn": 0.7787122359150089, "coast_speed_mps": 5.80445281261812, "coast_speed_mph": 12.984191152062708}, "geometry": {"type": "Point", "coordinates": [-122.43516, 37.77247]}}, {"id": "40", "type": "Feature", "properties": {"name": "easier marin headlands tour", "step": 40, "lat": 37.77234, "lon": -122.43618, "elevation_m": 53.9, "time": null, "elevation_f": 176.837276, "step_elevation_m": 3.5, "step_elevation_f": 11.482940000000013, "step_dist_m": 90.80982414625998, "step_dist_f": 297.9325034520156, "step_grade": 0.03854208542858573, "step_turn": 0.08742819174773331, "coast_speed_mps": 0.0, "coast_speed_mph": 0.0}, "geometry": {"type": "Point", "coordinates": [-122.43618, 37.77234]}}, {"id": "41", "type": "Feature", "properties": {"name": "easier marin headlands tour", "step": 41, "lat": 37.77221, "lon": -122.43721, "elevation_m": 59.4, "time": null, "elevation_f": 194.88189599999998, "step_elevation_m": 5.5, "step_elevation_f": 18.04461999999998, "step_dist_m": 91.6778212845349, "step_dist_f": 300.78026318315347, "step_grade": 0.05999269968392882, "step_turn": 0.08745956069662952, "coast_speed_mps": 0.0, "coast_speed_mph": 0.0}, "geometry": {"type": "Point", "coordinates": [-122.43721, 37.77221]}}, {"id": "42", "type": "Feature", "properties": {"name": "easier marin headlands tour", "step": 42, "lat": 37.7722, "lon": -122.4373, "elevation_m": 59.9, "time": null, "elevation_f": 196.522316, "step_elevation_m": 0.5, "step_elevation_f": 1.640420000000006, "step_dist_m": 7.988254321316838, "step_dist_f": 26.208184307549136, "step_grade": 0.06259189804031885, "step_turn": 1.0702656249439997, "coast_speed_mps": 0.0, "coast_speed_mph": 0.0}, "geometry": {"type": "Point", "coordinates": [-122.4373, 37.7722]}}, {"id": "43", "type": "Feature", "properties": {"name": "easier marin headlands tour", "step": 43, "lat": 37.77207, "lon": -122.4383, "elevation_m": 65.6, "time": null, "elevation_f": 215.22310399999998, "step_elevation_m": 5.699999999999996, "step_elevation_f": 18.70078799999999, "step_dist_m": 89.07511398560469, "step_dist_f": 292.24119696853126, "step_grade": 0.06399093691781484, "step_turn": 1.337689902910995, "coast_speed_mps": 0.0, "coast_speed_mph": 0.0}, "geometry": {"type": "Point", "coordinates": [-122.4383, 37.77207]}}, {"id": "44", "type": "Feature", "properties": {"name": "easier marin headlands tour", "step": 44, "lat": 37.77195, "lon": -122.4393, "elevation_m": 71.0, "time": null, "elevation_f": 232.93964, "step_elevation_m": 5.400000000000006, "step_elevation_f": 17.71653600000002, "step_dist_m": 88.90158194668686, "step_dist_f": 291.6718661139681, "step_grade": 0.0607413263268849, "step_turn": 0.7071691773239763, "coast_speed_mps": 0.0, "coast_speed_mph": 0.0}, "geometry": {"type": "Point", "coordinates": [-122.4393, 37.77195]}}, {"id": "45", "type": "Feature", "properties": {"name": "easier marin headlands tour", "step": 45, "lat": 37.77182, "lon": -122.44029, "elevation_m": 73.6, "time": null, "elevation_f": 241.469824, "step_elevation_m": 2.5999999999999943, "step_elevation_f": 8.530183999999991, "step_dist_m": 88.20822690761769, "step_dist_f": 289.3970791675884, "step_grade": 0.029475708685574517, "step_turn": 0.7997914984126737, "coast_speed_mps": 0.0, "coast_speed_mph": 0.0}, "geometry": {"type": "Point", "coordinates": [-122.44029, 37.77182]}}, {"id": "46", "type": "Feature", "properties": {"name": "easier marin headlands tour", "step": 46, "lat": 37.77169, "lon": -122.44129, "elevation_m": 77.7, "time": null, "elevation_f": 254.921268, "step_elevation_m": 4.1000000000000085, "step_elevation_f": 13.45144400000001, "step_dist_m": 89.07555971244088, "step_dist_f": 292.24265932696454, "step_grade": 0.046028338336979044, "step_turn": 0.09266947081471244, "coast_speed_mps": 0.0, "coast_speed_mph": 0.0}, "geometry": {"type": "Point", "coordinates": [-122.44129, 37.77169]}}, {"id": "47", "type": "Feature", "properties": {"name": "easier marin headlands tour", "step": 47, "lat": 37.77157, "lon": -122.44229, "elevation_m": 78.2, "time": null, "elevation_f": 256.561688, "step_elevation_m": 0.5, "step_elevation_f": 1.640420000000006, "step_dist_m": 88.90202854747798, "step_dist_f": 291.67333133970766, "step_grade": 0.005624168628874152, "step_turn": 0.7071657199643937, "coast_speed_mps": 0.0, "coast_speed_mph": 0.0}, "geometry": {"type": "Point", "coordinates": [-122.44229, 37.77157]}}, {"id": "48", "type": "Feature", "properties": {"name": "easier marin headlands tour", "step": 48, "lat": 37.77144, "lon": -122.44329, "elevation_m": 78.3, "time": null, "elevation_f": 256.889772, "step_elevation_m": 0.09999999999999432, "step_elevation_f": 0.32808399999998983, "step_dist_m": 89.07585295318468, "step_dist_f": 292.2436214029264, "step_grade": 0.0011226387026857998, "step_turn": 0.7071347007375266, "coast_speed_mps": 0.0, "coast_speed_mph": 0.0}, "geometry": {"type": "Point", "coordinates": [-122.44329, 37.77144]}}, {"id": "49", "type": "Feature", "properties": {"name": "easier marin headlands tour", "step": 49, "lat": 37.77131, "lon": -122.44429, "elevation_m": 78.2, "time": null, "elevation_f": 256.561688, "step_elevation_m": -0.09999999999999432, "step_elevation_f": -0.32808399999998983, "step_dist_m": 89.076005439936, "step_dist_f": 292.24412168755964, "step_grade": -0.0011226367808716386, "step_turn": 1.612964166497477e-05, "coast_speed_mps": 0.0, "coast_speed_mph": 0.0}, "geometry": {"type": "Point", "coordinates": [-122.44429, 37.77131]}}, {"id": "50", "type": "Feature", "properties": {"name": "easier marin headlands tour", "step": 50, "lat": 37.77119, "lon": -122.44529, "elevation_m": 77.7, "time": null, "elevation_f": 254.921268, "step_elevation_m": -0.5, "step_elevation_f": -1.640420000000006, "step_dist_m": 88.90247514007619, "step_dist_f": 291.6747965385676, "step_grade": -0.005624140376431498, "step_turn": 0.7071622626674525, "coast_speed_mps": 0.0, "coast_speed_mph": 0.0}, "geometry": {"type": "Point", "coordinates": [-122.44529, 37.77119]}}, {"id": "51", "type": "Feature", "properties": {"name": "easier marin headlands tour", "step": 51, "lat": 37.7712, "lon": -122.44538, "elevation_m": 77.5, "time": null, "elevation_f": 254.2651, "step_elevation_m": -0.20000000000000284, "step_elevation_f": -0.6561680000000081, "step_dist_m": 7.988361324291878, "step_dist_f": 26.208535367189764, "step_grade": -0.025036423852263803, "step_turn": 16.63321023064003, "coast_speed_mps": 0.0, "coast_speed_mph": 0.0}, "geometry": {"type": "Point", "coordinates": [-122.44538, 37.7712]}}, {"id": "52", "type": "Feature", "properties": {"name": "easier marin headlands tour", "step": 52, "lat": 37.77119, "lon": -122.44542, "elevation_m": 77.5, "time": null, "elevation_f": 254.2651, "step_elevation_m": 0.0, "step_elevation_f": 0.0, "step_dist_m": 3.6874674183807774, "step_dist_f": 12.09799060492039, "step_grade": 0.0, "step_turn": 25.551966883603313, "coast_speed_mps": 0.0, "coast_speed_mph": 0.0}, "geometry": {"type": "Point", "coordinates": [-122.44542, 37.77119]}}, {"id": "53", "type": "Feature", "properties": {"name": "easier marin headlands tour", "step": 53, "lat": 37.77118, "lon": -122.44548, "elevation_m": 77.5, "time": null, "elevation_f": 254.2651, "step_elevation_m": 0.0, "step_elevation_f": 0.0, "step_dist_m": 5.3896803677845035, "step_dist_f": 17.68267893784211, "step_grade": 0.0, "step_turn": 5.644380418443291, "coast_speed_mps": 0.687256564948467, "coast_speed_mph": 1.5373491520858675}, "geometry": {"type": "Point", "coordinates": [-122.44548, 37.77118]}}, {"id": "54", "type": "Feature", "properties": {"name": "easier marin headlands tour", "step": 54, "lat": 37.77115, "lon": -122.44555, "elevation_m": 77.4, "time": null, "elevation_f": 253.93701600000003, "step_elevation_m": -0.09999999999999432, "step_elevation_f": -0.3280839999999614, "step_dist_m": 6.998816125769052, "step_dist_f": 22.961995898068135, "step_grade": -0.01428813076425922, "step_turn": 16.559305757294055, "coast_speed_mps": 0.4521816629415314, "coast_speed_mph": 1.0115015724354217}, "geometry": {"type": "Point", "coordinates": [-122.44555, 37.77115]}}, {"id": "55", "type": "Feature", "properties": {"name": "easier marin headlands tour", "step": 55, "lat": 37.77102, "lon": -122.44654, "elevation_m": 76.3, "time": null, "elevation_f": 250.328092, "step_elevation_m": -1.1000000000000085, "step_elevation_f": -3.60892400000003, "step_dist_m": 88.20915564083246, "step_dist_f": 289.4001261926688, "step_grade": -0.012470360837359756, "step_turn": 19.033903318121645, "coast_speed_mps": 2.795170371099318, "coast_speed_mph": 6.252618045587229}, "geometry": {"type": "Point", "coordinates": [-122.44654, 37.77102]}}, {"id": "56", "type": "Feature", "properties": {"name": "easier marin headlands tour", "step": 56, "lat": 37.7709, "lon": -122.44753, "elevation_m": 76.5, "time": null, "elevation_f": 250.98426, "step_elevation_m": 0.20000000000000284, "step_elevation_f": 0.6561680000000081, "step_dist_m": 88.03391369394755, "step_dist_f": 288.8251854036509, "step_grade": 0.0022718517399477277, "step_turn": 0.7139488501098299, "coast_speed_mps": 0.0, "coast_speed_mph": 0.0}, "geometry": {"type": "Point", "coordinates": [-122.44753, 37.7709]}}, {"id": "57", "type": "Feature", "properties": {"name": "easier marin headlands tour", "step": 57, "lat": 37.77077, "lon": -122.44852, "elevation_m": 77.2, "time": null, "elevation_f": 253.28084800000002, "step_elevation_m": 0.7000000000000028, "step_elevation_f": 2.296588000000014, "step_dist_m": 88.20944586727488, "step_dist_f": 289.4010783791901, "step_grade": 0.007935658059265716, "step_turn": 0.7139175348538629, "coast_speed_mps": 0.0, "coast_speed_mph": 0.0}, "geometry": {"type": "Point", "coordinates": [-122.44852, 37.77077]}}, {"id": "58", "type": "Feature", "properties": {"name": "easier marin headlands tour", "step": 58, "lat": 37.77065, "lon": -122.44951, "elevation_m": 77.6, "time": null, "elevation_f": 254.59318399999998, "step_elevation_m": 0.3999999999999915, "step_elevation_f": 1.3123359999999593, "step_dist_m": 88.03420450000168, "step_dist_f": 288.8261394917855, "step_grade": 0.004543688470541968, "step_turn": 0.7139465560514964, "coast_speed_mps": 0.0, "coast_speed_mph": 0.0}, "geometry": {"type": "Point", "coordinates": [-122.44951, 37.77065]}}, {"id": "59", "type": "Feature", "properties": {"name": "easier marin headlands tour", "step": 59, "lat": 37.77051, "lon": -122.45057, "elevation_m": 78.0, "time": null, "elevation_f": 255.90552, "step_elevation_m": 0.4000000000000057, "step_elevation_f": 1.3123360000000162, "step_dist_m": 94.46156081437965, "step_dist_f": 309.91326718224934, "step_grade": 0.004234526685262167, "step_turn": 0.7676577443997985, "coast_speed_mps": 0.0, "coast_speed_mph": 0.0}, "geometry": {"type": "Point", "coordinates": [-122.45057, 37.77051]}}, {"id": "60", "type": "Feature", "properties": {"name": "easier marin headlands tour", "step": 60, "lat": 37.77038, "lon": -122.45163, "elevation_m": 78.0, "time": null, "elevation_f": 255.90552, "step_elevation_m": 0.0, "step_elevation_f": 0.0, "step_dist_m": 94.28485841646477, "step_dist_f": 309.3335348870743, "step_grade": 0.0, "step_turn": 0.6665111998038924, "coast_speed_mps": 0.0, "coast_speed_mph": 0.0}, "geometry": {"type": "Point", "coordinates": [-122.45163, 37.77038]}}, {"id": "61", "type": "Feature", "properties": {"name": "easier marin headlands tour", "step": 61, "lat": 37.77024, "lon": -122.45269, "elevation_m": 78.7, "time": null, "elevation_f": 258.202108, "step_elevation_m": 0.7000000000000028, "step_elevation_f": 2.296588000000014, "step_dist_m": 94.46189636771399, "step_dist_f": 309.91436807905075, "step_grade": 0.007410395375454848, "step_turn": 0.6664771953799118, "coast_speed_mps": 0.0, "coast_speed_mph": 0.0}, "geometry": {"type": "Point", "coordinates": [-122.45269, 37.77024]}}, {"id": "62", "type": "Feature", "properties": {"name": "easier marin headlands tour", "step": 62, "lat": 37.77011, "lon": -122.45374, "elevation_m": 78.2, "time": null, "elevation_f": 256.561688, "step_elevation_m": -0.5, "step_elevation_f": -1.640420000000006, "step_dist_m": 93.41671657475443, "step_dist_f": 306.48530040711734, "step_grade": -0.005352361101237028, "step_turn": 0.5838534119098426, "coast_speed_mps": 0.0, "coast_speed_mph": 0.0}, "geometry": {"type": "Point", "coordinates": [-122.45374, 37.77011]}}, {"id": "63", "type": "Feature", "properties": {"name": "easier marin headlands tour", "step": 63, "lat": 37.77009, "lon": -122.45388, "elevation_m": 78.0, "time": null, "elevation_f": 255.90552, "step_elevation_m": -0.20000000000000284, "step_elevation_f": -0.6561680000000081, "step_dist_m": 12.504889965728875, "step_dist_f": 41.02654319516192, "step_grade": -0.015993743291474488, "step_turn": 1.3426435186624417, "coast_speed_mps": 0.0, "coast_speed_mph": 0.0}, "geometry": {"type": "Point", "coordinates": [-122.45388, 37.77009]}}, {"id": "64", "type": "Feature", "properties": {"name": "easier marin headlands tour", "step": 64, "lat": 37.77006, "lon": -122.45406, "elevation_m": 77.7, "time": null, "elevation_f": 254.921268, "step_elevation_m": -0.29999999999999716, "step_elevation_f": -0.9842519999999979, "step_dist_m": 16.169273493118446, "step_dist_f": 53.04879924716272, "step_grade": -0.01855370930101934, "step_turn": 1.6619512206608533, "coast_speed_mps": 1.3851043072701326, "coast_speed_mph": 3.0983900932134283}, "geometry": {"type": "Point", "coordinates": [-122.45406, 37.77006]}}, {"id": "65", "type": "Feature", "properties": {"name": "easier marin headlands tour", "step": 65, "lat": 37.77006, "lon": -122.4542, "elevation_m": 77.6, "time": null, "elevation_f": 254.59318399999998, "step_elevation_m": -0.10000000000000853, "step_elevation_f": -0.32808400000001825, "step_dist_m": 12.305556153766826, "step_dist_f": 40.372560851524355, "step_grade": -0.008126410440165092, "step_turn": 11.906056905776381, "coast_speed_mps": 1.7918721511484708, "coast_speed_mph": 4.008303845625601}, "geometry": {"type": "Point", "coordinates": [-122.4542, 37.77006]}}, {"id": "66", "type": "Feature", "properties": {"name": "easier marin headlands tour", "step": 66, "lat": 37.77021, "lon": -122.45502, "elevation_m": 76.7, "time": null, "elevation_f": 251.640428, "step_elevation_m": -0.8999999999999915, "step_elevation_f": -2.9527559999999653, "step_dist_m": 73.98006357687905, "step_dist_f": 242.71675178556785, "step_grade": -0.01216543966692762, "step_turn": 13.029894169790111, "coast_speed_mps": 2.751132075560701, "coast_speed_mph": 6.154107184056679}, "geometry": {"type": "Point", "coordinates": [-122.45502, 37.77021]}}, {"id": "67", "type": "Feature", "properties": {"name": "easier marin headlands tour", "step": 67, "lat": 37.77031, "lon": -122.45523, "elevation_m": 76.2, "time": null, "elevation_f": 250.000008, "step_elevation_m": -0.5, "step_elevation_f": -1.640420000000006, "step_dist_m": 21.548813807646212, "step_dist_f": 70.698210292678, "step_grade": -0.02320313333546851, "step_turn": 18.035393026050883, "coast_speed_mps": 3.805211191725708, "coast_speed_mph": 8.51201501370281}, "geometry": {"type": "Point", "coordinates": [-122.45523, 37.77031]}}, {"id": "68", "type": "Feature", "properties": {"name": "easier marin headlands tour", "step": 68, "lat": 37.77037, "lon": -122.45528, "elevation_m": 76.0, "time": null, "elevation_f": 249.34384, "step_elevation_m": -0.20000000000000284, "step_elevation_f": -0.6561680000000081, "step_dist_m": 7.98911806999009, "step_dist_f": 26.211018128746286, "step_grade": -0.02503405235069344, "step_turn": 25.56071719964615, "coast_speed_mps": 4.080370595256074, "coast_speed_mph": 9.127529069559927}, "geometry": {"type": "Point", "coordinates": [-122.45528, 37.77037]}}, {"id": "69", "type": "Feature", "properties": {"name": "easier marin headlands tour", "step": 69, "lat": 37.77036, "lon": -122.45532, "elevation_m": 75.8, "time": null, "elevation_f": 248.687672, "step_elevation_m": -0.20000000000000284, "step_elevation_f": -0.6561680000000081, "step_dist_m": 3.687505045889243, "step_dist_f": 12.098114054755264, "step_grade": -0.054237213918651814, "step_turn": 74.17646717640804, "coast_speed_mps": 4.194527664707902, "coast_speed_mph": 9.382891161211296}, "geometry": {"type": "Point", "coordinates": [-122.45532, 37.77036]}}, {"id": "70", "type": "Feature", "properties": {"name": "easier marin headlands tour", "step": 70, "lat": 37.77032, "lon": -122.45556, "elevation_m": 74.9, "time": null, "elevation_f": 245.73491600000003, "step_elevation_m": -0.8999999999999915, "step_elevation_f": -2.9527559999999653, "step_dist_m": 21.558957350947246, "step_dist_f": 70.73148963528176, "step_grade": -0.0417459891658651, "step_turn": 5.644382803578424, "coast_speed_mps": 5.401149143480877, "coast_speed_mph": 12.082026537850911}, "geometry": {"type": "Point", "coordinates": [-122.45556, 37.77032]}}, {"id": "71", "type": "Feature", "properties": {"name": "easier marin headlands tour", "step": 71, "lat": 37.7705, "lon": -122.4556, "elevation_m": 74.8, "time": null, "elevation_f": 245.40683199999998, "step_elevation_m": -0.10000000000000853, "step_elevation_f": -0.32808400000004667, "step_dist_m": 20.321538984041513, "step_dist_f": 66.67171796040276, "step_grade": -0.004920887147304071, "step_turn": 91.94309866380792, "coast_speed_mps": 4.871499593304425, "coast_speed_mph": 10.897234236990917}, "geometry": {"type": "Point", "coordinates": [-122.4556, 37.7705]}}, {"id": "72", "type": "Feature", "properties": {"name": "easier marin headlands tour", "step": 72, "lat": 37.77064, "lon": -122.45565, "elevation_m": 74.4, "time": null, "elevation_f": 244.09449600000002, "step_elevation_m": -0.3999999999999915, "step_elevation_f": -1.3123359999999593, "step_dist_m": 16.175749590521566, "step_dist_f": 53.07004628656677, "step_grade": -0.024728374889926446, "step_turn": 5.801982837452556, "coast_speed_mps": 4.877456648187702, "coast_speed_mph": 10.91055978925308}, "geometry": {"type": "Point", "coordinates": [-122.45565, 37.77064]}}, {"id": "73", "type": "Feature", "properties": {"name": "easier marin headlands tour", "step": 73, "lat": 37.77069, "lon": -122.45571, "elevation_m": 74.4, "time": null, "elevation_f": 244.09449600000002, "step_elevation_m": 0.0, "step_elevation_f": 0.0, "step_dist_m": 7.663119060326441, "step_dist_f": 25.1414675378814, "step_grade": 0.0, "step_turn": 27.7229353609049, "coast_speed_mps": 4.9136494492584895, "coast_speed_mph": 10.99152077947943}, "geometry": {"type": "Point", "coordinates": [-122.45571, 37.77069]}}, {"id": "74", "type": "Feature", "properties": {"name": "easier marin headlands tour", "step": 74, "lat": 37.77072, "lon": -122.45579, "elevation_m": 74.2, "time": null, "elevation_f": 243.438328, "step_elevation_m": -0.20000000000000284, "step_elevation_f": -0.6561680000000081, "step_dist_m": 7.782832065964073, "step_dist_f": 25.53422675529757, "step_grade": -0.02569758647043716, "step_turn": 21.132347004000962, "coast_speed_mps": 4.925786011885072, "coast_speed_mph": 11.018669496879623}, "geometry": {"type": "Point", "coordinates": [-122.45579, 37.77072]}}, {"id": "75", "type": "Feature", "properties": {"name": "easier marin headlands tour", "step": 75, "lat": 37.77074, "lon": -122.45587, "elevation_m": 74.0, "time": null, "elevation_f": 242.78216, "step_elevation_m": -0.20000000000000284, "step_elevation_f": -0.6561680000000081, "step_dist_m": 7.374976997894096, "step_dist_f": 24.19611953377087, "step_grade": -0.027118728649202874, "step_turn": 7.829258395668319, "coast_speed_mps": 5.06482643954085, "coast_speed_mph": 11.329694075565596}, "geometry": {"type": "Point", "coordinates": [-122.45587, 37.77074]}}, {"id": "76", "type": "Feature", "properties": {"name": "easier marin headlands tour", "step": 76, "lat": 37.77077, "lon": -122.45612, "elevation_m": 74.3, "time": null, "elevation_f": 243.766412, "step_elevation_m": 0.29999999999999716, "step_elevation_f": 0.9842519999999979, "step_dist_m": 22.225764220784985, "step_dist_f": 72.9191762861202, "step_grade": 0.013497848578787882, "step_turn": 8.91836390005318, "coast_speed_mps": 3.496552801390806, "coast_speed_mph": 7.821565858515574}, "geometry": {"type": "Point", "coordinates": [-122.45612, 37.77077]}}, {"id": "77", "type": "Feature", "properties": {"name": "easier marin headlands tour", "step": 77, "lat": 37.77088, "lon": -122.45672, "elevation_m": 75.6, "time": null, "elevation_f": 248.03150399999998, "step_elevation_m": 1.2999999999999972, "step_elevation_f": 4.2650919999999815, "step_dist_m": 54.13739541563153, "step_dist_f": 177.61613237542056, "step_grade": 0.024012976428205438, "step_turn": 4.425776970778941, "coast_speed_mps": 0.0, "coast_speed_mph": 0.0}, "geometry": {"type": "Point", "coordinates": [-122.45672, 37.77088]}}, {"id": "78", "type": "Feature", "properties": {"name": "easier marin headlands tour", "step": 78, "lat": 37.77101, "lon": -122.45765, "elevation_m": 76.7, "time": null, "elevation_f": 251.640428, "step_elevation_m": 1.1000000000000085, "step_elevation_f": 3.60892400000003, "step_dist_m": 83.01136602423068, "step_dist_f": 272.347010106937, "step_grade": 0.013251197428541568, "step_turn": 3.0292323119796833, "coast_speed_mps": 0.0, "coast_speed_mph": 0.0}, "geometry": {"type": "Point", "coordinates": [-122.45765, 37.77101]}}, {"id": "79", "type": "Feature", "properties": {"name": "easier marin headlands tour", "step": 79, "lat": 37.7711, "lon": -122.4576, "elevation_m": 76.7, "time": null, "elevation_f": 251.640428, "step_elevation_m": 0.0, "step_elevation_f": 0.0, "step_dist_m": 10.930006255332858, "step_dist_f": 35.859601722746255, "step_grade": 0.0, "step_turn": 103.67979995196822, "coast_speed_mps": 0.0, "coast_speed_mph": 0.0}, "geometry": {"type": "Point", "coordinates": [-122.4576, 37.7711]}}, {"id": "80", "type": "Feature", "properties": {"name": "easier marin headlands tour", "step": 80, "lat": 37.77117, "lon": -122.45821, "elevation_m": 76.2, "time": null, "elevation_f": 250.000008, "step_elevation_m": -0.5, "step_elevation_f": -1.640420000000006, "step_dist_m": 54.178328848016626, "step_dist_f": 177.75042841772688, "step_grade": -0.009228782257249416, "step_turn": 105.44822876268358, "coast_speed_mps": 1.1428777292498575, "coast_speed_mph": 2.5565446699397287}, "geometry": {"type": "Point", "coordinates": [-122.45821, 37.77117]}}, {"id": "81", "type": "Feature", "properties": {"name": "easier marin headlands tour", "step": 81, "lat": 37.77131, "lon": -122.45912, "elevation_m": 76.3, "time": null, "elevation_f": 250.328092, "step_elevation_m": 0.09999999999999432, "step_elevation_f": 0.32808399999998983, "step_dist_m": 81.4856730386205, "step_dist_f": 267.3414555320277, "step_grade": 0.0012272095973558303, "step_turn": 2.7536634900967556, "coast_speed_mps": 0.0, "coast_speed_mph": 0.0}, "geometry": {"type": "Point", "coordinates": [-122.45912, 37.77131]}}, {"id": "82", "type": "Feature", "properties": {"name": "easier marin headlands tour", "step": 82, "lat": 37.77144, "lon": -122.45995, "elevation_m": 75.9, "time": null, "elevation_f": 249.015756, "step_elevation_m": -0.3999999999999915, "step_elevation_f": -1.3123359999999877, "step_dist_m": 74.37141566109513, "step_dist_f": 244.00071535754734, "step_grade": -0.005378410461120722, "step_turn": 0.19404200236294855, "coast_speed_mps": 1.762561270792305, "coast_speed_mph": 3.9427372736048296}, "geometry": {"type": "Point", "coordinates": [-122.45995, 37.77144]}}, {"id": "83", "type": "Feature", "properties": {"name": "easier marin headlands tour", "step": 83, "lat": 37.77157, "lon": -122.45994, "elevation_m": 75.4, "time": null, "elevation_f": 247.375336, "step_elevation_m": -0.5, "step_elevation_f": -1.640420000000006, "step_dist_m": 14.482037943246377, "step_dist_f": 47.51324936572044, "step_grade": -0.03452552755071135, "step_turn": 82.27156419638231, "coast_speed_mps": 1.5694008176617553, "coast_speed_mph": 3.51064964580743}, "geometry": {"type": "Point", "coordinates": [-122.45994, 37.77157]}}, {"id": "84", "type": "Feature", "properties": {"name": "easier marin headlands tour", "step": 84, "lat": 37.77157, "lon": -122.46009, "elevation_m": 75.6, "time": null, "elevation_f": 248.03150399999998, "step_elevation_m": 0.19999999999998863, "step_elevation_f": 0.6561679999999797, "step_dist_m": 13.184255206960167, "step_dist_f": 43.25543185320319, "step_grade": 0.015169609269578279, "step_turn": 93.47951366099949, "coast_speed_mps": 1.7227246850133735, "coast_speed_mph": 3.8536253691243996}, "geometry": {"type": "Point", "coordinates": [-122.46009, 37.77157]}}, {"id": "85", "type": "Feature", "properties": {"name": "easier marin headlands tour", "step": 85, "lat": 37.77159, "lon": -122.46029, "elevation_m": 75.2, "time": null, "elevation_f": 246.719168, "step_elevation_m": -0.3999999999999915, "step_elevation_f": -1.3123359999999877, "step_dist_m": 17.719117536439587, "step_dist_f": 58.133589578252455, "step_grade": -0.022574487650267372, "step_turn": 7.210132934022283, "coast_speed_mps": 2.767825028040345, "coast_speed_mph": 6.191448255279934}, "geometry": {"type": "Point", "coordinates": [-122.46029, 37.77159]}}, {"id": "86", "type": "Feature", "properties": {"name": "easier marin headlands tour", "step": 86, "lat": 37.77165, "lon": -122.46065, "elevation_m": 74.5, "time": null, "elevation_f": 244.42258, "step_elevation_m": -0.7000000000000028, "step_elevation_f": -2.2965879999999856, "step_dist_m": 32.33790005509996, "step_dist_f": 106.09547601677414, "step_grade": -0.021646427220298338, "step_turn": 4.696242205745307, "coast_speed_mps": 3.815552023660447, "coast_speed_mph": 8.535146795947663}, "geometry": {"type": "Point", "coordinates": [-122.46065, 37.77165]}}, {"id": "87", "type": "Feature", "properties": {"name": "easier marin headlands tour", "step": 87, "lat": 37.77165, "lon": -122.46065, "elevation_m": 74.5, "time": null, "elevation_f": 244.42258, "step_elevation_m": 0.0, "step_elevation_f": 0.0, "step_dist_m": 0.0, "step_dist_f": 0.0, "step_grade": null, "step_turn": null, "coast_speed_mps": 3.815552023660447, "coast_speed_mph": 8.535146795947663}, "geometry": {"type": "Point", "coordinates": [-122.46065, 37.77165]}}, {"id": "88", "type": "Feature", "properties": {"name": "easier marin headlands tour", "step": 88, "lat": 37.77176, "lon": -122.46133, "elevation_m": 74.9, "time": null, "elevation_f": 245.73491600000003, "step_elevation_m": 0.4000000000000057, "step_elevation_f": 1.3123360000000162, "step_dist_m": 61.007241339886534, "step_dist_f": 200.15499767755333, "step_grade": 0.0065565987121349424, "step_turn": null, "coast_speed_mps": 0.0, "coast_speed_mph": 0.0}, "geometry": {"type": "Point", "coordinates": [-122.46133, 37.77176]}}, {"id": "89", "type": "Feature", "properties": {"name": "easier marin headlands tour", "step": 89, "lat": 37.77187, "lon": -122.46201, "elevation_m": 74.6, "time": null, "elevation_f": 244.75066399999997, "step_elevation_m": -0.30000000000001137, "step_elevation_f": -0.9842520000000547, "step_dist_m": 61.007154226449245, "step_dist_f": 200.15471187230375, "step_grade": -0.004917456055833339, "step_turn": 1.6742924856316677e-05, "coast_speed_mps": 0.0, "coast_speed_mph": 0.0}, "geometry": {"type": "Point", "coordinates": [-122.46201, 37.77187]}}, {"id": "90", "type": "Feature", "properties": {"name": "easier marin headlands tour", "step": 90, "lat": 37.77192, "lon": -122.46198, "elevation_m": 75.1, "time": null, "elevation_f": 246.39108399999998, "step_elevation_m": 0.5, "step_elevation_f": 1.640420000000006, "step_dist_m": 6.1533488093197555, "step_dist_f": 20.188152907568625, "step_grade": 0.08125656703268774, "step_turn": 103.80779387475764, "coast_speed_mps": 0.0, "coast_speed_mph": 0.0}, "geometry": {"type": "Point", "coordinates": [-122.46198, 37.77192]}}, {"id": "91", "type": "Feature", "properties": {"name": "easier marin headlands tour", "step": 91, "lat": 37.772, "lon": -122.46189, "elevation_m": 75.8, "time": null, "elevation_f": 248.687672, "step_elevation_m": 0.7000000000000028, "step_elevation_f": 2.296588000000014, "step_dist_m": 11.904107928499693, "step_dist_f": 39.055473456138934, "step_grade": 0.05880323029700771, "step_turn": 16.271713649965477, "coast_speed_mps": 0.0, "coast_speed_mph": 0.0}, "geometry": {"type": "Point", "coordinates": [-122.46189, 37.772]}}, {"id": "92", "type": "Feature", "properties": {"name": "easier marin headlands tour", "step": 92, "lat": 37.77217, "lon": -122.46157, "elevation_m": 76.6, "time": null, "elevation_f": 251.31234399999997, "step_elevation_m": 0.7999999999999972, "step_elevation_f": 2.6246719999999755, "step_dist_m": 33.88823675824007, "step_dist_f": 111.18188268590434, "step_grade": 0.023607011651483278, "step_turn": 14.450101450985699, "coast_speed_mps": 0.0, "coast_speed_mph": 0.0}, "geometry": {"type": "Point", "coordinates": [-122.46157, 37.77217]}}, {"id": "93", "type": "Feature", "properties": {"name": "easier marin headlands tour", "step": 93, "lat": 37.77229, "lon": -122.46139, "elevation_m": 77.0, "time": null, "elevation_f": 252.62468, "step_elevation_m": 0.4000000000000057, "step_elevation_f": 1.3123360000000446, "step_dist_m": 20.696594480663805, "step_dist_f": 67.90221503594104, "step_grade": 0.019326851109428337, "step_turn": 6.2398602770855405, "coast_speed_mps": 0.0, "coast_speed_mph": 0.0}, "geometry": {"type": "Point", "coordinates": [-122.46139, 37.77229]}}, {"id": "94", "type": "Feature", "properties": {"name": "easier marin headlands tour", "step": 94, "lat": 37.7724, "lon": -122.46126, "elevation_m": 77.3, "time": null, "elevation_f": 253.60893199999998, "step_elevation_m": 0.29999999999999716, "step_elevation_f": 0.9842519999999695, "step_dist_m": 16.738190232565593, "step_dist_f": 54.9153240426105, "step_grade": 0.01792308462454449, "step_turn": 6.805077161506233, "coast_speed_mps": 0.0, "coast_speed_mph": 0.0}, "geometry": {"type": "Point", "coordinates": [-122.46126, 37.7724]}}, {"id": "95", "type": "Feature", "properties": {"name": "easier marin headlands tour", "step": 95, "lat": 37.77254, "lon": -122.46116, "elevation_m": 78.2, "time": null, "elevation_f": 256.561688, "step_elevation_m": 0.9000000000000057, "step_elevation_f": 2.952756000000022, "step_dist_m": 17.87719217679317, "step_dist_f": 58.652207181310104, "step_grade": 0.05034347626291774, "step_turn": 13.60127253270906, "coast_speed_mps": 0.0, "coast_speed_mph": 0.0}, "geometry": {"type": "Point", "coordinates": [-122.46116, 37.77254]}}, {"id": "96", "type": "Feature", "properties": {"name": "easier marin headlands tour", "step": 96, "lat": 37.77277, "lon": -122.461, "elevation_m": 77.4, "time": null, "elevation_f": 253.93701600000003, "step_elevation_m": -0.7999999999999972, "step_elevation_f": -2.6246719999999755, "step_dist_m": 29.186298768925, "step_dist_f": 95.7555764530399, "step_grade": -0.027410121657898148, "step_turn": 0.6440234487958492, "coast_speed_mps": 3.3339043995335973, "coast_speed_mph": 7.4577317455565355}, "geometry": {"type": "Point", "coordinates": [-122.461, 37.77277]}}, {"id": "97", "type": "Feature", "properties": {"name": "easier marin headlands tour", "step": 97, "lat": 37.77287, "lon": -122.46087, "elevation_m": 77.1, "time": null, "elevation_f": 252.95276399999997, "step_elevation_m": -0.30000000000001137, "step_elevation_f": -0.9842520000000547, "step_dist_m": 15.943659560591163, "step_dist_f": 52.30859603276991, "step_grade": -0.018816257262638636, "step_turn": 16.973945288238838, "coast_speed_mps": 3.151879655865455, "coast_speed_mph": 7.050553990393368}, "geometry": {"type": "Point", "coordinates": [-122.46087, 37.77287]}}, {"id": "98", "type": "Feature", "properties": {"name": "easier marin headlands tour", "step": 98, "lat": 37.77292, "lon": -122.4608, "elevation_m": 77.2, "time": null, "elevation_f": 253.28084800000002, "step_elevation_m": 0.10000000000000853, "step_elevation_f": 0.32808400000004667, "step_dist_m": 8.292439598543782, "step_dist_f": 27.20616753248638, "step_grade": 0.01205917737616917, "step_turn": 2.11816997559788, "coast_speed_mps": 3.064293576746369, "coast_speed_mph": 6.854629511333137}, "geometry": {"type": "Point", "coordinates": [-122.4608, 37.77292]}}, {"id": "99", "type": "Feature", "properties": {"name": "easier marin headlands tour", "step": 99, "lat": 37.77299, "lon": -122.46061, "elevation_m": 77.3, "time": null, "elevation_f": 253.60893199999998, "step_elevation_m": 0.09999999999999432, "step_elevation_f": 0.3280839999999614, "step_dist_m": 18.424618577257764, "step_dist_f": 60.448225613010365, "step_grade": 0.005427520769598361, "step_turn": 17.11258729000815, "coast_speed_mps": 1.9923079437485536, "coast_speed_mph": 4.456665944319415}, "geometry": {"type": "Point", "coordinates": [-122.46061, 37.77299]}}, {"id": "100", "type": "Feature", "properties": {"name": "easier marin headlands tour", "step": 100, "lat": 37.77302, "lon": -122.46051, "elevation_m": 77.3, "time": null, "elevation_f": 253.60893199999998, "step_elevation_m": 0.0, "step_elevation_f": 0.0, "step_dist_m": 9.401077235571337, "step_dist_f": 30.843430237551868, "step_grade": 0.0, "step_turn": 4.206515740277609, "coast_speed_mps": 1.2512482367981936, "coast_speed_mph": 2.7989625912629568}, "geometry": {"type": "Point", "coordinates": [-122.46051, 37.77302]}}, {"id": "101", "type": "Feature", "properties": {"name": "easier marin headlands tour", "step": 101, "lat": 37.77312, "lon": -122.45978, "elevation_m": 78.4, "time": null, "elevation_f": 257.21785600000004, "step_elevation_m": 1.1000000000000085, "step_elevation_f": 3.6089240000000586, "step_dist_m": 65.11846754985498, "step_dist_f": 213.6432730762662, "step_grade": 0.01689228941325813, "step_turn": 10.951359468043734, "coast_speed_mps": 0.0, "coast_speed_mph": 0.0}, "geometry": {"type": "Point", "coordinates": [-122.45978, 37.77312]}}, {"id": "102", "type": "Feature", "properties": {"name": "easier marin headlands tour", "step": 102, "lat": 37.77323, "lon": -122.45904, "elevation_m": 87.4, "time": null, "elevation_f": 286.74541600000003, "step_elevation_m": 9.0, "step_elevation_f": 29.527559999999994, "step_dist_m": 66.18102932922088, "step_dist_f": 217.12936826448103, "step_grade": 0.13599063192609237, "step_turn": 0.8186337447705228, "coast_speed_mps": 0.0, "coast_speed_mph": 0.0}, "geometry": {"type": "Point", "coordinates": [-122.45904, 37.77323]}}, {"id": "103", "type": "Feature", "properties": {"name": "easier marin headlands tour", "step": 103, "lat": 37.7733, "lon": -122.45901, "elevation_m": 86.7, "time": null, "elevation_f": 284.448828, "step_elevation_m": -0.7000000000000028, "step_elevation_f": -2.2965880000000425, "step_dist_m": 8.218137990181992, "step_dist_f": 26.962395843708688, "step_grade": -0.08517744540628007, "step_turn": 60.634919519396874, "coast_speed_mps": 0.0, "coast_speed_mph": 0.0}, "geometry": {"type": "Point", "coordinates": [-122.45901, 37.7733]}}, {"id": "104", "type": "Feature", "properties": {"name": "easier marin headlands tour", "step": 104, "lat": 37.77344, "lon": -122.45889, "elevation_m": 84.4, "time": null, "elevation_f": 276.902896, "step_elevation_m": -2.299999999999997, "step_elevation_f": -7.545931999999993, "step_dist_m": 18.8037982285484, "step_dist_f": 61.692253380150724, "step_grade": -0.12231571366832045, "step_turn": 15.404046394563352, "coast_speed_mps": 6.4941940092706645, "coast_speed_mph": 14.527098266979817}, "geometry": {"type": "Point", "coordinates": [-122.45889, 37.77344]}}, {"id": "105", "type": "Feature", "properties": {"name": "easier marin headlands tour", "step": 105, "lat": 37.77379, "lon": -122.45856, "elevation_m": 79.0, "time": null, "elevation_f": 259.18636, "step_elevation_m": -5.400000000000006, "step_elevation_f": -17.71653600000002, "step_dist_m": 48.53753847277682, "step_dist_f": 159.2438977230251, "step_grade": -0.11125409672409935, "step_turn": 2.5775504375582727, "coast_speed_mps": 11.342989434437973, "coast_speed_mph": 25.373544726283914}, "geometry": {"type": "Point", "coordinates": [-122.45856, 37.77379]}}, {"id": "106", "type": "Feature", "properties": {"name": "easier marin headlands tour", "step": 106, "lat": 37.7739, "lon": -122.45847, "elevation_m": 77.2, "time": null, "elevation_f": 253.28084800000002, "step_elevation_m": -1.7999999999999972, "step_elevation_f": -5.905511999999959, "step_dist_m": 14.566439912344588, "step_dist_f": 47.79015872201662, "step_grade": -0.12357171764904307, "step_turn": 3.8044306102491987, "coast_speed_mps": 12.008641303661006, "coast_speed_mph": 26.862565550422765}, "geometry": {"type": "Point", "coordinates": [-122.45847, 37.7739]}}, {"id": "107", "type": "Feature", "properties": {"name": "easier marin headlands tour", "step": 107, "lat": 37.77396, "lon": -122.45843, "elevation_m": 76.7, "time": null, "elevation_f": 251.640428, "step_elevation_m": -0.5, "step_elevation_f": -1.640420000000006, "step_dist_m": 7.541325645960181, "step_dist_f": 24.741882832292, "step_grade": -0.06630134056972403, "step_turn": 5.104262141360891, "coast_speed_mps": 12.114584926278342, "coast_speed_mph": 27.0995546847672}, "geometry": {"type": "Point", "coordinates": [-122.45843, 37.77396]}}, {"id": "108", "type": "Feature", "properties": {"name": "easier marin headlands tour", "step": 108, "lat": 37.77407, "lon": -122.45839, "elevation_m": 76.3, "time": null, "elevation_f": 250.328092, "step_elevation_m": -0.4000000000000057, "step_elevation_f": -1.3123360000000162, "step_dist_m": 12.726673314789386, "step_dist_f": 41.754178878093605, "step_grade": -0.03143005168013345, "step_turn": 11.751005286446969, "coast_speed_mps": 11.957755487361037, "coast_speed_mph": 26.748737221190552}, "geometry": {"type": "Point", "coordinates": [-122.45839, 37.77407]}}, {"id": "109", "type": "Feature", "properties": {"name": "easier marin headlands tour", "step": 109, "lat": 37.7742, "lon": -122.45838, "elevation_m": 75.6, "time": null, "elevation_f": 248.03150399999998, "step_elevation_m": -0.7000000000000028, "step_elevation_f": -2.296588000000014, "step_dist_m": 14.482036045778973, "step_dist_f": 47.51324314043348, "step_grade": -0.04833574490404817, "step_turn": 12.556798036650719, "coast_speed_mps": 11.709303924733232, "coast_speed_mph": 26.192966903930788}, "geometry": {"type": "Point", "coordinates": [-122.45838, 37.7742]}}, {"id": "110", "type": "Feature", "properties": {"name": "easier marin headlands tour", "step": 110, "lat": 37.7743, "lon": -122.45839, "elevation_m": 75.2, "time": null, "elevation_f": 246.719168, "step_elevation_m": -0.3999999999999915, "step_elevation_f": -1.3123359999999877, "step_dist_m": 11.154174770440868, "step_dist_f": 36.59506275385321, "step_grade": -0.03586101242200471, "step_turn": 7.998869034041718, "coast_speed_mps": 11.570580364147434, "coast_speed_mph": 25.882651136693408}, "geometry": {"type": "Point", "coordinates": [-122.45839, 37.7743]}}, {"id": "111", "type": "Feature", "properties": {"name": "easier marin headlands tour", "step": 111, "lat": 37.77509, "lon": -122.45845, "elevation_m": 72.0, "time": null, "elevation_f": 236.22048, "step_elevation_m": -3.200000000000003, "step_elevation_f": -10.498687999999987, "step_dist_m": 88.00213930314352, "step_dist_f": 288.7209387113254, "step_grade": -0.03636275237556294, "step_turn": 1.083975400671477, "coast_speed_mps": 9.955789521686901, "coast_speed_mph": 22.270466897116343}, "geometry": {"type": "Point", "coordinates": [-122.45845, 37.77509]}}, {"id": "112", "type": "Feature", "properties": {"name": "easier marin headlands tour", "step": 112, "lat": 37.77588, "lon": -122.45851, "elevation_m": 69.2, "time": null, "elevation_f": 227.034128, "step_elevation_m": -2.799999999999997, "step_elevation_f": -9.186352, "step_dist_m": 88.00213592714188, "step_dist_f": 288.72092763520413, "step_grade": -0.031817409549219966, "step_turn": 3.662215522126644e-05, "coast_speed_mps": 8.84587696506219, "coast_speed_mph": 19.787663218195643}, "geometry": {"type": "Point", "coordinates": [-122.45851, 37.77588]}}, {"id": "113", "type": "Feature", "properties": {"name": "easier marin headlands tour", "step": 113, "lat": 37.77668, "lon": -122.45856, "elevation_m": 67.5, "time": null, "elevation_f": 221.4567, "step_elevation_m": -1.7000000000000028, "step_elevation_f": -5.577427999999998, "step_dist_m": 89.064419817706, "step_dist_f": 292.20611111472255, "step_grade": -0.019087307855140186, "step_turn": 0.607292704961651, "coast_speed_mps": 6.934946269612841, "coast_speed_mph": 15.513032993944242}, "geometry": {"type": "Point", "coordinates": [-122.45856, 37.77668]}}, {"id": "114", "type": "Feature", "properties": {"name": "easier marin headlands tour", "step": 114, "lat": 37.77747, "lon": -122.45862, "elevation_m": 66.7, "time": null, "elevation_f": 218.832028, "step_elevation_m": -0.7999999999999972, "step_elevation_f": -2.624672000000004, "step_dist_m": 88.00212913020415, "step_dist_f": 288.720905335539, "step_grade": -0.009090689144763209, "step_turn": 0.6072189951233895, "coast_speed_mps": 4.636778758364393, "coast_speed_mph": 10.37217868281225}, "geometry": {"type": "Point", "coordinates": [-122.45862, 37.77747]}}, {"id": "115", "type": "Feature", "properties": {"name": "easier marin headlands tour", "step": 115, "lat": 37.77746, "lon": -122.45869, "elevation_m": 66.4, "time": null, "elevation_f": 217.847776, "step_elevation_m": -0.29999999999999716, "step_elevation_f": -0.9842519999999979, "step_dist_m": 6.251841879374367, "step_dist_f": 20.5112929115266, "step_grade": -0.047985858533904364, "step_turn": 96.8097359777592, "coast_speed_mps": 4.565481603537241, "coast_speed_mph": 10.212691489659171}, "geometry": {"type": "Point", "coordinates": [-122.45869, 37.77746]}}, {"id": "116", "type": "Feature", "properties": {"name": "easier marin headlands tour", "step": 116, "lat": 37.77741, "lon": -122.45869, "elevation_m": 66.5, "time": null, "elevation_f": 218.17586, "step_elevation_m": 0.09999999999999432, "step_elevation_f": 0.32808399999998983, "step_dist_m": 5.559746331576854, "step_dist_f": 18.240638154490604, "step_grade": 0.017986432120479918, "step_turn": 79.75491685709005, "coast_speed_mps": 4.464206684537047, "coast_speed_mph": 9.98614594787277}, "geometry": {"type": "Point", "coordinates": [-122.45869, 37.77741]}}, {"id": "117", "type": "Feature", "properties": {"name": "easier marin headlands tour", "step": 117, "lat": 37.77746, "lon": -122.45869, "elevation_m": 66.4, "time": null, "elevation_f": 217.847776, "step_elevation_m": -0.09999999999999432, "step_elevation_f": -0.32808399999998983, "step_dist_m": 5.559746331576854, "step_dist_f": 18.240638154490604, "step_grade": -0.017986432120479918, "step_turn": null, "coast_speed_mps": 4.274227444933953, "coast_speed_mph": 9.561174492067707}, "geometry": {"type": "Point", "coordinates": [-122.45869, 37.77746]}}, {"id": "118", "type": "Feature", "properties": {"name": "easier marin headlands tour", "step": 118, "lat": 37.77747, "lon": -122.45862, "elevation_m": 66.7, "time": null, "elevation_f": 218.832028, "step_elevation_m": 0.29999999999999716, "step_elevation_f": 0.9842519999999979, "step_dist_m": 6.251841879374367, "step_dist_f": 20.5112929115266, "step_grade": 0.047985858533904364, "step_turn": null, "coast_speed_mps": 3.7891512388519843, "coast_speed_mph": 8.476089922270893}, "geometry": {"type": "Point", "coordinates": [-122.45862, 37.77747]}}, {"id": "119", "type": "Feature", "properties": {"name": "easier marin headlands tour", "step": 119, "lat": 37.77822, "lon": -122.45868, "elevation_m": 66.7, "time": null, "elevation_f": 218.832028, "step_elevation_m": 0.0, "step_elevation_f": 0.0, "step_dist_m": 83.56274618965013, "step_dist_f": 274.1560002088517, "step_grade": 0.0, "step_turn": 83.37292863277753, "coast_speed_mps": 0.0, "coast_speed_mph": 0.0}, "geometry": {"type": "Point", "coordinates": [-122.45868, 37.77822]}}, {"id": "120", "type": "Feature", "properties": {"name": "easier marin headlands tour", "step": 120, "lat": 37.77898, "lon": -122.45873, "elevation_m": 67.1, "time": null, "elevation_f": 220.14436399999997, "step_elevation_m": 0.3999999999999915, "step_elevation_f": 1.3123359999999593, "step_dist_m": 84.62231747375063, "step_dist_f": 277.63228406058, "step_grade": 0.004726885435677996, "step_turn": 0.6414311099105703, "coast_speed_mps": 0.0, "coast_speed_mph": 0.0}, "geometry": {"type": "Point", "coordinates": [-122.45873, 37.77898]}}, {"id": "121", "type": "Feature", "properties": {"name": "easier marin headlands tour", "step": 121, "lat": 37.77973, "lon": -122.45879, "elevation_m": 67.2, "time": null, "elevation_f": 220.472448, "step_elevation_m": 0.10000000000000853, "step_elevation_f": 0.32808400000004667, "step_dist_m": 83.56273939219132, "step_dist_f": 274.15597790747694, "step_grade": 0.001196705621756498, "step_turn": 0.6413573989373162, "coast_speed_mps": 0.0, "coast_speed_mph": 0.0}, "geometry": {"type": "Point", "coordinates": [-122.45879, 37.77973]}}, {"id": "122", "type": "Feature", "properties": {"name": "easier marin headlands tour", "step": 122, "lat": 37.78059, "lon": -122.45885, "elevation_m": 66.5, "time": null, "elevation_f": 218.17586, "step_elevation_m": -0.7000000000000028, "step_elevation_f": -2.296588000000014, "step_dist_m": 95.77291064361093, "step_dist_f": 314.2155961559845, "step_grade": -0.007308956105603127, "step_turn": 0.4617976755405948, "coast_speed_mps": 0.0, "coast_speed_mph": 0.0}, "geometry": {"type": "Point", "coordinates": [-122.45885, 37.78059]}}, {"id": "123", "type": "Feature", "properties": {"name": "easier marin headlands tour", "step": 123, "lat": 37.78146, "lon": -122.45891, "elevation_m": 64.2, "time": null, "elevation_f": 210.629928, "step_elevation_m": -2.299999999999997, "step_elevation_f": -7.545931999999993, "step_dist_m": 96.88318922885449, "step_dist_f": 317.858242549595, "step_grade": -0.023739928653329197, "step_turn": 0.036242530117533533, "coast_speed_mps": 5.469845941033344, "coast_speed_mph": 12.235696897443937}, "geometry": {"type": "Point", "coordinates": [-122.45891, 37.78146]}}, {"id": "124", "type": "Feature", "properties": {"name": "easier marin headlands tour", "step": 124, "lat": 37.78232, "lon": -122.45897, "elevation_m": 63.0, "time": null, "elevation_f": 206.69292, "step_elevation_m": -1.2000000000000028, "step_elevation_f": -3.93700800000002, "step_dist_m": 95.77290384853875, "step_dist_f": 314.21557386243984, "step_grade": -0.01252963992715265, "step_turn": 0.03616880733943617, "coast_speed_mps": 4.250402989232312, "coast_speed_mph": 9.507880702470265}, "geometry": {"type": "Point", "coordinates": [-122.45897, 37.78232]}}, {"id": "125", "type": "Feature", "properties": {"name": "easier marin headlands tour", "step": 125, "lat": 37.78318, "lon": -122.45903, "elevation_m": 61.3, "time": null, "elevation_f": 201.115492, "step_elevation_m": -1.7000000000000028, "step_elevation_f": -5.577427999999998, "step_dist_m": 95.77290047149266, "step_dist_f": 314.215562782892, "step_grade": -0.017750323856026658, "step_turn": 3.6647419278779125e-05, "coast_speed_mps": 4.908225945533965, "coast_speed_mph": 10.979388747167947}, "geometry": {"type": "Point", "coordinates": [-122.45903, 37.78318]}}, {"id": "126", "type": "Feature", "properties": {"name": "easier marin headlands tour", "step": 126, "lat": 37.78404, "lon": -122.45909, "elevation_m": 60.5, "time": null, "elevation_f": 198.49081999999999, "step_elevation_m": -0.7999999999999972, "step_elevation_f": -2.624672000000004, "step_dist_m": 95.77289709288475, "step_dist_f": 314.21555169822, "step_grade": -0.008353093873981093, "step_turn": 3.664938566316778e-05, "coast_speed_mps": 2.890784780562062, "coast_speed_mph": 6.466501388157791}, "geometry": {"type": "Point", "coordinates": [-122.45909, 37.78404]}}, {"id": "127", "type": "Feature", "properties": {"name": "easier marin headlands tour", "step": 127, "lat": 37.78491, "lon": -122.45915, "elevation_m": 61.4, "time": null, "elevation_f": 201.443576, "step_elevation_m": 0.8999999999999986, "step_elevation_f": 2.952756000000022, "step_dist_m": 96.88317583319346, "step_dist_f": 317.85819860057444, "step_grade": 0.009289538583557112, "step_turn": 0.03624085448433334, "coast_speed_mps": 0.0, "coast_speed_mph": 0.0}, "geometry": {"type": "Point", "coordinates": [-122.45915, 37.78491]}}, {"id": "128", "type": "Feature", "properties": {"name": "easier marin headlands tour", "step": 128, "lat": 37.78577, "lon": -122.45921, "elevation_m": 63.9, "time": null, "elevation_f": 209.64567599999998, "step_elevation_m": 2.5, "step_elevation_f": 8.202099999999973, "step_dist_m": 95.77289029772409, "step_dist_f": 314.2155294043851, "step_grade": 0.026103420208248733, "step_turn": 0.03616712728296534, "coast_speed_mps": 0.0, "coast_speed_mph": 0.0}, "geometry": {"type": "Point", "coordinates": [-122.45921, 37.78577]}}, {"id": "129", "type": "Feature", "properties": {"name": "easier marin headlands tour", "step": 129, "lat": 37.78663, "lon": -122.45928, "elevation_m": 66.8, "time": null, "elevation_f": 219.160112, "step_elevation_m": 2.8999999999999986, "step_elevation_f": 9.514436000000018, "step_dist_m": 95.82528420409776, "step_dist_f": 314.3874254281721, "step_grade": 0.030263411416795845, "step_turn": 0.5246080424878414, "coast_speed_mps": 0.0, "coast_speed_mph": 0.0}, "geometry": {"type": "Point", "coordinates": [-122.45928, 37.78663]}}, {"id": "130", "type": "Feature", "properties": {"name": "easier marin headlands tour", "step": 130, "lat": 37.78751, "lon": -122.45934, "elevation_m": 70.7, "time": null, "elevation_f": 231.955388, "step_elevation_m": 3.9000000000000057, "step_elevation_f": 12.795276000000001, "step_dist_m": 97.99348581324892, "step_dist_f": 321.5009479955396, "step_grade": 0.03979856382935933, "step_turn": 0.5962668466756327, "coast_speed_mps": 0.0, "coast_speed_mph": 0.0}, "geometry": {"type": "Point", "coordinates": [-122.45934, 37.78751]}}, {"id": "131", "type": "Feature", "properties": {"name": "easier marin headlands tour", "step": 131, "lat": 37.78839, "lon": -122.45941, "elevation_m": 76.3, "time": null, "elevation_f": 250.328092, "step_elevation_m": 5.599999999999994, "step_elevation_f": 18.372704, "step_dist_m": 98.04469056571946, "step_dist_f": 321.66894259563503, "step_grade": 0.057116810381958504, "step_turn": 0.512754247789303, "coast_speed_mps": 0.0, "coast_speed_mph": 0.0}, "geometry": {"type": "Point", "coordinates": [-122.45941, 37.78839]}}, {"id": "132", "type": "Feature", "properties": {"name": "easier marin headlands tour", "step": 132, "lat": 37.78902, "lon": -122.45946, "elevation_m": 83.9, "time": null, "elevation_f": 275.262476, "step_elevation_m": 7.6000000000000085, "step_elevation_f": 24.934383999999994, "step_dist_m": 70.19045668011574, "step_dist_f": 230.28365789439093, "step_grade": 0.10827682792599656, "step_turn": 0.008165743118297542, "coast_speed_mps": 0.0, "coast_speed_mph": 0.0}, "geometry": {"type": "Point", "coordinates": [-122.45946, 37.78902]}}, {"id": "133", "type": "Feature", "properties": {"name": "easier marin headlands tour", "step": 133, "lat": 37.78966, "lon": -122.4595, "elevation_m": 90.8, "time": null, "elevation_f": 297.900272, "step_elevation_m": 6.8999999999999915, "step_elevation_f": 22.63779599999998, "step_dist_m": 71.25150520962026, "step_dist_f": 233.76478835193055, "step_grade": 0.09684005944436336, "step_turn": 0.7612598698512443, "coast_speed_mps": 0.0, "coast_speed_mph": 0.0}, "geometry": {"type": "Point", "coordinates": [-122.4595, 37.78966]}}, {"id": "134", "type": "Feature", "properties": {"name": "easier marin headlands tour", "step": 134, "lat": 37.78969, "lon": -122.45949, "elevation_m": 91.1, "time": null, "elevation_f": 298.884524, "step_elevation_m": 0.29999999999999716, "step_elevation_f": 0.9842520000000263, "step_dist_m": 3.449645762695405, "step_dist_f": 11.317735804081591, "step_grade": 0.08696545113246354, "step_turn": 17.58533340109392, "coast_speed_mps": 0.0, "coast_speed_mph": 0.0}, "geometry": {"type": "Point", "coordinates": [-122.45949, 37.78969]}}, {"id": "135", "type": "Feature", "properties": {"name": "easier marin headlands tour", "step": 135, "lat": 37.78973, "lon": -122.45945, "elevation_m": 91.3, "time": null, "elevation_f": 299.540692, "step_elevation_m": 0.20000000000000284, "step_elevation_f": 0.6561679999999797, "step_dist_m": 5.669011611868303, "step_dist_f": 18.599120056682004, "step_grade": 0.035279518493363964, "step_turn": 23.560372481279785, "coast_speed_mps": 0.0, "coast_speed_mph": 0.0}, "geometry": {"type": "Point", "coordinates": [-122.45945, 37.78973]}}, {"id": "136", "type": "Feature", "properties": {"name": "easier marin headlands tour", "step": 136, "lat": 37.78982, "lon": -122.4593, "elevation_m": 91.5, "time": null, "elevation_f": 300.19686, "step_elevation_m": 0.20000000000000284, "step_elevation_f": 0.6561680000000365, "step_dist_m": 16.549619592096107, "step_dist_f": 54.29665394253259, "step_grade": 0.012084869920243988, "step_turn": 14.474673614707967, "coast_speed_mps": 0.0, "coast_speed_mph": 0.0}, "geometry": {"type": "Point", "coordinates": [-122.4593, 37.78982]}}, {"id": "137", "type": "Feature", "properties": {"name": "easier marin headlands tour", "step": 137, "lat": 37.78997, "lon": -122.45888, "elevation_m": 91.3, "time": null, "elevation_f": 299.540692, "step_elevation_m": -0.20000000000000284, "step_elevation_f": -0.6561680000000365, "step_dist_m": 40.50069409477223, "step_dist_f": 132.8762972138925, "step_grade": -0.004938186973586178, "step_turn": 12.88753095179851, "coast_speed_mps": 0.0, "coast_speed_mph": 0.0}, "geometry": {"type": "Point", "coordinates": [-122.45888, 37.78997]}}, {"id": "138", "type": "Feature", "properties": {"name": "easier marin headlands tour", "step": 138, "lat": 37.79004, "lon": -122.45874, "elevation_m": 91.3, "time": null, "elevation_f": 299.540692, "step_elevation_m": 0.0, "step_elevation_f": 0.0, "step_dist_m": 14.557820729332237, "step_dist_f": 47.76188056162238, "step_grade": 0.0, "step_turn": 8.001924573694907, "coast_speed_mps": 0.0, "coast_speed_mph": 0.0}, "geometry": {"type": "Point", "coordinates": [-122.45874, 37.79004]}}, {"id": "139", "type": "Feature", "properties": {"name": "easier marin headlands tour", "step": 139, "lat": 37.79008, "lon": -122.45869, "elevation_m": 91.3, "time": null, "elevation_f": 299.540692, "step_elevation_m": 0.0, "step_elevation_f": 0.0, "step_dist_m": 6.251966199240068, "step_dist_f": 20.511700785114787, "step_grade": 0.0, "step_turn": 13.029240519760151, "coast_speed_mps": 0.0, "coast_speed_mph": 0.0}, "geometry": {"type": "Point", "coordinates": [-122.45869, 37.79008]}}, {"id": "140", "type": "Feature", "properties": {"name": "easier marin headlands tour", "step": 140, "lat": 37.79016, "lon": -122.45867, "elevation_m": 91.1, "time": null, "elevation_f": 298.884524, "step_elevation_m": -0.20000000000000284, "step_elevation_f": -0.6561679999999797, "step_dist_m": 9.067538759426059, "step_dist_f": 29.74914386347539, "step_grade": -0.022056701968005934, "step_turn": 33.473389004693956, "coast_speed_mps": 1.9262365196224753, "coast_speed_mph": 4.308868377824072}, "geometry": {"type": "Point", "coordinates": [-122.45867, 37.79016]}}, {"id": "141", "type": "Feature", "properties": {"name": "easier marin headlands tour", "step": 141, "lat": 37.79024, "lon": -122.45866, "elevation_m": 90.6, "time": null, "elevation_f": 297.244104, "step_elevation_m": -0.5, "step_elevation_f": -1.640420000000006, "step_dist_m": 8.938890274019553, "step_dist_f": 29.32706876661431, "step_grade": -0.05593535491236821, "step_turn": 5.5342103296450205, "coast_speed_mps": 2.827571995255819, "coast_speed_mph": 6.325098414584413}, "geometry": {"type": "Point", "coordinates": [-122.45866, 37.79024]}}, {"id": "142", "type": "Feature", "properties": {"name": "easier marin headlands tour", "step": 142, "lat": 37.79037, "lon": -122.45868, "elevation_m": 90.2, "time": null, "elevation_f": 295.93176800000003, "step_elevation_m": -0.3999999999999915, "step_elevation_f": -1.3123359999999593, "step_dist_m": 14.561782744091435, "step_dist_f": 47.774879298124944, "step_grade": -0.027469164114695698, "step_turn": 12.573408394781836, "coast_speed_mps": 3.977888023497166, "coast_speed_mph": 8.898282085489356}, "geometry": {"type": "Point", "coordinates": [-122.45868, 37.79037]}}, {"id": "143", "type": "Feature", "properties": {"name": "easier marin headlands tour", "step": 143, "lat": 37.79073, "lon": -122.45885, "elevation_m": 91.1, "time": null, "elevation_f": 298.884524, "step_elevation_m": 0.8999999999999915, "step_elevation_f": 2.9527559999999653, "step_dist_m": 42.72666836015952, "step_dist_f": 140.17936262274577, "step_grade": 0.0210641277343121, "step_turn": 13.532444995026992, "coast_speed_mps": 0.0, "coast_speed_mph": 0.0}, "geometry": {"type": "Point", "coordinates": [-122.45885, 37.79073]}}, {"id": "144", "type": "Feature", "properties": {"name": "easier marin headlands tour", "step": 144, "lat": 37.79097, "lon": -122.4589, "elevation_m": 91.3, "time": null, "elevation_f": 299.540692, "step_elevation_m": 0.20000000000000284, "step_elevation_f": 0.6561679999999797, "step_dist_m": 27.046037129779933, "step_dist_f": 88.73372045686719, "step_grade": 0.00739479869232991, "step_turn": 11.115273095524344, "coast_speed_mps": 0.0, "coast_speed_mph": 0.0}, "geometry": {"type": "Point", "coordinates": [-122.4589, 37.79097]}}, {"id": "145", "type": "Feature", "properties": {"name": "easier marin headlands tour", "step": 145, "lat": 37.7911, "lon": -122.4589, "elevation_m": 91.0, "time": null, "elevation_f": 298.55644, "step_elevation_m": -0.29999999999999716, "step_elevation_f": -0.9842519999999695, "step_dist_m": 14.45534046365593, "step_dist_f": 47.42565920678092, "step_grade": -0.020753575521397546, "step_turn": null, "coast_speed_mps": 0.0, "coast_speed_mph": 0.0}, "geometry": {"type": "Point", "coordinates": [-122.4589, 37.7911]}}, {"id": "146", "type": "Feature", "properties": {"name": "easier marin headlands tour", "step": 146, "lat": 37.79125, "lon": -122.45889, "elevation_m": 90.6, "time": null, "elevation_f": 297.244104, "step_elevation_m": -0.4000000000000057, "step_elevation_f": -1.3123360000000162, "step_dist_m": 16.702369816582564, "step_dist_f": 54.79780298903674, "step_grade": -0.023948697364063562, "step_turn": null, "coast_speed_mps": 2.2861312371754408, "coast_speed_mph": 5.113929932836968}, "geometry": {"type": "Point", "coordinates": [-122.45889, 37.79125]}}, {"id": "147", "type": "Feature", "properties": {"name": "easier marin headlands tour", "step": 147, "lat": 37.7917, "lon": -122.45882, "elevation_m": 89.3, "time": null, "elevation_f": 292.979012, "step_elevation_m": -1.2999999999999972, "step_elevation_f": -4.2650919999999815, "step_dist_m": 50.41436174786634, "step_dist_f": 165.4014545968698, "step_grade": -0.025786302849604488, "step_turn": 3.9922895938219654, "coast_speed_mps": 4.576763600128273, "coast_speed_mph": 10.237928597280485}, "geometry": {"type": "Point", "coordinates": [-122.45882, 37.7917]}}, {"id": "148", "type": "Feature", "properties": {"name": "easier marin headlands tour", "step": 148, "lat": 37.79186, "lon": -122.45882, "elevation_m": 88.5, "time": null, "elevation_f": 290.35434, "step_elevation_m": -0.7999999999999972, "step_elevation_f": -2.6246720000000323, "step_dist_m": 17.791188262743507, "step_dist_f": 58.370042099939404, "step_grade": -0.04496608029691168, "step_turn": null, "coast_speed_mps": 5.649632465697083, "coast_speed_mph": 12.63786789928659}, "geometry": {"type": "Point", "coordinates": [-122.45882, 37.79186]}}, {"id": "149", "type": "Feature", "properties": {"name": "easier marin headlands tour", "step": 149, "lat": 37.79191, "lon": -122.45884, "elevation_m": 88.3, "time": null, "elevation_f": 289.698172, "step_elevation_m": -0.20000000000000284, "step_elevation_f": -0.6561679999999797, "step_dist_m": 5.830891521528015, "step_dist_f": 19.130222139489973, "step_grade": -0.03430007216933986, "step_turn": null, "coast_speed_mps": 5.946335801062604, "coast_speed_mph": 13.30157435813931}, "geometry": {"type": "Point", "coordinates": [-122.45884, 37.79191]}}, {"id": "150", "type": "Feature", "properties": {"name": "easier marin headlands tour", "step": 150, "lat": 37.79196, "lon": -122.45887, "elevation_m": 87.9, "time": null, "elevation_f": 288.38583600000004, "step_elevation_m": -0.3999999999999915, "step_elevation_f": -1.3123359999999593, "step_dist_m": 6.1530425260758195, "step_dist_f": 20.18714804125059, "step_grade": -0.0650084894269529, "step_turn": 7.8261463431322795, "coast_speed_mps": 6.232102757437811, "coast_speed_mph": 13.940816833924938}, "geometry": {"type": "Point", "coordinates": [-122.45887, 37.79196]}}, {"id": "151", "type": "Feature", "properties": {"name": "easier marin headlands tour", "step": 151, "lat": 37.79202, "lon": -122.45893, "elevation_m": 87.4, "time": null, "elevation_f": 286.74541600000003, "step_elevation_m": -0.5, "step_elevation_f": -1.640420000000006, "step_dist_m": 8.50341654801472, "step_dist_f": 27.89834914738861, "step_grade": -0.058799894980651544, "step_turn": 12.949492328744668, "coast_speed_mps": 6.520879270053155, "coast_speed_mph": 14.586791495287105}, "geometry": {"type": "Point", "coordinates": [-122.45893, 37.79202]}}, {"id": "152", "type": "Feature", "properties": {"name": "easier marin headlands tour", "step": 152, "lat": 37.79207, "lon": -122.45901, "elevation_m": 87.2, "time": null, "elevation_f": 286.089248, "step_elevation_m": -0.20000000000000284, "step_elevation_f": -0.6561680000000365, "step_dist_m": 8.96252373151146, "step_dist_f": 29.40460635929206, "step_grade": -0.022315143143980764, "step_turn": 13.342335800005287, "coast_speed_mps": 6.741966350657989, "coast_speed_mph": 15.081349209596416}, "geometry": {"type": "Point", "coordinates": [-122.45901, 37.79207]}}, {"id": "153", "type": "Feature", "properties": {"name": "easier marin headlands tour", "step": 153, "lat": 37.79237, "lon": -122.45972, "elevation_m": 88.3, "time": null, "elevation_f": 289.698172, "step_elevation_m": 1.0999999999999943, "step_elevation_f": 3.608924000000002, "step_dist_m": 70.74641944295388, "step_dist_f": 232.1076827652208, "step_grade": 0.015548490067217823, "step_turn": 10.207114969734619, "coast_speed_mps": 0.0, "coast_speed_mph": 0.0}, "geometry": {"type": "Point", "coordinates": [-122.45972, 37.79237]}}, {"id": "154", "type": "Feature", "properties": {"name": "easier marin headlands tour", "step": 154, "lat": 37.79242, "lon": -122.45984, "elevation_m": 88.1, "time": null, "elevation_f": 289.04200399999996, "step_elevation_m": -0.20000000000000284, "step_elevation_f": -0.6561680000000365, "step_dist_m": 11.92039612011322, "step_dist_f": 39.10891240671226, "step_grade": -0.016777965932066968, "step_turn": 0.3320399450607283, "coast_speed_mps": 0.0, "coast_speed_mph": 0.0}, "geometry": {"type": "Point", "coordinates": [-122.45984, 37.79242]}}, {"id": "155", "type": "Feature", "properties": {"name": "easier marin headlands tour", "step": 155, "lat": 37.79244, "lon": -122.45996, "elevation_m": 88.0, "time": null, "elevation_f": 288.71392, "step_elevation_m": -0.09999999999999432, "step_elevation_f": -0.32808399999998983, "step_dist_m": 10.776394746342493, "step_dist_f": 35.35562693959031, "step_grade": -0.00927954128944045, "step_turn": 15.891697399777797, "coast_speed_mps": 1.050332853693829, "coast_speed_mph": 2.3495276791647903}, "geometry": {"type": "Point", "coordinates": [-122.45996, 37.79244]}}, {"id": "156", "type": "Feature", "properties": {"name": "easier marin headlands tour", "step": 156, "lat": 37.79244, "lon": -122.45996, "elevation_m": 88.0, "time": null, "elevation_f": 288.71392, "step_elevation_m": 0.0, "step_elevation_f": 0.0, "step_dist_m": 0.0, "step_dist_f": 0.0, "step_grade": null, "step_turn": null, "coast_speed_mps": 1.050332853693829, "coast_speed_mph": 2.3495276791647903}, "geometry": {"type": "Point", "coordinates": [-122.45996, 37.79244]}}, {"id": "157", "type": "Feature", "properties": {"name": "easier marin headlands tour", "step": 157, "lat": 37.79244, "lon": -122.45996, "elevation_m": 88.0, "time": null, "elevation_f": 288.71392, "step_elevation_m": 0.0, "step_elevation_f": 0.0, "step_dist_m": 0.0, "step_dist_f": 0.0, "step_grade": null, "step_turn": null, "coast_speed_mps": 1.050332853693829, "coast_speed_mph": 2.3495276791647903}, "geometry": {"type": "Point", "coordinates": [-122.45996, 37.79244]}}, {"id": "158", "type": "Feature", "properties": {"name": "easier marin headlands tour", "step": 158, "lat": 37.79246, "lon": -122.46025, "elevation_m": 88.3, "time": null, "elevation_f": 289.698172, "step_elevation_m": 0.29999999999999716, "step_elevation_f": 0.9842520000000263, "step_dist_m": 25.579218496234773, "step_dist_f": 83.92132321118689, "step_grade": 0.011728270746198003, "step_turn": null, "coast_speed_mps": 0.0, "coast_speed_mph": 0.0}, "geometry": {"type": "Point", "coordinates": [-122.46025, 37.79246]}}, {"id": "159", "type": "Feature", "properties": {"name": "easier marin headlands tour", "step": 159, "lat": 37.79249, "lon": -122.46055, "elevation_m": 88.4, "time": null, "elevation_f": 290.026256, "step_elevation_m": 0.10000000000000853, "step_elevation_f": 0.32808399999998983, "step_dist_m": 26.571282019394086, "step_dist_f": 87.1761249005089, "step_grade": 0.003763461617208369, "step_turn": 2.2244532260041865, "coast_speed_mps": 0.0, "coast_speed_mph": 0.0}, "geometry": {"type": "Point", "coordinates": [-122.46055, 37.79249]}}, {"id": "160", "type": "Feature", "properties": {"name": "easier marin headlands tour", "step": 160, "lat": 37.79256, "lon": -122.46079, "elevation_m": 88.6, "time": null, "elevation_f": 290.68242399999997, "step_elevation_m": 0.19999999999998863, "step_elevation_f": 0.6561679999999797, "step_dist_m": 22.479408799772994, "step_dist_f": 73.75134356664722, "step_grade": 0.008897031135534503, "step_turn": 13.046372350761658, "coast_speed_mps": 0.0, "coast_speed_mph": 0.0}, "geometry": {"type": "Point", "coordinates": [-122.46079, 37.79256]}}, {"id": "161", "type": "Feature", "properties": {"name": "easier marin headlands tour", "step": 161, "lat": 37.79262, "lon": -122.46093, "elevation_m": 88.8, "time": null, "elevation_f": 291.338592, "step_elevation_m": 0.20000000000000284, "step_elevation_f": 0.6561680000000365, "step_dist_m": 13.99449712810428, "step_dist_f": 45.91370595776964, "step_grade": 0.014291331669099796, "step_turn": 8.213954955481768, "coast_speed_mps": 0.0, "coast_speed_mph": 0.0}, "geometry": {"type": "Point", "coordinates": [-122.46093, 37.79262]}}, {"id": "162", "type": "Feature", "properties": {"name": "easier marin headlands tour", "step": 162, "lat": 37.79273, "lon": -122.4611, "elevation_m": 89.0, "time": null, "elevation_f": 291.99476, "step_elevation_m": 0.20000000000000284, "step_elevation_f": 0.6561679999999797, "step_dist_m": 19.306701628677594, "step_dist_f": 63.3421989714306, "step_grade": 0.010359097263042013, "step_turn": 10.838798465588638, "coast_speed_mps": 0.0, "coast_speed_mph": 0.0}, "geometry": {"type": "Point", "coordinates": [-122.4611, 37.79273]}}, {"id": "163", "type": "Feature", "properties": {"name": "easier marin headlands tour", "step": 163, "lat": 37.79285, "lon": -122.46123, "elevation_m": 88.8, "time": null, "elevation_f": 291.338592, "step_elevation_m": -0.20000000000000284, "step_elevation_f": -0.6561679999999797, "step_dist_m": 17.56509949743598, "step_dist_f": 57.62828103516786, "step_grade": -0.011386215035627742, "step_turn": 10.122357608165146, "coast_speed_mps": 1.6534013784157193, "coast_speed_mph": 3.6985535487108927}, "geometry": {"type": "Point", "coordinates": [-122.46123, 37.79285]}}, {"id": "164", "type": "Feature", "properties": {"name": "easier marin headlands tour", "step": 164, "lat": 37.79291, "lon": -122.46127, "elevation_m": 88.6, "time": null, "elevation_f": 290.68242399999997, "step_elevation_m": -0.20000000000000284, "step_elevation_f": -0.6561680000000365, "step_dist_m": 7.540905517526809, "step_dist_f": 24.740504458122658, "step_grade": -0.02652201377343299, "step_turn": 12.785108819037475, "coast_speed_mps": 1.939291519293507, "coast_speed_mph": 4.338071580380961}, "geometry": {"type": "Point", "coordinates": [-122.46127, 37.79291]}}, {"id": "165", "type": "Feature", "properties": {"name": "easier marin headlands tour", "step": 165, "lat": 37.7931, "lon": -122.46137, "elevation_m": 87.9, "time": null, "elevation_f": 288.38583600000004, "step_elevation_m": -0.6999999999999886, "step_elevation_f": -2.296587999999929, "step_dist_m": 22.88148221066685, "step_dist_f": 75.07048209604423, "step_grade": -0.03059242375800567, "step_turn": 5.198275857541205, "coast_speed_mps": 3.645790553453373, "coast_speed_mph": 8.155401202248946}, "geometry": {"type": "Point", "coordinates": [-122.46137, 37.7931]}}, {"id": "166", "type": "Feature", "properties": {"name": "easier marin headlands tour", "step": 166, "lat": 37.79333, "lon": -122.4614, "elevation_m": 87.0, "time": null, "elevation_f": 285.43308, "step_elevation_m": -0.9000000000000057, "step_elevation_f": -2.952756000000022, "step_dist_m": 25.710328698320076, "step_dist_f": 84.35147480659644, "step_grade": -0.03500538676733495, "step_turn": 16.69803898011247, "coast_speed_mps": 4.94828996147709, "coast_speed_mph": 11.06900939843657}, "geometry": {"type": "Point", "coordinates": [-122.4614, 37.79333]}}, {"id": "167", "type": "Feature", "properties": {"name": "easier marin headlands tour", "step": 167, "lat": 37.79377, "lon": -122.46139, "elevation_m": 80.6, "time": null, "elevation_f": 264.435704, "step_elevation_m": -6.400000000000006, "step_elevation_f": -20.99737600000003, "step_dist_m": 48.93365755605102, "step_dist_f": 160.54350105619443, "step_grade": -0.13078932415115568, "step_turn": 6.913764016098014, "coast_speed_mps": 10.919038467121593, "coast_speed_mph": 24.425193421442334}, "geometry": {"type": "Point", "coordinates": [-122.46139, 37.79377]}}, {"id": "168", "type": "Feature", "properties": {"name": "easier marin headlands tour", "step": 168, "lat": 37.79388, "lon": -122.46142, "elevation_m": 79.9, "time": null, "elevation_f": 262.139116, "step_elevation_m": -0.6999999999999886, "step_elevation_f": -2.2965879999999856, "step_dist_m": 12.512272744828207, "step_dist_f": 41.05076491214218, "step_grade": -0.055945072032523024, "step_turn": 13.190960297003926, "coast_speed_mps": 11.467697734860842, "coast_speed_mph": 25.652509249420252}, "geometry": {"type": "Point", "coordinates": [-122.46142, 37.79388]}}, {"id": "169", "type": "Feature", "properties": {"name": "easier marin headlands tour", "step": 169, "lat": 37.79398, "lon": -122.46146, "elevation_m": 79.6, "time": null, "elevation_f": 261.154864, "step_elevation_m": -0.30000000000001137, "step_elevation_f": -0.9842520000000263, "step_dist_m": 11.661753720254115, "step_dist_f": 38.26034807555851, "step_grade": -0.025725118811158895, "step_turn": 5.379044218454851, "coast_speed_mps": 11.324447137000343, "coast_speed_mph": 25.332066788207612}, "geometry": {"type": "Point", "coordinates": [-122.46146, 37.79398]}}, {"id": "170", "type": "Feature", "properties": {"name": "easier marin headlands tour", "step": 170, "lat": 37.79424, "lon": -122.46159, "elevation_m": 78.4, "time": null, "elevation_f": 257.21785600000004, "step_elevation_m": -1.1999999999999886, "step_elevation_f": -3.937007999999935, "step_dist_m": 31.085518186655015, "step_dist_f": 101.98661148750524, "step_grade": -0.0386031846982415, "step_turn": 4.01827577217108, "coast_speed_mps": 11.353490285079442, "coast_speed_mph": 25.397034460181256}, "geometry": {"type": "Point", "coordinates": [-122.46159, 37.79424]}}, {"id": "171", "type": "Feature", "properties": {"name": "easier marin headlands tour", "step": 171, "lat": 37.7943, "lon": -122.4616, "elevation_m": 77.5, "time": null, "elevation_f": 254.2651, "step_elevation_m": -0.9000000000000057, "step_elevation_f": -2.9527560000000506, "step_dist_m": 6.729309138426127, "step_dist_f": 22.077786593713974, "step_grade": -0.13374329838122143, "step_turn": 14.056557311400809, "coast_speed_mps": 11.358381153258033, "coast_speed_mph": 25.407975020709603}, "geometry": {"type": "Point", "coordinates": [-122.4616, 37.7943]}}, {"id": "172", "type": "Feature", "properties": {"name": "easier marin headlands tour", "step": 172, "lat": 37.79447, "lon": -122.46158, "elevation_m": 75.7, "time": null, "elevation_f": 248.359588, "step_elevation_m": -1.7999999999999972, "step_elevation_f": -5.905511999999987, "step_dist_m": 18.984649485740483, "step_dist_f": 62.285597418796804, "step_grade": -0.09481344395386342, "step_turn": 12.814139657864985, "coast_speed_mps": 11.997585619911831, "coast_speed_mph": 26.83783469021076}, "geometry": {"type": "Point", "coordinates": [-122.46158, 37.79447]}}, {"id": "173", "type": "Feature", "properties": {"name": "easier marin headlands tour", "step": 173, "lat": 37.79467, "lon": -122.46146, "elevation_m": 73.6, "time": null, "elevation_f": 241.469824, "step_elevation_m": -2.1000000000000085, "step_elevation_f": -6.889764000000014, "step_dist_m": 24.612008995224254, "step_dist_f": 80.74806359189154, "step_grade": -0.08532420089751695, "step_turn": 20.055582051412728, "coast_speed_mps": 12.494116302922741, "coast_speed_mph": 27.948542195156424}, "geometry": {"type": "Point", "coordinates": [-122.46146, 37.79467]}}, {"id": "174", "type": "Feature", "properties": {"name": "easier marin headlands tour", "step": 174, "lat": 37.79497, "lon": -122.46124, "elevation_m": 68.9, "time": null, "elevation_f": 226.049876, "step_elevation_m": -4.699999999999989, "step_elevation_f": -15.419947999999977, "step_dist_m": 38.554751695383835, "step_dist_f": 126.4919715522831, "step_grade": -0.12190455892788749, "step_turn": 4.724797986667454, "coast_speed_mps": 14.124156385464135, "coast_speed_mph": 31.594838013296616}, "geometry": {"type": "Point", "coordinates": [-122.46124, 37.79497]}}, {"id": "175", "type": "Feature", "properties": {"name": "easier marin headlands tour", "step": 175, "lat": 37.79549, "lon": -122.46065, "elevation_m": 60.6, "time": null, "elevation_f": 198.818904, "step_elevation_m": -8.300000000000004, "step_elevation_f": -27.23097200000001, "step_dist_m": 77.65853548689735, "step_dist_f": 254.7852295668323, "step_grade": -0.10687814221529314, "step_turn": 11.786890088269104, "coast_speed_mps": 15.49338716514107, "coast_speed_mph": 34.6577200365539}, "geometry": {"type": "Point", "coordinates": [-122.46065, 37.79549]}}, {"id": "176", "type": "Feature", "properties": {"name": "easier marin headlands tour", "step": 176, "lat": 37.79601, "lon": -122.46007, "elevation_m": 52.3, "time": null, "elevation_f": 171.587932, "step_elevation_m": -8.300000000000004, "step_elevation_f": -27.23097200000001, "step_dist_m": 77.07451355520085, "step_dist_f": 252.86914705244516, "step_grade": -0.1076879972009883, "step_turn": 0.48653716975422867, "coast_speed_mps": 16.102924181356986, "coast_speed_mph": 36.02121550947783}, "geometry": {"type": "Point", "coordinates": [-122.46007, 37.79601]}}, {"id": "177", "type": "Feature", "properties": {"name": "easier marin headlands tour", "step": 177, "lat": 37.79627, "lon": -122.45976, "elevation_m": 48.9, "time": null, "elevation_f": 160.433076, "step_elevation_m": -3.3999999999999986, "step_elevation_f": -11.154855999999995, "step_dist_m": 39.72100366551897, "step_dist_f": 130.31825766598126, "step_grade": -0.08559703145042813, "step_turn": 1.9019334020775887, "coast_speed_mps": 15.702759362455252, "coast_speed_mph": 35.12607230327316}, "geometry": {"type": "Point", "coordinates": [-122.45976, 37.79627]}}, {"id": "178", "type": "Feature", "properties": {"name": "easier marin headlands tour", "step": 178, "lat": 37.79639, "lon": -122.4596, "elevation_m": 46.8, "time": null, "elevation_f": 153.543312, "step_elevation_m": -2.1000000000000014, "step_elevation_f": -6.889764000000014, "step_dist_m": 19.38265644380404, "step_dist_f": 63.59139456709005, "step_grade": -0.10834428222408586, "step_turn": 3.2008721901959234, "coast_speed_mps": 15.985732416532544, "coast_speed_mph": 35.75906499761213}, "geometry": {"type": "Point", "coordinates": [-122.4596, 37.79639]}}, {"id": "179", "type": "Feature", "properties": {"name": "easier marin headlands tour", "step": 179, "lat": 37.79644, "lon": -122.45955, "elevation_m": 45.7, "time": null, "elevation_f": 149.934388, "step_elevation_m": -1.0999999999999943, "step_elevation_f": -3.6089239999999734, "step_dist_m": 7.086017309312244, "step_dist_f": 23.24808902908398, "step_grade": -0.1552352967800975, "step_turn": 8.17931185795868, "coast_speed_mps": 16.071432267710275, "coast_speed_mph": 35.95077010493526}, "geometry": {"type": "Point", "coordinates": [-122.45955, 37.79644]}}, {"id": "180", "type": "Feature", "properties": {"name": "easier marin headlands tour", "step": 180, "lat": 37.79653, "lon": -122.4595, "elevation_m": 44.4, "time": null, "elevation_f": 145.669296, "step_elevation_m": -1.3000000000000043, "step_elevation_f": -4.26509200000001, "step_dist_m": 10.929398442805779, "step_dist_f": 35.85760758709491, "step_grade": -0.11894524724329386, "step_turn": 14.614279261918568, "coast_speed_mps": 16.127779173785136, "coast_speed_mph": 36.07681454407909}, "geometry": {"type": "Point", "coordinates": [-122.4595, 37.79653]}}, {"id": "181", "type": "Feature", "properties": {"name": "easier marin headlands tour", "step": 181, "lat": 37.79662, "lon": -122.45948, "elevation_m": 43.7, "time": null, "elevation_f": 143.37270800000002, "step_elevation_m": -0.6999999999999957, "step_elevation_f": -2.2965879999999856, "step_dist_m": 10.16066185899809, "step_dist_f": 33.33550585347529, "step_grade": -0.06889314984732899, "step_turn": 13.741773032982792, "coast_speed_mps": 16.08205822733487, "coast_speed_mph": 35.97453969965741}, "geometry": {"type": "Point", "coordinates": [-122.45948, 37.79662]}}, {"id": "182", "type": "Feature", "properties": {"name": "easier marin headlands tour", "step": 182, "lat": 37.79678, "lon": -122.45952, "elevation_m": 43.2, "time": null, "elevation_f": 141.732288, "step_elevation_m": -0.5, "step_elevation_f": -1.640420000000006, "step_dist_m": 18.135016852093667, "step_dist_f": 59.498088689022985, "step_grade": -0.02757096969238689, "step_turn": 21.134236423142283, "coast_speed_mps": 15.240147072838333, "coast_speed_mph": 34.09123808347869}, "geometry": {"type": "Point", "coordinates": [-122.45952, 37.79678]}}, {"id": "183", "type": "Feature", "properties": {"name": "easier marin headlands tour", "step": 183, "lat": 37.79723, "lon": -122.45965, "elevation_m": 37.8, "time": null, "elevation_f": 124.01575199999999, "step_elevation_m": -5.400000000000006, "step_elevation_f": -17.71653600000002, "step_dist_m": 51.32489517672425, "step_dist_f": 168.388769091604, "step_grade": -0.10521209992551327, "step_turn": 1.6841407533614188, "coast_speed_mps": 15.66629261558484, "coast_speed_mph": 35.04449851374558}, "geometry": {"type": "Point", "coordinates": [-122.45965, 37.79723]}}, {"id": "184", "type": "Feature", "properties": {"name": "easier marin headlands tour", "step": 184, "lat": 37.79742, "lon": -122.45967, "elevation_m": 36.2, "time": null, "elevation_f": 118.76640800000001, "step_elevation_m": -1.5999999999999943, "step_elevation_f": -5.249343999999979, "step_dist_m": 21.19999327038951, "step_dist_f": 69.55378592122472, "step_grade": -0.0754717220705324, "step_turn": 8.104135684905998, "coast_speed_mps": 15.319755820585861, "coast_speed_mph": 34.269317780480144}, "geometry": {"type": "Point", "coordinates": [-122.45967, 37.79742]}}, {"id": "185", "type": "Feature", "properties": {"name": "easier marin headlands tour", "step": 185, "lat": 37.79752, "lon": -122.45966, "elevation_m": 35.5, "time": null, "elevation_f": 116.46982, "step_elevation_m": -0.7000000000000028, "step_elevation_f": -2.296588000000014, "step_dist_m": 11.154153017358588, "step_dist_f": 36.59499138547075, "step_grade": -0.0627568941281899, "step_turn": 9.272771740604298, "coast_speed_mps": 15.162339834968813, "coast_speed_mph": 33.917188249303855}, "geometry": {"type": "Point", "coordinates": [-122.45966, 37.79752]}}, {"id": "186", "type": "Feature", "properties": {"name": "easier marin headlands tour", "step": 186, "lat": 37.79771, "lon": -122.4596, "elevation_m": 34.2, "time": null, "elevation_f": 112.204728, "step_elevation_m": -1.2999999999999972, "step_elevation_f": -4.265091999999996, "step_dist_m": 21.77484767408131, "step_dist_f": 71.43979124303293, "step_grade": -0.059701910179026985, "step_turn": 9.492895627254825, "coast_speed_mps": 14.710790566715497, "coast_speed_mph": 32.907101303497406}, "geometry": {"type": "Point", "coordinates": [-122.4596, 37.79771]}}, {"id": "187", "type": "Feature", "properties": {"name": "easier marin headlands tour", "step": 187, "lat": 37.79855, "lon": -122.45924, "elevation_m": 30.0, "time": null, "elevation_f": 98.4252, "step_elevation_m": -4.200000000000003, "step_elevation_f": -13.779527999999999, "step_dist_m": 98.61424124108638, "step_dist_f": 323.5375472334058, "step_grade": -0.04259019739078138, "step_turn": 4.697462262548925, "coast_speed_mps": 11.474463482026808, "coast_speed_mph": 25.667643794798664}, "geometry": {"type": "Point", "coordinates": [-122.45924, 37.79855]}}, {"id": "188", "type": "Feature", "properties": {"name": "easier marin headlands tour", "step": 188, "lat": 37.7988, "lon": -122.45911, "elevation_m": 27.8, "time": null, "elevation_f": 91.207352, "step_elevation_m": -2.1999999999999993, "step_elevation_f": -7.217848000000004, "step_dist_m": 30.05387373153701, "step_dist_f": 98.60195109337589, "step_grade": -0.07320187805578723, "step_turn": 3.628754447495112, "coast_speed_mps": 11.915858417166124, "coast_speed_mph": 26.6550161443408}, "geometry": {"type": "Point", "coordinates": [-122.45911, 37.7988]}}, {"id": "189", "type": "Feature", "properties": {"name": "easier marin headlands tour", "step": 189, "lat": 37.79911, "lon": -122.4589, "elevation_m": 25.7, "time": null, "elevation_f": 84.317588, "step_elevation_m": -2.1000000000000014, "step_elevation_f": -6.8897639999999996, "step_dist_m": 39.09800697510227, "step_dist_f": 128.27430520419455, "step_grade": -0.053711177690906026, "step_turn": 5.8217838968984665, "coast_speed_mps": 11.730250117672261, "coast_speed_mph": 26.239822203096473}, "geometry": {"type": "Point", "coordinates": [-122.4589, 37.79911]}}, {"id": "190", "type": "Feature", "properties": {"name": "easier marin headlands tour", "step": 190, "lat": 37.79949, "lon": -122.45959, "elevation_m": 24.2, "time": null, "elevation_f": 79.396328, "step_elevation_m": -1.5, "step_elevation_f": -4.921260000000004, "step_dist_m": 73.89706142348315, "step_dist_f": 242.44443500062047, "step_grade": -0.020298506748514997, "step_turn": 83.28311586275237, "coast_speed_mps": 9.119474153955723, "coast_speed_mph": 20.39968269943565}, "geometry": {"type": "Point", "coordinates": [-122.45959, 37.79949]}}, {"id": "191", "type": "Feature", "properties": {"name": "easier marin headlands tour", "step": 191, "lat": 37.79978, "lon": -122.46013, "elevation_m": 24.5, "time": null, "elevation_f": 80.38058, "step_elevation_m": 0.3000000000000007, "step_elevation_f": 0.9842519999999979, "step_dist_m": 57.36632207916623, "step_dist_f": 188.20972413021173, "step_grade": 0.00522954913487389, "step_turn": 0.6733725098162608, "coast_speed_mps": 5.862427865731464, "coast_speed_mph": 13.11387765240573}, "geometry": {"type": "Point", "coordinates": [-122.46013, 37.79978]}}, {"id": "192", "type": "Feature", "properties": {"name": "easier marin headlands tour", "step": 192, "lat": 37.79988, "lon": -122.46026, "elevation_m": 24.9, "time": null, "elevation_f": 81.692916, "step_elevation_m": 0.3999999999999986, "step_elevation_f": 1.312336000000002, "step_dist_m": 15.940667536728482, "step_dist_f": 52.29877968120027, "step_grade": 0.02509305203677129, "step_turn": 10.028783550525532, "coast_speed_mps": 4.497579689486128, "coast_speed_mph": 10.060799233818278}, "geometry": {"type": "Point", "coordinates": [-122.46026, 37.79988]}}, {"id": "193", "type": "Feature", "properties": {"name": "easier marin headlands tour", "step": 193, "lat": 37.79993, "lon": -122.46033, "elevation_m": 25.1, "time": null, "elevation_f": 82.349084, "step_elevation_m": 0.20000000000000284, "step_elevation_f": 0.6561680000000081, "step_dist_m": 8.290771647673594, "step_dist_f": 27.200695252553434, "step_grade": 0.0241232069220147, "step_turn": 2.118219464093329, "coast_speed_mps": 3.702326593918835, "coast_speed_mph": 8.281868722975194}, "geometry": {"type": "Point", "coordinates": [-122.46033, 37.79993]}}, {"id": "194", "type": "Feature", "properties": {"name": "easier marin headlands tour", "step": 194, "lat": 37.80012, "lon": -122.46051, "elevation_m": 26.1, "time": null, "elevation_f": 85.629924, "step_elevation_m": 1.0, "step_elevation_f": 3.2808399999999978, "step_dist_m": 26.39064943467267, "step_dist_f": 86.58349829125149, "step_grade": 0.03789220884750854, "step_turn": 11.06972582283555, "coast_speed_mps": 0.0, "coast_speed_mph": 0.0}, "geometry": {"type": "Point", "coordinates": [-122.46051, 37.80012]}}, {"id": "195", "type": "Feature", "properties": {"name": "easier marin headlands tour", "step": 195, "lat": 37.80066, "lon": -122.46097, "elevation_m": 28.0, "time": null, "elevation_f": 91.86352, "step_elevation_m": 1.8999999999999986, "step_elevation_f": 6.2335959999999915, "step_dist_m": 72.38012471313026, "step_dist_f": 237.46760836382626, "step_grade": 0.026250300169147475, "step_turn": 2.873264074758538, "coast_speed_mps": 0.0, "coast_speed_mph": 0.0}, "geometry": {"type": "Point", "coordinates": [-122.46097, 37.80066]}}, {"id": "196", "type": "Feature", "properties": {"name": "easier marin headlands tour", "step": 196, "lat": 37.8012, "lon": -122.46143, "elevation_m": 26.3, "time": null, "elevation_f": 86.286092, "step_elevation_m": -1.6999999999999993, "step_elevation_f": -5.577427999999998, "step_dist_m": 72.37995972518183, "step_dist_f": 237.46706706476556, "step_grade": -0.02348716421582298, "step_turn": 0.0001940371981277167, "coast_speed_mps": 4.6896952482581895, "coast_speed_mph": 10.490549499503812}, "geometry": {"type": "Point", "coordinates": [-122.46143, 37.8012]}}, {"id": "197", "type": "Feature", "properties": {"name": "easier marin headlands tour", "step": 197, "lat": 37.80131, "lon": -122.46154, "elevation_m": 25.2, "time": null, "elevation_f": 82.677168, "step_elevation_m": -1.1000000000000014, "step_elevation_f": -3.608924000000002, "step_dist_m": 15.588845472964412, "step_dist_f": 51.14450778152056, "step_grade": -0.07056327563883555, "step_turn": 4.369871394532765, "coast_speed_mps": 5.821930310092704, "coast_speed_mph": 13.023287200457894}, "geometry": {"type": "Point", "coordinates": [-122.46154, 37.80131]}}, {"id": "198", "type": "Feature", "properties": {"name": "easier marin headlands tour", "step": 198, "lat": 37.80137, "lon": -122.46165, "elevation_m": 24.8, "time": null, "elevation_f": 81.364832, "step_elevation_m": -0.3999999999999986, "step_elevation_f": -1.3123359999999877, "step_dist_m": 11.743731887328131, "step_dist_f": 38.52930532522163, "step_grade": -0.034060723102135156, "step_turn": 17.067947585238016, "coast_speed_mps": 6.245511740375131, "coast_speed_mph": 13.970811874496967}, "geometry": {"type": "Point", "coordinates": [-122.46165, 37.80137]}}, {"id": "199", "type": "Feature", "properties": {"name": "easier marin headlands tour", "step": 199, "lat": 37.80142, "lon": -122.46178, "elevation_m": 24.6, "time": null, "elevation_f": 80.708664, "step_elevation_m": -0.1999999999999993, "step_elevation_f": -0.6561680000000081, "step_dist_m": 12.703031743016654, "step_dist_f": 41.676614663758755, "step_grade": -0.015744273024425607, "step_turn": 8.662951553954997, "coast_speed_mps": 5.44484005283682, "coast_speed_mph": 12.17976031862208}, "geometry": {"type": "Point", "coordinates": [-122.46178, 37.80142]}}, {"id": "200", "type": "Feature", "properties": {"name": "easier marin headlands tour", "step": 200, "lat": 37.80145, "lon": -122.46194, "elevation_m": 25.8, "time": null, "elevation_f": 84.645672, "step_elevation_m": 1.1999999999999993, "step_elevation_f": 3.937008000000006, "step_dist_m": 14.447901118778214, "step_dist_f": 47.401251906532316, "step_grade": 0.08305704684262659, "step_turn": 12.605994404402338, "coast_speed_mps": 3.7274623689487667, "coast_speed_mph": 8.338095850368564}, "geometry": {"type": "Point", "coordinates": [-122.46194, 37.80145]}}, {"id": "201", "type": "Feature", "properties": {"name": "easier marin headlands tour", "step": 201, "lat": 37.80147, "lon": -122.46213, "elevation_m": 27.4, "time": null, "elevation_f": 89.895016, "step_elevation_m": 1.5999999999999979, "step_elevation_f": 5.249343999999994, "step_dist_m": 16.84078696526012, "step_dist_f": 55.25192750710401, "step_grade": 0.09500743660617196, "step_turn": 5.761032431186493, "coast_speed_mps": 0.0, "coast_speed_mph": 0.0}, "geometry": {"type": "Point", "coordinates": [-122.46213, 37.80147]}}, {"id": "202", "type": "Feature", "properties": {"name": "easier marin headlands tour", "step": 202, "lat": 37.80148, "lon": -122.46222, "elevation_m": 27.9, "time": null, "elevation_f": 91.53543599999999, "step_elevation_m": 0.5, "step_elevation_f": 1.6404199999999918, "step_dist_m": 7.98515231167189, "step_dist_f": 26.198007110225603, "step_grade": 0.06261621325233213, "step_turn": 0.41622113419168727, "coast_speed_mps": 0.0, "coast_speed_mph": 0.0}, "geometry": {"type": "Point", "coordinates": [-122.46222, 37.80148]}}, {"id": "203", "type": "Feature", "properties": {"name": "easier marin headlands tour", "step": 203, "lat": 37.80145, "lon": -122.46269, "elevation_m": 29.4, "time": null, "elevation_f": 96.456696, "step_elevation_m": 1.5, "step_elevation_f": 4.921260000000004, "step_dist_m": 41.42847913246109, "step_dist_f": 135.92021147694365, "step_grade": 0.03620697721497292, "step_turn": 12.6229475888386, "coast_speed_mps": 0.0, "coast_speed_mph": 0.0}, "geometry": {"type": "Point", "coordinates": [-122.46269, 37.80145]}}, {"id": "204", "type": "Feature", "properties": {"name": "easier marin headlands tour", "step": 204, "lat": 37.80145, "lon": -122.46285, "elevation_m": 29.5, "time": null, "elevation_f": 96.78478, "step_elevation_m": 0.10000000000000142, "step_elevation_f": 0.32808400000000404, "step_dist_m": 14.057520620415675, "step_dist_f": 46.120475952284565, "step_grade": 0.007113629970762545, "step_turn": 4.618397953912165, "coast_speed_mps": 0.0, "coast_speed_mph": 0.0}, "geometry": {"type": "Point", "coordinates": [-122.46285, 37.80145]}}, {"id": "205", "type": "Feature", "properties": {"name": "easier marin headlands tour", "step": 205, "lat": 37.80147, "lon": -122.46301, "elevation_m": 29.5, "time": null, "elevation_f": 96.78478, "step_elevation_m": 0.0, "step_elevation_f": 0.0, "step_dist_m": 14.232341940242648, "step_dist_f": 46.69403673122569, "step_grade": 0.0, "step_turn": 8.98968697357418, "coast_speed_mps": 0.0, "coast_speed_mph": 0.0}, "geometry": {"type": "Point", "coordinates": [-122.46301, 37.80147]}}, {"id": "206", "type": "Feature", "properties": {"name": "easier marin headlands tour", "step": 206, "lat": 37.80152, "lon": -122.46316, "elevation_m": 29.6, "time": null, "elevation_f": 97.112864, "step_elevation_m": 0.10000000000000142, "step_elevation_f": 0.32808400000000404, "step_dist_m": 14.303658519263077, "step_dist_f": 46.928015016339074, "step_grade": 0.0069912183561519625, "step_turn": 13.883570985579013, "coast_speed_mps": 0.0, "coast_speed_mph": 0.0}, "geometry": {"type": "Point", "coordinates": [-122.46316, 37.80152]}}, {"id": "207", "type": "Feature", "properties": {"name": "easier marin headlands tour", "step": 207, "lat": 37.80152, "lon": -122.46316, "elevation_m": 29.6, "time": null, "elevation_f": 97.112864, "step_elevation_m": 0.0, "step_elevation_f": 0.0, "step_dist_m": 0.0, "step_dist_f": 0.0, "step_grade": null, "step_turn": null, "coast_speed_mps": 0.0, "coast_speed_mph": 0.0}, "geometry": {"type": "Point", "coordinates": [-122.46316, 37.80152]}}, {"id": "208", "type": "Feature", "properties": {"name": "easier marin headlands tour", "step": 208, "lat": 37.80178, "lon": -122.46401, "elevation_m": 29.0, "time": null, "elevation_f": 95.14436, "step_elevation_m": -0.6000000000000014, "step_elevation_f": -1.9685039999999958, "step_dist_m": 80.08112162810878, "step_dist_f": 262.7333470823644, "step_grade": -0.007492402551332387, "step_turn": null, "coast_speed_mps": 0.8529277379533535, "coast_speed_mph": 1.9079450115277214}, "geometry": {"type": "Point", "coordinates": [-122.46401, 37.80178]}}, {"id": "209", "type": "Feature", "properties": {"name": "easier marin headlands tour", "step": 209, "lat": 37.80181, "lon": -122.46417, "elevation_m": 28.8, "time": null, "elevation_f": 94.488192, "step_elevation_m": -0.1999999999999993, "step_elevation_f": -0.6561680000000081, "step_dist_m": 14.447834453572348, "step_dist_f": 47.4010331886583, "step_grade": -0.013842905014083105, "step_turn": 7.813480981291946, "coast_speed_mps": 0.7984301883360326, "coast_speed_mph": 1.786037464960701}, "geometry": {"type": "Point", "coordinates": [-122.46417, 37.80181]}}, {"id": "210", "type": "Feature", "properties": {"name": "easier marin headlands tour", "step": 210, "lat": 37.80181, "lon": -122.46424, "elevation_m": 28.8, "time": null, "elevation_f": 94.488192, "step_elevation_m": 0.0, "step_elevation_f": 0.0, "step_dist_m": 6.150135296567603, "step_dist_f": 20.177609886390854, "step_grade": 0.0, "step_turn": 13.349451251262508, "coast_speed_mps": 0.0, "coast_speed_mph": 0.0}, "geometry": {"type": "Point", "coordinates": [-122.46424, 37.80181]}}, {"id": "211", "type": "Feature", "properties": {"name": "easier marin headlands tour", "step": 211, "lat": 37.80179, "lon": -122.46439, "elevation_m": 28.9, "time": null, "elevation_f": 94.81627599999999, "step_elevation_m": 0.09999999999999787, "step_elevation_f": 0.32808399999998983, "step_dist_m": 13.365184549462853, "step_dist_f": 43.84903207725971, "step_grade": 0.007482126388147545, "step_turn": 9.578252058088083, "coast_speed_mps": 0.0, "coast_speed_mph": 0.0}, "geometry": {"type": "Point", "coordinates": [-122.46439, 37.80179]}}, {"id": "212", "type": "Feature", "properties": {"name": "easier marin headlands tour", "step": 212, "lat": 37.80177, "lon": -122.46447, "elevation_m": 29.0, "time": null, "elevation_f": 95.14436, "step_elevation_m": 0.10000000000000142, "step_elevation_f": 0.32808400000001825, "step_dist_m": 7.3721607912036875, "step_dist_f": 24.186880010212708, "step_grade": 0.013564544077676573, "step_turn": 7.9791807268214825, "coast_speed_mps": 0.0, "coast_speed_mph": 0.0}, "geometry": {"type": "Point", "coordinates": [-122.46447, 37.80177]}}, {"id": "213", "type": "Feature", "properties": {"name": "easier marin headlands tour", "step": 213, "lat": 37.80171, "lon": -122.46462, "elevation_m": 29.1, "time": null, "elevation_f": 95.47244400000001, "step_elevation_m": 0.10000000000000142, "step_elevation_f": 0.32808400000000404, "step_dist_m": 14.771399313844407, "step_dist_f": 48.46259772483329, "step_grade": 0.006769839327698426, "step_turn": 9.292977812960714, "coast_speed_mps": 0.0, "coast_speed_mph": 0.0}, "geometry": {"type": "Point", "coordinates": [-122.46462, 37.80171]}}, {"id": "214", "type": "Feature", "properties": {"name": "easier marin headlands tour", "step": 214, "lat": 37.80163, "lon": -122.46476, "elevation_m": 29.5, "time": null, "elevation_f": 96.78478, "step_elevation_m": 0.3999999999999986, "step_elevation_f": 1.3123359999999877, "step_dist_m": 15.179882249688406, "step_dist_f": 49.80276488006771, "step_grade": 0.02635066553353596, "step_turn": 9.024087875198006, "coast_speed_mps": 0.0, "coast_speed_mph": 0.0}, "geometry": {"type": "Point", "coordinates": [-122.46476, 37.80163]}}, {"id": "215", "type": "Feature", "properties": {"name": "easier marin headlands tour", "step": 215, "lat": 37.80154, "lon": -122.46487, "elevation_m": 30.2, "time": null, "elevation_f": 99.081368, "step_elevation_m": 0.6999999999999993, "step_elevation_f": 2.296588, "step_dist_m": 13.912369377866941, "step_dist_f": 45.64425794968098, "step_grade": 0.05031493780733157, "step_turn": 10.124436287410589, "coast_speed_mps": 0.0, "coast_speed_mph": 0.0}, "geometry": {"type": "Point", "coordinates": [-122.46487, 37.80154]}}, {"id": "216", "type": "Feature", "properties": {"name": "easier marin headlands tour", "step": 216, "lat": 37.80148, "lon": -122.46492, "elevation_m": 30.6, "time": null, "elevation_f": 100.393704, "step_elevation_m": 0.40000000000000213, "step_elevation_f": 1.312336000000002, "step_dist_m": 7.988098764077338, "step_dist_f": 26.207673949135494, "step_grade": 0.05007449354517388, "step_turn": 10.6382038393632, "coast_speed_mps": 0.0, "coast_speed_mph": 0.0}, "geometry": {"type": "Point", "coordinates": [-122.46492, 37.80148]}}, {"id": "217", "type": "Feature", "properties": {"name": "easier marin headlands tour", "step": 217, "lat": 37.80136, "lon": -122.46501, "elevation_m": 31.9, "time": null, "elevation_f": 104.658796, "step_elevation_m": 1.2999999999999972, "step_elevation_f": 4.265091999999996, "step_dist_m": 15.510396771465949, "step_dist_f": 50.887130143696346, "step_grade": 0.08381474820757465, "step_turn": 2.7116668408791895, "coast_speed_mps": 0.0, "coast_speed_mph": 0.0}, "geometry": {"type": "Point", "coordinates": [-122.46501, 37.80136]}}, {"id": "218", "type": "Feature", "properties": {"name": "easier marin headlands tour", "step": 218, "lat": 37.80123, "lon": -122.46509, "elevation_m": 33.4, "time": null, "elevation_f": 109.580056, "step_elevation_m": 1.5, "step_elevation_f": 4.921260000000004, "step_dist_m": 16.073597817154198, "step_dist_f": 52.73490266243218, "step_grade": 0.09332073733978571, "step_turn": 4.7202839504882945, "coast_speed_mps": 0.0, "coast_speed_mph": 0.0}, "geometry": {"type": "Point", "coordinates": [-122.46509, 37.80123]}}, {"id": "219", "type": "Feature", "properties": {"name": "easier marin headlands tour", "step": 219, "lat": 37.80115, "lon": -122.46511, "elevation_m": 33.9, "time": null, "elevation_f": 111.22047599999999, "step_elevation_m": 0.5, "step_elevation_f": 1.6404199999999918, "step_dist_m": 9.067487725331729, "step_dist_f": 29.74897642877735, "step_grade": 0.055142065271635954, "step_turn": 14.756828170516656, "coast_speed_mps": 0.0, "coast_speed_mph": 0.0}, "geometry": {"type": "Point", "coordinates": [-122.46511, 37.80115]}}, {"id": "220", "type": "Feature", "properties": {"name": "easier marin headlands tour", "step": 220, "lat": 37.80088, "lon": -122.46519, "elevation_m": 34.3, "time": null, "elevation_f": 112.53281199999999, "step_elevation_m": 0.3999999999999986, "step_elevation_f": 1.312336000000002, "step_dist_m": 30.83443492544746, "step_dist_f": 101.16284748080504, "step_grade": 0.012972509500081065, "step_turn": 2.0025063647435672, "coast_speed_mps": 0.0, "coast_speed_mph": 0.0}, "geometry": {"type": "Point", "coordinates": [-122.46519, 37.80088]}}, {"id": "221", "type": "Feature", "properties": {"name": "easier marin headlands tour", "step": 221, "lat": 37.80081, "lon": -122.46522, "elevation_m": 34.5, "time": null, "elevation_f": 113.18898, "step_elevation_m": 0.20000000000000284, "step_elevation_f": 0.6561680000000081, "step_dist_m": 8.217822362225938, "step_dist_f": 26.961360318885347, "step_grade": 0.024337347679760434, "step_turn": 5.531246378693055, "coast_speed_mps": 0.0, "coast_speed_mph": 0.0}, "geometry": {"type": "Point", "coordinates": [-122.46522, 37.80081]}}, {"id": "222", "type": "Feature", "properties": {"name": "easier marin headlands tour", "step": 222, "lat": 37.80075, "lon": -122.46526, "elevation_m": 34.6, "time": null, "elevation_f": 113.517064, "step_elevation_m": 0.10000000000000142, "step_elevation_f": 0.32808400000000404, "step_dist_m": 7.5407303425537675, "step_dist_f": 24.739929737064102, "step_grade": 0.013261314946601726, "step_turn": 9.070822450882332, "coast_speed_mps": 0.0, "coast_speed_mph": 0.0}, "geometry": {"type": "Point", "coordinates": [-122.46526, 37.80075]}}, {"id": "223", "type": "Feature", "properties": {"name": "easier marin headlands tour", "step": 223, "lat": 37.8007, "lon": -122.46531, "elevation_m": 34.6, "time": null, "elevation_f": 113.517064, "step_elevation_m": 0.0, "step_elevation_f": 0.0, "step_dist_m": 7.085858394063811, "step_dist_f": 23.24756765358031, "step_grade": 0.0, "step_turn": 10.535266421005502, "coast_speed_mps": 0.0, "coast_speed_mph": 0.0}, "geometry": {"type": "Point", "coordinates": [-122.46531, 37.8007]}}, {"id": "224", "type": "Feature", "properties": {"name": "easier marin headlands tour", "step": 224, "lat": 37.80061, "lon": -122.46543, "elevation_m": 34.5, "time": null, "elevation_f": 113.18898, "step_elevation_m": -0.10000000000000142, "step_elevation_f": -0.32808400000000404, "step_dist_m": 14.536544589313644, "step_dist_f": 47.692076950403774, "step_grade": -0.006879213927738725, "step_turn": 8.17931818886288, "coast_speed_mps": 0.0, "coast_speed_mph": 0.0}, "geometry": {"type": "Point", "coordinates": [-122.46543, 37.80061]}}, {"id": "225", "type": "Feature", "properties": {"name": "easier marin headlands tour", "step": 225, "lat": 37.80058, "lon": -122.46548, "elevation_m": 34.5, "time": null, "elevation_f": 113.18898, "step_elevation_m": 0.0, "step_elevation_f": 0.0, "step_dist_m": 5.516027407793399, "step_dist_f": 18.097203360584896, "step_grade": 0.0, "step_turn": 6.295503221369245, "coast_speed_mps": 1.130888806371479, "coast_speed_mph": 2.5297262132504423}, "geometry": {"type": "Point", "coordinates": [-122.46548, 37.80058]}}, {"id": "226", "type": "Feature", "properties": {"name": "easier marin headlands tour", "step": 226, "lat": 37.80055, "lon": -122.46559, "elevation_m": 34.0, "time": null, "elevation_f": 111.54856, "step_elevation_m": -0.5, "step_elevation_f": -1.640420000000006, "step_dist_m": 10.22416535033033, "step_dist_f": 33.543850647977756, "step_grade": -0.048903747432434246, "step_turn": 18.1686759310781, "coast_speed_mps": 2.4399502190115583, "coast_speed_mph": 5.458013195713036}, "geometry": {"type": "Point", "coordinates": [-122.46559, 37.80055]}}, {"id": "227", "type": "Feature", "properties": {"name": "easier marin headlands tour", "step": 227, "lat": 37.80049, "lon": -122.46586, "elevation_m": 33.3, "time": null, "elevation_f": 109.251972, "step_elevation_m": -0.7000000000000028, "step_elevation_f": -2.296588, "step_dist_m": 24.642688783231204, "step_dist_f": 80.84871906757627, "step_grade": -0.028405991170749885, "step_turn": 3.334493316900648, "coast_speed_mps": 3.6669954872737143, "coast_speed_mph": 8.20283528828228}, "geometry": {"type": "Point", "coordinates": [-122.46586, 37.80049]}}, {"id": "228", "type": "Feature", "properties": {"name": "easier marin headlands tour", "step": 228, "lat": 37.80047, "lon": -122.46593, "elevation_m": 33.2, "time": null, "elevation_f": 108.923888, "step_elevation_m": -0.09999999999999432, "step_elevation_f": -0.32808399999998983, "step_dist_m": 6.5399733190330345, "step_dist_f": 21.45660606401634, "step_grade": -0.015290582258029728, "step_turn": 4.171654415854732, "coast_speed_mps": 3.7223389677235974, "coast_speed_mph": 8.326635128229226}, "geometry": {"type": "Point", "coordinates": [-122.46593, 37.80047]}}, {"id": "229", "type": "Feature", "properties": {"name": "easier marin headlands tour", "step": 229, "lat": 37.8004, "lon": -122.46604, "elevation_m": 33.3, "time": null, "elevation_f": 109.251972, "step_elevation_m": 0.09999999999999432, "step_elevation_f": 0.32808399999998983, "step_dist_m": 12.409316368329488, "step_dist_f": 40.71298151387012, "step_grade": 0.00805846164541424, "step_turn": 18.967184834212503, "coast_speed_mps": 2.876524435528587, "coast_speed_mph": 6.434601904815192}, "geometry": {"type": "Point", "coordinates": [-122.46604, 37.8004]}}, {"id": "230", "type": "Feature", "properties": {"name": "easier marin headlands tour", "step": 230, "lat": 37.80032, "lon": -122.46612, "elevation_m": 33.6, "time": null, "elevation_f": 110.236224, "step_elevation_m": 0.30000000000000426, "step_elevation_f": 0.9842520000000121, "step_dist_m": 11.337394964639158, "step_dist_f": 37.19617889578674, "step_grade": 0.026461105124739082, "step_turn": 12.839004477467768, "coast_speed_mps": 1.1945379023683107, "coast_speed_mph": 2.67210518604221}, "geometry": {"type": "Point", "coordinates": [-122.46612, 37.80032]}}, {"id": "231", "type": "Feature", "properties": {"name": "easier marin headlands tour", "step": 231, "lat": 37.80027, "lon": -122.46616, "elevation_m": 33.8, "time": null, "elevation_f": 110.89239199999999, "step_elevation_m": 0.19999999999999574, "step_elevation_f": 0.6561679999999797, "step_dist_m": 6.5773880383467604, "step_dist_f": 21.579357771729587, "step_grade": 0.030407207060610966, "step_turn": 6.016220064113952, "coast_speed_mps": 0.0, "coast_speed_mph": 0.0}, "geometry": {"type": "Point", "coordinates": [-122.46616, 37.80027]}}, {"id": "232", "type": "Feature", "properties": {"name": "easier marin headlands tour", "step": 232, "lat": 37.80004, "lon": -122.4663, "elevation_m": 35.3, "time": null, "elevation_f": 115.81365199999999, "step_elevation_m": 1.5, "step_elevation_f": 4.921260000000004, "step_dist_m": 28.379138928785135, "step_dist_f": 93.10741416311542, "step_grade": 0.0528557263053017, "step_turn": 6.612000798175728, "coast_speed_mps": 0.0, "coast_speed_mph": 0.0}, "geometry": {"type": "Point", "coordinates": [-122.4663, 37.80004]}}, {"id": "233", "type": "Feature", "properties": {"name": "easier marin headlands tour", "step": 233, "lat": 37.79999, "lon": -122.46634, "elevation_m": 35.5, "time": null, "elevation_f": 116.46982, "step_elevation_m": 0.20000000000000284, "step_elevation_f": 0.6561680000000081, "step_dist_m": 6.577395156693674, "step_dist_f": 21.579381125886872, "step_grade": 0.03040717415259248, "step_turn": 6.612098894716439, "coast_speed_mps": 0.0, "coast_speed_mph": 0.0}, "geometry": {"type": "Point", "coordinates": [-122.46634, 37.79999]}}, {"id": "234", "type": "Feature", "properties": {"name": "easier marin headlands tour", "step": 234, "lat": 37.79984, "lon": -122.46649, "elevation_m": 35.5, "time": null, "elevation_f": 116.46982, "step_elevation_m": 0.0, "step_elevation_f": 0.0, "step_dist_m": 21.25766478142633, "step_dist_f": 69.74299692149476, "step_grade": 0.0, "step_turn": 6.016311329199112, "coast_speed_mps": 0.0, "coast_speed_mph": 0.0}, "geometry": {"type": "Point", "coordinates": [-122.46649, 37.79984]}}, {"id": "235", "type": "Feature", "properties": {"name": "easier marin headlands tour", "step": 235, "lat": 37.7998, "lon": -122.46655, "elevation_m": 35.4, "time": null, "elevation_f": 116.141736, "step_elevation_m": -0.10000000000000142, "step_elevation_f": -0.32808400000000404, "step_dist_m": 6.897360218791705, "step_dist_f": 22.629135300220575, "step_grade": -0.014498300339244808, "step_turn": 11.530933563014713, "coast_speed_mps": 0.0, "coast_speed_mph": 0.0}, "geometry": {"type": "Point", "coordinates": [-122.46655, 37.7998]}}, {"id": "236", "type": "Feature", "properties": {"name": "easier marin headlands tour", "step": 236, "lat": 37.79972, "lon": -122.4667, "elevation_m": 35.1, "time": null, "elevation_f": 115.15748400000001, "step_elevation_m": -0.29999999999999716, "step_elevation_f": -0.9842519999999837, "step_dist_m": 15.900428368772006, "step_dist_f": 52.16676140940195, "step_grade": -0.018867416213086984, "step_turn": 6.136628016889887, "coast_speed_mps": 1.8412682485823435, "coast_speed_mph": 4.118799768661287}, "geometry": {"type": "Point", "coordinates": [-122.4667, 37.79972]}}, {"id": "237", "type": "Feature", "properties": {"name": "easier marin headlands tour", "step": 237, "lat": 37.79966, "lon": -122.46686, "elevation_m": 34.6, "time": null, "elevation_f": 113.517064, "step_elevation_m": -0.5, "step_elevation_f": -1.640420000000006, "step_dist_m": 15.560682043536367, "step_dist_f": 51.05210807571586, "step_grade": -0.032132267634611245, "step_turn": 8.629730809844403, "coast_speed_mps": 3.222256150534695, "coast_speed_mph": 7.207981725426565}, "geometry": {"type": "Point", "coordinates": [-122.46686, 37.79966]}}, {"id": "238", "type": "Feature", "properties": {"name": "easier marin headlands tour", "step": 238, "lat": 37.79961, "lon": -122.46704, "elevation_m": 34.2, "time": null, "elevation_f": 112.204728, "step_elevation_m": -0.3999999999999986, "step_elevation_f": -1.312336000000002, "step_dist_m": 16.76389409607429, "step_dist_f": 54.999654306164366, "step_grade": -0.023860804518782378, "step_turn": 6.019523467676407, "coast_speed_mps": 3.6607711630059536, "coast_speed_mph": 8.188911871434211}, "geometry": {"type": "Point", "coordinates": [-122.46704, 37.79961]}}, {"id": "239", "type": "Feature", "properties": {"name": "easier marin headlands tour", "step": 239, "lat": 37.7996, "lon": -122.46712, "elevation_m": 34.1, "time": null, "elevation_f": 111.876644, "step_elevation_m": -0.10000000000000142, "step_elevation_f": -0.32808400000000404, "step_dist_m": 7.116345323909532, "step_dist_f": 23.34759039249535, "step_grade": -0.014052156752992429, "step_turn": 10.379461961849131, "coast_speed_mps": 3.580673643080538, "coast_speed_mph": 8.0097388222095}, "geometry": {"type": "Point", "coordinates": [-122.46712, 37.7996]}}, {"id": "240", "type": "Feature", "properties": {"name": "easier marin headlands tour", "step": 240, "lat": 37.79961, "lon": -122.46724, "elevation_m": 34.3, "time": null, "elevation_f": 112.53281199999999, "step_elevation_m": 0.19999999999999574, "step_elevation_f": 0.6561679999999939, "step_dist_m": 10.601876969016917, "step_dist_f": 34.78306203502946, "step_grade": 0.01886458412830848, "step_turn": 15.009862700412384, "coast_speed_mps": 2.939000822870909, "coast_speed_mph": 6.57435760305768}, "geometry": {"type": "Point", "coordinates": [-122.46724, 37.79961]}}, {"id": "241", "type": "Feature", "properties": {"name": "easier marin headlands tour", "step": 241, "lat": 37.79963, "lon": -122.46734, "elevation_m": 34.4, "time": null, "elevation_f": 112.860896, "step_elevation_m": 0.10000000000000142, "step_elevation_f": 0.32808400000000404, "step_dist_m": 9.06324852993387, "step_dist_f": 29.73506830694824, "step_grade": 0.0110335714252703, "step_turn": 8.183630062973918, "coast_speed_mps": 1.9864654221481322, "coast_speed_mph": 4.443596595714321}, "geometry": {"type": "Point", "coordinates": [-122.46734, 37.79963]}}, {"id": "242", "type": "Feature", "properties": {"name": "easier marin headlands tour", "step": 242, "lat": 37.79968, "lon": -122.46758, "elevation_m": 35.1, "time": null, "elevation_f": 115.15748400000001, "step_elevation_m": 0.7000000000000028, "step_elevation_f": 2.296588000000014, "step_dist_m": 21.80742152338653, "step_dist_f": 71.54666083078746, "step_grade": 0.032099164004754745, "step_turn": 0.5664920285475432, "coast_speed_mps": 0.0, "coast_speed_mph": 0.0}, "geometry": {"type": "Point", "coordinates": [-122.46758, 37.79968]}}, {"id": "243", "type": "Feature", "properties": {"name": "easier marin headlands tour", "step": 243, "lat": 37.79973, "lon": -122.4677, "elevation_m": 35.4, "time": null, "elevation_f": 116.141736, "step_elevation_m": 0.29999999999999716, "step_elevation_f": 0.9842519999999837, "step_dist_m": 11.91947324258848, "step_dist_f": 39.10588459321399, "step_grade": 0.025168897475107546, "step_turn": 13.0330966011378, "coast_speed_mps": 0.0, "coast_speed_mph": 0.0}, "geometry": {"type": "Point", "coordinates": [-122.4677, 37.79973]}}, {"id": "244", "type": "Feature", "properties": {"name": "easier marin headlands tour", "step": 244, "lat": 37.79979, "lon": -122.46782, "elevation_m": 35.6, "time": null, "elevation_f": 116.797904, "step_elevation_m": 0.20000000000000284, "step_elevation_f": 0.6561680000000081, "step_dist_m": 12.476955545872219, "step_dist_f": 40.93489483311941, "step_grade": 0.016029551380919146, "step_turn": 4.521417697332026, "coast_speed_mps": 0.0, "coast_speed_mph": 0.0}, "geometry": {"type": "Point", "coordinates": [-122.46782, 37.79979]}}, {"id": "245", "type": "Feature", "properties": {"name": "easier marin headlands tour", "step": 245, "lat": 37.79984, "lon": -122.46787, "elevation_m": 35.5, "time": null, "elevation_f": 116.46982, "step_elevation_m": -0.10000000000000142, "step_elevation_f": -0.32808400000000404, "step_dist_m": 7.0858919488087775, "step_dist_f": 23.247677741329788, "step_grade": -0.014112549375920502, "step_turn": 19.36068304130123, "coast_speed_mps": 0.0, "coast_speed_mph": 0.0}, "geometry": {"type": "Point", "coordinates": [-122.46787, 37.79984]}}, {"id": "246", "type": "Feature", "properties": {"name": "easier marin headlands tour", "step": 246, "lat": 37.79988, "lon": -122.46791, "elevation_m": 35.5, "time": null, "elevation_f": 116.46982, "step_elevation_m": 0.0, "step_elevation_f": 0.0, "step_dist_m": 5.668712229596245, "step_dist_f": 18.598137831348545, "step_grade": 0.0, "step_turn": 1.3942772454811347e-05, "coast_speed_mps": 0.0, "coast_speed_mph": 0.0}, "geometry": {"type": "Point", "coordinates": [-122.46791, 37.79988]}}, {"id": "247", "type": "Feature", "properties": {"name": "easier marin headlands tour", "step": 247, "lat": 37.79994, "lon": -122.46793, "elevation_m": 35.2, "time": null, "elevation_f": 115.48556800000001, "step_elevation_m": -0.29999999999999716, "step_elevation_f": -0.9842519999999837, "step_dist_m": 6.899229513459413, "step_dist_f": 22.63526815693818, "step_grade": -0.04348311639940952, "step_turn": 23.558501446448247, "coast_speed_mps": 1.2930730780834103, "coast_speed_mph": 2.8925220966432734}, "geometry": {"type": "Point", "coordinates": [-122.46793, 37.79994]}}, {"id": "248", "type": "Feature", "properties": {"name": "easier marin headlands tour", "step": 248, "lat": 37.80033, "lon": -122.46805, "elevation_m": 33.2, "time": null, "elevation_f": 108.923888, "step_elevation_m": -2.0, "step_elevation_f": -6.56168000000001, "step_dist_m": 44.62929060842445, "step_dist_f": 146.42156179974327, "step_grade": -0.04481361842714278, "step_turn": 1.090913697653889, "coast_speed_mps": 6.246018500338984, "coast_speed_mph": 13.971945464251469}, "geometry": {"type": "Point", "coordinates": [-122.46805, 37.80033]}}, {"id": "249", "type": "Feature", "properties": {"name": "easier marin headlands tour", "step": 249, "lat": 37.80043, "lon": -122.4681, "elevation_m": 32.3, "time": null, "elevation_f": 105.97113199999998, "step_elevation_m": -0.9000000000000057, "step_elevation_f": -2.952756000000022, "step_dist_m": 11.955831517477264, "step_dist_f": 39.22517027580011, "step_grade": -0.07527707283967396, "step_turn": 7.8929160209112865, "coast_speed_mps": 6.780776598037989, "coast_speed_mph": 15.168165260464347}, "geometry": {"type": "Point", "coordinates": [-122.4681, 37.80043]}}, {"id": "250", "type": "Feature", "properties": {"name": "easier marin headlands tour", "step": 250, "lat": 37.80048, "lon": -122.46815, "elevation_m": 31.9, "time": null, "elevation_f": 104.658796, "step_elevation_m": -0.3999999999999986, "step_elevation_f": -1.3123359999999877, "step_dist_m": 7.085868349110841, "step_dist_f": 23.24760031449681, "step_grade": -0.05645038551276386, "step_turn": 16.756271560314758, "coast_speed_mps": 7.00229911450335, "coast_speed_mph": 15.66369701705293}, "geometry": {"type": "Point", "coordinates": [-122.46815, 37.80048]}}, {"id": "251", "type": "Feature", "properties": {"name": "easier marin headlands tour", "step": 251, "lat": 37.80056, "lon": -122.46826, "elevation_m": 31.7, "time": null, "elevation_f": 104.002628, "step_elevation_m": -0.1999999999999993, "step_elevation_f": -0.6561679999999939, "step_dist_m": 13.135348694772917, "step_dist_f": 43.09497741175878, "step_grade": -0.015226089892808657, "step_turn": 9.058730930020829, "coast_speed_mps": 6.71582026969582, "coast_speed_mph": 15.022862092197148}, "geometry": {"type": "Point", "coordinates": [-122.46826, 37.80056]}}, {"id": "252", "type": "Feature", "properties": {"name": "easier marin headlands tour", "step": 252, "lat": 37.8006, "lon": -122.46834, "elevation_m": 32.0, "time": null, "elevation_f": 104.98688, "step_elevation_m": 0.3000000000000007, "step_elevation_f": 0.9842519999999979, "step_dist_m": 8.317904425695348, "step_dist_f": 27.289713555998325, "step_grade": 0.03606677651563924, "step_turn": 10.301918463862364, "coast_speed_mps": 6.353716639672038, "coast_speed_mph": 14.21285934071231}, "geometry": {"type": "Point", "coordinates": [-122.46834, 37.8006]}}, {"id": "253", "type": "Feature", "properties": {"name": "easier marin headlands tour", "step": 253, "lat": 37.80083, "lon": -122.46895, "elevation_m": 34.7, "time": null, "elevation_f": 113.84514800000001, "step_elevation_m": 2.700000000000003, "step_elevation_f": 8.85826800000001, "step_dist_m": 59.38415583853053, "step_dist_f": 194.8299138412845, "step_grade": 0.045466673086024534, "step_turn": 6.8152104049098625, "coast_speed_mps": 0.0, "coast_speed_mph": 0.0}, "geometry": {"type": "Point", "coordinates": [-122.46895, 37.80083]}}, {"id": "254", "type": "Feature", "properties": {"name": "easier marin headlands tour", "step": 254, "lat": 37.8009, "lon": -122.46907, "elevation_m": 35.0, "time": null, "elevation_f": 114.82939999999999, "step_elevation_m": 0.29999999999999716, "step_elevation_f": 0.9842519999999837, "step_dist_m": 13.105140174913728, "step_dist_f": 42.995868091463954, "step_grade": 0.022891781087108598, "step_turn": 10.926897213780308, "coast_speed_mps": 0.0, "coast_speed_mph": 0.0}, "geometry": {"type": "Point", "coordinates": [-122.46907, 37.8009]}}, {"id": "255", "type": "Feature", "properties": {"name": "easier marin headlands tour", "step": 255, "lat": 37.80097, "lon": -122.46915, "elevation_m": 35.0, "time": null, "elevation_f": 114.82939999999999, "step_elevation_m": 0.0, "step_elevation_f": 0.0, "step_dist_m": 10.487577786210537, "step_dist_f": 34.40806470411098, "step_grade": 0.0, "step_turn": 11.480245748344373, "coast_speed_mps": 0.0, "coast_speed_mph": 0.0}, "geometry": {"type": "Point", "coordinates": [-122.46915, 37.80097]}}, {"id": "256", "type": "Feature", "properties": {"name": "easier marin headlands tour", "step": 256, "lat": 37.80103, "lon": -122.46918, "elevation_m": 34.9, "time": null, "elevation_f": 114.50131599999999, "step_elevation_m": -0.10000000000000142, "step_elevation_f": -0.32808400000000404, "step_dist_m": 7.173490780756433, "step_dist_f": 23.535075493136937, "step_grade": -0.013940214472465884, "step_turn": 20.52514662524419, "coast_speed_mps": 0.287540575337989, "coast_speed_mph": 0.6432099484117499}, "geometry": {"type": "Point", "coordinates": [-122.46918, 37.80103]}}, {"id": "257", "type": "Feature", "properties": {"name": "easier marin headlands tour", "step": 257, "lat": 37.80108, "lon": -122.46919, "elevation_m": 34.8, "time": null, "elevation_f": 114.17323199999998, "step_elevation_m": -0.10000000000000142, "step_elevation_f": -0.32808400000000404, "step_dist_m": 5.628740247680554, "step_dist_f": 18.466996154200267, "step_grade": -0.017765964603040373, "step_turn": 12.577472214999716, "coast_speed_mps": 0.3797990838530468, "coast_speed_mph": 0.8495863543598925}, "geometry": {"type": "Point", "coordinates": [-122.46919, 37.80108]}}, {"id": "258", "type": "Feature", "properties": {"name": "easier marin headlands tour", "step": 258, "lat": 37.8016, "lon": -122.46913, "elevation_m": 33.8, "time": null, "elevation_f": 110.89239199999999, "step_elevation_m": -1.0, "step_elevation_f": -3.2808399999999978, "step_dist_m": 58.06116965986063, "step_dist_f": 190.48940786685716, "step_grade": -0.01722321485871355, "step_turn": 14.189355812405609, "coast_speed_mps": 3.254449840564253, "coast_speed_mph": 7.279996959028833}, "geometry": {"type": "Point", "coordinates": [-122.46913, 37.8016]}}, {"id": "259", "type": "Feature", "properties": {"name": "easier marin headlands tour", "step": 259, "lat": 37.80189, "lon": -122.46907, "elevation_m": 33.3, "time": null, "elevation_f": 109.251972, "step_elevation_m": -0.5, "step_elevation_f": -1.6404199999999918, "step_dist_m": 32.67457491208133, "step_dist_f": 107.20005235455292, "step_grade": -0.01530241789970851, "step_turn": 4.0751274460820355, "coast_speed_mps": 2.719344502587366, "coast_speed_mph": 6.083000408436298}, "geometry": {"type": "Point", "coordinates": [-122.46907, 37.80189]}}, {"id": "260", "type": "Feature", "properties": {"name": "easier marin headlands tour", "step": 260, "lat": 37.80199, "lon": -122.46907, "elevation_m": 33.5, "time": null, "elevation_f": 109.90814, "step_elevation_m": 0.20000000000000284, "step_elevation_f": 0.6561680000000081, "step_dist_m": 11.119492664568353, "step_dist_f": 36.48127631362244, "step_grade": 0.017986432118192924, "step_turn": null, "coast_speed_mps": 2.561173927625806, "coast_speed_mph": 5.729182908969674}, "geometry": {"type": "Point", "coordinates": [-122.46907, 37.80199]}}, {"id": "261", "type": "Feature", "properties": {"name": "easier marin headlands tour", "step": 261, "lat": 37.80237, "lon": -122.46906, "elevation_m": 34.3, "time": null, "elevation_f": 112.53281199999999, "step_elevation_m": 0.7999999999999972, "step_elevation_f": 2.6246719999999897, "step_dist_m": 42.263205334342565, "step_dist_f": 138.65881458912446, "step_grade": 0.01892899494184666, "step_turn": null, "coast_speed_mps": 0.0, "coast_speed_mph": 0.0}, "geometry": {"type": "Point", "coordinates": [-122.46906, 37.80237]}}, {"id": "262", "type": "Feature", "properties": {"name": "easier marin headlands tour", "step": 262, "lat": 37.80246, "lon": -122.46905, "elevation_m": 34.3, "time": null, "elevation_f": 112.53281199999999, "step_elevation_m": 0.0, "step_elevation_f": 0.0, "step_dist_m": 10.046035732355733, "step_dist_f": 32.95943587214198, "step_grade": 0.0, "step_turn": 3.8260788581238216, "coast_speed_mps": 0.0, "coast_speed_mph": 0.0}, "geometry": {"type": "Point", "coordinates": [-122.46905, 37.80246]}}, {"id": "263", "type": "Feature", "properties": {"name": "easier marin headlands tour", "step": 263, "lat": 37.80276, "lon": -122.46897, "elevation_m": 32.9, "time": null, "elevation_f": 107.939636, "step_elevation_m": -1.3999999999999986, "step_elevation_f": -4.593176, "step_dist_m": 34.09090749345888, "step_dist_f": 111.84681294083963, "step_grade": -0.04106666859099074, "step_turn": 6.880941015646272, "coast_speed_mps": 5.920449636578379, "coast_speed_mph": 13.243668657342457}, "geometry": {"type": "Point", "coordinates": [-122.46897, 37.80276]}}, {"id": "264", "type": "Feature", "properties": {"name": "easier marin headlands tour", "step": 264, "lat": 37.80287, "lon": -122.46896, "elevation_m": 31.5, "time": null, "elevation_f": 103.34646, "step_elevation_m": -1.3999999999999986, "step_elevation_f": -4.593176, "step_dist_m": 12.262955289169142, "step_dist_f": 40.23279423091768, "step_grade": -0.11416497630359163, "step_turn": 7.789722791439942, "coast_speed_mps": 6.933472907998186, "coast_speed_mph": 15.5097371778771}, "geometry": {"type": "Point", "coordinates": [-122.46896, 37.80287]}}, {"id": "265", "type": "Feature", "properties": {"name": "easier marin headlands tour", "step": 265, "lat": 37.80297, "lon": -122.46896, "elevation_m": 30.0, "time": null, "elevation_f": 98.4252, "step_elevation_m": -1.5, "step_elevation_f": -4.9212599999999895, "step_dist_m": 11.119492664568353, "step_dist_f": 36.48127631362244, "step_grade": -0.134898240886445, "step_turn": null, "coast_speed_mps": 8.341850221512775, "coast_speed_mph": 18.660187503383963}, "geometry": {"type": "Point", "coordinates": [-122.46896, 37.80297]}}, {"id": "266", "type": "Feature", "properties": {"name": "easier marin headlands tour", "step": 266, "lat": 37.80319, "lon": -122.469, "elevation_m": 28.5, "time": null, "elevation_f": 93.50394, "step_elevation_m": -1.5, "step_elevation_f": -4.921260000000004, "step_dist_m": 24.714024552291434, "step_dist_f": 81.08276031213983, "step_grade": -0.06069428299005728, "step_turn": null, "coast_speed_mps": 8.726172053945437, "coast_speed_mph": 19.51989095818143}, "geometry": {"type": "Point", "coordinates": [-122.469, 37.80319]}}, {"id": "267", "type": "Feature", "properties": {"name": "easier marin headlands tour", "step": 267, "lat": 37.80329, "lon": -122.46904, "elevation_m": 28.3, "time": null, "elevation_f": 92.847772, "step_elevation_m": -0.1999999999999993, "step_elevation_f": -0.6561679999999939, "step_dist_m": 11.66162022771134, "step_dist_f": 38.25991010788447, "step_grade": -0.01715027552730127, "step_turn": 9.363947387853159, "coast_speed_mps": 8.871170070829447, "coast_speed_mph": 19.84424228442519}, "geometry": {"type": "Point", "coordinates": [-122.46904, 37.80329]}}, {"id": "268", "type": "Feature", "properties": {"name": "easier marin headlands tour", "step": 268, "lat": 37.80349, "lon": -122.46914, "elevation_m": 28.5, "time": null, "elevation_f": 93.50394, "step_elevation_m": 0.1999999999999993, "step_elevation_f": 0.6561679999999939, "step_dist_m": 23.911531477596164, "step_dist_f": 78.4499089329566, "step_grade": 0.008364165222432059, "step_turn": 4.017900208502397, "coast_speed_mps": 7.592540394033284, "coast_speed_mph": 16.984029156302064}, "geometry": {"type": "Point", "coordinates": [-122.46914, 37.80349]}}, {"id": "269", "type": "Feature", "properties": {"name": "easier marin headlands tour", "step": 269, "lat": 37.80381, "lon": -122.46926, "elevation_m": 27.1, "time": null, "elevation_f": 88.910764, "step_elevation_m": -1.3999999999999986, "step_elevation_f": -4.593176, "step_dist_m": 37.11140940832866, "step_dist_f": 121.756596443221, "step_grade": -0.03772424767262561, "step_turn": 5.052755286586034, "coast_speed_mps": 8.649959788664376, "coast_speed_mph": 19.34940897607455}, "geometry": {"type": "Point", "coordinates": [-122.46926, 37.80381]}}, {"id": "270", "type": "Feature", "properties": {"name": "easier marin headlands tour", "step": 270, "lat": 37.80393, "lon": -122.46932, "elevation_m": 25.8, "time": null, "elevation_f": 84.645672, "step_elevation_m": -1.3000000000000007, "step_elevation_f": -4.265091999999996, "step_dist_m": 14.346906298583715, "step_dist_f": 47.06990406064539, "step_grade": -0.09061186941245535, "step_turn": 5.0526402921613, "coast_speed_mps": 8.929223427743453, "coast_speed_mph": 19.974103945381717}, "geometry": {"type": "Point", "coordinates": [-122.46932, 37.80393]}}, {"id": "271", "type": "Feature", "properties": {"name": "easier marin headlands tour", "step": 271, "lat": 37.80399, "lon": -122.46936, "elevation_m": 25.4, "time": null, "elevation_f": 83.33333599999999, "step_elevation_m": -0.40000000000000213, "step_elevation_f": -1.3123360000000162, "step_dist_m": 7.540659824685102, "step_dist_f": 24.73969837921987, "step_grade": -0.05304575584891951, "step_turn": 6.220820434064251, "coast_speed_mps": 9.15355465429791, "coast_speed_mph": 20.47591860750246}, "geometry": {"type": "Point", "coordinates": [-122.46936, 37.80399]}}, {"id": "272", "type": "Feature", "properties": {"name": "easier marin headlands tour", "step": 272, "lat": 37.80404, "lon": -122.46942, "elevation_m": 25.2, "time": null, "elevation_f": 82.677168, "step_elevation_m": -0.1999999999999993, "step_elevation_f": -0.6561679999999939, "step_dist_m": 7.661481702854091, "step_dist_f": 25.136095629991814, "step_grade": -0.026104611060481207, "step_turn": 15.697308868043365, "coast_speed_mps": 9.162725945373802, "coast_speed_mph": 20.496434201355118}, "geometry": {"type": "Point", "coordinates": [-122.46942, 37.80404]}}, {"id": "273", "type": "Feature", "properties": {"name": "easier marin headlands tour", "step": 273, "lat": 37.80429, "lon": -122.46979, "elevation_m": 26.4, "time": null, "elevation_f": 86.614176, "step_elevation_m": 1.1999999999999993, "step_elevation_f": 3.937008000000006, "step_dist_m": 42.7722214001317, "step_dist_f": 140.3288148584081, "step_grade": 0.02805559217451129, "step_turn": 5.989000563904824, "coast_speed_mps": 5.806712817846774, "coast_speed_mph": 12.98924663977892}, "geometry": {"type": "Point", "coordinates": [-122.46979, 37.80429]}}, {"id": "274", "type": "Feature", "properties": {"name": "easier marin headlands tour", "step": 274, "lat": 37.80435, "lon": -122.46985, "elevation_m": 26.3, "time": null, "elevation_f": 86.286092, "step_elevation_m": -0.09999999999999787, "step_elevation_f": -0.32808400000000404, "step_dist_m": 8.502871000402292, "step_dist_f": 27.896559292959857, "step_grade": -0.011760733521097359, "step_turn": 11.151391598550617, "coast_speed_mps": 5.173666046798431, "coast_speed_mph": 11.573161343053027}, "geometry": {"type": "Point", "coordinates": [-122.46985, 37.80435]}}, {"id": "275", "type": "Feature", "properties": {"name": "easier marin headlands tour", "step": 275, "lat": 37.80449, "lon": -122.46995, "elevation_m": 27.2, "time": null, "elevation_f": 89.23884799999999, "step_elevation_m": 0.8999999999999986, "step_elevation_f": 2.9527559999999937, "step_dist_m": 17.875324492632384, "step_dist_f": 58.64607960840803, "step_grade": 0.05034873634718904, "step_turn": 8.873825570389329, "coast_speed_mps": 1.7037168192985954, "coast_speed_mph": 3.811105984472516}, "geometry": {"type": "Point", "coordinates": [-122.46995, 37.80449]}}, {"id": "276", "type": "Feature", "properties": {"name": "easier marin headlands tour", "step": 276, "lat": 37.80464, "lon": -122.47, "elevation_m": 27.9, "time": null, "elevation_f": 91.53543599999999, "step_elevation_m": 0.6999999999999993, "step_elevation_f": 2.296588, "step_dist_m": 17.248003268818263, "step_dist_f": 56.58793904446971, "step_grade": 0.04058440789291197, "step_turn": 14.683885354434835, "coast_speed_mps": 0.0, "coast_speed_mph": 0.0}, "geometry": {"type": "Point", "coordinates": [-122.47, 37.80464]}}, {"id": "277", "type": "Feature", "properties": {"name": "easier marin headlands tour", "step": 277, "lat": 37.80471, "lon": -122.47001, "elevation_m": 28.3, "time": null, "elevation_f": 92.847772, "step_elevation_m": 0.40000000000000213, "step_elevation_f": 1.3123360000000162, "step_dist_m": 7.833070229853193, "step_dist_f": 25.699050132911548, "step_grade": 0.051065544960331465, "step_turn": 8.31500574852447, "coast_speed_mps": 0.0, "coast_speed_mph": 0.0}, "geometry": {"type": "Point", "coordinates": [-122.47001, 37.80471]}}, {"id": "278", "type": "Feature", "properties": {"name": "easier marin headlands tour", "step": 278, "lat": 37.80479, "lon": -122.47, "elevation_m": 28.2, "time": null, "elevation_f": 92.519688, "step_elevation_m": -0.10000000000000142, "step_elevation_f": -0.32808400000000404, "step_dist_m": 8.938873263240698, "step_dist_f": 29.32701295697061, "step_grade": -0.01118709227159883, "step_turn": 12.08024830687043, "coast_speed_mps": 0.9765073348760082, "coast_speed_mph": 2.184384696841462}, "geometry": {"type": "Point", "coordinates": [-122.47, 37.80479]}}, {"id": "279", "type": "Feature", "properties": {"name": "easier marin headlands tour", "step": 279, "lat": 37.8049, "lon": -122.46995, "elevation_m": 27.5, "time": null, "elevation_f": 90.2231, "step_elevation_m": -0.6999999999999993, "step_elevation_f": -2.296588, "step_dist_m": 12.996331354163031, "step_dist_f": 42.63888375999224, "step_grade": -0.05386135371008164, "step_turn": 14.114707067889128, "coast_speed_mps": 2.8504855246895775, "coast_speed_mph": 6.376354520153844}, "geometry": {"type": "Point", "coordinates": [-122.46995, 37.8049]}}, {"id": "280", "type": "Feature", "properties": {"name": "easier marin headlands tour", "step": 280, "lat": 37.80508, "lon": -122.4699, "elevation_m": 26.8, "time": null, "elevation_f": 87.926512, "step_elevation_m": -0.6999999999999993, "step_elevation_f": -2.296588, "step_dist_m": 20.491463603857827, "step_dist_f": 67.22921345008092, "step_grade": -0.03416056625004637, "step_turn": 7.376535499166039, "coast_speed_mps": 4.178471091515255, "coast_speed_mph": 9.346973629910636}, "geometry": {"type": "Point", "coordinates": [-122.4699, 37.80508]}}, {"id": "281", "type": "Feature", "properties": {"name": "easier marin headlands tour", "step": 281, "lat": 37.80526, "lon": -122.46989, "elevation_m": 26.3, "time": null, "elevation_f": 86.286092, "step_elevation_m": -0.5, "step_elevation_f": -1.640420000000006, "step_dist_m": 20.034359259335286, "step_dist_f": 65.72952723239757, "step_grade": -0.02495712458420741, "step_turn": 9.865232288873585, "coast_speed_mps": 4.6517793551931135, "coast_speed_mph": 10.40573406226089}, "geometry": {"type": "Point", "coordinates": [-122.46989, 37.80526]}}, {"id": "282", "type": "Feature", "properties": {"name": "easier marin headlands tour", "step": 282, "lat": 37.80552, "lon": -122.46992, "elevation_m": 26.1, "time": null, "elevation_f": 85.629924, "step_elevation_m": -0.1999999999999993, "step_elevation_f": -0.6561679999999939, "step_dist_m": 29.030571708008143, "step_dist_f": 95.24466088250144, "step_grade": -0.006889289057467266, "step_turn": 7.722315241561432, "coast_speed_mps": 3.7625548472667365, "coast_speed_mph": 8.416595488696162}, "geometry": {"type": "Point", "coordinates": [-122.46992, 37.80552]}}, {"id": "283", "type": "Feature", "properties": {"name": "easier marin headlands tour", "step": 283, "lat": 37.80559, "lon": -122.46994, "elevation_m": 26.2, "time": null, "elevation_f": 85.95800799999999, "step_elevation_m": 0.09999999999999787, "step_elevation_f": 0.32808399999998983, "step_dist_m": 7.9795050680357065, "step_dist_f": 26.179479407414266, "step_grade": 0.01253210558140727, "step_turn": 7.511847638919903, "coast_speed_mps": 3.539001445151956, "coast_speed_mph": 7.916520770293379}, "geometry": {"type": "Point", "coordinates": [-122.46994, 37.80559]}}, {"id": "284", "type": "Feature", "properties": {"name": "easier marin headlands tour", "step": 284, "lat": 37.80573, "lon": -122.47, "elevation_m": 26.3, "time": null, "elevation_f": 86.286092, "step_elevation_m": 0.10000000000000142, "step_elevation_f": 0.32808400000000404, "step_dist_m": 16.43553449870891, "step_dist_f": 53.922359004744145, "step_grade": 0.0060843777248532375, "step_turn": 5.985880472387294, "coast_speed_mps": 2.416864986808542, "coast_speed_mph": 5.406373001987606}, "geometry": {"type": "Point", "coordinates": [-122.47, 37.80573]}}, {"id": "285", "type": "Feature", "properties": {"name": "easier marin headlands tour", "step": 285, "lat": 37.80579, "lon": -122.47005, "elevation_m": 26.4, "time": null, "elevation_f": 86.614176, "step_elevation_m": 0.09999999999999787, "step_elevation_f": 0.32808400000000404, "step_dist_m": 7.987959750994902, "step_dist_f": 26.207217869454112, "step_grade": 0.012518841245731471, "step_turn": 14.654643556177689, "coast_speed_mps": 1.5660547289274631, "coast_speed_mph": 3.5031646584812575}, "geometry": {"type": "Point", "coordinates": [-122.47005, 37.80579]}}, {"id": "286", "type": "Feature", "properties": {"name": "easier marin headlands tour", "step": 286, "lat": 37.80587, "lon": -122.47011, "elevation_m": 26.6, "time": null, "elevation_f": 87.27034400000001, "step_elevation_m": 0.20000000000000284, "step_elevation_f": 0.6561680000000081, "step_dist_m": 10.340104049790874, "step_dist_f": 33.92422697071589, "step_grade": 0.019342165130731715, "step_turn": 2.711668269302095, "coast_speed_mps": 0.0, "coast_speed_mph": 0.0}, "geometry": {"type": "Point", "coordinates": [-122.47011, 37.80587]}}, {"id": "287", "type": "Feature", "properties": {"name": "easier marin headlands tour", "step": 287, "lat": 37.80595, "lon": -122.4702, "elevation_m": 26.6, "time": null, "elevation_f": 87.27034400000001, "step_elevation_m": 0.0, "step_elevation_f": 0.0, "step_dist_m": 11.901693674324697, "step_dist_f": 39.04755267447144, "step_grade": 0.0, "step_turn": 10.982701813963217, "coast_speed_mps": 0.0, "coast_speed_mph": 0.0}, "geometry": {"type": "Point", "coordinates": [-122.4702, 37.80595]}}, {"id": "288", "type": "Feature", "properties": {"name": "easier marin headlands tour", "step": 288, "lat": 37.80604, "lon": -122.47039, "elevation_m": 27.0, "time": null, "elevation_f": 88.58268, "step_elevation_m": 0.3999999999999986, "step_elevation_f": 1.3123359999999877, "step_dist_m": 19.462350460831264, "step_dist_f": 63.85285788591364, "step_grade": 0.020552502165913318, "step_turn": 17.423563933231833, "coast_speed_mps": 0.0, "coast_speed_mph": 0.0}, "geometry": {"type": "Point", "coordinates": [-122.47039, 37.80604]}}, {"id": "289", "type": "Feature", "properties": {"name": "easier marin headlands tour", "step": 289, "lat": 37.80633, "lon": -122.47129, "elevation_m": 34.7, "time": null, "elevation_f": 113.84514800000001, "step_elevation_m": 7.700000000000003, "step_elevation_f": 25.262468000000013, "step_dist_m": 85.39123953286037, "step_dist_f": 280.1549943089896, "step_grade": 0.09017318453419193, "step_turn": 8.756662119267844, "coast_speed_mps": 0.0, "coast_speed_mph": 0.0}, "geometry": {"type": "Point", "coordinates": [-122.47129, 37.80633]}}, {"id": "290", "type": "Feature", "properties": {"name": "easier marin headlands tour", "step": 290, "lat": 37.8064, "lon": -122.47144, "elevation_m": 35.8, "time": null, "elevation_f": 117.454072, "step_elevation_m": 1.0999999999999943, "step_elevation_f": 3.6089239999999876, "step_dist_m": 15.30510017026145, "step_dist_f": 50.213584842600575, "step_grade": 0.07187146688117386, "step_turn": 8.380964411797606, "coast_speed_mps": 0.0, "coast_speed_mph": 0.0}, "geometry": {"type": "Point", "coordinates": [-122.47144, 37.8064]}}, {"id": "291", "type": "Feature", "properties": {"name": "easier marin headlands tour", "step": 291, "lat": 37.80644, "lon": -122.47153, "elevation_m": 36.7, "time": null, "elevation_f": 120.406828, "step_elevation_m": 0.9000000000000057, "step_elevation_f": 2.952756000000008, "step_dist_m": 9.071976223320815, "step_dist_f": 29.763702472519864, "step_grade": 0.09920660921557826, "step_turn": 1.209435426538164, "coast_speed_mps": 0.0, "coast_speed_mph": 0.0}, "geometry": {"type": "Point", "coordinates": [-122.47153, 37.80644]}}, {"id": "292", "type": "Feature", "properties": {"name": "easier marin headlands tour", "step": 292, "lat": 37.80682, "lon": -122.47214, "elevation_m": 39.7, "time": null, "elevation_f": 130.249348, "step_elevation_m": 3.0, "step_elevation_f": 9.842519999999993, "step_dist_m": 68.24479780669866, "step_dist_f": 223.90026243612922, "step_grade": 0.043959394655947406, "step_turn": 8.895671625519583, "coast_speed_mps": 0.0, "coast_speed_mph": 0.0}, "geometry": {"type": "Point", "coordinates": [-122.47214, 37.80682]}}, {"id": "293", "type": "Feature", "properties": {"name": "easier marin headlands tour", "step": 293, "lat": 37.80686, "lon": -122.47223, "elevation_m": 39.7, "time": null, "elevation_f": 130.249348, "step_elevation_m": 0.0, "step_elevation_f": 0.0, "step_dist_m": 9.07193702953522, "step_dist_f": 29.76357388398033, "step_grade": 0.0, "step_turn": 8.895532384360763, "coast_speed_mps": 0.0, "coast_speed_mph": 0.0}, "geometry": {"type": "Point", "coordinates": [-122.47223, 37.80686]}}, {"id": "294", "type": "Feature", "properties": {"name": "easier marin headlands tour", "step": 294, "lat": 37.80691, "lon": -122.4724, "elevation_m": 40.2, "time": null, "elevation_f": 131.889768, "step_elevation_m": 0.5, "step_elevation_f": 1.640420000000006, "step_dist_m": 15.936294993706438, "step_dist_f": 52.28443406715183, "step_grade": 0.0313749212221197, "step_turn": 8.940607803371904, "coast_speed_mps": 0.0, "coast_speed_mph": 0.0}, "geometry": {"type": "Point", "coordinates": [-122.4724, 37.80691]}}, {"id": "295", "type": "Feature", "properties": {"name": "easier marin headlands tour", "step": 295, "lat": 37.80696, "lon": -122.47241, "elevation_m": 39.9, "time": null, "elevation_f": 130.905516, "step_elevation_m": -0.30000000000000426, "step_elevation_f": -0.9842519999999979, "step_dist_m": 5.628729329501106, "step_dist_f": 18.466960333400408, "step_grade": -0.053297997192306684, "step_turn": 60.60212554665003, "coast_speed_mps": 0.0, "coast_speed_mph": 0.0}, "geometry": {"type": "Point", "coordinates": [-122.47241, 37.80696]}}, {"id": "296", "type": "Feature", "properties": {"name": "easier marin headlands tour", "step": 296, "lat": 37.80738, "lon": -122.47304, "elevation_m": 40.2, "time": null, "elevation_f": 131.889768, "step_elevation_m": 0.30000000000000426, "step_elevation_f": 0.9842519999999979, "step_dist_m": 72.41807233979114, "step_dist_f": 237.59210845528037, "step_grade": 0.004142612338428194, "step_turn": 40.862782067835724, "coast_speed_mps": 0.0, "coast_speed_mph": 0.0}, "geometry": {"type": "Point", "coordinates": [-122.47304, 37.80738]}}, {"id": "297", "type": "Feature", "properties": {"name": "easier marin headlands tour", "step": 297, "lat": 37.80772, "lon": -122.47346, "elevation_m": 41.1, "time": null, "elevation_f": 134.842524, "step_elevation_m": 0.8999999999999986, "step_elevation_f": 2.9527559999999937, "step_dist_m": 52.82776443898206, "step_dist_f": 173.3194426819899, "step_grade": 0.017036496046307817, "step_turn": 5.5389493244330765, "coast_speed_mps": 0.0, "coast_speed_mph": 0.0}, "geometry": {"type": "Point", "coordinates": [-122.47346, 37.80772]}}, {"id": "298", "type": "Feature", "properties": {"name": "easier marin headlands tour", "step": 298, "lat": 37.80779, "lon": -122.47358, "elevation_m": 42.0, "time": null, "elevation_f": 137.79528, "step_elevation_m": 0.8999999999999986, "step_elevation_f": 2.9527559999999937, "step_dist_m": 13.104348905064887, "step_dist_f": 42.993272061693084, "step_grade": 0.0686794900319042, "step_turn": 9.257180947050301, "coast_speed_mps": 0.0, "coast_speed_mph": 0.0}, "geometry": {"type": "Point", "coordinates": [-122.47358, 37.80779]}}, {"id": "299", "type": "Feature", "properties": {"name": "easier marin headlands tour", "step": 299, "lat": 37.80788, "lon": -122.47376, "elevation_m": 43.1, "time": null, "elevation_f": 141.404204, "step_elevation_m": 1.1000000000000014, "step_elevation_f": 3.608924000000002, "step_dist_m": 18.713972240276277, "step_dist_f": 61.39754868478802, "step_grade": 0.05877961054321634, "step_turn": 4.111667030276294, "coast_speed_mps": 0.0, "coast_speed_mph": 0.0}, "geometry": {"type": "Point", "coordinates": [-122.47376, 37.80788]}}, {"id": "300", "type": "Feature", "properties": {"name": "easier marin headlands tour", "step": 300, "lat": 37.80797, "lon": -122.47399, "elevation_m": 43.8, "time": null, "elevation_f": 143.70079199999998, "step_elevation_m": 0.6999999999999957, "step_elevation_f": 2.2965879999999856, "step_dist_m": 22.5483901048682, "step_dist_f": 73.97766019165579, "step_grade": 0.031044344928592735, "step_turn": 5.979638421594245, "coast_speed_mps": 0.0, "coast_speed_mph": 0.0}, "geometry": {"type": "Point", "coordinates": [-122.47399, 37.80797]}}, {"id": "301", "type": "Feature", "properties": {"name": "easier marin headlands tour", "step": 301, "lat": 37.80806, "lon": -122.47436, "elevation_m": 44.3, "time": null, "elevation_f": 145.34121199999998, "step_elevation_m": 0.5, "step_elevation_f": 1.640420000000006, "step_dist_m": 34.0107952619411, "step_dist_f": 111.58397752718683, "step_grade": 0.01470121460404403, "step_turn": 9.235821045747002, "coast_speed_mps": 0.0, "coast_speed_mph": 0.0}, "geometry": {"type": "Point", "coordinates": [-122.47436, 37.80806]}}, {"id": "302", "type": "Feature", "properties": {"name": "easier marin headlands tour", "step": 302, "lat": 37.80817, "lon": -122.47474, "elevation_m": 42.5, "time": null, "elevation_f": 139.4357, "step_elevation_m": -1.7999999999999972, "step_elevation_f": -5.905511999999987, "step_dist_m": 35.55380182019096, "step_dist_f": 116.64633516375531, "step_grade": -0.05062749714090433, "step_turn": 3.0100353308415606, "coast_speed_mps": 5.453024414607253, "coast_speed_mph": 12.198068214493661}, "geometry": {"type": "Point", "coordinates": [-122.47474, 37.80817]}}, {"id": "303", "type": "Feature", "properties": {"name": "easier marin headlands tour", "step": 303, "lat": 37.8082, "lon": -122.47513, "elevation_m": 47.6, "time": null, "elevation_f": 156.167984, "step_elevation_m": 5.100000000000001, "step_elevation_f": 16.732283999999993, "step_dist_m": 34.424092309005964, "step_dist_f": 112.93993901107912, "step_grade": 0.14815205450357655, "step_turn": 14.56142142595354, "coast_speed_mps": 0.0, "coast_speed_mph": 0.0}, "geometry": {"type": "Point", "coordinates": [-122.47513, 37.8082]}}, {"id": "304", "type": "Feature", "properties": {"name": "easier marin headlands tour", "step": 304, "lat": 37.80823, "lon": -122.47519, "elevation_m": 47.3, "time": null, "elevation_f": 155.183732, "step_elevation_m": -0.30000000000000426, "step_elevation_f": -0.9842519999999979, "step_dist_m": 6.237967826577664, "step_dist_f": 20.465774364149063, "step_grade": -0.04809258533232821, "step_turn": 26.76694200853524, "coast_speed_mps": 0.0, "coast_speed_mph": 0.0}, "geometry": {"type": "Point", "coordinates": [-122.47519, 37.80823]}}, {"id": "305", "type": "Feature", "properties": {"name": "easier marin headlands tour", "step": 305, "lat": 37.80826, "lon": -122.47523, "elevation_m": 46.8, "time": null, "elevation_f": 153.543312, "step_elevation_m": -0.5, "step_elevation_f": -1.640420000000006, "step_dist_m": 4.845252920958555, "step_dist_f": 15.896499593197666, "step_grade": -0.10319378743619499, "step_turn": 11.181721284331957, "coast_speed_mps": 0.0, "coast_speed_mph": 0.0}, "geometry": {"type": "Point", "coordinates": [-122.47523, 37.80826]}}, {"id": "306", "type": "Feature", "properties": {"name": "easier marin headlands tour", "step": 306, "lat": 37.80832, "lon": -122.47528, "elevation_m": 45.6, "time": null, "elevation_f": 149.606304, "step_elevation_m": -1.1999999999999957, "step_elevation_f": -3.9370079999999916, "step_dist_m": 7.9878769920540025, "step_dist_f": 26.206946350610455, "step_grade": -0.15022765137641758, "step_turn": 13.12983821636135, "coast_speed_mps": 3.8567143595837425, "coast_speed_mph": 8.627224319040216}, "geometry": {"type": "Point", "coordinates": [-122.47528, 37.80832]}}, {"id": "307", "type": "Feature", "properties": {"name": "easier marin headlands tour", "step": 307, "lat": 37.80843, "lon": -122.47533, "elevation_m": 44.3, "time": null, "elevation_f": 145.34121199999998, "step_elevation_m": -1.3000000000000043, "step_elevation_f": -4.26509200000001, "step_dist_m": 12.996260384119454, "step_dist_f": 42.63865091863447, "step_grade": -0.10002877455337197, "step_turn": 13.606190633989115, "coast_speed_mps": 6.52467167623957, "coast_speed_mph": 14.59527486631971}, "geometry": {"type": "Point", "coordinates": [-122.47533, 37.80843]}}, {"id": "308", "type": "Feature", "properties": {"name": "easier marin headlands tour", "step": 308, "lat": 37.80849, "lon": -122.47536, "elevation_m": 43.3, "time": null, "elevation_f": 142.060372, "step_elevation_m": -1.0, "step_elevation_f": -3.2808399999999835, "step_dist_m": 7.173392961042507, "step_dist_f": 23.5347545623067, "step_grade": -0.13940404567696657, "step_turn": 1.8013636055889037, "coast_speed_mps": 7.523800594330398, "coast_speed_mph": 16.83026260363813}, "geometry": {"type": "Point", "coordinates": [-122.47536, 37.80849]}}, {"id": "309", "type": "Feature", "properties": {"name": "easier marin headlands tour", "step": 309, "lat": 37.80854, "lon": -122.47541, "elevation_m": 42.5, "time": null, "elevation_f": 139.4357, "step_elevation_m": -0.7999999999999972, "step_elevation_f": -2.624672000000004, "step_dist_m": 7.085571140945818, "step_dist_f": 23.24662522206068, "step_grade": -0.11290550671024793, "step_turn": 16.755365832169275, "coast_speed_mps": 8.269293121549495, "coast_speed_mph": 18.49788189322988}, "geometry": {"type": "Point", "coordinates": [-122.47541, 37.80854]}}, {"id": "310", "type": "Feature", "properties": {"name": "easier marin headlands tour", "step": 310, "lat": 37.80859, "lon": -122.47547, "elevation_m": 41.3, "time": null, "elevation_f": 135.49869199999998, "step_elevation_m": -1.2000000000000028, "step_elevation_f": -3.93700800000002, "step_dist_m": 7.661258249866677, "step_dist_f": 25.135362516492588, "step_grade": -0.15663223466209164, "step_turn": 5.16220860944685, "coast_speed_mps": 9.022247374427856, "coast_speed_mph": 20.182192587750194}, "geometry": {"type": "Point", "coordinates": [-122.47547, 37.80859]}}, {"id": "311", "type": "Feature", "properties": {"name": "easier marin headlands tour", "step": 311, "lat": 37.80861, "lon": -122.47553, "elevation_m": 41.0, "time": null, "elevation_f": 134.51444, "step_elevation_m": -0.29999999999999716, "step_elevation_f": -0.9842519999999695, "step_dist_m": 5.720996154941861, "step_dist_f": 18.769673024979454, "step_grade": -0.052438420141368874, "step_turn": 23.6515627605375, "coast_speed_mps": 9.385776255948231, "coast_speed_mph": 20.995383536033064}, "geometry": {"type": "Point", "coordinates": [-122.47553, 37.80861]}}, {"id": "312", "type": "Feature", "properties": {"name": "easier marin headlands tour", "step": 312, "lat": 37.80864, "lon": -122.47563, "elevation_m": 40.4, "time": null, "elevation_f": 132.54593599999998, "step_elevation_m": -0.6000000000000014, "step_elevation_f": -1.9685040000000242, "step_dist_m": 9.397116950353592, "step_dist_f": 30.830437175398078, "step_grade": -0.06384937030898874, "step_turn": 2.082618029940761, "coast_speed_mps": 9.124822070215865, "coast_speed_mph": 20.41164564740483}, "geometry": {"type": "Point", "coordinates": [-122.47563, 37.80864]}}, {"id": "313", "type": "Feature", "properties": {"name": "easier marin headlands tour", "step": 313, "lat": 37.80864, "lon": -122.47571, "elevation_m": 40.6, "time": null, "elevation_f": 133.202104, "step_elevation_m": 0.20000000000000284, "step_elevation_f": 0.6561680000000081, "step_dist_m": 7.028076043939864, "step_dist_f": 23.057993007999663, "step_grade": 0.028457290266865838, "step_turn": 20.79261101885635, "coast_speed_mps": 8.865007142583416, "coast_speed_mph": 19.830456206566314}, "geometry": {"type": "Point", "coordinates": [-122.47571, 37.80864]}}, {"id": "314", "type": "Feature", "properties": {"name": "easier marin headlands tour", "step": 314, "lat": 37.80864, "lon": -122.47579, "elevation_m": 40.9, "time": null, "elevation_f": 134.186356, "step_elevation_m": 0.29999999999999716, "step_elevation_f": 0.9842519999999979, "step_dist_m": 7.028076043939864, "step_dist_f": 23.057993007999663, "step_grade": 0.04268593540029775, "step_turn": 0.0, "coast_speed_mps": 7.896935463160687, "coast_speed_mph": 17.66494153355556}, "geometry": {"type": "Point", "coordinates": [-122.47579, 37.80864]}}, {"id": "315", "type": "Feature", "properties": {"name": "easier marin headlands tour", "step": 315, "lat": 37.8086, "lon": -122.47592, "elevation_m": 43.9, "time": null, "elevation_f": 144.028876, "step_elevation_m": 3.0, "step_elevation_f": 9.842520000000007, "step_dist_m": 12.25616628988321, "step_dist_f": 40.21052061050043, "step_grade": 0.2447747467718625, "step_turn": 21.278558979711022, "coast_speed_mps": 2.3405598535349648, "coast_speed_mph": 5.235683280097893}, "geometry": {"type": "Point", "coordinates": [-122.47592, 37.8086]}}, {"id": "316", "type": "Feature", "properties": {"name": "easier marin headlands tour", "step": 316, "lat": 37.80856, "lon": -122.47602, "elevation_m": 46.6, "time": null, "elevation_f": 152.887144, "step_elevation_m": 2.700000000000003, "step_elevation_f": 8.85826800000001, "step_dist_m": 9.84687357707663, "step_dist_f": 32.30601670661609, "step_grade": 0.2741987067129166, "step_turn": 5.574008473453858, "coast_speed_mps": 0.0, "coast_speed_mph": 0.0}, "geometry": {"type": "Point", "coordinates": [-122.47602, 37.80856]}}, {"id": "317", "type": "Feature", "properties": {"name": "easier marin headlands tour", "step": 317, "lat": 37.80841, "lon": -122.47625, "elevation_m": 50.4, "time": null, "elevation_f": 165.354336, "step_elevation_m": 3.799999999999997, "step_elevation_f": 12.467191999999983, "step_dist_m": 26.200568554150898, "step_dist_f": 85.95987333520043, "step_grade": 0.1450350206006492, "step_turn": 12.68601954154397, "coast_speed_mps": 0.0, "coast_speed_mph": 0.0}, "geometry": {"type": "Point", "coordinates": [-122.47625, 37.80841]}}, {"id": "318", "type": "Feature", "properties": {"name": "easier marin headlands tour", "step": 318, "lat": 37.80817, "lon": -122.47665, "elevation_m": 50.8, "time": null, "elevation_f": 166.66667199999998, "step_elevation_m": 0.3999999999999986, "step_elevation_f": 1.3123359999999877, "step_dist_m": 44.12530319626864, "step_dist_f": 144.768059738446, "step_grade": 0.009065093518356236, "step_turn": 2.3245613682806834, "coast_speed_mps": 0.0, "coast_speed_mph": 0.0}, "geometry": {"type": "Point", "coordinates": [-122.47665, 37.80817]}}, {"id": "319", "type": "Feature", "properties": {"name": "easier marin headlands tour", "step": 319, "lat": 37.80811, "lon": -122.47676, "elevation_m": 51.7, "time": null, "elevation_f": 169.619428, "step_elevation_m": 0.9000000000000057, "step_elevation_f": 2.952756000000022, "step_dist_m": 11.742999612054145, "step_dist_f": 38.52690284721172, "step_grade": 0.07664140592120594, "step_turn": 2.5932461238870133, "coast_speed_mps": 0.0, "coast_speed_mph": 0.0}, "geometry": {"type": "Point", "coordinates": [-122.47676, 37.80811]}}, {"id": "320", "type": "Feature", "properties": {"name": "easier marin headlands tour", "step": 320, "lat": 37.80807, "lon": -122.47686, "elevation_m": 52.6, "time": null, "elevation_f": 172.572184, "step_elevation_m": 0.8999999999999986, "step_elevation_f": 2.9527559999999937, "step_dist_m": 9.846925588636475, "step_dist_f": 32.306187348222096, "step_grade": 0.09139908613086448, "step_turn": 7.768365272480537, "coast_speed_mps": 0.0, "coast_speed_mph": 0.0}, "geometry": {"type": "Point", "coordinates": [-122.47686, 37.80807]}}, {"id": "321", "type": "Feature", "properties": {"name": "easier marin headlands tour", "step": 321, "lat": 37.80801, "lon": -122.47694, "elevation_m": 53.0, "time": null, "elevation_f": 173.88452, "step_elevation_m": 0.3999999999999986, "step_elevation_f": 1.3123360000000162, "step_dist_m": 9.690519991321098, "step_dist_f": 31.79304560832591, "step_grade": 0.04127745470400366, "step_turn": 16.657219626130285, "coast_speed_mps": 0.0, "coast_speed_mph": 0.0}, "geometry": {"type": "Point", "coordinates": [-122.47694, 37.80801]}}, {"id": "322", "type": "Feature", "properties": {"name": "easier marin headlands tour", "step": 322, "lat": 37.80795, "lon": -122.47698, "elevation_m": 53.1, "time": null, "elevation_f": 174.212604, "step_elevation_m": 0.10000000000000142, "step_elevation_f": 0.32808399999998983, "step_dist_m": 7.540570676262352, "step_dist_f": 24.739405897508572, "step_grade": 0.01326159574563773, "step_turn": 18.714014789614538, "coast_speed_mps": 0.0, "coast_speed_mph": 0.0}, "geometry": {"type": "Point", "coordinates": [-122.47698, 37.80795]}}, {"id": "323", "type": "Feature", "properties": {"name": "easier marin headlands tour", "step": 323, "lat": 37.80788, "lon": -122.47698, "elevation_m": 54.4, "time": null, "elevation_f": 178.47769599999998, "step_elevation_m": 1.2999999999999972, "step_elevation_f": 4.2650919999999815, "step_dist_m": 7.783644865480777, "step_dist_f": 25.53689342046395, "step_grade": 0.1670168696628606, "step_turn": 27.776375875768224, "coast_speed_mps": 0.0, "coast_speed_mph": 0.0}, "geometry": {"type": "Point", "coordinates": [-122.47698, 37.80788]}}, {"id": "324", "type": "Feature", "properties": {"name": "easier marin headlands tour", "step": 324, "lat": 37.80783, "lon": -122.47695, "elevation_m": 55.8, "time": null, "elevation_f": 183.07087199999998, "step_elevation_m": 1.3999999999999986, "step_elevation_f": 4.593176, "step_dist_m": 6.152799160468823, "step_dist_f": 20.186349597632532, "step_grade": 0.22753871262284517, "step_turn": 25.362953342831247, "coast_speed_mps": 0.0, "coast_speed_mph": 0.0}, "geometry": {"type": "Point", "coordinates": [-122.47695, 37.80783]}}, {"id": "325", "type": "Feature", "properties": {"name": "easier marin headlands tour", "step": 325, "lat": 37.8078, "lon": -122.4769, "elevation_m": 56.9, "time": null, "elevation_f": 186.67979599999998, "step_elevation_m": 1.1000000000000014, "step_elevation_f": 3.608924000000002, "step_dist_m": 5.51568540311745, "step_dist_f": 18.096081297963856, "step_grade": 0.19943124373596152, "step_turn": 27.423115789999372, "coast_speed_mps": 0.0, "coast_speed_mph": 0.0}, "geometry": {"type": "Point", "coordinates": [-122.4769, 37.8078]}}, {"id": "326", "type": "Feature", "properties": {"name": "easier marin headlands tour", "step": 326, "lat": 37.8078, "lon": -122.47686, "elevation_m": 57.7, "time": null, "elevation_f": 189.304468, "step_elevation_m": 0.8000000000000043, "step_elevation_f": 2.6246720000000323, "step_dist_m": 3.514077993637309, "step_dist_f": 11.52912764464503, "step_grade": 0.22765573258433858, "step_turn": 37.21394312637517, "coast_speed_mps": 0.0, "coast_speed_mph": 0.0}, "geometry": {"type": "Point", "coordinates": [-122.47686, 37.8078]}}, {"id": "327", "type": "Feature", "properties": {"name": "easier marin headlands tour", "step": 327, "lat": 37.8079, "lon": -122.47676, "elevation_m": 57.7, "time": null, "elevation_f": 189.304468, "step_elevation_m": 0.0, "step_elevation_f": 0.0, "step_dist_m": 14.171191326335274, "step_dist_f": 46.49341135109382, "step_grade": 0.0, "step_turn": 51.68877702222818, "coast_speed_mps": 0.0, "coast_speed_mph": 0.0}, "geometry": {"type": "Point", "coordinates": [-122.47676, 37.8079]}}, {"id": "328", "type": "Feature", "properties": {"name": "easier marin headlands tour", "step": 328, "lat": 37.80797, "lon": -122.47662, "elevation_m": 57.8, "time": null, "elevation_f": 189.63255199999998, "step_elevation_m": 0.09999999999999432, "step_elevation_f": 0.3280839999999614, "step_dist_m": 14.555297667782082, "step_dist_f": 47.75360280036617, "step_grade": 0.006870350732939163, "step_turn": 19.360858686025608, "coast_speed_mps": 0.0, "coast_speed_mph": 0.0}, "geometry": {"type": "Point", "coordinates": [-122.47662, 37.80797]}}, {"id": "329", "type": "Feature", "properties": {"name": "easier marin headlands tour", "step": 329, "lat": 37.80801, "lon": -122.47665, "elevation_m": 57.8, "time": null, "elevation_f": 189.63255199999998, "step_elevation_m": 0.0, "step_elevation_f": 0.0, "step_dist_m": 5.170012725697991, "step_dist_f": 16.961984550978997, "step_grade": 0.0, "step_turn": 88.32101318108045, "coast_speed_mps": 0.0, "coast_speed_mph": 0.0}, "geometry": {"type": "Point", "coordinates": [-122.47665, 37.80801]}}, {"id": "330", "type": "Feature", "properties": {"name": "easier marin headlands tour", "step": 330, "lat": 37.80848, "lon": -122.47703, "elevation_m": 58.1, "time": null, "elevation_f": 190.616804, "step_elevation_m": 0.30000000000000426, "step_elevation_f": 0.9842520000000263, "step_dist_m": 62.014007975923, "step_dist_f": 203.45803792772722, "step_grade": 0.004837616690030413, "step_turn": 1.9204611082587917, "coast_speed_mps": 0.0, "coast_speed_mph": 0.0}, "geometry": {"type": "Point", "coordinates": [-122.47703, 37.80848]}}, {"id": "331", "type": "Feature", "properties": {"name": "easier marin headlands tour", "step": 331, "lat": 37.80859, "lon": -122.47711, "elevation_m": 58.2, "time": null, "elevation_f": 190.94488800000002, "step_elevation_m": 0.10000000000000142, "step_elevation_f": 0.32808400000001825, "step_dist_m": 14.106812717070977, "step_dist_f": 46.282195434675145, "step_grade": 0.007088773488783128, "step_turn": 2.6881081798129003, "coast_speed_mps": 0.0, "coast_speed_mph": 0.0}, "geometry": {"type": "Point", "coordinates": [-122.47711, 37.80859]}}, {"id": "332", "type": "Feature", "properties": {"name": "easier marin headlands tour", "step": 332, "lat": 37.80883, "lon": -122.47725, "elevation_m": 58.3, "time": null, "elevation_f": 191.27297199999998, "step_elevation_m": 0.09999999999999432, "step_elevation_f": 0.3280839999999614, "step_dist_m": 29.384566394589722, "step_dist_f": 96.40606081002575, "step_grade": 0.0034031470349824965, "step_turn": 5.137809550031591, "coast_speed_mps": 0.0, "coast_speed_mph": 0.0}, "geometry": {"type": "Point", "coordinates": [-122.47725, 37.80883]}}, {"id": "333", "type": "Feature", "properties": {"name": "easier marin headlands tour", "step": 333, "lat": 37.80908, "lon": -122.47737, "elevation_m": 58.4, "time": null, "elevation_f": 191.601056, "step_elevation_m": 0.10000000000000142, "step_elevation_f": 0.32808400000001825, "step_dist_m": 29.730534854475234, "step_dist_f": 97.54112797195653, "step_grade": 0.003363545273890314, "step_turn": 3.97537289878278, "coast_speed_mps": 0.0, "coast_speed_mph": 0.0}, "geometry": {"type": "Point", "coordinates": [-122.47737, 37.80908]}}, {"id": "334", "type": "Feature", "properties": {"name": "easier marin headlands tour", "step": 334, "lat": 37.80935, "lon": -122.47746, "elevation_m": 58.5, "time": null, "elevation_f": 191.92914, "step_elevation_m": 0.10000000000000142, "step_elevation_f": 0.32808399999998983, "step_dist_m": 31.0462790880387, "step_dist_f": 101.85787428320089, "step_grade": 0.0032209979082011395, "step_turn": 6.014170762282447, "coast_speed_mps": 0.0, "coast_speed_mph": 0.0}, "geometry": {"type": "Point", "coordinates": [-122.47746, 37.80935]}}, {"id": "335", "type": "Feature", "properties": {"name": "easier marin headlands tour", "step": 335, "lat": 37.80935, "lon": -122.47746, "elevation_m": 58.5, "time": null, "elevation_f": 191.92914, "step_elevation_m": 0.0, "step_elevation_f": 0.0, "step_dist_m": 0.0, "step_dist_f": 0.0, "step_grade": null, "step_turn": null, "coast_speed_mps": 0.0, "coast_speed_mph": 0.0}, "geometry": {"type": "Point", "coordinates": [-122.47746, 37.80935]}}, {"id": "336", "type": "Feature", "properties": {"name": "easier marin headlands tour", "step": 336, "lat": 37.80963, "lon": -122.47751, "elevation_m": 58.6, "time": null, "elevation_f": 192.257224, "step_elevation_m": 0.10000000000000142, "step_elevation_f": 0.32808400000001825, "step_dist_m": 31.44290170696623, "step_dist_f": 103.15912963628308, "step_grade": 0.0031803680503776867, "step_turn": null, "coast_speed_mps": 0.0, "coast_speed_mph": 0.0}, "geometry": {"type": "Point", "coordinates": [-122.47751, 37.80963]}}, {"id": "337", "type": "Feature", "properties": {"name": "easier marin headlands tour", "step": 337, "lat": 37.81049, "lon": -122.47761, "elevation_m": 59.1, "time": null, "elevation_f": 193.897644, "step_elevation_m": 0.5, "step_elevation_f": 1.640420000000006, "step_dist_m": 96.03030703153439, "step_dist_f": 315.0600725213393, "step_grade": 0.005206689590566551, "step_turn": 2.7815614001131053, "coast_speed_mps": 0.0, "coast_speed_mph": 0.0}, "geometry": {"type": "Point", "coordinates": [-122.47761, 37.81049]}}, {"id": "338", "type": "Feature", "properties": {"name": "easier marin headlands tour", "step": 338, "lat": 37.81135, "lon": -122.47772, "elevation_m": 59.5, "time": null, "elevation_f": 195.20998, "step_elevation_m": 0.3999999999999986, "step_elevation_f": 1.3123359999999877, "step_dist_m": 96.11464210998943, "step_dist_f": 315.33676242013775, "step_grade": 0.00416169681558254, "step_turn": 0.5214276955442188, "coast_speed_mps": 0.0, "coast_speed_mph": 0.0}, "geometry": {"type": "Point", "coordinates": [-122.47772, 37.81135]}}, {"id": "339", "type": "Feature", "properties": {"name": "easier marin headlands tour", "step": 339, "lat": 37.81221, "lon": -122.47782, "elevation_m": 60.0, "time": null, "elevation_f": 196.8504, "step_elevation_m": 0.5, "step_elevation_f": 1.640420000000006, "step_dist_m": 96.0302883115588, "step_dist_f": 315.0600111040946, "step_grade": 0.005206690605549466, "step_turn": 0.521549283560546, "coast_speed_mps": 0.0, "coast_speed_mph": 0.0}, "geometry": {"type": "Point", "coordinates": [-122.47782, 37.81221]}}, {"id": "340", "type": "Feature", "properties": {"name": "easier marin headlands tour", "step": 340, "lat": 37.81306, "lon": -122.47792, "elevation_m": 60.4, "time": null, "elevation_f": 198.162736, "step_elevation_m": 0.3999999999999986, "step_elevation_f": 1.3123359999999877, "step_dist_m": 94.92304649368756, "step_dist_f": 311.4273278583499, "step_grade": 0.004213939762527521, "step_turn": 0.06133707503926189, "coast_speed_mps": 0.0, "coast_speed_mph": 0.0}, "geometry": {"type": "Point", "coordinates": [-122.47792, 37.81306]}}, {"id": "341", "type": "Feature", "properties": {"name": "easier marin headlands tour", "step": 341, "lat": 37.81392, "lon": -122.47802, "elevation_m": 60.8, "time": null, "elevation_f": 199.47507199999998, "step_elevation_m": 0.3999999999999986, "step_elevation_f": 1.3123359999999877, "step_dist_m": 96.03026969963413, "step_dist_f": 315.05995004134763, "step_grade": 0.004165353291739454, "step_turn": 0.061457959460881284, "coast_speed_mps": 0.0, "coast_speed_mph": 0.0}, "geometry": {"type": "Point", "coordinates": [-122.47802, 37.81392]}}, {"id": "342", "type": "Feature", "properties": {"name": "easier marin headlands tour", "step": 342, "lat": 37.81392, "lon": -122.47806, "elevation_m": 60.9, "time": null, "elevation_f": 199.803156, "step_elevation_m": 0.10000000000000142, "step_elevation_f": 0.32808400000001825, "step_dist_m": 3.5137867401446425, "step_dist_f": 11.528172088536149, "step_grade": 0.028459325336256745, "step_turn": 84.75146062610457, "coast_speed_mps": 0.0, "coast_speed_mph": 0.0}, "geometry": {"type": "Point", "coordinates": [-122.47806, 37.81392]}}, {"id": "343", "type": "Feature", "properties": {"name": "easier marin headlands tour", "step": 343, "lat": 37.81395, "lon": -122.47809, "elevation_m": 60.9, "time": null, "elevation_f": 199.803156, "step_elevation_m": 0.0, "step_elevation_f": 0.0, "step_dist_m": 4.251222754929265, "step_dist_f": 13.947581663282131, "step_grade": 0.0, "step_turn": 51.691052421921086, "coast_speed_mps": 0.0, "coast_speed_mph": 0.0}, "geometry": {"type": "Point", "coordinates": [-122.47809, 37.81395]}}, {"id": "344", "type": "Feature", "properties": {"name": "easier marin headlands tour", "step": 344, "lat": 37.81401, "lon": -122.47811, "elevation_m": 60.9, "time": null, "elevation_f": 199.803156, "step_elevation_m": 0.0, "step_elevation_f": 0.0, "step_dist_m": 6.899144256378786, "step_dist_f": 22.63498844209778, "step_grade": 0.0, "step_turn": 23.555880972917464, "coast_speed_mps": 0.0, "coast_speed_mph": 0.0}, "geometry": {"type": "Point", "coordinates": [-122.47811, 37.81401]}}, {"id": "345", "type": "Feature", "properties": {"name": "easier marin headlands tour", "step": 345, "lat": 37.81404, "lon": -122.47811, "elevation_m": 60.9, "time": null, "elevation_f": 199.803156, "step_elevation_m": 0.0, "step_elevation_f": 0.0, "step_dist_m": 3.3358477983802537, "step_dist_f": 10.944382890837872, "step_grade": 0.0, "step_turn": null, "coast_speed_mps": 0.0, "coast_speed_mph": 0.0}, "geometry": {"type": "Point", "coordinates": [-122.47811, 37.81404]}}, {"id": "346", "type": "Feature", "properties": {"name": "easier marin headlands tour", "step": 346, "lat": 37.81407, "lon": -122.47809, "elevation_m": 60.9, "time": null, "elevation_f": 199.803156, "step_elevation_m": 0.0, "step_elevation_f": 0.0, "step_dist_m": 3.770217973645655, "step_dist_f": 12.36948193665561, "step_grade": 0.0, "step_turn": null, "coast_speed_mps": 0.0, "coast_speed_mph": 0.0}, "geometry": {"type": "Point", "coordinates": [-122.47809, 37.81407]}}, {"id": "347", "type": "Feature", "properties": {"name": "easier marin headlands tour", "step": 347, "lat": 37.81408, "lon": -122.47803, "elevation_m": 61.0, "time": null, "elevation_f": 200.13124, "step_elevation_m": 0.10000000000000142, "step_elevation_f": 0.32808399999998983, "step_dist_m": 5.386685745779417, "step_dist_f": 17.672854062182942, "step_grade": 0.018564290682513557, "step_turn": 50.312608972999044, "coast_speed_mps": 0.0, "coast_speed_mph": 0.0}, "geometry": {"type": "Point", "coordinates": [-122.47803, 37.81408]}}, {"id": "348", "type": "Feature", "properties": {"name": "easier marin headlands tour", "step": 348, "lat": 37.81495, "lon": -122.47814, "elevation_m": 61.4, "time": null, "elevation_f": 201.443576, "step_elevation_m": 0.3999999999999986, "step_elevation_f": 1.3123360000000162, "step_dist_m": 97.220974729928, "step_dist_f": 318.966462732937, "step_grade": 0.004114338506800268, "step_turn": 83.79105954728027, "coast_speed_mps": 0.0, "coast_speed_mph": 0.0}, "geometry": {"type": "Point", "coordinates": [-122.47814, 37.81495]}}, {"id": "349", "type": "Feature", "properties": {"name": "easier marin headlands tour", "step": 349, "lat": 37.81582, "lon": -122.47824, "elevation_m": 61.9, "time": null, "elevation_f": 203.08399599999998, "step_elevation_m": 0.5, "step_elevation_f": 1.6404199999999776, "step_dist_m": 97.13758968522328, "step_dist_f": 318.6928897428679, "step_grade": 0.0051473379318990944, "step_turn": 0.5156392022137197, "coast_speed_mps": 0.0, "coast_speed_mph": 0.0}, "geometry": {"type": "Point", "coordinates": [-122.47824, 37.81582]}}, {"id": "350", "type": "Feature", "properties": {"name": "easier marin headlands tour", "step": 350, "lat": 37.81669, "lon": -122.47834, "elevation_m": 62.3, "time": null, "elevation_f": 204.396332, "step_elevation_m": 0.3999999999999986, "step_elevation_f": 1.3123360000000162, "step_dist_m": 97.13758032297041, "step_dist_f": 318.69285902681423, "step_grade": 0.004117870742405238, "step_turn": 6.081164394799998e-05, "coast_speed_mps": 0.0, "coast_speed_mph": 0.0}, "geometry": {"type": "Point", "coordinates": [-122.47834, 37.81669]}}, {"id": "351", "type": "Feature", "properties": {"name": "easier marin headlands tour", "step": 351, "lat": 37.81756, "lon": -122.47844, "elevation_m": 62.8, "time": null, "elevation_f": 206.03675199999998, "step_elevation_m": 0.5, "step_elevation_f": 1.6404199999999776, "step_dist_m": 97.13757096114612, "step_dist_f": 318.6928283121666, "step_grade": 0.005147338924091422, "step_turn": 6.081421491899164e-05, "coast_speed_mps": 0.0, "coast_speed_mph": 0.0}, "geometry": {"type": "Point", "coordinates": [-122.47844, 37.81756]}}, {"id": "352", "type": "Feature", "properties": {"name": "easier marin headlands tour", "step": 352, "lat": 37.81844, "lon": -122.47854, "elevation_m": 63.2, "time": null, "elevation_f": 207.349088, "step_elevation_m": 0.4000000000000057, "step_elevation_f": 1.3123360000000162, "step_dist_m": 98.24500658056316, "step_dist_f": 322.3261473897748, "step_grade": 0.004071453745305585, "step_turn": 0.05870216852241583, "coast_speed_mps": 0.0, "coast_speed_mph": 0.0}, "geometry": {"type": "Point", "coordinates": [-122.47854, 37.81844]}}, {"id": "353", "type": "Feature", "properties": {"name": "easier marin headlands tour", "step": 353, "lat": 37.81931, "lon": -122.47864, "elevation_m": 63.7, "time": null, "elevation_f": 208.989508, "step_elevation_m": 0.5, "step_elevation_f": 1.640420000000006, "step_dist_m": 97.13755213027578, "step_dist_f": 318.692766531094, "step_grade": 0.005147339921943125, "step_turn": 0.05857984131790772, "coast_speed_mps": 0.0, "coast_speed_mph": 0.0}, "geometry": {"type": "Point", "coordinates": [-122.47864, 37.81931]}}, {"id": "354", "type": "Feature", "properties": {"name": "easier marin headlands tour", "step": 354, "lat": 37.82018, "lon": -122.47874, "elevation_m": 64.1, "time": null, "elevation_f": 210.301844, "step_elevation_m": 0.3999999999999915, "step_elevation_f": 1.3123359999999877, "step_dist_m": 97.13754276822954, "step_dist_f": 318.6927358157182, "step_grade": 0.004117872334431937, "step_turn": 6.081785176093035e-05, "coast_speed_mps": 0.0, "coast_speed_mph": 0.0}, "geometry": {"type": "Point", "coordinates": [-122.47874, 37.82018]}}, {"id": "355", "type": "Feature", "properties": {"name": "easier marin headlands tour", "step": 355, "lat": 37.82105, "lon": -122.47885, "elevation_m": 64.6, "time": null, "elevation_f": 211.94226399999997, "step_elevation_m": 0.5, "step_elevation_f": 1.6404199999999776, "step_dist_m": 97.22089537378324, "step_dist_f": 318.966202378123, "step_grade": 0.005142927331389615, "step_turn": 0.51547574079882, "coast_speed_mps": 0.0, "coast_speed_mph": 0.0}, "geometry": {"type": "Point", "coordinates": [-122.47885, 37.82105]}}, {"id": "356", "type": "Feature", "properties": {"name": "easier marin headlands tour", "step": 356, "lat": 37.82192, "lon": -122.47895, "elevation_m": 65.0, "time": null, "elevation_f": 213.2546, "step_elevation_m": 0.4000000000000057, "step_elevation_f": 1.3123360000000446, "step_dist_m": 97.13752404452228, "step_dist_f": 318.69267438623046, "step_grade": 0.00411787312817103, "step_turn": 0.515597376167932, "coast_speed_mps": 0.0, "coast_speed_mph": 0.0}, "geometry": {"type": "Point", "coordinates": [-122.47895, 37.82192]}}, {"id": "357", "type": "Feature", "properties": {"name": "easier marin headlands tour", "step": 357, "lat": 37.82279, "lon": -122.47905, "elevation_m": 65.4, "time": null, "elevation_f": 214.56693600000003, "step_elevation_m": 0.4000000000000057, "step_elevation_f": 1.3123360000000162, "step_dist_m": 97.137514682255, "step_dist_f": 318.6926436701295, "step_grade": 0.004117873525058155, "step_turn": 6.08214558610598e-05, "coast_speed_mps": 0.0, "coast_speed_mph": 0.0}, "geometry": {"type": "Point", "coordinates": [-122.47905, 37.82279]}}, {"id": "358", "type": "Feature", "properties": {"name": "easier marin headlands tour", "step": 358, "lat": 37.82366, "lon": -122.47915, "elevation_m": 65.9, "time": null, "elevation_f": 216.207356, "step_elevation_m": 0.5, "step_elevation_f": 1.6404199999999776, "step_dist_m": 97.13750532031823, "step_dist_f": 318.69261295511285, "step_grade": 0.005147342402414108, "step_turn": 6.082005040752847e-05, "coast_speed_mps": 0.0, "coast_speed_mph": 0.0}, "geometry": {"type": "Point", "coordinates": [-122.47915, 37.82366]}}, {"id": "359", "type": "Feature", "properties": {"name": "easier marin headlands tour", "step": 359, "lat": 37.82453, "lon": -122.47925, "elevation_m": 66.3, "time": null, "elevation_f": 217.519692, "step_elevation_m": 0.3999999999999915, "step_elevation_f": 1.3123359999999877, "step_dist_m": 97.1374959593125, "step_dist_f": 318.6925822431508, "step_grade": 0.004117874318764996, "step_turn": 6.082393400674846e-05, "coast_speed_mps": 0.0, "coast_speed_mph": 0.0}, "geometry": {"type": "Point", "coordinates": [-122.47925, 37.82453]}}, {"id": "360", "type": "Feature", "properties": {"name": "easier marin headlands tour", "step": 360, "lat": 37.82541, "lon": -122.47935, "elevation_m": 66.8, "time": null, "elevation_f": 219.160112, "step_elevation_m": 0.5, "step_elevation_f": 1.640420000000006, "step_dist_m": 98.24493242148726, "step_dist_f": 322.3259040857123, "step_grade": 0.0050893210232454125, "step_turn": 0.05869673011949317, "coast_speed_mps": 0.0, "coast_speed_mph": 0.0}, "geometry": {"type": "Point", "coordinates": [-122.47935, 37.82541]}}, {"id": "361", "type": "Feature", "properties": {"name": "easier marin headlands tour", "step": 361, "lat": 37.82541, "lon": -122.4794, "elevation_m": 66.8, "time": null, "elevation_f": 219.160112, "step_elevation_m": 0.0, "step_elevation_f": 0.0, "step_dist_m": 4.391549768001606, "step_dist_f": 14.407972140850388, "step_grade": 0.0, "step_turn": 84.8708926800565, "coast_speed_mps": 0.0, "coast_speed_mph": 0.0}, "geometry": {"type": "Point", "coordinates": [-122.4794, 37.82541]}}, {"id": "362", "type": "Feature", "properties": {"name": "easier marin headlands tour", "step": 362, "lat": 37.82543, "lon": -122.47943, "elevation_m": 66.8, "time": null, "elevation_f": 219.160112, "step_elevation_m": 0.0, "step_elevation_f": 0.0, "step_dist_m": 3.447981752146413, "step_dist_f": 11.312276451712037, "step_grade": 0.0, "step_turn": 40.164588656083026, "coast_speed_mps": 0.0, "coast_speed_mph": 0.0}, "geometry": {"type": "Point", "coordinates": [-122.47943, 37.82543]}}, {"id": "363", "type": "Feature", "properties": {"name": "easier marin headlands tour", "step": 363, "lat": 37.82549, "lon": -122.47945, "elevation_m": 66.9, "time": null, "elevation_f": 219.48819600000002, "step_elevation_m": 0.10000000000000853, "step_elevation_f": 0.32808400000001825, "step_dist_m": 6.899074683540683, "step_dist_f": 22.634760184747616, "step_grade": 0.014494697417695932, "step_turn": 35.08453595960543, "coast_speed_mps": 0.0, "coast_speed_mph": 0.0}, "geometry": {"type": "Point", "coordinates": [-122.47945, 37.82549]}}, {"id": "364", "type": "Feature", "properties": {"name": "easier marin headlands tour", "step": 364, "lat": 37.82556, "lon": -122.47943, "elevation_m": 66.9, "time": null, "elevation_f": 219.48819600000002, "step_elevation_m": 0.0, "step_elevation_f": 0.0, "step_dist_m": 7.97940043240629, "step_dist_f": 26.179136114655854, "step_grade": 0.0, "step_turn": 27.46834516234378, "coast_speed_mps": 0.0, "coast_speed_mph": 0.0}, "geometry": {"type": "Point", "coordinates": [-122.47943, 37.82556]}}, {"id": "365", "type": "Feature", "properties": {"name": "easier marin headlands tour", "step": 365, "lat": 37.82557, "lon": -122.47941, "elevation_m": 66.9, "time": null, "elevation_f": 219.48819600000002, "step_elevation_m": 0.0, "step_elevation_f": 0.0, "step_dist_m": 2.078973714649754, "step_dist_f": 6.820780121971499, "step_grade": 0.0, "step_turn": 44.94843750066843, "coast_speed_mps": 0.0, "coast_speed_mph": 0.0}, "geometry": {"type": "Point", "coordinates": [-122.47941, 37.82557]}}, {"id": "366", "type": "Feature", "properties": {"name": "easier marin headlands tour", "step": 366, "lat": 37.82558, "lon": -122.47938, "elevation_m": 66.9, "time": null, "elevation_f": 219.48819600000002, "step_elevation_m": 0.0, "step_elevation_f": 0.0, "step_dist_m": 2.859939769840695, "step_dist_f": 9.383004794484146, "step_grade": 0.0, "step_turn": 9.454113852522312, "coast_speed_mps": 0.0, "coast_speed_mph": 0.0}, "geometry": {"type": "Point", "coordinates": [-122.47938, 37.82558]}}, {"id": "367", "type": "Feature", "properties": {"name": "easier marin headlands tour", "step": 367, "lat": 37.82641, "lon": -122.47947, "elevation_m": 67.3, "time": null, "elevation_f": 220.80053199999998, "step_elevation_m": 0.3999999999999915, "step_elevation_f": 1.3123359999999593, "step_dist_m": 92.6296877122174, "step_dist_f": 303.9031846337513, "step_grade": 0.004318269983190642, "step_turn": 72.01540491611405, "coast_speed_mps": 0.0, "coast_speed_mph": 0.0}, "geometry": {"type": "Point", "coordinates": [-122.47947, 37.82641]}}, {"id": "368", "type": "Feature", "properties": {"name": "easier marin headlands tour", "step": 368, "lat": 37.82725, "lon": -122.47957, "elevation_m": 67.8, "time": null, "elevation_f": 222.44095199999998, "step_elevation_m": 0.5, "step_elevation_f": 1.640420000000006, "step_dist_m": 93.81576739619182, "step_dist_f": 307.794522304122, "step_grade": 0.005329594522085592, "step_turn": 0.4764361858487973, "coast_speed_mps": 0.0, "coast_speed_mph": 0.0}, "geometry": {"type": "Point", "coordinates": [-122.47957, 37.82725]}}, {"id": "369", "type": "Feature", "properties": {"name": "easier marin headlands tour", "step": 369, "lat": 37.82808, "lon": -122.47967, "elevation_m": 68.2, "time": null, "elevation_f": 223.753288, "step_elevation_m": 0.4000000000000057, "step_elevation_f": 1.3123360000000162, "step_dist_m": 92.70875072488946, "step_dist_f": 304.16257772824633, "step_grade": 0.004314587316433528, "step_turn": 0.06427433527255744, "coast_speed_mps": 0.0, "coast_speed_mph": 0.0}, "geometry": {"type": "Point", "coordinates": [-122.47967, 37.82808]}}, {"id": "370", "type": "Feature", "properties": {"name": "easier marin headlands tour", "step": 370, "lat": 37.82891, "lon": -122.47977, "elevation_m": 68.6, "time": null, "elevation_f": 225.06562399999999, "step_elevation_m": 0.3999999999999915, "step_elevation_f": 1.3123359999999877, "step_dist_m": 92.70874136657056, "step_dist_f": 304.16254702509934, "step_grade": 0.0043145877519617125, "step_turn": 6.07809507755519e-05, "coast_speed_mps": 0.0, "coast_speed_mph": 0.0}, "geometry": {"type": "Point", "coordinates": [-122.47977, 37.82891]}}, {"id": "371", "type": "Feature", "properties": {"name": "easier marin headlands tour", "step": 371, "lat": 37.82975, "lon": -122.47987, "elevation_m": 69.1, "time": null, "elevation_f": 226.706044, "step_elevation_m": 0.5, "step_elevation_f": 1.640420000000006, "step_dist_m": 93.81573953983717, "step_dist_f": 307.7944309118794, "step_grade": 0.005329596104582046, "step_turn": 0.06439448298976913, "coast_speed_mps": 0.0, "coast_speed_mph": 0.0}, "geometry": {"type": "Point", "coordinates": [-122.47987, 37.82975]}}, {"id": "372", "type": "Feature", "properties": {"name": "easier marin headlands tour", "step": 372, "lat": 37.83058, "lon": -122.47997, "elevation_m": 69.5, "time": null, "elevation_f": 228.01838, "step_elevation_m": 0.4000000000000057, "step_elevation_f": 1.3123360000000162, "step_dist_m": 92.70872253527403, "step_dist_f": 304.16248524262846, "step_grade": 0.004314588628354929, "step_turn": 0.06427218808073576, "coast_speed_mps": 0.0, "coast_speed_mph": 0.0}, "geometry": {"type": "Point", "coordinates": [-122.47997, 37.83058]}}, {"id": "373", "type": "Feature", "properties": {"name": "easier marin headlands tour", "step": 373, "lat": 37.83083, "lon": -122.48002, "elevation_m": 69.6, "time": null, "elevation_f": 228.34646399999997, "step_elevation_m": 0.09999999999999432, "step_elevation_f": 0.3280839999999614, "step_dist_m": 28.143425942041063, "step_dist_f": 92.334077567686, "step_grade": 0.0035532276776088175, "step_turn": 3.5406592979264246, "coast_speed_mps": 0.0, "coast_speed_mph": 0.0}, "geometry": {"type": "Point", "coordinates": [-122.48002, 37.83083]}}, {"id": "374", "type": "Feature", "properties": {"name": "easier marin headlands tour", "step": 374, "lat": 37.83109, "lon": -122.48009, "elevation_m": 69.8, "time": null, "elevation_f": 229.00263199999998, "step_elevation_m": 0.20000000000000284, "step_elevation_f": 0.6561680000000081, "step_dist_m": 29.557093503699367, "step_dist_f": 96.97209465067704, "step_grade": 0.006766565189333344, "step_turn": 3.028262866391003, "coast_speed_mps": 0.0, "coast_speed_mph": 0.0}, "geometry": {"type": "Point", "coordinates": [-122.48009, 37.83109]}}, {"id": "375", "type": "Feature", "properties": {"name": "easier marin headlands tour", "step": 375, "lat": 37.83133, "lon": -122.4802, "elevation_m": 69.9, "time": null, "elevation_f": 229.33071600000002, "step_elevation_m": 0.10000000000000853, "step_elevation_f": 0.32808400000004667, "step_dist_m": 28.38155237448373, "step_dist_f": 93.11533229230119, "step_grade": 0.0035234154453761646, "step_turn": 7.895470424067241, "coast_speed_mps": 0.0, "coast_speed_mph": 0.0}, "geometry": {"type": "Point", "coordinates": [-122.4802, 37.83133]}}, {"id": "376", "type": "Feature", "properties": {"name": "easier marin headlands tour", "step": 376, "lat": 37.83145, "lon": -122.48027, "elevation_m": 70.0, "time": null, "elevation_f": 229.65879999999999, "step_elevation_m": 0.09999999999999432, "step_elevation_f": 0.3280839999999614, "step_dist_m": 14.691492530012537, "step_dist_f": 48.200436352166335, "step_grade": 0.006806660371348192, "step_turn": 4.836528556097392, "coast_speed_mps": 0.0, "coast_speed_mph": 0.0}, "geometry": {"type": "Point", "coordinates": [-122.48027, 37.83145]}}, {"id": "377", "type": "Feature", "properties": {"name": "easier marin headlands tour", "step": 377, "lat": 37.83169, "lon": -122.48042, "elevation_m": 70.1, "time": null, "elevation_f": 229.98688399999998, "step_elevation_m": 0.09999999999999432, "step_elevation_f": 0.32808399999998983, "step_dist_m": 29.761161963519683, "step_dist_f": 97.64161061639392, "step_grade": 0.0033600838610592975, "step_turn": 1.5357298588161257, "coast_speed_mps": 0.0, "coast_speed_mph": 0.0}, "geometry": {"type": "Point", "coordinates": [-122.48042, 37.83169]}}, {"id": "378", "type": "Feature", "properties": {"name": "easier marin headlands tour", "step": 378, "lat": 37.83191, "lon": -122.4806, "elevation_m": 70.2, "time": null, "elevation_f": 230.31496800000002, "step_elevation_m": 0.10000000000000853, "step_elevation_f": 0.32808400000004667, "step_dist_m": 29.12614280367039, "step_dist_f": 95.55821435599397, "step_grade": 0.0034333416777523602, "step_turn": 6.598429047119907, "coast_speed_mps": 0.0, "coast_speed_mph": 0.0}, "geometry": {"type": "Point", "coordinates": [-122.4806, 37.83191]}}, {"id": "379", "type": "Feature", "properties": {"name": "easier marin headlands tour", "step": 379, "lat": 37.83201, "lon": -122.4807, "elevation_m": 70.3, "time": null, "elevation_f": 230.64305199999998, "step_elevation_m": 0.09999999999999432, "step_elevation_f": 0.3280839999999614, "step_dist_m": 14.169412842910365, "step_dist_f": 46.487576431534045, "step_grade": 0.007057455457657097, "step_turn": 5.431131474729511, "coast_speed_mps": 0.0, "coast_speed_mph": 0.0}, "geometry": {"type": "Point", "coordinates": [-122.4807, 37.83201]}}, {"id": "380", "type": "Feature", "properties": {"name": "easier marin headlands tour", "step": 380, "lat": 37.83226, "lon": -122.48095, "elevation_m": 70.5, "time": null, "elevation_f": 231.29922, "step_elevation_m": 0.20000000000000284, "step_elevation_f": 0.6561680000000081, "step_dist_m": 35.423499828671154, "step_dist_f": 116.21883517789747, "step_grade": 0.005645969510842245, "step_turn": 0.00011210867751287878, "coast_speed_mps": 0.0, "coast_speed_mph": 0.0}, "geometry": {"type": "Point", "coordinates": [-122.48095, 37.83226]}}, {"id": "381", "type": "Feature", "properties": {"name": "easier marin headlands tour", "step": 381, "lat": 37.83238, "lon": -122.48112, "elevation_m": 70.6, "time": null, "elevation_f": 231.62730399999998, "step_elevation_m": 0.09999999999999432, "step_elevation_f": 0.32808399999998983, "step_dist_m": 20.023664431177302, "step_dist_f": 65.69443921238374, "step_grade": 0.0049940908839988364, "step_turn": 9.909586781323412, "coast_speed_mps": 0.0, "coast_speed_mph": 0.0}, "geometry": {"type": "Point", "coordinates": [-122.48112, 37.83238]}}, {"id": "382", "type": "Feature", "properties": {"name": "easier marin headlands tour", "step": 382, "lat": 37.83242, "lon": -122.48119, "elevation_m": 71.3, "time": null, "elevation_f": 233.923892, "step_elevation_m": 0.7000000000000028, "step_elevation_f": 2.296588000000014, "step_dist_m": 7.587867165694926, "step_dist_f": 24.894578111898543, "step_grade": 0.0922525374672784, "step_turn": 5.902550063309548, "coast_speed_mps": 0.0, "coast_speed_mph": 0.0}, "geometry": {"type": "Point", "coordinates": [-122.48119, 37.83242]}}, {"id": "383", "type": "Feature", "properties": {"name": "easier marin headlands tour", "step": 383, "lat": 37.83246, "lon": -122.4813, "elevation_m": 72.2, "time": null, "elevation_f": 236.87664800000002, "step_elevation_m": 0.9000000000000057, "step_elevation_f": 2.952756000000022, "step_dist_m": 10.635222032185355, "step_dist_f": 34.892461852075, "step_grade": 0.08462446738547978, "step_turn": 11.163962983782369, "coast_speed_mps": 0.0, "coast_speed_mph": 0.0}, "geometry": {"type": "Point", "coordinates": [-122.4813, 37.83246]}}, {"id": "384", "type": "Feature", "properties": {"name": "easier marin headlands tour", "step": 384, "lat": 37.83248, "lon": -122.48139, "elevation_m": 72.7, "time": null, "elevation_f": 238.517068, "step_elevation_m": 0.5, "step_elevation_f": 1.6404199999999776, "step_dist_m": 8.21093581530468, "step_dist_f": 26.938766660284205, "step_grade": 0.06089439879289164, "step_turn": 9.00726655654239, "coast_speed_mps": 0.0, "coast_speed_mph": 0.0}, "geometry": {"type": "Point", "coordinates": [-122.48139, 37.83248]}}, {"id": "385", "type": "Feature", "properties": {"name": "easier marin headlands tour", "step": 385, "lat": 37.83249, "lon": -122.48148, "elevation_m": 73.3, "time": null, "elevation_f": 240.485572, "step_elevation_m": 0.5999999999999943, "step_elevation_f": 1.9685039999999958, "step_dist_m": 7.9818636951930335, "step_dist_f": 26.18721768573711, "step_grade": 0.07517041419303314, "step_turn": 7.706719989415205, "coast_speed_mps": 0.0, "coast_speed_mph": 0.0}, "geometry": {"type": "Point", "coordinates": [-122.48148, 37.83249]}}, {"id": "386", "type": "Feature", "properties": {"name": "easier marin headlands tour", "step": 386, "lat": 37.83247, "lon": -122.48157, "elevation_m": 74.3, "time": null, "elevation_f": 243.766412, "step_elevation_m": 1.0, "step_elevation_f": 3.280840000000012, "step_dist_m": 8.210934784033864, "step_dist_f": 26.93876327684966, "step_grade": 0.12178881288212115, "step_turn": 23.722503439276124, "coast_speed_mps": 0.0, "coast_speed_mph": 0.0}, "geometry": {"type": "Point", "coordinates": [-122.48157, 37.83247]}}, {"id": "387", "type": "Feature", "properties": {"name": "easier marin headlands tour", "step": 387, "lat": 37.8328, "lon": -122.48216, "elevation_m": 76.4, "time": null, "elevation_f": 250.65617600000002, "step_elevation_m": 2.1000000000000085, "step_elevation_f": 6.889764000000014, "step_dist_m": 63.49243965225644, "step_dist_f": 208.308535708709, "step_grade": 0.03307480404756155, "step_turn": 51.02000222125184, "coast_speed_mps": 0.0, "coast_speed_mph": 0.0}, "geometry": {"type": "Point", "coordinates": [-122.48216, 37.8328]}}, {"id": "388", "type": "Feature", "properties": {"name": "easier marin headlands tour", "step": 388, "lat": 37.83284, "lon": -122.48232, "elevation_m": 77.4, "time": null, "elevation_f": 253.93701600000003, "step_elevation_m": 1.0, "step_elevation_f": 3.280840000000012, "step_dist_m": 14.738687262320557, "step_dist_f": 48.35527471771177, "step_grade": 0.06784864772566952, "step_turn": 17.741001878954762, "coast_speed_mps": 0.0, "coast_speed_mph": 0.0}, "geometry": {"type": "Point", "coordinates": [-122.48232, 37.83284]}}, {"id": "389", "type": "Feature", "properties": {"name": "easier marin headlands tour", "step": 389, "lat": 37.83288, "lon": -122.4824, "elevation_m": 78.0, "time": null, "elevation_f": 255.90552, "step_elevation_m": 0.5999999999999943, "step_elevation_f": 1.9685039999999674, "step_dist_m": 8.31530793617882, "step_dist_f": 27.28119488933292, "step_grade": 0.07215607703347612, "step_turn": 14.772240558374222, "coast_speed_mps": 0.0, "coast_speed_mph": 0.0}, "geometry": {"type": "Point", "coordinates": [-122.4824, 37.83288]}}, {"id": "390", "type": "Feature", "properties": {"name": "easier marin headlands tour", "step": 390, "lat": 37.83291, "lon": -122.48247, "elevation_m": 78.4, "time": null, "elevation_f": 257.21785600000004, "step_elevation_m": 0.4000000000000057, "step_elevation_f": 1.3123360000000446, "step_dist_m": 6.994297879777454, "step_dist_f": 22.94717225588906, "step_grade": 0.05718944301135956, "step_turn": 3.851013466292841, "coast_speed_mps": 0.0, "coast_speed_mph": 0.0}, "geometry": {"type": "Point", "coordinates": [-122.48247, 37.83291]}}, {"id": "391", "type": "Feature", "properties": {"name": "easier marin headlands tour", "step": 391, "lat": 37.83299, "lon": -122.48284, "elevation_m": 82.0, "time": null, "elevation_f": 269.02888, "step_elevation_m": 3.5999999999999943, "step_elevation_f": 11.811023999999975, "step_dist_m": 33.68977928814457, "step_dist_f": 110.53077547971624, "step_grade": 0.10685733406590864, "step_turn": 13.17535624748615, "coast_speed_mps": 0.0, "coast_speed_mph": 0.0}, "geometry": {"type": "Point", "coordinates": [-122.48284, 37.83299]}}, {"id": "392", "type": "Feature", "properties": {"name": "easier marin headlands tour", "step": 392, "lat": 37.83303, "lon": -122.48293, "elevation_m": 82.8, "time": null, "elevation_f": 271.653552, "step_elevation_m": 0.7999999999999972, "step_elevation_f": 2.6246719999999755, "step_dist_m": 9.069494280511124, "step_dist_f": 29.755559615272116, "step_grade": 0.08820778482865001, "step_turn": 14.057465981755172, "coast_speed_mps": 0.0, "coast_speed_mph": 0.0}, "geometry": {"type": "Point", "coordinates": [-122.48293, 37.83303]}}, {"id": "393", "type": "Feature", "properties": {"name": "easier marin headlands tour", "step": 393, "lat": 37.83307, "lon": -122.48301, "elevation_m": 83.7, "time": null, "elevation_f": 274.606308, "step_elevation_m": 0.9000000000000057, "step_elevation_f": 2.952756000000022, "step_dist_m": 8.315292648252413, "step_dist_f": 27.281144732092447, "step_grade": 0.10823431454203293, "step_turn": 2.96897042007231, "coast_speed_mps": 0.0, "coast_speed_mph": 0.0}, "geometry": {"type": "Point", "coordinates": [-122.48301, 37.83307]}}, {"id": "394", "type": "Feature", "properties": {"name": "easier marin headlands tour", "step": 394, "lat": 37.83316, "lon": -122.48317, "elevation_m": 85.9, "time": null, "elevation_f": 281.824156, "step_elevation_m": 2.200000000000003, "step_elevation_f": 7.217848000000004, "step_dist_m": 17.25095213119185, "step_dist_f": 56.597613790099466, "step_grade": 0.12752919278131505, "step_turn": 3.1219879165835778, "coast_speed_mps": 0.0, "coast_speed_mph": 0.0}, "geometry": {"type": "Point", "coordinates": [-122.48317, 37.83316]}}, {"id": "395", "type": "Feature", "properties": {"name": "easier marin headlands tour", "step": 395, "lat": 37.8332, "lon": -122.48324, "elevation_m": 86.4, "time": null, "elevation_f": 283.464576, "step_elevation_m": 0.5, "step_elevation_f": 1.640420000000006, "step_dist_m": 7.587814508947535, "step_dist_f": 24.89440535353543, "step_grade": 0.06589512690517159, "step_turn": 0.4274451339243228, "coast_speed_mps": 0.0, "coast_speed_mph": 0.0}, "geometry": {"type": "Point", "coordinates": [-122.48324, 37.8332]}}, {"id": "396", "type": "Feature", "properties": {"name": "easier marin headlands tour", "step": 396, "lat": 37.83321, "lon": -122.48332, "elevation_m": 86.7, "time": null, "elevation_f": 284.448828, "step_elevation_m": 0.29999999999999716, "step_elevation_f": 0.9842519999999695, "step_dist_m": 7.113186127461632, "step_dist_f": 23.337225574421222, "step_grade": 0.04217519331341514, "step_turn": 26.892640459785014, "coast_speed_mps": 0.0, "coast_speed_mph": 0.0}, "geometry": {"type": "Point", "coordinates": [-122.48332, 37.83321]}}, {"id": "397", "type": "Feature", "properties": {"name": "easier marin headlands tour", "step": 397, "lat": 37.83324, "lon": -122.48349, "elevation_m": 85.6, "time": null, "elevation_f": 280.839904, "step_elevation_m": -1.1000000000000085, "step_elevation_f": -3.608924000000002, "step_dist_m": 15.297825358608296, "step_dist_f": 50.189717349536444, "step_grade": -0.07190564503215638, "step_turn": 3.6016654108390753, "coast_speed_mps": 4.379595110476881, "coast_speed_mph": 9.796875247129734}, "geometry": {"type": "Point", "coordinates": [-122.48349, 37.83324]}}, {"id": "398", "type": "Feature", "properties": {"name": "easier marin headlands tour", "step": 398, "lat": 37.83351, "lon": -122.48371, "elevation_m": 84.1, "time": null, "elevation_f": 275.918644, "step_elevation_m": -1.5, "step_elevation_f": -4.921260000000018, "step_dist_m": 35.70222763029479, "step_dist_f": 117.13329649857637, "step_grade": -0.04201418509603555, "step_turn": 44.64202604642202, "coast_speed_mps": 6.133812130440326, "coast_speed_mph": 13.720946963225481}, "geometry": {"type": "Point", "coordinates": [-122.48371, 37.83351]}}, {"id": "399", "type": "Feature", "properties": {"name": "easier marin headlands tour", "step": 399, "lat": 37.83358, "lon": -122.48374, "elevation_m": 83.8, "time": null, "elevation_f": 274.934392, "step_elevation_m": -0.29999999999999716, "step_elevation_f": -0.9842519999999695, "step_dist_m": 8.21744802308835, "step_dist_f": 26.960132172069184, "step_grade": -0.036507684521653795, "step_turn": 14.062664390566965, "coast_speed_mps": 6.400600994151563, "coast_speed_mph": 14.317736654777102}, "geometry": {"type": "Point", "coordinates": [-122.48374, 37.83358]}}, {"id": "400", "type": "Feature", "properties": {"name": "easier marin headlands tour", "step": 400, "lat": 37.83362, "lon": -122.48375, "elevation_m": 83.6, "time": null, "elevation_f": 274.27822399999997, "step_elevation_m": -0.20000000000000284, "step_elevation_f": -0.6561680000000365, "step_dist_m": 4.533669141969632, "step_dist_f": 14.874243067739648, "step_grade": -0.04411437926701324, "step_turn": 7.530815907156466, "coast_speed_mps": 6.534597027782101, "coast_speed_mph": 14.617477245396595}, "geometry": {"type": "Point", "coordinates": [-122.48375, 37.83362]}}, {"id": "401", "type": "Feature", "properties": {"name": "easier marin headlands tour", "step": 401, "lat": 37.83367, "lon": -122.48373, "elevation_m": 83.3, "time": null, "elevation_f": 273.293972, "step_elevation_m": -0.29999999999999716, "step_elevation_f": -0.9842519999999695, "step_dist_m": 5.8305920865980125, "step_dist_f": 19.129239741394223, "step_grade": -0.05145275051732161, "step_turn": 28.701570753419958, "coast_speed_mps": 6.701690525871766, "coast_speed_mph": 14.991254755439689}, "geometry": {"type": "Point", "coordinates": [-122.48373, 37.83367]}}, {"id": "402", "type": "Feature", "properties": {"name": "easier marin headlands tour", "step": 402, "lat": 37.83371, "lon": -122.48371, "elevation_m": 83.1, "time": null, "elevation_f": 272.63780399999996, "step_elevation_m": -0.20000000000000284, "step_elevation_f": -0.6561680000000365, "step_dist_m": 4.782041383046774, "step_dist_f": 15.68911265115518, "step_grade": -0.04182314287555938, "step_turn": 4.016663118506187, "coast_speed_mps": 6.975578396027553, "coast_speed_mph": 15.603924472144652}, "geometry": {"type": "Point", "coordinates": [-122.48371, 37.83371]}}, {"id": "403", "type": "Feature", "properties": {"name": "easier marin headlands tour", "step": 403, "lat": 37.83379, "lon": -122.48363, "elevation_m": 82.1, "time": null, "elevation_f": 269.356964, "step_elevation_m": -1.0, "step_elevation_f": -3.280839999999955, "step_dist_m": 11.335424621828667, "step_dist_f": 37.18971451628036, "step_grade": -0.08821901546363746, "step_turn": 16.752516722975656, "coast_speed_mps": 7.714791400612432, "coast_speed_mph": 17.257496869659143}, "geometry": {"type": "Point", "coordinates": [-122.48363, 37.83379]}}, {"id": "404", "type": "Feature", "properties": {"name": "easier marin headlands tour", "step": 404, "lat": 37.83418, "lon": -122.48421, "elevation_m": 82.9, "time": null, "elevation_f": 271.98163600000004, "step_elevation_m": 0.8000000000000114, "step_elevation_f": 2.6246720000000323, "step_dist_m": 66.89614159808247, "step_dist_f": 219.47553720065287, "step_grade": 0.011958836203236912, "step_turn": 87.89079835932046, "coast_speed_mps": 2.241709508039907, "coast_speed_mph": 5.014561354777883}, "geometry": {"type": "Point", "coordinates": [-122.48421, 37.83418]}}, {"id": "405", "type": "Feature", "properties": {"name": "easier marin headlands tour", "step": 405, "lat": 37.83442, "lon": -122.48464, "elevation_m": 83.3, "time": null, "elevation_f": 273.293972, "step_elevation_m": 0.3999999999999915, "step_elevation_f": 1.3123359999999593, "step_dist_m": 46.24080179070823, "step_dist_f": 151.7086721470272, "step_grade": 0.008650369035780186, "step_turn": 5.161833169913962, "coast_speed_mps": 0.0, "coast_speed_mph": 0.0}, "geometry": {"type": "Point", "coordinates": [-122.48464, 37.83442]}}, {"id": "406", "type": "Feature", "properties": {"name": "easier marin headlands tour", "step": 406, "lat": 37.83454, "lon": -122.48479, "elevation_m": 83.2, "time": null, "elevation_f": 272.965888, "step_elevation_m": -0.09999999999999432, "step_elevation_f": -0.32808399999998983, "step_dist_m": 18.75032815652691, "step_dist_f": 61.51682662905974, "step_grade": -0.0053332399926656615, "step_turn": 10.119345903935539, "coast_speed_mps": 0.0, "coast_speed_mph": 0.0}, "geometry": {"type": "Point", "coordinates": [-122.48479, 37.83454]}}, {"id": "407", "type": "Feature", "properties": {"name": "easier marin headlands tour", "step": 407, "lat": 37.83466, "lon": -122.48488, "elevation_m": 83.2, "time": null, "elevation_f": 272.965888, "step_elevation_m": 0.0, "step_elevation_f": 0.0, "step_dist_m": 15.508585481741024, "step_dist_f": 50.88118759191522, "step_grade": 0.0, "step_turn": 13.991981339664562, "coast_speed_mps": 0.0, "coast_speed_mph": 0.0}, "geometry": {"type": "Point", "coordinates": [-122.48488, 37.83466]}}, {"id": "408", "type": "Feature", "properties": {"name": "easier marin headlands tour", "step": 408, "lat": 37.8348, "lon": -122.48496, "elevation_m": 83.1, "time": null, "elevation_f": 272.63780399999996, "step_elevation_m": -0.10000000000000853, "step_elevation_f": -0.32808400000004667, "step_dist_m": 17.079211183255097, "step_dist_f": 56.034159218470656, "step_grade": -0.005855071345335383, "step_turn": 6.350007684436434, "coast_speed_mps": 0.0, "coast_speed_mph": 0.0}, "geometry": {"type": "Point", "coordinates": [-122.48496, 37.8348]}}, {"id": "409", "type": "Feature", "properties": {"name": "easier marin headlands tour", "step": 409, "lat": 37.83494, "lon": -122.485, "elevation_m": 83.3, "time": null, "elevation_f": 273.293972, "step_elevation_m": 0.20000000000000284, "step_elevation_f": 0.6561680000000365, "step_dist_m": 15.958702922354098, "step_dist_f": 52.35795089577622, "step_grade": 0.012532346831261176, "step_turn": 11.57393845312589, "coast_speed_mps": 0.0, "coast_speed_mph": 0.0}, "geometry": {"type": "Point", "coordinates": [-122.485, 37.83494]}}, {"id": "410", "type": "Feature", "properties": {"name": "easier marin headlands tour", "step": 410, "lat": 37.83508, "lon": -122.48501, "elevation_m": 83.4, "time": null, "elevation_f": 273.62205600000004, "step_elevation_m": 0.10000000000000853, "step_elevation_f": 0.32808400000004667, "step_dist_m": 15.592040828194124, "step_dist_f": 51.15499123077241, "step_grade": 0.006413528613854365, "step_turn": 9.487125955004672, "coast_speed_mps": 0.0, "coast_speed_mph": 0.0}, "geometry": {"type": "Point", "coordinates": [-122.48501, 37.83508]}}, {"id": "411", "type": "Feature", "properties": {"name": "easier marin headlands tour", "step": 411, "lat": 37.83524, "lon": -122.48499, "elevation_m": 83.5, "time": null, "elevation_f": 273.95014, "step_elevation_m": 0.09999999999999432, "step_elevation_f": 0.328083999999933, "step_dist_m": 17.87767540622476, "step_dist_f": 58.653792579758445, "step_grade": 0.005593568387821589, "step_turn": 8.866893137656575, "coast_speed_mps": 0.0, "coast_speed_mph": 0.0}, "geometry": {"type": "Point", "coordinates": [-122.48499, 37.83524]}}, {"id": "412", "type": "Feature", "properties": {"name": "easier marin headlands tour", "step": 412, "lat": 37.83539, "lon": -122.48494, "elevation_m": 83.3, "time": null, "elevation_f": 273.293972, "step_elevation_m": -0.20000000000000284, "step_elevation_f": -0.6561679999999797, "step_dist_m": 17.247537378290374, "step_dist_f": 56.58641053219019, "step_grade": -0.011595858331157734, "step_turn": 9.110868326831053, "coast_speed_mps": 1.2688830748998585, "coast_speed_mph": 2.838410600617075}, "geometry": {"type": "Point", "coordinates": [-122.48494, 37.83539]}}, {"id": "413", "type": "Feature", "properties": {"name": "easier marin headlands tour", "step": 413, "lat": 37.8355, "lon": -122.48486, "elevation_m": 83.1, "time": null, "elevation_f": 272.63780399999996, "step_elevation_m": -0.20000000000000284, "step_elevation_f": -0.6561680000000365, "step_dist_m": 14.10553650308047, "step_dist_f": 46.27800838076653, "step_grade": -0.014178829706783955, "step_turn": 15.123306893082088, "coast_speed_mps": 1.5735863756335586, "coast_speed_mph": 3.5200124723370547}, "geometry": {"type": "Point", "coordinates": [-122.48486, 37.8355]}}, {"id": "414", "type": "Feature", "properties": {"name": "easier marin headlands tour", "step": 414, "lat": 37.83558, "lon": -122.48478, "elevation_m": 83.0, "time": null, "elevation_f": 272.30971999999997, "step_elevation_m": -0.09999999999999432, "step_elevation_f": -0.32808399999998983, "step_dist_m": 11.335318967819983, "step_dist_f": 37.18936788238251, "step_grade": -0.008821983773362347, "step_turn": 8.428487651474882, "coast_speed_mps": 1.8818191642355049, "coast_speed_mph": 4.20950958356188}, "geometry": {"type": "Point", "coordinates": [-122.48478, 37.83558]}}, {"id": "415", "type": "Feature", "properties": {"name": "easier marin headlands tour", "step": 415, "lat": 37.83565, "lon": -122.48469, "elevation_m": 82.8, "time": null, "elevation_f": 271.653552, "step_elevation_m": -0.20000000000000284, "step_elevation_f": -0.6561679999999797, "step_dist_m": 11.09295016687036, "step_dist_f": 36.39419462547495, "step_grade": -0.018029468896138438, "step_turn": 7.137673578968645, "coast_speed_mps": 2.105257058513981, "coast_speed_mph": 4.709325918293618}, "geometry": {"type": "Point", "coordinates": [-122.48469, 37.83565]}}, {"id": "416", "type": "Feature", "properties": {"name": "easier marin headlands tour", "step": 416, "lat": 37.83576, "lon": -122.48453, "elevation_m": 82.6, "time": null, "elevation_f": 270.99738399999995, "step_elevation_m": -0.20000000000000284, "step_elevation_f": -0.6561680000000365, "step_dist_m": 18.62897563507857, "step_dist_f": 61.11868842259118, "step_grade": -0.010735963367915978, "step_turn": 3.521834661567368, "coast_speed_mps": 2.2012062207600067, "coast_speed_mph": 4.923958081513968}, "geometry": {"type": "Point", "coordinates": [-122.48453, 37.83576]}}, {"id": "417", "type": "Feature", "properties": {"name": "easier marin headlands tour", "step": 417, "lat": 37.83608, "lon": -122.4839, "elevation_m": 81.9, "time": null, "elevation_f": 268.700796, "step_elevation_m": -0.6999999999999886, "step_elevation_f": -2.296587999999929, "step_dist_m": 65.78018389827488, "step_dist_f": 215.81425854081618, "step_grade": -0.01064150263067821, "step_turn": 8.292668732612754, "coast_speed_mps": 2.4472981305859465, "coast_speed_mph": 5.4744500057845915}, "geometry": {"type": "Point", "coordinates": [-122.4839, 37.83608]}}, {"id": "418", "type": "Feature", "properties": {"name": "easier marin headlands tour", "step": 418, "lat": 37.83621, "lon": -122.48366, "elevation_m": 82.8, "time": null, "elevation_f": 271.653552, "step_elevation_m": 0.8999999999999915, "step_elevation_f": 2.9527559999999653, "step_dist_m": 25.557197269549885, "step_dist_f": 83.84907508983004, "step_grade": 0.03521512904986245, "step_turn": 1.6974942208486823, "coast_speed_mps": 0.0, "coast_speed_mph": 0.0}, "geometry": {"type": "Point", "coordinates": [-122.48366, 37.83621]}}, {"id": "419", "type": "Feature", "properties": {"name": "easier marin headlands tour", "step": 419, "lat": 37.83629, "lon": -122.48355, "elevation_m": 82.9, "time": null, "elevation_f": 271.98163600000004, "step_elevation_m": 0.10000000000000853, "step_elevation_f": 0.32808400000004667, "step_dist_m": 13.131907895521344, "step_dist_f": 43.08368869994224, "step_grade": 0.0076150397029599685, "step_turn": 8.19651575978122, "coast_speed_mps": 0.0, "coast_speed_mph": 0.0}, "geometry": {"type": "Point", "coordinates": [-122.48355, 37.83629]}}, {"id": "420", "type": "Feature", "properties": {"name": "easier marin headlands tour", "step": 420, "lat": 37.83637, "lon": -122.48346, "elevation_m": 83.1, "time": null, "elevation_f": 272.63780399999996, "step_elevation_m": 0.19999999999998863, "step_elevation_f": 0.6561679999999228, "step_dist_m": 11.899529405310656, "step_dist_f": 39.04045205411941, "step_grade": 0.016807387350186335, "step_turn": 5.73828213173266, "coast_speed_mps": 0.0, "coast_speed_mph": 0.0}, "geometry": {"type": "Point", "coordinates": [-122.48346, 37.83637]}}, {"id": "421", "type": "Feature", "properties": {"name": "easier marin headlands tour", "step": 421, "lat": 37.83649, "lon": -122.48334, "elevation_m": 83.0, "time": null, "elevation_f": 272.30971999999997, "step_elevation_m": -0.09999999999999432, "step_elevation_f": -0.32808399999998983, "step_dist_m": 17.002899654491745, "step_dist_f": 55.783793302442696, "step_grade": -0.005881349771630087, "step_turn": 3.3202333383979976, "coast_speed_mps": 0.0, "coast_speed_mph": 0.0}, "geometry": {"type": "Point", "coordinates": [-122.48334, 37.83649]}}, {"id": "422", "type": "Feature", "properties": {"name": "easier marin headlands tour", "step": 422, "lat": 37.83663, "lon": -122.48324, "elevation_m": 81.8, "time": null, "elevation_f": 268.372712, "step_elevation_m": -1.2000000000000028, "step_elevation_f": -3.9370079999999916, "step_dist_m": 17.873444965428707, "step_dist_f": 58.63991318037712, "step_grade": -0.06713870786079991, "step_turn": 8.87236079562092, "coast_speed_mps": 4.553963556971703, "coast_speed_mph": 10.186926353283146}, "geometry": {"type": "Point", "coordinates": [-122.48324, 37.83663]}}, {"id": "423", "type": "Feature", "properties": {"name": "easier marin headlands tour", "step": 423, "lat": 37.83679, "lon": -122.48314, "elevation_m": 75.4, "time": null, "elevation_f": 247.375336, "step_elevation_m": -6.3999999999999915, "step_elevation_f": -20.997375999999974, "step_dist_m": 19.840503813713262, "step_dist_f": 65.09351853218301, "step_grade": -0.3225724538091856, "step_turn": 3.157074131863851, "coast_speed_mps": 11.843485184881889, "coast_speed_mph": 26.49312183447091}, "geometry": {"type": "Point", "coordinates": [-122.48314, 37.83679]}}, {"id": "424", "type": "Feature", "properties": {"name": "easier marin headlands tour", "step": 424, "lat": 37.83693, "lon": -122.48307, "elevation_m": 74.5, "time": null, "elevation_f": 244.42258, "step_elevation_m": -0.9000000000000057, "step_elevation_f": -2.9527559999999937, "step_dist_m": 16.737047817950607, "step_dist_f": 54.91157596304507, "step_grade": -0.05377292398213435, "step_turn": 4.722913538347143, "coast_speed_mps": 11.773451246075144, "coast_speed_mph": 26.336460375078584}, "geometry": {"type": "Point", "coordinates": [-122.48307, 37.83693]}}, {"id": "425", "type": "Feature", "properties": {"name": "easier marin headlands tour", "step": 425, "lat": 37.83708, "lon": -122.48302, "elevation_m": 74.7, "time": null, "elevation_f": 245.07874800000002, "step_elevation_m": 0.20000000000000284, "step_elevation_f": 0.6561680000000081, "step_dist_m": 17.247511769176484, "step_dist_f": 56.58632651278497, "step_grade": 0.01159587554869384, "step_turn": 6.79942075759601, "coast_speed_mps": 10.791042082782297, "coast_speed_mph": 24.13887366406202}, "geometry": {"type": "Point", "coordinates": [-122.48302, 37.83708]}}, {"id": "426", "type": "Feature", "properties": {"name": "easier marin headlands tour", "step": 426, "lat": 37.83717, "lon": -122.483, "elevation_m": 74.7, "time": null, "elevation_f": 245.07874800000002, "step_elevation_m": 0.0, "step_elevation_f": 0.0, "step_dist_m": 10.160494999044197, "step_dist_f": 33.334958412664164, "step_grade": 0.0, "step_turn": 4.794514637481086, "coast_speed_mps": 10.246386218240433, "coast_speed_mph": 22.920513193988057}, "geometry": {"type": "Point", "coordinates": [-122.483, 37.83717]}}, {"id": "427", "type": "Feature", "properties": {"name": "easier marin headlands tour", "step": 427, "lat": 37.83738, "lon": -122.483, "elevation_m": 73.5, "time": null, "elevation_f": 241.14174, "step_elevation_m": -1.2000000000000028, "step_elevation_f": -3.93700800000002, "step_dist_m": 23.350934595735005, "step_dist_f": 76.61068025907123, "step_grade": -0.05138980605166785, "step_turn": null, "coast_speed_mps": 10.36551425053529, "coast_speed_mph": 23.186995012829453}, "geometry": {"type": "Point", "coordinates": [-122.483, 37.83738]}}, {"id": "428", "type": "Feature", "properties": {"name": "easier marin headlands tour", "step": 428, "lat": 37.83764, "lon": -122.48302, "elevation_m": 69.4, "time": null, "elevation_f": 227.69029600000002, "step_elevation_m": -4.099999999999994, "step_elevation_f": -13.45144399999998, "step_dist_m": 28.9639806180818, "step_dist_f": 95.02618617102749, "step_grade": -0.1415551285599336, "step_turn": null, "coast_speed_mps": 12.697349110563623, "coast_speed_mph": 28.40316103830442}, "geometry": {"type": "Point", "coordinates": [-122.48302, 37.83764]}}, {"id": "429", "type": "Feature", "properties": {"name": "easier marin headlands tour", "step": 429, "lat": 37.83764, "lon": -122.48302, "elevation_m": 69.4, "time": null, "elevation_f": 227.69029600000002, "step_elevation_m": 0.0, "step_elevation_f": 0.0, "step_dist_m": 0.0, "step_dist_f": 0.0, "step_grade": null, "step_turn": null, "coast_speed_mps": 12.697349110563623, "coast_speed_mph": 28.40316103830442}, "geometry": {"type": "Point", "coordinates": [-122.48302, 37.83764]}}, {"id": "430", "type": "Feature", "properties": {"name": "easier marin headlands tour", "step": 430, "lat": 37.83764, "lon": -122.48302, "elevation_m": 69.4, "time": null, "elevation_f": 227.69029600000002, "step_elevation_m": 0.0, "step_elevation_f": 0.0, "step_dist_m": 0.0, "step_dist_f": 0.0, "step_grade": null, "step_turn": null, "coast_speed_mps": 12.697349110563623, "coast_speed_mph": 28.40316103830442}, "geometry": {"type": "Point", "coordinates": [-122.48302, 37.83764]}}, {"id": "431", "type": "Feature", "properties": {"name": "easier marin headlands tour", "step": 431, "lat": 37.83787, "lon": -122.48304, "elevation_m": 64.8, "time": null, "elevation_f": 212.598432, "step_elevation_m": -4.6000000000000085, "step_elevation_f": -15.091864000000015, "step_dist_m": 25.63506915554599, "step_dist_f": 84.1045602882815, "step_grade": -0.1794416848298155, "step_turn": null, "coast_speed_mps": 12.91151471686176, "coast_speed_mph": 28.882235855542557}, "geometry": {"type": "Point", "coordinates": [-122.48304, 37.83787]}}, {"id": "432", "type": "Feature", "properties": {"name": "easier marin headlands tour", "step": 432, "lat": 37.83787, "lon": -122.48319, "elevation_m": 66.4, "time": null, "elevation_f": 217.847776, "step_elevation_m": 1.6000000000000085, "step_elevation_f": 5.249344000000008, "step_dist_m": 13.172424580004414, "step_dist_f": 43.21661745906168, "step_grade": 0.12146586911788357, "step_turn": 86.07139803903794, "coast_speed_mps": 12.839379685890785, "coast_speed_mph": 28.720874386835117}, "geometry": {"type": "Point", "coordinates": [-122.48319, 37.83787]}}, {"id": "433", "type": "Feature", "properties": {"name": "easier marin headlands tour", "step": 433, "lat": 37.8379, "lon": -122.48328, "elevation_m": 66.5, "time": null, "elevation_f": 218.17586, "step_elevation_m": 0.09999999999999432, "step_elevation_f": 0.32808399999998983, "step_dist_m": 8.57860432011094, "step_dist_f": 28.14502819759278, "step_grade": 0.011656907845203086, "step_turn": 22.88336046281472, "coast_speed_mps": 11.844735945004041, "coast_speed_mph": 26.495919705180807}, "geometry": {"type": "Point", "coordinates": [-122.48328, 37.8379]}}, {"id": "434", "type": "Feature", "properties": {"name": "easier marin headlands tour", "step": 434, "lat": 37.83814, "lon": -122.48356, "elevation_m": 63.0, "time": null, "elevation_f": 206.69292, "step_elevation_m": -3.5, "step_elevation_f": -11.482940000000013, "step_dist_m": 36.287428962394216, "step_dist_f": 119.05324843698143, "step_grade": -0.09645213508036511, "step_turn": 24.460052570990513, "coast_speed_mps": 12.926329685432757, "coast_speed_mph": 28.915375996404666}, "geometry": {"type": "Point", "coordinates": [-122.48356, 37.83814]}}, {"id": "435", "type": "Feature", "properties": {"name": "easier marin headlands tour", "step": 435, "lat": 37.83824, "lon": -122.48369, "elevation_m": 62.8, "time": null, "elevation_f": 206.03675199999998, "step_elevation_m": -0.20000000000000284, "step_elevation_f": -0.6561680000000081, "step_dist_m": 15.936416011637471, "step_dist_f": 52.28483110762068, "step_grade": -0.012549873186916936, "step_turn": 3.0973661101507446, "coast_speed_mps": 12.230616044565252, "coast_speed_mph": 27.359108904270844}, "geometry": {"type": "Point", "coordinates": [-122.48369, 37.83824]}}, {"id": "436", "type": "Feature", "properties": {"name": "easier marin headlands tour", "step": 436, "lat": 37.83836, "lon": -122.48388, "elevation_m": 65.2, "time": null, "elevation_f": 213.91076800000002, "step_elevation_m": 2.4000000000000057, "step_elevation_f": 7.87401600000004, "step_dist_m": 21.364326381615896, "step_dist_f": 70.0929365658607, "step_grade": 0.11233679719783803, "step_turn": 5.595834231851427, "coast_speed_mps": 8.742638188234437, "coast_speed_mph": 19.556724651562337}, "geometry": {"type": "Point", "coordinates": [-122.48388, 37.83836]}}, {"id": "437", "type": "Feature", "properties": {"name": "easier marin headlands tour", "step": 437, "lat": 37.83857, "lon": -122.48423, "elevation_m": 66.3, "time": null, "elevation_f": 217.519692, "step_elevation_m": 1.0999999999999943, "step_elevation_f": 3.6089239999999734, "step_dist_m": 38.5996313350277, "step_dist_f": 126.63921446921229, "step_grade": 0.028497681505102512, "step_turn": 1.4247440114106666, "coast_speed_mps": 5.274962103044053, "coast_speed_mph": 11.799754167510843}, "geometry": {"type": "Point", "coordinates": [-122.48423, 37.83857]}}, {"id": "438", "type": "Feature", "properties": {"name": "easier marin headlands tour", "step": 438, "lat": 37.83873, "lon": -122.48459, "elevation_m": 67.4, "time": null, "elevation_f": 221.12861600000002, "step_elevation_m": 1.1000000000000085, "step_elevation_f": 3.60892400000003, "step_dist_m": 36.27587069223582, "step_dist_f": 119.01532760191496, "step_grade": 0.030323186708112376, "step_turn": 7.85580761330732, "coast_speed_mps": 0.0, "coast_speed_mph": 0.0}, "geometry": {"type": "Point", "coordinates": [-122.48459, 37.83873]}}, {"id": "439", "type": "Feature", "properties": {"name": "easier marin headlands tour", "step": 439, "lat": 37.83885, "lon": -122.48495, "elevation_m": 71.7, "time": null, "elevation_f": 235.236228, "step_elevation_m": 4.299999999999997, "step_elevation_f": 14.107611999999989, "step_dist_m": 34.31405994045159, "step_dist_f": 112.5789404150312, "step_grade": 0.12531306430839692, "step_turn": 6.485965951303456, "coast_speed_mps": 0.0, "coast_speed_mph": 0.0}, "geometry": {"type": "Point", "coordinates": [-122.48495, 37.83885]}}, {"id": "440", "type": "Feature", "properties": {"name": "easier marin headlands tour", "step": 440, "lat": 37.83888, "lon": -122.48509, "elevation_m": 73.2, "time": null, "elevation_f": 240.157488, "step_elevation_m": 1.5, "step_elevation_f": 4.9212599999999895, "step_dist_m": 12.73863038821783, "step_dist_f": 41.793408122880585, "step_grade": 0.11775206237142848, "step_turn": 7.702728687371291, "coast_speed_mps": 0.0, "coast_speed_mph": 0.0}, "geometry": {"type": "Point", "coordinates": [-122.48509, 37.83888]}}, {"id": "441", "type": "Feature", "properties": {"name": "easier marin headlands tour", "step": 441, "lat": 37.8389, "lon": -122.48524, "elevation_m": 74.0, "time": null, "elevation_f": 242.78216, "step_elevation_m": 0.7999999999999972, "step_elevation_f": 2.624672000000004, "step_dist_m": 13.358656194581298, "step_dist_f": 43.82761358943011, "step_grade": 0.059886263135097595, "step_turn": 5.597964831935599, "coast_speed_mps": 0.0, "coast_speed_mph": 0.0}, "geometry": {"type": "Point", "coordinates": [-122.48524, 37.8389]}}, {"id": "442", "type": "Feature", "properties": {"name": "easier marin headlands tour", "step": 442, "lat": 37.83896, "lon": -122.48567, "elevation_m": 74.2, "time": null, "elevation_f": 243.438328, "step_elevation_m": 0.20000000000000284, "step_elevation_f": 0.6561680000000081, "step_dist_m": 38.34527247835849, "step_dist_f": 125.80470375789766, "step_grade": 0.005215766822699719, "step_turn": 0.4369744920751941, "coast_speed_mps": 0.0, "coast_speed_mph": 0.0}, "geometry": {"type": "Point", "coordinates": [-122.48567, 37.83896]}}, {"id": "443", "type": "Feature", "properties": {"name": "easier marin headlands tour", "step": 443, "lat": 37.83902, "lon": -122.4859, "elevation_m": 74.8, "time": null, "elevation_f": 245.40683199999998, "step_elevation_m": 0.5999999999999943, "step_elevation_f": 1.9685039999999674, "step_dist_m": 21.270800028883666, "step_dist_f": 69.78609156676269, "step_grade": 0.02820768373475624, "step_turn": 8.259692892307442, "coast_speed_mps": 0.0, "coast_speed_mph": 0.0}, "geometry": {"type": "Point", "coordinates": [-122.4859, 37.83902]}}, {"id": "444", "type": "Feature", "properties": {"name": "easier marin headlands tour", "step": 444, "lat": 37.83936, "lon": -122.48678, "elevation_m": 77.4, "time": null, "elevation_f": 253.93701600000003, "step_elevation_m": 2.6000000000000085, "step_elevation_f": 8.530184000000048, "step_dist_m": 86.02920803573657, "step_dist_f": 282.248066891966, "step_grade": 0.03022229379259155, "step_turn": 7.789897526721234, "coast_speed_mps": 0.0, "coast_speed_mph": 0.0}, "geometry": {"type": "Point", "coordinates": [-122.48678, 37.83936]}}, {"id": "445", "type": "Feature", "properties": {"name": "easier marin headlands tour", "step": 445, "lat": 37.8397, "lon": -122.48765, "elevation_m": 80.0, "time": null, "elevation_f": 262.4672, "step_elevation_m": 2.5999999999999943, "step_elevation_f": 8.530183999999963, "step_dist_m": 85.24096010920611, "step_dist_f": 279.6619515646878, "step_grade": 0.030501768124960287, "step_turn": 0.2594952650230766, "coast_speed_mps": 0.0, "coast_speed_mph": 0.0}, "geometry": {"type": "Point", "coordinates": [-122.48765, 37.8397]}}, {"id": "446", "type": "Feature", "properties": {"name": "easier marin headlands tour", "step": 446, "lat": 37.84004, "lon": -122.48853, "elevation_m": 82.7, "time": null, "elevation_f": 271.325468, "step_elevation_m": 2.700000000000003, "step_elevation_f": 8.85826800000001, "step_dist_m": 86.02856809817294, "step_dist_f": 282.2459673592097, "step_grade": 0.03138492316783481, "step_turn": 0.2592867484877388, "coast_speed_mps": 0.0, "coast_speed_mph": 0.0}, "geometry": {"type": "Point", "coordinates": [-122.48853, 37.84004]}}, {"id": "447", "type": "Feature", "properties": {"name": "easier marin headlands tour", "step": 447, "lat": 37.84038, "lon": -122.48941, "elevation_m": 85.3, "time": null, "elevation_f": 279.85565199999996, "step_elevation_m": 2.5999999999999943, "step_elevation_f": 8.530183999999963, "step_dist_m": 86.02824812584105, "step_dist_f": 282.2449175811843, "step_grade": 0.03022263101530031, "step_turn": 0.00010426094297599775, "coast_speed_mps": 0.0, "coast_speed_mph": 0.0}, "geometry": {"type": "Point", "coordinates": [-122.48941, 37.84038]}}, {"id": "448", "type": "Feature", "properties": {"name": "easier marin headlands tour", "step": 448, "lat": 37.84072, "lon": -122.49029, "elevation_m": 87.9, "time": null, "elevation_f": 288.38583600000004, "step_elevation_m": 2.6000000000000085, "step_elevation_f": 8.530184000000077, "step_dist_m": 86.02792815366755, "step_dist_f": 282.24386780367865, "step_grade": 0.030222743425318273, "step_turn": 0.00010426101482607919, "coast_speed_mps": 0.0, "coast_speed_mph": 0.0}, "geometry": {"type": "Point", "coordinates": [-122.49029, 37.84072]}}, {"id": "449", "type": "Feature", "properties": {"name": "easier marin headlands tour", "step": 449, "lat": 37.8411, "lon": -122.49128, "elevation_m": 90.9, "time": null, "elevation_f": 298.228356, "step_elevation_m": 3.0, "step_elevation_f": 9.842519999999979, "step_dist_m": 96.65919434559854, "step_dist_f": 317.1233511768135, "step_grade": 0.031036881905653995, "step_turn": 0.1478710915313286, "coast_speed_mps": 0.0, "coast_speed_mph": 0.0}, "geometry": {"type": "Point", "coordinates": [-122.49128, 37.8411]}}, {"id": "450", "type": "Feature", "properties": {"name": "easier marin headlands tour", "step": 450, "lat": 37.84148, "lon": -122.49226, "elevation_m": 93.8, "time": null, "elevation_f": 307.742792, "step_elevation_m": 2.8999999999999915, "step_elevation_f": 9.51443599999999, "step_dist_m": 95.86978666219184, "step_dist_f": 314.53343087278546, "step_grade": 0.030249363234931076, "step_turn": 0.22952892260599356, "coast_speed_mps": 0.0, "coast_speed_mph": 0.0}, "geometry": {"type": "Point", "coordinates": [-122.49226, 37.84148]}}, {"id": "451", "type": "Feature", "properties": {"name": "easier marin headlands tour", "step": 451, "lat": 37.84186, "lon": -122.49325, "elevation_m": 96.8, "time": null, "elevation_f": 317.585312, "step_elevation_m": 3.0, "step_elevation_f": 9.842519999999979, "step_dist_m": 96.65838867749447, "step_dist_f": 317.12070790867097, "step_grade": 0.03103714060462615, "step_turn": 0.22929679594130903, "coast_speed_mps": 0.0, "coast_speed_mph": 0.0}, "geometry": {"type": "Point", "coordinates": [-122.49325, 37.84186]}}, {"id": "452", "type": "Feature", "properties": {"name": "easier marin headlands tour", "step": 452, "lat": 37.84203, "lon": -122.49367, "elevation_m": 98.1, "time": null, "elevation_f": 321.85040399999997, "step_elevation_m": 1.2999999999999972, "step_elevation_f": 4.2650919999999815, "step_dist_m": 41.442953773336946, "step_dist_f": 135.96770045771478, "step_grade": 0.031368420482527845, "step_turn": 1.215034107799056, "coast_speed_mps": 0.0, "coast_speed_mph": 0.0}, "geometry": {"type": "Point", "coordinates": [-122.49367, 37.84203]}}, {"id": "453", "type": "Feature", "properties": {"name": "easier marin headlands tour", "step": 453, "lat": 37.84206, "lon": -122.49378, "elevation_m": 97.7, "time": null, "elevation_f": 320.538068, "step_elevation_m": -0.3999999999999915, "step_elevation_f": -1.3123359999999593, "step_dist_m": 10.219032693001978, "step_dist_f": 33.52701122050861, "step_grade": -0.039142648038880686, "step_turn": 8.084866917623742, "coast_speed_mps": 0.0, "coast_speed_mph": 0.0}, "geometry": {"type": "Point", "coordinates": [-122.49378, 37.84206]}}, {"id": "454", "type": "Feature", "properties": {"name": "easier marin headlands tour", "step": 454, "lat": 37.84209, "lon": -122.4939, "elevation_m": 97.1, "time": null, "elevation_f": 318.56956399999996, "step_elevation_m": -0.6000000000000085, "step_elevation_f": -1.9685040000000527, "step_dist_m": 11.052754945341631, "step_dist_f": 36.26232053487464, "step_grade": -0.054285108370460036, "step_turn": 1.4860864946219863, "coast_speed_mps": 2.690853292074813, "coast_speed_mph": 6.019267385636207}, "geometry": {"type": "Point", "coordinates": [-122.4939, 37.84209]}}, {"id": "455", "type": "Feature", "properties": {"name": "easier marin headlands tour", "step": 455, "lat": 37.8421, "lon": -122.49407, "elevation_m": 96.6, "time": null, "elevation_f": 316.92914399999995, "step_elevation_m": -0.5, "step_elevation_f": -1.640420000000006, "step_dist_m": 14.9692489120607, "step_dist_f": 49.111710600645225, "step_grade": -0.03340180946534671, "step_turn": 13.30643677419107, "coast_speed_mps": 3.529281161380577, "coast_speed_mph": 7.894777114756113}, "geometry": {"type": "Point", "coordinates": [-122.49407, 37.8421]}}, {"id": "456", "type": "Feature", "properties": {"name": "easier marin headlands tour", "step": 456, "lat": 37.84207, "lon": -122.49421, "elevation_m": 96.6, "time": null, "elevation_f": 316.92914399999995, "step_elevation_m": 0.0, "step_elevation_f": 0.0, "step_dist_m": 12.738112410405586, "step_dist_f": 41.791708720555064, "step_grade": 0.0, "step_turn": 19.441593235630393, "coast_speed_mps": 3.673385171660806, "coast_speed_mph": 8.21712860518254}, "geometry": {"type": "Point", "coordinates": [-122.49421, 37.84207]}}, {"id": "457", "type": "Feature", "properties": {"name": "easier marin headlands tour", "step": 457, "lat": 37.84202, "lon": -122.49436, "elevation_m": 96.4, "time": null, "elevation_f": 316.272976, "step_elevation_m": -0.19999999999998863, "step_elevation_f": -0.6561679999999228, "step_dist_m": 14.296989435892824, "step_dist_f": 46.90613482085461, "step_grade": -0.013988959066996678, "step_turn": 7.702931833024508, "coast_speed_mps": 3.741457127780168, "coast_speed_mph": 8.369401234297074}, "geometry": {"type": "Point", "coordinates": [-122.49436, 37.84202]}}, {"id": "458", "type": "Feature", "properties": {"name": "easier marin headlands tour", "step": 458, "lat": 37.84195, "lon": -122.49449, "elevation_m": 96.0, "time": null, "elevation_f": 314.96064, "step_elevation_m": -0.4000000000000057, "step_elevation_f": -1.3123360000000162, "step_dist_m": 13.816582619499, "step_dist_f": 45.3299969213571, "step_grade": -0.028950718930706904, "step_turn": 11.40362683367286, "coast_speed_mps": 4.029974399009491, "coast_speed_mph": 9.01479598919445}, "geometry": {"type": "Point", "coordinates": [-122.49449, 37.84195]}}, {"id": "459", "type": "Feature", "properties": {"name": "easier marin headlands tour", "step": 459, "lat": 37.8414, "lon": -122.49534, "elevation_m": 90.2, "time": null, "elevation_f": 295.93176800000003, "step_elevation_m": -5.799999999999997, "step_elevation_f": -19.02887199999998, "step_dist_m": 96.49516717285351, "step_dist_f": 316.5852042673847, "step_grade": -0.06010663715013161, "step_turn": 5.041565656031111, "coast_speed_mps": 10.185925436787182, "coast_speed_mph": 22.78526627770931}, "geometry": {"type": "Point", "coordinates": [-122.49534, 37.8414]}}, {"id": "460", "type": "Feature", "properties": {"name": "easier marin headlands tour", "step": 460, "lat": 37.84124, "lon": -122.49562, "elevation_m": 88.2, "time": null, "elevation_f": 289.370088, "step_elevation_m": -2.0, "step_elevation_f": -6.561680000000024, "step_dist_m": 30.349059779874498, "step_dist_f": 99.57040928820345, "step_grade": -0.06589989984883382, "step_turn": 3.4406322104065907, "coast_speed_mps": 10.763404910334625, "coast_speed_mph": 24.077051070004057}, "geometry": {"type": "Point", "coordinates": [-122.49562, 37.84124]}}, {"id": "461", "type": "Feature", "properties": {"name": "easier marin headlands tour", "step": 461, "lat": 37.84103, "lon": -122.49603, "elevation_m": 87.4, "time": null, "elevation_f": 286.74541600000003, "step_elevation_m": -0.7999999999999972, "step_elevation_f": -2.6246719999999755, "step_dist_m": 42.91252224867835, "step_dist_f": 140.78911949435388, "step_grade": -0.018642576993353872, "step_turn": 2.9224436270658316, "coast_speed_mps": 9.45934347137218, "coast_speed_mph": 21.159948710120275}, "geometry": {"type": "Point", "coordinates": [-122.49603, 37.84103]}}, {"id": "462", "type": "Feature", "properties": {"name": "easier marin headlands tour", "step": 462, "lat": 37.84103, "lon": -122.49603, "elevation_m": 87.4, "time": null, "elevation_f": 286.74541600000003, "step_elevation_m": 0.0, "step_elevation_f": 0.0, "step_dist_m": 0.0, "step_dist_f": 0.0, "step_grade": null, "step_turn": null, "coast_speed_mps": 9.45934347137218, "coast_speed_mph": 21.159948710120275}, "geometry": {"type": "Point", "coordinates": [-122.49603, 37.84103]}}, {"id": "463", "type": "Feature", "properties": {"name": "easier marin headlands tour", "step": 463, "lat": 37.84103, "lon": -122.49603, "elevation_m": 87.4, "time": null, "elevation_f": 286.74541600000003, "step_elevation_m": 0.0, "step_elevation_f": 0.0, "step_dist_m": 0.0, "step_dist_f": 0.0, "step_grade": null, "step_turn": null, "coast_speed_mps": 9.45934347137218, "coast_speed_mph": 21.159948710120275}, "geometry": {"type": "Point", "coordinates": [-122.49603, 37.84103]}}, {"id": "464", "type": "Feature", "properties": {"name": "easier marin headlands tour", "step": 464, "lat": 37.84078, "lon": -122.49656, "elevation_m": 87.8, "time": null, "elevation_f": 288.057752, "step_elevation_m": 0.3999999999999915, "step_elevation_f": 1.3123359999999593, "step_dist_m": 54.21071622021342, "step_dist_f": 177.856686203925, "step_grade": 0.007378614928736995, "step_turn": null, "coast_speed_mps": 6.216758761370288, "coast_speed_mph": 13.906493292256355}, "geometry": {"type": "Point", "coordinates": [-122.49656, 37.84078]}}, {"id": "465", "type": "Feature", "properties": {"name": "easier marin headlands tour", "step": 465, "lat": 37.84054, "lon": -122.4971, "elevation_m": 87.8, "time": null, "elevation_f": 288.057752, "step_elevation_m": 0.0, "step_elevation_f": 0.0, "step_dist_m": 54.41267991265435, "step_dist_f": 178.51929676463288, "step_grade": 0.0, "step_turn": 1.4796114292385596, "coast_speed_mps": 3.893818454222893, "coast_speed_mph": 8.710223814922353}, "geometry": {"type": "Point", "coordinates": [-122.4971, 37.84054]}}, {"id": "466", "type": "Feature", "properties": {"name": "easier marin headlands tour", "step": 466, "lat": 37.84047, "lon": -122.49722, "elevation_m": 87.8, "time": null, "elevation_f": 288.057752, "step_elevation_m": 0.0, "step_elevation_f": 0.0, "step_dist_m": 13.100586474809502, "step_dist_f": 42.98092813001401, "step_grade": 0.0, "step_turn": 7.081553114960627, "coast_speed_mps": 3.693230286800412, "coast_speed_mph": 8.26152086345832}, "geometry": {"type": "Point", "coordinates": [-122.49722, 37.84047]}}, {"id": "467", "type": "Feature", "properties": {"name": "easier marin headlands tour", "step": 467, "lat": 37.8404, "lon": -122.49732, "elevation_m": 87.2, "time": null, "elevation_f": 286.089248, "step_elevation_m": -0.5999999999999943, "step_elevation_f": -1.9685039999999958, "step_dist_m": 11.734417349562401, "step_dist_f": 38.49874581713831, "step_grade": -0.051131639699381365, "step_turn": 5.101698709858908, "coast_speed_mps": 4.027754052944334, "coast_speed_mph": 9.00982921650038}, "geometry": {"type": "Point", "coordinates": [-122.49732, 37.8404]}}, {"id": "468", "type": "Feature", "properties": {"name": "easier marin headlands tour", "step": 468, "lat": 37.84027, "lon": -122.4975, "elevation_m": 82.9, "time": null, "elevation_f": 271.98163600000004, "step_elevation_m": -4.299999999999997, "step_elevation_f": -14.10761199999996, "step_dist_m": 21.4195834796079, "step_dist_f": 70.27422626323678, "step_grade": -0.20075086913308696, "step_turn": 0.8903102307607753, "coast_speed_mps": 9.734331086535448, "coast_speed_mph": 21.775078486344484}, "geometry": {"type": "Point", "coordinates": [-122.4975, 37.84027]}}, {"id": "469", "type": "Feature", "properties": {"name": "easier marin headlands tour", "step": 469, "lat": 37.83984, "lon": -122.49797, "elevation_m": 80.5, "time": null, "elevation_f": 264.10762, "step_elevation_m": -2.4000000000000057, "step_elevation_f": -7.87401600000004, "step_dist_m": 63.16304397913643, "step_dist_f": 207.22784120850997, "step_grade": -0.03799690212512172, "step_turn": 6.755787929380233, "coast_speed_mps": 9.454871924873936, "coast_speed_mph": 21.14994614547675}, "geometry": {"type": "Point", "coordinates": [-122.49797, 37.83984]}}, {"id": "470", "type": "Feature", "properties": {"name": "easier marin headlands tour", "step": 470, "lat": 37.83942, "lon": -122.49842, "elevation_m": 79.4, "time": null, "elevation_f": 260.498696, "step_elevation_m": -1.0999999999999943, "step_elevation_f": -3.608924000000002, "step_dist_m": 61.17683376663305, "step_dist_f": 200.7114032949204, "step_grade": -0.017980662487308296, "step_turn": 0.5645096010531461, "coast_speed_mps": 7.90613222825302, "coast_speed_mph": 17.685514111160103}, "geometry": {"type": "Point", "coordinates": [-122.49842, 37.83942]}}, {"id": "471", "type": "Feature", "properties": {"name": "easier marin headlands tour", "step": 471, "lat": 37.83929, "lon": -122.49854, "elevation_m": 75.9, "time": null, "elevation_f": 249.015756, "step_elevation_m": -3.5, "step_elevation_f": -11.482939999999985, "step_dist_m": 17.888559727152685, "step_dist_f": 58.68950229523162, "step_grade": -0.19565577404688542, "step_turn": 4.144514517466291, "coast_speed_mps": 10.973712919495913, "coast_speed_mph": 24.54749668820665}, "geometry": {"type": "Point", "coordinates": [-122.49854, 37.83929]}}, {"id": "472", "type": "Feature", "properties": {"name": "easier marin headlands tour", "step": 472, "lat": 37.8391, "lon": -122.49868, "elevation_m": 73.4, "time": null, "elevation_f": 240.813656, "step_elevation_m": -2.5, "step_elevation_f": -8.202100000000002, "step_dist_m": 24.443713381360872, "step_dist_f": 80.195912610104, "step_grade": -0.1022757860475623, "step_turn": 5.89591415966666, "coast_speed_mps": 12.0297845705199, "coast_speed_mph": 26.909861691392013}, "geometry": {"type": "Point", "coordinates": [-122.49868, 37.8391]}}, {"id": "473", "type": "Feature", "properties": {"name": "easier marin headlands tour", "step": 473, "lat": 37.83873, "lon": -122.49893, "elevation_m": 71.6, "time": null, "elevation_f": 234.908144, "step_elevation_m": -1.8000000000000114, "step_elevation_f": -5.905512000000016, "step_dist_m": 46.633041204325814, "step_dist_f": 152.9955469048003, "step_grade": -0.03859924108558972, "step_turn": 2.1108379526834824, "coast_speed_mps": 11.169168074428146, "coast_speed_mph": 24.984717417743678}, "geometry": {"type": "Point", "coordinates": [-122.49893, 37.83873]}}, {"id": "474", "type": "Feature", "properties": {"name": "easier marin headlands tour", "step": 474, "lat": 37.83851, "lon": -122.49908, "elevation_m": 70.9, "time": null, "elevation_f": 232.611556, "step_elevation_m": -0.6999999999999886, "step_elevation_f": -2.2965879999999856, "step_dist_m": 27.783842926307063, "step_dist_f": 91.15434322634526, "step_grade": -0.02519449889839376, "step_turn": 0.21596927436593205, "coast_speed_mps": 10.95964194980281, "coast_speed_mph": 24.51602082543575}, "geometry": {"type": "Point", "coordinates": [-122.49908, 37.83851]}}, {"id": "475", "type": "Feature", "properties": {"name": "easier marin headlands tour", "step": 475, "lat": 37.83843, "lon": -122.49918, "elevation_m": 69.8, "time": null, "elevation_f": 229.00263199999998, "step_elevation_m": -1.1000000000000085, "step_elevation_f": -3.60892400000003, "step_dist_m": 12.499885069433956, "step_dist_f": 41.0101229312017, "step_grade": -0.08800080911862503, "step_turn": 16.329630801542237, "coast_speed_mps": 10.882999125514539, "coast_speed_mph": 24.344575710259768}, "geometry": {"type": "Point", "coordinates": [-122.49918, 37.83843]}}, {"id": "476", "type": "Feature", "properties": {"name": "easier marin headlands tour", "step": 476, "lat": 37.83823, "lon": -122.49942, "elevation_m": 65.5, "time": null, "elevation_f": 214.89502, "step_elevation_m": -4.299999999999997, "step_elevation_f": -14.107611999999989, "step_dist_m": 30.63918435325151, "step_dist_f": 100.52226159352168, "step_grade": -0.1403431615679962, "step_turn": 1.1686371141197185, "coast_speed_mps": 13.12272691787127, "coast_speed_mph": 29.354704093305422}, "geometry": {"type": "Point", "coordinates": [-122.49942, 37.83823]}}, {"id": "477", "type": "Feature", "properties": {"name": "easier marin headlands tour", "step": 477, "lat": 37.83781, "lon": -122.5, "elevation_m": 63.6, "time": null, "elevation_f": 208.661424, "step_elevation_m": -1.8999999999999986, "step_elevation_f": -6.233595999999977, "step_dist_m": 69.10327581449124, "step_dist_f": 226.71679142321545, "step_grade": -0.027495078599465768, "step_turn": 4.0200242217488835, "coast_speed_mps": 10.680082142993944, "coast_speed_mph": 23.89066334778528}, "geometry": {"type": "Point", "coordinates": [-122.5, 37.83781]}}, {"id": "478", "type": "Feature", "properties": {"name": "easier marin headlands tour", "step": 478, "lat": 37.83739, "lon": -122.50058, "elevation_m": 63.0, "time": null, "elevation_f": 206.69292, "step_elevation_m": -0.6000000000000014, "step_elevation_f": -1.9685040000000242, "step_dist_m": 69.1034895627826, "step_dist_f": 226.71749269715966, "step_grade": -0.008682629542968064, "step_turn": 0.00016250100014758573, "coast_speed_mps": 7.679231606841893, "coast_speed_mph": 17.177951876435856}, "geometry": {"type": "Point", "coordinates": [-122.50058, 37.83739]}}, {"id": "479", "type": "Feature", "properties": {"name": "easier marin headlands tour", "step": 479, "lat": 37.83697, "lon": -122.50116, "elevation_m": 56.4, "time": null, "elevation_f": 185.039376, "step_elevation_m": -6.600000000000001, "step_elevation_f": -21.653543999999982, "step_dist_m": 69.1037033129064, "step_dist_f": 226.71819397711585, "step_grade": -0.0955086295464476, "step_turn": 0.00016250010088469935, "coast_speed_mps": 12.19239149827631, "coast_speed_mph": 27.273603029429797}, "geometry": {"type": "Point", "coordinates": [-122.50116, 37.83697]}}, {"id": "480", "type": "Feature", "properties": {"name": "easier marin headlands tour", "step": 480, "lat": 37.8368, "lon": -122.50145, "elevation_m": 55.7, "time": null, "elevation_f": 182.74278800000002, "step_elevation_m": -0.6999999999999957, "step_elevation_f": -2.2965879999999856, "step_dist_m": 31.715896680874998, "step_dist_f": 104.05478246648192, "step_grade": -0.022070950950666413, "step_turn": 5.933006727616572, "coast_speed_mps": 11.13116437983669, "coast_speed_mph": 24.8997055740799}, "geometry": {"type": "Point", "coordinates": [-122.50145, 37.8368]}}, {"id": "481", "type": "Feature", "properties": {"name": "easier marin headlands tour", "step": 481, "lat": 37.83671, "lon": -122.50165, "elevation_m": 56.0, "time": null, "elevation_f": 183.72704, "step_elevation_m": 0.29999999999999716, "step_elevation_f": 0.9842519999999695, "step_dist_m": 20.214534266470285, "step_dist_f": 66.32065260280636, "step_grade": 0.014840806918693408, "step_turn": 6.910816249288871, "coast_speed_mps": 9.851064326516225, "coast_speed_mph": 22.03620330734658}, "geometry": {"type": "Point", "coordinates": [-122.50165, 37.83671]}}, {"id": "482", "type": "Feature", "properties": {"name": "easier marin headlands tour", "step": 482, "lat": 37.8365, "lon": -122.50244, "elevation_m": 55.4, "time": null, "elevation_f": 181.758536, "step_elevation_m": -0.6000000000000014, "step_elevation_f": -1.9685039999999958, "step_dist_m": 73.2003405392962, "step_dist_f": 240.15860525494458, "step_grade": -0.008196683179061208, "step_turn": 11.071850356725122, "coast_speed_mps": 6.8440120472832655, "coast_speed_mph": 15.309618931825469}, "geometry": {"type": "Point", "coordinates": [-122.50244, 37.8365]}}, {"id": "483", "type": "Feature", "properties": {"name": "easier marin headlands tour", "step": 483, "lat": 37.83668, "lon": -122.50243, "elevation_m": 54.5, "time": null, "elevation_f": 178.80578, "step_elevation_m": -0.8999999999999986, "step_elevation_f": -2.9527559999999937, "step_dist_m": 20.034342866138026, "step_dist_f": 65.72947344894028, "step_grade": -0.04492286100988994, "step_turn": 111.11451980186217, "coast_speed_mps": 7.394901106058829, "coast_speed_mph": 16.54192266029622}, "geometry": {"type": "Point", "coordinates": [-122.50243, 37.83668]}}, {"id": "484", "type": "Feature", "properties": {"name": "easier marin headlands tour", "step": 484, "lat": 37.83687, "lon": -122.50236, "elevation_m": 53.4, "time": null, "elevation_f": 175.196856, "step_elevation_m": -1.1000000000000014, "step_elevation_f": -3.608924000000002, "step_dist_m": 22.003181586530648, "step_dist_f": 72.1889182763532, "step_grade": -0.04999277016708219, "step_turn": 13.71083152397506, "coast_speed_mps": 8.03496140439472, "coast_speed_mph": 17.973696770746937}, "geometry": {"type": "Point", "coordinates": [-122.50236, 37.83687]}}, {"id": "485", "type": "Feature", "properties": {"name": "easier marin headlands tour", "step": 485, "lat": 37.83695, "lon": -122.5024, "elevation_m": 52.9, "time": null, "elevation_f": 173.556436, "step_elevation_m": -0.5, "step_elevation_f": -1.640420000000006, "step_dist_m": 9.56402644948517, "step_dist_f": 31.37804053652892, "step_grade": -0.052279236432571236, "step_turn": 37.771172465268364, "coast_speed_mps": 8.257244719996859, "coast_speed_mph": 18.470930386535542}, "geometry": {"type": "Point", "coordinates": [-122.5024, 37.83695]}}, {"id": "486", "type": "Feature", "properties": {"name": "easier marin headlands tour", "step": 486, "lat": 37.83701, "lon": -122.50271, "elevation_m": 51.6, "time": null, "elevation_f": 169.291344, "step_elevation_m": -1.2999999999999972, "step_elevation_f": -4.2650919999999815, "step_dist_m": 28.028944363912903, "step_dist_f": 91.95848182690001, "step_grade": -0.04638062650956414, "step_turn": 54.68161786223186, "coast_speed_mps": 8.700957693982813, "coast_speed_mph": 19.463488041300117}, "geometry": {"type": "Point", "coordinates": [-122.50271, 37.83701]}}, {"id": "487", "type": "Feature", "properties": {"name": "easier marin headlands tour", "step": 487, "lat": 37.83703, "lon": -122.50304, "elevation_m": 51.9, "time": null, "elevation_f": 170.275596, "step_elevation_m": 0.29999999999999716, "step_elevation_f": 0.9842519999999979, "step_dist_m": 29.064873685792403, "step_dist_f": 95.35720018329515, "step_grade": 0.010321737615073285, "step_turn": 9.38194569556913, "coast_speed_mps": 7.044171397200252, "coast_speed_mph": 15.757362645848792}, "geometry": {"type": "Point", "coordinates": [-122.50304, 37.83703]}}, {"id": "488", "type": "Feature", "properties": {"name": "easier marin headlands tour", "step": 488, "lat": 37.83752, "lon": -122.50356, "elevation_m": 52.8, "time": null, "elevation_f": 173.228352, "step_elevation_m": 0.8999999999999986, "step_elevation_f": 2.9527559999999937, "step_dist_m": 71.09108794122695, "step_dist_f": 233.238484961095, "step_grade": 0.012659814697786797, "step_turn": 45.64512318515449, "coast_speed_mps": 0.0, "coast_speed_mph": 0.0}, "geometry": {"type": "Point", "coordinates": [-122.50356, 37.83752]}}, {"id": "489", "type": "Feature", "properties": {"name": "easier marin headlands tour", "step": 489, "lat": 37.83762, "lon": -122.50369, "elevation_m": 53.0, "time": null, "elevation_f": 173.88452, "step_elevation_m": 0.20000000000000284, "step_elevation_f": 0.6561680000000081, "step_dist_m": 15.936484749228127, "step_dist_f": 52.28505662465761, "step_grade": 0.012549819056532508, "step_turn": 5.787647210857756, "coast_speed_mps": 0.0, "coast_speed_mph": 0.0}, "geometry": {"type": "Point", "coordinates": [-122.50369, 37.83762]}}, {"id": "490", "type": "Feature", "properties": {"name": "easier marin headlands tour", "step": 490, "lat": 37.83764, "lon": -122.50387, "elevation_m": 53.2, "time": null, "elevation_f": 174.54068800000002, "step_elevation_m": 0.20000000000000284, "step_elevation_f": 0.6561680000000081, "step_dist_m": 15.96263569539514, "step_dist_f": 52.37085369488019, "step_grade": 0.012529259191055669, "step_turn": 36.23735505145606, "coast_speed_mps": 0.0, "coast_speed_mph": 0.0}, "geometry": {"type": "Point", "coordinates": [-122.50387, 37.83764]}}, {"id": "491", "type": "Feature", "properties": {"name": "easier marin headlands tour", "step": 491, "lat": 37.83742, "lon": -122.50408, "elevation_m": 51.7, "time": null, "elevation_f": 169.619428, "step_elevation_m": -1.5, "step_elevation_f": -4.921260000000018, "step_dist_m": 30.635287656195185, "step_dist_f": 100.50947715395141, "step_grade": -0.048963143967628596, "step_turn": 60.99741827622063, "coast_speed_mps": 4.962004156536309, "coast_speed_mph": 11.09968717908085}, "geometry": {"type": "Point", "coordinates": [-122.50408, 37.83742]}}, {"id": "492", "type": "Feature", "properties": {"name": "easier marin headlands tour", "step": 492, "lat": 37.83672, "lon": -122.50472, "elevation_m": 46.7, "time": null, "elevation_f": 153.215228, "step_elevation_m": -5.0, "step_elevation_f": -16.404200000000003, "step_dist_m": 96.00669154548486, "step_dist_f": 314.98259389008854, "step_grade": -0.05207970319059648, "step_turn": 1.1791603789572775, "coast_speed_mps": 9.53165972809463, "coast_speed_mph": 21.321715569288248}, "geometry": {"type": "Point", "coordinates": [-122.50472, 37.83672]}}, {"id": "493", "type": "Feature", "properties": {"name": "easier marin headlands tour", "step": 493, "lat": 37.83602, "lon": -122.50537, "elevation_m": 47.5, "time": null, "elevation_f": 155.8399, "step_elevation_m": 0.7999999999999972, "step_elevation_f": 2.624672000000004, "step_dist_m": 96.52372491401704, "step_dist_f": 316.67889764690364, "step_grade": 0.00828811777324833, "step_turn": 0.42288679274264496, "coast_speed_mps": 0.0, "coast_speed_mph": 0.0}, "geometry": {"type": "Point", "coordinates": [-122.50537, 37.83602]}}, {"id": "494", "type": "Feature", "properties": {"name": "easier marin headlands tour", "step": 494, "lat": 37.83591, "lon": -122.50552, "elevation_m": 47.4, "time": null, "elevation_f": 155.51181599999998, "step_elevation_m": -0.10000000000000142, "step_elevation_f": -0.32808400000001825, "step_dist_m": 17.9758143913781, "step_dist_f": 58.97577088780893, "step_grade": -0.005563030292967717, "step_turn": 10.86729719176168, "coast_speed_mps": 0.0, "coast_speed_mph": 0.0}, "geometry": {"type": "Point", "coordinates": [-122.50552, 37.83591]}}, {"id": "495", "type": "Feature", "properties": {"name": "easier marin headlands tour", "step": 495, "lat": 37.83576, "lon": -122.50578, "elevation_m": 47.1, "time": null, "elevation_f": 154.527564, "step_elevation_m": -0.29999999999999716, "step_elevation_f": -0.9842519999999695, "step_dist_m": 28.27605440057683, "step_dist_f": 92.76921031958848, "step_grade": -0.010609683930791886, "step_turn": 6.730086321638709, "coast_speed_mps": 1.2032416637090846, "coast_speed_mph": 2.691574945662767}, "geometry": {"type": "Point", "coordinates": [-122.50578, 37.83576]}}, {"id": "496", "type": "Feature", "properties": {"name": "easier marin headlands tour", "step": 496, "lat": 37.83568, "lon": -122.50596, "elevation_m": 47.1, "time": null, "elevation_f": 154.527564, "step_elevation_m": 0.0, "step_elevation_f": 0.0, "step_dist_m": 18.138482509244035, "step_dist_f": 59.5094589556282, "step_grade": 0.0, "step_turn": 6.779242402593269, "coast_speed_mps": 1.6741372678966822, "coast_speed_mph": 3.7449384124388874}, "geometry": {"type": "Point", "coordinates": [-122.50596, 37.83568]}}, {"id": "497", "type": "Feature", "properties": {"name": "easier marin headlands tour", "step": 497, "lat": 37.83563, "lon": -122.50611, "elevation_m": 46.7, "time": null, "elevation_f": 153.215228, "step_elevation_m": -0.3999999999999986, "step_elevation_f": -1.3123360000000162, "step_dist_m": 14.298040738729615, "step_dist_f": 46.90958397725367, "step_grade": -0.027975860980484147, "step_turn": 6.485856424477191, "coast_speed_mps": 2.1883714791116002, "coast_speed_mph": 4.895247582121505}, "geometry": {"type": "Point", "coordinates": [-122.50611, 37.83563]}}, {"id": "498", "type": "Feature", "properties": {"name": "easier marin headlands tour", "step": 498, "lat": 37.8356, "lon": -122.50623, "elevation_m": 46.4, "time": null, "elevation_f": 152.230976, "step_elevation_m": -0.30000000000000426, "step_elevation_f": -0.9842519999999979, "step_dist_m": 11.053634804661648, "step_dist_f": 36.26520721252612, "step_grade": -0.027140393662497816, "step_turn": 5.317758465165525, "coast_speed_mps": 2.943801438504649, "coast_speed_mph": 6.585096274392998}, "geometry": {"type": "Point", "coordinates": [-122.50623, 37.8356]}}, {"id": "499", "type": "Feature", "properties": {"name": "easier marin headlands tour", "step": 499, "lat": 37.83556, "lon": -122.5067, "elevation_m": 46.7, "time": null, "elevation_f": 153.215228, "step_elevation_m": 0.30000000000000426, "step_elevation_f": 0.9842519999999979, "step_dist_m": 41.513834778648786, "step_dist_f": 136.2002496951821, "step_grade": 0.00722650657544889, "step_turn": 11.414616180048938, "coast_speed_mps": 0.0, "coast_speed_mph": 0.0}, "geometry": {"type": "Point", "coordinates": [-122.5067, 37.83556]}}, {"id": "500", "type": "Feature", "properties": {"name": "easier marin headlands tour", "step": 500, "lat": 37.83532, "lon": -122.50763, "elevation_m": 44.0, "time": null, "elevation_f": 144.35696, "step_elevation_m": -2.700000000000003, "step_elevation_f": -8.85826800000001, "step_dist_m": 85.92121184875856, "step_dist_f": 281.89374868188105, "step_grade": -0.031424137787449215, "step_turn": 11.944527319370252, "coast_speed_mps": 6.283932414357981, "coast_speed_mph": 14.056756474494394}, "geometry": {"type": "Point", "coordinates": [-122.50763, 37.83532]}}, {"id": "501", "type": "Feature", "properties": {"name": "easier marin headlands tour", "step": 501, "lat": 37.83525, "lon": -122.50779, "elevation_m": 43.0, "time": null, "elevation_f": 141.07612, "step_elevation_m": -1.0, "step_elevation_f": -3.2808399999999835, "step_dist_m": 16.062936747880766, "step_dist_f": 52.699925399917134, "step_grade": -0.06225511658893466, "step_turn": 10.889502295565649, "coast_speed_mps": 7.2165548212517034, "coast_speed_mph": 16.142973383258088}, "geometry": {"type": "Point", "coordinates": [-122.50779, 37.83525]}}, {"id": "502", "type": "Feature", "properties": {"name": "easier marin headlands tour", "step": 502, "lat": 37.83505, "lon": -122.50801, "elevation_m": 40.2, "time": null, "elevation_f": 131.889768, "step_elevation_m": -2.799999999999997, "step_elevation_f": -9.186352, "step_dist_m": 29.459213164272494, "step_dist_f": 96.65096491787178, "step_grade": -0.09504666619527291, "step_turn": 20.032866142419778, "coast_speed_mps": 9.564894159289178, "coast_speed_mph": 21.39605887457312}, "geometry": {"type": "Point", "coordinates": [-122.50801, 37.83505]}}, {"id": "503", "type": "Feature", "properties": {"name": "easier marin headlands tour", "step": 503, "lat": 37.83481, "lon": -122.50824, "elevation_m": 38.2, "time": null, "elevation_f": 125.32808800000001, "step_elevation_m": -2.0, "step_elevation_f": -6.5616799999999955, "step_dist_m": 33.46886124043763, "step_dist_f": 109.8059787120774, "step_grade": -0.059757037612727826, "step_turn": 3.861576537477049, "coast_speed_mps": 10.183931855595347, "coast_speed_mph": 22.78080676359014}, "geometry": {"type": "Point", "coordinates": [-122.50824, 37.83481]}}, {"id": "504", "type": "Feature", "properties": {"name": "easier marin headlands tour", "step": 504, "lat": 37.83465, "lon": -122.50839, "elevation_m": 36.9, "time": null, "elevation_f": 121.062996, "step_elevation_m": -1.3000000000000043, "step_elevation_f": -4.26509200000001, "step_dist_m": 22.137161540009437, "step_dist_f": 72.62848506692455, "step_grade": -0.05872478265338846, "step_turn": 0.604086581627115, "coast_speed_mps": 10.460728650798972, "coast_speed_mph": 23.399983560305476}, "geometry": {"type": "Point", "coordinates": [-122.50839, 37.83465]}}, {"id": "505", "type": "Feature", "properties": {"name": "easier marin headlands tour", "step": 505, "lat": 37.83451, "lon": -122.50855, "elevation_m": 36.5, "time": null, "elevation_f": 119.75066, "step_elevation_m": -0.3999999999999986, "step_elevation_f": -1.312336000000002, "step_dist_m": 20.97086294504282, "step_dist_f": 68.8020459846143, "step_grade": -0.01907408393485077, "step_turn": 5.552714463025183, "coast_speed_mps": 9.70301099038462, "coast_speed_mph": 21.70501742659406}, "geometry": {"type": "Point", "coordinates": [-122.50855, 37.83451]}}, {"id": "506", "type": "Feature", "properties": {"name": "easier marin headlands tour", "step": 506, "lat": 37.83447, "lon": -122.50862, "elevation_m": 36.6, "time": null, "elevation_f": 120.078744, "step_elevation_m": 0.10000000000000142, "step_elevation_f": 0.32808400000000404, "step_dist_m": 7.587726070968854, "step_dist_f": 24.894115202677455, "step_grade": 0.013179178987840387, "step_turn": 12.043586372702435, "coast_speed_mps": 9.457497184591011, "coast_speed_mph": 21.15581868421394}, "geometry": {"type": "Point", "coordinates": [-122.50862, 37.83447]}}, {"id": "507", "type": "Feature", "properties": {"name": "easier marin headlands tour", "step": 507, "lat": 37.83438, "lon": -122.50884, "elevation_m": 36.9, "time": null, "elevation_f": 121.062996, "step_elevation_m": 0.29999999999999716, "step_elevation_f": 0.9842519999999979, "step_dist_m": 21.758470382443488, "step_dist_f": 71.38605996953589, "step_grade": 0.01378773391359632, "step_turn": 8.503568109920053, "coast_speed_mps": 8.353178933798638, "coast_speed_mph": 18.685529111038452}, "geometry": {"type": "Point", "coordinates": [-122.50884, 37.83438]}}, {"id": "508", "type": "Feature", "properties": {"name": "easier marin headlands tour", "step": 508, "lat": 37.83433, "lon": -122.50898, "elevation_m": 36.8, "time": null, "elevation_f": 120.734912, "step_elevation_m": -0.10000000000000142, "step_elevation_f": -0.32808400000000404, "step_dist_m": 13.49348306679949, "step_dist_f": 44.269958984878436, "step_grade": -0.007410984955103987, "step_turn": 3.050526883419707, "coast_speed_mps": 7.71130997229472, "coast_speed_mph": 17.249709136307068}, "geometry": {"type": "Point", "coordinates": [-122.50898, 37.83433]}}, {"id": "509", "type": "Feature", "properties": {"name": "easier marin headlands tour", "step": 509, "lat": 37.83418, "lon": -122.50955, "elevation_m": 35.0, "time": null, "elevation_f": 114.82939999999999, "step_elevation_m": -1.7999999999999972, "step_elevation_f": -5.905512000000002, "step_dist_m": 52.76331089127848, "step_dist_f": 173.10798090454207, "step_grade": -0.03411461429531953, "step_turn": 5.904577204683449, "coast_speed_mps": 8.220863686087213, "coast_speed_mph": 18.389548331440597}, "geometry": {"type": "Point", "coordinates": [-122.50955, 37.83418]}}, {"id": "510", "type": "Feature", "properties": {"name": "easier marin headlands tour", "step": 510, "lat": 37.83414, "lon": -122.50967, "elevation_m": 34.4, "time": null, "elevation_f": 112.860896, "step_elevation_m": -0.6000000000000014, "step_elevation_f": -1.9685039999999958, "step_dist_m": 11.438629343798342, "step_dist_f": 37.52831269630735, "step_grade": -0.05245383707841728, "step_turn": 4.454382055620698, "coast_speed_mps": 8.28749686119527, "coast_speed_mph": 18.538602499094626}, "geometry": {"type": "Point", "coordinates": [-122.50967, 37.83414]}}, {"id": "511", "type": "Feature", "properties": {"name": "easier marin headlands tour", "step": 511, "lat": 37.83405, "lon": -122.50983, "elevation_m": 33.4, "time": null, "elevation_f": 109.580056, "step_elevation_m": -1.0, "step_elevation_f": -3.2808399999999978, "step_dist_m": 17.250800095764184, "step_dist_f": 56.597114986186966, "step_grade": -0.05796832578481639, "step_turn": 12.576666273422887, "coast_speed_mps": 8.386471206705398, "coast_speed_mph": 18.760001804548562}, "geometry": {"type": "Point", "coordinates": [-122.50983, 37.83405]}}, {"id": "512", "type": "Feature", "properties": {"name": "easier marin headlands tour", "step": 512, "lat": 37.83396, "lon": -122.50995, "elevation_m": 33.2, "time": null, "elevation_f": 108.923888, "step_elevation_m": -0.19999999999999574, "step_elevation_f": -0.6561679999999939, "step_dist_m": 14.533091001370773, "step_dist_f": 47.680746280937285, "step_grade": -0.013761697355444314, "step_turn": 8.060689522941772, "coast_speed_mps": 8.458885948971256, "coast_speed_mph": 18.921988969602825}, "geometry": {"type": "Point", "coordinates": [-122.50995, 37.83396]}}, {"id": "513", "type": "Feature", "properties": {"name": "easier marin headlands tour", "step": 513, "lat": 37.83385, "lon": -122.51016, "elevation_m": 34.2, "time": null, "elevation_f": 112.204728, "step_elevation_m": 1.0, "step_elevation_f": 3.2808399999999978, "step_dist_m": 22.129838668673703, "step_dist_f": 72.60445989773143, "step_grade": 0.045187857669092196, "step_turn": 9.966413453634573, "coast_speed_mps": 6.099643887242909, "coast_speed_mph": 13.644514779981439}, "geometry": {"type": "Point", "coordinates": [-122.51016, 37.83385]}}, {"id": "514", "type": "Feature", "properties": {"name": "easier marin headlands tour", "step": 514, "lat": 37.83367, "lon": -122.51063, "elevation_m": 35.0, "time": null, "elevation_f": 114.82939999999999, "step_elevation_m": 0.7999999999999972, "step_elevation_f": 2.6246719999999897, "step_dist_m": 45.87268618996087, "step_dist_f": 150.50094375947123, "step_grade": 0.017439571702584866, "step_turn": 7.684190880937166, "coast_speed_mps": 1.4764090274776351, "coast_speed_mph": 3.3026329354814634}, "geometry": {"type": "Point", "coordinates": [-122.51063, 37.83367]}}, {"id": "515", "type": "Feature", "properties": {"name": "easier marin headlands tour", "step": 515, "lat": 37.83358, "lon": -122.51097, "elevation_m": 35.5, "time": null, "elevation_f": 116.46982, "step_elevation_m": 0.5, "step_elevation_f": 1.640420000000006, "step_dist_m": 31.49164298250773, "step_dist_f": 103.31904196273067, "step_grade": 0.015877228135658998, "step_turn": 7.340191928866233, "coast_speed_mps": 0.0, "coast_speed_mph": 0.0}, "geometry": {"type": "Point", "coordinates": [-122.51097, 37.83358]}}, {"id": "516", "type": "Feature", "properties": {"name": "easier marin headlands tour", "step": 516, "lat": 37.83352, "lon": -122.51133, "elevation_m": 33.6, "time": null, "elevation_f": 110.236224, "step_elevation_m": -1.8999999999999986, "step_elevation_f": -6.2335959999999915, "step_dist_m": 32.31195033007905, "step_dist_f": 106.01033912093655, "step_grade": -0.05880177397497721, "step_turn": 6.612962527095505, "coast_speed_mps": 5.675060905064435, "coast_speed_mph": 12.694749698157723}, "geometry": {"type": "Point", "coordinates": [-122.51133, 37.83352]}}, {"id": "517", "type": "Feature", "properties": {"name": "easier marin headlands tour", "step": 517, "lat": 37.83351, "lon": -122.51156, "elevation_m": 32.1, "time": null, "elevation_f": 105.314964, "step_elevation_m": -1.5, "step_elevation_f": -4.921260000000004, "step_dist_m": 20.229493316744186, "step_dist_f": 66.36973085330699, "step_grade": -0.07414916313096348, "step_turn": 8.765022976803266, "coast_speed_mps": 7.812353292279452, "coast_speed_mph": 17.47573660585058}, "geometry": {"type": "Point", "coordinates": [-122.51156, 37.83351]}}, {"id": "518", "type": "Feature", "properties": {"name": "easier marin headlands tour", "step": 518, "lat": 37.83348, "lon": -122.51172, "elevation_m": 30.4, "time": null, "elevation_f": 99.73753599999999, "step_elevation_m": -1.7000000000000028, "step_elevation_f": -5.577428000000012, "step_dist_m": 14.441962162781167, "step_dist_f": 47.38176714213896, "step_grade": -0.11771253662339085, "step_turn": 10.20402347889842, "coast_speed_mps": 8.868685665963312, "coast_speed_mph": 19.83868482901598}, "geometry": {"type": "Point", "coordinates": [-122.51172, 37.83348]}}, {"id": "519", "type": "Feature", "properties": {"name": "easier marin headlands tour", "step": 519, "lat": 37.83343, "lon": -122.51189, "elevation_m": 28.6, "time": null, "elevation_f": 93.832024, "step_elevation_m": -1.7999999999999972, "step_elevation_f": -5.905511999999987, "step_dist_m": 15.931257632294658, "step_dist_f": 52.267907290337604, "step_grade": -0.11298543037501141, "step_turn": 7.070199887352999, "coast_speed_mps": 9.625987293767851, "coast_speed_mph": 21.532720324283822}, "geometry": {"type": "Point", "coordinates": [-122.51189, 37.83343]}}, {"id": "520", "type": "Feature", "properties": {"name": "easier marin headlands tour", "step": 520, "lat": 37.8334, "lon": -122.51204, "elevation_m": 28.0, "time": null, "elevation_f": 91.86352, "step_elevation_m": -0.6000000000000014, "step_elevation_f": -1.96850400000001, "step_dist_m": 13.58902527791132, "step_dist_f": 44.583417692782575, "step_grade": -0.044153277201955686, "step_turn": 6.214886649818283, "coast_speed_mps": 10.161388968565262, "coast_speed_mph": 22.73037976146486}, "geometry": {"type": "Point", "coordinates": [-122.51204, 37.8334]}}, {"id": "521", "type": "Feature", "properties": {"name": "easier marin headlands tour", "step": 521, "lat": 37.83337, "lon": -122.51226, "elevation_m": 27.4, "time": null, "elevation_f": 89.895016, "step_elevation_m": -0.6000000000000014, "step_elevation_f": -1.9685039999999958, "step_dist_m": 19.606593618016973, "step_dist_f": 64.3260966057348, "step_grade": -0.030601950123995376, "step_turn": 4.41437826453236, "coast_speed_mps": 9.877274573928178, "coast_speed_mph": 22.0948339610061}, "geometry": {"type": "Point", "coordinates": [-122.51226, 37.83337]}}, {"id": "522", "type": "Feature", "properties": {"name": "easier marin headlands tour", "step": 522, "lat": 37.83334, "lon": -122.51259, "elevation_m": 27.4, "time": null, "elevation_f": 89.895016, "step_elevation_m": 0.0, "step_elevation_f": 0.0, "step_dist_m": 29.17246111543985, "step_dist_f": 95.71017732597969, "step_grade": 0.0, "step_turn": 3.2298495374419076, "coast_speed_mps": 8.436654474880108, "coast_speed_mph": 18.872258578382468}, "geometry": {"type": "Point", "coordinates": [-122.51259, 37.83334]}}, {"id": "523", "type": "Feature", "properties": {"name": "easier marin headlands tour", "step": 523, "lat": 37.83333, "lon": -122.51267, "elevation_m": 27.5, "time": null, "elevation_f": 90.2231, "step_elevation_m": 0.10000000000000142, "step_elevation_f": 0.32808400000000404, "step_dist_m": 7.113173899813147, "step_dist_f": 23.337185457462965, "step_grade": 0.014058421937727161, "step_turn": 2.427493024860098, "coast_speed_mps": 8.099636262849435, "coast_speed_mph": 18.118370308807773}, "geometry": {"type": "Point", "coordinates": [-122.51267, 37.83333]}}, {"id": "524", "type": "Feature", "properties": {"name": "easier marin headlands tour", "step": 524, "lat": 37.83331, "lon": -122.51281, "elevation_m": 27.7, "time": null, "elevation_f": 90.879268, "step_elevation_m": 0.1999999999999993, "step_elevation_f": 0.6561679999999939, "step_dist_m": 12.494529687346882, "step_dist_f": 40.992552779435144, "step_grade": 0.016007005065787935, "step_turn": 1.2591672476552276, "coast_speed_mps": 7.353005942804168, "coast_speed_mph": 16.44820584915032}, "geometry": {"type": "Point", "coordinates": [-122.51281, 37.83331]}}, {"id": "525", "type": "Feature", "properties": {"name": "easier marin headlands tour", "step": 525, "lat": 37.83325, "lon": -122.51311, "elevation_m": 27.5, "time": null, "elevation_f": 90.2231, "step_elevation_m": -0.1999999999999993, "step_elevation_f": -0.6561679999999939, "step_dist_m": 27.17809728819884, "step_dist_f": 89.16698870701427, "step_grade": -0.00735886688016392, "step_turn": 3.957496574384521, "coast_speed_mps": 6.985822864989439, "coast_speed_mph": 15.62684069655832}, "geometry": {"type": "Point", "coordinates": [-122.51311, 37.83325]}}, {"id": "526", "type": "Feature", "properties": {"name": "easier marin headlands tour", "step": 526, "lat": 37.83324, "lon": -122.51325, "elevation_m": 27.0, "time": null, "elevation_f": 88.58268, "step_elevation_m": -0.5, "step_elevation_f": -1.640420000000006, "step_dist_m": 12.345213080185891, "step_dist_f": 40.50266888199708, "step_grade": -0.04050152854813836, "step_turn": 9.042479967162393, "coast_speed_mps": 6.846322130199693, "coast_speed_mph": 15.31478644013888}, "geometry": {"type": "Point", "coordinates": [-122.51325, 37.83324]}}, {"id": "527", "type": "Feature", "properties": {"name": "easier marin headlands tour", "step": 527, "lat": 37.83323, "lon": -122.51383, "elevation_m": 23.8, "time": null, "elevation_f": 78.083992, "step_elevation_m": -3.1999999999999993, "step_elevation_f": -10.498688000000001, "step_dist_m": 50.94871079551183, "step_dist_f": 167.15456832634703, "step_grade": -0.06280826246700424, "step_turn": 3.917270756093046, "coast_speed_mps": 9.202562418226902, "coast_speed_mph": 20.585545853227657}, "geometry": {"type": "Point", "coordinates": [-122.51383, 37.83323]}}, {"id": "528", "type": "Feature", "properties": {"name": "easier marin headlands tour", "step": 528, "lat": 37.83322, "lon": -122.51442, "elevation_m": 20.7, "time": null, "elevation_f": 67.913388, "step_elevation_m": -3.1000000000000014, "step_elevation_f": -10.170603999999997, "step_dist_m": 51.82672899654469, "step_dist_f": 170.03520556102367, "step_grade": -0.05981469523586333, "step_turn": 0.021192816615325683, "coast_speed_mps": 10.304434166011337, "coast_speed_mph": 23.050362755036073}, "geometry": {"type": "Point", "coordinates": [-122.51442, 37.83322]}}, {"id": "529", "type": "Feature", "properties": {"name": "easier marin headlands tour", "step": 529, "lat": 37.83322, "lon": -122.51478, "elevation_m": 19.3, "time": null, "elevation_f": 63.320212000000005, "step_elevation_m": -1.3999999999999986, "step_elevation_f": -4.593175999999993, "step_dist_m": 31.61581177102136, "step_dist_f": 103.72641989083772, "step_grade": -0.044281640153336826, "step_turn": 1.229312256825267, "coast_speed_mps": 10.238586407779696, "coast_speed_mph": 22.90306551489729}, "geometry": {"type": "Point", "coordinates": [-122.51478, 37.83322]}}, {"id": "530", "type": "Feature", "properties": {"name": "easier marin headlands tour", "step": 530, "lat": 37.83329, "lon": -122.51509, "elevation_m": 18.7, "time": null, "elevation_f": 61.351707999999995, "step_elevation_m": -0.6000000000000014, "step_elevation_f": -1.96850400000001, "step_dist_m": 28.315546501268027, "step_dist_f": 92.8987775832202, "step_grade": -0.021189772903487215, "step_turn": 15.955410590018914, "coast_speed_mps": 9.542570530487904, "coast_speed_mph": 21.3461223391372}, "geometry": {"type": "Point", "coordinates": [-122.51509, 37.83329]}}, {"id": "531", "type": "Feature", "properties": {"name": "easier marin headlands tour", "step": 531, "lat": 37.83351, "lon": -122.51544, "elevation_m": 19.0, "time": null, "elevation_f": 62.33596, "step_elevation_m": 0.3000000000000007, "step_elevation_f": 0.984252000000005, "step_dist_m": 39.283938310981256, "step_dist_f": 128.88431616819975, "step_grade": 0.007636708866232489, "step_turn": 22.55960381683093, "coast_speed_mps": 7.320198757639499, "coast_speed_mph": 16.374818266015325}, "geometry": {"type": "Point", "coordinates": [-122.51544, 37.83351]}}, {"id": "532", "type": "Feature", "properties": {"name": "easier marin headlands tour", "step": 532, "lat": 37.83376, "lon": -122.51575, "elevation_m": 20.6, "time": null, "elevation_f": 67.58530400000001, "step_elevation_m": 1.6000000000000014, "step_elevation_f": 5.249344000000008, "step_dist_m": 38.909470480110706, "step_dist_f": 127.6557471299664, "step_grade": 0.041121094177261314, "step_turn": 7.0828194094303285, "coast_speed_mps": 1.1261171465389679, "coast_speed_mph": 2.51905231419776}, "geometry": {"type": "Point", "coordinates": [-122.51575, 37.83376]}}, {"id": "533", "type": "Feature", "properties": {"name": "easier marin headlands tour", "step": 533, "lat": 37.83387, "lon": -122.51601, "elevation_m": 20.5, "time": null, "elevation_f": 67.25722, "step_elevation_m": -0.10000000000000142, "step_elevation_f": -0.32808400000000404, "step_dist_m": 25.903184387661323, "step_dist_f": 84.98420346641477, "step_grade": -0.003860529211521779, "step_turn": 17.420770899693537, "coast_speed_mps": 0.0, "coast_speed_mph": 0.0}, "geometry": {"type": "Point", "coordinates": [-122.51601, 37.83387]}}, {"id": "534", "type": "Feature", "properties": {"name": "easier marin headlands tour", "step": 534, "lat": 37.83395, "lon": -122.51633, "elevation_m": 19.0, "time": null, "elevation_f": 62.33596, "step_elevation_m": -1.5, "step_elevation_f": -4.921260000000004, "step_dist_m": 29.476978682705173, "step_dist_f": 96.70925074136645, "step_grade": -0.05088716914125547, "step_turn": 10.612465487351585, "coast_speed_mps": 4.980290496142027, "coast_speed_mph": 11.140592555793713}, "geometry": {"type": "Point", "coordinates": [-122.51633, 37.83395]}}, {"id": "535", "type": "Feature", "properties": {"name": "easier marin headlands tour", "step": 535, "lat": 37.83406, "lon": -122.51658, "elevation_m": 18.7, "time": null, "elevation_f": 61.351707999999995, "step_elevation_m": -0.3000000000000007, "step_elevation_f": -0.984252000000005, "step_dist_m": 25.13242116494338, "step_dist_f": 82.45545265479284, "step_grade": -0.011936772745893007, "step_turn": 11.557956493008476, "coast_speed_mps": 4.723794680702498, "coast_speed_mph": 10.566827757476943}, "geometry": {"type": "Point", "coordinates": [-122.51658, 37.83406]}}, {"id": "536", "type": "Feature", "properties": {"name": "easier marin headlands tour", "step": 536, "lat": 37.8342, "lon": -122.51679, "elevation_m": 19.5, "time": null, "elevation_f": 63.97638, "step_elevation_m": 0.8000000000000007, "step_elevation_f": 2.624672000000004, "step_dist_m": 24.13420855656685, "step_dist_f": 79.18047680072678, "step_grade": 0.03314796912129621, "step_turn": 11.045328560713585, "coast_speed_mps": 0.0, "coast_speed_mph": 0.0}, "geometry": {"type": "Point", "coordinates": [-122.51679, 37.8342]}}, {"id": "537", "type": "Feature", "properties": {"name": "easier marin headlands tour", "step": 537, "lat": 37.83429, "lon": -122.51701, "elevation_m": 19.4, "time": null, "elevation_f": 63.648295999999995, "step_elevation_m": -0.10000000000000142, "step_elevation_f": -0.32808400000000404, "step_dist_m": 21.75851224026592, "step_dist_f": 71.38619729835403, "step_grade": -0.004595902463172237, "step_turn": 12.78488740146247, "coast_speed_mps": 0.0, "coast_speed_mph": 0.0}, "geometry": {"type": "Point", "coordinates": [-122.51701, 37.83429]}}, {"id": "538", "type": "Feature", "properties": {"name": "easier marin headlands tour", "step": 538, "lat": 37.83445, "lon": -122.51765, "elevation_m": 18.6, "time": null, "elevation_f": 61.023624000000005, "step_elevation_m": -0.7999999999999972, "step_elevation_f": -2.6246719999999897, "step_dist_m": 58.95362324993845, "step_dist_f": 193.41740530332808, "step_grade": -0.01356998867751241, "step_turn": 9.818196726995211, "coast_speed_mps": 1.5590736154875648, "coast_speed_mph": 3.4875483524686004}, "geometry": {"type": "Point", "coordinates": [-122.51765, 37.83445]}}, {"id": "539", "type": "Feature", "properties": {"name": "easier marin headlands tour", "step": 539, "lat": 37.83451, "lon": -122.51774, "elevation_m": 18.7, "time": null, "elevation_f": 61.351707999999995, "step_elevation_m": 0.09999999999999787, "step_elevation_f": 0.32808399999998983, "step_dist_m": 10.343203585392734, "step_dist_f": 33.934396051099895, "step_grade": 0.009668184443475869, "step_turn": 22.60318131385958, "coast_speed_mps": 1.8300853682125622, "coast_speed_mph": 4.09378437771242}, "geometry": {"type": "Point", "coordinates": [-122.51774, 37.83451]}}, {"id": "540", "type": "Feature", "properties": {"name": "easier marin headlands tour", "step": 540, "lat": 37.8346, "lon": -122.51783, "elevation_m": 18.3, "time": null, "elevation_f": 60.039372, "step_elevation_m": -0.3999999999999986, "step_elevation_f": -1.3123359999999948, "step_dist_m": 12.75229924679256, "step_dist_f": 41.83825346084691, "step_grade": -0.03136689253121205, "step_turn": 11.53077967414248, "coast_speed_mps": 1.9857041799856028, "coast_speed_mph": 4.441893745493917}, "geometry": {"type": "Point", "coordinates": [-122.51783, 37.8346]}}, {"id": "541", "type": "Feature", "properties": {"name": "easier marin headlands tour", "step": 541, "lat": 37.8347, "lon": -122.51786, "elevation_m": 18.2, "time": null, "elevation_f": 59.711287999999996, "step_elevation_m": -0.10000000000000142, "step_elevation_f": -0.32808400000000404, "step_dist_m": 11.427345877362118, "step_dist_f": 37.49129344828473, "step_grade": -0.008750938413276186, "step_turn": 24.971554284255262, "coast_speed_mps": 2.5427111440445986, "coast_speed_mph": 5.6878828383245255}, "geometry": {"type": "Point", "coordinates": [-122.51786, 37.8347]}}, {"id": "542", "type": "Feature", "properties": {"name": "easier marin headlands tour", "step": 542, "lat": 37.83486, "lon": -122.51791, "elevation_m": 16.4, "time": null, "elevation_f": 53.805775999999994, "step_elevation_m": -1.8000000000000007, "step_elevation_f": -5.905512000000002, "step_dist_m": 18.325042744835986, "step_dist_f": 60.1215332389677, "step_grade": -0.09822623745351111, "step_turn": 0.5343463273441671, "coast_speed_mps": 6.169526292447607, "coast_speed_mph": 13.800837268359878}, "geometry": {"type": "Point", "coordinates": [-122.51791, 37.83486]}}, {"id": "543", "type": "Feature", "properties": {"name": "easier marin headlands tour", "step": 543, "lat": 37.83501, "lon": -122.51793, "elevation_m": 14.1, "time": null, "elevation_f": 46.259844, "step_elevation_m": -2.299999999999999, "step_elevation_f": -7.545931999999993, "step_dist_m": 16.771461785446803, "step_dist_f": 55.02448268416529, "step_grade": -0.13713771819197007, "step_turn": 7.8525992936426405, "coast_speed_mps": 8.718926773944483, "coast_speed_mph": 19.503683728401203}, "geometry": {"type": "Point", "coordinates": [-122.51793, 37.83501]}}, {"id": "544", "type": "Feature", "properties": {"name": "easier marin headlands tour", "step": 544, "lat": 37.83518, "lon": -122.51792, "elevation_m": 11.7, "time": null, "elevation_f": 38.385828, "step_elevation_m": -2.4000000000000004, "step_elevation_f": -7.874016000000005, "step_dist_m": 18.923525949652067, "step_dist_f": 62.085060876656485, "step_grade": -0.1268262588264703, "step_turn": 8.67123262943278, "coast_speed_mps": 10.713388025697315, "coast_speed_mph": 23.965166485543357}, "geometry": {"type": "Point", "coordinates": [-122.51792, 37.83518]}}, {"id": "545", "type": "Feature", "properties": {"name": "easier marin headlands tour", "step": 545, "lat": 37.83523, "lon": -122.51801, "elevation_m": 10.1, "time": null, "elevation_f": 33.136483999999996, "step_elevation_m": -1.5999999999999996, "step_elevation_f": -5.249344000000001, "step_dist_m": 9.663327050265078, "step_dist_f": 31.70382991959168, "step_grade": -0.16557444363389415, "step_turn": 57.53608981246458, "coast_speed_mps": 11.386356454019149, "coast_speed_mph": 25.47055398626328}, "geometry": {"type": "Point", "coordinates": [-122.51801, 37.83523]}}, {"id": "546", "type": "Feature", "properties": {"name": "easier marin headlands tour", "step": 546, "lat": 37.83529, "lon": -122.51809, "elevation_m": 9.2, "time": null, "elevation_f": 30.183728, "step_elevation_m": -0.9000000000000004, "step_elevation_f": -2.9527559999999973, "step_dist_m": 9.688640667612585, "step_dist_f": 31.786879847930074, "step_grade": -0.09289228808005455, "step_turn": 8.396389614958139, "coast_speed_mps": 11.687059524218958, "coast_speed_mph": 26.143207597125414}, "geometry": {"type": "Point", "coordinates": [-122.51809, 37.83529]}}, {"id": "547", "type": "Feature", "properties": {"name": "easier marin headlands tour", "step": 547, "lat": 37.83528, "lon": -122.51818, "elevation_m": 9.2, "time": null, "elevation_f": 30.183728, "step_elevation_m": 0.0, "step_elevation_f": 0.0, "step_dist_m": 7.981566643094411, "step_dist_f": 26.18624310532987, "step_grade": 0.0, "step_turn": 51.528372523082396, "coast_speed_mps": 11.522939766330547, "coast_speed_mph": 25.776082154461644}, "geometry": {"type": "Point", "coordinates": [-122.51818, 37.83528]}}, {"id": "548", "type": "Feature", "properties": {"name": "easier marin headlands tour", "step": 548, "lat": 37.83526, "lon": -122.51832, "elevation_m": 9.1, "time": null, "elevation_f": 29.855643999999998, "step_elevation_m": -0.09999999999999964, "step_elevation_f": -0.3280840000000005, "step_dist_m": 12.494209900402291, "step_dist_f": 40.99150360963585, "step_grade": -0.008003707381030938, "step_turn": 2.244750974533531, "coast_speed_mps": 10.978188242274019, "coast_speed_mph": 24.557507700147653}, "geometry": {"type": "Point", "coordinates": [-122.51832, 37.83526]}}, {"id": "549", "type": "Feature", "properties": {"name": "easier marin headlands tour", "step": 549, "lat": 37.83527, "lon": -122.51846, "elevation_m": 9.0, "time": null, "elevation_f": 29.52756, "step_elevation_m": -0.09999999999999964, "step_elevation_f": -0.32808399999999693, "step_dist_m": 12.344877802398518, "step_dist_f": 40.501568889221154, "step_grade": -0.008100525707963702, "step_turn": 15.420806097472564, "coast_speed_mps": 10.486146908749143, "coast_speed_mph": 23.456842583995016}, "geometry": {"type": "Point", "coordinates": [-122.51846, 37.83527]}}, {"id": "550", "type": "Feature", "properties": {"name": "easier marin headlands tour", "step": 550, "lat": 37.8354, "lon": -122.51897, "elevation_m": 9.9, "time": null, "elevation_f": 32.480316, "step_elevation_m": 0.9000000000000004, "step_elevation_f": 2.952756000000001, "step_dist_m": 47.06274899391397, "step_dist_f": 154.40534940919272, "step_grade": 0.019123404799757573, "step_turn": 12.719846191257545, "coast_speed_mps": 6.937985768604361, "coast_speed_mph": 15.519832159548034}, "geometry": {"type": "Point", "coordinates": [-122.51897, 37.8354]}}, {"id": "551", "type": "Feature", "properties": {"name": "easier marin headlands tour", "step": 551, "lat": 37.83493, "lon": -122.5193, "elevation_m": 9.7, "time": null, "elevation_f": 31.824147999999997, "step_elevation_m": -0.20000000000000107, "step_elevation_f": -0.6561680000000045, "step_dist_m": 59.759014817673865, "step_dist_f": 196.05976617441712, "step_grade": -0.0033467753879511852, "step_turn": 78.87815262882884, "coast_speed_mps": 2.9107608896022814, "coast_speed_mph": 6.511186671443894}, "geometry": {"type": "Point", "coordinates": [-122.5193, 37.83493]}}, {"id": "552", "type": "Feature", "properties": {"name": "easier marin headlands tour", "step": 552, "lat": 37.83486, "lon": -122.5194, "elevation_m": 10.5, "time": null, "elevation_f": 34.44882, "step_elevation_m": 0.8000000000000007, "step_elevation_f": 2.6246720000000003, "step_dist_m": 11.734910910759824, "step_dist_f": 38.50036511245726, "step_grade": 0.0681726521900115, "step_turn": 19.439200217237925, "coast_speed_mps": 1.9979410250844079, "coast_speed_mph": 4.469266788395682}, "geometry": {"type": "Point", "coordinates": [-122.5194, 37.83486]}}, {"id": "553", "type": "Feature", "properties": {"name": "easier marin headlands tour", "step": 553, "lat": 37.83449, "lon": -122.51992, "elevation_m": 11.1, "time": null, "elevation_f": 36.417324, "step_elevation_m": 0.5999999999999996, "step_elevation_f": 1.968504000000003, "step_dist_m": 61.466192427626034, "step_dist_f": 201.6607427642526, "step_grade": 0.009761463599790658, "step_turn": 0.4652010483634683, "coast_speed_mps": 0.0, "coast_speed_mph": 0.0}, "geometry": {"type": "Point", "coordinates": [-122.51992, 37.83449]}}, {"id": "554", "type": "Feature", "properties": {"name": "easier marin headlands tour", "step": 554, "lat": 37.83442, "lon": -122.52001, "elevation_m": 11.2, "time": null, "elevation_f": 36.745408, "step_elevation_m": 0.09999999999999964, "step_elevation_f": 0.32808399999999693, "step_dist_m": 11.09303871603474, "step_dist_f": 36.39448514111542, "step_grade": 0.009014662488777928, "step_turn": 2.5446443498898077, "coast_speed_mps": 0.0, "coast_speed_mph": 0.0}, "geometry": {"type": "Point", "coordinates": [-122.52001, 37.83442]}}, {"id": "555", "type": "Feature", "properties": {"name": "easier marin headlands tour", "step": 555, "lat": 37.83442, "lon": -122.52001, "elevation_m": 11.2, "time": null, "elevation_f": 36.745408, "step_elevation_m": 0.0, "step_elevation_f": 0.0, "step_dist_m": 0.0, "step_dist_f": 0.0, "step_grade": null, "step_turn": null, "coast_speed_mps": 0.0, "coast_speed_mph": 0.0}, "geometry": {"type": "Point", "coordinates": [-122.52001, 37.83442]}}, {"id": "556", "type": "Feature", "properties": {"name": "easier marin headlands tour", "step": 556, "lat": 37.83438, "lon": -122.52006, "elevation_m": 11.4, "time": null, "elevation_f": 37.401576, "step_elevation_m": 0.20000000000000107, "step_elevation_f": 0.656168000000001, "step_dist_m": 6.2501127302499535, "step_dist_f": 20.505619849913256, "step_grade": 0.031999422831530705, "step_turn": null, "coast_speed_mps": 0.0, "coast_speed_mph": 0.0}, "geometry": {"type": "Point", "coordinates": [-122.52006, 37.83438]}}, {"id": "557", "type": "Feature", "properties": {"name": "easier marin headlands tour", "step": 557, "lat": 37.8341, "lon": -122.52033, "elevation_m": 11.8, "time": null, "elevation_f": 38.713912, "step_elevation_m": 0.40000000000000036, "step_elevation_f": 1.312336000000002, "step_dist_m": 39.13564539455153, "step_dist_f": 128.39779083626044, "step_grade": 0.010220861211495146, "step_turn": 7.339617028330736, "coast_speed_mps": 0.0, "coast_speed_mph": 0.0}, "geometry": {"type": "Point", "coordinates": [-122.52033, 37.8341]}}, {"id": "558", "type": "Feature", "properties": {"name": "easier marin headlands tour", "step": 558, "lat": 37.83392, "lon": -122.52048, "elevation_m": 11.3, "time": null, "elevation_f": 37.073492, "step_elevation_m": -0.5, "step_elevation_f": -1.6404199999999989, "step_dist_m": 23.961106565295527, "step_dist_f": 78.61255686368418, "step_grade": -0.020867149797004093, "step_turn": 3.940995516200843, "coast_speed_mps": 1.2344337293131855, "coast_speed_mph": 2.761349609236722}, "geometry": {"type": "Point", "coordinates": [-122.52048, 37.83392]}}, {"id": "559", "type": "Feature", "properties": {"name": "easier marin headlands tour", "step": 559, "lat": 37.83389, "lon": -122.52054, "elevation_m": 11.3, "time": null, "elevation_f": 37.073492, "step_elevation_m": 0.0, "step_elevation_f": 0.0, "step_dist_m": 6.236417891534875, "step_dist_f": 20.460689275263277, "step_grade": 0.0, "step_turn": 24.311692323602642, "coast_speed_mps": 1.361211739198771, "coast_speed_mph": 3.04494394058422}, "geometry": {"type": "Point", "coordinates": [-122.52054, 37.83389]}}, {"id": "560", "type": "Feature", "properties": {"name": "easier marin headlands tour", "step": 560, "lat": 37.83388, "lon": -122.5206, "elevation_m": 11.4, "time": null, "elevation_f": 37.401576, "step_elevation_m": 0.09999999999999964, "step_elevation_f": 0.32808399999999693, "step_dist_m": 5.3853016425262545, "step_dist_f": 17.668313040865836, "step_grade": 0.018569061983515833, "step_turn": 20.42093242138941, "coast_speed_mps": 1.4575539524663848, "coast_speed_mph": 3.26045533389939}, "geometry": {"type": "Point", "coordinates": [-122.5206, 37.83388]}}, {"id": "561", "type": "Feature", "properties": {"name": "easier marin headlands tour", "step": 561, "lat": 37.83396, "lon": -122.52081, "elevation_m": 11.9, "time": null, "elevation_f": 39.041996, "step_elevation_m": 0.5, "step_elevation_f": 1.6404199999999989, "step_dist_m": 20.47566957259407, "step_dist_f": 67.17739576054953, "step_grade": 0.024419225863521042, "step_turn": 37.66622527390797, "coast_speed_mps": 0.0, "coast_speed_mph": 0.0}, "geometry": {"type": "Point", "coordinates": [-122.52081, 37.83396]}}, {"id": "562", "type": "Feature", "properties": {"name": "easier marin headlands tour", "step": 562, "lat": 37.83398, "lon": -122.52094, "elevation_m": 11.9, "time": null, "elevation_f": 39.041996, "step_elevation_m": 0.0, "step_elevation_f": 0.0, "step_dist_m": 11.631288595942241, "step_dist_f": 38.16039687711114, "step_grade": 0.0, "step_turn": 14.727334414075415, "coast_speed_mps": 0.0, "coast_speed_mph": 0.0}, "geometry": {"type": "Point", "coordinates": [-122.52094, 37.83398]}}, {"id": "563", "type": "Feature", "properties": {"name": "easier marin headlands tour", "step": 563, "lat": 37.83403, "lon": -122.52134, "elevation_m": 10.9, "time": null, "elevation_f": 35.761156, "step_elevation_m": -1.0, "step_elevation_f": -3.2808399999999978, "step_dist_m": 35.56555439462621, "step_dist_f": 116.68489348006545, "step_grade": -0.02811709298565286, "step_turn": 2.0291345543073476, "coast_speed_mps": 4.302642410917207, "coast_speed_mph": 9.62473696071314}, "geometry": {"type": "Point", "coordinates": [-122.52134, 37.83403]}}, {"id": "564", "type": "Feature", "properties": {"name": "easier marin headlands tour", "step": 564, "lat": 37.83405, "lon": -122.52146, "elevation_m": 10.3, "time": null, "elevation_f": 33.792652000000004, "step_elevation_m": -0.5999999999999996, "step_elevation_f": -1.9685039999999958, "step_dist_m": 10.770581625176309, "step_dist_f": 35.33655501914344, "step_grade": -0.05570729797892209, "step_turn": 2.922417571430856, "coast_speed_mps": 4.7661811499125, "coast_speed_mph": 10.661643588744843}, "geometry": {"type": "Point", "coordinates": [-122.52146, 37.83405]}}, {"id": "565", "type": "Feature", "properties": {"name": "easier marin headlands tour", "step": 565, "lat": 37.83408, "lon": -122.52155, "elevation_m": 10.0, "time": null, "elevation_f": 32.8084, "step_elevation_m": -0.3000000000000007, "step_elevation_f": -0.984252000000005, "step_dist_m": 8.578981385275345, "step_dist_f": 28.14626528806676, "step_grade": -0.03496918649513681, "step_turn": 10.966216875798239, "coast_speed_mps": 5.031440778358571, "coast_speed_mph": 11.255012478432725}, "geometry": {"type": "Point", "coordinates": [-122.52155, 37.83408]}}, {"id": "566", "type": "Feature", "properties": {"name": "easier marin headlands tour", "step": 566, "lat": 37.83412, "lon": -122.52164, "elevation_m": 10.0, "time": null, "elevation_f": 32.8084, "step_elevation_m": 0.0, "step_elevation_f": 0.0, "step_dist_m": 9.069392511535144, "step_dist_f": 29.75522572754496, "step_grade": 0.0, "step_turn": 6.485770268748865, "coast_speed_mps": 5.028410189620677, "coast_speed_mph": 11.248233244498639}, "geometry": {"type": "Point", "coordinates": [-122.52164, 37.83412]}}, {"id": "567", "type": "Feature", "properties": {"name": "easier marin headlands tour", "step": 567, "lat": 37.83424, "lon": -122.52181, "elevation_m": 9.7, "time": null, "elevation_f": 31.824147999999997, "step_elevation_m": -0.3000000000000007, "step_elevation_f": -0.9842520000000015, "step_dist_m": 20.023383786899768, "step_dist_f": 65.69351846341223, "step_grade": -0.014982482640934781, "step_turn": 12.421021788591304, "coast_speed_mps": 4.918976271818261, "coast_speed_mph": 11.003436542184716}, "geometry": {"type": "Point", "coordinates": [-122.52181, 37.83424]}}, {"id": "568", "type": "Feature", "properties": {"name": "easier marin headlands tour", "step": 568, "lat": 37.83427, "lon": -122.52189, "elevation_m": 9.6, "time": null, "elevation_f": 31.496063999999997, "step_elevation_m": -0.09999999999999964, "step_elevation_f": -0.3280840000000005, "step_dist_m": 7.777368527981027, "step_dist_f": 25.51630176134127, "step_grade": -0.012857819407711574, "step_turn": 16.390243115246903, "coast_speed_mps": 4.8702924906157925, "coast_speed_mph": 10.894534025178478}, "geometry": {"type": "Point", "coordinates": [-122.52189, 37.83427]}}, {"id": "569", "type": "Feature", "properties": {"name": "easier marin headlands tour", "step": 569, "lat": 37.83428, "lon": -122.52199, "elevation_m": 9.5, "time": null, "elevation_f": 31.16798, "step_elevation_m": -0.09999999999999964, "step_elevation_f": -0.32808399999999693, "step_dist_m": 8.852159857308395, "step_dist_f": 29.042520146251675, "step_grade": -0.011296678055066872, "step_turn": 18.182685726261354, "coast_speed_mps": 4.641523547535051, "coast_speed_mph": 10.38279247390624}, "geometry": {"type": "Point", "coordinates": [-122.52199, 37.83428]}}, {"id": "570", "type": "Feature", "properties": {"name": "easier marin headlands tour", "step": 570, "lat": 37.83427, "lon": -122.52208, "elevation_m": 9.6, "time": null, "elevation_f": 31.496063999999997, "step_elevation_m": 0.09999999999999964, "step_elevation_f": 0.32808399999999693, "step_dist_m": 7.981673796258473, "step_dist_f": 26.18659465771665, "step_grade": 0.01252870043960906, "step_turn": 15.22426166895383, "coast_speed_mps": 4.36678956636475, "coast_speed_mph": 9.768230060765804}, "geometry": {"type": "Point", "coordinates": [-122.52208, 37.83427]}}, {"id": "571", "type": "Feature", "properties": {"name": "easier marin headlands tour", "step": 571, "lat": 37.83422, "lon": -122.52231, "elevation_m": 9.9, "time": null, "elevation_f": 32.480316, "step_elevation_m": 0.3000000000000007, "step_elevation_f": 0.984252000000005, "step_dist_m": 20.949908685694794, "step_dist_f": 68.73329841237491, "step_grade": 0.014319871484922005, "step_turn": 7.3815772148569465, "coast_speed_mps": 3.045762917795679, "coast_speed_mph": 6.813177607810656}, "geometry": {"type": "Point", "coordinates": [-122.52231, 37.83422]}}, {"id": "572", "type": "Feature", "properties": {"name": "easier marin headlands tour", "step": 572, "lat": 37.83417, "lon": -122.52244, "elevation_m": 9.9, "time": null, "elevation_f": 32.480316, "step_elevation_m": 0.0, "step_elevation_f": 0.0, "step_dist_m": 12.698469750814146, "step_dist_f": 41.661647497261086, "step_grade": 0.0, "step_turn": 10.575712542658295, "coast_speed_mps": 2.055484447780519, "coast_speed_mph": 4.59798775899364}, "geometry": {"type": "Point", "coordinates": [-122.52244, 37.83417]}}, {"id": "573", "type": "Feature", "properties": {"name": "easier marin headlands tour", "step": 573, "lat": 37.83409, "lon": -122.5226, "elevation_m": 9.7, "time": null, "elevation_f": 31.824147999999997, "step_elevation_m": -0.20000000000000107, "step_elevation_f": -0.6561680000000045, "step_dist_m": 16.630411499166243, "step_dist_f": 54.561719262924576, "step_grade": -0.01202616062807754, "step_turn": 6.371683277756603, "coast_speed_mps": 2.244847852986558, "coast_speed_mph": 5.021581632486031}, "geometry": {"type": "Point", "coordinates": [-122.5226, 37.83409]}}, {"id": "574", "type": "Feature", "properties": {"name": "easier marin headlands tour", "step": 574, "lat": 37.83393, "lon": -122.52287, "elevation_m": 9.8, "time": null, "elevation_f": 32.152232000000005, "step_elevation_m": 0.10000000000000142, "step_elevation_f": 0.3280840000000076, "step_dist_m": 29.643997500477774, "step_dist_f": 97.25721275946749, "step_grade": 0.003373364202934834, "step_turn": 4.544359835199856, "coast_speed_mps": 0.0, "coast_speed_mph": 0.0}, "geometry": {"type": "Point", "coordinates": [-122.52287, 37.83393]}}, {"id": "575", "type": "Feature", "properties": {"name": "easier marin headlands tour", "step": 575, "lat": 37.83356, "lon": -122.52363, "elevation_m": 7.8, "time": null, "elevation_f": 25.590552, "step_elevation_m": -2.000000000000001, "step_elevation_f": -6.561680000000006, "step_dist_m": 78.40559941229512, "step_dist_f": 257.2362267758343, "step_grade": -0.025508382245546257, "step_turn": 5.231249316477488, "coast_speed_mps": 5.189745380675836, "coast_speed_mph": 11.609129788555455}, "geometry": {"type": "Point", "coordinates": [-122.52363, 37.83356]}}, {"id": "576", "type": "Feature", "properties": {"name": "easier marin headlands tour", "step": 576, "lat": 37.83344, "lon": -122.52393, "elevation_m": 7.4, "time": null, "elevation_f": 24.278216, "step_elevation_m": -0.39999999999999947, "step_elevation_f": -1.3123359999999984, "step_dist_m": 29.532683572777323, "step_dist_f": 96.89200957291075, "step_grade": -0.013544316046128366, "step_turn": 4.789860393271908, "coast_speed_mps": 4.949037372370844, "coast_speed_mph": 11.070681308989887}, "geometry": {"type": "Point", "coordinates": [-122.52393, 37.83344]}}, {"id": "577", "type": "Feature", "properties": {"name": "easier marin headlands tour", "step": 577, "lat": 37.83317, "lon": -122.52478, "elevation_m": 8.2, "time": null, "elevation_f": 26.902887999999997, "step_elevation_m": 0.7999999999999989, "step_elevation_f": 2.624671999999997, "step_dist_m": 80.45952860801219, "step_dist_f": 263.97483983831074, "step_grade": 0.009942886987288844, "step_turn": 4.951168084408266, "coast_speed_mps": 0.0, "coast_speed_mph": 0.0}, "geometry": {"type": "Point", "coordinates": [-122.52478, 37.83317]}}, {"id": "578", "type": "Feature", "properties": {"name": "easier marin headlands tour", "step": 578, "lat": 37.8331, "lon": -122.52505, "elevation_m": 8.0, "time": null, "elevation_f": 26.24672, "step_elevation_m": -0.1999999999999993, "step_elevation_f": -0.6561679999999974, "step_dist_m": 24.95673600552673, "step_dist_f": 81.87905775637232, "step_grade": -0.00801386847846244, "step_turn": 3.7362946115546833, "coast_speed_mps": 0.0824058042404205, "coast_speed_mph": 0.18433653418132698}, "geometry": {"type": "Point", "coordinates": [-122.52505, 37.8331]}}, {"id": "579", "type": "Feature", "properties": {"name": "easier marin headlands tour", "step": 579, "lat": 37.8331, "lon": -122.52505, "elevation_m": 8.0, "time": null, "elevation_f": 26.24672, "step_elevation_m": 0.0, "step_elevation_f": 0.0, "step_dist_m": 0.0, "step_dist_f": 0.0, "step_grade": null, "step_turn": null, "coast_speed_mps": 0.0824058042404205, "coast_speed_mph": 0.18433653418132698}, "geometry": {"type": "Point", "coordinates": [-122.52505, 37.8331]}}, {"id": "580", "type": "Feature", "properties": {"name": "easier marin headlands tour", "step": 580, "lat": 37.83292, "lon": -122.52566, "elevation_m": 7.0, "time": null, "elevation_f": 22.96588, "step_elevation_m": -1.0, "step_elevation_f": -3.2808400000000013, "step_dist_m": 57.18826303780639, "step_dist_f": 187.6255409049567, "step_grade": -0.017486105485297106, "step_turn": null, "coast_speed_mps": 3.263090704993438, "coast_speed_mph": 7.299326022265198}, "geometry": {"type": "Point", "coordinates": [-122.52566, 37.83292]}}, {"id": "581", "type": "Feature", "properties": {"name": "easier marin headlands tour", "step": 581, "lat": 37.8329, "lon": -122.52588, "elevation_m": 7.5, "time": null, "elevation_f": 24.6063, "step_elevation_m": 0.5, "step_elevation_f": 1.6404200000000024, "step_dist_m": 19.44842318264992, "step_dist_f": 63.80716471456516, "step_grade": 0.025709025112434496, "step_turn": 13.920283766824639, "coast_speed_mps": 0.0, "coast_speed_mph": 0.0}, "geometry": {"type": "Point", "coordinates": [-122.52588, 37.8329]}}, {"id": "582", "type": "Feature", "properties": {"name": "easier marin headlands tour", "step": 582, "lat": 37.8329, "lon": -122.52604, "elevation_m": 7.9, "time": null, "elevation_f": 25.918636, "step_elevation_m": 0.40000000000000036, "step_elevation_f": 1.3123359999999984, "step_dist_m": 14.051532844633181, "step_dist_f": 46.10083101798632, "step_grade": 0.028466645199692622, "step_turn": 6.566032087980261, "coast_speed_mps": 0.0, "coast_speed_mph": 0.0}, "geometry": {"type": "Point", "coordinates": [-122.52604, 37.8329]}}, {"id": "583", "type": "Feature", "properties": {"name": "easier marin headlands tour", "step": 583, "lat": 37.8329, "lon": -122.52626, "elevation_m": 7.9, "time": null, "elevation_f": 25.918636, "step_elevation_m": 0.0, "step_elevation_f": 0.0, "step_dist_m": 19.320857662206482, "step_dist_f": 63.388642652473514, "step_grade": 0.0, "step_turn": 1.8400700184884045e-05, "coast_speed_mps": 0.0, "coast_speed_mph": 0.0}, "geometry": {"type": "Point", "coordinates": [-122.52626, 37.8329]}}, {"id": "584", "type": "Feature", "properties": {"name": "easier marin headlands tour", "step": 584, "lat": 37.83287, "lon": -122.52636, "elevation_m": 7.7, "time": null, "elevation_f": 25.262468000000002, "step_elevation_m": -0.20000000000000018, "step_elevation_f": -0.6561679999999974, "step_dist_m": 9.394418009428893, "step_dist_f": 30.82158238205469, "step_grade": -0.02128923790694285, "step_turn": 20.798892193223878, "coast_speed_mps": 0.0, "coast_speed_mph": 0.0}, "geometry": {"type": "Point", "coordinates": [-122.52636, 37.83287]}}, {"id": "585", "type": "Feature", "properties": {"name": "easier marin headlands tour", "step": 585, "lat": 37.83284, "lon": -122.52641, "elevation_m": 7.8, "time": null, "elevation_f": 25.590552, "step_elevation_m": 0.09999999999999964, "step_elevation_f": 0.32808399999999693, "step_dist_m": 5.514498936666556, "step_dist_f": 18.092188691373106, "step_grade": 0.018134013833076983, "step_turn": 16.424468457650164, "coast_speed_mps": 0.0, "coast_speed_mph": 0.0}, "geometry": {"type": "Point", "coordinates": [-122.52641, 37.83284]}}, {"id": "586", "type": "Feature", "properties": {"name": "easier marin headlands tour", "step": 586, "lat": 37.83279, "lon": -122.52647, "elevation_m": 7.8, "time": null, "elevation_f": 25.590552, "step_elevation_m": 0.0, "step_elevation_f": 0.0, "step_dist_m": 7.6600670547313, "step_dist_f": 25.13145439584464, "step_grade": 0.0, "step_turn": 9.312885037641337, "coast_speed_mps": 0.0, "coast_speed_mph": 0.0}, "geometry": {"type": "Point", "coordinates": [-122.52647, 37.83279]}}, {"id": "587", "type": "Feature", "properties": {"name": "easier marin headlands tour", "step": 587, "lat": 37.83278, "lon": -122.52653, "elevation_m": 8.0, "time": null, "elevation_f": 26.24672, "step_elevation_m": 0.20000000000000018, "step_elevation_f": 0.656168000000001, "step_dist_m": 5.385378516277583, "step_dist_f": 17.668565251344145, "step_grade": 0.0371375938377386, "step_turn": 34.62030362691408, "coast_speed_mps": 0.0, "coast_speed_mph": 0.0}, "geometry": {"type": "Point", "coordinates": [-122.52653, 37.83278]}}, {"id": "588", "type": "Feature", "properties": {"name": "easier marin headlands tour", "step": 588, "lat": 37.83274, "lon": -122.5266, "elevation_m": 7.9, "time": null, "elevation_f": 25.918636, "step_elevation_m": -0.09999999999999964, "step_elevation_f": -0.3280840000000005, "step_dist_m": 7.587842862671676, "step_dist_f": 24.89449837756774, "step_grade": -0.01317897613456767, "step_turn": 23.9700830797872, "coast_speed_mps": 0.0, "coast_speed_mph": 0.0}, "geometry": {"type": "Point", "coordinates": [-122.5266, 37.83274]}}, {"id": "589", "type": "Feature", "properties": {"name": "easier marin headlands tour", "step": 589, "lat": 37.83254, "lon": -122.52664, "elevation_m": 6.7, "time": null, "elevation_f": 21.981628, "step_elevation_m": -1.2000000000000002, "step_elevation_f": -3.9370079999999987, "step_dist_m": 22.51472637865637, "step_dist_f": 73.86721489215097, "step_grade": -0.05329844919357237, "step_turn": 45.137691116013, "coast_speed_mps": 4.372875598061944, "coast_speed_mph": 9.78184412594385}, "geometry": {"type": "Point", "coordinates": [-122.52664, 37.83254]}}, {"id": "590", "type": "Feature", "properties": {"name": "easier marin headlands tour", "step": 590, "lat": 37.8325, "lon": -122.52666, "elevation_m": 6.5, "time": null, "elevation_f": 21.32546, "step_elevation_m": -0.20000000000000018, "step_elevation_f": -0.656168000000001, "step_dist_m": 4.782051612654519, "step_dist_f": 15.689146212861452, "step_grade": -0.04182305340886525, "step_turn": 12.572892147996129, "coast_speed_mps": 4.48817629196721, "coast_speed_mph": 10.039764432639595}, "geometry": {"type": "Point", "coordinates": [-122.52666, 37.8325]}}, {"id": "591", "type": "Feature", "properties": {"name": "easier marin headlands tour", "step": 591, "lat": 37.83254, "lon": -122.52678, "elevation_m": 6.9, "time": null, "elevation_f": 22.637796, "step_elevation_m": 0.40000000000000036, "step_elevation_f": 1.312336000000002, "step_dist_m": 11.438845173315025, "step_dist_f": 37.52902079841887, "step_grade": 0.034968564915375866, "step_turn": 91.3326795720659, "coast_speed_mps": 3.7341007987281327, "coast_speed_mph": 8.352945594864282}, "geometry": {"type": "Point", "coordinates": [-122.52678, 37.83254]}}, {"id": "592", "type": "Feature", "properties": {"name": "easier marin headlands tour", "step": 592, "lat": 37.83257, "lon": -122.52699, "elevation_m": 7.9, "time": null, "elevation_f": 25.918636, "step_elevation_m": 1.0, "step_elevation_f": 3.2808399999999978, "step_dist_m": 18.741982708872047, "step_dist_f": 61.48944655057577, "step_grade": 0.053356147827765404, "step_turn": 12.629270836921762, "coast_speed_mps": 0.0, "coast_speed_mph": 0.0}, "geometry": {"type": "Point", "coordinates": [-122.52699, 37.83257]}}, {"id": "593", "type": "Feature", "properties": {"name": "easier marin headlands tour", "step": 593, "lat": 37.83257, "lon": -122.5272, "elevation_m": 8.7, "time": null, "elevation_f": 28.543307999999996, "step_elevation_m": 0.7999999999999989, "step_elevation_f": 2.624671999999997, "step_dist_m": 18.442719349791187, "step_dist_f": 60.50761135156892, "step_grade": 0.04337755104477349, "step_turn": 10.252587693456348, "coast_speed_mps": 0.0, "coast_speed_mph": 0.0}, "geometry": {"type": "Point", "coordinates": [-122.5272, 37.83257]}}, {"id": "594", "type": "Feature", "properties": {"name": "easier marin headlands tour", "step": 594, "lat": 37.83255, "lon": -122.52731, "elevation_m": 8.7, "time": null, "elevation_f": 28.543307999999996, "step_elevation_m": 0.0, "step_elevation_f": 0.0, "step_dist_m": 9.91314632594654, "step_dist_f": 32.52344699201845, "step_grade": 0.0, "step_turn": 12.964002370664502, "coast_speed_mps": 0.0, "coast_speed_mph": 0.0}, "geometry": {"type": "Point", "coordinates": [-122.52731, 37.83255]}}, {"id": "595", "type": "Feature", "properties": {"name": "easier marin headlands tour", "step": 595, "lat": 37.83248, "lon": -122.52762, "elevation_m": 8.6, "time": null, "elevation_f": 28.215224, "step_elevation_m": -0.09999999999999964, "step_elevation_f": -0.32808399999999693, "step_dist_m": 28.315809047940867, "step_dist_f": 92.89963895684632, "step_grade": -0.0035315960716747266, "step_turn": 2.991240998495215, "coast_speed_mps": 0.0, "coast_speed_mph": 0.0}, "geometry": {"type": "Point", "coordinates": [-122.52762, 37.83248]}}, {"id": "596", "type": "Feature", "properties": {"name": "easier marin headlands tour", "step": 596, "lat": 37.83239, "lon": -122.52795, "elevation_m": 9.1, "time": null, "elevation_f": 29.855643999999998, "step_elevation_m": 0.5, "step_elevation_f": 1.6404199999999989, "step_dist_m": 30.66066664525997, "step_dist_f": 100.59274155643472, "step_grade": 0.01630753844281785, "step_turn": 3.094940854260159, "coast_speed_mps": 0.0, "coast_speed_mph": 0.0}, "geometry": {"type": "Point", "coordinates": [-122.52795, 37.83239]}}, {"id": "597", "type": "Feature", "properties": {"name": "easier marin headlands tour", "step": 597, "lat": 37.83231, "lon": -122.52824, "elevation_m": 9.1, "time": null, "elevation_f": 29.855643999999998, "step_elevation_m": 0.0, "step_elevation_f": 0.0, "step_dist_m": 26.977413360508685, "step_dist_f": 88.50857684969131, "step_grade": 0.0, "step_turn": 0.2029256986406267, "coast_speed_mps": 0.0, "coast_speed_mph": 0.0}, "geometry": {"type": "Point", "coordinates": [-122.52824, 37.83231]}}, {"id": "598", "type": "Feature", "properties": {"name": "easier marin headlands tour", "step": 598, "lat": 37.83209, "lon": -122.52883, "elevation_m": 9.4, "time": null, "elevation_f": 30.839896, "step_elevation_m": 0.3000000000000007, "step_elevation_f": 0.9842520000000015, "step_dist_m": 57.29991879532303, "step_dist_f": 187.9918655804476, "step_grade": 0.005235609514065969, "step_turn": 6.019472444624029, "coast_speed_mps": 0.0, "coast_speed_mph": 0.0}, "geometry": {"type": "Point", "coordinates": [-122.52883, 37.83209]}}, {"id": "599", "type": "Feature", "properties": {"name": "easier marin headlands tour", "step": 599, "lat": 37.83203, "lon": -122.52903, "elevation_m": 14.3, "time": null, "elevation_f": 46.916012, "step_elevation_m": 4.9, "step_elevation_f": 16.076116000000003, "step_dist_m": 18.78901963081311, "step_dist_f": 61.64376716555689, "step_grade": 0.26079061581074886, "step_turn": 4.473936588230885, "coast_speed_mps": 0.0, "coast_speed_mph": 0.0}, "geometry": {"type": "Point", "coordinates": [-122.52903, 37.83203]}}, {"id": "600", "type": "Feature", "properties": {"name": "easier marin headlands tour", "step": 600, "lat": 37.83199, "lon": -122.52923, "elevation_m": 17.5, "time": null, "elevation_f": 57.414699999999996, "step_elevation_m": 3.1999999999999993, "step_elevation_f": 10.498687999999994, "step_dist_m": 18.11902462263111, "step_dist_f": 59.44562074291305, "step_grade": 0.17660994819793557, "step_turn": 6.588640012306314, "coast_speed_mps": 0.0, "coast_speed_mph": 0.0}, "geometry": {"type": "Point", "coordinates": [-122.52923, 37.83199]}}, {"id": "601", "type": "Feature", "properties": {"name": "easier marin headlands tour", "step": 601, "lat": 37.83193, "lon": -122.52964, "elevation_m": 18.5, "time": null, "elevation_f": 60.69554, "step_elevation_m": 1.0, "step_elevation_f": 3.280840000000005, "step_dist_m": 36.62038256628715, "step_dist_f": 120.14561593877752, "step_grade": 0.027307196973977096, "step_turn": 3.712993461070198, "coast_speed_mps": 0.0, "coast_speed_mph": 0.0}, "geometry": {"type": "Point", "coordinates": [-122.52964, 37.83193]}}, {"id": "602", "type": "Feature", "properties": {"name": "easier marin headlands tour", "step": 602, "lat": 37.8319, "lon": -122.52998, "elevation_m": 18.3, "time": null, "elevation_f": 60.039372, "step_elevation_m": -0.1999999999999993, "step_elevation_f": -0.656168000000001, "step_dist_m": 30.045662971819578, "step_dist_f": 98.57501290446454, "step_grade": -0.006656534761359177, "step_turn": 4.122592627406448, "coast_speed_mps": 0.0, "coast_speed_mph": 0.0}, "geometry": {"type": "Point", "coordinates": [-122.52998, 37.8319]}}, {"id": "603", "type": "Feature", "properties": {"name": "easier marin headlands tour", "step": 603, "lat": 37.8319, "lon": -122.53026, "elevation_m": 18.5, "time": null, "elevation_f": 60.69554, "step_elevation_m": 0.1999999999999993, "step_elevation_f": 0.656168000000001, "step_dist_m": 24.590515774552042, "step_dist_f": 80.67754777378133, "step_grade": 0.008133216961922086, "step_turn": 6.3744411441567195, "coast_speed_mps": 0.0, "coast_speed_mph": 0.0}, "geometry": {"type": "Point", "coordinates": [-122.53026, 37.8319]}}, {"id": "604", "type": "Feature", "properties": {"name": "easier marin headlands tour", "step": 604, "lat": 37.83193, "lon": -122.5307, "elevation_m": 19.2, "time": null, "elevation_f": 62.992127999999994, "step_elevation_m": 0.6999999999999993, "step_elevation_f": 2.2965879999999927, "step_dist_m": 38.78594995932334, "step_dist_f": 127.25049606454638, "step_grade": 0.01804777247261244, "step_turn": 4.933960026438967, "coast_speed_mps": 0.0, "coast_speed_mph": 0.0}, "geometry": {"type": "Point", "coordinates": [-122.5307, 37.83193]}}, {"id": "605", "type": "Feature", "properties": {"name": "easier marin headlands tour", "step": 605, "lat": 37.83192, "lon": -122.53079, "elevation_m": 18.5, "time": null, "elevation_f": 60.69554, "step_elevation_m": -0.6999999999999993, "step_elevation_f": -2.2965879999999927, "step_dist_m": 7.981923103395955, "step_dist_f": 26.187412594545584, "step_grade": -0.08769816382998982, "step_turn": 12.941849011293982, "coast_speed_mps": 0.0, "coast_speed_mph": 0.0}, "geometry": {"type": "Point", "coordinates": [-122.53079, 37.83192]}}, {"id": "606", "type": "Feature", "properties": {"name": "easier marin headlands tour", "step": 606, "lat": 37.83202, "lon": -122.53105, "elevation_m": 20.2, "time": null, "elevation_f": 66.27296799999999, "step_elevation_m": 1.6999999999999993, "step_elevation_f": 5.5774279999999905, "step_dist_m": 25.39755861660334, "step_dist_f": 83.3253262116969, "step_grade": 0.06693556753477263, "step_turn": 33.9725871943358, "coast_speed_mps": 0.0, "coast_speed_mph": 0.0}, "geometry": {"type": "Point", "coordinates": [-122.53105, 37.83202]}}, {"id": "607", "type": "Feature", "properties": {"name": "easier marin headlands tour", "step": 607, "lat": 37.83208, "lon": -122.53118, "elevation_m": 20.1, "time": null, "elevation_f": 65.944884, "step_elevation_m": -0.09999999999999787, "step_elevation_f": -0.32808399999998983, "step_dist_m": 13.223443430430777, "step_dist_f": 43.38400214429451, "step_grade": -0.007562326751432262, "step_turn": 4.335773221876309, "coast_speed_mps": 0.0, "coast_speed_mph": 0.0}, "geometry": {"type": "Point", "coordinates": [-122.53118, 37.83208]}}, {"id": "608", "type": "Feature", "properties": {"name": "easier marin headlands tour", "step": 608, "lat": 37.83213, "lon": -122.53127, "elevation_m": 19.9, "time": null, "elevation_f": 65.288716, "step_elevation_m": -0.20000000000000284, "step_elevation_f": -0.6561680000000081, "step_dist_m": 9.663598694887128, "step_dist_f": 31.704721142133483, "step_grade": -0.020696223665187998, "step_turn": 4.822129574237522, "coast_speed_mps": 1.330019406928064, "coast_speed_mph": 2.9751686804940554}, "geometry": {"type": "Point", "coordinates": [-122.53127, 37.83213]}}, {"id": "609", "type": "Feature", "properties": {"name": "easier marin headlands tour", "step": 609, "lat": 37.8322, "lon": -122.53137, "elevation_m": 19.6, "time": null, "elevation_f": 64.30446400000001, "step_elevation_m": -0.29999999999999716, "step_elevation_f": -0.9842519999999837, "step_dist_m": 11.735154108642252, "step_dist_f": 38.50116300579785, "step_grade": -0.02556421477064922, "step_turn": 6.427536251240042, "coast_speed_mps": 1.354107458688111, "coast_speed_mph": 3.0290521176809895}, "geometry": {"type": "Point", "coordinates": [-122.53137, 37.8322]}}, {"id": "610", "type": "Feature", "properties": {"name": "easier marin headlands tour", "step": 610, "lat": 37.83229, "lon": -122.53145, "elevation_m": 19.8, "time": null, "elevation_f": 64.960632, "step_elevation_m": 0.1999999999999993, "step_elevation_f": 0.6561679999999939, "step_dist_m": 12.227558838895641, "step_dist_f": 40.116664141002374, "step_grade": 0.01635649459022049, "step_turn": 13.378900956765449, "coast_speed_mps": 1.3015866315131444, "coast_speed_mph": 2.9115663732845896}, "geometry": {"type": "Point", "coordinates": [-122.53145, 37.83229]}}, {"id": "611", "type": "Feature", "properties": {"name": "easier marin headlands tour", "step": 611, "lat": 37.83239, "lon": -122.53153, "elevation_m": 19.6, "time": null, "elevation_f": 64.30446400000001, "step_elevation_m": -0.1999999999999993, "step_elevation_f": -0.6561679999999939, "step_dist_m": 13.153146401027096, "step_dist_f": 43.153368838345735, "step_grade": -0.015205487257739472, "step_turn": 2.784272433514218, "coast_speed_mps": 0.0, "coast_speed_mph": 0.0}, "geometry": {"type": "Point", "coordinates": [-122.53153, 37.83239]}}, {"id": "612", "type": "Feature", "properties": {"name": "easier marin headlands tour", "step": 612, "lat": 37.8325, "lon": -122.53159, "elevation_m": 19.9, "time": null, "elevation_f": 65.288716, "step_elevation_m": 0.29999999999999716, "step_elevation_f": 0.9842519999999837, "step_dist_m": 13.318194255014294, "step_dist_f": 43.6948644396211, "step_grade": 0.022525576234709695, "step_turn": 8.980038389018205, "coast_speed_mps": 0.0, "coast_speed_mph": 0.0}, "geometry": {"type": "Point", "coordinates": [-122.53159, 37.8325]}}, {"id": "613", "type": "Feature", "properties": {"name": "easier marin headlands tour", "step": 613, "lat": 37.8329, "lon": -122.53174, "elevation_m": 20.7, "time": null, "elevation_f": 67.913388, "step_elevation_m": 0.8000000000000007, "step_elevation_f": 2.624672000000004, "step_dist_m": 46.387788962710104, "step_dist_f": 152.19091354041782, "step_grade": 0.017245917899710615, "step_turn": 6.80853838179479, "coast_speed_mps": 0.0, "coast_speed_mph": 0.0}, "geometry": {"type": "Point", "coordinates": [-122.53174, 37.8329]}}, {"id": "614", "type": "Feature", "properties": {"name": "easier marin headlands tour", "step": 614, "lat": 37.83306, "lon": -122.53207, "elevation_m": 20.7, "time": null, "elevation_f": 67.913388, "step_elevation_m": 0.0, "step_elevation_f": 0.0, "step_dist_m": 34.00646299017573, "step_dist_f": 111.56976403668813, "step_grade": 0.0, "step_turn": 41.95668860743524, "coast_speed_mps": 0.0, "coast_speed_mph": 0.0}, "geometry": {"type": "Point", "coordinates": [-122.53207, 37.83306]}}, {"id": "615", "type": "Feature", "properties": {"name": "easier marin headlands tour", "step": 615, "lat": 37.83307, "lon": -122.53218, "elevation_m": 21.0, "time": null, "elevation_f": 68.89764, "step_elevation_m": 0.3000000000000007, "step_elevation_f": 0.9842519999999979, "step_dist_m": 9.724191428817848, "step_dist_f": 31.90351620732275, "step_grade": 0.030850894102202094, "step_turn": 24.979186775095968, "coast_speed_mps": 0.0, "coast_speed_mph": 0.0}, "geometry": {"type": "Point", "coordinates": [-122.53218, 37.83307]}}, {"id": "616", "type": "Feature", "properties": {"name": "easier marin headlands tour", "step": 616, "lat": 37.83308, "lon": -122.53231, "elevation_m": 20.9, "time": null, "elevation_f": 68.56955599999999, "step_elevation_m": -0.10000000000000142, "step_elevation_f": -0.32808400000000404, "step_dist_m": 11.470864977891306, "step_dist_f": 37.634072654064916, "step_grade": -0.008717738391371464, "step_turn": 1.0032515487915248, "coast_speed_mps": 0.0, "coast_speed_mph": 0.0}, "geometry": {"type": "Point", "coordinates": [-122.53231, 37.83308]}}, {"id": "617", "type": "Feature", "properties": {"name": "easier marin headlands tour", "step": 617, "lat": 37.83304, "lon": -122.53289, "elevation_m": 18.0, "time": null, "elevation_f": 59.05512, "step_elevation_m": -2.8999999999999986, "step_elevation_f": -9.51443599999999, "step_dist_m": 51.13051836305911, "step_dist_f": 167.75104986625885, "step_grade": -0.056717594361319776, "step_turn": 10.553083355333627, "coast_speed_mps": 6.99089077569763, "coast_speed_mph": 15.638177289946363}, "geometry": {"type": "Point", "coordinates": [-122.53289, 37.83304]}}, {"id": "618", "type": "Feature", "properties": {"name": "easier marin headlands tour", "step": 618, "lat": 37.83301, "lon": -122.53348, "elevation_m": 17.0, "time": null, "elevation_f": 55.77428, "step_elevation_m": -1.0, "step_elevation_f": -3.280840000000005, "step_dist_m": 51.92220954476056, "step_dist_f": 170.34846196283223, "step_grade": -0.01925958099178985, "step_turn": 1.30679712173594, "coast_speed_mps": 6.504483742347169, "coast_speed_mph": 14.550115744334203}, "geometry": {"type": "Point", "coordinates": [-122.53348, 37.83301]}}, {"id": "619", "type": "Feature", "properties": {"name": "easier marin headlands tour", "step": 619, "lat": 37.83289, "lon": -122.53454, "elevation_m": 16.7, "time": null, "elevation_f": 54.790028, "step_elevation_m": -0.3000000000000007, "step_elevation_f": -0.9842519999999979, "step_dist_m": 94.04277774185739, "step_dist_f": 308.53930692659543, "step_grade": -0.003190037631847555, "step_turn": 4.473253869066866, "coast_speed_mps": 2.270695753492938, "coast_speed_mph": 5.079401739202164}, "geometry": {"type": "Point", "coordinates": [-122.53454, 37.83289]}}, {"id": "620", "type": "Feature", "properties": {"name": "easier marin headlands tour", "step": 620, "lat": 37.83289, "lon": -122.53454, "elevation_m": 16.7, "time": null, "elevation_f": 54.790028, "step_elevation_m": 0.0, "step_elevation_f": 0.0, "step_dist_m": 0.0, "step_dist_f": 0.0, "step_grade": null, "step_turn": null, "coast_speed_mps": 2.270695753492938, "coast_speed_mph": 5.079401739202164}, "geometry": {"type": "Point", "coordinates": [-122.53454, 37.83289]}}, {"id": "621", "type": "Feature", "properties": {"name": "easier marin headlands tour", "step": 621, "lat": 37.83285, "lon": -122.53493, "elevation_m": 17.3, "time": null, "elevation_f": 56.758532, "step_elevation_m": 0.6000000000000014, "step_elevation_f": 1.968504000000003, "step_dist_m": 34.53821402345553, "step_dist_f": 113.31435409671384, "step_grade": 0.01737206213362771, "step_turn": null, "coast_speed_mps": 0.0, "coast_speed_mph": 0.0}, "geometry": {"type": "Point", "coordinates": [-122.53493, 37.83285]}}, {"id": "622", "type": "Feature", "properties": {"name": "easier marin headlands tour", "step": 622, "lat": 37.83282, "lon": -122.53501, "elevation_m": 17.4, "time": null, "elevation_f": 57.08661599999999, "step_elevation_m": 0.09999999999999787, "step_elevation_f": 0.32808399999998983, "step_dist_m": 7.777490683106373, "step_dist_f": 25.51670253276271, "step_grade": 0.012857617459730252, "step_turn": 17.999494001357874, "coast_speed_mps": 0.0, "coast_speed_mph": 0.0}, "geometry": {"type": "Point", "coordinates": [-122.53501, 37.83282]}}, {"id": "623", "type": "Feature", "properties": {"name": "easier marin headlands tour", "step": 623, "lat": 37.83279, "lon": -122.53506, "elevation_m": 17.2, "time": null, "elevation_f": 56.430448, "step_elevation_m": -0.1999999999999993, "step_elevation_f": -0.6561679999999939, "step_dist_m": 5.514501305896163, "step_dist_f": 18.092196464436366, "step_grade": -0.03626801208409493, "step_turn": 11.8248583087381, "coast_speed_mps": 0.0, "coast_speed_mph": 0.0}, "geometry": {"type": "Point", "coordinates": [-122.53506, 37.83279]}}, {"id": "624", "type": "Feature", "properties": {"name": "easier marin headlands tour", "step": 624, "lat": 37.83258, "lon": -122.5352, "elevation_m": 15.6, "time": null, "elevation_f": 51.181104, "step_elevation_m": -1.5999999999999996, "step_elevation_f": -5.249344000000001, "step_dist_m": 26.390079503097564, "step_dist_f": 86.58162843694261, "step_grade": -0.06062884349447291, "step_turn": 25.008225438919396, "coast_speed_mps": 5.220135354681314, "coast_speed_mph": 11.677110224322897}, "geometry": {"type": "Point", "coordinates": [-122.5352, 37.83258]}}, {"id": "625", "type": "Feature", "properties": {"name": "easier marin headlands tour", "step": 625, "lat": 37.83253, "lon": -122.53537, "elevation_m": 15.2, "time": null, "elevation_f": 49.868767999999996, "step_elevation_m": -0.40000000000000036, "step_elevation_f": -1.312336000000002, "step_dist_m": 15.931428305375613, "step_dist_f": 52.26846724140853, "step_grade": -0.025107604436510667, "step_turn": 41.80662550252299, "coast_speed_mps": 5.432482138424601, "coast_speed_mph": 12.152116451379284}, "geometry": {"type": "Point", "coordinates": [-122.53537, 37.83253]}}, {"id": "626", "type": "Feature", "properties": {"name": "easier marin headlands tour", "step": 626, "lat": 37.83269, "lon": -122.53643, "elevation_m": 17.2, "time": null, "elevation_f": 56.430448, "step_elevation_m": 2.0, "step_elevation_f": 6.561680000000003, "step_dist_m": 94.77660159535662, "step_dist_f": 310.94686557810985, "step_grade": 0.021102254842802738, "step_turn": 31.244785810113655, "coast_speed_mps": 0.0, "coast_speed_mph": 0.0}, "geometry": {"type": "Point", "coordinates": [-122.53643, 37.83269]}}, {"id": "627", "type": "Feature", "properties": {"name": "easier marin headlands tour", "step": 627, "lat": 37.83284, "lon": -122.53748, "elevation_m": 19.0, "time": null, "elevation_f": 62.33596, "step_elevation_m": 1.8000000000000007, "step_elevation_f": 5.905512000000002, "step_dist_m": 93.70965526643343, "step_dist_f": 307.4463853843254, "step_grade": 0.019208266158724802, "step_turn": 0.5669731254014891, "coast_speed_mps": 0.0, "coast_speed_mph": 0.0}, "geometry": {"type": "Point", "coordinates": [-122.53748, 37.83284]}}, {"id": "628", "type": "Feature", "properties": {"name": "easier marin headlands tour", "step": 628, "lat": 37.83293, "lon": -122.53796, "elevation_m": 18.3, "time": null, "elevation_f": 60.039372, "step_elevation_m": -0.6999999999999993, "step_elevation_f": -2.296588, "step_dist_m": 43.32622560505328, "step_dist_f": 142.146414014083, "step_grade": -0.016156496215039697, "step_turn": 3.102054649725403, "coast_speed_mps": 2.633156970070494, "coast_speed_mph": 5.89020438902669}, "geometry": {"type": "Point", "coordinates": [-122.53796, 37.83293]}}, {"id": "629", "type": "Feature", "properties": {"name": "easier marin headlands tour", "step": 629, "lat": 37.83296, "lon": -122.53824, "elevation_m": 17.7, "time": null, "elevation_f": 58.070868, "step_elevation_m": -0.6000000000000014, "step_elevation_f": -1.968504000000003, "step_dist_m": 24.815402821407318, "step_dist_f": 81.41536619258598, "step_grade": -0.024178531548252922, "step_turn": 5.629448448281664, "coast_speed_mps": 5.47337668422214, "coast_speed_mph": 12.24359494502088}, "geometry": {"type": "Point", "coordinates": [-122.53824, 37.83296]}}, {"id": "630", "type": "Feature", "properties": {"name": "easier marin headlands tour", "step": 630, "lat": 37.83295, "lon": -122.53833, "elevation_m": 17.0, "time": null, "elevation_f": 55.77428, "step_elevation_m": -0.6999999999999993, "step_elevation_f": -2.296588, "step_dist_m": 7.981813834166663, "step_dist_f": 26.187054099687355, "step_grade": -0.08769936439805257, "step_turn": 15.7334579308677, "coast_speed_mps": 6.004787838388211, "coast_speed_mph": 13.432327841777479}, "geometry": {"type": "Point", "coordinates": [-122.53833, 37.83295]}}, {"id": "631", "type": "Feature", "properties": {"name": "easier marin headlands tour", "step": 631, "lat": 37.83292, "lon": -122.5384, "elevation_m": 16.0, "time": null, "elevation_f": 52.49344, "step_elevation_m": -1.0, "step_elevation_f": -3.2808399999999978, "step_dist_m": 6.994294948309491, "step_dist_f": 22.94716263821171, "step_grade": -0.14297366745188494, "step_turn": 20.47769894148405, "coast_speed_mps": 6.680638182664807, "coast_speed_mph": 14.944162004887257}, "geometry": {"type": "Point", "coordinates": [-122.5384, 37.83292]}}, {"id": "632", "type": "Feature", "properties": {"name": "easier marin headlands tour", "step": 632, "lat": 37.83285, "lon": -122.53848, "elevation_m": 14.1, "time": null, "elevation_f": 46.259844, "step_elevation_m": -1.9000000000000004, "step_elevation_f": -6.233595999999999, "step_dist_m": 10.48553962794533, "step_dist_f": 34.40137783294816, "step_grade": -0.1812019283143285, "step_turn": 19.443939497712535, "coast_speed_mps": 8.779601636545651, "coast_speed_mph": 19.639409530569168}, "geometry": {"type": "Point", "coordinates": [-122.53848, 37.83285]}}, {"id": "633", "type": "Feature", "properties": {"name": "easier marin headlands tour", "step": 633, "lat": 37.8328, "lon": -122.53852, "elevation_m": 12.8, "time": null, "elevation_f": 41.994752000000005, "step_elevation_m": -1.299999999999999, "step_elevation_f": -4.265091999999996, "step_dist_m": 6.5765608668922, "step_dist_f": 21.576643954534607, "step_grade": -0.19767170506160356, "step_turn": 9.783977892755615, "coast_speed_mps": 9.868862055870903, "coast_speed_mph": 22.076015694056217}, "geometry": {"type": "Point", "coordinates": [-122.53852, 37.8328]}}, {"id": "634", "type": "Feature", "properties": {"name": "easier marin headlands tour", "step": 634, "lat": 37.83274, "lon": -122.53853, "elevation_m": 11.4, "time": null, "elevation_f": 37.401576, "step_elevation_m": -1.4000000000000004, "step_elevation_f": -4.593176000000007, "step_dist_m": 6.72924933774044, "step_dist_f": 22.077590397232346, "step_grade": -0.20804697964574084, "step_turn": 24.787505791921973, "coast_speed_mps": 10.82624651206428, "coast_speed_mph": 24.21762372956395}, "geometry": {"type": "Point", "coordinates": [-122.53853, 37.83274]}}, {"id": "635", "type": "Feature", "properties": {"name": "easier marin headlands tour", "step": 635, "lat": 37.83251, "lon": -122.53858, "elevation_m": 6.1, "time": null, "elevation_f": 20.013123999999998, "step_elevation_m": -5.300000000000001, "step_elevation_f": -17.388452, "step_dist_m": 25.949066028206758, "step_dist_f": 85.13473378798186, "step_grade": -0.20424627207156032, "step_turn": 2.2435657557194872, "coast_speed_mps": 13.982317293839003, "coast_speed_mph": 31.27755300160833}, "geometry": {"type": "Point", "coordinates": [-122.53858, 37.83251]}}, {"id": "636", "type": "Feature", "properties": {"name": "easier marin headlands tour", "step": 636, "lat": 37.83215, "lon": -122.53864, "elevation_m": 5.4, "time": null, "elevation_f": 17.716536, "step_elevation_m": -0.6999999999999993, "step_elevation_f": -2.2965879999999963, "step_dist_m": 40.37550013208657, "step_dist_f": 132.4655558533549, "step_grade": -0.01733724654084734, "step_turn": 2.2435061999038908, "coast_speed_mps": 12.116181081461017, "coast_speed_mph": 27.103125182223074}, "geometry": {"type": "Point", "coordinates": [-122.53864, 37.83215]}}, {"id": "637", "type": "Feature", "properties": {"name": "easier marin headlands tour", "step": 637, "lat": 37.83202, "lon": -122.53766, "elevation_m": 5.4, "time": null, "elevation_f": 17.716536, "step_elevation_m": 0.0, "step_elevation_f": 0.0, "step_dist_m": 87.27207273864418, "step_dist_f": 286.32570712385336, "step_grade": 0.0, "step_turn": 87.96517919490782, "coast_speed_mps": 6.484656317179705, "coast_speed_mph": 14.50576305739911}, "geometry": {"type": "Point", "coordinates": [-122.53766, 37.83202]}}, {"id": "638", "type": "Feature", "properties": {"name": "easier marin headlands tour", "step": 638, "lat": 37.83192, "lon": -122.53698, "elevation_m": 5.6, "time": null, "elevation_f": 18.372704, "step_elevation_m": 0.1999999999999993, "step_elevation_f": 0.6561679999999974, "step_dist_m": 60.74614169922515, "step_dist_f": 199.29837153248585, "step_grade": 0.003292390173358951, "step_turn": 1.0133260391493195, "coast_speed_mps": 3.2307520162321777, "coast_speed_mph": 7.226986435737683}, "geometry": {"type": "Point", "coordinates": [-122.53698, 37.83192]}}, {"id": "639", "type": "Feature", "properties": {"name": "easier marin headlands tour", "step": 639, "lat": 37.83181, "lon": -122.53629, "elevation_m": 6.2, "time": null, "elevation_f": 20.341208, "step_elevation_m": 0.6000000000000005, "step_elevation_f": 1.968504000000003, "step_dist_m": 61.82019197241987, "step_dist_f": 202.822158630794, "step_grade": 0.009705566755077067, "step_turn": 0.8641782208557061, "coast_speed_mps": 0.0, "coast_speed_mph": 0.0}, "geometry": {"type": "Point", "coordinates": [-122.53629, 37.83181]}}, {"id": "640", "type": "Feature", "properties": {"name": "easier marin headlands tour", "step": 640, "lat": 37.83174, "lon": -122.53592, "elevation_m": 6.9, "time": null, "elevation_f": 22.637796, "step_elevation_m": 0.7000000000000002, "step_elevation_f": 2.296588, "step_dist_m": 33.41389520525181, "step_dist_f": 109.62564394519835, "step_grade": 0.020949368390009736, "step_turn": 2.0591353739692977, "coast_speed_mps": 0.0, "coast_speed_mph": 0.0}, "geometry": {"type": "Point", "coordinates": [-122.53592, 37.83174]}}, {"id": "641", "type": "Feature", "properties": {"name": "easier marin headlands tour", "step": 641, "lat": 37.8316, "lon": -122.53537, "elevation_m": 8.3, "time": null, "elevation_f": 27.230972, "step_elevation_m": 1.4000000000000004, "step_elevation_f": 4.593176, "step_dist_m": 50.749536278470615, "step_dist_f": 166.50110860385752, "step_grade": 0.0275864589642353, "step_turn": 4.392671214341533, "coast_speed_mps": 0.0, "coast_speed_mph": 0.0}, "geometry": {"type": "Point", "coordinates": [-122.53537, 37.8316]}}, {"id": "642", "type": "Feature", "properties": {"name": "easier marin headlands tour", "step": 642, "lat": 37.83157, "lon": -122.53521, "elevation_m": 8.2, "time": null, "elevation_f": 26.902887999999997, "step_elevation_m": -0.10000000000000142, "step_elevation_f": -0.32808400000000404, "step_dist_m": 14.442316097037653, "step_dist_f": 47.38292834380501, "step_grade": -0.006924097168909979, "step_turn": 4.508585858198671, "coast_speed_mps": 0.0, "coast_speed_mph": 0.0}, "geometry": {"type": "Point", "coordinates": [-122.53521, 37.83157]}}, {"id": "643", "type": "Feature", "properties": {"name": "easier marin headlands tour", "step": 643, "lat": 37.83156, "lon": -122.53509, "elevation_m": 8.4, "time": null, "elevation_f": 27.559056, "step_elevation_m": 0.20000000000000107, "step_elevation_f": 0.6561680000000045, "step_dist_m": 10.597338655556591, "step_dist_f": 34.768172554696285, "step_grade": 0.018872662892124657, "step_turn": 7.331633260900105, "coast_speed_mps": 0.0, "coast_speed_mph": 0.0}, "geometry": {"type": "Point", "coordinates": [-122.53509, 37.83156]}}, {"id": "644", "type": "Feature", "properties": {"name": "easier marin headlands tour", "step": 644, "lat": 37.83157, "lon": -122.53492, "elevation_m": 8.6, "time": null, "elevation_f": 28.215224, "step_elevation_m": 0.1999999999999993, "step_elevation_f": 0.6561679999999974, "step_dist_m": 14.971374076639686, "step_dist_f": 49.11868292560255, "step_grade": 0.013358827251004683, "step_turn": 10.28236518688135, "coast_speed_mps": 0.0, "coast_speed_mph": 0.0}, "geometry": {"type": "Point", "coordinates": [-122.53492, 37.83157]}}, {"id": "645", "type": "Feature", "properties": {"name": "easier marin headlands tour", "step": 645, "lat": 37.83165, "lon": -122.53416, "elevation_m": 7.6, "time": null, "elevation_f": 24.934383999999998, "step_elevation_m": -1.0, "step_elevation_f": -3.2808400000000013, "step_dist_m": 67.33612086218349, "step_dist_f": 220.9190387694861, "step_grade": -0.014850870338175481, "step_turn": 3.332187400302246, "coast_speed_mps": 3.0084751070054874, "coast_speed_mph": 6.729767150602819}, "geometry": {"type": "Point", "coordinates": [-122.53416, 37.83165]}}, {"id": "646", "type": "Feature", "properties": {"name": "easier marin headlands tour", "step": 646, "lat": 37.83173, "lon": -122.5334, "elevation_m": 7.3, "time": null, "elevation_f": 23.950132, "step_elevation_m": -0.2999999999999998, "step_elevation_f": -0.9842519999999979, "step_dist_m": 67.3360491245547, "step_dist_f": 220.91880340980407, "step_grade": -0.0044552658479423924, "step_turn": 8.135815335208463e-06, "coast_speed_mps": 0.19096287590896913, "coast_speed_mph": 0.4271717875558539}, "geometry": {"type": "Point", "coordinates": [-122.5334, 37.83173]}}, {"id": "647", "type": "Feature", "properties": {"name": "easier marin headlands tour", "step": 647, "lat": 37.83173, "lon": -122.5334, "elevation_m": 7.3, "time": null, "elevation_f": 23.950132, "step_elevation_m": 0.0, "step_elevation_f": 0.0, "step_dist_m": 0.0, "step_dist_f": 0.0, "step_grade": null, "step_turn": null, "coast_speed_mps": 0.19096287590896913, "coast_speed_mph": 0.4271717875558539}, "geometry": {"type": "Point", "coordinates": [-122.5334, 37.83173]}}, {"id": "648", "type": "Feature", "properties": {"name": "easier marin headlands tour", "step": 648, "lat": 37.8318, "lon": -122.53239, "elevation_m": 7.2, "time": null, "elevation_f": 23.622048, "step_elevation_m": -0.09999999999999964, "step_elevation_f": -0.3280840000000005, "step_dist_m": 89.04252138026328, "step_dist_f": 292.13426584522296, "step_grade": -0.0011230589436359464, "step_turn": null, "coast_speed_mps": 0.0, "coast_speed_mph": 0.0}, "geometry": {"type": "Point", "coordinates": [-122.53239, 37.8318]}}, {"id": "649", "type": "Feature", "properties": {"name": "easier marin headlands tour", "step": 649, "lat": 37.83187, "lon": -122.53155, "elevation_m": 10.0, "time": null, "elevation_f": 32.8084, "step_elevation_m": 2.8, "step_elevation_f": 9.186352, "step_dist_m": 74.18110211744694, "step_dist_f": 243.37632707100462, "step_grade": 0.037745462389692064, "step_turn": 1.008036412729325, "coast_speed_mps": 0.0, "coast_speed_mph": 0.0}, "geometry": {"type": "Point", "coordinates": [-122.53155, 37.83187]}}, {"id": "650", "type": "Feature", "properties": {"name": "easier marin headlands tour", "step": 650, "lat": 37.83192, "lon": -122.53079, "elevation_m": 18.5, "time": null, "elevation_f": 60.69554, "step_elevation_m": 8.5, "step_elevation_f": 27.887140000000002, "step_dist_m": 66.97684629449282, "step_dist_f": 219.7403163968238, "step_grade": 0.12690952874409844, "step_turn": 1.2614193641418296, "coast_speed_mps": 0.0, "coast_speed_mph": 0.0}, "geometry": {"type": "Point", "coordinates": [-122.53079, 37.83192]}}, {"id": "651", "type": "Feature", "properties": {"name": "easier marin headlands tour", "step": 651, "lat": 37.83193, "lon": -122.5307, "elevation_m": 19.2, "time": null, "elevation_f": 62.992127999999994, "step_elevation_m": 0.6999999999999993, "step_elevation_f": 2.2965879999999927, "step_dist_m": 7.981923103395955, "step_dist_f": 26.187412594545584, "step_grade": 0.08769816382998982, "step_turn": 3.2460248843718773, "coast_speed_mps": 0.0, "coast_speed_mph": 0.0}, "geometry": {"type": "Point", "coordinates": [-122.5307, 37.83193]}}, {"id": "652", "type": "Feature", "properties": {"name": "easier marin headlands tour", "step": 652, "lat": 37.8319, "lon": -122.53025, "elevation_m": 18.5, "time": null, "elevation_f": 60.69554, "step_elevation_m": -0.6999999999999993, "step_elevation_f": -2.2965879999999927, "step_dist_m": 39.66100018083797, "step_dist_f": 130.12139583330045, "step_grade": -0.017649580111653386, "step_turn": 12.83251223015742, "coast_speed_mps": 2.740220686662966, "coast_speed_mph": 6.129699102234616}, "geometry": {"type": "Point", "coordinates": [-122.53025, 37.8319]}}, {"id": "653", "type": "Feature", "properties": {"name": "easier marin headlands tour", "step": 653, "lat": 37.8319, "lon": -122.52998, "elevation_m": 18.3, "time": null, "elevation_f": 60.039372, "step_elevation_m": -0.1999999999999993, "step_elevation_f": -0.656168000000001, "step_dist_m": 23.71228306927635, "step_dist_f": 77.79620678500461, "step_grade": -0.008434447219430182, "step_turn": 4.824736716042537, "coast_speed_mps": 2.5388027950102434, "coast_speed_mph": 5.679140110527561}, "geometry": {"type": "Point", "coordinates": [-122.52998, 37.8319]}}, {"id": "654", "type": "Feature", "properties": {"name": "easier marin headlands tour", "step": 654, "lat": 37.83193, "lon": -122.52964, "elevation_m": 18.5, "time": null, "elevation_f": 60.69554, "step_elevation_m": 0.1999999999999993, "step_elevation_f": 0.656168000000001, "step_dist_m": 30.045662971819578, "step_dist_f": 98.57501290446454, "step_grade": 0.006656534761359177, "step_turn": 6.374481011301384, "coast_speed_mps": 0.0, "coast_speed_mph": 0.0}, "geometry": {"type": "Point", "coordinates": [-122.52964, 37.83193]}}, {"id": "655", "type": "Feature", "properties": {"name": "easier marin headlands tour", "step": 655, "lat": 37.83199, "lon": -122.52923, "elevation_m": 17.5, "time": null, "elevation_f": 57.414699999999996, "step_elevation_m": -1.0, "step_elevation_f": -3.280840000000005, "step_dist_m": 36.62038256628715, "step_dist_f": 120.14561593877752, "step_grade": -0.027307196973977096, "step_turn": 4.122635561686991, "coast_speed_mps": 3.7245220837572663, "coast_speed_mph": 8.331518619714705}, "geometry": {"type": "Point", "coordinates": [-122.52923, 37.83199]}}, {"id": "656", "type": "Feature", "properties": {"name": "easier marin headlands tour", "step": 656, "lat": 37.83203, "lon": -122.52903, "elevation_m": 14.3, "time": null, "elevation_f": 46.916012, "step_elevation_m": -3.1999999999999993, "step_elevation_f": -10.498687999999994, "step_dist_m": 18.11902462263111, "step_dist_f": 59.44562074291305, "step_grade": -0.17660994819793557, "step_turn": 3.712864657627506, "coast_speed_mps": 8.486799668189477, "coast_speed_mph": 18.98443018116828}, "geometry": {"type": "Point", "coordinates": [-122.52903, 37.83203]}}, {"id": "657", "type": "Feature", "properties": {"name": "easier marin headlands tour", "step": 657, "lat": 37.83209, "lon": -122.52883, "elevation_m": 9.4, "time": null, "elevation_f": 30.839896, "step_elevation_m": -4.9, "step_elevation_f": -16.076116000000003, "step_dist_m": 18.78901963081311, "step_dist_f": 61.64376716555689, "step_grade": -0.26079061581074886, "step_turn": 6.588640012428584, "coast_speed_mps": 12.473843712109487, "coast_speed_mph": 27.903193701032286}, "geometry": {"type": "Point", "coordinates": [-122.52883, 37.83209]}}, {"id": "658", "type": "Feature", "properties": {"name": "easier marin headlands tour", "step": 658, "lat": 37.83231, "lon": -122.52824, "elevation_m": 9.1, "time": null, "elevation_f": 29.855643999999998, "step_elevation_m": -0.3000000000000007, "step_elevation_f": -0.9842520000000015, "step_dist_m": 57.29991879532303, "step_dist_f": 187.9918655804476, "step_grade": -0.005235609514065969, "step_turn": 4.474175796152849, "coast_speed_mps": 9.440612333874322, "coast_speed_mph": 21.11804834885986}, "geometry": {"type": "Point", "coordinates": [-122.52824, 37.83231]}}, {"id": "659", "type": "Feature", "properties": {"name": "easier marin headlands tour", "step": 659, "lat": 37.83239, "lon": -122.52795, "elevation_m": 9.1, "time": null, "elevation_f": 29.855643999999998, "step_elevation_m": 0.0, "step_elevation_f": 0.0, "step_dist_m": 26.977413360508685, "step_dist_f": 88.50857684969131, "step_grade": 0.0, "step_turn": 6.019656449209549, "coast_speed_mps": 8.234253935524766, "coast_speed_mph": 18.41950146636712}, "geometry": {"type": "Point", "coordinates": [-122.52795, 37.83239]}}, {"id": "660", "type": "Feature", "properties": {"name": "easier marin headlands tour", "step": 660, "lat": 37.83248, "lon": -122.52762, "elevation_m": 8.6, "time": null, "elevation_f": 28.215224, "step_elevation_m": -0.5, "step_elevation_f": -1.6404199999999989, "step_dist_m": 30.66066664525997, "step_dist_f": 100.59274155643472, "step_grade": -0.01630753844281785, "step_turn": 0.20290116449064044, "coast_speed_mps": 7.617466859919141, "coast_speed_mph": 17.039788072474796}, "geometry": {"type": "Point", "coordinates": [-122.52762, 37.83248]}}, {"id": "661", "type": "Feature", "properties": {"name": "easier marin headlands tour", "step": 661, "lat": 37.83255, "lon": -122.52731, "elevation_m": 8.7, "time": null, "elevation_f": 28.543307999999996, "step_elevation_m": 0.09999999999999964, "step_elevation_f": 0.32808399999999693, "step_dist_m": 28.315809047940867, "step_dist_f": 92.89963895684632, "step_grade": 0.0035315960716747266, "step_turn": 3.094953121477431, "coast_speed_mps": 6.360107514531446, "coast_speed_mph": 14.227155320623298}, "geometry": {"type": "Point", "coordinates": [-122.52731, 37.83255]}}, {"id": "662", "type": "Feature", "properties": {"name": "easier marin headlands tour", "step": 662, "lat": 37.83257, "lon": -122.5272, "elevation_m": 8.7, "time": null, "elevation_f": 28.543307999999996, "step_elevation_m": 0.0, "step_elevation_f": 0.0, "step_dist_m": 9.91314632594654, "step_dist_f": 32.52344699201845, "step_grade": 0.0, "step_turn": 2.9913636683833147, "coast_speed_mps": 6.072278088559611, "coast_speed_mph": 13.583299231745714}, "geometry": {"type": "Point", "coordinates": [-122.5272, 37.83257]}}, {"id": "663", "type": "Feature", "properties": {"name": "easier marin headlands tour", "step": 663, "lat": 37.83257, "lon": -122.5271, "elevation_m": 8.4, "time": null, "elevation_f": 27.559056, "step_elevation_m": -0.29999999999999893, "step_elevation_f": -0.9842519999999944, "step_dist_m": 8.782247308787348, "step_dist_f": 28.81314826056188, "step_grade": -0.034159821450236855, "step_turn": 12.963974769357094, "coast_speed_mps": 6.1687902295067065, "coast_speed_mph": 13.799190742454142}, "geometry": {"type": "Point", "coordinates": [-122.5271, 37.83257]}}, {"id": "664", "type": "Feature", "properties": {"name": "easier marin headlands tour", "step": 664, "lat": 37.83257, "lon": -122.52699, "elevation_m": 7.9, "time": null, "elevation_f": 25.918636, "step_elevation_m": -0.5, "step_elevation_f": -1.6404200000000024, "step_dist_m": 9.660472041006743, "step_dist_f": 31.694463091016562, "step_grade": -0.05175730522044901, "step_turn": 3.0661971663903387e-06, "coast_speed_mps": 6.492049461378254, "coast_speed_mph": 14.522301049969235}, "geometry": {"type": "Point", "coordinates": [-122.52699, 37.83257]}}, {"id": "665", "type": "Feature", "properties": {"name": "easier marin headlands tour", "step": 665, "lat": 37.83254, "lon": -122.52678, "elevation_m": 6.9, "time": null, "elevation_f": 22.637796, "step_elevation_m": -1.0, "step_elevation_f": -3.2808399999999978, "step_dist_m": 18.741982708872047, "step_dist_f": 61.48944655057577, "step_grade": -0.053356147827765404, "step_turn": 10.252557026014642, "coast_speed_mps": 7.116768438287522, "coast_speed_mph": 15.919757601752671}, "geometry": {"type": "Point", "coordinates": [-122.52678, 37.83254]}}, {"id": "666", "type": "Feature", "properties": {"name": "easier marin headlands tour", "step": 666, "lat": 37.8325, "lon": -122.52666, "elevation_m": 6.5, "time": null, "elevation_f": 21.32546, "step_elevation_m": -0.40000000000000036, "step_elevation_f": -1.312336000000002, "step_dist_m": 11.438845173315025, "step_dist_f": 37.52902079841887, "step_grade": -0.034968564915375866, "step_turn": 12.629326038689953, "coast_speed_mps": 7.426041868918127, "coast_speed_mph": 16.61158256289844}, "geometry": {"type": "Point", "coordinates": [-122.52666, 37.8325]}}, {"id": "667", "type": "Feature", "properties": {"name": "easier marin headlands tour", "step": 667, "lat": 37.83244, "lon": -122.5265, "elevation_m": 5.9, "time": null, "elevation_f": 19.356956, "step_elevation_m": -0.5999999999999996, "step_elevation_f": -1.9685039999999994, "step_dist_m": 15.555044167910934, "step_dist_f": 51.033611107848905, "step_grade": -0.038572696645745405, "step_turn": 2.5164324722505853, "coast_speed_mps": 7.6233164533381315, "coast_speed_mph": 17.052873240287497}, "geometry": {"type": "Point", "coordinates": [-122.5265, 37.83244]}}, {"id": "668", "type": "Feature", "properties": {"name": "easier marin headlands tour", "step": 668, "lat": 37.8324, "lon": -122.52642, "elevation_m": 5.6, "time": null, "elevation_f": 18.372704, "step_elevation_m": -0.3000000000000007, "step_elevation_f": -0.9842520000000015, "step_dist_m": 8.315343338335978, "step_dist_f": 27.28131103814621, "step_grade": -0.03607788491629921, "step_turn": 6.9381704705747325, "coast_speed_mps": 7.729661807187789, "coast_speed_mph": 17.290761021805164}, "geometry": {"type": "Point", "coordinates": [-122.52642, 37.8324]}}, {"id": "669", "type": "Feature", "properties": {"name": "easier marin headlands tour", "step": 669, "lat": 37.83231, "lon": -122.5263, "elevation_m": 5.0, "time": null, "elevation_f": 16.4042, "step_elevation_m": -0.5999999999999996, "step_elevation_f": -1.9685039999999994, "step_dist_m": 14.533261911955265, "step_dist_f": 47.68130701121931, "step_grade": -0.04128460655528621, "step_turn": 11.182569278995913, "coast_speed_mps": 7.907401512033361, "coast_speed_mph": 17.68835341811326}, "geometry": {"type": "Point", "coordinates": [-122.5263, 37.83231]}}, {"id": "670", "type": "Feature", "properties": {"name": "easier marin headlands tour", "step": 670, "lat": 37.8322, "lon": -122.5262, "elevation_m": 4.2, "time": null, "elevation_f": 13.779528, "step_elevation_m": -0.7999999999999998, "step_elevation_f": -2.6246719999999986, "step_dist_m": 15.057778658502263, "step_dist_f": 49.40216253396056, "step_grade": -0.0531286863848464, "step_turn": 10.802262293713625, "coast_speed_mps": 8.316739546089476, "coast_speed_mph": 18.604016522211584}, "geometry": {"type": "Point", "coordinates": [-122.5262, 37.8322]}}, {"id": "671", "type": "Feature", "properties": {"name": "easier marin headlands tour", "step": 671, "lat": 37.83202, "lon": -122.52609, "elevation_m": 4.7, "time": null, "elevation_f": 15.419948, "step_elevation_m": 0.5, "step_elevation_f": 1.6404199999999989, "step_dist_m": 22.224526615077462, "step_dist_f": 72.91511589981074, "step_grade": 0.022497667044156174, "step_turn": 9.913820329830799, "coast_speed_mps": 6.704080375140046, "coast_speed_mph": 14.996600696000446}, "geometry": {"type": "Point", "coordinates": [-122.52609, 37.83202]}}, {"id": "672", "type": "Feature", "properties": {"name": "easier marin headlands tour", "step": 672, "lat": 37.83189, "lon": -122.52602, "elevation_m": 5.2, "time": null, "elevation_f": 17.060368, "step_elevation_m": 0.5, "step_elevation_f": 1.6404200000000007, "step_dist_m": 15.708282948888474, "step_dist_f": 51.53636303003126, "step_grade": 0.03183034082253912, "step_turn": 2.7256034190879745, "coast_speed_mps": 5.25847376763983, "coast_speed_mph": 11.762870811649572}, "geometry": {"type": "Point", "coordinates": [-122.52602, 37.83189]}}, {"id": "673", "type": "Feature", "properties": {"name": "easier marin headlands tour", "step": 673, "lat": 37.83165, "lon": -122.52589, "elevation_m": 6.0, "time": null, "elevation_f": 19.68504, "step_elevation_m": 0.7999999999999998, "step_elevation_f": 2.6246720000000003, "step_dist_m": 29.026423787657222, "step_dist_f": 95.23105221949731, "step_grade": 0.02756109418963904, "step_turn": 0.12278464742280448, "coast_speed_mps": 0.0, "coast_speed_mph": 0.0}, "geometry": {"type": "Point", "coordinates": [-122.52589, 37.83165]}}, {"id": "674", "type": "Feature", "properties": {"name": "easier marin headlands tour", "step": 674, "lat": 37.83156, "lon": -122.52583, "elevation_m": 6.6, "time": null, "elevation_f": 21.653544, "step_elevation_m": 0.5999999999999996, "step_elevation_f": 1.9685039999999994, "step_dist_m": 11.31007000844796, "step_dist_f": 37.10653008651641, "step_grade": 0.05305006950017416, "step_turn": 4.606744240915873, "coast_speed_mps": 0.0, "coast_speed_mph": 0.0}, "geometry": {"type": "Point", "coordinates": [-122.52583, 37.83156]}}, {"id": "675", "type": "Feature", "properties": {"name": "easier marin headlands tour", "step": 675, "lat": 37.83147, "lon": -122.52576, "elevation_m": 7.4, "time": null, "elevation_f": 24.278216, "step_elevation_m": 0.8000000000000007, "step_elevation_f": 2.6246720000000003, "step_dist_m": 11.74498450044422, "step_dist_f": 38.53341494843741, "step_grade": 0.06811418099102158, "step_turn": 3.793718978844481, "coast_speed_mps": 0.0, "coast_speed_mph": 0.0}, "geometry": {"type": "Point", "coordinates": [-122.52576, 37.83147]}}, {"id": "676", "type": "Feature", "properties": {"name": "easier marin headlands tour", "step": 676, "lat": 37.8314, "lon": -122.52568, "elevation_m": 8.5, "time": null, "elevation_f": 27.88714, "step_elevation_m": 1.0999999999999996, "step_elevation_f": 3.6089239999999982, "step_dist_m": 10.485632148208081, "step_dist_f": 34.401681377127, "step_grade": 0.1049054539060844, "step_turn": 10.508467908273246, "coast_speed_mps": 0.0, "coast_speed_mph": 0.0}, "geometry": {"type": "Point", "coordinates": [-122.52568, 37.8314]}}, {"id": "677", "type": "Feature", "properties": {"name": "easier marin headlands tour", "step": 677, "lat": 37.83134, "lon": -122.52561, "elevation_m": 9.2, "time": null, "elevation_f": 30.183728, "step_elevation_m": 0.6999999999999993, "step_elevation_f": 2.296588, "step_dist_m": 9.072232733280975, "step_dist_f": 29.764544040657555, "step_grade": 0.0771585144009907, "step_turn": 0.5882138626255937, "coast_speed_mps": 0.0, "coast_speed_mph": 0.0}, "geometry": {"type": "Point", "coordinates": [-122.52561, 37.83134]}}, {"id": "678", "type": "Feature", "properties": {"name": "easier marin headlands tour", "step": 678, "lat": 37.83127, "lon": -122.52549, "elevation_m": 10.1, "time": null, "elevation_f": 33.136483999999996, "step_elevation_m": 0.9000000000000004, "step_elevation_f": 2.9527559999999973, "step_dist_m": 13.10164362116006, "step_dist_f": 42.98439645804677, "step_grade": 0.06869367126933892, "step_turn": 10.892541276307327, "coast_speed_mps": 0.0, "coast_speed_mph": 0.0}, "geometry": {"type": "Point", "coordinates": [-122.52549, 37.83127]}}, {"id": "679", "type": "Feature", "properties": {"name": "easier marin headlands tour", "step": 679, "lat": 37.83123, "lon": -122.52539, "elevation_m": 10.5, "time": null, "elevation_f": 34.44882, "step_elevation_m": 0.40000000000000036, "step_elevation_f": 1.312336000000002, "step_dist_m": 9.844466791256021, "step_dist_f": 32.29812042742441, "step_grade": 0.04063196194183776, "step_turn": 9.58860158175321, "coast_speed_mps": 0.0, "coast_speed_mph": 0.0}, "geometry": {"type": "Point", "coordinates": [-122.52539, 37.83123]}}, {"id": "680", "type": "Feature", "properties": {"name": "easier marin headlands tour", "step": 680, "lat": 37.83119, "lon": -122.52528, "elevation_m": 10.9, "time": null, "elevation_f": 35.761156, "step_elevation_m": 0.40000000000000036, "step_elevation_f": 1.312336000000002, "step_dist_m": 10.635368323571251, "step_dist_f": 34.8929418107055, "step_grade": 0.03761035704926901, "step_turn": 2.1381605650180973, "coast_speed_mps": 0.0, "coast_speed_mph": 0.0}, "geometry": {"type": "Point", "coordinates": [-122.52528, 37.83119]}}, {"id": "681", "type": "Feature", "properties": {"name": "easier marin headlands tour", "step": 681, "lat": 37.83115, "lon": -122.52504, "elevation_m": 11.2, "time": null, "elevation_f": 36.745408, "step_elevation_m": 0.29999999999999893, "step_elevation_f": 0.9842519999999979, "step_dist_m": 21.541965492902026, "step_dist_f": 70.67574206773268, "step_grade": 0.013926305847015097, "step_turn": 12.805908515787564, "coast_speed_mps": 0.0, "coast_speed_mph": 0.0}, "geometry": {"type": "Point", "coordinates": [-122.52504, 37.83115]}}, {"id": "682", "type": "Feature", "properties": {"name": "easier marin headlands tour", "step": 682, "lat": 37.83114, "lon": -122.5249, "elevation_m": 11.2, "time": null, "elevation_f": 36.745408, "step_elevation_m": 0.0, "step_elevation_f": 0.0, "step_dist_m": 12.345561618060573, "step_dist_f": 40.50381237899785, "step_grade": 0.0, "step_turn": 6.74804688115222, "coast_speed_mps": 0.0, "coast_speed_mph": 0.0}, "geometry": {"type": "Point", "coordinates": [-122.5249, 37.83114]}}, {"id": "683", "type": "Feature", "properties": {"name": "easier marin headlands tour", "step": 683, "lat": 37.83115, "lon": -122.52477, "elevation_m": 11.2, "time": null, "elevation_f": 36.745408, "step_elevation_m": 0.0, "step_elevation_f": 0.0, "step_dist_m": 11.471162227398565, "step_dist_f": 37.63504788213831, "step_grade": 0.0, "step_turn": 10.730220888254394, "coast_speed_mps": 0.0, "coast_speed_mph": 0.0}, "geometry": {"type": "Point", "coordinates": [-122.52477, 37.83115]}}, {"id": "684", "type": "Feature", "properties": {"name": "easier marin headlands tour", "step": 684, "lat": 37.83127, "lon": -122.5238, "elevation_m": 8.9, "time": null, "elevation_f": 29.199476, "step_elevation_m": -2.299999999999999, "step_elevation_f": -7.545931999999997, "step_dist_m": 86.22803901423647, "step_dist_f": 282.9003995194676, "step_grade": -0.02667345826593903, "step_turn": 3.3396255072171357, "coast_speed_mps": 5.833681386334734, "coast_speed_mph": 13.049573609374391}, "geometry": {"type": "Point", "coordinates": [-122.5238, 37.83127]}}, {"id": "685", "type": "Feature", "properties": {"name": "easier marin headlands tour", "step": 685, "lat": 37.83129, "lon": -122.52365, "elevation_m": 8.4, "time": null, "elevation_f": 27.559056, "step_elevation_m": -0.5, "step_elevation_f": -1.6404199999999989, "step_dist_m": 13.359996096803057, "step_dist_f": 43.83200959423534, "step_grade": -0.03742516063456382, "step_turn": 0.6797501742620966, "coast_speed_mps": 5.977553865431014, "coast_speed_mph": 13.371407179292698}, "geometry": {"type": "Point", "coordinates": [-122.52365, 37.83129]}}, {"id": "686", "type": "Feature", "properties": {"name": "easier marin headlands tour", "step": 686, "lat": 37.83132, "lon": -122.52356, "elevation_m": 8.3, "time": null, "elevation_f": 27.230972, "step_elevation_m": -0.09999999999999964, "step_elevation_f": -0.3280840000000005, "step_dist_m": 8.579253800738266, "step_dist_f": 28.147159039614134, "step_grade": -0.011656025375003405, "step_turn": 13.299498285173172, "coast_speed_mps": 5.989535654410523, "coast_speed_mph": 13.398209677904699}, "geometry": {"type": "Point", "coordinates": [-122.52356, 37.83132]}}, {"id": "687", "type": "Feature", "properties": {"name": "easier marin headlands tour", "step": 687, "lat": 37.83138, "lon": -122.52341, "elevation_m": 8.1, "time": null, "elevation_f": 26.574804, "step_elevation_m": -0.20000000000000107, "step_elevation_f": -0.656168000000001, "step_dist_m": 14.766684257378321, "step_dist_f": 48.44712837897709, "step_grade": -0.013544001924471912, "step_turn": 3.978167348238287, "coast_speed_mps": 5.838813280375691, "coast_speed_mph": 13.061053329401584}, "geometry": {"type": "Point", "coordinates": [-122.52341, 37.83138]}}, {"id": "688", "type": "Feature", "properties": {"name": "easier marin headlands tour", "step": 688, "lat": 37.83144, "lon": -122.52332, "elevation_m": 7.9, "time": null, "elevation_f": 25.918636, "step_elevation_m": -0.1999999999999993, "step_elevation_f": -0.656168000000001, "step_dist_m": 10.343454914985477, "step_dist_f": 33.935220623280955, "step_grade": -0.01933589904377517, "step_turn": 13.307171832898177, "coast_speed_mps": 5.7615005677872935, "coast_speed_mph": 12.888109716775427}, "geometry": {"type": "Point", "coordinates": [-122.52332, 37.83144]}}, {"id": "689", "type": "Feature", "properties": {"name": "easier marin headlands tour", "step": 689, "lat": 37.83157, "lon": -122.52318, "elevation_m": 7.9, "time": null, "elevation_f": 25.918636, "step_elevation_m": 0.0, "step_elevation_f": 0.0, "step_dist_m": 18.977140278973827, "step_dist_f": 62.26096091286849, "step_grade": 0.0, "step_turn": 9.449533820712475, "coast_speed_mps": 3.9674300967505323, "coast_speed_mph": 8.874888369610165}, "geometry": {"type": "Point", "coordinates": [-122.52318, 37.83157]}}, {"id": "690", "type": "Feature", "properties": {"name": "easier marin headlands tour", "step": 690, "lat": 37.83165, "lon": -122.52311, "elevation_m": 8.7, "time": null, "elevation_f": 28.543307999999996, "step_elevation_m": 0.7999999999999989, "step_elevation_f": 2.624671999999997, "step_dist_m": 10.813197200210533, "step_dist_f": 35.476369902338725, "step_grade": 0.07398366876953126, "step_turn": 5.735622948019397, "coast_speed_mps": 2.5186452852782653, "coast_speed_mph": 5.634049045450658}, "geometry": {"type": "Point", "coordinates": [-122.52311, 37.83165]}}, {"id": "691", "type": "Feature", "properties": {"name": "easier marin headlands tour", "step": 691, "lat": 37.83175, "lon": -122.52304, "elevation_m": 9.2, "time": null, "elevation_f": 30.183728, "step_elevation_m": 0.5, "step_elevation_f": 1.6404200000000024, "step_dist_m": 12.705772846484514, "step_dist_f": 41.68560778566025, "step_grade": 0.039352191011217556, "step_turn": 5.7110142387830365, "coast_speed_mps": 0.0, "coast_speed_mph": 0.0}, "geometry": {"type": "Point", "coordinates": [-122.52304, 37.83175]}}, {"id": "692", "type": "Feature", "properties": {"name": "easier marin headlands tour", "step": 692, "lat": 37.83186, "lon": -122.52299, "elevation_m": 9.3, "time": null, "elevation_f": 30.511812000000003, "step_elevation_m": 0.10000000000000142, "step_elevation_f": 0.32808400000000404, "step_dist_m": 12.995789261378112, "step_dist_f": 42.63710524029977, "step_grade": 0.007694800060908122, "step_turn": 9.18845309747769, "coast_speed_mps": 0.0, "coast_speed_mph": 0.0}, "geometry": {"type": "Point", "coordinates": [-122.52299, 37.83186]}}, {"id": "693", "type": "Feature", "properties": {"name": "easier marin headlands tour", "step": 693, "lat": 37.83197, "lon": -122.52295, "elevation_m": 9.5, "time": null, "elevation_f": 31.16798, "step_elevation_m": 0.1999999999999993, "step_elevation_f": 0.6561679999999974, "step_dist_m": 12.725912527814996, "step_dist_f": 41.75168285775655, "step_grade": 0.015715965323732956, "step_turn": 3.7241480728370107, "coast_speed_mps": 0.0, "coast_speed_mph": 0.0}, "geometry": {"type": "Point", "coordinates": [-122.52295, 37.83197]}}, {"id": "694", "type": "Feature", "properties": {"name": "easier marin headlands tour", "step": 694, "lat": 37.83259, "lon": -122.52279, "elevation_m": 7.1, "time": null, "elevation_f": 23.293964, "step_elevation_m": -2.4000000000000004, "step_elevation_f": -7.874016000000001, "step_dist_m": 70.35829955175534, "step_dist_f": 230.83432350138096, "step_grade": -0.03411111432894378, "step_turn": 4.504032635423471, "coast_speed_mps": 6.711715554836997, "coast_speed_mph": 15.01368010656091}, "geometry": {"type": "Point", "coordinates": [-122.52279, 37.83259]}}, {"id": "695", "type": "Feature", "properties": {"name": "easier marin headlands tour", "step": 695, "lat": 37.8327, "lon": -122.52273, "elevation_m": 6.1, "time": null, "elevation_f": 20.013123999999998, "step_elevation_m": -1.0, "step_elevation_f": -3.2808400000000013, "step_dist_m": 13.318188603045567, "step_dist_f": 43.69484589641602, "step_grade": -0.07508528598035642, "step_turn": 11.78622838086153, "coast_speed_mps": 7.022130523694652, "coast_speed_mph": 15.708058615995535}, "geometry": {"type": "Point", "coordinates": [-122.52273, 37.8327]}}, {"id": "696", "type": "Feature", "properties": {"name": "easier marin headlands tour", "step": 696, "lat": 37.83282, "lon": -122.52263, "elevation_m": 4.8, "time": null, "elevation_f": 15.748031999999998, "step_elevation_m": -1.2999999999999998, "step_elevation_f": -4.265091999999999, "step_dist_m": 15.97415284701002, "step_dist_f": 52.40863962658435, "step_grade": -0.08138146745248709, "step_turn": 10.045188538155003, "coast_speed_mps": 8.167673582892375, "coast_speed_mph": 18.270565459225942}, "geometry": {"type": "Point", "coordinates": [-122.52263, 37.83282]}}, {"id": "697", "type": "Feature", "properties": {"name": "easier marin headlands tour", "step": 697, "lat": 37.83294, "lon": -122.52249, "elevation_m": 4.4, "time": null, "elevation_f": 14.435696000000002, "step_elevation_m": -0.39999999999999947, "step_elevation_f": -1.3123359999999966, "step_dist_m": 18.144294948702075, "step_dist_f": 59.52852863949972, "step_grade": -0.022045497007786068, "step_turn": 9.306876075525565, "coast_speed_mps": 7.944084890351578, "coast_speed_mph": 17.770411798388444}, "geometry": {"type": "Point", "coordinates": [-122.52249, 37.83294]}}, {"id": "698", "type": "Feature", "properties": {"name": "easier marin headlands tour", "step": 698, "lat": 37.83304, "lon": -122.52234, "elevation_m": 3.3, "time": null, "elevation_f": 10.826772, "step_elevation_m": -1.1000000000000005, "step_elevation_f": -3.608924000000002, "step_dist_m": 17.238875946314113, "step_dist_f": 56.5579937597052, "step_grade": -0.06380926479346202, "step_turn": 7.173888624780147, "coast_speed_mps": 8.617007616674826, "coast_speed_mph": 19.275697066649105}, "geometry": {"type": "Point", "coordinates": [-122.52234, 37.83304]}}, {"id": "699", "type": "Feature", "properties": {"name": "easier marin headlands tour", "step": 699, "lat": 37.83315, "lon": -122.5221, "elevation_m": 3.0, "time": null, "elevation_f": 9.84252, "step_elevation_m": -0.2999999999999998, "step_elevation_f": -0.9842519999999997, "step_dist_m": 24.36920942053936, "step_dist_f": 79.95147703528235, "step_grade": -0.012310616845335477, "step_turn": 10.040225402663737, "coast_speed_mps": 7.96579085352138, "coast_speed_mph": 17.818966655156967}, "geometry": {"type": "Point", "coordinates": [-122.5221, 37.83315]}}, {"id": "700", "type": "Feature", "properties": {"name": "easier marin headlands tour", "step": 700, "lat": 37.83322, "lon": -122.52186, "elevation_m": 3.9, "time": null, "elevation_f": 12.795276, "step_elevation_m": 0.8999999999999999, "step_elevation_f": 2.952755999999999, "step_dist_m": 22.46851662779426, "step_dist_f": 73.71560809313252, "step_grade": 0.04005604886646908, "step_turn": 9.858461657242344, "coast_speed_mps": 5.668916207692338, "coast_speed_mph": 12.681004401602388}, "geometry": {"type": "Point", "coordinates": [-122.52186, 37.83322]}}, {"id": "701", "type": "Feature", "properties": {"name": "easier marin headlands tour", "step": 701, "lat": 37.83326, "lon": -122.52167, "elevation_m": 4.1, "time": null, "elevation_f": 13.451443999999999, "step_elevation_m": 0.19999999999999973, "step_elevation_f": 0.6561679999999992, "step_dist_m": 17.268741835105814, "step_dist_f": 56.65597896228856, "step_grade": 0.011581619663420849, "step_turn": 5.343256723356717, "coast_speed_mps": 4.643060717601898, "coast_speed_mph": 10.38623102541583}, "geometry": {"type": "Point", "coordinates": [-122.52167, 37.83326]}}, {"id": "702", "type": "Feature", "properties": {"name": "easier marin headlands tour", "step": 702, "lat": 37.83327, "lon": -122.52146, "elevation_m": 5.1, "time": null, "elevation_f": 16.732284, "step_elevation_m": 1.0, "step_elevation_f": 3.2808400000000013, "step_dist_m": 18.476036371314844, "step_dist_f": 60.61691916846459, "step_grade": 0.05412416277511556, "step_turn": 11.475194485175564, "coast_speed_mps": 0.0, "coast_speed_mph": 0.0}, "geometry": {"type": "Point", "coordinates": [-122.52146, 37.83327]}}, {"id": "703", "type": "Feature", "properties": {"name": "easier marin headlands tour", "step": 703, "lat": 37.83327, "lon": -122.521, "elevation_m": 5.7, "time": null, "elevation_f": 18.700788, "step_elevation_m": 0.6000000000000005, "step_elevation_f": 1.9685039999999994, "step_dist_m": 40.39795433015328, "step_dist_f": 132.53922448454009, "step_grade": 0.014852237197371077, "step_turn": 3.450258750943078, "coast_speed_mps": 0.0, "coast_speed_mph": 0.0}, "geometry": {"type": "Point", "coordinates": [-122.521, 37.83327]}}, {"id": "704", "type": "Feature", "properties": {"name": "easier marin headlands tour", "step": 704, "lat": 37.83324, "lon": -122.52049, "elevation_m": 8.5, "time": null, "elevation_f": 27.88714, "step_elevation_m": 2.8, "step_elevation_f": 9.186352, "step_dist_m": 44.913099101568804, "step_dist_f": 147.352692056391, "step_grade": 0.06234261398145639, "step_turn": 4.259458420776866, "coast_speed_mps": 0.0, "coast_speed_mph": 0.0}, "geometry": {"type": "Point", "coordinates": [-122.52049, 37.83324]}}, {"id": "705", "type": "Feature", "properties": {"name": "easier marin headlands tour", "step": 705, "lat": 37.83316, "lon": -122.51975, "elevation_m": 9.3, "time": null, "elevation_f": 30.511812000000003, "step_elevation_m": 0.8000000000000007, "step_elevation_f": 2.624672000000004, "step_dist_m": 65.59406608808412, "step_dist_f": 215.2036357844299, "step_grade": 0.012196225172650631, "step_turn": 3.5346879258940476, "coast_speed_mps": 0.0, "coast_speed_mph": 0.0}, "geometry": {"type": "Point", "coordinates": [-122.51975, 37.83316]}}, {"id": "706", "type": "Feature", "properties": {"name": "easier marin headlands tour", "step": 706, "lat": 37.83309, "lon": -122.51902, "elevation_m": 8.9, "time": null, "elevation_f": 29.199476, "step_elevation_m": -0.40000000000000036, "step_elevation_f": -1.312336000000002, "step_dist_m": 64.58070428415331, "step_dist_f": 211.87895784362155, "step_grade": -0.006193800523450649, "step_turn": 0.8717767863658992, "coast_speed_mps": 0.0, "coast_speed_mph": 0.0}, "geometry": {"type": "Point", "coordinates": [-122.51902, 37.83309]}}, {"id": "707", "type": "Feature", "properties": {"name": "easier marin headlands tour", "step": 707, "lat": 37.83305, "lon": -122.51879, "elevation_m": 9.0, "time": null, "elevation_f": 29.52756, "step_elevation_m": 0.09999999999999964, "step_elevation_f": 0.3280840000000005, "step_dist_m": 20.682934737789182, "step_dist_f": 67.85739960512826, "step_grade": 0.004834903811657472, "step_turn": 5.495968660780875, "coast_speed_mps": 0.0, "coast_speed_mph": 0.0}, "geometry": {"type": "Point", "coordinates": [-122.51879, 37.83305]}}, {"id": "708", "type": "Feature", "properties": {"name": "easier marin headlands tour", "step": 708, "lat": 37.83297, "lon": -122.51842, "elevation_m": 9.8, "time": null, "elevation_f": 32.152232000000005, "step_elevation_m": 0.8000000000000007, "step_elevation_f": 2.624672000000004, "step_dist_m": 33.689753799768035, "step_dist_f": 110.53069185643096, "step_grade": 0.023746092202238327, "step_turn": 2.8918738350941453, "coast_speed_mps": 0.0, "coast_speed_mph": 0.0}, "geometry": {"type": "Point", "coordinates": [-122.51842, 37.83297]}}, {"id": "709", "type": "Feature", "properties": {"name": "easier marin headlands tour", "step": 709, "lat": 37.83266, "lon": -122.51748, "elevation_m": 18.6, "time": null, "elevation_f": 61.023624000000005, "step_elevation_m": 8.8, "step_elevation_f": 28.871392, "step_dist_m": 89.46051359829815, "step_dist_f": 293.5056314338405, "step_grade": 0.09836742095528733, "step_turn": 7.352902900808317, "coast_speed_mps": 0.0, "coast_speed_mph": 0.0}, "geometry": {"type": "Point", "coordinates": [-122.51748, 37.83266]}}, {"id": "710", "type": "Feature", "properties": {"name": "easier marin headlands tour", "step": 710, "lat": 37.83258, "lon": -122.51728, "elevation_m": 19.1, "time": null, "elevation_f": 62.664044000000004, "step_elevation_m": 0.5, "step_elevation_f": 1.6404199999999989, "step_dist_m": 19.68864261549803, "step_dist_f": 64.59528623863055, "step_grade": 0.02539535151125259, "step_turn": 4.197059368722989, "coast_speed_mps": 0.0, "coast_speed_mph": 0.0}, "geometry": {"type": "Point", "coordinates": [-122.51728, 37.83258]}}, {"id": "711", "type": "Feature", "properties": {"name": "easier marin headlands tour", "step": 711, "lat": 37.83246, "lon": -122.51707, "elevation_m": 20.0, "time": null, "elevation_f": 65.6168, "step_elevation_m": 0.8999999999999986, "step_elevation_f": 2.9527559999999937, "step_dist_m": 22.763577194103878, "step_dist_f": 74.68365460150376, "step_grade": 0.03953684398219769, "step_turn": 9.02579297525449, "coast_speed_mps": 0.0, "coast_speed_mph": 0.0}, "geometry": {"type": "Point", "coordinates": [-122.51707, 37.83246]}}, {"id": "712", "type": "Feature", "properties": {"name": "easier marin headlands tour", "step": 712, "lat": 37.83216, "lon": -122.51663, "elevation_m": 21.9, "time": null, "elevation_f": 71.85039599999999, "step_elevation_m": 1.8999999999999986, "step_elevation_f": 6.2335959999999915, "step_dist_m": 51.0489382739831, "step_dist_f": 167.4833986468147, "step_grade": 0.03721918739627003, "step_turn": 4.917078237959231, "coast_speed_mps": 0.0, "coast_speed_mph": 0.0}, "geometry": {"type": "Point", "coordinates": [-122.51663, 37.83216]}}, {"id": "713", "type": "Feature", "properties": {"name": "easier marin headlands tour", "step": 713, "lat": 37.83204, "lon": -122.51642, "elevation_m": 22.4, "time": null, "elevation_f": 73.490816, "step_elevation_m": 0.5, "step_elevation_f": 1.640420000000006, "step_dist_m": 22.763662256501117, "step_dist_f": 74.68393367761912, "step_grade": 0.02196483124578094, "step_turn": 4.917233137895096, "coast_speed_mps": 0.0, "coast_speed_mph": 0.0}, "geometry": {"type": "Point", "coordinates": [-122.51642, 37.83204]}}, {"id": "714", "type": "Feature", "properties": {"name": "easier marin headlands tour", "step": 714, "lat": 37.8319, "lon": -122.51606, "elevation_m": 22.7, "time": null, "elevation_f": 74.475068, "step_elevation_m": 0.3000000000000007, "step_elevation_f": 0.9842519999999979, "step_dist_m": 35.24108304682143, "step_dist_f": 115.62035490333362, "step_grade": 0.008512791720998461, "step_turn": 9.671021578127466, "coast_speed_mps": 0.0, "coast_speed_mph": 0.0}, "geometry": {"type": "Point", "coordinates": [-122.51606, 37.8319]}}, {"id": "715", "type": "Feature", "properties": {"name": "easier marin headlands tour", "step": 715, "lat": 37.83183, "lon": -122.51572, "elevation_m": 21.9, "time": null, "elevation_f": 71.85039599999999, "step_elevation_m": -0.8000000000000007, "step_elevation_f": -2.624672000000004, "step_dist_m": 30.857743254153476, "step_dist_f": 101.23931837795689, "step_grade": -0.025925421486949474, "step_turn": 11.60448219495612, "coast_speed_mps": 3.2943236967286755, "coast_speed_mph": 7.369192234987186}, "geometry": {"type": "Point", "coordinates": [-122.51572, 37.83183]}}, {"id": "716", "type": "Feature", "properties": {"name": "easier marin headlands tour", "step": 716, "lat": 37.83174, "lon": -122.51474, "elevation_m": 21.7, "time": null, "elevation_f": 71.194228, "step_elevation_m": -0.1999999999999993, "step_elevation_f": -0.6561679999999939, "step_dist_m": 86.64680592250339, "step_dist_f": 284.274306742786, "step_grade": -0.0023082212652925558, "step_turn": 7.978111281549843, "coast_speed_mps": 0.0, "coast_speed_mph": 0.0}, "geometry": {"type": "Point", "coordinates": [-122.51474, 37.83174]}}, {"id": "717", "type": "Feature", "properties": {"name": "easier marin headlands tour", "step": 717, "lat": 37.83165, "lon": -122.51391, "elevation_m": 25.5, "time": null, "elevation_f": 83.66141999999999, "step_elevation_m": 3.8000000000000007, "step_elevation_f": 12.467191999999997, "step_dist_m": 73.57727752575141, "step_dist_f": 241.39527519758627, "step_grade": 0.05164637953164322, "step_turn": 1.1849506712270568, "coast_speed_mps": 0.0, "coast_speed_mph": 0.0}, "geometry": {"type": "Point", "coordinates": [-122.51391, 37.83165]}}, {"id": "718", "type": "Feature", "properties": {"name": "easier marin headlands tour", "step": 718, "lat": 37.83163, "lon": -122.51364, "elevation_m": 27.7, "time": null, "elevation_f": 90.879268, "step_elevation_m": 2.1999999999999993, "step_elevation_f": 7.217848000000004, "step_dist_m": 23.816424078863914, "step_dist_f": 78.13787677489988, "step_grade": 0.09237322919322753, "step_turn": 2.459194841294618, "coast_speed_mps": 0.0, "coast_speed_mph": 0.0}, "geometry": {"type": "Point", "coordinates": [-122.51364, 37.83163]}}, {"id": "719", "type": "Feature", "properties": {"name": "easier marin headlands tour", "step": 719, "lat": 37.83163, "lon": -122.51337, "elevation_m": 29.4, "time": null, "elevation_f": 96.456696, "step_elevation_m": 1.6999999999999993, "step_elevation_f": 5.577427999999998, "step_dist_m": 23.71236984429489, "step_dist_f": 77.79649147995644, "step_grade": 0.07169253900655624, "step_turn": 5.3578949031601155, "coast_speed_mps": 0.0, "coast_speed_mph": 0.0}, "geometry": {"type": "Point", "coordinates": [-122.51337, 37.83163]}}, {"id": "720", "type": "Feature", "properties": {"name": "easier marin headlands tour", "step": 720, "lat": 37.83164, "lon": -122.51311, "elevation_m": 30.7, "time": null, "elevation_f": 100.721788, "step_elevation_m": 1.3000000000000007, "step_elevation_f": 4.26509200000001, "step_dist_m": 22.861190533645722, "step_dist_f": 75.00390835040623, "step_grade": 0.05686493002570182, "step_turn": 2.787915928399741, "coast_speed_mps": 0.0, "coast_speed_mph": 0.0}, "geometry": {"type": "Point", "coordinates": [-122.51311, 37.83164]}}, {"id": "721", "type": "Feature", "properties": {"name": "easier marin headlands tour", "step": 721, "lat": 37.83166, "lon": -122.5129, "elevation_m": 31.7, "time": null, "elevation_f": 104.002628, "step_elevation_m": 1.0, "step_elevation_f": 3.2808399999999978, "step_dist_m": 18.57654716092226, "step_dist_f": 60.94667898744019, "step_grade": 0.053831317054635765, "step_turn": 4.087742719328219, "coast_speed_mps": 0.0, "coast_speed_mph": 0.0}, "geometry": {"type": "Point", "coordinates": [-122.5129, 37.83166]}}, {"id": "722", "type": "Feature", "properties": {"name": "easier marin headlands tour", "step": 722, "lat": 37.83167, "lon": -122.51275, "elevation_m": 32.6, "time": null, "elevation_f": 106.95538400000001, "step_elevation_m": 0.9000000000000021, "step_elevation_f": 2.952756000000008, "step_dist_m": 13.220377873597263, "step_dist_f": 43.37394454281284, "step_grade": 0.06807672281421047, "step_turn": 2.0509197996549915, "coast_speed_mps": 0.0, "coast_speed_mph": 0.0}, "geometry": {"type": "Point", "coordinates": [-122.51275, 37.83167]}}, {"id": "723", "type": "Feature", "properties": {"name": "easier marin headlands tour", "step": 723, "lat": 37.83171, "lon": -122.51248, "elevation_m": 32.6, "time": null, "elevation_f": 106.95538400000001, "step_elevation_m": 0.0, "step_elevation_f": 0.0, "step_dist_m": 24.125887918693405, "step_dist_f": 79.15317811916607, "step_grade": 0.0, "step_turn": 5.798957694936462, "coast_speed_mps": 0.0, "coast_speed_mph": 0.0}, "geometry": {"type": "Point", "coordinates": [-122.51248, 37.83171]}}, {"id": "724", "type": "Feature", "properties": {"name": "easier marin headlands tour", "step": 724, "lat": 37.83176, "lon": -122.51223, "elevation_m": 32.8, "time": null, "elevation_f": 107.61155199999999, "step_elevation_m": 0.19999999999999574, "step_elevation_f": 0.6561679999999797, "step_dist_m": 22.64886011168005, "step_dist_f": 74.30728620880438, "step_grade": 0.008830466478834202, "step_turn": 3.5862492021429375, "coast_speed_mps": 0.0, "coast_speed_mph": 0.0}, "geometry": {"type": "Point", "coordinates": [-122.51223, 37.83176]}}, {"id": "725", "type": "Feature", "properties": {"name": "easier marin headlands tour", "step": 725, "lat": 37.83183, "lon": -122.51198, "elevation_m": 32.6, "time": null, "elevation_f": 106.95538400000001, "step_elevation_m": -0.19999999999999574, "step_elevation_f": -0.6561679999999797, "step_dist_m": 23.29472962751008, "step_dist_f": 76.42628075112017, "step_grade": -0.008585633025068653, "step_turn": 5.3101520227978085, "coast_speed_mps": 0.5173579395988178, "coast_speed_mph": 1.1572967510710837}, "geometry": {"type": "Point", "coordinates": [-122.51198, 37.83183]}}, {"id": "726", "type": "Feature", "properties": {"name": "easier marin headlands tour", "step": 726, "lat": 37.83191, "lon": -122.51174, "elevation_m": 32.0, "time": null, "elevation_f": 104.98688, "step_elevation_m": -0.6000000000000014, "step_elevation_f": -1.96850400000001, "step_dist_m": 22.877861430314592, "step_dist_f": 75.05860289503333, "step_grade": -0.026226227561854363, "step_turn": 3.3615983364641693, "coast_speed_mps": 2.8991775654182756, "coast_speed_mph": 6.485275513194059}, "geometry": {"type": "Point", "coordinates": [-122.51174, 37.83191]}}, {"id": "727", "type": "Feature", "properties": {"name": "easier marin headlands tour", "step": 727, "lat": 37.83223, "lon": -122.51085, "elevation_m": 32.0, "time": null, "elevation_f": 104.98688, "step_elevation_m": 0.0, "step_elevation_f": 0.0, "step_dist_m": 85.88065401368067, "step_dist_f": 281.7606849142441, "step_grade": 0.0, "step_turn": 1.595217787089723, "coast_speed_mps": 0.0, "coast_speed_mph": 0.0}, "geometry": {"type": "Point", "coordinates": [-122.51085, 37.83223]}}, {"id": "728", "type": "Feature", "properties": {"name": "easier marin headlands tour", "step": 728, "lat": 37.83256, "lon": -122.50997, "elevation_m": 33.3, "time": null, "elevation_f": 109.251972, "step_elevation_m": 1.2999999999999972, "step_elevation_f": 4.265091999999996, "step_dist_m": 85.55281388245031, "step_dist_f": 280.6850938980983, "step_grade": 0.015195292135992149, "step_turn": 0.9215814873653017, "coast_speed_mps": 0.0, "coast_speed_mph": 0.0}, "geometry": {"type": "Point", "coordinates": [-122.50997, 37.83256]}}, {"id": "729", "type": "Feature", "properties": {"name": "easier marin headlands tour", "step": 729, "lat": 37.83289, "lon": -122.50908, "elevation_m": 32.5, "time": null, "elevation_f": 106.6273, "step_elevation_m": -0.7999999999999972, "step_elevation_f": -2.6246719999999897, "step_dist_m": 86.34666342613396, "step_dist_f": 283.2895872349973, "step_grade": -0.009264978729425537, "step_turn": 0.24984548314262156, "coast_speed_mps": 1.4639083675674367, "coast_speed_mph": 3.2746697556537114}, "geometry": {"type": "Point", "coordinates": [-122.50908, 37.83289]}}, {"id": "730", "type": "Feature", "properties": {"name": "easier marin headlands tour", "step": 730, "lat": 37.83322, "lon": -122.5082, "elevation_m": 39.5, "time": null, "elevation_f": 129.59318, "step_elevation_m": 7.0, "step_elevation_f": 22.965879999999984, "step_dist_m": 85.55218934386133, "step_dist_f": 280.683044886914, "step_grade": 0.08182140110833148, "step_turn": 0.2500440784331204, "coast_speed_mps": 0.0, "coast_speed_mph": 0.0}, "geometry": {"type": "Point", "coordinates": [-122.5082, 37.83322]}}, {"id": "731", "type": "Feature", "properties": {"name": "easier marin headlands tour", "step": 731, "lat": 37.83355, "lon": -122.50731, "elevation_m": 41.7, "time": null, "elevation_f": 136.81102800000002, "step_elevation_m": 2.200000000000003, "step_elevation_f": 7.217848000000032, "step_dist_m": 86.34603048467869, "step_dist_f": 283.28751065535323, "step_grade": 0.025478878272121294, "step_turn": 0.24984690021210554, "coast_speed_mps": 0.0, "coast_speed_mph": 0.0}, "geometry": {"type": "Point", "coordinates": [-122.50731, 37.83355]}}, {"id": "732", "type": "Feature", "properties": {"name": "easier marin headlands tour", "step": 732, "lat": 37.83364, "lon": -122.507, "elevation_m": 42.3, "time": null, "elevation_f": 138.779532, "step_elevation_m": 0.5999999999999943, "step_elevation_f": 1.9685039999999674, "step_dist_m": 29.005674266111317, "step_dist_f": 95.16297635922865, "step_grade": 0.020685607736449084, "step_turn": 4.965806239407186, "coast_speed_mps": 0.0, "coast_speed_mph": 0.0}, "geometry": {"type": "Point", "coordinates": [-122.507, 37.83364]}}, {"id": "733", "type": "Feature", "properties": {"name": "easier marin headlands tour", "step": 733, "lat": 37.83367, "lon": -122.50686, "elevation_m": 42.5, "time": null, "elevation_f": 139.4357, "step_elevation_m": 0.20000000000000284, "step_elevation_f": 0.6561680000000081, "step_dist_m": 12.739468400648898, "step_dist_f": 41.79615750758493, "step_grade": 0.01569924220619878, "step_turn": 5.0031338701174946, "coast_speed_mps": 0.0, "coast_speed_mph": 0.0}, "geometry": {"type": "Point", "coordinates": [-122.50686, 37.83367]}}, {"id": "734", "type": "Feature", "properties": {"name": "easier marin headlands tour", "step": 734, "lat": 37.8337, "lon": -122.50659, "elevation_m": 43.0, "time": null, "elevation_f": 141.07612, "step_elevation_m": 0.5, "step_elevation_f": 1.640420000000006, "step_dist_m": 23.945209168230434, "step_dist_f": 78.56040004749714, "step_grade": 0.020881003648252964, "step_turn": 7.171887690351241, "coast_speed_mps": 0.0, "coast_speed_mph": 0.0}, "geometry": {"type": "Point", "coordinates": [-122.50659, 37.8337]}}, {"id": "735", "type": "Feature", "properties": {"name": "easier marin headlands tour", "step": 735, "lat": 37.83377, "lon": -122.5055, "elevation_m": 51.0, "time": null, "elevation_f": 167.32283999999999, "step_elevation_m": 8.0, "step_elevation_f": 26.246719999999982, "step_dist_m": 96.04091683483595, "step_dist_f": 315.0948815884032, "step_grade": 0.08329783037950175, "step_turn": 3.359127658942498, "coast_speed_mps": 0.0, "coast_speed_mph": 0.0}, "geometry": {"type": "Point", "coordinates": [-122.5055, 37.83377]}}, {"id": "736", "type": "Feature", "properties": {"name": "easier marin headlands tour", "step": 736, "lat": 37.8338, "lon": -122.50532, "elevation_m": 51.4, "time": null, "elevation_f": 168.635176, "step_elevation_m": 0.3999999999999986, "step_elevation_f": 1.3123360000000162, "step_dist_m": 16.155925896858676, "step_dist_f": 53.00500791944982, "step_grade": 0.024758717176201813, "step_turn": 7.267130670211145, "coast_speed_mps": 0.0, "coast_speed_mph": 0.0}, "geometry": {"type": "Point", "coordinates": [-122.50532, 37.8338]}}, {"id": "737", "type": "Feature", "properties": {"name": "easier marin headlands tour", "step": 737, "lat": 37.83384, "lon": -122.50516, "elevation_m": 51.4, "time": null, "elevation_f": 168.635176, "step_elevation_m": 0.0, "step_elevation_f": 0.0, "step_dist_m": 14.738505682769325, "step_dist_f": 48.354678984256914, "step_grade": 0.0, "step_turn": 5.648533569953145, "coast_speed_mps": 0.0, "coast_speed_mph": 0.0}, "geometry": {"type": "Point", "coordinates": [-122.50516, 37.83384]}}, {"id": "738", "type": "Feature", "properties": {"name": "easier marin headlands tour", "step": 738, "lat": 37.83392, "lon": -122.50498, "elevation_m": 51.0, "time": null, "elevation_f": 167.32283999999999, "step_elevation_m": -0.3999999999999986, "step_elevation_f": -1.3123360000000162, "step_dist_m": 18.138826104464204, "step_dist_f": 59.51058623657034, "step_grade": -0.022052143710752776, "step_turn": 11.803429759256119, "coast_speed_mps": 2.23627588965299, "coast_speed_mph": 5.002406696611014}, "geometry": {"type": "Point", "coordinates": [-122.50498, 37.83392]}}, {"id": "739", "type": "Feature", "properties": {"name": "easier marin headlands tour", "step": 739, "lat": 37.83402, "lon": -122.50481, "elevation_m": 50.8, "time": null, "elevation_f": 166.66667199999998, "step_elevation_m": -0.20000000000000284, "step_elevation_f": -0.6561680000000081, "step_dist_m": 18.61542897005402, "step_dist_f": 61.07424398211203, "step_grade": -0.01074377605381728, "step_turn": 7.310658977238404, "coast_speed_mps": 2.311153212376179, "coast_speed_mph": 5.169902497262385}, "geometry": {"type": "Point", "coordinates": [-122.50481, 37.83402]}}, {"id": "740", "type": "Feature", "properties": {"name": "easier marin headlands tour", "step": 740, "lat": 37.83413, "lon": -122.50467, "elevation_m": 50.8, "time": null, "elevation_f": 166.66667199999998, "step_elevation_m": 0.0, "step_elevation_f": 0.0, "step_dist_m": 17.34279750028527, "step_dist_f": 56.89894375083592, "step_grade": 0.0, "step_turn": 8.173082683546625, "coast_speed_mps": 1.4003370177617867, "coast_speed_mph": 3.1324646961385674}, "geometry": {"type": "Point", "coordinates": [-122.50467, 37.83413]}}, {"id": "741", "type": "Feature", "properties": {"name": "easier marin headlands tour", "step": 741, "lat": 37.83425, "lon": -122.50457, "elevation_m": 51.0, "time": null, "elevation_f": 167.32283999999999, "step_elevation_m": 0.20000000000000284, "step_elevation_f": 0.6561680000000081, "step_dist_m": 15.974059263789778, "step_dist_f": 52.408332595012055, "step_grade": 0.012520299111032201, "step_turn": 11.797002718108558, "coast_speed_mps": 0.0, "coast_speed_mph": 0.0}, "geometry": {"type": "Point", "coordinates": [-122.50457, 37.83425]}}, {"id": "742", "type": "Feature", "properties": {"name": "easier marin headlands tour", "step": 742, "lat": 37.83429, "lon": -122.50455, "elevation_m": 50.9, "time": null, "elevation_f": 166.994756, "step_elevation_m": -0.10000000000000142, "step_elevation_f": -0.32808399999998983, "step_dist_m": 4.782036311259218, "step_dist_f": 15.689096011431694, "step_grade": -0.02091159361641676, "step_turn": 11.802420411693163, "coast_speed_mps": 0.0, "coast_speed_mph": 0.0}, "geometry": {"type": "Point", "coordinates": [-122.50455, 37.83429]}}, {"id": "743", "type": "Feature", "properties": {"name": "easier marin headlands tour", "step": 743, "lat": 37.83445, "lon": -122.50445, "elevation_m": 51.3, "time": null, "elevation_f": 168.30709199999998, "step_elevation_m": 0.3999999999999986, "step_elevation_f": 1.3123359999999877, "step_dist_m": 19.840627109874024, "step_dist_f": 65.0939230471591, "step_grade": 0.020160653077388457, "step_turn": 4.722932361424284, "coast_speed_mps": 0.0, "coast_speed_mph": 0.0}, "geometry": {"type": "Point", "coordinates": [-122.50445, 37.83445]}}, {"id": "744", "type": "Feature", "properties": {"name": "easier marin headlands tour", "step": 744, "lat": 37.83494, "lon": -122.50421, "elevation_m": 52.3, "time": null, "elevation_f": 171.587932, "step_elevation_m": 1.0, "step_elevation_f": 3.280840000000012, "step_dist_m": 58.42004937631523, "step_dist_f": 191.66683479579004, "step_grade": 0.01711741107164182, "step_turn": 5.123665454656873, "coast_speed_mps": 0.0, "coast_speed_mph": 0.0}, "geometry": {"type": "Point", "coordinates": [-122.50421, 37.83494]}}, {"id": "745", "type": "Feature", "properties": {"name": "easier marin headlands tour", "step": 745, "lat": 37.83543, "lon": -122.50396, "elevation_m": 51.5, "time": null, "elevation_f": 168.96326, "step_elevation_m": -0.7999999999999972, "step_elevation_f": -2.624672000000004, "step_dist_m": 58.74254202807201, "step_dist_f": 192.72488158737977, "step_grade": -0.013618750097973142, "step_turn": 0.798771318060119, "coast_speed_mps": 2.544753544702072, "coast_speed_mph": 5.692451558478143}, "geometry": {"type": "Point", "coordinates": [-122.50396, 37.83543]}}, {"id": "746", "type": "Feature", "properties": {"name": "easier marin headlands tour", "step": 746, "lat": 37.8356, "lon": -122.50384, "elevation_m": 52.0, "time": null, "elevation_f": 170.60368, "step_elevation_m": 0.5, "step_elevation_f": 1.640420000000006, "step_dist_m": 21.64217806366369, "step_dist_f": 71.00452347839038, "step_grade": 0.02310303512563179, "step_turn": 7.192309027028045, "coast_speed_mps": 0.0, "coast_speed_mph": 0.0}, "geometry": {"type": "Point", "coordinates": [-122.50384, 37.8356]}}, {"id": "747", "type": "Feature", "properties": {"name": "easier marin headlands tour", "step": 747, "lat": 37.83585, "lon": -122.50361, "elevation_m": 53.7, "time": null, "elevation_f": 176.181108, "step_elevation_m": 1.7000000000000028, "step_elevation_f": 5.577427999999998, "step_dist_m": 34.36191215681835, "step_dist_f": 112.73593588057591, "step_grade": 0.049473381814192086, "step_turn": 6.862628740708715, "coast_speed_mps": 0.0, "coast_speed_mph": 0.0}, "geometry": {"type": "Point", "coordinates": [-122.50361, 37.83585]}}, {"id": "748", "type": "Feature", "properties": {"name": "easier marin headlands tour", "step": 748, "lat": 37.8361, "lon": -122.50331, "elevation_m": 54.2, "time": null, "elevation_f": 177.821528, "step_elevation_m": 0.5, "step_elevation_f": 1.640420000000006, "step_dist_m": 38.29955899167991, "step_dist_f": 125.65472512226312, "step_grade": 0.013054980609792887, "step_turn": 7.460743248677318, "coast_speed_mps": 0.0, "coast_speed_mph": 0.0}, "geometry": {"type": "Point", "coordinates": [-122.50331, 37.8361]}}, {"id": "749", "type": "Feature", "properties": {"name": "easier marin headlands tour", "step": 749, "lat": 37.83623, "lon": -122.50314, "elevation_m": 54.5, "time": null, "elevation_f": 178.80578, "step_elevation_m": 0.29999999999999716, "step_elevation_f": 0.9842519999999979, "step_dist_m": 20.780632404338817, "step_dist_f": 68.17793001745096, "step_grade": 0.014436519262876703, "step_turn": 2.461136752643597, "coast_speed_mps": 0.0, "coast_speed_mph": 0.0}, "geometry": {"type": "Point", "coordinates": [-122.50314, 37.83623]}}, {"id": "750", "type": "Feature", "properties": {"name": "easier marin headlands tour", "step": 750, "lat": 37.83631, "lon": -122.50302, "elevation_m": 54.7, "time": null, "elevation_f": 179.461948, "step_elevation_m": 0.20000000000000284, "step_elevation_f": 0.6561680000000081, "step_dist_m": 13.790742715606545, "step_dist_f": 45.24522033107058, "step_grade": 0.014502482145045691, "step_turn": 3.9075926845130766, "coast_speed_mps": 0.0, "coast_speed_mph": 0.0}, "geometry": {"type": "Point", "coordinates": [-122.50302, 37.83631]}}, {"id": "751", "type": "Feature", "properties": {"name": "easier marin headlands tour", "step": 751, "lat": 37.83641, "lon": -122.50278, "elevation_m": 55.3, "time": null, "elevation_f": 181.430452, "step_elevation_m": 0.5999999999999943, "step_elevation_f": 1.9685039999999958, "step_dist_m": 23.829687202452572, "step_dist_f": 78.1813909612945, "step_grade": 0.025178677122469396, "step_turn": 12.353366360247037, "coast_speed_mps": 0.0, "coast_speed_mph": 0.0}, "geometry": {"type": "Point", "coordinates": [-122.50278, 37.83641]}}, {"id": "752", "type": "Feature", "properties": {"name": "easier marin headlands tour", "step": 752, "lat": 37.83656, "lon": -122.50222, "elevation_m": 56.0, "time": null, "elevation_f": 183.72704, "step_elevation_m": 0.7000000000000028, "step_elevation_f": 2.2965879999999856, "step_dist_m": 51.92947379004005, "step_dist_f": 170.372294789315, "step_grade": 0.013479820782128957, "step_turn": 9.080326926858959, "coast_speed_mps": 0.0, "coast_speed_mph": 0.0}, "geometry": {"type": "Point", "coordinates": [-122.50222, 37.83656]}}, {"id": "753", "type": "Feature", "properties": {"name": "easier marin headlands tour", "step": 753, "lat": 37.83671, "lon": -122.50165, "elevation_m": 56.0, "time": null, "elevation_f": 183.72704, "step_elevation_m": 0.0, "step_elevation_f": 0.0, "step_dist_m": 52.76177876917785, "step_dist_f": 173.10295425706946, "step_grade": 0.0, "step_turn": 0.30626368621346955, "coast_speed_mps": 0.0, "coast_speed_mph": 0.0}, "geometry": {"type": "Point", "coordinates": [-122.50165, 37.83671]}}, {"id": "754", "type": "Feature", "properties": {"name": "easier marin headlands tour", "step": 754, "lat": 37.8368, "lon": -122.50145, "elevation_m": 55.7, "time": null, "elevation_f": 182.74278800000002, "step_elevation_m": -0.29999999999999716, "step_elevation_f": -0.9842519999999695, "step_dist_m": 20.214534266470285, "step_dist_f": 66.32065260280636, "step_grade": -0.014840806918693408, "step_turn": 11.245384536258655, "coast_speed_mps": 1.6471571575094979, "coast_speed_mph": 3.684585624350161}, "geometry": {"type": "Point", "coordinates": [-122.50145, 37.8368]}}, {"id": "755", "type": "Feature", "properties": {"name": "easier marin headlands tour", "step": 755, "lat": 37.83697, "lon": -122.50116, "elevation_m": 56.4, "time": null, "elevation_f": 185.039376, "step_elevation_m": 0.6999999999999957, "step_elevation_f": 2.2965879999999856, "step_dist_m": 31.715896680874998, "step_dist_f": 104.05478246648192, "step_grade": 0.022070950950666413, "step_turn": 6.91087145716881, "coast_speed_mps": 0.0, "coast_speed_mph": 0.0}, "geometry": {"type": "Point", "coordinates": [-122.50116, 37.83697]}}, {"id": "756", "type": "Feature", "properties": {"name": "easier marin headlands tour", "step": 756, "lat": 37.83739, "lon": -122.50058, "elevation_m": 63.0, "time": null, "elevation_f": 206.69292, "step_elevation_m": 6.600000000000001, "step_elevation_f": 21.653543999999982, "step_dist_m": 69.1037033129064, "step_dist_f": 226.71819397711585, "step_grade": 0.0955086295464476, "step_turn": 5.933184620332781, "coast_speed_mps": 0.0, "coast_speed_mph": 0.0}, "geometry": {"type": "Point", "coordinates": [-122.50058, 37.83739]}}, {"id": "757", "type": "Feature", "properties": {"name": "easier marin headlands tour", "step": 757, "lat": 37.83781, "lon": -122.5, "elevation_m": 63.6, "time": null, "elevation_f": 208.661424, "step_elevation_m": 0.6000000000000014, "step_elevation_f": 1.9685040000000242, "step_dist_m": 69.1034895627826, "step_dist_f": 226.71749269715966, "step_grade": 0.008682629542968064, "step_turn": 0.0001625035994834434, "coast_speed_mps": 0.0, "coast_speed_mph": 0.0}, "geometry": {"type": "Point", "coordinates": [-122.5, 37.83781]}}, {"id": "758", "type": "Feature", "properties": {"name": "easier marin headlands tour", "step": 758, "lat": 37.83823, "lon": -122.49942, "elevation_m": 65.5, "time": null, "elevation_f": 214.89502, "step_elevation_m": 1.8999999999999986, "step_elevation_f": 6.233595999999977, "step_dist_m": 69.10327581449124, "step_dist_f": 226.71679142321545, "step_grade": 0.027495078599465768, "step_turn": 0.0001625042827413381, "coast_speed_mps": 0.0, "coast_speed_mph": 0.0}, "geometry": {"type": "Point", "coordinates": [-122.49942, 37.83823]}}, {"id": "759", "type": "Feature", "properties": {"name": "easier marin headlands tour", "step": 759, "lat": 37.83843, "lon": -122.49918, "elevation_m": 69.8, "time": null, "elevation_f": 229.00263199999998, "step_elevation_m": 4.299999999999997, "step_elevation_f": 14.107611999999989, "step_dist_m": 30.63918435325151, "step_dist_f": 100.52226159352168, "step_grade": 0.1403431615679962, "step_turn": 4.019815655922287, "coast_speed_mps": 0.0, "coast_speed_mph": 0.0}, "geometry": {"type": "Point", "coordinates": [-122.49918, 37.83843]}}, {"id": "760", "type": "Feature", "properties": {"name": "easier marin headlands tour", "step": 760, "lat": 37.83851, "lon": -122.49908, "elevation_m": 70.9, "time": null, "elevation_f": 232.611556, "step_elevation_m": 1.1000000000000085, "step_elevation_f": 3.60892400000003, "step_dist_m": 12.499885069433956, "step_dist_f": 41.0101229312017, "step_grade": 0.08800080911862503, "step_turn": 1.1687229932017544, "coast_speed_mps": 0.0, "coast_speed_mph": 0.0}, "geometry": {"type": "Point", "coordinates": [-122.49908, 37.83851]}}, {"id": "761", "type": "Feature", "properties": {"name": "easier marin headlands tour", "step": 761, "lat": 37.83873, "lon": -122.49893, "elevation_m": 71.6, "time": null, "elevation_f": 234.908144, "step_elevation_m": 0.6999999999999886, "step_elevation_f": 2.2965879999999856, "step_dist_m": 27.783842926307063, "step_dist_f": 91.15434322634526, "step_grade": 0.02519449889839376, "step_turn": 16.329661471995223, "coast_speed_mps": 0.0, "coast_speed_mph": 0.0}, "geometry": {"type": "Point", "coordinates": [-122.49893, 37.83873]}}, {"id": "762", "type": "Feature", "properties": {"name": "easier marin headlands tour", "step": 762, "lat": 37.8391, "lon": -122.49868, "elevation_m": 73.4, "time": null, "elevation_f": 240.813656, "step_elevation_m": 1.8000000000000114, "step_elevation_f": 5.905512000000016, "step_dist_m": 46.633041204325814, "step_dist_f": 152.9955469048003, "step_grade": 0.03859924108558972, "step_turn": 0.2160306195848989, "coast_speed_mps": 0.0, "coast_speed_mph": 0.0}, "geometry": {"type": "Point", "coordinates": [-122.49868, 37.8391]}}, {"id": "763", "type": "Feature", "properties": {"name": "easier marin headlands tour", "step": 763, "lat": 37.83929, "lon": -122.49854, "elevation_m": 75.9, "time": null, "elevation_f": 249.015756, "step_elevation_m": 2.5, "step_elevation_f": 8.202100000000002, "step_dist_m": 24.443713381360872, "step_dist_f": 80.195912610104, "step_grade": 0.1022757860475623, "step_turn": 2.11090543110447, "coast_speed_mps": 0.0, "coast_speed_mph": 0.0}, "geometry": {"type": "Point", "coordinates": [-122.49854, 37.83929]}}, {"id": "764", "type": "Feature", "properties": {"name": "easier marin headlands tour", "step": 764, "lat": 37.83942, "lon": -122.49842, "elevation_m": 79.4, "time": null, "elevation_f": 260.498696, "step_elevation_m": 3.5, "step_elevation_f": 11.482939999999985, "step_dist_m": 17.888559727152685, "step_dist_f": 58.68950229523162, "step_grade": 0.19565577404688542, "step_turn": 5.895926428376583, "coast_speed_mps": 0.0, "coast_speed_mph": 0.0}, "geometry": {"type": "Point", "coordinates": [-122.49842, 37.83942]}}, {"id": "765", "type": "Feature", "properties": {"name": "easier marin headlands tour", "step": 765, "lat": 37.83984, "lon": -122.49797, "elevation_m": 80.5, "time": null, "elevation_f": 264.10762, "step_elevation_m": 1.0999999999999943, "step_elevation_f": 3.608924000000002, "step_dist_m": 61.17683376663305, "step_dist_f": 200.7114032949204, "step_grade": 0.017980662487308296, "step_turn": 4.144312076930703, "coast_speed_mps": 0.0, "coast_speed_mph": 0.0}, "geometry": {"type": "Point", "coordinates": [-122.49797, 37.83984]}}, {"id": "766", "type": "Feature", "properties": {"name": "easier marin headlands tour", "step": 766, "lat": 37.84027, "lon": -122.4975, "elevation_m": 82.9, "time": null, "elevation_f": 271.98163600000004, "step_elevation_m": 2.4000000000000057, "step_elevation_f": 7.87401600000004, "step_dist_m": 63.16304397913643, "step_dist_f": 207.22784120850997, "step_grade": 0.03799690212512172, "step_turn": 0.5644973295443378, "coast_speed_mps": 0.0, "coast_speed_mph": 0.0}, "geometry": {"type": "Point", "coordinates": [-122.4975, 37.84027]}}, {"id": "767", "type": "Feature", "properties": {"name": "easier marin headlands tour", "step": 767, "lat": 37.84047, "lon": -122.49722, "elevation_m": 87.8, "time": null, "elevation_f": 288.057752, "step_elevation_m": 4.8999999999999915, "step_elevation_f": 16.076115999999956, "step_dist_m": 33.15308570194188, "step_dist_f": 108.769969694359, "step_grade": 0.14779921374597668, "step_turn": 7.071055183178601, "coast_speed_mps": 0.0, "coast_speed_mph": 0.0}, "geometry": {"type": "Point", "coordinates": [-122.49722, 37.84047]}}, {"id": "768", "type": "Feature", "properties": {"name": "easier marin headlands tour", "step": 768, "lat": 37.84054, "lon": -122.4971, "elevation_m": 87.8, "time": null, "elevation_f": 288.057752, "step_elevation_m": 0.0, "step_elevation_f": 0.0, "step_dist_m": 13.100586474809502, "step_dist_f": 42.98092813001401, "step_grade": 0.0, "step_turn": 5.676956397555443, "coast_speed_mps": 0.0, "coast_speed_mph": 0.0}, "geometry": {"type": "Point", "coordinates": [-122.4971, 37.84054]}}, {"id": "769", "type": "Feature", "properties": {"name": "easier marin headlands tour", "step": 769, "lat": 37.84078, "lon": -122.49656, "elevation_m": 87.8, "time": null, "elevation_f": 288.057752, "step_elevation_m": 0.0, "step_elevation_f": 0.0, "step_dist_m": 54.41267991265435, "step_dist_f": 178.51929676463288, "step_grade": 0.0, "step_turn": 7.081295457312535, "coast_speed_mps": 0.0, "coast_speed_mph": 0.0}, "geometry": {"type": "Point", "coordinates": [-122.49656, 37.84078]}}, {"id": "770", "type": "Feature", "properties": {"name": "easier marin headlands tour", "step": 770, "lat": 37.84078, "lon": -122.49656, "elevation_m": 87.8, "time": null, "elevation_f": 288.057752, "step_elevation_m": 0.0, "step_elevation_f": 0.0, "step_dist_m": 0.0, "step_dist_f": 0.0, "step_grade": null, "step_turn": null, "coast_speed_mps": 0.0, "coast_speed_mph": 0.0}, "geometry": {"type": "Point", "coordinates": [-122.49656, 37.84078]}}, {"id": "771", "type": "Feature", "properties": {"name": "easier marin headlands tour", "step": 771, "lat": 37.841, "lon": -122.49609, "elevation_m": 87.4, "time": null, "elevation_f": 286.74541600000003, "step_elevation_m": -0.3999999999999915, "step_elevation_f": -1.3123359999999593, "step_dist_m": 47.9771092133599, "step_dist_f": 157.4052189915597, "step_grade": -0.008337309324351828, "step_turn": null, "coast_speed_mps": 0.5634828638662074, "coast_speed_mph": 1.260475268133068}, "geometry": {"type": "Point", "coordinates": [-122.49609, 37.841]}}, {"id": "772", "type": "Feature", "properties": {"name": "easier marin headlands tour", "step": 772, "lat": 37.84124, "lon": -122.49562, "elevation_m": 88.2, "time": null, "elevation_f": 289.370088, "step_elevation_m": 0.7999999999999972, "step_elevation_f": 2.6246719999999755, "step_dist_m": 49.14818463290778, "step_dist_f": 161.24733007102915, "step_grade": 0.016277305173634984, "step_turn": 2.230874898194827, "coast_speed_mps": 0.0, "coast_speed_mph": 0.0}, "geometry": {"type": "Point", "coordinates": [-122.49562, 37.84124]}}, {"id": "773", "type": "Feature", "properties": {"name": "easier marin headlands tour", "step": 773, "lat": 37.8414, "lon": -122.49534, "elevation_m": 90.2, "time": null, "elevation_f": 295.93176800000003, "step_elevation_m": 2.0, "step_elevation_f": 6.561680000000024, "step_dist_m": 30.349059779874498, "step_dist_f": 99.57040928820345, "step_grade": 0.06589989984883382, "step_turn": 3.0019287396402206, "coast_speed_mps": 0.0, "coast_speed_mph": 0.0}, "geometry": {"type": "Point", "coordinates": [-122.49534, 37.8414]}}, {"id": "774", "type": "Feature", "properties": {"name": "easier marin headlands tour", "step": 774, "lat": 37.84195, "lon": -122.49449, "elevation_m": 96.0, "time": null, "elevation_f": 314.96064, "step_elevation_m": 5.799999999999997, "step_elevation_f": 19.02887199999998, "step_dist_m": 96.49516717285351, "step_dist_f": 316.5852042673847, "step_grade": 0.06010663715013161, "step_turn": 3.44098189623611, "coast_speed_mps": 0.0, "coast_speed_mph": 0.0}, "geometry": {"type": "Point", "coordinates": [-122.49449, 37.84195]}}, {"id": "775", "type": "Feature", "properties": {"name": "easier marin headlands tour", "step": 775, "lat": 37.84202, "lon": -122.49436, "elevation_m": 96.4, "time": null, "elevation_f": 316.272976, "step_elevation_m": 0.4000000000000057, "step_elevation_f": 1.3123360000000162, "step_dist_m": 13.816582619499, "step_dist_f": 45.3299969213571, "step_grade": 0.028950718930706904, "step_turn": 5.042007361586286, "coast_speed_mps": 0.0, "coast_speed_mph": 0.0}, "geometry": {"type": "Point", "coordinates": [-122.49436, 37.84202]}}, {"id": "776", "type": "Feature", "properties": {"name": "easier marin headlands tour", "step": 776, "lat": 37.84207, "lon": -122.49421, "elevation_m": 96.6, "time": null, "elevation_f": 316.92914399999995, "step_elevation_m": 0.19999999999998863, "step_elevation_f": 0.6561679999999228, "step_dist_m": 14.296989435892824, "step_dist_f": 46.90613482085461, "step_grade": 0.013988959066996678, "step_turn": 11.403614564947532, "coast_speed_mps": 0.0, "coast_speed_mph": 0.0}, "geometry": {"type": "Point", "coordinates": [-122.49421, 37.84207]}}, {"id": "777", "type": "Feature", "properties": {"name": "easier marin headlands tour", "step": 777, "lat": 37.8421, "lon": -122.49407, "elevation_m": 96.6, "time": null, "elevation_f": 316.92914399999995, "step_elevation_m": 0.0, "step_elevation_f": 0.0, "step_dist_m": 12.738112410405586, "step_dist_f": 41.791708720555064, "step_grade": 0.0, "step_turn": 7.702937966707509, "coast_speed_mps": 0.0, "coast_speed_mph": 0.0}, "geometry": {"type": "Point", "coordinates": [-122.49407, 37.8421]}}, {"id": "778", "type": "Feature", "properties": {"name": "easier marin headlands tour", "step": 778, "lat": 37.84209, "lon": -122.4939, "elevation_m": 97.1, "time": null, "elevation_f": 318.56956399999996, "step_elevation_m": 0.5, "step_elevation_f": 1.640420000000006, "step_dist_m": 14.9692489120607, "step_dist_f": 49.111710600645225, "step_grade": 0.03340180946534671, "step_turn": 19.441574831765422, "coast_speed_mps": 0.0, "coast_speed_mph": 0.0}, "geometry": {"type": "Point", "coordinates": [-122.4939, 37.84209]}}, {"id": "779", "type": "Feature", "properties": {"name": "easier marin headlands tour", "step": 779, "lat": 37.84206, "lon": -122.49378, "elevation_m": 97.7, "time": null, "elevation_f": 320.538068, "step_elevation_m": 0.6000000000000085, "step_elevation_f": 1.9685040000000527, "step_dist_m": 11.052754945341631, "step_dist_f": 36.26232053487464, "step_grade": 0.054285108370460036, "step_turn": 13.306467446921886, "coast_speed_mps": 0.0, "coast_speed_mph": 0.0}, "geometry": {"type": "Point", "coordinates": [-122.49378, 37.84206]}}, {"id": "780", "type": "Feature", "properties": {"name": "easier marin headlands tour", "step": 780, "lat": 37.84203, "lon": -122.49367, "elevation_m": 98.1, "time": null, "elevation_f": 321.85040399999997, "step_elevation_m": 0.3999999999999915, "step_elevation_f": 1.3123359999999593, "step_dist_m": 10.219032693001978, "step_dist_f": 33.52701122050861, "step_grade": 0.039142648038880686, "step_turn": 1.4860926281672278, "coast_speed_mps": 0.0, "coast_speed_mph": 0.0}, "geometry": {"type": "Point", "coordinates": [-122.49367, 37.84203]}}, {"id": "781", "type": "Feature", "properties": {"name": "easier marin headlands tour", "step": 781, "lat": 37.84186, "lon": -122.49325, "elevation_m": 96.8, "time": null, "elevation_f": 317.585312, "step_elevation_m": -1.2999999999999972, "step_elevation_f": -4.2650919999999815, "step_dist_m": 41.442953773336946, "step_dist_f": 135.96770045771478, "step_grade": -0.031368420482527845, "step_turn": 8.084676740043108, "coast_speed_mps": 4.359026723448364, "coast_speed_mph": 9.750865075716623}, "geometry": {"type": "Point", "coordinates": [-122.49325, 37.84186]}}, {"id": "782", "type": "Feature", "properties": {"name": "easier marin headlands tour", "step": 782, "lat": 37.8415, "lon": -122.49233, "elevation_m": 94.0, "time": null, "elevation_f": 308.39896, "step_elevation_m": -2.799999999999997, "step_elevation_f": -9.186352, "step_dist_m": 90.16044208326906, "step_dist_f": 295.80198480447245, "step_grade": -0.03105574834486741, "step_turn": 0.7788261321884988, "coast_speed_mps": 6.9000123175672705, "coast_speed_mph": 15.434887968788615}, "geometry": {"type": "Point", "coordinates": [-122.49233, 37.8415]}}, {"id": "783", "type": "Feature", "properties": {"name": "easier marin headlands tour", "step": 783, "lat": 37.84115, "lon": -122.49141, "elevation_m": 91.3, "time": null, "elevation_f": 299.540692, "step_elevation_m": -2.700000000000003, "step_elevation_f": -8.85826800000001, "step_dist_m": 89.67263535031742, "step_dist_f": 294.2015689627354, "step_grade": -0.030109519915993473, "step_turn": 0.6367305369502674, "coast_speed_mps": 7.494464526658429, "coast_speed_mph": 16.76463968919654}, "geometry": {"type": "Point", "coordinates": [-122.49141, 37.84115]}}, {"id": "784", "type": "Feature", "properties": {"name": "easier marin headlands tour", "step": 784, "lat": 37.84079, "lon": -122.49049, "elevation_m": 88.5, "time": null, "elevation_f": 290.35434, "step_elevation_m": -2.799999999999997, "step_elevation_f": -9.186352, "step_dist_m": 90.1611389180873, "step_dist_f": 295.80427100801757, "step_grade": -0.031055508322092487, "step_turn": 0.636511119868203, "coast_speed_mps": 7.807742920457129, "coast_speed_mph": 17.46542349780136}, "geometry": {"type": "Point", "coordinates": [-122.49049, 37.84079]}}, {"id": "785", "type": "Feature", "properties": {"name": "easier marin headlands tour", "step": 785, "lat": 37.84044, "lon": -122.48957, "elevation_m": 85.8, "time": null, "elevation_f": 281.49607199999997, "step_elevation_m": -2.700000000000003, "step_elevation_f": -8.85826800000001, "step_dist_m": 89.67333597496544, "step_dist_f": 294.20386760010564, "step_grade": -0.03010928466800628, "step_turn": 0.6367267688378888, "coast_speed_mps": 7.810814445135637, "coast_speed_mph": 17.472294302826658}, "geometry": {"type": "Point", "coordinates": [-122.48957, 37.84044]}}, {"id": "786", "type": "Feature", "properties": {"name": "easier marin headlands tour", "step": 786, "lat": 37.84008, "lon": -122.48865, "elevation_m": 83.0, "time": null, "elevation_f": 272.30971999999997, "step_elevation_m": -2.799999999999997, "step_elevation_f": -9.186352, "step_dist_m": 90.16183574311196, "step_dist_f": 295.8065571794315, "step_grade": -0.031055268306400992, "step_turn": 0.6365073584461811, "coast_speed_mps": 7.918316613232171, "coast_speed_mph": 17.712769804116324}, "geometry": {"type": "Point", "coordinates": [-122.48865, 37.84008]}}, {"id": "787", "type": "Feature", "properties": {"name": "easier marin headlands tour", "step": 787, "lat": 37.83973, "lon": -122.48773, "elevation_m": 80.3, "time": null, "elevation_f": 263.45145199999996, "step_elevation_m": -2.700000000000003, "step_elevation_f": -8.85826800000001, "step_dist_m": 89.67403659202739, "step_dist_f": 294.20616621258716, "step_grade": -0.030109049426242183, "step_turn": 0.6367230002077804, "coast_speed_mps": 7.851055932804453, "coast_speed_mph": 17.56231194703929}, "geometry": {"type": "Point", "coordinates": [-122.48773, 37.83973]}}, {"id": "788", "type": "Feature", "properties": {"name": "easier marin headlands tour", "step": 788, "lat": 37.83937, "lon": -122.48682, "elevation_m": 77.5, "time": null, "elevation_f": 254.2651, "step_elevation_m": -2.799999999999997, "step_elevation_f": -9.186351999999971, "step_dist_m": 89.37653488113173, "step_dist_f": 293.23011069941225, "step_grade": -0.0313281333151248, "step_turn": 0.8864412938805799, "coast_speed_mps": 7.961998208073145, "coast_speed_mph": 17.810482748910918}, "geometry": {"type": "Point", "coordinates": [-122.48682, 37.83937]}}, {"id": "789", "type": "Feature", "properties": {"name": "easier marin headlands tour", "step": 789, "lat": 37.83902, "lon": -122.4859, "elevation_m": 74.8, "time": null, "elevation_f": 245.40683199999998, "step_elevation_m": -2.700000000000003, "step_elevation_f": -8.85826800000001, "step_dist_m": 89.67473719345114, "step_dist_f": 294.2084647737622, "step_grade": -0.030108814193404533, "step_turn": 0.8866569273811251, "coast_speed_mps": 7.8670350668937035, "coast_speed_mph": 17.59805625199914}, "geometry": {"type": "Point", "coordinates": [-122.4859, 37.83902]}}, {"id": "790", "type": "Feature", "properties": {"name": "easier marin headlands tour", "step": 790, "lat": 37.83896, "lon": -122.48567, "elevation_m": 74.2, "time": null, "elevation_f": 243.438328, "step_elevation_m": -0.5999999999999943, "step_elevation_f": -1.9685039999999674, "step_dist_m": 21.270800028883666, "step_dist_f": 69.78609156676269, "step_grade": -0.02820768373475624, "step_turn": 7.441389542639001, "coast_speed_mps": 7.808170166978122, "coast_speed_mph": 17.466379221049824}, "geometry": {"type": "Point", "coordinates": [-122.48567, 37.83896]}}, {"id": "791", "type": "Feature", "properties": {"name": "easier marin headlands tour", "step": 791, "lat": 37.8389, "lon": -122.48524, "elevation_m": 74.0, "time": null, "elevation_f": 242.78216, "step_elevation_m": -0.20000000000000284, "step_elevation_f": -0.6561680000000081, "step_dist_m": 38.34527247835849, "step_dist_f": 125.80470375789766, "step_grade": -0.005215766822699719, "step_turn": 8.259815581762496, "coast_speed_mps": 7.272192570146696, "coast_speed_mph": 16.267431482969506}, "geometry": {"type": "Point", "coordinates": [-122.48524, 37.8389]}}, {"id": "792", "type": "Feature", "properties": {"name": "easier marin headlands tour", "step": 792, "lat": 37.83888, "lon": -122.48509, "elevation_m": 73.2, "time": null, "elevation_f": 240.157488, "step_elevation_m": -0.7999999999999972, "step_elevation_f": -2.624672000000004, "step_dist_m": 13.358656194581298, "step_dist_f": 43.82761358943011, "step_grade": -0.059886263135097595, "step_turn": 0.436802727702684, "coast_speed_mps": 7.47896866469076, "coast_speed_mph": 16.729976433184394}, "geometry": {"type": "Point", "coordinates": [-122.48509, 37.83888]}}, {"id": "793", "type": "Feature", "properties": {"name": "easier marin headlands tour", "step": 793, "lat": 37.83885, "lon": -122.48495, "elevation_m": 71.7, "time": null, "elevation_f": 235.236228, "step_elevation_m": -1.5, "step_elevation_f": -4.9212599999999895, "step_dist_m": 12.73863038821783, "step_dist_f": 41.793408122880585, "step_grade": -0.11775206237142848, "step_turn": 5.597970967039373, "coast_speed_mps": 8.420122839071377, "coast_speed_mph": 18.83527836227489}, "geometry": {"type": "Point", "coordinates": [-122.48495, 37.83885]}}, {"id": "794", "type": "Feature", "properties": {"name": "easier marin headlands tour", "step": 794, "lat": 37.83873, "lon": -122.48459, "elevation_m": 67.4, "time": null, "elevation_f": 221.12861600000002, "step_elevation_m": -4.299999999999997, "step_elevation_f": -14.107611999999989, "step_dist_m": 34.31405994045159, "step_dist_f": 112.5789404150312, "step_grade": -0.12531306430839692, "step_turn": 7.7025937301321505, "coast_speed_mps": 11.514708210404887, "coast_speed_mph": 25.757668688271462}, "geometry": {"type": "Point", "coordinates": [-122.48459, 37.83873]}}, {"id": "795", "type": "Feature", "properties": {"name": "easier marin headlands tour", "step": 795, "lat": 37.83857, "lon": -122.48423, "elevation_m": 66.3, "time": null, "elevation_f": 217.519692, "step_elevation_m": -1.1000000000000085, "step_elevation_f": -3.60892400000003, "step_dist_m": 36.27587069223582, "step_dist_f": 119.01532760191496, "step_grade": -0.030323186708112376, "step_turn": 6.485965952282243, "coast_speed_mps": 10.690819482632744, "coast_speed_mph": 23.914682092503426}, "geometry": {"type": "Point", "coordinates": [-122.48423, 37.83857]}}, {"id": "796", "type": "Feature", "properties": {"name": "easier marin headlands tour", "step": 796, "lat": 37.83836, "lon": -122.48388, "elevation_m": 65.2, "time": null, "elevation_f": 213.91076800000002, "step_elevation_m": -1.0999999999999943, "step_elevation_f": -3.6089239999999734, "step_dist_m": 38.5996313350277, "step_dist_f": 126.63921446921229, "step_grade": -0.028497681505102512, "step_turn": 7.855813747874151, "coast_speed_mps": 9.922857405439709, "coast_speed_mph": 22.196799851108846}, "geometry": {"type": "Point", "coordinates": [-122.48388, 37.83836]}}, {"id": "797", "type": "Feature", "properties": {"name": "easier marin headlands tour", "step": 797, "lat": 37.83824, "lon": -122.48369, "elevation_m": 62.8, "time": null, "elevation_f": 206.03675199999998, "step_elevation_m": -2.4000000000000057, "step_elevation_f": -7.87401600000004, "step_dist_m": 21.364326381615896, "step_dist_f": 70.0929365658607, "step_grade": -0.11233679719783803, "step_turn": 1.4248421618798375, "coast_speed_mps": 11.280402029480571, "coast_speed_mph": 25.233540688709194}, "geometry": {"type": "Point", "coordinates": [-122.48369, 37.83824]}}, {"id": "798", "type": "Feature", "properties": {"name": "easier marin headlands tour", "step": 798, "lat": 37.83814, "lon": -122.48356, "elevation_m": 63.0, "time": null, "elevation_f": 206.69292, "step_elevation_m": 0.20000000000000284, "step_elevation_f": 0.6561680000000081, "step_dist_m": 15.936416011637471, "step_dist_f": 52.28483110762068, "step_grade": 0.012549873186916936, "step_turn": 5.595871038534199, "coast_speed_mps": 10.315522931661482, "coast_speed_mph": 23.075167617352967}, "geometry": {"type": "Point", "coordinates": [-122.48356, 37.83814]}}, {"id": "799", "type": "Feature", "properties": {"name": "easier marin headlands tour", "step": 799, "lat": 37.8379, "lon": -122.48328, "elevation_m": 66.5, "time": null, "elevation_f": 218.17586, "step_elevation_m": 3.5, "step_elevation_f": 11.482940000000013, "step_dist_m": 36.287428962394216, "step_dist_f": 119.05324843698143, "step_grade": 0.09645213508036511, "step_turn": 3.09727409573145, "coast_speed_mps": 4.395295348135403, "coast_speed_mph": 9.831995678541961}, "geometry": {"type": "Point", "coordinates": [-122.48328, 37.8379]}}, {"id": "800", "type": "Feature", "properties": {"name": "easier marin headlands tour", "step": 800, "lat": 37.83787, "lon": -122.48319, "elevation_m": 66.4, "time": null, "elevation_f": 217.847776, "step_elevation_m": -0.09999999999999432, "step_elevation_f": -0.32808399999998983, "step_dist_m": 8.57860432011094, "step_dist_f": 28.14502819759278, "step_grade": -0.011656907845203086, "step_turn": 24.45993601999089, "coast_speed_mps": 3.402099424480923, "coast_speed_mph": 7.6102796717987635}, "geometry": {"type": "Point", "coordinates": [-122.48319, 37.83787]}}, {"id": "801", "type": "Feature", "properties": {"name": "easier marin headlands tour", "step": 801, "lat": 37.83787, "lon": -122.48304, "elevation_m": 64.8, "time": null, "elevation_f": 212.598432, "step_elevation_m": -1.6000000000000085, "step_elevation_f": -5.249344000000008, "step_dist_m": 13.172424580004414, "step_dist_f": 43.21661745906168, "step_grade": -0.12146586911788357, "step_turn": 22.88339726562276, "coast_speed_mps": 5.349988559742747, "coast_speed_mph": 11.967583571364399}, "geometry": {"type": "Point", "coordinates": [-122.48304, 37.83787]}}, {"id": "802", "type": "Feature", "properties": {"name": "easier marin headlands tour", "step": 802, "lat": 37.83738, "lon": -122.483, "elevation_m": 73.5, "time": null, "elevation_f": 241.14174, "step_elevation_m": 8.700000000000003, "step_elevation_f": 28.543307999999996, "step_dist_m": 54.59862644498245, "step_dist_f": 179.12935758575622, "step_grade": 0.15934466792432508, "step_turn": 86.3113037519862, "coast_speed_mps": 0.0, "coast_speed_mph": 0.0}, "geometry": {"type": "Point", "coordinates": [-122.483, 37.83738]}}, {"id": "803", "type": "Feature", "properties": {"name": "easier marin headlands tour", "step": 803, "lat": 37.83717, "lon": -122.483, "elevation_m": 74.7, "time": null, "elevation_f": 245.07874800000002, "step_elevation_m": 1.2000000000000028, "step_elevation_f": 3.93700800000002, "step_dist_m": 23.350934595735005, "step_dist_f": 76.61068025907123, "step_grade": 0.05138980605166785, "step_turn": 3.6887422543450157, "coast_speed_mps": 0.0, "coast_speed_mph": 0.0}, "geometry": {"type": "Point", "coordinates": [-122.483, 37.83717]}}, {"id": "804", "type": "Feature", "properties": {"name": "easier marin headlands tour", "step": 804, "lat": 37.83708, "lon": -122.48302, "elevation_m": 74.7, "time": null, "elevation_f": 245.07874800000002, "step_elevation_m": 0.0, "step_elevation_f": 0.0, "step_dist_m": 10.160494999044197, "step_dist_f": 33.334958412664164, "step_grade": 0.0, "step_turn": 9.954141147962247, "coast_speed_mps": 0.0, "coast_speed_mph": 0.0}, "geometry": {"type": "Point", "coordinates": [-122.48302, 37.83708]}}, {"id": "805", "type": "Feature", "properties": {"name": "easier marin headlands tour", "step": 805, "lat": 37.83693, "lon": -122.48307, "elevation_m": 74.5, "time": null, "elevation_f": 244.42258, "step_elevation_m": -0.20000000000000284, "step_elevation_f": -0.6561680000000081, "step_dist_m": 17.247511769176484, "step_dist_f": 56.58632651278497, "step_grade": -0.01159587554869384, "step_turn": 4.794533039727696, "coast_speed_mps": 1.1031004273003047, "coast_speed_mph": 2.4675653796087675}, "geometry": {"type": "Point", "coordinates": [-122.48307, 37.83693]}}, {"id": "806", "type": "Feature", "properties": {"name": "easier marin headlands tour", "step": 806, "lat": 37.83679, "lon": -122.48314, "elevation_m": 75.4, "time": null, "elevation_f": 247.375336, "step_elevation_m": 0.9000000000000057, "step_elevation_f": 2.9527559999999937, "step_dist_m": 16.737047817950607, "step_dist_f": 54.91157596304507, "step_grade": 0.05377292398213435, "step_turn": 6.7994330256960325, "coast_speed_mps": 0.0, "coast_speed_mph": 0.0}, "geometry": {"type": "Point", "coordinates": [-122.48314, 37.83679]}}, {"id": "807", "type": "Feature", "properties": {"name": "easier marin headlands tour", "step": 807, "lat": 37.83663, "lon": -122.48324, "elevation_m": 81.8, "time": null, "elevation_f": 268.372712, "step_elevation_m": 6.3999999999999915, "step_elevation_f": 20.997375999999974, "step_dist_m": 19.840503813713262, "step_dist_f": 65.09351853218301, "step_grade": 0.3225724538091856, "step_turn": 4.722931940625273, "coast_speed_mps": 0.0, "coast_speed_mph": 0.0}, "geometry": {"type": "Point", "coordinates": [-122.48324, 37.83663]}}, {"id": "808", "type": "Feature", "properties": {"name": "easier marin headlands tour", "step": 808, "lat": 37.83649, "lon": -122.48334, "elevation_m": 83.0, "time": null, "elevation_f": 272.30971999999997, "step_elevation_m": 1.2000000000000028, "step_elevation_f": 3.9370079999999916, "step_dist_m": 17.873444965428707, "step_dist_f": 58.63991318037712, "step_grade": 0.06713870786079991, "step_turn": 3.1570741316538147, "coast_speed_mps": 0.0, "coast_speed_mph": 0.0}, "geometry": {"type": "Point", "coordinates": [-122.48334, 37.83649]}}, {"id": "809", "type": "Feature", "properties": {"name": "easier marin headlands tour", "step": 809, "lat": 37.83637, "lon": -122.48346, "elevation_m": 83.1, "time": null, "elevation_f": 272.63780399999996, "step_elevation_m": 0.09999999999999432, "step_elevation_f": 0.32808399999998983, "step_dist_m": 17.002899654491745, "step_dist_f": 55.783793302442696, "step_grade": 0.005881349771630087, "step_turn": 8.87237306433559, "coast_speed_mps": 0.0, "coast_speed_mph": 0.0}, "geometry": {"type": "Point", "coordinates": [-122.48346, 37.83637]}}, {"id": "810", "type": "Feature", "properties": {"name": "easier marin headlands tour", "step": 810, "lat": 37.83629, "lon": -122.48355, "elevation_m": 82.9, "time": null, "elevation_f": 271.98163600000004, "step_elevation_m": -0.19999999999998863, "step_elevation_f": -0.6561679999999228, "step_dist_m": 11.899529405310656, "step_dist_f": 39.04045205411941, "step_grade": -0.016807387350186335, "step_turn": 3.3202149340940537, "coast_speed_mps": 0.0, "coast_speed_mph": 0.0}, "geometry": {"type": "Point", "coordinates": [-122.48355, 37.83629]}}, {"id": "811", "type": "Feature", "properties": {"name": "easier marin headlands tour", "step": 811, "lat": 37.83621, "lon": -122.48366, "elevation_m": 82.8, "time": null, "elevation_f": 271.653552, "step_elevation_m": -0.10000000000000853, "step_elevation_f": -0.32808400000004667, "step_dist_m": 13.131907895521344, "step_dist_f": 43.08368869994224, "step_grade": -0.0076150397029599685, "step_turn": 5.73829440245683, "coast_speed_mps": 1.0132665642852536, "coast_speed_mph": 2.2666127511749563}, "geometry": {"type": "Point", "coordinates": [-122.48366, 37.83621]}}, {"id": "812", "type": "Feature", "properties": {"name": "easier marin headlands tour", "step": 812, "lat": 37.83608, "lon": -122.4839, "elevation_m": 81.9, "time": null, "elevation_f": 268.700796, "step_elevation_m": -0.8999999999999915, "step_elevation_f": -2.9527559999999653, "step_dist_m": 25.557197269549885, "step_dist_f": 83.84907508983004, "step_grade": -0.03521512904986245, "step_turn": 8.19659550071222, "coast_speed_mps": 3.806148308423306, "coast_speed_mph": 8.514111284053556}, "geometry": {"type": "Point", "coordinates": [-122.4839, 37.83608]}}, {"id": "813", "type": "Feature", "properties": {"name": "easier marin headlands tour", "step": 813, "lat": 37.83576, "lon": -122.48453, "elevation_m": 82.6, "time": null, "elevation_f": 270.99738399999995, "step_elevation_m": 0.6999999999999886, "step_elevation_f": 2.296587999999929, "step_dist_m": 65.78018389827488, "step_dist_f": 215.81425854081618, "step_grade": 0.01064150263067821, "step_turn": 1.6977334471506538, "coast_speed_mps": 0.0, "coast_speed_mph": 0.0}, "geometry": {"type": "Point", "coordinates": [-122.48453, 37.83576]}}, {"id": "814", "type": "Feature", "properties": {"name": "easier marin headlands tour", "step": 814, "lat": 37.83565, "lon": -122.48469, "elevation_m": 82.8, "time": null, "elevation_f": 271.653552, "step_elevation_m": 0.20000000000000284, "step_elevation_f": 0.6561680000000365, "step_dist_m": 18.62897563507857, "step_dist_f": 61.11868842259118, "step_grade": 0.010735963367915978, "step_turn": 8.292957032091493, "coast_speed_mps": 0.0, "coast_speed_mph": 0.0}, "geometry": {"type": "Point", "coordinates": [-122.48469, 37.83565]}}, {"id": "815", "type": "Feature", "properties": {"name": "easier marin headlands tour", "step": 815, "lat": 37.83558, "lon": -122.48478, "elevation_m": 83.0, "time": null, "elevation_f": 272.30971999999997, "step_elevation_m": 0.20000000000000284, "step_elevation_f": 0.6561679999999797, "step_dist_m": 11.09295016687036, "step_dist_f": 36.39419462547495, "step_grade": 0.018029468896138438, "step_turn": 3.521877600949381, "coast_speed_mps": 0.0, "coast_speed_mph": 0.0}, "geometry": {"type": "Point", "coordinates": [-122.48478, 37.83558]}}, {"id": "816", "type": "Feature", "properties": {"name": "easier marin headlands tour", "step": 816, "lat": 37.8355, "lon": -122.48486, "elevation_m": 83.1, "time": null, "elevation_f": 272.63780399999996, "step_elevation_m": 0.09999999999999432, "step_elevation_f": 0.32808399999998983, "step_dist_m": 11.335318967819983, "step_dist_f": 37.18936788238251, "step_grade": 0.008821983773362347, "step_turn": 7.137679711413767, "coast_speed_mps": 0.0, "coast_speed_mph": 0.0}, "geometry": {"type": "Point", "coordinates": [-122.48486, 37.8355]}}, {"id": "817", "type": "Feature", "properties": {"name": "easier marin headlands tour", "step": 817, "lat": 37.83539, "lon": -122.48494, "elevation_m": 83.3, "time": null, "elevation_f": 273.293972, "step_elevation_m": 0.20000000000000284, "step_elevation_f": 0.6561680000000365, "step_dist_m": 14.10553650308047, "step_dist_f": 46.27800838076653, "step_grade": 0.014178829706783955, "step_turn": 8.428487651677813, "coast_speed_mps": 0.0, "coast_speed_mph": 0.0}, "geometry": {"type": "Point", "coordinates": [-122.48494, 37.83539]}}, {"id": "818", "type": "Feature", "properties": {"name": "easier marin headlands tour", "step": 818, "lat": 37.83524, "lon": -122.48499, "elevation_m": 83.5, "time": null, "elevation_f": 273.95014, "step_elevation_m": 0.20000000000000284, "step_elevation_f": 0.6561679999999797, "step_dist_m": 17.247537378290374, "step_dist_f": 56.58641053219019, "step_grade": 0.011595858331157734, "step_turn": 15.123325295244058, "coast_speed_mps": 0.0, "coast_speed_mph": 0.0}, "geometry": {"type": "Point", "coordinates": [-122.48499, 37.83524]}}, {"id": "819", "type": "Feature", "properties": {"name": "easier marin headlands tour", "step": 819, "lat": 37.83508, "lon": -122.48501, "elevation_m": 83.4, "time": null, "elevation_f": 273.62205600000004, "step_elevation_m": -0.09999999999999432, "step_elevation_f": -0.328083999999933, "step_dist_m": 17.87767540622476, "step_dist_f": 58.653792579758445, "step_grade": -0.005593568387821589, "step_turn": 9.110886728628913, "coast_speed_mps": 0.0, "coast_speed_mph": 0.0}, "geometry": {"type": "Point", "coordinates": [-122.48501, 37.83508]}}, {"id": "820", "type": "Feature", "properties": {"name": "easier marin headlands tour", "step": 820, "lat": 37.83494, "lon": -122.485, "elevation_m": 83.3, "time": null, "elevation_f": 273.293972, "step_elevation_m": -0.10000000000000853, "step_elevation_f": -0.32808400000004667, "step_dist_m": 15.592040828194124, "step_dist_f": 51.15499123077241, "step_grade": -0.006413528613854365, "step_turn": 8.86691153947433, "coast_speed_mps": 0.0, "coast_speed_mph": 0.0}, "geometry": {"type": "Point", "coordinates": [-122.485, 37.83494]}}, {"id": "821", "type": "Feature", "properties": {"name": "easier marin headlands tour", "step": 821, "lat": 37.8348, "lon": -122.48496, "elevation_m": 83.1, "time": null, "elevation_f": 272.63780399999996, "step_elevation_m": -0.20000000000000284, "step_elevation_f": -0.6561680000000365, "step_dist_m": 15.958702922354098, "step_dist_f": 52.35795089577622, "step_grade": -0.012532346831261176, "step_turn": 9.487144356774479, "coast_speed_mps": 1.1912690667130397, "coast_speed_mph": 2.6647930089321723}, "geometry": {"type": "Point", "coordinates": [-122.48496, 37.8348]}}, {"id": "822", "type": "Feature", "properties": {"name": "easier marin headlands tour", "step": 822, "lat": 37.83466, "lon": -122.48488, "elevation_m": 83.2, "time": null, "elevation_f": 272.965888, "step_elevation_m": 0.10000000000000853, "step_elevation_f": 0.32808400000004667, "step_dist_m": 17.079211183255097, "step_dist_f": 56.034159218470656, "step_grade": 0.005855071345335383, "step_turn": 11.573962988513244, "coast_speed_mps": 0.0, "coast_speed_mph": 0.0}, "geometry": {"type": "Point", "coordinates": [-122.48488, 37.83466]}}, {"id": "823", "type": "Feature", "properties": {"name": "easier marin headlands tour", "step": 823, "lat": 37.83454, "lon": -122.48479, "elevation_m": 83.2, "time": null, "elevation_f": 272.965888, "step_elevation_m": 0.0, "step_elevation_f": 0.0, "step_dist_m": 15.508585481741024, "step_dist_f": 50.88118759191522, "step_grade": 0.0, "step_turn": 6.35001381739761, "coast_speed_mps": 0.0, "coast_speed_mph": 0.0}, "geometry": {"type": "Point", "coordinates": [-122.48479, 37.83454]}}, {"id": "824", "type": "Feature", "properties": {"name": "easier marin headlands tour", "step": 824, "lat": 37.83442, "lon": -122.48464, "elevation_m": 83.3, "time": null, "elevation_f": 273.293972, "step_elevation_m": 0.09999999999999432, "step_elevation_f": 0.32808399999998983, "step_dist_m": 18.75032815652691, "step_dist_f": 61.51682662905974, "step_grade": 0.0053332399926656615, "step_turn": 13.992018142771542, "coast_speed_mps": 0.0, "coast_speed_mph": 0.0}, "geometry": {"type": "Point", "coordinates": [-122.48464, 37.83442]}}, {"id": "825", "type": "Feature", "properties": {"name": "easier marin headlands tour", "step": 825, "lat": 37.83418, "lon": -122.48421, "elevation_m": 82.9, "time": null, "elevation_f": 271.98163600000004, "step_elevation_m": -0.3999999999999915, "step_elevation_f": -1.3123359999999593, "step_dist_m": 46.24080179070823, "step_dist_f": 151.7086721470272, "step_grade": -0.008650369035780186, "step_turn": 10.119517650304545, "coast_speed_mps": 0.7681430536887438, "coast_speed_mph": 1.7182870742858423}, "geometry": {"type": "Point", "coordinates": [-122.48421, 37.83418]}}, {"id": "826", "type": "Feature", "properties": {"name": "easier marin headlands tour", "step": 826, "lat": 37.83379, "lon": -122.48363, "elevation_m": 82.1, "time": null, "elevation_f": 269.356964, "step_elevation_m": -0.8000000000000114, "step_elevation_f": -2.6246720000000323, "step_dist_m": 66.89614159808247, "step_dist_f": 219.47553720065287, "step_grade": -0.011958836203236912, "step_turn": 5.1617411654262355, "coast_speed_mps": 0.0, "coast_speed_mph": 0.0}, "geometry": {"type": "Point", "coordinates": [-122.48363, 37.83379]}}, {"id": "827", "type": "Feature", "properties": {"name": "easier marin headlands tour", "step": 827, "lat": 37.83371, "lon": -122.48371, "elevation_m": 83.1, "time": null, "elevation_f": 272.63780399999996, "step_elevation_m": 1.0, "step_elevation_f": 3.280839999999955, "step_dist_m": 11.335424621828667, "step_dist_f": 37.18971451628036, "step_grade": 0.08821901546363746, "step_turn": 87.89120318771, "coast_speed_mps": 0.0, "coast_speed_mph": 0.0}, "geometry": {"type": "Point", "coordinates": [-122.48371, 37.83371]}}, {"id": "828", "type": "Feature", "properties": {"name": "easier marin headlands tour", "step": 828, "lat": 37.83367, "lon": -122.48373, "elevation_m": 83.3, "time": null, "elevation_f": 273.293972, "step_elevation_m": 0.20000000000000284, "step_elevation_f": 0.6561680000000365, "step_dist_m": 4.782041383046774, "step_dist_f": 15.68911265115518, "step_grade": 0.04182314287555938, "step_turn": 16.75255352491567, "coast_speed_mps": 0.0, "coast_speed_mph": 0.0}, "geometry": {"type": "Point", "coordinates": [-122.48373, 37.83367]}}, {"id": "829", "type": "Feature", "properties": {"name": "easier marin headlands tour", "step": 829, "lat": 37.83362, "lon": -122.48375, "elevation_m": 83.6, "time": null, "elevation_f": 274.27822399999997, "step_elevation_m": 0.29999999999999716, "step_elevation_f": 0.9842519999999695, "step_dist_m": 5.8305920865980125, "step_dist_f": 19.129239741394223, "step_grade": 0.05145275051732161, "step_turn": 4.016663118854268, "coast_speed_mps": 0.0, "coast_speed_mph": 0.0}, "geometry": {"type": "Point", "coordinates": [-122.48375, 37.83362]}}, {"id": "830", "type": "Feature", "properties": {"name": "easier marin headlands tour", "step": 830, "lat": 37.83358, "lon": -122.48374, "elevation_m": 83.8, "time": null, "elevation_f": 274.934392, "step_elevation_m": 0.20000000000000284, "step_elevation_f": 0.6561680000000365, "step_dist_m": 4.533669141969632, "step_dist_f": 14.874243067739648, "step_grade": 0.04411437926701324, "step_turn": 28.701589155376098, "coast_speed_mps": 0.0, "coast_speed_mph": 0.0}, "geometry": {"type": "Point", "coordinates": [-122.48374, 37.83358]}}, {"id": "831", "type": "Feature", "properties": {"name": "easier marin headlands tour", "step": 831, "lat": 37.83351, "lon": -122.48371, "elevation_m": 84.1, "time": null, "elevation_f": 275.918644, "step_elevation_m": 0.29999999999999716, "step_elevation_f": 0.9842519999999695, "step_dist_m": 8.21744802308835, "step_dist_f": 26.960132172069184, "step_grade": 0.036507684521653795, "step_turn": 7.530828175573333, "coast_speed_mps": 0.0, "coast_speed_mph": 0.0}, "geometry": {"type": "Point", "coordinates": [-122.48371, 37.83351]}}, {"id": "832", "type": "Feature", "properties": {"name": "easier marin headlands tour", "step": 832, "lat": 37.83324, "lon": -122.48349, "elevation_m": 85.6, "time": null, "elevation_f": 280.839904, "step_elevation_m": 1.5, "step_elevation_f": 4.921260000000018, "step_dist_m": 35.70222763029479, "step_dist_f": 117.13329649857637, "step_grade": 0.04201418509603555, "step_turn": 14.062780929153234, "coast_speed_mps": 0.0, "coast_speed_mph": 0.0}, "geometry": {"type": "Point", "coordinates": [-122.48349, 37.83324]}}, {"id": "833", "type": "Feature", "properties": {"name": "easier marin headlands tour", "step": 833, "lat": 37.83321, "lon": -122.48332, "elevation_m": 86.7, "time": null, "elevation_f": 284.448828, "step_elevation_m": 1.1000000000000085, "step_elevation_f": 3.608924000000002, "step_dist_m": 15.297825358608296, "step_dist_f": 50.189717349536444, "step_grade": 0.07190564503215638, "step_turn": 44.64199537763619, "coast_speed_mps": 0.0, "coast_speed_mph": 0.0}, "geometry": {"type": "Point", "coordinates": [-122.48332, 37.83321]}}, {"id": "834", "type": "Feature", "properties": {"name": "easier marin headlands tour", "step": 834, "lat": 37.8332, "lon": -122.48324, "elevation_m": 86.4, "time": null, "elevation_f": 283.464576, "step_elevation_m": -0.29999999999999716, "step_elevation_f": -0.9842519999999695, "step_dist_m": 7.113186127461632, "step_dist_f": 23.337225574421222, "step_grade": -0.04217519331341514, "step_turn": 3.6016102097402154, "coast_speed_mps": 0.0, "coast_speed_mph": 0.0}, "geometry": {"type": "Point", "coordinates": [-122.48324, 37.8332]}}, {"id": "835", "type": "Feature", "properties": {"name": "easier marin headlands tour", "step": 835, "lat": 37.83316, "lon": -122.48317, "elevation_m": 85.9, "time": null, "elevation_f": 281.824156, "step_elevation_m": -0.5, "step_elevation_f": -1.640420000000006, "step_dist_m": 7.587814508947535, "step_dist_f": 24.89440535353543, "step_grade": -0.06589512690517159, "step_turn": 26.892646594925168, "coast_speed_mps": 0.0, "coast_speed_mph": 0.0}, "geometry": {"type": "Point", "coordinates": [-122.48317, 37.83316]}}, {"id": "836", "type": "Feature", "properties": {"name": "easier marin headlands tour", "step": 836, "lat": 37.83307, "lon": -122.48301, "elevation_m": 83.7, "time": null, "elevation_f": 274.606308, "step_elevation_m": -2.200000000000003, "step_elevation_f": -7.217848000000004, "step_dist_m": 17.25095213119185, "step_dist_f": 56.597613790099466, "step_grade": -0.12752919278131505, "step_turn": 0.42750033683381616, "coast_speed_mps": 6.191303632858034, "coast_speed_mph": 13.849551791468386}, "geometry": {"type": "Point", "coordinates": [-122.48301, 37.83307]}}, {"id": "837", "type": "Feature", "properties": {"name": "easier marin headlands tour", "step": 837, "lat": 37.83303, "lon": -122.48293, "elevation_m": 82.8, "time": null, "elevation_f": 271.653552, "step_elevation_m": -0.9000000000000057, "step_elevation_f": -2.952756000000022, "step_dist_m": 8.315292648252413, "step_dist_f": 27.281144732092447, "step_grade": -0.10823431454203293, "step_turn": 3.121938848215734, "coast_speed_mps": 7.289175298031539, "coast_speed_mph": 16.305420763313197}, "geometry": {"type": "Point", "coordinates": [-122.48293, 37.83303]}}, {"id": "838", "type": "Feature", "properties": {"name": "easier marin headlands tour", "step": 838, "lat": 37.83299, "lon": -122.48284, "elevation_m": 82.0, "time": null, "elevation_f": 269.02888, "step_elevation_m": -0.7999999999999972, "step_elevation_f": -2.6246719999999755, "step_dist_m": 9.069494280511124, "step_dist_f": 29.755559615272116, "step_grade": -0.08820778482865001, "step_turn": 2.9689765513137445, "coast_speed_mps": 8.104584650573074, "coast_speed_mph": 18.129439536893933}, "geometry": {"type": "Point", "coordinates": [-122.48284, 37.83299]}}, {"id": "839", "type": "Feature", "properties": {"name": "easier marin headlands tour", "step": 839, "lat": 37.83291, "lon": -122.48247, "elevation_m": 78.4, "time": null, "elevation_f": 257.21785600000004, "step_elevation_m": -3.5999999999999943, "step_elevation_f": -11.811023999999975, "step_dist_m": 33.68977928814457, "step_dist_f": 110.53077547971624, "step_grade": -0.10685733406590864, "step_turn": 14.057637723981372, "coast_speed_mps": 10.471735886997463, "coast_speed_mph": 23.424606046433095}, "geometry": {"type": "Point", "coordinates": [-122.48247, 37.83291]}}, {"id": "840", "type": "Feature", "properties": {"name": "easier marin headlands tour", "step": 840, "lat": 37.83288, "lon": -122.4824, "elevation_m": 78.0, "time": null, "elevation_f": 255.90552, "step_elevation_m": -0.4000000000000057, "step_elevation_f": -1.3123360000000446, "step_dist_m": 6.994297879777454, "step_dist_f": 22.94717225588906, "step_grade": -0.05718944301135956, "step_turn": 13.175540255631802, "coast_speed_mps": 10.76992707199456, "coast_speed_mph": 24.09164073012381}, "geometry": {"type": "Point", "coordinates": [-122.4824, 37.83288]}}, {"id": "841", "type": "Feature", "properties": {"name": "easier marin headlands tour", "step": 841, "lat": 37.83284, "lon": -122.48232, "elevation_m": 77.4, "time": null, "elevation_f": 253.93701600000003, "step_elevation_m": -0.5999999999999943, "step_elevation_f": -1.9685039999999674, "step_dist_m": 8.31530793617882, "step_dist_f": 27.28119488933292, "step_grade": -0.07215607703347612, "step_turn": 3.851007331765004, "coast_speed_mps": 10.894510851022277, "coast_speed_mph": 24.370326706832195}, "geometry": {"type": "Point", "coordinates": [-122.48232, 37.83284]}}, {"id": "842", "type": "Feature", "properties": {"name": "easier marin headlands tour", "step": 842, "lat": 37.8328, "lon": -122.48216, "elevation_m": 76.4, "time": null, "elevation_f": 250.65617600000002, "step_elevation_m": -1.0, "step_elevation_f": -3.280840000000012, "step_dist_m": 14.738687262320557, "step_dist_f": 48.35527471771177, "step_grade": -0.06784864772566952, "step_turn": 14.772289626680788, "coast_speed_mps": 11.13614294917952, "coast_speed_mph": 24.910842316525386}, "geometry": {"type": "Point", "coordinates": [-122.48216, 37.8328]}}, {"id": "843", "type": "Feature", "properties": {"name": "easier marin headlands tour", "step": 843, "lat": 37.83247, "lon": -122.48157, "elevation_m": 74.3, "time": null, "elevation_f": 243.766412, "step_elevation_m": -2.1000000000000085, "step_elevation_f": -6.889764000000014, "step_dist_m": 63.49243965225644, "step_dist_f": 208.308535708709, "step_grade": -0.03307480404756155, "step_turn": 17.740738136598566, "coast_speed_mps": 10.580403631729094, "coast_speed_mph": 23.667688868398987}, "geometry": {"type": "Point", "coordinates": [-122.48157, 37.83247]}}, {"id": "844", "type": "Feature", "properties": {"name": "easier marin headlands tour", "step": 844, "lat": 37.83249, "lon": -122.48148, "elevation_m": 73.3, "time": null, "elevation_f": 240.485572, "step_elevation_m": -1.0, "step_elevation_f": -3.280840000000012, "step_dist_m": 8.210934784033864, "step_dist_f": 26.93876327684966, "step_grade": -0.12178881288212115, "step_turn": 51.019695541347346, "coast_speed_mps": 10.564271156014692, "coast_speed_mph": 23.631601547992755}, "geometry": {"type": "Point", "coordinates": [-122.48148, 37.83249]}}, {"id": "845", "type": "Feature", "properties": {"name": "easier marin headlands tour", "step": 845, "lat": 37.83248, "lon": -122.48139, "elevation_m": 72.7, "time": null, "elevation_f": 238.517068, "step_elevation_m": -0.5999999999999943, "step_elevation_f": -1.9685039999999958, "step_dist_m": 7.9818636951930335, "step_dist_f": 26.18721768573711, "step_grade": -0.07517041419303314, "step_turn": 23.722503439328534, "coast_speed_mps": 10.839565875041416, "coast_speed_mph": 24.24741829599455}, "geometry": {"type": "Point", "coordinates": [-122.48139, 37.83248]}}, {"id": "846", "type": "Feature", "properties": {"name": "easier marin headlands tour", "step": 846, "lat": 37.83246, "lon": -122.4813, "elevation_m": 72.2, "time": null, "elevation_f": 236.87664800000002, "step_elevation_m": -0.5, "step_elevation_f": -1.6404199999999776, "step_dist_m": 8.21093581530468, "step_dist_f": 26.938766660284205, "step_grade": -0.06089439879289164, "step_turn": 7.70671998937064, "coast_speed_mps": 11.01637927097937, "coast_speed_mph": 24.642938598289543}, "geometry": {"type": "Point", "coordinates": [-122.4813, 37.83246]}}, {"id": "847", "type": "Feature", "properties": {"name": "easier marin headlands tour", "step": 847, "lat": 37.83242, "lon": -122.48119, "elevation_m": 71.3, "time": null, "elevation_f": 233.923892, "step_elevation_m": -0.9000000000000057, "step_elevation_f": -2.952756000000022, "step_dist_m": 10.635222032185355, "step_dist_f": 34.892461852075, "step_grade": -0.08462446738547978, "step_turn": 9.007254287981823, "coast_speed_mps": 11.27364837114897, "coast_speed_mph": 25.218433185283104}, "geometry": {"type": "Point", "coordinates": [-122.48119, 37.83242]}}, {"id": "848", "type": "Feature", "properties": {"name": "easier marin headlands tour", "step": 848, "lat": 37.83238, "lon": -122.48112, "elevation_m": 70.6, "time": null, "elevation_f": 231.62730399999998, "step_elevation_m": -0.7000000000000028, "step_elevation_f": -2.296588000000014, "step_dist_m": 7.587867165694926, "step_dist_f": 24.894578111898543, "step_grade": -0.0922525374672784, "step_turn": 11.163987518041381, "coast_speed_mps": 11.494412994136303, "coast_speed_mph": 25.712269582445174}, "geometry": {"type": "Point", "coordinates": [-122.48112, 37.83238]}}, {"id": "849", "type": "Feature", "properties": {"name": "easier marin headlands tour", "step": 849, "lat": 37.83226, "lon": -122.48095, "elevation_m": 70.5, "time": null, "elevation_f": 231.29922, "step_elevation_m": -0.09999999999999432, "step_elevation_f": -0.32808399999998983, "step_dist_m": 20.023664431177302, "step_dist_f": 65.69443921238374, "step_grade": -0.0049940908839988364, "step_turn": 5.902488728916296, "coast_speed_mps": 10.589552489868797, "coast_speed_mph": 23.688154281202547}, "geometry": {"type": "Point", "coordinates": [-122.48095, 37.83226]}}, {"id": "850", "type": "Feature", "properties": {"name": "easier marin headlands tour", "step": 850, "lat": 37.83201, "lon": -122.4807, "elevation_m": 70.3, "time": null, "elevation_f": 230.64305199999998, "step_elevation_m": -0.20000000000000284, "step_elevation_f": -0.6561680000000081, "step_dist_m": 35.423499828671154, "step_dist_f": 116.21883517789747, "step_grade": -0.005645969510842245, "step_turn": 9.909537713665543, "coast_speed_mps": 9.0857783292133, "coast_speed_mph": 20.32430728617862}, "geometry": {"type": "Point", "coordinates": [-122.4807, 37.83201]}}, {"id": "851", "type": "Feature", "properties": {"name": "easier marin headlands tour", "step": 851, "lat": 37.83191, "lon": -122.4806, "elevation_m": 70.2, "time": null, "elevation_f": 230.31496800000002, "step_elevation_m": -0.09999999999999432, "step_elevation_f": -0.3280839999999614, "step_dist_m": 14.169412842910365, "step_dist_f": 46.487576431534045, "step_grade": -0.007057455457657097, "step_turn": 2.010693253851059e-05, "coast_speed_mps": 8.584634796325544, "coast_speed_mph": 19.20328112993364}, "geometry": {"type": "Point", "coordinates": [-122.4806, 37.83191]}}, {"id": "852", "type": "Feature", "properties": {"name": "easier marin headlands tour", "step": 852, "lat": 37.83169, "lon": -122.48042, "elevation_m": 70.1, "time": null, "elevation_f": 229.98688399999998, "step_elevation_m": -0.10000000000000853, "step_elevation_f": -0.32808400000004667, "step_dist_m": 29.12614280367039, "step_dist_f": 95.55821435599397, "step_grade": -0.0034333416777523602, "step_turn": 5.431082407773374, "coast_speed_mps": 7.472032813814614, "coast_speed_mph": 16.714461376643268}, "geometry": {"type": "Point", "coordinates": [-122.48042, 37.83169]}}, {"id": "853", "type": "Feature", "properties": {"name": "easier marin headlands tour", "step": 853, "lat": 37.83145, "lon": -122.48027, "elevation_m": 69.9, "time": null, "elevation_f": 229.33071600000002, "step_elevation_m": -0.19999999999998863, "step_elevation_f": -0.6561679999999512, "step_dist_m": 29.761161963519683, "step_dist_f": 97.64161061639392, "step_grade": -0.006720167722118595, "step_turn": 6.598447448225443, "coast_speed_mps": 6.479047880877239, "coast_speed_mph": 14.493217342692448}, "geometry": {"type": "Point", "coordinates": [-122.48027, 37.83145]}}, {"id": "854", "type": "Feature", "properties": {"name": "easier marin headlands tour", "step": 854, "lat": 37.83133, "lon": -122.4802, "elevation_m": 69.9, "time": null, "elevation_f": 229.33071600000002, "step_elevation_m": 0.0, "step_elevation_f": 0.0, "step_dist_m": 14.691492530012537, "step_dist_f": 48.200436352166335, "step_grade": 0.0, "step_turn": 1.5357789262487813, "coast_speed_mps": 6.048629677077891, "coast_speed_mph": 13.530399241852818}, "geometry": {"type": "Point", "coordinates": [-122.4802, 37.83133]}}, {"id": "855", "type": "Feature", "properties": {"name": "easier marin headlands tour", "step": 855, "lat": 37.83109, "lon": -122.48009, "elevation_m": 69.7, "time": null, "elevation_f": 228.67454800000002, "step_elevation_m": -0.20000000000000284, "step_elevation_f": -0.6561680000000081, "step_dist_m": 28.38155237448373, "step_dist_f": 93.11533229230119, "step_grade": -0.007046830890751829, "step_turn": 4.83650402281512, "coast_speed_mps": 5.354949429690426, "coast_speed_mph": 11.978680721390525}, "geometry": {"type": "Point", "coordinates": [-122.48009, 37.83109]}}, {"id": "856", "type": "Feature", "properties": {"name": "easier marin headlands tour", "step": 856, "lat": 37.83083, "lon": -122.48002, "elevation_m": 69.6, "time": null, "elevation_f": 228.34646399999997, "step_elevation_m": -0.10000000000000853, "step_elevation_f": -0.32808400000004667, "step_dist_m": 29.557093503699367, "step_dist_f": 96.97209465067704, "step_grade": -0.003383282594666912, "step_turn": 7.895494957909477, "coast_speed_mps": 4.469290659612431, "coast_speed_mph": 9.997518476226794}, "geometry": {"type": "Point", "coordinates": [-122.48002, 37.83083]}}, {"id": "857", "type": "Feature", "properties": {"name": "easier marin headlands tour", "step": 857, "lat": 37.83058, "lon": -122.47997, "elevation_m": 69.5, "time": null, "elevation_f": 228.01838, "step_elevation_m": -0.09999999999999432, "step_elevation_f": -0.3280839999999614, "step_dist_m": 28.143425942041063, "step_dist_f": 92.334077567686, "step_grade": -0.0035532276776088175, "step_turn": 3.0282751332686075, "coast_speed_mps": 3.6774916558889355, "coast_speed_mph": 8.22631454878519}, "geometry": {"type": "Point", "coordinates": [-122.47997, 37.83058]}}, {"id": "858", "type": "Feature", "properties": {"name": "easier marin headlands tour", "step": 858, "lat": 37.82976, "lon": -122.47987, "elevation_m": 69.0, "time": null, "elevation_f": 226.37796, "step_elevation_m": -0.5, "step_elevation_f": -1.640420000000006, "step_dist_m": 91.60183448163852, "step_dist_f": 300.5309626407389, "step_grade": -0.0054584059678436285, "step_turn": 3.4747415448350694, "coast_speed_mps": 0.38965553089109445, "coast_speed_mph": 0.8716345984500135}, "geometry": {"type": "Point", "coordinates": [-122.47987, 37.82976]}}, {"id": "859", "type": "Feature", "properties": {"name": "easier marin headlands tour", "step": 859, "lat": 37.82893, "lon": -122.47977, "elevation_m": 68.6, "time": null, "elevation_f": 225.06562399999999, "step_elevation_m": -0.4000000000000057, "step_elevation_f": -1.3123360000000162, "step_dist_m": 92.70873178168041, "step_dist_f": 304.16251557860835, "step_grade": -0.004314588198034731, "step_turn": 0.06582703749575103, "coast_speed_mps": 0.0, "coast_speed_mph": 0.0}, "geometry": {"type": "Point", "coordinates": [-122.47977, 37.82893]}}, {"id": "860", "type": "Feature", "properties": {"name": "easier marin headlands tour", "step": 860, "lat": 37.82811, "lon": -122.47967, "elevation_m": 68.2, "time": null, "elevation_f": 223.753288, "step_elevation_m": -0.3999999999999915, "step_elevation_f": -1.3123359999999877, "step_dist_m": 91.60185331153527, "step_dist_f": 300.53102441861733, "step_grade": -0.004366723876640388, "step_turn": 0.06594931223241929, "coast_speed_mps": 0.0, "coast_speed_mph": 0.0}, "geometry": {"type": "Point", "coordinates": [-122.47967, 37.82811]}}, {"id": "861", "type": "Feature", "properties": {"name": "easier marin headlands tour", "step": 861, "lat": 37.82728, "lon": -122.47958, "elevation_m": 67.8, "time": null, "elevation_f": 222.44095199999998, "step_elevation_m": -0.4000000000000057, "step_elevation_f": -1.3123360000000162, "step_dist_m": 92.62967217252938, "step_dist_f": 303.9031336505213, "step_grade": -0.004318270707630025, "step_turn": 0.606655171379316, "coast_speed_mps": 0.0, "coast_speed_mph": 0.0}, "geometry": {"type": "Point", "coordinates": [-122.47958, 37.82728]}}, {"id": "862", "type": "Feature", "properties": {"name": "easier marin headlands tour", "step": 862, "lat": 37.82728, "lon": -122.47958, "elevation_m": 67.8, "time": null, "elevation_f": 222.44095199999998, "step_elevation_m": 0.0, "step_elevation_f": 0.0, "step_dist_m": 0.0, "step_dist_f": 0.0, "step_grade": null, "step_turn": null, "coast_speed_mps": 0.0, "coast_speed_mph": 0.0}, "geometry": {"type": "Point", "coordinates": [-122.47958, 37.82728]}}, {"id": "863", "type": "Feature", "properties": {"name": "easier marin headlands tour", "step": 863, "lat": 37.82728, "lon": -122.47958, "elevation_m": 67.8, "time": null, "elevation_f": 222.44095199999998, "step_elevation_m": 0.0, "step_elevation_f": 0.0, "step_dist_m": 0.0, "step_dist_f": 0.0, "step_grade": null, "step_turn": null, "coast_speed_mps": 0.0, "coast_speed_mph": 0.0}, "geometry": {"type": "Point", "coordinates": [-122.47958, 37.82728]}}, {"id": "864", "type": "Feature", "properties": {"name": "easier marin headlands tour", "step": 864, "lat": 37.82643, "lon": -122.47948, "elevation_m": 67.3, "time": null, "elevation_f": 220.80053199999998, "step_elevation_m": -0.5, "step_elevation_f": -1.640420000000006, "step_dist_m": 94.92288990540581, "step_dist_f": 311.4268141172516, "step_grade": -0.0052674333924964635, "step_turn": null, "coast_speed_mps": 0.0, "coast_speed_mph": 0.0}, "geometry": {"type": "Point", "coordinates": [-122.47948, 37.82643]}}, {"id": "865", "type": "Feature", "properties": {"name": "easier marin headlands tour", "step": 865, "lat": 37.82558, "lon": -122.47938, "elevation_m": 66.9, "time": null, "elevation_f": 219.48819600000002, "step_elevation_m": -0.3999999999999915, "step_elevation_f": -1.3123359999999593, "step_dist_m": 94.92289926512007, "step_dist_f": 311.4268448249765, "step_grade": -0.0042139462984878895, "step_turn": 6.08002574153943e-05, "coast_speed_mps": 0.0, "coast_speed_mph": 0.0}, "geometry": {"type": "Point", "coordinates": [-122.47938, 37.82558]}}, {"id": "866", "type": "Feature", "properties": {"name": "easier marin headlands tour", "step": 866, "lat": 37.82557, "lon": -122.47941, "elevation_m": 66.9, "time": null, "elevation_f": 219.48819600000002, "step_elevation_m": 0.0, "step_elevation_f": 0.0, "step_dist_m": 2.859939769840695, "step_dist_f": 9.383004794484146, "step_grade": 0.0, "step_turn": 72.42914502195708, "coast_speed_mps": 0.0, "coast_speed_mph": 0.0}, "geometry": {"type": "Point", "coordinates": [-122.47941, 37.82557]}}, {"id": "867", "type": "Feature", "properties": {"name": "easier marin headlands tour", "step": 867, "lat": 37.82556, "lon": -122.47943, "elevation_m": 66.9, "time": null, "elevation_f": 219.48819600000002, "step_elevation_m": 0.0, "step_elevation_f": 0.0, "step_dist_m": 2.078973714649754, "step_dist_f": 6.820780121971499, "step_grade": 0.0, "step_turn": 9.454119976819584, "coast_speed_mps": 0.0, "coast_speed_mph": 0.0}, "geometry": {"type": "Point", "coordinates": [-122.47943, 37.82556]}}, {"id": "868", "type": "Feature", "properties": {"name": "easier marin headlands tour", "step": 868, "lat": 37.82549, "lon": -122.47945, "elevation_m": 66.8, "time": null, "elevation_f": 219.160112, "step_elevation_m": -0.10000000000000853, "step_elevation_f": -0.32808400000001825, "step_dist_m": 7.97940043240629, "step_dist_f": 26.179136114655854, "step_grade": -0.012532269917659997, "step_turn": 44.94843750633618, "coast_speed_mps": 0.0, "coast_speed_mph": 0.0}, "geometry": {"type": "Point", "coordinates": [-122.47945, 37.82549]}}, {"id": "869", "type": "Feature", "properties": {"name": "easier marin headlands tour", "step": 869, "lat": 37.82543, "lon": -122.47943, "elevation_m": 66.8, "time": null, "elevation_f": 219.160112, "step_elevation_m": 0.0, "step_elevation_f": 0.0, "step_dist_m": 6.899074683540683, "step_dist_f": 22.634760184747616, "step_grade": 0.0, "step_turn": 27.46836969365006, "coast_speed_mps": 0.0, "coast_speed_mph": 0.0}, "geometry": {"type": "Point", "coordinates": [-122.47943, 37.82543]}}, {"id": "870", "type": "Feature", "properties": {"name": "easier marin headlands tour", "step": 870, "lat": 37.82541, "lon": -122.4794, "elevation_m": 66.8, "time": null, "elevation_f": 219.160112, "step_elevation_m": 0.0, "step_elevation_f": 0.0, "step_dist_m": 3.447981752146413, "step_dist_f": 11.312276451712037, "step_grade": 0.0, "step_turn": 35.084542090096306, "coast_speed_mps": 0.0, "coast_speed_mph": 0.0}, "geometry": {"type": "Point", "coordinates": [-122.4794, 37.82541]}}, {"id": "871", "type": "Feature", "properties": {"name": "easier marin headlands tour", "step": 871, "lat": 37.82541, "lon": -122.47935, "elevation_m": 66.8, "time": null, "elevation_f": 219.160112, "step_elevation_m": 0.0, "step_elevation_f": 0.0, "step_dist_m": 4.391549768001606, "step_dist_f": 14.407972140850388, "step_grade": 0.0, "step_turn": 40.16460092558634, "coast_speed_mps": 0.0, "coast_speed_mph": 0.0}, "geometry": {"type": "Point", "coordinates": [-122.47935, 37.82541]}}, {"id": "872", "type": "Feature", "properties": {"name": "easier marin headlands tour", "step": 872, "lat": 37.82453, "lon": -122.47925, "elevation_m": 66.3, "time": null, "elevation_f": 217.519692, "step_elevation_m": -0.5, "step_elevation_f": -1.640420000000006, "step_dist_m": 98.24493242148726, "step_dist_f": 322.3259040857123, "step_grade": -0.0050893210232454125, "step_turn": 84.87086202061914, "coast_speed_mps": 0.0, "coast_speed_mph": 0.0}, "geometry": {"type": "Point", "coordinates": [-122.47925, 37.82453]}}, {"id": "873", "type": "Feature", "properties": {"name": "easier marin headlands tour", "step": 873, "lat": 37.82366, "lon": -122.47915, "elevation_m": 65.9, "time": null, "elevation_f": 216.207356, "step_elevation_m": -0.3999999999999915, "step_elevation_f": -1.3123359999999877, "step_dist_m": 97.1374959593125, "step_dist_f": 318.6925822431508, "step_grade": -0.004117874318764996, "step_turn": 0.05869672891742539, "coast_speed_mps": 0.0, "coast_speed_mph": 0.0}, "geometry": {"type": "Point", "coordinates": [-122.47915, 37.82366]}}, {"id": "874", "type": "Feature", "properties": {"name": "easier marin headlands tour", "step": 874, "lat": 37.82279, "lon": -122.47905, "elevation_m": 65.4, "time": null, "elevation_f": 214.56693600000003, "step_elevation_m": -0.5, "step_elevation_f": -1.6404199999999776, "step_dist_m": 97.13750532031823, "step_dist_f": 318.69261295511285, "step_grade": -0.005147342402414108, "step_turn": 6.082273841911956e-05, "coast_speed_mps": 0.0, "coast_speed_mph": 0.0}, "geometry": {"type": "Point", "coordinates": [-122.47905, 37.82279]}}, {"id": "875", "type": "Feature", "properties": {"name": "easier marin headlands tour", "step": 875, "lat": 37.82192, "lon": -122.47895, "elevation_m": 65.0, "time": null, "elevation_f": 213.2546, "step_elevation_m": -0.4000000000000057, "step_elevation_f": -1.3123360000000162, "step_dist_m": 97.137514682255, "step_dist_f": 318.6926436701295, "step_grade": -0.004117873525058155, "step_turn": 6.081883600472793e-05, "coast_speed_mps": 0.0, "coast_speed_mph": 0.0}, "geometry": {"type": "Point", "coordinates": [-122.47895, 37.82192]}}, {"id": "876", "type": "Feature", "properties": {"name": "easier marin headlands tour", "step": 876, "lat": 37.82105, "lon": -122.47885, "elevation_m": 64.6, "time": null, "elevation_f": 211.94226399999997, "step_elevation_m": -0.4000000000000057, "step_elevation_f": -1.3123360000000446, "step_dist_m": 97.13752404452228, "step_dist_f": 318.69267438623046, "step_grade": -0.00411787312817103, "step_turn": 6.082026038711774e-05, "coast_speed_mps": 0.0, "coast_speed_mph": 0.0}, "geometry": {"type": "Point", "coordinates": [-122.47885, 37.82105]}}, {"id": "877", "type": "Feature", "properties": {"name": "easier marin headlands tour", "step": 877, "lat": 37.82018, "lon": -122.47874, "elevation_m": 64.1, "time": null, "elevation_f": 210.301844, "step_elevation_m": -0.5, "step_elevation_f": -1.6404199999999776, "step_dist_m": 97.22089537378324, "step_dist_f": 318.966202378123, "step_grade": -0.005142927331389615, "step_turn": 0.5156035068889651, "coast_speed_mps": 0.0, "coast_speed_mph": 0.0}, "geometry": {"type": "Point", "coordinates": [-122.47874, 37.82018]}}, {"id": "878", "type": "Feature", "properties": {"name": "easier marin headlands tour", "step": 878, "lat": 37.81931, "lon": -122.47864, "elevation_m": 63.7, "time": null, "elevation_f": 208.989508, "step_elevation_m": -0.3999999999999915, "step_elevation_f": -1.3123359999999877, "step_dist_m": 97.13754276822954, "step_dist_f": 318.6927358157182, "step_grade": -0.004117872334431937, "step_turn": 0.5154818739110851, "coast_speed_mps": 0.0, "coast_speed_mph": 0.0}, "geometry": {"type": "Point", "coordinates": [-122.47864, 37.81931]}}, {"id": "879", "type": "Feature", "properties": {"name": "easier marin headlands tour", "step": 879, "lat": 37.81844, "lon": -122.47854, "elevation_m": 63.2, "time": null, "elevation_f": 207.349088, "step_elevation_m": -0.5, "step_elevation_f": -1.640420000000006, "step_dist_m": 97.13755213027578, "step_dist_f": 318.692766531094, "step_grade": -0.005147339921943125, "step_turn": 6.081663741497323e-05, "coast_speed_mps": 0.0, "coast_speed_mph": 0.0}, "geometry": {"type": "Point", "coordinates": [-122.47854, 37.81844]}}, {"id": "880", "type": "Feature", "properties": {"name": "easier marin headlands tour", "step": 880, "lat": 37.81756, "lon": -122.47844, "elevation_m": 62.8, "time": null, "elevation_f": 206.03675199999998, "step_elevation_m": -0.4000000000000057, "step_elevation_f": -1.3123360000000162, "step_dist_m": 98.24500658056316, "step_dist_f": 322.3261473897748, "step_grade": -0.004071453745305585, "step_turn": 0.058579842520543934, "coast_speed_mps": 0.0, "coast_speed_mph": 0.0}, "geometry": {"type": "Point", "coordinates": [-122.47844, 37.81756]}}, {"id": "881", "type": "Feature", "properties": {"name": "easier marin headlands tour", "step": 881, "lat": 37.81669, "lon": -122.47834, "elevation_m": 62.3, "time": null, "elevation_f": 204.396332, "step_elevation_m": -0.5, "step_elevation_f": -1.6404199999999776, "step_dist_m": 97.13757096114612, "step_dist_f": 318.6928283121666, "step_grade": -0.005147338924091422, "step_turn": 0.05870216732000699, "coast_speed_mps": 0.0, "coast_speed_mph": 0.0}, "geometry": {"type": "Point", "coordinates": [-122.47834, 37.81669]}}, {"id": "882", "type": "Feature", "properties": {"name": "easier marin headlands tour", "step": 882, "lat": 37.81582, "lon": -122.47824, "elevation_m": 61.9, "time": null, "elevation_f": 203.08399599999998, "step_elevation_m": -0.3999999999999986, "step_elevation_f": -1.3123360000000162, "step_dist_m": 97.13758032297041, "step_dist_f": 318.69285902681423, "step_grade": -0.004117870742405238, "step_turn": 6.081301933136274e-05, "coast_speed_mps": 0.0, "coast_speed_mph": 0.0}, "geometry": {"type": "Point", "coordinates": [-122.47824, 37.81582]}}, {"id": "883", "type": "Feature", "properties": {"name": "easier marin headlands tour", "step": 883, "lat": 37.81495, "lon": -122.47814, "elevation_m": 61.5, "time": null, "elevation_f": 201.77166, "step_elevation_m": -0.3999999999999986, "step_elevation_f": -1.3123359999999877, "step_dist_m": 97.13758968522328, "step_dist_f": 318.6928897428679, "step_grade": -0.004117870345519261, "step_turn": 6.0810448303527664e-05, "coast_speed_mps": 0.0, "coast_speed_mph": 0.0}, "geometry": {"type": "Point", "coordinates": [-122.47814, 37.81495]}}, {"id": "884", "type": "Feature", "properties": {"name": "easier marin headlands tour", "step": 884, "lat": 37.81408, "lon": -122.47803, "elevation_m": 61.0, "time": null, "elevation_f": 200.13124, "step_elevation_m": -0.5, "step_elevation_f": -1.640420000000006, "step_dist_m": 97.220974729928, "step_dist_f": 318.966462732937, "step_grade": -0.005142923133500354, "step_turn": 0.5156453320799983, "coast_speed_mps": 0.0, "coast_speed_mph": 0.0}, "geometry": {"type": "Point", "coordinates": [-122.47803, 37.81408]}}, {"id": "885", "type": "Feature", "properties": {"name": "easier marin headlands tour", "step": 885, "lat": 37.81407, "lon": -122.47809, "elevation_m": 61.0, "time": null, "elevation_f": 200.13124, "step_elevation_m": 0.0, "step_elevation_f": 0.0, "step_dist_m": 5.386685745779417, "step_dist_f": 17.672854062182942, "step_grade": 0.0, "step_turn": 83.79116377373344, "coast_speed_mps": 0.0, "coast_speed_mph": 0.0}, "geometry": {"type": "Point", "coordinates": [-122.47809, 37.81407]}}, {"id": "886", "type": "Feature", "properties": {"name": "easier marin headlands tour", "step": 886, "lat": 37.81404, "lon": -122.47811, "elevation_m": 61.0, "time": null, "elevation_f": 200.13124, "step_elevation_m": 0.0, "step_elevation_f": 0.0, "step_dist_m": 3.770217973645655, "step_dist_f": 12.36948193665561, "step_grade": 0.0, "step_turn": 50.31263349351292, "coast_speed_mps": 0.0, "coast_speed_mph": 0.0}, "geometry": {"type": "Point", "coordinates": [-122.47811, 37.81404]}}, {"id": "887", "type": "Feature", "properties": {"name": "easier marin headlands tour", "step": 887, "lat": 37.81401, "lon": -122.47811, "elevation_m": 61.0, "time": null, "elevation_f": 200.13124, "step_elevation_m": 0.0, "step_elevation_f": 0.0, "step_dist_m": 3.3358477983802537, "step_dist_f": 10.944382890837872, "step_grade": 0.0, "step_turn": 27.774426047270936, "coast_speed_mps": 0.0, "coast_speed_mph": 0.0}, "geometry": {"type": "Point", "coordinates": [-122.47811, 37.81401]}}, {"id": "888", "type": "Feature", "properties": {"name": "easier marin headlands tour", "step": 888, "lat": 37.81395, "lon": -122.47809, "elevation_m": 60.9, "time": null, "elevation_f": 199.803156, "step_elevation_m": -0.10000000000000142, "step_elevation_f": -0.32808399999998983, "step_dist_m": 6.899144256378786, "step_dist_f": 22.63498844209778, "step_grade": -0.0144945512492428, "step_turn": 14.753066607569622, "coast_speed_mps": 0.0, "coast_speed_mph": 0.0}, "geometry": {"type": "Point", "coordinates": [-122.47809, 37.81395]}}, {"id": "889", "type": "Feature", "properties": {"name": "easier marin headlands tour", "step": 889, "lat": 37.81392, "lon": -122.47806, "elevation_m": 60.9, "time": null, "elevation_f": 199.803156, "step_elevation_m": 0.0, "step_elevation_f": 0.0, "step_dist_m": 4.251222754929265, "step_dist_f": 13.947581663282131, "step_grade": 0.0, "step_turn": 23.55588710298798, "coast_speed_mps": 0.0, "coast_speed_mph": 0.0}, "geometry": {"type": "Point", "coordinates": [-122.47806, 37.81392]}}, {"id": "890", "type": "Feature", "properties": {"name": "easier marin headlands tour", "step": 890, "lat": 37.81392, "lon": -122.47802, "elevation_m": 60.9, "time": null, "elevation_f": 199.803156, "step_elevation_m": 0.0, "step_elevation_f": 0.0, "step_dist_m": 3.5137867401446425, "step_dist_f": 11.528172088536149, "step_grade": 0.0, "step_turn": 51.69105854966432, "coast_speed_mps": 0.0, "coast_speed_mph": 0.0}, "geometry": {"type": "Point", "coordinates": [-122.47802, 37.81392]}}, {"id": "891", "type": "Feature", "properties": {"name": "easier marin headlands tour", "step": 891, "lat": 37.81306, "lon": -122.47792, "elevation_m": 60.4, "time": null, "elevation_f": 198.162736, "step_elevation_m": -0.5, "step_elevation_f": -1.640420000000006, "step_dist_m": 96.03026969963413, "step_dist_f": 315.05995004134763, "step_grade": -0.005206691614674336, "step_turn": 84.75142383723534, "coast_speed_mps": 0.0, "coast_speed_mph": 0.0}, "geometry": {"type": "Point", "coordinates": [-122.47792, 37.81306]}}, {"id": "892", "type": "Feature", "properties": {"name": "easier marin headlands tour", "step": 892, "lat": 37.81221, "lon": -122.47782, "elevation_m": 60.0, "time": null, "elevation_f": 196.8504, "step_elevation_m": -0.3999999999999986, "step_elevation_f": -1.3123359999999877, "step_dist_m": 94.92304649368756, "step_dist_f": 311.4273278583499, "step_grade": -0.004213939762527521, "step_turn": 0.06145795828615519, "coast_speed_mps": 0.0, "coast_speed_mph": 0.0}, "geometry": {"type": "Point", "coordinates": [-122.47782, 37.81221]}}, {"id": "893", "type": "Feature", "properties": {"name": "easier marin headlands tour", "step": 893, "lat": 37.81135, "lon": -122.47772, "elevation_m": 59.6, "time": null, "elevation_f": 195.538064, "step_elevation_m": -0.3999999999999986, "step_elevation_f": -1.3123360000000162, "step_dist_m": 96.0302883115588, "step_dist_f": 315.0600111040946, "step_grade": -0.0041653524844395586, "step_turn": 0.061337076214499575, "coast_speed_mps": 0.0, "coast_speed_mph": 0.0}, "geometry": {"type": "Point", "coordinates": [-122.47772, 37.81135]}}, {"id": "894", "type": "Feature", "properties": {"name": "easier marin headlands tour", "step": 894, "lat": 37.81049, "lon": -122.47761, "elevation_m": 59.1, "time": null, "elevation_f": 193.897644, "step_elevation_m": -0.5, "step_elevation_f": -1.6404199999999776, "step_dist_m": 96.11464210998943, "step_dist_f": 315.33676242013775, "step_grade": -0.005202121019478194, "step_turn": 0.5215554129482598, "coast_speed_mps": 0.0, "coast_speed_mph": 0.0}, "geometry": {"type": "Point", "coordinates": [-122.47761, 37.81049]}}, {"id": "895", "type": "Feature", "properties": {"name": "easier marin headlands tour", "step": 895, "lat": 37.80963, "lon": -122.47751, "elevation_m": 58.7, "time": null, "elevation_f": 192.585308, "step_elevation_m": -0.3999999999999986, "step_elevation_f": -1.3123360000000162, "step_dist_m": 96.03030703153439, "step_dist_f": 315.0600725213393, "step_grade": -0.004165351672453226, "step_turn": 0.5214338273150361, "coast_speed_mps": 0.0, "coast_speed_mph": 0.0}, "geometry": {"type": "Point", "coordinates": [-122.47751, 37.80963]}}, {"id": "896", "type": "Feature", "properties": {"name": "easier marin headlands tour", "step": 896, "lat": 37.80941, "lon": -122.47747, "elevation_m": 58.6, "time": null, "elevation_f": 192.257224, "step_elevation_m": -0.10000000000000142, "step_elevation_f": -0.32808399999998983, "step_dist_m": 24.713980976561725, "step_dist_f": 81.08261734714277, "step_grade": -0.004046292667087489, "step_turn": 2.925574712030425, "coast_speed_mps": 0.0, "coast_speed_mph": 0.0}, "geometry": {"type": "Point", "coordinates": [-122.47747, 37.80941]}}, {"id": "897", "type": "Feature", "properties": {"name": "easier marin headlands tour", "step": 897, "lat": 37.80919, "lon": -122.47741, "elevation_m": 58.5, "time": null, "elevation_f": 191.92914, "step_elevation_m": -0.10000000000000142, "step_elevation_f": -0.32808400000001825, "step_dist_m": 25.024312826515118, "step_dist_f": 82.10076649374386, "step_grade": -0.003996113727208685, "step_turn": 3.9852125345379363, "coast_speed_mps": 0.0, "coast_speed_mph": 0.0}, "geometry": {"type": "Point", "coordinates": [-122.47741, 37.80919]}}, {"id": "898", "type": "Feature", "properties": {"name": "easier marin headlands tour", "step": 898, "lat": 37.80908, "lon": -122.47737, "elevation_m": 58.4, "time": null, "elevation_f": 191.601056, "step_elevation_m": -0.10000000000000142, "step_elevation_f": -0.32808399999998983, "step_dist_m": 12.726211901520383, "step_dist_f": 41.752665054984135, "step_grade": -0.007857797809264402, "step_turn": 3.8694115867569963, "coast_speed_mps": 0.0, "coast_speed_mph": 0.0}, "geometry": {"type": "Point", "coordinates": [-122.47737, 37.80908]}}, {"id": "899", "type": "Feature", "properties": {"name": "easier marin headlands tour", "step": 899, "lat": 37.80883, "lon": -122.47725, "elevation_m": 58.3, "time": null, "elevation_f": 191.27297199999998, "step_elevation_m": -0.10000000000000142, "step_elevation_f": -0.32808400000001825, "step_dist_m": 29.730534854475234, "step_dist_f": 97.54112797195653, "step_grade": -0.003363545273890314, "step_turn": 4.739158095820017, "coast_speed_mps": 0.0, "coast_speed_mph": 0.0}, "geometry": {"type": "Point", "coordinates": [-122.47725, 37.80883]}}, {"id": "900", "type": "Feature", "properties": {"name": "easier marin headlands tour", "step": 900, "lat": 37.80859, "lon": -122.47711, "elevation_m": 58.2, "time": null, "elevation_f": 190.94488800000002, "step_elevation_m": -0.09999999999999432, "step_elevation_f": -0.3280839999999614, "step_dist_m": 29.384566394589722, "step_dist_f": 96.40606081002575, "step_grade": -0.0034031470349824965, "step_turn": 3.9753851588575344, "coast_speed_mps": 0.0, "coast_speed_mph": 0.0}, "geometry": {"type": "Point", "coordinates": [-122.47711, 37.80859]}}, {"id": "901", "type": "Feature", "properties": {"name": "easier marin headlands tour", "step": 901, "lat": 37.80848, "lon": -122.47703, "elevation_m": 58.1, "time": null, "elevation_f": 190.616804, "step_elevation_m": -0.10000000000000142, "step_elevation_f": -0.32808400000001825, "step_dist_m": 14.106812717070977, "step_dist_f": 46.282195434675145, "step_grade": -0.007088773488783128, "step_turn": 5.137772768492823, "coast_speed_mps": 0.0, "coast_speed_mph": 0.0}, "geometry": {"type": "Point", "coordinates": [-122.47703, 37.80848]}}, {"id": "902", "type": "Feature", "properties": {"name": "easier marin headlands tour", "step": 902, "lat": 37.80801, "lon": -122.47665, "elevation_m": 57.8, "time": null, "elevation_f": 189.63255199999998, "step_elevation_m": -0.30000000000000426, "step_elevation_f": -0.9842520000000263, "step_dist_m": 62.014007975923, "step_dist_f": 203.45803792772722, "step_grade": -0.004837616690030413, "step_turn": 2.688292085527223, "coast_speed_mps": 0.0, "coast_speed_mph": 0.0}, "geometry": {"type": "Point", "coordinates": [-122.47665, 37.80801]}}, {"id": "903", "type": "Feature", "properties": {"name": "easier marin headlands tour", "step": 903, "lat": 37.80797, "lon": -122.47662, "elevation_m": 57.8, "time": null, "elevation_f": 189.63255199999998, "step_elevation_m": 0.0, "step_elevation_f": 0.0, "step_dist_m": 5.170012725697991, "step_dist_f": 16.961984550978997, "step_grade": 0.0, "step_turn": 1.9206756656407151, "coast_speed_mps": 0.0, "coast_speed_mph": 0.0}, "geometry": {"type": "Point", "coordinates": [-122.47662, 37.80797]}}, {"id": "904", "type": "Feature", "properties": {"name": "easier marin headlands tour", "step": 904, "lat": 37.8079, "lon": -122.47676, "elevation_m": 57.7, "time": null, "elevation_f": 189.304468, "step_elevation_m": -0.09999999999999432, "step_elevation_f": -0.3280839999999614, "step_dist_m": 14.555297667782082, "step_dist_f": 47.75360280036617, "step_grade": -0.006870350732939163, "step_turn": 88.3211173943493, "coast_speed_mps": 0.0, "coast_speed_mph": 0.0}, "geometry": {"type": "Point", "coordinates": [-122.47676, 37.8079]}}, {"id": "905", "type": "Feature", "properties": {"name": "easier marin headlands tour", "step": 905, "lat": 37.8078, "lon": -122.47686, "elevation_m": 57.7, "time": null, "elevation_f": 189.304468, "step_elevation_m": 0.0, "step_elevation_f": 0.0, "step_dist_m": 14.171191326335274, "step_dist_f": 46.49341135109382, "step_grade": 0.0, "step_turn": 19.360883206618098, "coast_speed_mps": 2.3531216742206365, "coast_speed_mph": 5.263783272683952}, "geometry": {"type": "Point", "coordinates": [-122.47686, 37.8078]}}, {"id": "906", "type": "Feature", "properties": {"name": "easier marin headlands tour", "step": 906, "lat": 37.8078, "lon": -122.4769, "elevation_m": 56.9, "time": null, "elevation_f": 186.67979599999998, "step_elevation_m": -0.8000000000000043, "step_elevation_f": -2.6246720000000323, "step_dist_m": 3.514077993637309, "step_dist_f": 11.52912764464503, "step_grade": -0.22765573258433858, "step_turn": 51.68874023854829, "coast_speed_mps": 2.822433640663377, "coast_speed_mph": 6.313604242715135}, "geometry": {"type": "Point", "coordinates": [-122.4769, 37.8078]}}, {"id": "907", "type": "Feature", "properties": {"name": "easier marin headlands tour", "step": 907, "lat": 37.80763, "lon": -122.47692, "elevation_m": 57.9, "time": null, "elevation_f": 189.960636, "step_elevation_m": 1.0, "step_elevation_f": 3.280840000000012, "step_dist_m": 18.984620133165375, "step_dist_f": 62.28550111769429, "step_grade": 0.05267421697066458, "step_turn": 84.68963859471694, "coast_speed_mps": 0.0, "coast_speed_mph": 0.0}, "geometry": {"type": "Point", "coordinates": [-122.47692, 37.80763]}}, {"id": "908", "type": "Feature", "properties": {"name": "easier marin headlands tour", "step": 908, "lat": 37.80747, "lon": -122.47698, "elevation_m": 59.3, "time": null, "elevation_f": 194.553812, "step_elevation_m": 1.3999999999999986, "step_elevation_f": 4.593176, "step_dist_m": 18.555625623840335, "step_dist_f": 60.87803877172033, "step_grade": 0.0754488168914808, "step_turn": 11.193034007035493, "coast_speed_mps": 0.0, "coast_speed_mph": 0.0}, "geometry": {"type": "Point", "coordinates": [-122.47698, 37.80747]}}, {"id": "909", "type": "Feature", "properties": {"name": "easier marin headlands tour", "step": 909, "lat": 37.80736, "lon": -122.47698, "elevation_m": 60.6, "time": null, "elevation_f": 198.818904, "step_elevation_m": 1.3000000000000043, "step_elevation_f": 4.26509200000001, "step_dist_m": 12.231441931166653, "step_dist_f": 40.1294039454488, "step_grade": 0.10628346251536415, "step_turn": 16.503407671524343, "coast_speed_mps": 0.0, "coast_speed_mph": 0.0}, "geometry": {"type": "Point", "coordinates": [-122.47698, 37.80736]}}, {"id": "910", "type": "Feature", "properties": {"name": "easier marin headlands tour", "step": 910, "lat": 37.80726, "lon": -122.47695, "elevation_m": 61.7, "time": null, "elevation_f": 202.427828, "step_elevation_m": 1.1000000000000014, "step_elevation_f": 3.608924000000002, "step_dist_m": 11.427570952979874, "step_dist_f": 37.49203188537449, "step_grade": 0.09625842661805249, "step_turn": 13.334356369441025, "coast_speed_mps": 0.0, "coast_speed_mph": 0.0}, "geometry": {"type": "Point", "coordinates": [-122.47695, 37.80726]}}, {"id": "911", "type": "Feature", "properties": {"name": "easier marin headlands tour", "step": 911, "lat": 37.807, "lon": -122.47702, "elevation_m": 61.9, "time": null, "elevation_f": 203.08399599999998, "step_elevation_m": 0.19999999999999574, "step_elevation_f": 0.6561679999999797, "step_dist_m": 29.557506438898738, "step_dist_f": 96.97344942499653, "step_grade": 0.006766470656563524, "step_turn": 25.34298105800184, "coast_speed_mps": 0.0, "coast_speed_mph": 0.0}, "geometry": {"type": "Point", "coordinates": [-122.47702, 37.807]}}, {"id": "912", "type": "Feature", "properties": {"name": "easier marin headlands tour", "step": 912, "lat": 37.8069, "lon": -122.47704, "elevation_m": 62.0, "time": null, "elevation_f": 203.41208, "step_elevation_m": 0.10000000000000142, "step_elevation_f": 0.32808400000001825, "step_dist_m": 11.257458604694714, "step_dist_f": 36.933920488626605, "step_grade": 0.008882999574903903, "step_turn": 3.029205806177117, "coast_speed_mps": 0.0, "coast_speed_mph": 0.0}, "geometry": {"type": "Point", "coordinates": [-122.47704, 37.8069]}}, {"id": "913", "type": "Feature", "properties": {"name": "easier marin headlands tour", "step": 913, "lat": 37.80638, "lon": -122.47702, "elevation_m": 56.1, "time": null, "elevation_f": 184.055124, "step_elevation_m": -5.899999999999999, "step_elevation_f": -19.356955999999997, "step_dist_m": 57.84805242913492, "step_dist_f": 189.790204331603, "step_grade": -0.1019913333681825, "step_turn": 10.71998467336789, "coast_speed_mps": 9.371280705523375, "coast_speed_mph": 20.9629579132144}, "geometry": {"type": "Point", "coordinates": [-122.47702, 37.80638]}}, {"id": "914", "type": "Feature", "properties": {"name": "easier marin headlands tour", "step": 914, "lat": 37.80628, "lon": -122.477, "elevation_m": 56.1, "time": null, "elevation_f": 184.055124, "step_elevation_m": 0.0, "step_elevation_f": 0.0, "step_dist_m": 11.257460906452932, "step_dist_f": 36.93392804032704, "step_grade": 0.0, "step_turn": 7.238927229222895, "coast_speed_mps": 9.568141414342588, "coast_speed_mph": 21.40332277725165}, "geometry": {"type": "Point", "coordinates": [-122.477, 37.80628]}}, {"id": "915", "type": "Feature", "properties": {"name": "easier marin headlands tour", "step": 915, "lat": 37.80616, "lon": -122.47696, "elevation_m": 57.3, "time": null, "elevation_f": 187.992132, "step_elevation_m": 1.1999999999999957, "step_elevation_f": 3.9370079999999916, "step_dist_m": 13.798382559162409, "step_dist_f": 45.2702854354024, "step_grade": 0.08696671474753186, "step_turn": 5.775062619399023, "coast_speed_mps": 7.598184389028122, "coast_speed_mph": 16.996654413538195}, "geometry": {"type": "Point", "coordinates": [-122.47696, 37.80616]}}, {"id": "916", "type": "Feature", "properties": {"name": "easier marin headlands tour", "step": 916, "lat": 37.80604, "lon": -122.4769, "elevation_m": 59.4, "time": null, "elevation_f": 194.88189599999998, "step_elevation_m": 2.1000000000000014, "step_elevation_f": 6.889763999999985, "step_dist_m": 14.34684781590101, "step_dist_f": 47.069712188320665, "step_grade": 0.14637361648685734, "step_turn": 6.801706885563249, "coast_speed_mps": 4.073094049679378, "coast_speed_mph": 9.111251900678628}, "geometry": {"type": "Point", "coordinates": [-122.4769, 37.80604]}}, {"id": "917", "type": "Feature", "properties": {"name": "easier marin headlands tour", "step": 917, "lat": 37.80589, "lon": -122.47676, "elevation_m": 60.0, "time": null, "elevation_f": 196.8504, "step_elevation_m": 0.6000000000000014, "step_elevation_f": 1.9685040000000242, "step_dist_m": 20.72381836124504, "step_dist_f": 67.99153223230718, "step_grade": 0.028952193536015667, "step_turn": 14.849528526557265, "coast_speed_mps": 0.0, "coast_speed_mph": 0.0}, "geometry": {"type": "Point", "coordinates": [-122.47676, 37.80589]}}, {"id": "918", "type": "Feature", "properties": {"name": "easier marin headlands tour", "step": 918, "lat": 37.80568, "lon": -122.4765, "elevation_m": 61.1, "time": null, "elevation_f": 200.459324, "step_elevation_m": 1.1000000000000014, "step_elevation_f": 3.608924000000002, "step_dist_m": 32.66541075982879, "step_dist_f": 107.16998623727667, "step_grade": 0.033674764052033825, "step_turn": 7.963216337921267, "coast_speed_mps": 0.0, "coast_speed_mph": 0.0}, "geometry": {"type": "Point", "coordinates": [-122.4765, 37.80568]}}, {"id": "919", "type": "Feature", "properties": {"name": "easier marin headlands tour", "step": 919, "lat": 37.80565, "lon": -122.47646, "elevation_m": 61.3, "time": null, "elevation_f": 201.115492, "step_elevation_m": 0.19999999999999574, "step_elevation_f": 0.6561679999999797, "step_dist_m": 4.8453419624914345, "step_dist_f": 15.896791724220398, "step_grade": 0.04127675642879856, "step_turn": 2.1222911059911667, "coast_speed_mps": 0.0, "coast_speed_mph": 0.0}, "geometry": {"type": "Point", "coordinates": [-122.47646, 37.80565]}}, {"id": "920", "type": "Feature", "properties": {"name": "easier marin headlands tour", "step": 920, "lat": 37.80558, "lon": -122.47642, "elevation_m": 61.6, "time": null, "elevation_f": 202.09974400000002, "step_elevation_m": 0.30000000000000426, "step_elevation_f": 0.9842520000000263, "step_dist_m": 8.540175778328077, "step_dist_f": 28.018950300569887, "step_grade": 0.03512808258130908, "step_turn": 22.19292765521675, "coast_speed_mps": 0.0, "coast_speed_mph": 0.0}, "geometry": {"type": "Point", "coordinates": [-122.47642, 37.80558]}}, {"id": "921", "type": "Feature", "properties": {"name": "easier marin headlands tour", "step": 921, "lat": 37.80554, "lon": -122.47642, "elevation_m": 61.7, "time": null, "elevation_f": 202.427828, "step_elevation_m": 0.10000000000000142, "step_elevation_f": 0.32808399999998983, "step_dist_m": 4.447797065685877, "step_dist_f": 14.592510524984851, "step_grade": 0.02248304014845624, "step_turn": 24.298370840422308, "coast_speed_mps": 0.0, "coast_speed_mph": 0.0}, "geometry": {"type": "Point", "coordinates": [-122.47642, 37.80554]}}, {"id": "922", "type": "Feature", "properties": {"name": "easier marin headlands tour", "step": 922, "lat": 37.8055, "lon": -122.47643, "elevation_m": 61.9, "time": null, "elevation_f": 203.08399599999998, "step_elevation_m": 0.19999999999999574, "step_elevation_f": 0.6561679999999797, "step_dist_m": 4.533733881099961, "step_dist_f": 14.874455466467996, "step_grade": 0.04411374933887217, "step_turn": 11.173462221254937, "coast_speed_mps": 0.0, "coast_speed_mph": 0.0}, "geometry": {"type": "Point", "coordinates": [-122.47643, 37.8055]}}, {"id": "923", "type": "Feature", "properties": {"name": "easier marin headlands tour", "step": 923, "lat": 37.80538, "lon": -122.47651, "elevation_m": 62.2, "time": null, "elevation_f": 204.068248, "step_elevation_m": 0.30000000000000426, "step_elevation_f": 0.9842520000000263, "step_dist_m": 15.081254008900872, "step_dist_f": 49.47918140256234, "step_grade": 0.019892245023056167, "step_turn": 16.60373848886036, "coast_speed_mps": 0.0, "coast_speed_mph": 0.0}, "geometry": {"type": "Point", "coordinates": [-122.47651, 37.80538]}}, {"id": "924", "type": "Feature", "properties": {"name": "easier marin headlands tour", "step": 924, "lat": 37.80518, "lon": -122.47665, "elevation_m": 62.9, "time": null, "elevation_f": 206.364836, "step_elevation_m": 0.6999999999999957, "step_elevation_f": 2.2965879999999856, "step_dist_m": 25.413675625970324, "step_dist_f": 83.37820354070848, "step_grade": 0.027544225018936785, "step_turn": 1.168462109515616, "coast_speed_mps": 0.0, "coast_speed_mph": 0.0}, "geometry": {"type": "Point", "coordinates": [-122.47665, 37.80518]}}, {"id": "925", "type": "Feature", "properties": {"name": "easier marin headlands tour", "step": 925, "lat": 37.8051, "lon": -122.4767, "elevation_m": 63.3, "time": null, "elevation_f": 207.67717199999998, "step_elevation_m": 0.3999999999999986, "step_elevation_f": 1.3123359999999877, "step_dist_m": 9.921083496470581, "step_dist_f": 32.549487578560544, "step_grade": 0.04031817695539991, "step_turn": 2.6649110519773274, "coast_speed_mps": 0.0, "coast_speed_mph": 0.0}, "geometry": {"type": "Point", "coordinates": [-122.4767, 37.8051]}}, {"id": "926", "type": "Feature", "properties": {"name": "easier marin headlands tour", "step": 926, "lat": 37.80496, "lon": -122.47675, "elevation_m": 65.4, "time": null, "elevation_f": 214.56693600000003, "step_elevation_m": 2.1000000000000085, "step_elevation_f": 6.889764000000042, "step_dist_m": 16.175193038172566, "step_dist_f": 53.06822032735808, "step_grade": 0.1298284351255731, "step_turn": 10.522784512483582, "coast_speed_mps": 0.0, "coast_speed_mph": 0.0}, "geometry": {"type": "Point", "coordinates": [-122.47675, 37.80496]}}, {"id": "927", "type": "Feature", "properties": {"name": "easier marin headlands tour", "step": 927, "lat": 37.8048, "lon": -122.47679, "elevation_m": 67.6, "time": null, "elevation_f": 221.78478399999997, "step_elevation_m": 2.1999999999999886, "step_elevation_f": 7.217847999999947, "step_dist_m": 18.13494142740413, "step_dist_f": 59.497841232684564, "step_grade": 0.12131277119403969, "step_turn": 4.5844014325457465, "coast_speed_mps": 0.0, "coast_speed_mph": 0.0}, "geometry": {"type": "Point", "coordinates": [-122.47679, 37.8048]}}, {"id": "928", "type": "Feature", "properties": {"name": "easier marin headlands tour", "step": 928, "lat": 37.80471, "lon": -122.47679, "elevation_m": 67.8, "time": null, "elevation_f": 222.44095199999998, "step_elevation_m": 0.20000000000000284, "step_elevation_f": 0.6561680000000081, "step_dist_m": 10.007543397970053, "step_dist_f": 32.83314868179607, "step_grade": 0.01998492457605242, "step_turn": 11.173565822624255, "coast_speed_mps": 0.0, "coast_speed_mph": 0.0}, "geometry": {"type": "Point", "coordinates": [-122.47679, 37.80471]}}, {"id": "929", "type": "Feature", "properties": {"name": "easier marin headlands tour", "step": 929, "lat": 37.8046, "lon": -122.47677, "elevation_m": 68.3, "time": null, "elevation_f": 224.081372, "step_elevation_m": 0.5, "step_elevation_f": 1.640420000000006, "step_dist_m": 12.357006947082683, "step_dist_f": 40.54136267226675, "step_grade": 0.04046287277665107, "step_turn": 8.174930734524196, "coast_speed_mps": 0.0, "coast_speed_mph": 0.0}, "geometry": {"type": "Point", "coordinates": [-122.47677, 37.8046]}}, {"id": "930", "type": "Feature", "properties": {"name": "easier marin headlands tour", "step": 930, "lat": 37.80444, "lon": -122.4767, "elevation_m": 70.1, "time": null, "elevation_f": 229.98688399999998, "step_elevation_m": 1.7999999999999972, "step_elevation_f": 5.905511999999987, "step_dist_m": 18.82412729343333, "step_dist_f": 61.75894978938781, "step_grade": 0.09562196281088234, "step_turn": 10.893908123560095, "coast_speed_mps": 0.0, "coast_speed_mph": 0.0}, "geometry": {"type": "Point", "coordinates": [-122.4767, 37.80444]}}, {"id": "931", "type": "Feature", "properties": {"name": "easier marin headlands tour", "step": 931, "lat": 37.80438, "lon": -122.47665, "elevation_m": 71.6, "time": null, "elevation_f": 234.908144, "step_elevation_m": 1.5, "step_elevation_f": 4.921260000000018, "step_dist_m": 7.988003907900925, "step_dist_f": 26.20736274119767, "step_grade": 0.18778158064198638, "step_turn": 14.293010688435402, "coast_speed_mps": 0.0, "coast_speed_mph": 0.0}, "geometry": {"type": "Point", "coordinates": [-122.47665, 37.80438]}}, {"id": "932", "type": "Feature", "properties": {"name": "easier marin headlands tour", "step": 932, "lat": 37.80435, "lon": -122.47658, "elevation_m": 72.4, "time": null, "elevation_f": 237.53281600000003, "step_elevation_m": 0.8000000000000114, "step_elevation_f": 2.6246720000000323, "step_dist_m": 6.99638676752269, "step_dist_f": 22.954025562359142, "step_grade": 0.11434473630211824, "step_turn": 28.16183323493749, "coast_speed_mps": 0.0, "coast_speed_mph": 0.0}, "geometry": {"type": "Point", "coordinates": [-122.47658, 37.80435]}}, {"id": "933", "type": "Feature", "properties": {"name": "easier marin headlands tour", "step": 933, "lat": 37.80433, "lon": -122.47638, "elevation_m": 72.0, "time": null, "elevation_f": 236.22048, "step_elevation_m": -0.4000000000000057, "step_elevation_f": -1.3123360000000162, "step_dist_m": 17.711387815030864, "step_dist_f": 58.10822959906586, "step_grade": -0.02258433975798009, "step_turn": 21.263097481133002, "coast_speed_mps": 1.0014115212219399, "coast_speed_mph": 2.2400937751027623}, "geometry": {"type": "Point", "coordinates": [-122.47638, 37.80433]}}, {"id": "934", "type": "Feature", "properties": {"name": "easier marin headlands tour", "step": 934, "lat": 37.80429, "lon": -122.47628, "elevation_m": 72.1, "time": null, "elevation_f": 236.54856399999997, "step_elevation_m": 0.09999999999999432, "step_elevation_f": 0.3280839999999614, "step_dist_m": 9.847326786388523, "step_dist_f": 32.30750361385492, "step_grade": 0.010155040263132062, "step_turn": 19.63798813895454, "coast_speed_mps": 0.0, "coast_speed_mph": 0.0}, "geometry": {"type": "Point", "coordinates": [-122.47628, 37.80429]}}, {"id": "935", "type": "Feature", "properties": {"name": "easier marin headlands tour", "step": 935, "lat": 37.80423, "lon": -122.47619, "elevation_m": 72.5, "time": null, "elevation_f": 237.8609, "step_elevation_m": 0.4000000000000057, "step_elevation_f": 1.3123360000000162, "step_dist_m": 10.345677028365555, "step_dist_f": 33.942511021742845, "step_grade": 0.03866349190133176, "step_turn": 13.305265142060648, "coast_speed_mps": 0.0, "coast_speed_mph": 0.0}, "geometry": {"type": "Point", "coordinates": [-122.47619, 37.80423]}}, {"id": "936", "type": "Feature", "properties": {"name": "easier marin headlands tour", "step": 936, "lat": 37.80416, "lon": -122.47613, "elevation_m": 73.0, "time": null, "elevation_f": 239.50132, "step_elevation_m": 0.5, "step_elevation_f": 1.640420000000006, "step_dist_m": 9.400665642817584, "step_dist_f": 30.842079867581642, "step_grade": 0.053187722975980574, "step_turn": 15.736187766626529, "coast_speed_mps": 0.0, "coast_speed_mph": 0.0}, "geometry": {"type": "Point", "coordinates": [-122.47613, 37.80416]}}, {"id": "937", "type": "Feature", "properties": {"name": "easier marin headlands tour", "step": 937, "lat": 37.80408, "lon": -122.47608, "elevation_m": 73.2, "time": null, "elevation_f": 240.157488, "step_elevation_m": 0.20000000000000284, "step_elevation_f": 0.6561680000000081, "step_dist_m": 9.921110359994874, "step_dist_f": 32.54957571348558, "step_grade": 0.02015903389266463, "step_turn": 7.826273289648782, "coast_speed_mps": 0.0, "coast_speed_mph": 0.0}, "geometry": {"type": "Point", "coordinates": [-122.47608, 37.80408]}}, {"id": "938", "type": "Feature", "properties": {"name": "easier marin headlands tour", "step": 938, "lat": 37.804, "lon": -122.47604, "elevation_m": 73.3, "time": null, "elevation_f": 240.485572, "step_elevation_m": 0.09999999999999432, "step_elevation_f": 0.32808399999998983, "step_dist_m": 9.564601226351419, "step_dist_f": 31.37992628746279, "step_grade": 0.010455218950946378, "step_turn": 4.724263395488947, "coast_speed_mps": 0.0, "coast_speed_mph": 0.0}, "geometry": {"type": "Point", "coordinates": [-122.47604, 37.804]}}, {"id": "939", "type": "Feature", "properties": {"name": "easier marin headlands tour", "step": 939, "lat": 37.80393, "lon": -122.47602, "elevation_m": 73.7, "time": null, "elevation_f": 241.797908, "step_elevation_m": 0.4000000000000057, "step_elevation_f": 1.3123360000000162, "step_dist_m": 7.979513398892267, "step_dist_f": 26.179506739621704, "step_grade": 0.050128369990021515, "step_turn": 8.83571148289002, "coast_speed_mps": 0.0, "coast_speed_mph": 0.0}, "geometry": {"type": "Point", "coordinates": [-122.47602, 37.80393]}}, {"id": "940", "type": "Feature", "properties": {"name": "easier marin headlands tour", "step": 940, "lat": 37.80386, "lon": -122.47602, "elevation_m": 74.3, "time": null, "elevation_f": 243.766412, "step_elevation_m": 0.5999999999999943, "step_elevation_f": 1.9685039999999958, "step_dist_m": 7.783644865480777, "step_dist_f": 25.53689342046395, "step_grade": 0.07708470907516587, "step_turn": 12.72109104692072, "coast_speed_mps": 0.0, "coast_speed_mph": 0.0}, "geometry": {"type": "Point", "coordinates": [-122.47602, 37.80386]}}, {"id": "941", "type": "Feature", "properties": {"name": "easier marin headlands tour", "step": 941, "lat": 37.8038, "lon": -122.47605, "elevation_m": 74.9, "time": null, "elevation_f": 245.73491600000003, "step_elevation_m": 0.6000000000000085, "step_elevation_f": 1.9685040000000242, "step_dist_m": 7.173453673131906, "step_dist_f": 23.53495374895808, "step_grade": 0.08364171950357777, "step_turn": 21.556855129786612, "coast_speed_mps": 0.0, "coast_speed_mph": 0.0}, "geometry": {"type": "Point", "coordinates": [-122.47605, 37.8038]}}, {"id": "942", "type": "Feature", "properties": {"name": "easier marin headlands tour", "step": 942, "lat": 37.80378, "lon": -122.47603, "elevation_m": 74.9, "time": null, "elevation_f": 245.73491600000003, "step_elevation_m": 0.0, "step_elevation_f": 0.0, "step_dist_m": 2.8342981504724256, "step_dist_f": 9.298878743995953, "step_grade": 0.0, "step_turn": 59.8696348685406, "coast_speed_mps": 0.0, "coast_speed_mph": 0.0}, "geometry": {"type": "Point", "coordinates": [-122.47603, 37.80378]}}, {"id": "943", "type": "Feature", "properties": {"name": "easier marin headlands tour", "step": 943, "lat": 37.80373, "lon": -122.47602, "elevation_m": 75.1, "time": null, "elevation_f": 246.39108399999998, "step_elevation_m": 0.19999999999998863, "step_elevation_f": 0.6561679999999512, "step_dist_m": 5.628735235164095, "step_dist_f": 18.46697970893577, "step_grade": 0.0355319608480675, "step_turn": 29.332981793465024, "coast_speed_mps": 0.0, "coast_speed_mph": 0.0}, "geometry": {"type": "Point", "coordinates": [-122.47602, 37.80373]}}, {"id": "944", "type": "Feature", "properties": {"name": "easier marin headlands tour", "step": 944, "lat": 37.80363, "lon": -122.47602, "elevation_m": 75.5, "time": null, "elevation_f": 247.70342, "step_elevation_m": 0.4000000000000057, "step_elevation_f": 1.3123360000000162, "step_dist_m": 11.119492664568353, "step_dist_f": 36.48127631362244, "step_grade": 0.03597286423638585, "step_turn": 8.979797945288965, "coast_speed_mps": 0.0, "coast_speed_mph": 0.0}, "geometry": {"type": "Point", "coordinates": [-122.47602, 37.80363]}}, {"id": "945", "type": "Feature", "properties": {"name": "easier marin headlands tour", "step": 945, "lat": 37.80353, "lon": -122.47603, "elevation_m": 75.7, "time": null, "elevation_f": 248.359588, "step_elevation_m": 0.20000000000000284, "step_elevation_f": 0.6561680000000081, "step_dist_m": 11.15414729237354, "step_dist_f": 36.594972602710804, "step_grade": 0.017930550382524484, "step_turn": 4.5176529719145435, "coast_speed_mps": 0.0, "coast_speed_mph": 0.0}, "geometry": {"type": "Point", "coordinates": [-122.47603, 37.80353]}}, {"id": "946", "type": "Feature", "properties": {"name": "easier marin headlands tour", "step": 946, "lat": 37.80345, "lon": -122.47605, "elevation_m": 75.8, "time": null, "elevation_f": 248.687672, "step_elevation_m": 0.09999999999999432, "step_elevation_f": 0.32808399999998983, "step_dist_m": 9.067477122587686, "step_dist_f": 29.748941642870584, "step_grade": 0.011028425950023926, "step_turn": 6.656111727290437, "coast_speed_mps": 0.0, "coast_speed_mph": 0.0}, "geometry": {"type": "Point", "coordinates": [-122.47605, 37.80345]}}, {"id": "947", "type": "Feature", "properties": {"name": "easier marin headlands tour", "step": 947, "lat": 37.80335, "lon": -122.47611, "elevation_m": 76.1, "time": null, "elevation_f": 249.671924, "step_elevation_m": 0.29999999999999716, "step_elevation_f": 0.9842519999999979, "step_dist_m": 12.305734536361504, "step_dist_f": 40.37314609627627, "step_grade": 0.024378877921796906, "step_turn": 14.19053569624208, "coast_speed_mps": 0.0, "coast_speed_mph": 0.0}, "geometry": {"type": "Point", "coordinates": [-122.47611, 37.80335]}}, {"id": "948", "type": "Feature", "properties": {"name": "easier marin headlands tour", "step": 948, "lat": 37.80324, "lon": -122.47618, "elevation_m": 76.5, "time": null, "elevation_f": 250.98426, "step_elevation_m": 0.4000000000000057, "step_elevation_f": 1.3123360000000162, "step_dist_m": 13.690537421807232, "step_dist_f": 44.91646279496204, "step_grade": 0.02921726062870681, "step_turn": 1.3291304086986884, "coast_speed_mps": 0.0, "coast_speed_mph": 0.0}, "geometry": {"type": "Point", "coordinates": [-122.47618, 37.80324]}}, {"id": "949", "type": "Feature", "properties": {"name": "easier marin headlands tour", "step": 949, "lat": 37.8032, "lon": -122.47608, "elevation_m": 76.0, "time": null, "elevation_f": 249.34384, "step_elevation_m": -0.5, "step_elevation_f": -1.640420000000006, "step_dist_m": 9.847442471022914, "step_dist_f": 32.307883156630815, "step_grade": -0.05077460482468418, "step_turn": 89.84256367974427, "coast_speed_mps": 0.0, "coast_speed_mph": 0.0}, "geometry": {"type": "Point", "coordinates": [-122.47608, 37.8032]}}, {"id": "950", "type": "Feature", "properties": {"name": "easier marin headlands tour", "step": 950, "lat": 37.80255, "lon": -122.4765, "elevation_m": 80.0, "time": null, "elevation_f": 262.4672, "step_elevation_m": 4.0, "step_elevation_f": 13.123359999999991, "step_dist_m": 81.151416123225, "step_dist_f": 266.2448120737215, "step_grade": 0.04929057545867306, "step_turn": 90.19547426096386, "coast_speed_mps": 0.0, "coast_speed_mph": 0.0}, "geometry": {"type": "Point", "coordinates": [-122.4765, 37.80255]}}, {"id": "951", "type": "Feature", "properties": {"name": "easier marin headlands tour", "step": 951, "lat": 37.80226, "lon": -122.4767, "elevation_m": 82.5, "time": null, "elevation_f": 270.6693, "step_elevation_m": 2.5, "step_elevation_f": 8.20210000000003, "step_dist_m": 36.7233212971939, "step_dist_f": 120.48334144468564, "step_grade": 0.06807663118942975, "step_turn": 1.5404262087996017, "coast_speed_mps": 0.0, "coast_speed_mph": 0.0}, "geometry": {"type": "Point", "coordinates": [-122.4767, 37.80226]}}, {"id": "952", "type": "Feature", "properties": {"name": "easier marin headlands tour", "step": 952, "lat": 37.80213, "lon": -122.47683, "elevation_m": 82.7, "time": null, "elevation_f": 271.325468, "step_elevation_m": 0.20000000000000284, "step_elevation_f": 0.6561679999999797, "step_dist_m": 18.423090895191493, "step_dist_f": 60.44321353258005, "step_grade": 0.010855941662438615, "step_turn": 9.72664774530233, "coast_speed_mps": 0.0, "coast_speed_mph": 0.0}, "geometry": {"type": "Point", "coordinates": [-122.47683, 37.80213]}}, {"id": "953", "type": "Feature", "properties": {"name": "easier marin headlands tour", "step": 953, "lat": 37.80188, "lon": -122.47713, "elevation_m": 83.6, "time": null, "elevation_f": 274.27822399999997, "step_elevation_m": 0.8999999999999915, "step_elevation_f": 2.9527559999999653, "step_dist_m": 38.307902045725235, "step_dist_f": 125.68209734769718, "step_grade": 0.02349384727270446, "step_turn": 5.162419767659372, "coast_speed_mps": 0.0, "coast_speed_mph": 0.0}, "geometry": {"type": "Point", "coordinates": [-122.47713, 37.80188]}}, {"id": "954", "type": "Feature", "properties": {"name": "easier marin headlands tour", "step": 954, "lat": 37.80177, "lon": -122.47724, "elevation_m": 84.4, "time": null, "elevation_f": 276.902896, "step_elevation_m": 0.8000000000000114, "step_elevation_f": 2.6246720000000323, "step_dist_m": 15.588799232715779, "step_dist_f": 51.144356074663236, "step_grade": 0.05131889814329468, "step_turn": 5.162286285786308, "coast_speed_mps": 0.0, "coast_speed_mph": 0.0}, "geometry": {"type": "Point", "coordinates": [-122.47724, 37.80177]}}, {"id": "955", "type": "Feature", "properties": {"name": "easier marin headlands tour", "step": 955, "lat": 37.80164, "lon": -122.47733, "elevation_m": 85.7, "time": null, "elevation_f": 281.167988, "step_elevation_m": 1.2999999999999972, "step_elevation_f": 4.2650919999999815, "step_dist_m": 16.47673222408651, "step_dist_f": 54.05752215007199, "step_grade": 0.07889913984883436, "step_turn": 9.63407840844738, "coast_speed_mps": 0.0, "coast_speed_mph": 0.0}, "geometry": {"type": "Point", "coordinates": [-122.47733, 37.80164]}}, {"id": "956", "type": "Feature", "properties": {"name": "easier marin headlands tour", "step": 956, "lat": 37.80149, "lon": -122.47742, "elevation_m": 86.6, "time": null, "elevation_f": 284.120744, "step_elevation_m": 0.8999999999999915, "step_elevation_f": 2.952756000000022, "step_dist_m": 18.458685960401617, "step_dist_f": 60.55999524632404, "step_grade": 0.048757533549826405, "step_turn": 3.314609818231844, "coast_speed_mps": 0.0, "coast_speed_mph": 0.0}, "geometry": {"type": "Point", "coordinates": [-122.47742, 37.80149]}}, {"id": "957", "type": "Feature", "properties": {"name": "easier marin headlands tour", "step": 957, "lat": 37.80109, "lon": -122.47759, "elevation_m": 86.6, "time": null, "elevation_f": 284.120744, "step_elevation_m": 0.0, "step_elevation_f": 0.0, "step_dist_m": 46.91884899777936, "step_dist_f": 153.93323654587442, "step_grade": 0.0, "step_turn": 6.802241616674394, "coast_speed_mps": 0.0, "coast_speed_mph": 0.0}, "geometry": {"type": "Point", "coordinates": [-122.47759, 37.80109]}}, {"id": "958", "type": "Feature", "properties": {"name": "easier marin headlands tour", "step": 958, "lat": 37.80089, "lon": -122.4777, "elevation_m": 86.7, "time": null, "elevation_f": 284.448828, "step_elevation_m": 0.10000000000000853, "step_elevation_f": 0.32808399999998983, "step_dist_m": 24.24823849597379, "step_dist_f": 79.55459078713065, "step_grade": 0.004124010905642184, "step_turn": 4.92618926060922, "coast_speed_mps": 0.0, "coast_speed_mph": 0.0}, "geometry": {"type": "Point", "coordinates": [-122.4777, 37.80089]}}, {"id": "959", "type": "Feature", "properties": {"name": "easier marin headlands tour", "step": 959, "lat": 37.80075, "lon": -122.4778, "elevation_m": 86.9, "time": null, "elevation_f": 285.104996, "step_elevation_m": 0.20000000000000284, "step_elevation_f": 0.6561680000000365, "step_dist_m": 17.875534972439468, "step_dist_f": 58.646770158978306, "step_grade": 0.011188476334183184, "step_turn": 5.951178074962058, "coast_speed_mps": 0.0, "coast_speed_mph": 0.0}, "geometry": {"type": "Point", "coordinates": [-122.4778, 37.80075]}}, {"id": "960", "type": "Feature", "properties": {"name": "easier marin headlands tour", "step": 960, "lat": 37.80039, "lon": -122.4781, "elevation_m": 86.7, "time": null, "elevation_f": 284.448828, "step_elevation_m": -0.20000000000000284, "step_elevation_f": -0.6561680000000365, "step_dist_m": 47.92877705585243, "step_dist_f": 157.2466489159229, "step_grade": -0.0041728584012677514, "step_turn": 3.923308077701421, "coast_speed_mps": 0.0, "coast_speed_mph": 0.0}, "geometry": {"type": "Point", "coordinates": [-122.4781, 37.80039]}}, {"id": "961", "type": "Feature", "properties": {"name": "easier marin headlands tour", "step": 961, "lat": 37.80037, "lon": -122.47805, "elevation_m": 87.5, "time": null, "elevation_f": 287.0735, "step_elevation_m": 0.7999999999999972, "step_elevation_f": 2.6246720000000323, "step_dist_m": 4.923871939348798, "step_dist_f": 16.15443601349311, "step_grade": 0.16247376248899772, "step_turn": 96.51329972575749, "coast_speed_mps": 0.0, "coast_speed_mph": 0.0}, "geometry": {"type": "Point", "coordinates": [-122.47805, 37.80037]}}, {"id": "962", "type": "Feature", "properties": {"name": "easier marin headlands tour", "step": 962, "lat": 37.80034, "lon": -122.47805, "elevation_m": 87.7, "time": null, "elevation_f": 287.729668, "step_elevation_m": 0.20000000000000284, "step_elevation_f": 0.6561679999999797, "step_dist_m": 3.3358477997949, "step_dist_f": 10.9443828954791, "step_grade": 0.059954773719682164, "step_turn": 63.150005334498076, "coast_speed_mps": 0.0, "coast_speed_mph": 0.0}, "geometry": {"type": "Point", "coordinates": [-122.47805, 37.80034]}}, {"id": "963", "type": "Feature", "properties": {"name": "easier marin headlands tour", "step": 963, "lat": 37.80028, "lon": -122.47803, "elevation_m": 88.5, "time": null, "elevation_f": 290.35434, "step_elevation_m": 0.7999999999999972, "step_elevation_f": 2.6246719999999755, "step_dist_m": 6.89922708921645, "step_dist_f": 22.6352602033849, "step_grade": 0.11595501780922735, "step_turn": 14.755678681281324, "coast_speed_mps": 0.0, "coast_speed_mph": 0.0}, "geometry": {"type": "Point", "coordinates": [-122.47803, 37.80028]}}, {"id": "964", "type": "Feature", "properties": {"name": "easier marin headlands tour", "step": 964, "lat": 37.80023, "lon": -122.47802, "elevation_m": 88.9, "time": null, "elevation_f": 291.666676, "step_elevation_m": 0.4000000000000057, "step_elevation_f": 1.3123360000000162, "step_dist_m": 5.628741733402434, "step_dist_f": 18.46700102861604, "step_grade": 0.07106383965466039, "step_turn": 5.775462111260595, "coast_speed_mps": 0.0, "coast_speed_mph": 0.0}, "geometry": {"type": "Point", "coordinates": [-122.47802, 37.80023]}}, {"id": "965", "type": "Feature", "properties": {"name": "easier marin headlands tour", "step": 965, "lat": 37.79988, "lon": -122.478, "elevation_m": 89.8, "time": null, "elevation_f": 294.61943199999996, "step_elevation_m": 0.8999999999999915, "step_elevation_f": 2.9527559999999653, "step_dist_m": 38.95787491938646, "step_dist_f": 127.81455435051988, "step_grade": 0.02310187611265541, "step_turn": 6.394965530027662, "coast_speed_mps": 0.0, "coast_speed_mph": 0.0}, "geometry": {"type": "Point", "coordinates": [-122.478, 37.79988]}}, {"id": "966", "type": "Feature", "properties": {"name": "easier marin headlands tour", "step": 966, "lat": 37.79971, "lon": -122.47797, "elevation_m": 90.1, "time": null, "elevation_f": 295.603684, "step_elevation_m": 0.29999999999999716, "step_elevation_f": 0.9842520000000263, "step_dist_m": 19.086023236597438, "step_dist_f": 62.618188475558334, "step_grade": 0.01571830843340625, "step_turn": 5.352869563311401, "coast_speed_mps": 0.0, "coast_speed_mph": 0.0}, "geometry": {"type": "Point", "coordinates": [-122.47797, 37.79971]}}, {"id": "967", "type": "Feature", "properties": {"name": "easier marin headlands tour", "step": 967, "lat": 37.79947, "lon": -122.47788, "elevation_m": 90.3, "time": null, "elevation_f": 296.25985199999997, "step_elevation_m": 0.20000000000000284, "step_elevation_f": 0.6561679999999797, "step_dist_m": 27.8336805376071, "step_dist_f": 91.31785245500288, "step_grade": 0.007185539107189778, "step_turn": 8.566978266420392, "coast_speed_mps": 0.0, "coast_speed_mph": 0.0}, "geometry": {"type": "Point", "coordinates": [-122.47788, 37.79947]}}, {"id": "968", "type": "Feature", "properties": {"name": "easier marin headlands tour", "step": 968, "lat": 37.7992, "lon": -122.47772, "elevation_m": 90.1, "time": null, "elevation_f": 295.603684, "step_elevation_m": -0.20000000000000284, "step_elevation_f": -0.6561679999999797, "step_dist_m": 33.15092045199168, "step_dist_f": 108.76286585571239, "step_grade": -0.006033014989422021, "step_turn": 8.586021910489535, "coast_speed_mps": 3.30896005079153, "coast_speed_mph": 7.401932826573743}, "geometry": {"type": "Point", "coordinates": [-122.47772, 37.7992]}}, {"id": "969", "type": "Feature", "properties": {"name": "easier marin headlands tour", "step": 969, "lat": 37.79919, "lon": -122.4778, "elevation_m": 89.3, "time": null, "elevation_f": 292.979012, "step_elevation_m": -0.7999999999999972, "step_elevation_f": -2.6246719999999755, "step_dist_m": 7.116383856783739, "step_dist_f": 23.34771681269036, "step_grade": -0.11241664532154094, "step_turn": 106.10172948165734, "coast_speed_mps": 3.5701364464585104, "coast_speed_mph": 7.986167784669171}, "geometry": {"type": "Point", "coordinates": [-122.4778, 37.79919]}}, {"id": "970", "type": "Feature", "properties": {"name": "easier marin headlands tour", "step": 970, "lat": 37.79866, "lon": -122.47755, "elevation_m": 90.4, "time": null, "elevation_f": 296.587936, "step_elevation_m": 1.1000000000000085, "step_elevation_f": 3.608924000000002, "step_dist_m": 62.8937510554188, "step_dist_f": 206.34433421266021, "step_grade": 0.017489813877228345, "step_turn": 101.45211865432373, "coast_speed_mps": 0.0, "coast_speed_mph": 0.0}, "geometry": {"type": "Point", "coordinates": [-122.47755, 37.79866]}}, {"id": "971", "type": "Feature", "properties": {"name": "easier marin headlands tour", "step": 971, "lat": 37.7983, "lon": -122.47723, "elevation_m": 93.5, "time": null, "elevation_f": 306.75854, "step_elevation_m": 3.0999999999999943, "step_elevation_f": 10.170603999999969, "step_dist_m": 48.91762371370616, "step_dist_f": 160.49089658487574, "step_grade": 0.06337184361495077, "step_turn": 14.64181304064374, "coast_speed_mps": 0.0, "coast_speed_mph": 0.0}, "geometry": {"type": "Point", "coordinates": [-122.47723, 37.7983]}}, {"id": "972", "type": "Feature", "properties": {"name": "easier marin headlands tour", "step": 972, "lat": 37.79805, "lon": -122.477, "elevation_m": 94.5, "time": null, "elevation_f": 310.03938, "step_elevation_m": 1.0, "step_elevation_f": 3.280840000000012, "step_dist_m": 34.3679540086482, "step_dist_f": 112.75575822973336, "step_grade": 0.029096873201947503, "step_turn": 0.9324212499942064, "coast_speed_mps": 0.0, "coast_speed_mph": 0.0}, "geometry": {"type": "Point", "coordinates": [-122.477, 37.79805]}}, {"id": "973", "type": "Feature", "properties": {"name": "easier marin headlands tour", "step": 973, "lat": 37.7978, "lon": -122.4768, "elevation_m": 95.4, "time": null, "elevation_f": 312.992136, "step_elevation_m": 0.9000000000000057, "step_elevation_f": 2.952756000000022, "step_dist_m": 32.88724145046433, "step_dist_f": 107.8977772403414, "step_grade": 0.027366235667883865, "step_turn": 3.716992550430291, "coast_speed_mps": 0.0, "coast_speed_mph": 0.0}, "geometry": {"type": "Point", "coordinates": [-122.4768, 37.7978]}}, {"id": "974", "type": "Feature", "properties": {"name": "easier marin headlands tour", "step": 974, "lat": 37.79769, "lon": -122.47674, "elevation_m": 95.6, "time": null, "elevation_f": 313.648304, "step_elevation_m": 0.19999999999998863, "step_elevation_f": 0.6561679999999797, "step_dist_m": 13.319174610642992, "step_dist_f": 43.698080829581954, "step_grade": 0.015015945495614573, "step_turn": 8.982362505313404, "coast_speed_mps": 0.0, "coast_speed_mph": 0.0}, "geometry": {"type": "Point", "coordinates": [-122.47674, 37.79769]}}, {"id": "975", "type": "Feature", "properties": {"name": "easier marin headlands tour", "step": 975, "lat": 37.79763, "lon": -122.47671, "elevation_m": 95.7, "time": null, "elevation_f": 313.976388, "step_elevation_m": 0.10000000000000853, "step_elevation_f": 0.32808399999998983, "step_dist_m": 7.173534574820876, "step_dist_f": 23.535219174455325, "step_grade": 0.01394012936816514, "step_turn": 1.757898495475274, "coast_speed_mps": 0.0, "coast_speed_mph": 0.0}, "geometry": {"type": "Point", "coordinates": [-122.47671, 37.79763]}}, {"id": "976", "type": "Feature", "properties": {"name": "easier marin headlands tour", "step": 976, "lat": 37.79756, "lon": -122.4767, "elevation_m": 95.7, "time": null, "elevation_f": 313.976388, "step_elevation_m": 0.0, "step_elevation_f": 0.0, "step_dist_m": 7.8330796761073165, "step_dist_f": 25.699081124559928, "step_grade": 0.0, "step_turn": 15.118033902378443, "coast_speed_mps": 0.0, "coast_speed_mph": 0.0}, "geometry": {"type": "Point", "coordinates": [-122.4767, 37.79756]}}, {"id": "977", "type": "Feature", "properties": {"name": "easier marin headlands tour", "step": 977, "lat": 37.79744, "lon": -122.4767, "elevation_m": 95.8, "time": null, "elevation_f": 314.304472, "step_elevation_m": 0.09999999999999432, "step_elevation_f": 0.32808399999998983, "step_dist_m": 13.343391197057631, "step_dist_f": 43.77753157495456, "step_grade": 0.007494346716151547, "step_turn": 6.440456789921313, "coast_speed_mps": 0.0, "coast_speed_mph": 0.0}, "geometry": {"type": "Point", "coordinates": [-122.4767, 37.79744]}}, {"id": "978", "type": "Feature", "properties": {"name": "easier marin headlands tour", "step": 978, "lat": 37.79731, "lon": -122.47672, "elevation_m": 96.1, "time": null, "elevation_f": 315.288724, "step_elevation_m": 0.29999999999999716, "step_elevation_f": 0.9842520000000263, "step_dist_m": 14.56176244782278, "step_dist_f": 47.77481270931489, "step_grade": 0.020601901801031785, "step_turn": 6.931250121678232, "coast_speed_mps": 0.0, "coast_speed_mph": 0.0}, "geometry": {"type": "Point", "coordinates": [-122.47672, 37.79731]}}, {"id": "979", "type": "Feature", "properties": {"name": "easier marin headlands tour", "step": 979, "lat": 37.79716, "lon": -122.47677, "elevation_m": 96.1, "time": null, "elevation_f": 315.288724, "step_elevation_m": 0.0, "step_elevation_f": 0.0, "step_dist_m": 17.248114305479774, "step_dist_f": 56.58830333799026, "step_grade": 0.0, "step_turn": 7.8250252310559745, "coast_speed_mps": 0.0, "coast_speed_mph": 0.0}, "geometry": {"type": "Point", "coordinates": [-122.47677, 37.79716]}}, {"id": "980", "type": "Feature", "properties": {"name": "easier marin headlands tour", "step": 980, "lat": 37.79702, "lon": -122.47684, "elevation_m": 96.4, "time": null, "elevation_f": 316.272976, "step_elevation_m": 0.30000000000001137, "step_elevation_f": 0.9842520000000263, "step_dist_m": 16.738264778201064, "step_dist_f": 54.91556861491318, "step_grade": 0.01792300480218916, "step_turn": 6.802378678080856, "coast_speed_mps": 0.0, "coast_speed_mph": 0.0}, "geometry": {"type": "Point", "coordinates": [-122.47684, 37.79702]}}, {"id": "981", "type": "Feature", "properties": {"name": "easier marin headlands tour", "step": 981, "lat": 37.79683, "lon": -122.47699, "elevation_m": 96.5, "time": null, "elevation_f": 316.60106, "step_elevation_m": 0.09999999999999432, "step_elevation_f": 0.32808399999998983, "step_dist_m": 24.900944014047976, "step_dist_f": 81.69601315904916, "step_grade": 0.004015912004925551, "step_turn": 10.39864953875906, "coast_speed_mps": 0.0, "coast_speed_mph": 0.0}, "geometry": {"type": "Point", "coordinates": [-122.47699, 37.79683]}}, {"id": "982", "type": "Feature", "properties": {"name": "easier marin headlands tour", "step": 982, "lat": 37.79647, "lon": -122.47736, "elevation_m": 96.5, "time": null, "elevation_f": 316.60106, "step_elevation_m": 0.0, "step_elevation_f": 0.0, "step_dist_m": 51.56862688685607, "step_dist_f": 169.1884138354729, "step_grade": 0.0, "step_turn": 7.124262544183239, "coast_speed_mps": 0.0, "coast_speed_mph": 0.0}, "geometry": {"type": "Point", "coordinates": [-122.47736, 37.79647]}}, {"id": "983", "type": "Feature", "properties": {"name": "easier marin headlands tour", "step": 983, "lat": 37.79626, "lon": -122.47759, "elevation_m": 99.8, "time": null, "elevation_f": 327.42783199999997, "step_elevation_m": 3.299999999999997, "step_elevation_f": 10.826771999999949, "step_dist_m": 30.881595491337638, "step_dist_f": 101.31757375180018, "step_grade": 0.10685976380092327, "step_turn": 1.7930696331457057, "coast_speed_mps": 0.0, "coast_speed_mph": 0.0}, "geometry": {"type": "Point", "coordinates": [-122.47759, 37.79626]}}, {"id": "984", "type": "Feature", "properties": {"name": "easier marin headlands tour", "step": 984, "lat": 37.79619, "lon": -122.47766, "elevation_m": 101.2, "time": null, "elevation_f": 332.021008, "step_elevation_m": 1.4000000000000057, "step_elevation_f": 4.593176000000028, "step_dist_m": 9.92043404127624, "step_dist_f": 32.547356819980735, "step_grade": 0.14112285754584777, "step_turn": 2.558986224624647, "coast_speed_mps": 0.0, "coast_speed_mph": 0.0}, "geometry": {"type": "Point", "coordinates": [-122.47766, 37.79619]}}, {"id": "985", "type": "Feature", "properties": {"name": "easier marin headlands tour", "step": 985, "lat": 37.79612, "lon": -122.4777, "elevation_m": 102.0, "time": null, "elevation_f": 334.64567999999997, "step_elevation_m": 0.7999999999999972, "step_elevation_f": 2.6246719999999755, "step_dist_m": 8.540361001690053, "step_dist_f": 28.019557988784793, "step_grade": 0.0936728552624046, "step_turn": 14.014526485470583, "coast_speed_mps": 0.0, "coast_speed_mph": 0.0}, "geometry": {"type": "Point", "coordinates": [-122.4777, 37.79612]}}, {"id": "986", "type": "Feature", "properties": {"name": "easier marin headlands tour", "step": 986, "lat": 37.79607, "lon": -122.47772, "elevation_m": 102.1, "time": null, "elevation_f": 334.97376399999996, "step_elevation_m": 0.09999999999999432, "step_elevation_f": 0.32808399999998983, "step_dist_m": 5.830861339474677, "step_dist_f": 19.1301231170021, "step_grade": 0.017150124857711616, "step_turn": 6.760480343373473, "coast_speed_mps": 0.0, "coast_speed_mph": 0.0}, "geometry": {"type": "Point", "coordinates": [-122.47772, 37.79607]}}, {"id": "987", "type": "Feature", "properties": {"name": "easier marin headlands tour", "step": 987, "lat": 37.79596, "lon": -122.47772, "elevation_m": 102.4, "time": null, "elevation_f": 335.95801600000004, "step_elevation_m": 0.30000000000001137, "step_elevation_f": 0.9842520000000832, "step_dist_m": 12.231441931166653, "step_dist_f": 40.1294039454488, "step_grade": 0.024526952888161806, "step_turn": 17.540642693434364, "coast_speed_mps": 0.0, "coast_speed_mph": 0.0}, "geometry": {"type": "Point", "coordinates": [-122.47772, 37.79596]}}, {"id": "988", "type": "Feature", "properties": {"name": "easier marin headlands tour", "step": 988, "lat": 37.79582, "lon": -122.4777, "elevation_m": 102.3, "time": null, "elevation_f": 335.629932, "step_elevation_m": -0.10000000000000853, "step_elevation_f": -0.32808400000004667, "step_dist_m": 15.666163900757253, "step_dist_f": 51.39817717216042, "step_grade": -0.006383183568963864, "step_turn": 6.440607243404429, "coast_speed_mps": 0.0, "coast_speed_mph": 0.0}, "geometry": {"type": "Point", "coordinates": [-122.4777, 37.79582]}}, {"id": "989", "type": "Feature", "properties": {"name": "easier marin headlands tour", "step": 989, "lat": 37.79571, "lon": -122.47765, "elevation_m": 102.5, "time": null, "elevation_f": 336.2861, "step_elevation_m": 0.20000000000000284, "step_elevation_f": 0.6561679999999797, "step_dist_m": 12.996513893911906, "step_dist_f": 42.63948264370194, "step_grade": 0.01538874206056833, "step_turn": 13.316780865470378, "coast_speed_mps": 0.0, "coast_speed_mph": 0.0}, "geometry": {"type": "Point", "coordinates": [-122.47765, 37.79571]}}, {"id": "990", "type": "Feature", "properties": {"name": "easier marin headlands tour", "step": 990, "lat": 37.7956, "lon": -122.4776, "elevation_m": 102.4, "time": null, "elevation_f": 335.95801600000004, "step_elevation_m": -0.09999999999999432, "step_elevation_f": -0.328083999999933, "step_dist_m": 12.996516105279797, "step_dist_f": 42.63948989884617, "step_grade": -0.0076943697210800676, "step_turn": 2.715171751788148e-05, "coast_speed_mps": 0.0, "coast_speed_mph": 0.0}, "geometry": {"type": "Point", "coordinates": [-122.4776, 37.7956]}}, {"id": "991", "type": "Feature", "properties": {"name": "easier marin headlands tour", "step": 991, "lat": 37.7955, "lon": -122.47752, "elevation_m": 102.5, "time": null, "elevation_f": 336.2861, "step_elevation_m": 0.09999999999999432, "step_elevation_f": 0.328083999999933, "step_dist_m": 13.155017332690003, "step_dist_f": 43.15950706578267, "step_grade": 0.007601662352165508, "step_turn": 12.542131620517921, "coast_speed_mps": 0.0, "coast_speed_mph": 0.0}, "geometry": {"type": "Point", "coordinates": [-122.47752, 37.7955]}}, {"id": "992", "type": "Feature", "properties": {"name": "easier marin headlands tour", "step": 992, "lat": 37.79526, "lon": -122.47727, "elevation_m": 102.6, "time": null, "elevation_f": 336.61418399999997, "step_elevation_m": 0.09999999999999432, "step_elevation_f": 0.32808399999998983, "step_dist_m": 34.564713595342646, "step_dist_f": 113.40129495214397, "step_grade": 0.002893123928950148, "step_turn": 7.159337378598252, "coast_speed_mps": 0.0, "coast_speed_mph": 0.0}, "geometry": {"type": "Point", "coordinates": [-122.47727, 37.79526]}}, {"id": "993", "type": "Feature", "properties": {"name": "easier marin headlands tour", "step": 993, "lat": 37.79515, "lon": -122.47714, "elevation_m": 102.4, "time": null, "elevation_f": 335.95801600000004, "step_elevation_m": -0.19999999999998863, "step_elevation_f": -0.6561679999999228, "step_dist_m": 16.735778236344196, "step_dist_f": 54.90741066892749, "step_grade": -0.011950445158603938, "step_turn": 3.5829620137136544, "coast_speed_mps": 1.138925918584344, "coast_speed_mph": 2.547704721242714}, "geometry": {"type": "Point", "coordinates": [-122.47714, 37.79515]}}, {"id": "994", "type": "Feature", "properties": {"name": "easier marin headlands tour", "step": 994, "lat": 37.79487, "lon": -122.47669, "elevation_m": 102.7, "time": null, "elevation_f": 336.942268, "step_elevation_m": 0.29999999999999716, "step_elevation_f": 0.9842519999999695, "step_dist_m": 50.32684501784546, "step_dist_f": 165.11432620834807, "step_grade": 0.005961033319168325, "step_turn": 8.740852949677446, "coast_speed_mps": 0.0, "coast_speed_mph": 0.0}, "geometry": {"type": "Point", "coordinates": [-122.47669, 37.79487]}}, {"id": "995", "type": "Feature", "properties": {"name": "easier marin headlands tour", "step": 995, "lat": 37.7947, "lon": -122.47648, "elevation_m": 103.4, "time": null, "elevation_f": 339.238856, "step_elevation_m": 0.7000000000000028, "step_elevation_f": 2.2965879999999856, "step_dist_m": 26.416109463734312, "step_dist_f": 86.66702857299808, "step_grade": 0.026498981652124307, "step_turn": 7.4743123868290695, "coast_speed_mps": 0.0, "coast_speed_mph": 0.0}, "geometry": {"type": "Point", "coordinates": [-122.47648, 37.7947]}}, {"id": "996", "type": "Feature", "properties": {"name": "easier marin headlands tour", "step": 996, "lat": 37.79427, "lon": -122.47595, "elevation_m": 103.9, "time": null, "elevation_f": 340.879276, "step_elevation_m": 0.5, "step_elevation_f": 1.640420000000006, "step_dist_m": 66.74518264364129, "step_dist_f": 218.98026502456406, "step_grade": 0.007491177343382912, "step_turn": 0.06328624152331486, "coast_speed_mps": 0.0, "coast_speed_mph": 0.0}, "geometry": {"type": "Point", "coordinates": [-122.47595, 37.79427]}}, {"id": "997", "type": "Feature", "properties": {"name": "easier marin headlands tour", "step": 997, "lat": 37.79413, "lon": -122.47586, "elevation_m": 102.7, "time": null, "elevation_f": 336.942268, "step_elevation_m": -1.2000000000000028, "step_elevation_f": -3.9370079999999916, "step_dist_m": 17.4607861357662, "step_dist_f": 57.286045585667175, "step_grade": -0.06872542797726361, "step_turn": 17.314654844855227, "coast_speed_mps": 4.561069502663843, "coast_speed_mph": 10.202821901091262}, "geometry": {"type": "Point", "coordinates": [-122.47586, 37.79413]}}, {"id": "998", "type": "Feature", "properties": {"name": "easier marin headlands tour", "step": 998, "lat": 37.79395, "lon": -122.47579, "elevation_m": 102.2, "time": null, "elevation_f": 335.301848, "step_elevation_m": -0.5, "step_elevation_f": -1.640420000000006, "step_dist_m": 20.93885912344984, "step_dist_f": 68.69704656657917, "step_grade": -0.023879046945783217, "step_turn": 9.847849154008372, "coast_speed_mps": 4.8834957604935845, "coast_speed_mph": 10.9240688987419}, "geometry": {"type": "Point", "coordinates": [-122.47579, 37.79395]}}, {"id": "999", "type": "Feature", "properties": {"name": "easier marin headlands tour", "step": 999, "lat": 37.79387, "lon": -122.47575, "elevation_m": 102.0, "time": null, "elevation_f": 334.64567999999997, "step_elevation_m": -0.20000000000000284, "step_elevation_f": -0.6561680000000365, "step_dist_m": 9.56477832367818, "step_dist_f": 31.38050731545632, "step_grade": -0.02091005073320841, "step_turn": 4.476891099915974, "coast_speed_mps": 5.003254135993658, "coast_speed_mph": 11.191960755175494}, "geometry": {"type": "Point", "coordinates": [-122.47575, 37.79387]}}, {"id": "1000", "type": "Feature", "properties": {"name": "easier marin headlands tour", "step": 1000, "lat": 37.79376, "lon": -122.47562, "elevation_m": 101.8, "time": null, "elevation_f": 333.989512, "step_elevation_m": -0.20000000000000284, "step_elevation_f": -0.6561679999999797, "step_dist_m": 16.73592492162732, "step_dist_f": 54.90789191987177, "step_grade": -0.011950340416593827, "step_turn": 21.48289630890048, "coast_speed_mps": 4.6742408498958135, "coast_speed_mph": 10.455978994935148}, "geometry": {"type": "Point", "coordinates": [-122.47562, 37.79376]}}, {"id": "1001", "type": "Feature", "properties": {"name": "easier marin headlands tour", "step": 1001, "lat": 37.79371, "lon": -122.47552, "elevation_m": 101.8, "time": null, "elevation_f": 333.989512, "step_elevation_m": 0.0, "step_elevation_f": 0.0, "step_dist_m": 10.398068516167692, "step_dist_f": 34.11439911058361, "step_grade": 0.0, "step_turn": 14.63473615113287, "coast_speed_mps": 4.424238214302822, "coast_speed_mph": 9.896739026267932}, "geometry": {"type": "Point", "coordinates": [-122.47552, 37.79371]}}, {"id": "1002", "type": "Feature", "properties": {"name": "easier marin headlands tour", "step": 1002, "lat": 37.79369, "lon": -122.47541, "elevation_m": 101.8, "time": null, "elevation_f": 333.989512, "step_elevation_m": 0.0, "step_elevation_f": 0.0, "step_dist_m": 9.918102803659522, "step_dist_f": 32.53970840235831, "step_grade": 0.0, "step_turn": 19.365533252538967, "coast_speed_mps": 4.005830749368334, "coast_speed_mph": 8.960788183089498}, "geometry": {"type": "Point", "coordinates": [-122.47541, 37.79369]}}, {"id": "1003", "type": "Feature", "properties": {"name": "easier marin headlands tour", "step": 1003, "lat": 37.79367, "lon": -122.47536, "elevation_m": 101.8, "time": null, "elevation_f": 333.989512, "step_elevation_m": 0.0, "step_elevation_f": 0.0, "step_dist_m": 4.924227435942158, "step_dist_f": 16.15560234093647, "step_grade": 0.0, "step_turn": 13.890554129388477, "coast_speed_mps": 3.7685399137298226, "coast_speed_mph": 8.429983701077797}, "geometry": {"type": "Point", "coordinates": [-122.47536, 37.79367]}}, {"id": "1004", "type": "Feature", "properties": {"name": "easier marin headlands tour", "step": 1004, "lat": 37.79364, "lon": -122.47533, "elevation_m": 101.8, "time": null, "elevation_f": 333.989512, "step_elevation_m": 0.0, "step_elevation_f": 0.0, "step_dist_m": 4.251671441086152, "step_dist_f": 13.94905373077309, "step_grade": 0.0, "step_turn": 24.835492445630393, "coast_speed_mps": 3.5352531656891837, "coast_speed_mph": 7.908136107930341}, "geometry": {"type": "Point", "coordinates": [-122.47533, 37.79364]}}, {"id": "1005", "type": "Feature", "properties": {"name": "easier marin headlands tour", "step": 1005, "lat": 37.79366, "lon": -122.4753, "elevation_m": 101.9, "time": null, "elevation_f": 334.31759600000004, "step_elevation_m": 0.10000000000000853, "step_elevation_f": 0.32808400000004667, "step_dist_m": 3.448848377694508, "step_dist_f": 11.31511971147525, "step_grade": 0.02899518594286731, "step_turn": 91.83584685602602, "coast_speed_mps": 3.3403047497172245, "coast_speed_mph": 7.472048921164148}, "geometry": {"type": "Point", "coordinates": [-122.4753, 37.79366]}}, {"id": "1006", "type": "Feature", "properties": {"name": "easier marin headlands tour", "step": 1006, "lat": 37.79368, "lon": -122.47525, "elevation_m": 102.0, "time": null, "elevation_f": 334.64567999999997, "step_elevation_m": 0.09999999999999432, "step_elevation_f": 0.328083999999933, "step_dist_m": 4.92422796418425, "step_dist_f": 16.155604074014253, "step_grade": 0.020307751941488428, "step_turn": 13.304525438609744, "coast_speed_mps": 2.982143419793106, "coast_speed_mph": 6.6708648438464175}, "geometry": {"type": "Point", "coordinates": [-122.47525, 37.79368]}}, {"id": "1007", "type": "Feature", "properties": {"name": "easier marin headlands tour", "step": 1007, "lat": 37.79371, "lon": -122.47506, "elevation_m": 102.4, "time": null, "elevation_f": 335.95801600000004, "step_elevation_m": 0.4000000000000057, "step_elevation_f": 1.312336000000073, "step_dist_m": 17.025065387822778, "step_dist_f": 55.85651552698448, "step_grade": 0.023494770263032688, "step_turn": 15.54837836349833, "coast_speed_mps": 0.0, "coast_speed_mph": 0.0}, "geometry": {"type": "Point", "coordinates": [-122.47506, 37.79371]}}, {"id": "1008", "type": "Feature", "properties": {"name": "easier marin headlands tour", "step": 1008, "lat": 37.79376, "lon": -122.47486, "elevation_m": 102.8, "time": null, "elevation_f": 337.270352, "step_elevation_m": 0.3999999999999915, "step_elevation_f": 1.3123359999999593, "step_dist_m": 18.43222660531117, "step_dist_f": 60.47318633576909, "step_grade": 0.021701122092581758, "step_turn": 6.256152695421406, "coast_speed_mps": 0.0, "coast_speed_mph": 0.0}, "geometry": {"type": "Point", "coordinates": [-122.47486, 37.79376]}}, {"id": "1009", "type": "Feature", "properties": {"name": "easier marin headlands tour", "step": 1009, "lat": 37.79381, "lon": -122.47472, "elevation_m": 103.0, "time": null, "elevation_f": 337.92652, "step_elevation_m": 0.20000000000000284, "step_elevation_f": 0.6561679999999797, "step_dist_m": 13.499641170103288, "step_dist_f": 44.29016273652167, "step_grade": 0.01481520860294634, "step_turn": 6.765065594431235, "coast_speed_mps": 0.0, "coast_speed_mph": 0.0}, "geometry": {"type": "Point", "coordinates": [-122.47472, 37.79381]}}, {"id": "1010", "type": "Feature", "properties": {"name": "easier marin headlands tour", "step": 1010, "lat": 37.79387, "lon": -122.47457, "elevation_m": 102.9, "time": null, "elevation_f": 337.598436, "step_elevation_m": -0.09999999999999432, "step_elevation_f": -0.32808399999998983, "step_dist_m": 14.77265683676945, "step_dist_f": 48.46672345634668, "step_grade": -0.006769263044890628, "step_turn": 2.5272438337940457, "coast_speed_mps": 0.0, "coast_speed_mph": 0.0}, "geometry": {"type": "Point", "coordinates": [-122.47457, 37.79387]}}, {"id": "1011", "type": "Feature", "properties": {"name": "easier marin headlands tour", "step": 1011, "lat": 37.79433, "lon": -122.4738, "elevation_m": 102.0, "time": null, "elevation_f": 334.64567999999997, "step_elevation_m": -0.9000000000000057, "step_elevation_f": -2.952756000000022, "step_dist_m": 84.81726049694429, "step_dist_f": 278.2718609287947, "step_grade": -0.010611047736355857, "step_turn": 10.241398224090744, "coast_speed_mps": 1.2336245268979178, "coast_speed_mph": 2.7595394749863913}, "geometry": {"type": "Point", "coordinates": [-122.4738, 37.79433]}}, {"id": "1012", "type": "Feature", "properties": {"name": "easier marin headlands tour", "step": 1012, "lat": 37.79435, "lon": -122.47375, "elevation_m": 102.1, "time": null, "elevation_f": 334.97376399999996, "step_elevation_m": 0.09999999999999432, "step_elevation_f": 0.32808399999998983, "step_dist_m": 4.924192416999374, "step_dist_f": 16.155487449388225, "step_grade": 0.020307898540839458, "step_turn": 10.241272613707224, "coast_speed_mps": 1.1714033773591008, "coast_speed_mph": 2.620354727449668}, "geometry": {"type": "Point", "coordinates": [-122.47375, 37.79435]}}, {"id": "1013", "type": "Feature", "properties": {"name": "easier marin headlands tour", "step": 1013, "lat": 37.79435, "lon": -122.47375, "elevation_m": 102.1, "time": null, "elevation_f": 334.97376399999996, "step_elevation_m": 0.0, "step_elevation_f": 0.0, "step_dist_m": 0.0, "step_dist_f": 0.0, "step_grade": null, "step_turn": null, "coast_speed_mps": 1.1714033773591008, "coast_speed_mph": 2.620354727449668}, "geometry": {"type": "Point", "coordinates": [-122.47375, 37.79435]}}, {"id": "1014", "type": "Feature", "properties": {"name": "easier marin headlands tour", "step": 1014, "lat": 37.79438, "lon": -122.47364, "elevation_m": 102.2, "time": null, "elevation_f": 335.301848, "step_elevation_m": 0.10000000000000853, "step_elevation_f": 0.32808400000004667, "step_dist_m": 10.224932141798643, "step_dist_f": 33.54636636809866, "step_grade": 0.009780016005310893, "step_turn": null, "coast_speed_mps": 0.0, "coast_speed_mph": 0.0}, "geometry": {"type": "Point", "coordinates": [-122.47364, 37.79438]}}, {"id": "1015", "type": "Feature", "properties": {"name": "easier marin headlands tour", "step": 1015, "lat": 37.79441, "lon": -122.47346, "elevation_m": 102.1, "time": null, "elevation_f": 334.97376399999996, "step_elevation_m": -0.10000000000000853, "step_elevation_f": -0.32808400000004667, "step_dist_m": 16.164180518985212, "step_dist_f": 53.03209001390744, "step_grade": -0.006186518387527049, "step_turn": 7.131210902875694, "coast_speed_mps": 0.0, "coast_speed_mph": 0.0}, "geometry": {"type": "Point", "coordinates": [-122.47346, 37.79441]}}, {"id": "1016", "type": "Feature", "properties": {"name": "easier marin headlands tour", "step": 1016, "lat": 37.79441, "lon": -122.47334, "elevation_m": 102.0, "time": null, "elevation_f": 334.64567999999997, "step_elevation_m": -0.09999999999999432, "step_elevation_f": -0.32808399999998983, "step_dist_m": 10.544145290785119, "step_dist_f": 34.59365363581945, "step_grade": -0.009483936084168686, "step_turn": 11.909893846751402, "coast_speed_mps": 0.0, "coast_speed_mph": 0.0}, "geometry": {"type": "Point", "coordinates": [-122.47334, 37.79441]}}, {"id": "1017", "type": "Feature", "properties": {"name": "easier marin headlands tour", "step": 1017, "lat": 37.79435, "lon": -122.47262, "elevation_m": 99.1, "time": null, "elevation_f": 325.131244, "step_elevation_m": -2.9000000000000057, "step_elevation_f": -9.51443599999999, "step_dist_m": 63.61571164487058, "step_dist_f": 208.7129713929572, "step_grade": -0.04558622272731954, "step_turn": 6.019779019163991, "coast_speed_mps": 7.095848179698567, "coast_speed_mph": 15.872960316075876}, "geometry": {"type": "Point", "coordinates": [-122.47262, 37.79435]}}, {"id": "1018", "type": "Feature", "properties": {"name": "easier marin headlands tour", "step": 1018, "lat": 37.79435, "lon": -122.47252, "elevation_m": 98.5, "time": null, "elevation_f": 323.16274, "step_elevation_m": -0.5999999999999943, "step_elevation_f": -1.9685039999999958, "step_dist_m": 8.78679487829557, "step_dist_f": 28.82806810850724, "step_grade": -0.06828428435060727, "step_turn": 6.019772891416039, "coast_speed_mps": 7.352021892677448, "coast_speed_mph": 16.44600459170866}, "geometry": {"type": "Point", "coordinates": [-122.47252, 37.79435]}}, {"id": "1019", "type": "Feature", "properties": {"name": "easier marin headlands tour", "step": 1019, "lat": 37.79437, "lon": -122.47245, "elevation_m": 98.2, "time": null, "elevation_f": 322.178488, "step_elevation_m": -0.29999999999999716, "step_elevation_f": -0.9842519999999695, "step_dist_m": 6.540452499786925, "step_dist_f": 21.458178179400935, "step_grade": -0.04586838601912797, "step_turn": 19.878212623290608, "coast_speed_mps": 7.576997968330929, "coast_speed_mph": 16.949261740181907}, "geometry": {"type": "Point", "coordinates": [-122.47245, 37.79437]}}, {"id": "1020", "type": "Feature", "properties": {"name": "easier marin headlands tour", "step": 1020, "lat": 37.7944, "lon": -122.47238, "elevation_m": 97.9, "time": null, "elevation_f": 321.194236, "step_elevation_m": -0.29999999999999716, "step_elevation_f": -0.9842520000000263, "step_dist_m": 6.997117203471104, "step_dist_f": 22.95642200583614, "step_grade": -0.04287479990347657, "step_turn": 8.594872604523175, "coast_speed_mps": 7.799811303161469, "coast_speed_mph": 17.447680975218013}, "geometry": {"type": "Point", "coordinates": [-122.47238, 37.7944]}}, {"id": "1021", "type": "Feature", "properties": {"name": "easier marin headlands tour", "step": 1021, "lat": 37.79467, "lon": -122.47193, "elevation_m": 96.4, "time": null, "elevation_f": 316.272976, "step_elevation_m": -1.5, "step_elevation_f": -4.921259999999961, "step_dist_m": 49.646829899541814, "step_dist_f": 162.88330540761277, "step_grade": -0.030213409457062704, "step_turn": 8.736006669592484, "coast_speed_mps": 7.810807909524882, "coast_speed_mph": 17.472279683081766}, "geometry": {"type": "Point", "coordinates": [-122.47193, 37.79467]}}, {"id": "1022", "type": "Feature", "properties": {"name": "easier marin headlands tour", "step": 1022, "lat": 37.79476, "lon": -122.47173, "elevation_m": 96.0, "time": null, "elevation_f": 314.96064, "step_elevation_m": -0.4000000000000057, "step_elevation_f": -1.3123360000000162, "step_dist_m": 20.22322749374584, "step_dist_f": 66.3491736905811, "step_grade": -0.019779236530059717, "step_turn": 7.548943147333034, "coast_speed_mps": 7.544130509092091, "coast_speed_mph": 16.875739327782934}, "geometry": {"type": "Point", "coordinates": [-122.47173, 37.79476]}}, {"id": "1023", "type": "Feature", "properties": {"name": "easier marin headlands tour", "step": 1023, "lat": 37.79481, "lon": -122.47155, "elevation_m": 95.4, "time": null, "elevation_f": 312.992136, "step_elevation_m": -0.5999999999999943, "step_elevation_f": -1.9685039999999958, "step_dist_m": 16.764873681964527, "step_dist_f": 55.0028681707365, "step_grade": -0.0357891154673875, "step_turn": 10.292343644985806, "coast_speed_mps": 7.6989160418370615, "coast_speed_mph": 17.221984703465132}, "geometry": {"type": "Point", "coordinates": [-122.47155, 37.79481]}}, {"id": "1024", "type": "Feature", "properties": {"name": "easier marin headlands tour", "step": 1024, "lat": 37.79486, "lon": -122.47103, "elevation_m": 93.9, "time": null, "elevation_f": 308.070876, "step_elevation_m": -1.5, "step_elevation_f": -4.921260000000018, "step_dist_m": 46.02804920226399, "step_dist_f": 151.0106649447558, "step_grade": -0.032588824119146445, "step_turn": 12.429955596510297, "coast_speed_mps": 7.855853764830156, "coast_speed_mph": 17.573044391620765}, "geometry": {"type": "Point", "coordinates": [-122.47103, 37.79486]}}, {"id": "1025", "type": "Feature", "properties": {"name": "easier marin headlands tour", "step": 1025, "lat": 37.79488, "lon": -122.47092, "elevation_m": 93.6, "time": null, "elevation_f": 307.086624, "step_elevation_m": -0.30000000000001137, "step_elevation_f": -0.9842520000000263, "step_dist_m": 9.91795363272394, "step_dist_f": 32.53921899638601, "step_grade": -0.030248175289927945, "step_turn": 6.019732132718161, "coast_speed_mps": 7.867527550018535, "coast_speed_mph": 17.599157905374298}, "geometry": {"type": "Point", "coordinates": [-122.47092, 37.79488]}}, {"id": "1026", "type": "Feature", "properties": {"name": "easier marin headlands tour", "step": 1026, "lat": 37.79493, "lon": -122.47081, "elevation_m": 93.3, "time": null, "elevation_f": 306.102372, "step_elevation_m": -0.29999999999999716, "step_elevation_f": -0.9842519999999695, "step_dist_m": 11.150370863134125, "step_dist_f": 36.58258274260496, "step_grade": -0.026904934704178415, "step_turn": 16.95085747286896, "coast_speed_mps": 7.840470820720267, "coast_speed_mph": 17.53863372566271}, "geometry": {"type": "Point", "coordinates": [-122.47081, 37.79493]}}, {"id": "1027", "type": "Feature", "properties": {"name": "easier marin headlands tour", "step": 1027, "lat": 37.79518, "lon": -122.47031, "elevation_m": 92.2, "time": null, "elevation_f": 302.493448, "step_elevation_m": -1.0999999999999943, "step_elevation_f": -3.608924000000002, "step_dist_m": 51.989679261275086, "step_dist_f": 170.56981930756174, "step_grade": -0.02115804551268578, "step_turn": 2.415056482121031, "coast_speed_mps": 7.664967146632033, "coast_speed_mph": 17.146043187705853}, "geometry": {"type": "Point", "coordinates": [-122.47031, 37.79518]}}, {"id": "1028", "type": "Feature", "properties": {"name": "easier marin headlands tour", "step": 1028, "lat": 37.79524, "lon": -122.47018, "elevation_m": 91.5, "time": null, "elevation_f": 300.19686, "step_elevation_m": -0.7000000000000028, "step_elevation_f": -2.2965879999999856, "step_dist_m": 13.228363691481075, "step_dist_f": 43.40014473355877, "step_grade": -0.05291659772332956, "step_turn": 2.035421606084981, "coast_speed_mps": 7.721121944364983, "coast_speed_mph": 17.271657892727664}, "geometry": {"type": "Point", "coordinates": [-122.47018, 37.79524]}}, {"id": "1029", "type": "Feature", "properties": {"name": "easier marin headlands tour", "step": 1029, "lat": 37.79528, "lon": -122.47006, "elevation_m": 90.8, "time": null, "elevation_f": 297.900272, "step_elevation_m": -0.7000000000000028, "step_elevation_f": -2.2965880000000425, "step_dist_m": 11.44374677885364, "step_dist_f": 37.545102181934176, "step_grade": -0.06116877745787768, "step_turn": 7.416538724457098, "coast_speed_mps": 8.121149381651456, "coast_speed_mph": 18.16649378501129}, "geometry": {"type": "Point", "coordinates": [-122.47006, 37.79528]}}, {"id": "1030", "type": "Feature", "properties": {"name": "easier marin headlands tour", "step": 1030, "lat": 37.7953, "lon": -122.46995, "elevation_m": 90.2, "time": null, "elevation_f": 295.93176800000003, "step_elevation_m": -0.5999999999999943, "step_elevation_f": -1.968503999999939, "step_dist_m": 9.91790008637342, "step_dist_f": 32.53904331937737, "step_grade": -0.06049667719725843, "step_turn": 9.913882447012213, "coast_speed_mps": 8.426938704808567, "coast_speed_mph": 18.850525019704182}, "geometry": {"type": "Point", "coordinates": [-122.46995, 37.7953]}}, {"id": "1031", "type": "Feature", "properties": {"name": "easier marin headlands tour", "step": 1031, "lat": 37.79531, "lon": -122.46984, "elevation_m": 89.7, "time": null, "elevation_f": 294.291348, "step_elevation_m": -0.5, "step_elevation_f": -1.640420000000006, "step_dist_m": 9.72910122418251, "step_dist_f": 31.91962446034695, "step_grade": -0.05139220864073316, "step_turn": 6.394913724082642, "coast_speed_mps": 8.545371535342, "coast_speed_mph": 19.115451716495144}, "geometry": {"type": "Point", "coordinates": [-122.46984, 37.79531]}}, {"id": "1032", "type": "Feature", "properties": {"name": "easier marin headlands tour", "step": 1032, "lat": 37.7953, "lon": -122.46973, "elevation_m": 89.5, "time": null, "elevation_f": 293.63518, "step_elevation_m": -0.20000000000000284, "step_elevation_f": -0.6561680000000365, "step_dist_m": 9.729101228624653, "step_dist_f": 31.91962447492091, "step_grade": -0.02055688344690763, "step_turn": 13.125472054126021, "coast_speed_mps": 8.564169177888784, "coast_speed_mph": 19.157500845313116}, "geometry": {"type": "Point", "coordinates": [-122.46973, 37.7953]}}, {"id": "1033", "type": "Feature", "properties": {"name": "easier marin headlands tour", "step": 1033, "lat": 37.79528, "lon": -122.46964, "elevation_m": 89.2, "time": null, "elevation_f": 292.650928, "step_elevation_m": -0.29999999999999716, "step_elevation_f": -0.9842519999999695, "step_dist_m": 8.21476854853986, "step_dist_f": 26.951341244791514, "step_grade": -0.03651959251527797, "step_turn": 9.144359488661564, "coast_speed_mps": 8.468803531818201, "coast_speed_mph": 18.944173970602613}, "geometry": {"type": "Point", "coordinates": [-122.46964, 37.79528]}}, {"id": "1034", "type": "Feature", "properties": {"name": "easier marin headlands tour", "step": 1034, "lat": 37.79524, "lon": -122.46953, "elevation_m": 89.0, "time": null, "elevation_f": 291.99476, "step_elevation_m": -0.20000000000000284, "step_elevation_f": -0.6561680000000365, "step_dist_m": 10.639642475292291, "step_dist_f": 34.90696461863796, "step_grade": -0.018797624117957823, "step_turn": 9.003816176551027, "coast_speed_mps": 8.039117271023292, "coast_speed_mph": 17.98299317963333}, "geometry": {"type": "Point", "coordinates": [-122.46953, 37.79524]}}, {"id": "1035", "type": "Feature", "properties": {"name": "easier marin headlands tour", "step": 1035, "lat": 37.7952, "lon": -122.46944, "elevation_m": 89.5, "time": null, "elevation_f": 293.63518, "step_elevation_m": 0.5, "step_elevation_f": 1.640420000000006, "step_dist_m": 9.073021264147009, "step_dist_f": 29.767131084264072, "step_grade": 0.0551084347146636, "step_turn": 4.644286112853138, "coast_speed_mps": 7.277216003419597, "coast_speed_mph": 16.278668583168372}, "geometry": {"type": "Point", "coordinates": [-122.46944, 37.7952]}}, {"id": "1036", "type": "Feature", "properties": {"name": "easier marin headlands tour", "step": 1036, "lat": 37.79512, "lon": -122.46934, "elevation_m": 90.3, "time": null, "elevation_f": 296.25985199999997, "step_elevation_m": 0.7999999999999972, "step_elevation_f": 2.6246719999999755, "step_dist_m": 12.503506157378308, "step_dist_f": 41.02200314137305, "step_grade": 0.06398205350808084, "step_turn": 15.997654238491123, "coast_speed_mps": 5.613264131803273, "coast_speed_mph": 12.556514253317975}, "geometry": {"type": "Point", "coordinates": [-122.46934, 37.79512]}}, {"id": "1037", "type": "Feature", "properties": {"name": "easier marin headlands tour", "step": 1037, "lat": 37.79497, "lon": -122.46917, "elevation_m": 91.4, "time": null, "elevation_f": 299.868776, "step_elevation_m": 1.1000000000000085, "step_elevation_f": 3.6089240000000586, "step_dist_m": 22.39024908327146, "step_dist_f": 73.45882480236034, "step_grade": 0.04912852893726212, "step_turn": 2.800487751769026, "coast_speed_mps": 1.5304344677120594, "coast_speed_mph": 3.423484403436063}, "geometry": {"type": "Point", "coordinates": [-122.46917, 37.79497]}}, {"id": "1038", "type": "Feature", "properties": {"name": "easier marin headlands tour", "step": 1038, "lat": 37.79489, "lon": -122.46905, "elevation_m": 92.0, "time": null, "elevation_f": 301.83728, "step_elevation_m": 0.5999999999999943, "step_elevation_f": 1.9685039999999958, "step_dist_m": 13.79525388709085, "step_dist_f": 45.26002076292314, "step_grade": 0.04349321911077366, "step_turn": 8.000409124835642, "coast_speed_mps": 0.0, "coast_speed_mph": 0.0}, "geometry": {"type": "Point", "coordinates": [-122.46905, 37.79489]}}, {"id": "1039", "type": "Feature", "properties": {"name": "easier marin headlands tour", "step": 1039, "lat": 37.79486, "lon": -122.46898, "elevation_m": 92.5, "time": null, "elevation_f": 303.47769999999997, "step_elevation_m": 0.5, "step_elevation_f": 1.6404199999999491, "step_dist_m": 6.997081343368318, "step_dist_f": 22.956304354576513, "step_grade": 0.07145836606199943, "step_turn": 11.67966474067697, "coast_speed_mps": 0.0, "coast_speed_mph": 0.0}, "geometry": {"type": "Point", "coordinates": [-122.46898, 37.79486]}}, {"id": "1040", "type": "Feature", "properties": {"name": "easier marin headlands tour", "step": 1040, "lat": 37.79485, "lon": -122.4689, "elevation_m": 92.7, "time": null, "elevation_f": 304.133868, "step_elevation_m": 0.20000000000000284, "step_elevation_f": 0.6561680000000365, "step_dist_m": 7.1167917446403886, "step_dist_f": 23.34905502748597, "step_grade": 0.02810255058406361, "step_turn": 19.484360390220615, "coast_speed_mps": 0.0, "coast_speed_mph": 0.0}, "geometry": {"type": "Point", "coordinates": [-122.4689, 37.79485]}}, {"id": "1041", "type": "Feature", "properties": {"name": "easier marin headlands tour", "step": 1041, "lat": 37.79486, "lon": -122.46877, "elevation_m": 93.2, "time": null, "elevation_f": 305.774288, "step_elevation_m": 0.5, "step_elevation_f": 1.640420000000006, "step_dist_m": 11.476749057188615, "step_dist_f": 37.65337737678669, "step_grade": 0.04356634422417891, "step_turn": 14.548857143446753, "coast_speed_mps": 0.0, "coast_speed_mph": 0.0}, "geometry": {"type": "Point", "coordinates": [-122.46877, 37.79486]}}, {"id": "1042", "type": "Feature", "properties": {"name": "easier marin headlands tour", "step": 1042, "lat": 37.79488, "lon": -122.46867, "elevation_m": 93.3, "time": null, "elevation_f": 306.102372, "step_elevation_m": 0.09999999999999432, "step_elevation_f": 0.32808399999998983, "step_dist_m": 9.063796228602063, "step_dist_f": 29.736865218646795, "step_grade": 0.011032904698853497, "step_turn": 8.643190727084345, "coast_speed_mps": 0.0, "coast_speed_mph": 0.0}, "geometry": {"type": "Point", "coordinates": [-122.46867, 37.79488]}}, {"id": "1043", "type": "Feature", "properties": {"name": "easier marin headlands tour", "step": 1043, "lat": 37.79491, "lon": -122.46859, "elevation_m": 93.4, "time": null, "elevation_f": 306.430456, "step_elevation_m": 0.10000000000000853, "step_elevation_f": 0.32808399999998983, "step_dist_m": 7.780753215511845, "step_dist_f": 25.52740637957988, "step_grade": 0.012852226157314281, "step_turn": 11.183882810281602, "coast_speed_mps": 0.0, "coast_speed_mph": 0.0}, "geometry": {"type": "Point", "coordinates": [-122.46859, 37.79491]}}, {"id": "1044", "type": "Feature", "properties": {"name": "easier marin headlands tour", "step": 1044, "lat": 37.79497, "lon": -122.46848, "elevation_m": 93.2, "time": null, "elevation_f": 305.774288, "step_elevation_m": -0.20000000000000284, "step_elevation_f": -0.6561679999999797, "step_dist_m": 11.744421005123332, "step_dist_f": 38.53156621044883, "step_grade": -0.017029362274458296, "step_turn": 9.228976298315274, "coast_speed_mps": 0.0, "coast_speed_mph": 0.0}, "geometry": {"type": "Point", "coordinates": [-122.46848, 37.79497]}}, {"id": "1045", "type": "Feature", "properties": {"name": "easier marin headlands tour", "step": 1045, "lat": 37.79503, "lon": -122.46841, "elevation_m": 93.2, "time": null, "elevation_f": 305.774288, "step_elevation_m": 0.0, "step_elevation_f": 0.0, "step_dist_m": 9.074285698241091, "step_dist_f": 29.771279490217303, "step_grade": 0.0, "step_turn": 12.710720091608778, "coast_speed_mps": 0.5348465047500974, "coast_speed_mph": 1.1964175571539388}, "geometry": {"type": "Point", "coordinates": [-122.46841, 37.79503]}}, {"id": "1046", "type": "Feature", "properties": {"name": "easier marin headlands tour", "step": 1046, "lat": 37.79514, "lon": -122.4683, "elevation_m": 93.5, "time": null, "elevation_f": 306.75854, "step_elevation_m": 0.29999999999999716, "step_elevation_f": 0.9842519999999695, "step_dist_m": 15.589345964477767, "step_dist_f": 51.146149814097235, "step_grade": 0.019243911879535155, "step_turn": 4.357220304820487, "coast_speed_mps": 0.0, "coast_speed_mph": 0.0}, "geometry": {"type": "Point", "coordinates": [-122.4683, 37.79514]}}, {"id": "1047", "type": "Feature", "properties": {"name": "easier marin headlands tour", "step": 1047, "lat": 37.79521, "lon": -122.4682, "elevation_m": 93.6, "time": null, "elevation_f": 307.086624, "step_elevation_m": 0.09999999999999432, "step_elevation_f": 0.32808399999998983, "step_dist_m": 11.738448249000351, "step_dist_f": 38.511970553250315, "step_grade": 0.00851901357647595, "step_turn": 10.148001345231876, "coast_speed_mps": 0.0, "coast_speed_mph": 0.0}, "geometry": {"type": "Point", "coordinates": [-122.4682, 37.79521]}}, {"id": "1048", "type": "Feature", "properties": {"name": "easier marin headlands tour", "step": 1048, "lat": 37.79524, "lon": -122.46815, "elevation_m": 93.7, "time": null, "elevation_f": 307.414708, "step_elevation_m": 0.10000000000000853, "step_elevation_f": 0.32808400000004667, "step_dist_m": 5.516281753236522, "step_dist_f": 18.09803782728851, "step_grade": 0.018128153070016112, "step_turn": 4.326716498262215, "coast_speed_mps": 0.0, "coast_speed_mph": 0.0}, "geometry": {"type": "Point", "coordinates": [-122.46815, 37.79524]}}, {"id": "1049", "type": "Feature", "properties": {"name": "easier marin headlands tour", "step": 1049, "lat": 37.79528, "lon": -122.46804, "elevation_m": 94.0, "time": null, "elevation_f": 308.39896, "step_elevation_m": 0.29999999999999716, "step_elevation_f": 0.9842519999999695, "step_dist_m": 10.639642477323287, "step_dist_f": 34.906964625301335, "step_grade": 0.028196436171553662, "step_turn": 12.498312308559434, "coast_speed_mps": 0.0, "coast_speed_mph": 0.0}, "geometry": {"type": "Point", "coordinates": [-122.46804, 37.79528]}}, {"id": "1050", "type": "Feature", "properties": {"name": "easier marin headlands tour", "step": 1050, "lat": 37.79542, "lon": -122.46747, "elevation_m": 95.8, "time": null, "elevation_f": 314.304472, "step_elevation_m": 1.7999999999999972, "step_elevation_f": 5.905511999999987, "step_dist_m": 52.44762017302476, "step_dist_f": 172.07225016846655, "step_grade": 0.034319955682675304, "step_turn": 7.444309597413962, "coast_speed_mps": 0.0, "coast_speed_mph": 0.0}, "geometry": {"type": "Point", "coordinates": [-122.46747, 37.79542]}}, {"id": "1051", "type": "Feature", "properties": {"name": "easier marin headlands tour", "step": 1051, "lat": 37.79548, "lon": -122.46728, "elevation_m": 96.7, "time": null, "elevation_f": 317.257228, "step_elevation_m": 0.9000000000000057, "step_elevation_f": 2.952756000000022, "step_dist_m": 17.978410699048712, "step_dist_f": 58.98428895786698, "step_grade": 0.05006004229548651, "step_turn": 4.516577714344692, "coast_speed_mps": 0.0, "coast_speed_mph": 0.0}, "geometry": {"type": "Point", "coordinates": [-122.46728, 37.79548]}}, {"id": "1052", "type": "Feature", "properties": {"name": "easier marin headlands tour", "step": 1052, "lat": 37.79552, "lon": -122.46717, "elevation_m": 97.3, "time": null, "elevation_f": 319.225732, "step_elevation_m": 0.5999999999999943, "step_elevation_f": 1.9685039999999958, "step_dist_m": 10.639613953883341, "step_dist_f": 34.90687104445862, "step_grade": 0.056393023525162865, "step_turn": 2.9278025704368247, "coast_speed_mps": 0.0, "coast_speed_mph": 0.0}, "geometry": {"type": "Point", "coordinates": [-122.46717, 37.79552]}}, {"id": "1053", "type": "Feature", "properties": {"name": "easier marin headlands tour", "step": 1053, "lat": 37.7956, "lon": -122.46705, "elevation_m": 97.6, "time": null, "elevation_f": 320.20998399999996, "step_elevation_m": 0.29999999999999716, "step_elevation_f": 0.9842519999999695, "step_dist_m": 13.795185161110824, "step_dist_f": 45.25979528397884, "step_grade": 0.021746717894422257, "step_turn": 15.442195240803017, "coast_speed_mps": 0.0, "coast_speed_mph": 0.0}, "geometry": {"type": "Point", "coordinates": [-122.46705, 37.7956]}}, {"id": "1054", "type": "Feature", "properties": {"name": "easier marin headlands tour", "step": 1054, "lat": 37.79568, "lon": -122.46695, "elevation_m": 97.7, "time": null, "elevation_f": 320.538068, "step_elevation_m": 0.10000000000000853, "step_elevation_f": 0.32808400000004667, "step_dist_m": 12.503466038212853, "step_dist_f": 41.02187151681026, "step_grade": 0.0079977823504611, "step_turn": 5.199854411313083, "coast_speed_mps": 0.0, "coast_speed_mph": 0.0}, "geometry": {"type": "Point", "coordinates": [-122.46695, 37.79568]}}, {"id": "1055", "type": "Feature", "properties": {"name": "easier marin headlands tour", "step": 1055, "lat": 37.79597, "lon": -122.46668, "elevation_m": 96.3, "time": null, "elevation_f": 315.944892, "step_elevation_m": -1.4000000000000057, "step_elevation_f": -4.593176000000028, "step_dist_m": 40.03324545648225, "step_dist_f": 131.34267302344523, "step_grade": -0.034970934383070744, "step_turn": 8.30498273231808, "coast_speed_mps": 4.602649431919692, "coast_speed_mph": 10.295833553864725}, "geometry": {"type": "Point", "coordinates": [-122.46668, 37.79597]}}, {"id": "1056", "type": "Feature", "properties": {"name": "easier marin headlands tour", "step": 1056, "lat": 37.79606, "lon": -122.46655, "elevation_m": 96.1, "time": null, "elevation_f": 315.288724, "step_elevation_m": -0.20000000000000284, "step_elevation_f": -0.6561679999999797, "step_dist_m": 15.186380909665724, "step_dist_f": 49.82408594366769, "step_grade": -0.013169694688265603, "step_turn": 12.435769627647403, "coast_speed_mps": 4.541233431781102, "coast_speed_mph": 10.158449874241894}, "geometry": {"type": "Point", "coordinates": [-122.46655, 37.79606]}}, {"id": "1057", "type": "Feature", "properties": {"name": "easier marin headlands tour", "step": 1057, "lat": 37.79613, "lon": -122.46642, "elevation_m": 95.9, "time": null, "elevation_f": 314.632556, "step_elevation_m": -0.19999999999998863, "step_elevation_f": -0.6561679999999797, "step_dist_m": 13.822448593919336, "step_dist_f": 45.34924224487432, "step_grade": -0.014469216408442356, "step_turn": 6.9506594308297736, "coast_speed_mps": 4.624156048197096, "coast_speed_mph": 10.343942484334939}, "geometry": {"type": "Point", "coordinates": [-122.46642, 37.79613]}}, {"id": "1058", "type": "Feature", "properties": {"name": "easier marin headlands tour", "step": 1058, "lat": 37.79619, "lon": -122.46627, "elevation_m": 95.5, "time": null, "elevation_f": 313.32022, "step_elevation_m": -0.4000000000000057, "step_elevation_f": -1.3123360000000162, "step_dist_m": 14.772287559917713, "step_dist_f": 48.46551191808043, "step_grade": -0.027077729050261855, "step_turn": 7.422882390434438, "coast_speed_mps": 4.785474373196771, "coast_speed_mph": 10.704801300100138}, "geometry": {"type": "Point", "coordinates": [-122.46627, 37.79619]}}, {"id": "1059", "type": "Feature", "properties": {"name": "easier marin headlands tour", "step": 1059, "lat": 37.79623, "lon": -122.46608, "elevation_m": 95.4, "time": null, "elevation_f": 312.992136, "step_elevation_m": -0.09999999999999432, "step_elevation_f": -0.32808399999998983, "step_dist_m": 17.27683111456744, "step_dist_f": 56.682518593917436, "step_grade": -0.005788098485009588, "step_turn": 11.930293491997361, "coast_speed_mps": 4.397622922173604, "coast_speed_mph": 9.837202313380457}, "geometry": {"type": "Point", "coordinates": [-122.46608, 37.79623]}}, {"id": "1060", "type": "Feature", "properties": {"name": "easier marin headlands tour", "step": 1060, "lat": 37.79624, "lon": -122.4659, "elevation_m": 95.6, "time": null, "elevation_f": 313.648304, "step_elevation_m": 0.19999999999998863, "step_elevation_f": 0.6561679999999797, "step_dist_m": 15.854867459994274, "step_dist_f": 52.01728335744762, "step_grade": 0.012614422700450682, "step_turn": 10.896762590691537, "coast_speed_mps": 3.2783176043186284, "coast_speed_mph": 7.333387625981175}, "geometry": {"type": "Point", "coordinates": [-122.4659, 37.79624]}}, {"id": "1061", "type": "Feature", "properties": {"name": "easier marin headlands tour", "step": 1061, "lat": 37.79621, "lon": -122.46556, "elevation_m": 96.4, "time": null, "elevation_f": 316.272976, "step_elevation_m": 0.8000000000000114, "step_elevation_f": 2.6246720000000323, "step_dist_m": 30.06001217808642, "step_dist_f": 98.62209035435305, "step_grade": 0.02661342900530183, "step_turn": 10.392980823713117, "coast_speed_mps": 0.0, "coast_speed_mph": 0.0}, "geometry": {"type": "Point", "coordinates": [-122.46556, 37.79621]}}, {"id": "1062", "type": "Feature", "properties": {"name": "easier marin headlands tour", "step": 1062, "lat": 37.79617, "lon": -122.46525, "elevation_m": 96.8, "time": null, "elevation_f": 317.585312, "step_elevation_m": 0.3999999999999915, "step_elevation_f": 1.3123359999999593, "step_dist_m": 27.599140472895847, "step_dist_f": 90.54836402909561, "step_grade": 0.014493204974728018, "step_turn": 2.902669142962907, "coast_speed_mps": 0.0, "coast_speed_mph": 0.0}, "geometry": {"type": "Point", "coordinates": [-122.46525, 37.79617]}}, {"id": "1063", "type": "Feature", "properties": {"name": "easier marin headlands tour", "step": 1063, "lat": 37.79615, "lon": -122.46517, "elevation_m": 96.9, "time": null, "elevation_f": 317.91339600000003, "step_elevation_m": 0.10000000000000853, "step_elevation_f": 0.32808400000004667, "step_dist_m": 7.372670657957697, "step_dist_f": 24.18855280145393, "step_grade": 0.013563606003758416, "step_turn": 8.282188610569904, "coast_speed_mps": 0.0, "coast_speed_mph": 0.0}, "geometry": {"type": "Point", "coordinates": [-122.46517, 37.79615]}}, {"id": "1064", "type": "Feature", "properties": {"name": "easier marin headlands tour", "step": 1064, "lat": 37.79612, "lon": -122.4651, "elevation_m": 97.1, "time": null, "elevation_f": 318.56956399999996, "step_elevation_m": 0.19999999999998863, "step_elevation_f": 0.6561679999999228, "step_dist_m": 6.996989130637786, "step_dist_f": 22.956001819361674, "step_grade": 0.028583723122313658, "step_turn": 10.917484095446525, "coast_speed_mps": 0.0, "coast_speed_mph": 0.0}, "geometry": {"type": "Point", "coordinates": [-122.4651, 37.79612]}}, {"id": "1065", "type": "Feature", "properties": {"name": "easier marin headlands tour", "step": 1065, "lat": 37.79608, "lon": -122.46504, "elevation_m": 97.2, "time": null, "elevation_f": 318.897648, "step_elevation_m": 0.10000000000000853, "step_elevation_f": 0.32808400000004667, "step_dist_m": 6.897563127860845, "step_dist_f": 22.629801012410976, "step_grade": 0.014497873835483361, "step_turn": 11.679720825944742, "coast_speed_mps": 0.0, "coast_speed_mph": 0.0}, "geometry": {"type": "Point", "coordinates": [-122.46504, 37.79608]}}, {"id": "1066", "type": "Feature", "properties": {"name": "easier marin headlands tour", "step": 1066, "lat": 37.79555, "lon": -122.4645, "elevation_m": 93.1, "time": null, "elevation_f": 305.44620399999997, "step_elevation_m": -4.1000000000000085, "step_elevation_f": -13.451444000000038, "step_dist_m": 75.65992517005351, "step_dist_f": 248.22810889491836, "step_grade": -0.05418985005317986, "step_turn": 11.008610451728714, "coast_speed_mps": 8.280484173362604, "coast_speed_mph": 18.522915563176884}, "geometry": {"type": "Point", "coordinates": [-122.4645, 37.79555]}}, {"id": "1067", "type": "Feature", "properties": {"name": "easier marin headlands tour", "step": 1067, "lat": 37.79535, "lon": -122.46434, "elevation_m": 93.8, "time": null, "elevation_f": 307.742792, "step_elevation_m": 0.7000000000000028, "step_elevation_f": 2.2965880000000425, "step_dist_m": 26.31004483382988, "step_dist_f": 86.31904749262243, "step_grade": 0.026605807949818903, "step_turn": 6.538420552458433, "coast_speed_mps": 6.154823753265545, "coast_speed_mph": 13.767948624878173}, "geometry": {"type": "Point", "coordinates": [-122.46434, 37.79535]}}, {"id": "1068", "type": "Feature", "properties": {"name": "easier marin headlands tour", "step": 1068, "lat": 37.79516, "lon": -122.46423, "elevation_m": 95.0, "time": null, "elevation_f": 311.6798, "step_elevation_m": 1.2000000000000028, "step_elevation_f": 3.9370079999999916, "step_dist_m": 23.232967066444328, "step_dist_f": 76.22364767027321, "step_grade": 0.05165074252324742, "step_turn": 7.716067900951089, "coast_speed_mps": 2.6205679215248554, "coast_speed_mph": 5.862043489452516}, "geometry": {"type": "Point", "coordinates": [-122.46423, 37.79516]}}, {"id": "1069", "type": "Feature", "properties": {"name": "easier marin headlands tour", "step": 1069, "lat": 37.79507, "lon": -122.46417, "elevation_m": 95.4, "time": null, "elevation_f": 312.992136, "step_elevation_m": 0.4000000000000057, "step_elevation_f": 1.3123360000000162, "step_dist_m": 11.311283940256498, "step_dist_f": 37.11051280255113, "step_grade": 0.035362917429419174, "step_turn": 3.1969585288369444, "coast_speed_mps": 0.0, "coast_speed_mph": 0.0}, "geometry": {"type": "Point", "coordinates": [-122.46417, 37.79507]}}, {"id": "1070", "type": "Feature", "properties": {"name": "easier marin headlands tour", "step": 1070, "lat": 37.79499, "lon": -122.46409, "elevation_m": 95.4, "time": null, "elevation_f": 312.992136, "step_elevation_m": 0.0, "step_elevation_f": 0.0, "step_dist_m": 11.337709399889455, "step_dist_f": 37.19721050753332, "step_grade": 0.0, "step_turn": 10.5356063605293, "coast_speed_mps": 0.0, "coast_speed_mph": 0.0}, "geometry": {"type": "Point", "coordinates": [-122.46409, 37.79499]}}, {"id": "1071", "type": "Feature", "properties": {"name": "easier marin headlands tour", "step": 1071, "lat": 37.79492, "lon": -122.46399, "elevation_m": 95.1, "time": null, "elevation_f": 312.007884, "step_elevation_m": -0.30000000000001137, "step_elevation_f": -0.9842520000000263, "step_dist_m": 11.73846783550973, "step_dist_f": 38.512034813453745, "step_grade": -0.025556998085601024, "step_turn": 10.14806834692115, "coast_speed_mps": 2.425214822515105, "coast_speed_mph": 5.425051052512308}, "geometry": {"type": "Point", "coordinates": [-122.46399, 37.79492]}}, {"id": "1072", "type": "Feature", "properties": {"name": "easier marin headlands tour", "step": 1072, "lat": 37.79487, "lon": -122.46386, "elevation_m": 94.2, "time": null, "elevation_f": 309.055128, "step_elevation_m": -0.8999999999999915, "step_elevation_f": -2.9527559999999653, "step_dist_m": 12.703935442618837, "step_dist_f": 41.67957955756159, "step_grade": -0.0708441887212914, "step_turn": 15.582487475674839, "coast_speed_mps": 3.9488745074033074, "coast_speed_mph": 8.8333806983789}, "geometry": {"type": "Point", "coordinates": [-122.46386, 37.79487]}}, {"id": "1073", "type": "Feature", "properties": {"name": "easier marin headlands tour", "step": 1073, "lat": 37.79473, "lon": -122.46332, "elevation_m": 92.6, "time": null, "elevation_f": 303.80578399999996, "step_elevation_m": -1.6000000000000085, "step_elevation_f": -5.249344000000065, "step_dist_m": 49.936875031376566, "step_dist_f": 163.8348970779415, "step_grade": -0.03204045104934358, "step_turn": 7.789422195529312, "coast_speed_mps": 5.7976994482433595, "coast_speed_mph": 12.96908430619934}, "geometry": {"type": "Point", "coordinates": [-122.46332, 37.79473]}}, {"id": "1074", "type": "Feature", "properties": {"name": "easier marin headlands tour", "step": 1074, "lat": 37.79466, "lon": -122.46295, "elevation_m": 92.5, "time": null, "elevation_f": 303.47769999999997, "step_elevation_m": -0.09999999999999432, "step_elevation_f": -0.32808399999998983, "step_dist_m": 33.42977038251715, "step_dist_f": 109.67772786177756, "step_grade": -0.00299134570341804, "step_turn": 4.699951431814441, "coast_speed_mps": 4.7267474055182355, "coast_speed_mph": 10.573432814777716}, "geometry": {"type": "Point", "coordinates": [-122.46295, 37.79466]}}, {"id": "1075", "type": "Feature", "properties": {"name": "easier marin headlands tour", "step": 1075, "lat": 37.79461, "lon": -122.46277, "elevation_m": 92.4, "time": null, "elevation_f": 303.14961600000004, "step_elevation_m": -0.09999999999999432, "step_elevation_f": -0.328083999999933, "step_dist_m": 16.76490397660913, "step_dist_f": 55.002967562618295, "step_grade": -0.005964841799244252, "step_turn": 5.903721904283714, "coast_speed_mps": 4.253638511443232, "coast_speed_mph": 9.515118359527621}, "geometry": {"type": "Point", "coordinates": [-122.46277, 37.79461]}}, {"id": "1076", "type": "Feature", "properties": {"name": "easier marin headlands tour", "step": 1076, "lat": 37.7946, "lon": -122.46273, "elevation_m": 92.3, "time": null, "elevation_f": 302.821532, "step_elevation_m": -0.10000000000000853, "step_elevation_f": -0.32808400000004667, "step_dist_m": 3.6864058609989647, "step_dist_f": 12.094507804999843, "step_grade": -0.027126692982446028, "step_turn": 1.8118659758558238, "coast_speed_mps": 4.1557808163668675, "coast_speed_mph": 9.296216929954507}, "geometry": {"type": "Point", "coordinates": [-122.46273, 37.7946]}}, {"id": "1077", "type": "Feature", "properties": {"name": "easier marin headlands tour", "step": 1077, "lat": 37.79454, "lon": -122.46263, "elevation_m": 92.4, "time": null, "elevation_f": 303.14961600000004, "step_elevation_m": 0.10000000000000853, "step_elevation_f": 0.32808400000004667, "step_dist_m": 11.0326255510729, "step_dist_f": 36.19627921298201, "step_grade": 0.009064025561012875, "step_turn": 19.653144031748752, "coast_speed_mps": 4.098614584966042, "coast_speed_mph": 9.16833971225402}, "geometry": {"type": "Point", "coordinates": [-122.46263, 37.79454]}}, {"id": "1078", "type": "Feature", "properties": {"name": "easier marin headlands tour", "step": 1078, "lat": 37.79447, "lon": -122.46256, "elevation_m": 92.0, "time": null, "elevation_f": 301.83728, "step_elevation_m": -0.4000000000000057, "step_elevation_f": -1.3123360000000162, "step_dist_m": 9.920522825310453, "step_dist_f": 32.547648106191545, "step_grade": -0.04032045558924341, "step_turn": 14.474734474121647, "coast_speed_mps": 4.534651592733622, "coast_speed_mph": 10.143726719608127}, "geometry": {"type": "Point", "coordinates": [-122.46256, 37.79447]}}, {"id": "1079", "type": "Feature", "properties": {"name": "easier marin headlands tour", "step": 1079, "lat": 37.79437, "lon": -122.46251, "elevation_m": 91.2, "time": null, "elevation_f": 299.212608, "step_elevation_m": -0.7999999999999972, "step_elevation_f": -2.6246720000000323, "step_dist_m": 11.95596175928607, "step_dist_f": 39.225597578336114, "step_grade": -0.06691222472158256, "step_turn": 16.75694284801557, "coast_speed_mps": 5.459531587793232, "coast_speed_mph": 12.212624346352062}, "geometry": {"type": "Point", "coordinates": [-122.46251, 37.79437]}}, {"id": "1080", "type": "Feature", "properties": {"name": "easier marin headlands tour", "step": 1080, "lat": 37.79402, "lon": -122.46234, "elevation_m": 89.0, "time": null, "elevation_f": 291.99476, "step_elevation_m": -2.200000000000003, "step_elevation_f": -7.217848000000004, "step_dist_m": 41.686443352894344, "step_dist_f": 136.7665508099099, "step_grade": -0.05277495087254197, "step_turn": 0.5615156538668771, "coast_speed_mps": 6.926487146941589, "coast_speed_mph": 15.494110475441978}, "geometry": {"type": "Point", "coordinates": [-122.46234, 37.79402]}}, {"id": "1081", "type": "Feature", "properties": {"name": "easier marin headlands tour", "step": 1081, "lat": 37.79392, "lon": -122.46229, "elevation_m": 89.0, "time": null, "elevation_f": 291.99476, "step_elevation_m": 0.0, "step_elevation_f": 0.0, "step_dist_m": 11.955971593411364, "step_dist_f": 39.22562984252774, "step_grade": 0.0, "step_turn": 0.5616349321126108, "coast_speed_mps": 7.07733866645123, "coast_speed_mph": 15.831555714144645}, "geometry": {"type": "Point", "coordinates": [-122.46229, 37.79392]}}, {"id": "1082", "type": "Feature", "properties": {"name": "easier marin headlands tour", "step": 1082, "lat": 37.79384, "lon": -122.46223, "elevation_m": 89.0, "time": null, "elevation_f": 291.99476, "step_elevation_m": 0.0, "step_elevation_f": 0.0, "step_dist_m": 10.340538849146675, "step_dist_f": 33.92565347783438, "step_grade": 0.0, "step_turn": 9.094296892940974, "coast_speed_mps": 6.692132485480874, "coast_speed_mph": 14.96987402800838}, "geometry": {"type": "Point", "coordinates": [-122.46223, 37.79384]}}, {"id": "1083", "type": "Feature", "properties": {"name": "easier marin headlands tour", "step": 1083, "lat": 37.79315, "lon": -122.46159, "elevation_m": 90.0, "time": null, "elevation_f": 295.2756, "step_elevation_m": 1.0, "step_elevation_f": 3.280840000000012, "step_dist_m": 95.12703098454747, "step_dist_f": 312.09656833534274, "step_grade": 0.010512259130240708, "step_turn": 5.586422000742516, "coast_speed_mps": 0.0, "coast_speed_mph": 0.0}, "geometry": {"type": "Point", "coordinates": [-122.46159, 37.79315]}}, {"id": "1084", "type": "Feature", "properties": {"name": "easier marin headlands tour", "step": 1084, "lat": 37.79307, "lon": -122.46152, "elevation_m": 89.7, "time": null, "elevation_f": 294.291348, "step_elevation_m": -0.29999999999999716, "step_elevation_f": -0.9842519999999695, "step_dist_m": 10.81502054247541, "step_dist_f": 35.48235199657502, "step_grade": -0.027739198351197147, "step_turn": 1.578247487575311, "coast_speed_mps": 0.0, "coast_speed_mph": 0.0}, "geometry": {"type": "Point", "coordinates": [-122.46152, 37.79307]}}, {"id": "1085", "type": "Feature", "properties": {"name": "easier marin headlands tour", "step": 1085, "lat": 37.79301, "lon": -122.4615, "elevation_m": 90.1, "time": null, "elevation_f": 295.603684, "step_elevation_m": 0.3999999999999915, "step_elevation_f": 1.3123359999999593, "step_dist_m": 6.899271138563493, "step_dist_f": 22.63540472224465, "step_grade": 0.05797713873921993, "step_turn": 19.90487875826284, "coast_speed_mps": 0.0, "coast_speed_mph": 0.0}, "geometry": {"type": "Point", "coordinates": [-122.4615, 37.79301]}}, {"id": "1086", "type": "Feature", "properties": {"name": "easier marin headlands tour", "step": 1086, "lat": 37.79287, "lon": -122.46133, "elevation_m": 89.7, "time": null, "elevation_f": 294.291348, "step_elevation_m": -0.3999999999999915, "step_elevation_f": -1.3123359999999593, "step_dist_m": 21.57497311421134, "step_dist_f": 70.78403479202913, "step_grade": -0.018539999928737488, "step_turn": 29.060891319348457, "coast_speed_mps": 3.8176007410555672, "coast_speed_mph": 8.53972964624097}, "geometry": {"type": "Point", "coordinates": [-122.46133, 37.79287]}}, {"id": "1087", "type": "Feature", "properties": {"name": "easier marin headlands tour", "step": 1087, "lat": 37.79285, "lon": -122.46123, "elevation_m": 88.8, "time": null, "elevation_f": 291.338592, "step_elevation_m": -0.9000000000000057, "step_elevation_f": -2.952756000000022, "step_dist_m": 9.064027973957556, "step_dist_f": 29.737625538078905, "step_grade": -0.09929360352658374, "step_turn": 31.979297171994745, "coast_speed_mps": 4.445004833967857, "coast_speed_mph": 9.943192631459942}, "geometry": {"type": "Point", "coordinates": [-122.46123, 37.79285]}}, {"id": "1088", "type": "Feature", "properties": {"name": "easier marin headlands tour", "step": 1088, "lat": 37.79273, "lon": -122.4611, "elevation_m": 89.0, "time": null, "elevation_f": 291.99476, "step_elevation_m": 0.20000000000000284, "step_elevation_f": 0.6561679999999797, "step_dist_m": 17.56509949743598, "step_dist_f": 57.62828103516786, "step_grade": 0.011386215035627742, "step_turn": 35.230886360147565, "coast_speed_mps": 3.2573832843804165, "coast_speed_mph": 7.286558885961911}, "geometry": {"type": "Point", "coordinates": [-122.4611, 37.79273]}}, {"id": "1089", "type": "Feature", "properties": {"name": "easier marin headlands tour", "step": 1089, "lat": 37.79262, "lon": -122.46093, "elevation_m": 88.8, "time": null, "elevation_f": 291.338592, "step_elevation_m": -0.20000000000000284, "step_elevation_f": -0.6561679999999797, "step_dist_m": 19.306701628677594, "step_dist_f": 63.3421989714306, "step_grade": -0.010359097263042013, "step_turn": 10.122382119848169, "coast_speed_mps": 3.2671422868432654, "coast_speed_mph": 7.308389152745306}, "geometry": {"type": "Point", "coordinates": [-122.46093, 37.79262]}}, {"id": "1090", "type": "Feature", "properties": {"name": "easier marin headlands tour", "step": 1090, "lat": 37.79256, "lon": -122.46079, "elevation_m": 88.6, "time": null, "elevation_f": 290.68242399999997, "step_elevation_m": -0.20000000000000284, "step_elevation_f": -0.6561680000000365, "step_dist_m": 13.99449712810428, "step_dist_f": 45.91370595776964, "step_grade": -0.014291331669099796, "step_turn": 10.838780081978086, "coast_speed_mps": 3.273230708484564, "coast_speed_mph": 7.322008564076057}, "geometry": {"type": "Point", "coordinates": [-122.46079, 37.79256]}}, {"id": "1091", "type": "Feature", "properties": {"name": "easier marin headlands tour", "step": 1091, "lat": 37.79249, "lon": -122.46055, "elevation_m": 88.4, "time": null, "elevation_f": 290.026256, "step_elevation_m": -0.19999999999998863, "step_elevation_f": -0.6561679999999797, "step_dist_m": 22.479408799772994, "step_dist_f": 73.75134356664722, "step_grade": -0.008897031135534503, "step_turn": 8.214016234619805, "coast_speed_mps": 3.0656128624792998, "coast_speed_mph": 6.857580669468719}, "geometry": {"type": "Point", "coordinates": [-122.46055, 37.79249]}}, {"id": "1092", "type": "Feature", "properties": {"name": "easier marin headlands tour", "step": 1092, "lat": 37.79246, "lon": -122.46025, "elevation_m": 88.3, "time": null, "elevation_f": 289.698172, "step_elevation_m": -0.10000000000000853, "step_elevation_f": -0.32808399999998983, "step_dist_m": 26.571282019394086, "step_dist_f": 87.1761249005089, "step_grade": -0.003763461617208369, "step_turn": 13.046409119802945, "coast_speed_mps": 2.32693302520628, "coast_speed_mph": 5.205200933263863}, "geometry": {"type": "Point", "coordinates": [-122.46025, 37.79246]}}, {"id": "1093", "type": "Feature", "properties": {"name": "easier marin headlands tour", "step": 1093, "lat": 37.79244, "lon": -122.45997, "elevation_m": 88.1, "time": null, "elevation_f": 289.04200399999996, "step_elevation_m": -0.20000000000000284, "step_elevation_f": -0.6561680000000365, "step_dist_m": 24.703961821505494, "step_dist_f": 81.04974610246809, "step_grade": -0.008095867433939167, "step_turn": 2.0472593937219585, "coast_speed_mps": 1.803844930471004, "coast_speed_mph": 4.0350861902089346}, "geometry": {"type": "Point", "coordinates": [-122.45997, 37.79244]}}, {"id": "1094", "type": "Feature", "properties": {"name": "easier marin headlands tour", "step": 1094, "lat": 37.79242, "lon": -122.45984, "elevation_m": 88.1, "time": null, "elevation_f": 289.04200399999996, "step_elevation_m": 0.0, "step_elevation_f": 0.0, "step_dist_m": 11.637595457700781, "step_dist_f": 38.18108868144303, "step_grade": 0.0, "step_turn": 5.851932138346626, "coast_speed_mps": 1.0761496372623833, "coast_speed_mph": 2.407278179273403}, "geometry": {"type": "Point", "coordinates": [-122.45984, 37.79242]}}, {"id": "1095", "type": "Feature", "properties": {"name": "easier marin headlands tour", "step": 1095, "lat": 37.79237, "lon": -122.45972, "elevation_m": 88.3, "time": null, "elevation_f": 289.698172, "step_elevation_m": 0.20000000000000284, "step_elevation_f": 0.6561680000000365, "step_dist_m": 11.92039612011322, "step_dist_f": 39.10891240671226, "step_grade": 0.016777965932066968, "step_turn": 16.784512843829248, "coast_speed_mps": 0.0, "coast_speed_mph": 0.0}, "geometry": {"type": "Point", "coordinates": [-122.45972, 37.79237]}}, {"id": "1096", "type": "Feature", "properties": {"name": "easier marin headlands tour", "step": 1096, "lat": 37.79207, "lon": -122.45901, "elevation_m": 87.2, "time": null, "elevation_f": 286.089248, "step_elevation_m": -1.0999999999999943, "step_elevation_f": -3.608924000000002, "step_dist_m": 70.74641944295388, "step_dist_f": 232.1076827652208, "step_grade": -0.015548490067217823, "step_turn": 0.33167839343752803, "coast_speed_mps": 2.13719786400604, "coast_speed_mph": 4.780775465296255}, "geometry": {"type": "Point", "coordinates": [-122.45901, 37.79207]}}, {"id": "1097", "type": "Feature", "properties": {"name": "easier marin headlands tour", "step": 1097, "lat": 37.79204, "lon": -122.45896, "elevation_m": 87.3, "time": null, "elevation_f": 286.417332, "step_elevation_m": 0.09999999999999432, "step_elevation_f": 0.32808399999998983, "step_dist_m": 5.516431888094109, "step_dist_f": 18.098530395734677, "step_grade": 0.018127659695358563, "step_turn": 9.07513627203491, "coast_speed_mps": 2.003358745298315, "coast_speed_mph": 4.481385883362368}, "geometry": {"type": "Point", "coordinates": [-122.45896, 37.79204]}}, {"id": "1098", "type": "Feature", "properties": {"name": "easier marin headlands tour", "step": 1098, "lat": 37.79204, "lon": -122.45896, "elevation_m": 87.3, "time": null, "elevation_f": 286.417332, "step_elevation_m": 0.0, "step_elevation_f": 0.0, "step_dist_m": 0.0, "step_dist_f": 0.0, "step_grade": null, "step_turn": null, "coast_speed_mps": 2.003358745298315, "coast_speed_mph": 4.481385883362368}, "geometry": {"type": "Point", "coordinates": [-122.45896, 37.79204]}}, {"id": "1099", "type": "Feature", "properties": {"name": "easier marin headlands tour", "step": 1099, "lat": 37.79204, "lon": -122.45896, "elevation_m": 87.3, "time": null, "elevation_f": 286.417332, "step_elevation_m": 0.0, "step_elevation_f": 0.0, "step_dist_m": 0.0, "step_dist_f": 0.0, "step_grade": null, "step_turn": null, "coast_speed_mps": 2.003358745298315, "coast_speed_mph": 4.481385883362368}, "geometry": {"type": "Point", "coordinates": [-122.45896, 37.79204]}}, {"id": "1100", "type": "Feature", "properties": {"name": "easier marin headlands tour", "step": 1100, "lat": 37.79202, "lon": -122.45893, "elevation_m": 87.4, "time": null, "elevation_f": 286.74541600000003, "step_elevation_m": 0.10000000000000853, "step_elevation_f": 0.32808400000004667, "step_dist_m": 3.4488925562459682, "step_dist_f": 11.315264654234023, "step_grade": 0.028994814529350252, "step_turn": null, "coast_speed_mps": 1.8367725186514172, "coast_speed_mph": 4.108743107219522}, "geometry": {"type": "Point", "coordinates": [-122.45893, 37.79202]}}, {"id": "1101", "type": "Feature", "properties": {"name": "easier marin headlands tour", "step": 1101, "lat": 37.79196, "lon": -122.45887, "elevation_m": 87.9, "time": null, "elevation_f": 288.38583600000004, "step_elevation_m": 0.5, "step_elevation_f": 1.640420000000006, "step_dist_m": 8.50341654801472, "step_dist_f": 27.89834914738861, "step_grade": 0.058799894980651544, "step_turn": 11.530939726097131, "coast_speed_mps": 0.0, "coast_speed_mph": 0.0}, "geometry": {"type": "Point", "coordinates": [-122.45887, 37.79196]}}, {"id": "1102", "type": "Feature", "properties": {"name": "easier marin headlands tour", "step": 1102, "lat": 37.79191, "lon": -122.45884, "elevation_m": 88.3, "time": null, "elevation_f": 289.698172, "step_elevation_m": 0.3999999999999915, "step_elevation_f": 1.3123359999999593, "step_dist_m": 6.1530425260758195, "step_dist_f": 20.18714804125059, "step_grade": 0.0650084894269529, "step_turn": 12.949510711404173, "coast_speed_mps": 0.0, "coast_speed_mph": 0.0}, "geometry": {"type": "Point", "coordinates": [-122.45884, 37.79191]}}, {"id": "1103", "type": "Feature", "properties": {"name": "easier marin headlands tour", "step": 1103, "lat": 37.79186, "lon": -122.45882, "elevation_m": 88.5, "time": null, "elevation_f": 290.35434, "step_elevation_m": 0.20000000000000284, "step_elevation_f": 0.6561679999999797, "step_dist_m": 5.830891521528015, "step_dist_f": 19.130222139489973, "step_grade": 0.03430007216933986, "step_turn": 7.826152470530246, "coast_speed_mps": 0.0, "coast_speed_mph": 0.0}, "geometry": {"type": "Point", "coordinates": [-122.45882, 37.79186]}}, {"id": "1104", "type": "Feature", "properties": {"name": "easier marin headlands tour", "step": 1104, "lat": 37.7917, "lon": -122.45882, "elevation_m": 89.3, "time": null, "elevation_f": 292.979012, "step_elevation_m": 0.7999999999999972, "step_elevation_f": 2.6246720000000323, "step_dist_m": 17.791188262743507, "step_dist_f": 58.370042099939404, "step_grade": 0.04496608029691168, "step_turn": 17.54158094544914, "coast_speed_mps": 0.0, "coast_speed_mph": 0.0}, "geometry": {"type": "Point", "coordinates": [-122.45882, 37.7917]}}, {"id": "1105", "type": "Feature", "properties": {"name": "easier marin headlands tour", "step": 1105, "lat": 37.79125, "lon": -122.45889, "elevation_m": 90.6, "time": null, "elevation_f": 297.244104, "step_elevation_m": 1.2999999999999972, "step_elevation_f": 4.2650919999999815, "step_dist_m": 50.41436174786634, "step_dist_f": 165.4014545968698, "step_grade": 0.025786302849604488, "step_turn": 7.00807177248322, "coast_speed_mps": 0.0, "coast_speed_mph": 0.0}, "geometry": {"type": "Point", "coordinates": [-122.45889, 37.79125]}}, {"id": "1106", "type": "Feature", "properties": {"name": "easier marin headlands tour", "step": 1106, "lat": 37.7911, "lon": -122.4589, "elevation_m": 91.0, "time": null, "elevation_f": 298.55644, "step_elevation_m": 0.4000000000000057, "step_elevation_f": 1.3123360000000162, "step_dist_m": 16.702369816582564, "step_dist_f": 54.79780298903674, "step_grade": 0.023948697364063562, "step_turn": 3.992326361166164, "coast_speed_mps": 0.0, "coast_speed_mph": 0.0}, "geometry": {"type": "Point", "coordinates": [-122.4589, 37.7911]}}, {"id": "1107", "type": "Feature", "properties": {"name": "easier marin headlands tour", "step": 1107, "lat": 37.79097, "lon": -122.4589, "elevation_m": 91.3, "time": null, "elevation_f": 299.540692, "step_elevation_m": 0.29999999999999716, "step_elevation_f": 0.9842519999999695, "step_dist_m": 14.45534046365593, "step_dist_f": 47.42565920678092, "step_grade": 0.020753575521397546, "step_turn": 3.015745411317056, "coast_speed_mps": 0.0, "coast_speed_mph": 0.0}, "geometry": {"type": "Point", "coordinates": [-122.4589, 37.79097]}}, {"id": "1108", "type": "Feature", "properties": {"name": "easier marin headlands tour", "step": 1108, "lat": 37.79073, "lon": -122.45885, "elevation_m": 91.1, "time": null, "elevation_f": 298.884524, "step_elevation_m": -0.20000000000000284, "step_elevation_f": -0.6561679999999797, "step_dist_m": 27.046037129779933, "step_dist_f": 88.73372045686719, "step_grade": -0.00739479869232991, "step_turn": 9.349097265931505, "coast_speed_mps": 0.0, "coast_speed_mph": 0.0}, "geometry": {"type": "Point", "coordinates": [-122.45885, 37.79073]}}, {"id": "1109", "type": "Feature", "properties": {"name": "easier marin headlands tour", "step": 1109, "lat": 37.79037, "lon": -122.45868, "elevation_m": 90.2, "time": null, "elevation_f": 295.93176800000003, "step_elevation_m": -0.8999999999999915, "step_elevation_f": -2.9527559999999653, "step_dist_m": 42.72666836015952, "step_dist_f": 140.17936262274577, "step_grade": -0.0210641277343121, "step_turn": 11.115346628329462, "coast_speed_mps": 0.7810770512463562, "coast_speed_mph": 1.7472196028238085}, "geometry": {"type": "Point", "coordinates": [-122.45868, 37.79037]}}, {"id": "1110", "type": "Feature", "properties": {"name": "easier marin headlands tour", "step": 1110, "lat": 37.79024, "lon": -122.45866, "elevation_m": 90.6, "time": null, "elevation_f": 297.244104, "step_elevation_m": 0.3999999999999915, "step_elevation_f": 1.3123359999999593, "step_dist_m": 14.561782744091435, "step_dist_f": 47.774879298124944, "step_grade": 0.027469164114695698, "step_turn": 13.532536911309762, "coast_speed_mps": 0.0, "coast_speed_mph": 0.0}, "geometry": {"type": "Point", "coordinates": [-122.45866, 37.79024]}}, {"id": "1111", "type": "Feature", "properties": {"name": "easier marin headlands tour", "step": 1111, "lat": 37.79016, "lon": -122.45867, "elevation_m": 91.1, "time": null, "elevation_f": 298.884524, "step_elevation_m": 0.5, "step_elevation_f": 1.640420000000006, "step_dist_m": 8.938890274019553, "step_dist_f": 29.32706876661431, "step_grade": 0.05593535491236821, "step_turn": 12.573426778207647, "coast_speed_mps": 0.0, "coast_speed_mph": 0.0}, "geometry": {"type": "Point", "coordinates": [-122.45867, 37.79016]}}, {"id": "1112", "type": "Feature", "properties": {"name": "easier marin headlands tour", "step": 1112, "lat": 37.79008, "lon": -122.45869, "elevation_m": 91.3, "time": null, "elevation_f": 299.540692, "step_elevation_m": 0.20000000000000284, "step_elevation_f": 0.6561679999999797, "step_dist_m": 9.067538759426059, "step_dist_f": 29.74914386347539, "step_grade": 0.022056701968005934, "step_turn": 5.534216457747334, "coast_speed_mps": 0.0, "coast_speed_mph": 0.0}, "geometry": {"type": "Point", "coordinates": [-122.45869, 37.79008]}}, {"id": "1113", "type": "Feature", "properties": {"name": "easier marin headlands tour", "step": 1113, "lat": 37.79004, "lon": -122.45874, "elevation_m": 91.3, "time": null, "elevation_f": 299.540692, "step_elevation_m": 0.0, "step_elevation_f": 0.0, "step_dist_m": 6.251966199240068, "step_dist_f": 20.511700785114787, "step_grade": 0.0, "step_turn": 33.473407388945674, "coast_speed_mps": 0.0, "coast_speed_mph": 0.0}, "geometry": {"type": "Point", "coordinates": [-122.45874, 37.79004]}}, {"id": "1114", "type": "Feature", "properties": {"name": "easier marin headlands tour", "step": 1114, "lat": 37.78997, "lon": -122.45888, "elevation_m": 91.3, "time": null, "elevation_f": 299.540692, "step_elevation_m": 0.0, "step_elevation_f": 0.0, "step_dist_m": 14.557820729332237, "step_dist_f": 47.76188056162238, "step_grade": 0.0, "step_turn": 13.029295668130231, "coast_speed_mps": 0.0, "coast_speed_mph": 0.0}, "geometry": {"type": "Point", "coordinates": [-122.45888, 37.78997]}}, {"id": "1115", "type": "Feature", "properties": {"name": "easier marin headlands tour", "step": 1115, "lat": 37.78982, "lon": -122.4593, "elevation_m": 91.5, "time": null, "elevation_f": 300.19686, "step_elevation_m": 0.20000000000000284, "step_elevation_f": 0.6561680000000365, "step_dist_m": 40.50069409477223, "step_dist_f": 132.8762972138925, "step_grade": 0.004938186973586178, "step_turn": 8.002096147936527, "coast_speed_mps": 0.0, "coast_speed_mph": 0.0}, "geometry": {"type": "Point", "coordinates": [-122.4593, 37.78982]}}, {"id": "1116", "type": "Feature", "properties": {"name": "easier marin headlands tour", "step": 1116, "lat": 37.78973, "lon": -122.45945, "elevation_m": 91.3, "time": null, "elevation_f": 299.540692, "step_elevation_m": -0.20000000000000284, "step_elevation_f": -0.6561680000000365, "step_dist_m": 16.549619592096107, "step_dist_f": 54.29665394253259, "step_grade": -0.012084869920243988, "step_turn": 12.88769640001658, "coast_speed_mps": 2.5014729957080384, "coast_speed_mph": 5.595635727693351}, "geometry": {"type": "Point", "coordinates": [-122.45945, 37.78973]}}, {"id": "1117", "type": "Feature", "properties": {"name": "easier marin headlands tour", "step": 1117, "lat": 37.78969, "lon": -122.45949, "elevation_m": 91.1, "time": null, "elevation_f": 298.884524, "step_elevation_m": -0.20000000000000284, "step_elevation_f": -0.6561679999999797, "step_dist_m": 5.669011611868303, "step_dist_f": 18.599120056682004, "step_grade": -0.035279518493363964, "step_turn": 14.474741017935997, "coast_speed_mps": 2.8545924187811043, "coast_speed_mph": 6.385541380594804}, "geometry": {"type": "Point", "coordinates": [-122.45949, 37.78969]}}, {"id": "1118", "type": "Feature", "properties": {"name": "easier marin headlands tour", "step": 1118, "lat": 37.78966, "lon": -122.4595, "elevation_m": 90.8, "time": null, "elevation_f": 297.900272, "step_elevation_m": -0.29999999999999716, "step_elevation_f": -0.9842520000000263, "step_dist_m": 3.449645762695405, "step_dist_f": 11.317735804081591, "step_grade": -0.08696545113246354, "step_turn": 23.560390864528216, "coast_speed_mps": 3.041910737251888, "coast_speed_mph": 6.8045605253487045}, "geometry": {"type": "Point", "coordinates": [-122.4595, 37.78966]}}, {"id": "1119", "type": "Feature", "properties": {"name": "easier marin headlands tour", "step": 1119, "lat": 37.78902, "lon": -122.45946, "elevation_m": 83.9, "time": null, "elevation_f": 275.262476, "step_elevation_m": -6.8999999999999915, "step_elevation_f": -22.63779599999998, "step_dist_m": 71.25150520962026, "step_dist_f": 233.76478835193055, "step_grade": -0.09684005944436336, "step_turn": 17.58536403954986, "coast_speed_mps": 11.347329765216285, "coast_speed_mph": 25.383253769721442}, "geometry": {"type": "Point", "coordinates": [-122.45946, 37.78902]}}, {"id": "1120", "type": "Feature", "properties": {"name": "easier marin headlands tour", "step": 1120, "lat": 37.78839, "lon": -122.45941, "elevation_m": 76.3, "time": null, "elevation_f": 250.328092, "step_elevation_m": -7.6000000000000085, "step_elevation_f": -24.934383999999994, "step_dist_m": 70.19045668011574, "step_dist_f": 230.28365789439093, "step_grade": -0.10827682792599656, "step_turn": 0.761265997023429, "coast_speed_mps": 14.23462999922882, "coast_speed_mph": 31.841960449241242}, "geometry": {"type": "Point", "coordinates": [-122.45941, 37.78839]}}, {"id": "1121", "type": "Feature", "properties": {"name": "easier marin headlands tour", "step": 1121, "lat": 37.78751, "lon": -122.45934, "elevation_m": 70.7, "time": null, "elevation_f": 231.955388, "step_elevation_m": -5.599999999999994, "step_elevation_f": -18.372704, "step_dist_m": 98.04469056571946, "step_dist_f": 321.66894259563503, "step_grade": -0.057116810381958504, "step_turn": 0.008177997392749603, "coast_speed_mps": 12.486706423809316, "coast_speed_mph": 27.931966767647868}, "geometry": {"type": "Point", "coordinates": [-122.45934, 37.78751]}}, {"id": "1122", "type": "Feature", "properties": {"name": "easier marin headlands tour", "step": 1122, "lat": 37.78663, "lon": -122.45928, "elevation_m": 66.8, "time": null, "elevation_f": 219.160112, "step_elevation_m": -3.9000000000000057, "step_elevation_f": -12.795276000000001, "step_dist_m": 97.99348581324892, "step_dist_f": 321.5009479955396, "step_grade": -0.03979856382935933, "step_turn": 0.5127603759193562, "coast_speed_mps": 10.414763479332287, "coast_speed_mph": 23.297162400081145}, "geometry": {"type": "Point", "coordinates": [-122.45928, 37.78663]}}, {"id": "1123", "type": "Feature", "properties": {"name": "easier marin headlands tour", "step": 1123, "lat": 37.78577, "lon": -122.45921, "elevation_m": 63.9, "time": null, "elevation_f": 209.64567599999998, "step_elevation_m": -2.8999999999999986, "step_elevation_f": -9.514436000000018, "step_dist_m": 95.82528420409776, "step_dist_f": 314.3874254281721, "step_grade": -0.030263411416795845, "step_turn": 0.5962729731185163, "coast_speed_mps": 8.74385334884955, "coast_speed_mph": 19.55944288844296}, "geometry": {"type": "Point", "coordinates": [-122.45921, 37.78577]}}, {"id": "1124", "type": "Feature", "properties": {"name": "easier marin headlands tour", "step": 1124, "lat": 37.78491, "lon": -122.45915, "elevation_m": 61.4, "time": null, "elevation_f": 201.443576, "step_elevation_m": -2.5, "step_elevation_f": -8.202099999999973, "step_dist_m": 95.77289029772409, "step_dist_f": 314.2155294043851, "step_grade": -0.026103420208248733, "step_turn": 0.5246141703607918, "coast_speed_mps": 7.644130009789184, "coast_speed_mph": 17.099431840079582}, "geometry": {"type": "Point", "coordinates": [-122.45915, 37.78491]}}, {"id": "1125", "type": "Feature", "properties": {"name": "easier marin headlands tour", "step": 1125, "lat": 37.78404, "lon": -122.45909, "elevation_m": 60.5, "time": null, "elevation_f": 198.49081999999999, "step_elevation_m": -0.8999999999999986, "step_elevation_f": -2.952756000000022, "step_dist_m": 96.88317583319346, "step_dist_f": 317.85819860057444, "step_grade": -0.009289538583557112, "step_turn": 0.03616712799794186, "coast_speed_mps": 4.544240559329275, "coast_speed_mph": 10.16517662698924}, "geometry": {"type": "Point", "coordinates": [-122.45909, 37.78404]}}, {"id": "1126", "type": "Feature", "properties": {"name": "easier marin headlands tour", "step": 1126, "lat": 37.78318, "lon": -122.45903, "elevation_m": 61.3, "time": null, "elevation_f": 201.115492, "step_elevation_m": 0.7999999999999972, "step_elevation_f": 2.624672000000004, "step_dist_m": 95.77289709288475, "step_dist_f": 314.21555169822, "step_grade": 0.008353093873981093, "step_turn": 0.036240853769299974, "coast_speed_mps": 0.0, "coast_speed_mph": 0.0}, "geometry": {"type": "Point", "coordinates": [-122.45903, 37.78318]}}, {"id": "1127", "type": "Feature", "properties": {"name": "easier marin headlands tour", "step": 1127, "lat": 37.78232, "lon": -122.45897, "elevation_m": 63.0, "time": null, "elevation_f": 206.69292, "step_elevation_m": 1.7000000000000028, "step_elevation_f": 5.577427999999998, "step_dist_m": 95.77290047149266, "step_dist_f": 314.215562782892, "step_grade": 0.017750323856026658, "step_turn": 3.6648674722528085e-05, "coast_speed_mps": 0.0, "coast_speed_mph": 0.0}, "geometry": {"type": "Point", "coordinates": [-122.45897, 37.78232]}}, {"id": "1128", "type": "Feature", "properties": {"name": "easier marin headlands tour", "step": 1128, "lat": 37.78146, "lon": -122.45891, "elevation_m": 64.2, "time": null, "elevation_f": 210.629928, "step_elevation_m": 1.2000000000000028, "step_elevation_f": 3.93700800000002, "step_dist_m": 95.77290384853875, "step_dist_f": 314.21557386243984, "step_grade": 0.01252963992715265, "step_turn": 3.664670839498285e-05, "coast_speed_mps": 0.0, "coast_speed_mph": 0.0}, "geometry": {"type": "Point", "coordinates": [-122.45891, 37.78146]}}, {"id": "1129", "type": "Feature", "properties": {"name": "easier marin headlands tour", "step": 1129, "lat": 37.78059, "lon": -122.45885, "elevation_m": 66.5, "time": null, "elevation_f": 218.17586, "step_elevation_m": 2.299999999999997, "step_elevation_f": 7.545931999999993, "step_dist_m": 96.88318922885449, "step_dist_f": 317.858242549595, "step_grade": 0.023739928653329197, "step_turn": 0.03616880805464007, "coast_speed_mps": 0.0, "coast_speed_mph": 0.0}, "geometry": {"type": "Point", "coordinates": [-122.45885, 37.78059]}}, {"id": "1130", "type": "Feature", "properties": {"name": "easier marin headlands tour", "step": 1130, "lat": 37.77973, "lon": -122.45879, "elevation_m": 67.2, "time": null, "elevation_f": 220.472448, "step_elevation_m": 0.7000000000000028, "step_elevation_f": 2.296588000000014, "step_dist_m": 95.77291064361093, "step_dist_f": 314.2155961559845, "step_grade": 0.007308956105603127, "step_turn": 0.0362425294026707, "coast_speed_mps": 0.0, "coast_speed_mph": 0.0}, "geometry": {"type": "Point", "coordinates": [-122.45879, 37.77973]}}, {"id": "1131", "type": "Feature", "properties": {"name": "easier marin headlands tour", "step": 1131, "lat": 37.77895, "lon": -122.45873, "elevation_m": 67.1, "time": null, "elevation_f": 220.14436399999997, "step_elevation_m": -0.10000000000000853, "step_elevation_f": -0.32808400000004667, "step_dist_m": 86.89219374332257, "step_dist_f": 285.0793849208424, "step_grade": -0.0011508513675625004, "step_turn": 0.32299318600803417, "coast_speed_mps": 0.0, "coast_speed_mph": 0.0}, "geometry": {"type": "Point", "coordinates": [-122.45873, 37.77895]}}, {"id": "1132", "type": "Feature", "properties": {"name": "easier marin headlands tour", "step": 1132, "lat": 37.77818, "lon": -122.45867, "elevation_m": 66.7, "time": null, "elevation_f": 218.832028, "step_elevation_m": -0.3999999999999915, "step_elevation_f": -1.3123359999999593, "step_dist_m": 85.78232384965754, "step_dist_f": 281.43807937891046, "step_grade": -0.0046629653062445955, "step_turn": 0.04510804931578605, "coast_speed_mps": 0.0, "coast_speed_mph": 0.0}, "geometry": {"type": "Point", "coordinates": [-122.45867, 37.77818]}}, {"id": "1133", "type": "Feature", "properties": {"name": "easier marin headlands tour", "step": 1133, "lat": 37.7774, "lon": -122.45862, "elevation_m": 66.8, "time": null, "elevation_f": 219.160112, "step_elevation_m": 0.09999999999999432, "step_elevation_f": 0.32808399999998983, "step_dist_m": 86.8432947243039, "step_dist_f": 284.91895506328524, "step_grade": 0.0011514993796292298, "step_turn": 0.6238273964643213, "coast_speed_mps": 0.0, "coast_speed_mph": 0.0}, "geometry": {"type": "Point", "coordinates": [-122.45862, 37.7774]}}, {"id": "1134", "type": "Feature", "properties": {"name": "easier marin headlands tour", "step": 1134, "lat": 37.77663, "lon": -122.45856, "elevation_m": 67.6, "time": null, "elevation_f": 221.78478399999997, "step_elevation_m": 0.7999999999999972, "step_elevation_f": 2.6246719999999755, "step_dist_m": 85.78233064715613, "step_dist_f": 281.43810168041574, "step_grade": 0.009325929873491014, "step_turn": 0.623901105678442, "coast_speed_mps": 0.0, "coast_speed_mph": 0.0}, "geometry": {"type": "Point", "coordinates": [-122.45856, 37.77663]}}, {"id": "1135", "type": "Feature", "properties": {"name": "easier marin headlands tour", "step": 1135, "lat": 37.77585, "lon": -122.4585, "elevation_m": 69.3, "time": null, "elevation_f": 227.362212, "step_elevation_m": 1.7000000000000028, "step_elevation_f": 5.577428000000026, "step_dist_m": 86.89220716327702, "step_dist_f": 285.0794289495658, "step_grade": 0.01956447022695113, "step_turn": 0.045036216129119566, "coast_speed_mps": 0.0, "coast_speed_mph": 0.0}, "geometry": {"type": "Point", "coordinates": [-122.4585, 37.77585]}}, {"id": "1136", "type": "Feature", "properties": {"name": "easier marin headlands tour", "step": 1136, "lat": 37.77507, "lon": -122.45845, "elevation_m": 72.1, "time": null, "elevation_f": 236.54856399999997, "step_elevation_m": 2.799999999999997, "step_elevation_f": 9.186351999999971, "step_dist_m": 86.84330173287893, "step_dist_f": 284.9189780572985, "step_grade": 0.03224198002757322, "step_turn": 0.5787736281322395, "coast_speed_mps": 0.0, "coast_speed_mph": 0.0}, "geometry": {"type": "Point", "coordinates": [-122.45845, 37.77507]}}, {"id": "1137", "type": "Feature", "properties": {"name": "easier marin headlands tour", "step": 1137, "lat": 37.7743, "lon": -122.45839, "elevation_m": 75.2, "time": null, "elevation_f": 246.719168, "step_elevation_m": 3.1000000000000085, "step_elevation_f": 10.170604000000026, "step_dist_m": 85.78234086409091, "step_dist_f": 281.438135200544, "step_grade": 0.03613797395563602, "step_turn": 0.623920640955248, "coast_speed_mps": 0.0, "coast_speed_mph": 0.0}, "geometry": {"type": "Point", "coordinates": [-122.45839, 37.7743]}}, {"id": "1138", "type": "Feature", "properties": {"name": "easier marin headlands tour", "step": 1138, "lat": 37.7742, "lon": -122.45838, "elevation_m": 75.6, "time": null, "elevation_f": 248.03150399999998, "step_elevation_m": 0.3999999999999915, "step_elevation_f": 1.3123359999999877, "step_dist_m": 11.154174770440868, "step_dist_f": 36.59506275385321, "step_grade": 0.03586101242200471, "step_turn": 0.9949332543749279, "coast_speed_mps": 0.0, "coast_speed_mph": 0.0}, "geometry": {"type": "Point", "coordinates": [-122.45838, 37.7742]}}, {"id": "1139", "type": "Feature", "properties": {"name": "easier marin headlands tour", "step": 1139, "lat": 37.77407, "lon": -122.45839, "elevation_m": 76.3, "time": null, "elevation_f": 250.328092, "step_elevation_m": 0.7000000000000028, "step_elevation_f": 2.296588000000014, "step_dist_m": 14.482036045778973, "step_dist_f": 47.51324314043348, "step_grade": 0.04833574490404817, "step_turn": 7.99888128513328, "coast_speed_mps": 0.0, "coast_speed_mph": 0.0}, "geometry": {"type": "Point", "coordinates": [-122.45839, 37.77407]}}, {"id": "1140", "type": "Feature", "properties": {"name": "easier marin headlands tour", "step": 1140, "lat": 37.77396, "lon": -122.45843, "elevation_m": 76.7, "time": null, "elevation_f": 251.640428, "step_elevation_m": 0.4000000000000057, "step_elevation_f": 1.3123360000000162, "step_dist_m": 12.726673314789386, "step_dist_f": 41.754178878093605, "step_grade": 0.03143005168013345, "step_turn": 12.55681641346851, "coast_speed_mps": 0.0, "coast_speed_mph": 0.0}, "geometry": {"type": "Point", "coordinates": [-122.45843, 37.77396]}}, {"id": "1141", "type": "Feature", "properties": {"name": "easier marin headlands tour", "step": 1141, "lat": 37.7739, "lon": -122.45847, "elevation_m": 77.2, "time": null, "elevation_f": 253.28084800000002, "step_elevation_m": 0.5, "step_elevation_f": 1.640420000000006, "step_dist_m": 7.541325645960181, "step_dist_f": 24.741882832292, "step_grade": 0.06630134056972403, "step_turn": 11.751005287145574, "coast_speed_mps": 0.0, "coast_speed_mph": 0.0}, "geometry": {"type": "Point", "coordinates": [-122.45847, 37.7739]}}, {"id": "1142", "type": "Feature", "properties": {"name": "easier marin headlands tour", "step": 1142, "lat": 37.77379, "lon": -122.45856, "elevation_m": 79.0, "time": null, "elevation_f": 259.18636, "step_elevation_m": 1.7999999999999972, "step_elevation_f": 5.905511999999959, "step_dist_m": 14.566439912344588, "step_dist_f": 47.79015872201662, "step_grade": 0.12357171764904307, "step_turn": 5.1042927666516675, "coast_speed_mps": 0.0, "coast_speed_mph": 0.0}, "geometry": {"type": "Point", "coordinates": [-122.45856, 37.77379]}}, {"id": "1143", "type": "Feature", "properties": {"name": "easier marin headlands tour", "step": 1143, "lat": 37.77344, "lon": -122.45889, "elevation_m": 84.4, "time": null, "elevation_f": 276.902896, "step_elevation_m": 5.400000000000006, "step_elevation_f": 17.71653600000002, "step_dist_m": 48.53753847277682, "step_dist_f": 159.2438977230251, "step_grade": 0.11125409672409935, "step_turn": 3.8045776209878, "coast_speed_mps": 0.0, "coast_speed_mph": 0.0}, "geometry": {"type": "Point", "coordinates": [-122.45889, 37.77344]}}, {"id": "1144", "type": "Feature", "properties": {"name": "easier marin headlands tour", "step": 1144, "lat": 37.7733, "lon": -122.45901, "elevation_m": 86.7, "time": null, "elevation_f": 284.448828, "step_elevation_m": 2.299999999999997, "step_elevation_f": 7.545931999999993, "step_dist_m": 18.8037982285484, "step_dist_f": 61.692253380150724, "step_grade": 0.12231571366832045, "step_turn": 2.5776790716031144, "coast_speed_mps": 0.0, "coast_speed_mph": 0.0}, "geometry": {"type": "Point", "coordinates": [-122.45901, 37.7733]}}, {"id": "1145", "type": "Feature", "properties": {"name": "easier marin headlands tour", "step": 1145, "lat": 37.77323, "lon": -122.45904, "elevation_m": 87.4, "time": null, "elevation_f": 286.74541600000003, "step_elevation_m": 0.7000000000000028, "step_elevation_f": 2.2965880000000425, "step_dist_m": 8.218137990181992, "step_dist_f": 26.962395843708688, "step_grade": 0.08517744540628007, "step_turn": 15.404101522828086, "coast_speed_mps": 0.0, "coast_speed_mph": 0.0}, "geometry": {"type": "Point", "coordinates": [-122.45904, 37.77323]}}, {"id": "1146", "type": "Feature", "properties": {"name": "easier marin headlands tour", "step": 1146, "lat": 37.77346, "lon": -122.4581, "elevation_m": 87.2, "time": null, "elevation_f": 286.089248, "step_elevation_m": -0.20000000000000284, "step_elevation_f": -0.6561680000000365, "step_dist_m": 86.48716064044956, "step_dist_f": 283.75053611561253, "step_grade": -0.00231248197442227, "step_turn": 125.91456085824476, "coast_speed_mps": 0.0, "coast_speed_mph": 0.0}, "geometry": {"type": "Point", "coordinates": [-122.4581, 37.77346]}}, {"id": "1147", "type": "Feature", "properties": {"name": "easier marin headlands tour", "step": 1147, "lat": 37.77352, "lon": -122.45781, "elevation_m": 89.1, "time": null, "elevation_f": 292.322844, "step_elevation_m": 1.8999999999999915, "step_elevation_f": 6.233595999999977, "step_dist_m": 26.34758912008319, "step_dist_f": 86.44222428873373, "step_grade": 0.07211285978919928, "step_turn": 2.5320729068315586, "coast_speed_mps": 0.0, "coast_speed_mph": 0.0}, "geometry": {"type": "Point", "coordinates": [-122.45781, 37.77352]}}, {"id": "1148", "type": "Feature", "properties": {"name": "easier marin headlands tour", "step": 1148, "lat": 37.77358, "lon": -122.45752, "elevation_m": 90.8, "time": null, "elevation_f": 297.900272, "step_elevation_m": 1.7000000000000028, "step_elevation_f": 5.577427999999998, "step_dist_m": 26.34756910996201, "step_dist_f": 86.44215863872776, "step_grade": 0.06452208144535175, "step_turn": 1.1392333931325993e-05, "coast_speed_mps": 0.0, "coast_speed_mph": 0.0}, "geometry": {"type": "Point", "coordinates": [-122.45752, 37.77358]}}, {"id": "1149", "type": "Feature", "properties": {"name": "easier marin headlands tour", "step": 1149, "lat": 37.77362, "lon": -122.45719, "elevation_m": 91.3, "time": null, "elevation_f": 299.540692, "step_elevation_m": 0.5, "step_elevation_f": 1.640420000000006, "step_dist_m": 29.3436142363583, "step_dist_f": 96.27170333121376, "step_grade": 0.017039482456815882, "step_turn": 5.9497568457748, "coast_speed_mps": 0.0, "coast_speed_mph": 0.0}, "geometry": {"type": "Point", "coordinates": [-122.45719, 37.77362]}}, {"id": "1150", "type": "Feature", "properties": {"name": "easier marin headlands tour", "step": 1150, "lat": 37.77362, "lon": -122.45708, "elevation_m": 91.1, "time": null, "elevation_f": 298.884524, "step_elevation_m": -0.20000000000000284, "step_elevation_f": -0.6561679999999797, "step_dist_m": 9.668185757581679, "step_dist_f": 31.719770560904273, "step_grade": -0.020686404359076902, "step_turn": 8.718355051195942, "coast_speed_mps": 0.0, "coast_speed_mph": 0.0}, "geometry": {"type": "Point", "coordinates": [-122.45708, 37.77362]}}, {"id": "1151", "type": "Feature", "properties": {"name": "easier marin headlands tour", "step": 1151, "lat": 37.77359, "lon": -122.45684, "elevation_m": 90.6, "time": null, "elevation_f": 297.244104, "step_elevation_m": -0.5, "step_elevation_f": -1.640420000000006, "step_dist_m": 21.3563649749716, "step_dist_f": 70.06681646448583, "step_grade": -0.023412223970978696, "step_turn": 8.986314556422997, "coast_speed_mps": 1.7797139668555049, "coast_speed_mph": 3.98110676193518}, "geometry": {"type": "Point", "coordinates": [-122.45684, 37.77359]}}, {"id": "1152", "type": "Feature", "properties": {"name": "easier marin headlands tour", "step": 1152, "lat": 37.77357, "lon": -122.45672, "elevation_m": 90.6, "time": null, "elevation_f": 297.244104, "step_elevation_m": 0.0, "step_elevation_f": 0.0, "step_dist_m": 10.77902643992155, "step_dist_f": 35.36426110515222, "step_grade": 0.0, "step_turn": 2.920299826533096, "coast_speed_mps": 2.1268254644307802, "coast_speed_mph": 4.757573068250666}, "geometry": {"type": "Point", "coordinates": [-122.45672, 37.77357]}}, {"id": "1153", "type": "Feature", "properties": {"name": "easier marin headlands tour", "step": 1153, "lat": 37.77351, "lon": -122.45651, "elevation_m": 90.9, "time": null, "elevation_f": 298.228356, "step_elevation_m": 0.30000000000001137, "step_elevation_f": 0.9842520000000263, "step_dist_m": 19.626246587407845, "step_dist_f": 64.39057485383115, "step_grade": 0.01528565325335771, "step_turn": 7.966416299604532, "coast_speed_mps": 0.0, "coast_speed_mph": 0.0}, "geometry": {"type": "Point", "coordinates": [-122.45651, 37.77351]}}, {"id": "1154", "type": "Feature", "properties": {"name": "easier marin headlands tour", "step": 1154, "lat": 37.77346, "lon": -122.45636, "elevation_m": 91.0, "time": null, "elevation_f": 298.55644, "step_elevation_m": 0.09999999999999432, "step_elevation_f": 0.32808399999998983, "step_dist_m": 14.308261978588227, "step_dist_f": 46.9431182298314, "step_grade": 0.006988969041078541, "step_turn": 2.9924416249748447, "coast_speed_mps": 0.0, "coast_speed_mph": 0.0}, "geometry": {"type": "Point", "coordinates": [-122.45636, 37.77346]}}, {"id": "1155", "type": "Feature", "properties": {"name": "easier marin headlands tour", "step": 1155, "lat": 37.7734, "lon": -122.45623, "elevation_m": 91.0, "time": null, "elevation_f": 298.55644, "step_elevation_m": 0.0, "step_elevation_f": 0.0, "step_dist_m": 13.231270951699953, "step_dist_f": 43.40968298917527, "step_grade": 0.0, "step_turn": 7.415233510613064, "coast_speed_mps": 0.7455322804721449, "coast_speed_mph": 1.6677082150862208}, "geometry": {"type": "Point", "coordinates": [-122.45623, 37.7734]}}, {"id": "1156", "type": "Feature", "properties": {"name": "easier marin headlands tour", "step": 1156, "lat": 37.77332, "lon": -122.45614, "elevation_m": 90.5, "time": null, "elevation_f": 296.91602, "step_elevation_m": -0.5, "step_elevation_f": -1.640420000000006, "step_dist_m": 11.904008396366528, "step_dist_f": 39.05514690713516, "step_grade": -0.04200265854589077, "step_turn": 18.074368621016788, "coast_speed_mps": 2.082581587385861, "coast_speed_mph": 4.6586023339876945}, "geometry": {"type": "Point", "coordinates": [-122.45614, 37.77332]}}, {"id": "1157", "type": "Feature", "properties": {"name": "easier marin headlands tour", "step": 1157, "lat": 37.77327, "lon": -122.45608, "elevation_m": 90.2, "time": null, "elevation_f": 295.93176800000003, "step_elevation_m": -0.29999999999999716, "step_elevation_f": -0.9842519999999695, "step_dist_m": 7.6629899677465385, "step_dist_f": 25.141044005781552, "step_grade": -0.03914920954649487, "step_turn": 1.8419165698986149, "coast_speed_mps": 3.007516534389997, "coast_speed_mph": 6.727622884730659}, "geometry": {"type": "Point", "coordinates": [-122.45608, 37.77327]}}, {"id": "1158", "type": "Feature", "properties": {"name": "easier marin headlands tour", "step": 1158, "lat": 37.77313, "lon": -122.45596, "elevation_m": 88.8, "time": null, "elevation_f": 291.338592, "step_elevation_m": -1.4000000000000057, "step_elevation_f": -4.593176000000028, "step_dist_m": 18.803811830368407, "step_dist_f": 61.69229800554588, "step_grade": -0.07445298924652007, "step_turn": 9.368359367986272, "coast_speed_mps": 5.687963204929549, "coast_speed_mph": 12.723611320976966}, "geometry": {"type": "Point", "coordinates": [-122.45596, 37.77313]}}, {"id": "1159", "type": "Feature", "properties": {"name": "easier marin headlands tour", "step": 1159, "lat": 37.77292, "lon": -122.4558, "elevation_m": 85.8, "time": null, "elevation_f": 281.49607199999997, "step_elevation_m": -3.0, "step_elevation_f": -9.842520000000036, "step_dist_m": 27.25861539793497, "step_dist_f": 89.43115574216097, "step_grade": -0.11005694736157695, "step_turn": 3.0603230744383723, "coast_speed_mps": 8.98146827252268, "coast_speed_mph": 20.090972334741117}, "geometry": {"type": "Point", "coordinates": [-122.4558, 37.77292]}}, {"id": "1160", "type": "Feature", "properties": {"name": "easier marin headlands tour", "step": 1160, "lat": 37.77273, "lon": -122.45571, "elevation_m": 83.8, "time": null, "elevation_f": 274.934392, "step_elevation_m": -2.0, "step_elevation_f": -6.561679999999967, "step_dist_m": 22.559396695338652, "step_dist_f": 74.01377105393486, "step_grade": -0.08865485309778923, "step_turn": 10.531179756306528, "coast_speed_mps": 9.663715296490322, "coast_speed_mph": 21.617115462800445}, "geometry": {"type": "Point", "coordinates": [-122.45571, 37.77273]}}, {"id": "1161", "type": "Feature", "properties": {"name": "easier marin headlands tour", "step": 1161, "lat": 37.77265, "lon": -122.45568, "elevation_m": 83.7, "time": null, "elevation_f": 274.606308, "step_elevation_m": -0.09999999999999432, "step_elevation_f": -0.32808399999998983, "step_dist_m": 9.278166183957397, "step_dist_f": 30.440178742974787, "step_grade": -0.010777991902419399, "step_turn": 4.016251414233693, "coast_speed_mps": 9.764411301465692, "coast_speed_mph": 21.84236601079474}, "geometry": {"type": "Point", "coordinates": [-122.45568, 37.77265]}}, {"id": "1162", "type": "Feature", "properties": {"name": "easier marin headlands tour", "step": 1162, "lat": 37.77256, "lon": -122.45568, "elevation_m": 83.6, "time": null, "elevation_f": 274.27822399999997, "step_elevation_m": -0.10000000000000853, "step_elevation_f": -0.32808400000004667, "step_dist_m": 10.007543397970053, "step_dist_f": 32.83314868179607, "step_grade": -0.009992462288026919, "step_turn": 16.510762208967435, "coast_speed_mps": 9.450251751335895, "coast_speed_mph": 21.139611111613913}, "geometry": {"type": "Point", "coordinates": [-122.45568, 37.77256]}}, {"id": "1163", "type": "Feature", "properties": {"name": "easier marin headlands tour", "step": 1163, "lat": 37.77251, "lon": -122.45571, "elevation_m": 83.5, "time": null, "elevation_f": 273.95014, "step_elevation_m": -0.09999999999999432, "step_elevation_f": -0.32808399999998983, "step_dist_m": 6.153339028907551, "step_dist_f": 20.18812081960105, "step_grade": -0.016251339237153665, "step_turn": 25.37355555888007, "coast_speed_mps": 9.34682922122671, "coast_speed_mph": 20.908261500596588}, "geometry": {"type": "Point", "coordinates": [-122.45571, 37.77251]}}, {"id": "1164", "type": "Feature", "properties": {"name": "easier marin headlands tour", "step": 1164, "lat": 37.77241, "lon": -122.45578, "elevation_m": 83.0, "time": null, "elevation_f": 272.30971999999997, "step_elevation_m": -0.5, "step_elevation_f": -1.640420000000006, "step_dist_m": 12.708160281130711, "step_dist_f": 41.693440576744884, "step_grade": -0.03934479806195145, "step_turn": 3.5828646369316175, "coast_speed_mps": 9.38338359506445, "coast_speed_mph": 20.990031306067554}, "geometry": {"type": "Point", "coordinates": [-122.45578, 37.77241]}}, {"id": "1165", "type": "Feature", "properties": {"name": "easier marin headlands tour", "step": 1165, "lat": 37.77236, "lon": -122.45583, "elevation_m": 82.5, "time": null, "elevation_f": 270.6693, "step_elevation_m": -0.5, "step_elevation_f": -1.6404199999999491, "step_dist_m": 7.0869031570465655, "step_dist_f": 23.250995353764655, "step_grade": -0.07055267850003649, "step_turn": 9.368213994995443, "coast_speed_mps": 9.461769200736178, "coast_speed_mph": 21.16537491216931}, "geometry": {"type": "Point", "coordinates": [-122.45583, 37.77236]}}, {"id": "1166", "type": "Feature", "properties": {"name": "easier marin headlands tour", "step": 1166, "lat": 37.77198, "lon": -122.4563, "elevation_m": 83.0, "time": null, "elevation_f": 272.30971999999997, "step_elevation_m": 0.5, "step_elevation_f": 1.6404199999999491, "step_dist_m": 59.092724310282236, "step_dist_f": 193.87377362614637, "step_grade": 0.008461278538701577, "step_turn": 6.0284629595986985, "coast_speed_mps": 5.730778306990619, "coast_speed_mph": 12.819385976625385}, "geometry": {"type": "Point", "coordinates": [-122.4563, 37.77198]}}, {"id": "1167", "type": "Feature", "properties": {"name": "easier marin headlands tour", "step": 1167, "lat": 37.77161, "lon": -122.45677, "elevation_m": 80.0, "time": null, "elevation_f": 262.4672, "step_elevation_m": -3.0, "step_elevation_f": -9.842519999999979, "step_dist_m": 58.30295909459671, "step_dist_f": 191.28268031591665, "step_grade": -0.05145536430033494, "step_turn": 0.7640789506161525, "coast_speed_mps": 8.203782717793457, "coast_speed_mph": 18.351339293560862}, "geometry": {"type": "Point", "coordinates": [-122.45677, 37.77161]}}, {"id": "1168", "type": "Feature", "properties": {"name": "easier marin headlands tour", "step": 1168, "lat": 37.77157, "lon": -122.45681, "elevation_m": 79.8, "time": null, "elevation_f": 261.811032, "step_elevation_m": -0.20000000000000284, "step_elevation_f": -0.6561679999999797, "step_dist_m": 5.669545965158272, "step_dist_f": 18.600873184329863, "step_grade": -0.03527619340756498, "step_turn": 6.792245303561032, "coast_speed_mps": 8.275852535722091, "coast_speed_mph": 18.512554884847177}, "geometry": {"type": "Point", "coordinates": [-122.45681, 37.77157]}}, {"id": "1169", "type": "Feature", "properties": {"name": "easier marin headlands tour", "step": 1169, "lat": 37.77148, "lon": -122.45684, "elevation_m": 79.8, "time": null, "elevation_f": 261.811032, "step_elevation_m": 0.0, "step_elevation_f": 0.0, "step_dist_m": 10.34910221891056, "step_dist_f": 33.95374852389052, "step_grade": 0.0, "step_turn": 23.563751580735726, "coast_speed_mps": 8.435713195329164, "coast_speed_mph": 18.870152995993994}, "geometry": {"type": "Point", "coordinates": [-122.45684, 37.77148]}}, {"id": "1170", "type": "Feature", "properties": {"name": "easier marin headlands tour", "step": 1170, "lat": 37.77137, "lon": -122.45683, "elevation_m": 78.7, "time": null, "elevation_f": 258.202108, "step_elevation_m": -1.0999999999999943, "step_elevation_f": -3.608924000000002, "step_dist_m": 12.262982037687204, "step_dist_f": 40.23288198852568, "step_grade": -0.08970085715035868, "step_turn": 18.871394904583497, "coast_speed_mps": 8.645165246428428, "coast_speed_mph": 19.33868389054317}, "geometry": {"type": "Point", "coordinates": [-122.45683, 37.77137]}}, {"id": "1171", "type": "Feature", "properties": {"name": "easier marin headlands tour", "step": 1171, "lat": 37.77111, "lon": -122.45686, "elevation_m": 76.6, "time": null, "elevation_f": 251.31234399999997, "step_elevation_m": -2.1000000000000085, "step_elevation_f": -6.889764000000042, "step_dist_m": 29.030682340005576, "step_dist_f": 95.2450238483839, "step_grade": -0.07233725943486057, "step_turn": 9.3215948059202, "coast_speed_mps": 9.36309199430223, "coast_speed_mph": 20.944640287898668}, "geometry": {"type": "Point", "coordinates": [-122.45686, 37.77111]}}, {"id": "1172", "type": "Feature", "properties": {"name": "easier marin headlands tour", "step": 1172, "lat": 37.771, "lon": -122.45689, "elevation_m": 76.3, "time": null, "elevation_f": 250.328092, "step_elevation_m": -0.29999999999999716, "step_elevation_f": -0.9842519999999695, "step_dist_m": 12.51244388529413, "step_dist_f": 41.0513263966284, "step_grade": -0.023976131501583557, "step_turn": 6.95433758376754, "coast_speed_mps": 9.596360268459126, "coast_speed_mph": 21.466446556145122}, "geometry": {"type": "Point", "coordinates": [-122.45689, 37.771]}}, {"id": "1173", "type": "Feature", "properties": {"name": "easier marin headlands tour", "step": 1173, "lat": 37.77093, "lon": -122.45637, "elevation_m": 75.3, "time": null, "elevation_f": 247.047252, "step_elevation_m": -1.0, "step_elevation_f": -3.280840000000012, "step_dist_m": 46.36382805513952, "step_dist_f": 152.11230163642395, "step_grade": -0.021568538275371075, "step_turn": 92.50118829282053, "coast_speed_mps": 8.607463274776984, "coast_speed_mph": 19.25434698187405}, "geometry": {"type": "Point", "coordinates": [-122.45637, 37.77093]}}, {"id": "1174", "type": "Feature", "properties": {"name": "easier marin headlands tour", "step": 1174, "lat": 37.77092, "lon": -122.45598, "elevation_m": 74.3, "time": null, "elevation_f": 243.766412, "step_elevation_m": -1.0, "step_elevation_f": -3.2808399999999835, "step_dist_m": 34.29739245080042, "step_dist_f": 112.52425704828406, "step_grade": -0.029156735499192805, "step_turn": 7.8067466563272205, "coast_speed_mps": 8.382476819892574, "coast_speed_mph": 18.75106661572245}, "geometry": {"type": "Point", "coordinates": [-122.45598, 37.77092]}}, {"id": "1175", "type": "Feature", "properties": {"name": "easier marin headlands tour", "step": 1175, "lat": 37.77082, "lon": -122.45569, "elevation_m": 74.8, "time": null, "elevation_f": 245.40683199999998, "step_elevation_m": 0.5, "step_elevation_f": 1.6404199999999776, "step_dist_m": 27.809586321693434, "step_dist_f": 91.23880318766469, "step_grade": 0.017979411639430423, "step_turn": 21.71054793914533, "coast_speed_mps": 6.555691816086852, "coast_speed_mph": 14.664664942928697}, "geometry": {"type": "Point", "coordinates": [-122.45569, 37.77082]}}, {"id": "1176", "type": "Feature", "properties": {"name": "easier marin headlands tour", "step": 1176, "lat": 37.7708, "lon": -122.4556, "elevation_m": 75.0, "time": null, "elevation_f": 246.063, "step_elevation_m": 0.20000000000000284, "step_elevation_f": 0.6561680000000081, "step_dist_m": 8.21729041801738, "step_dist_f": 26.95961509504814, "step_grade": 0.024338923151782398, "step_turn": 7.866212783242929, "coast_speed_mps": 6.0219810999397705, "coast_speed_mph": 13.470788072520946}, "geometry": {"type": "Point", "coordinates": [-122.4556, 37.7708]}}, {"id": "1177", "type": "Feature", "properties": {"name": "easier marin headlands tour", "step": 1177, "lat": 37.77077, "lon": -122.45554, "elevation_m": 75.0, "time": null, "elevation_f": 246.063, "step_elevation_m": 0.0, "step_elevation_f": 0.0, "step_dist_m": 6.240224735016466, "step_dist_f": 20.473178919631422, "step_grade": 0.0, "step_turn": 16.612737297275885, "coast_speed_mps": 5.609298054150067, "coast_speed_mph": 12.547642390278412}, "geometry": {"type": "Point", "coordinates": [-122.45554, 37.77077]}}, {"id": "1178", "type": "Feature", "properties": {"name": "easier marin headlands tour", "step": 1178, "lat": 37.77071, "lon": -122.4555, "elevation_m": 75.2, "time": null, "elevation_f": 246.719168, "step_elevation_m": 0.20000000000000284, "step_elevation_f": 0.6561680000000081, "step_dist_m": 7.541396360263658, "step_dist_f": 24.74211483460742, "step_grade": 0.026520287549640285, "step_turn": 29.89686231194173, "coast_speed_mps": 5.233059163020697, "coast_speed_mph": 11.70601996022882}, "geometry": {"type": "Point", "coordinates": [-122.4555, 37.77071]}}, {"id": "1179", "type": "Feature", "properties": {"name": "easier marin headlands tour", "step": 1179, "lat": 37.77064, "lon": -122.45548, "elevation_m": 75.2, "time": null, "elevation_f": 246.719168, "step_elevation_m": 0.0, "step_elevation_f": 0.0, "step_dist_m": 7.979687778510081, "step_dist_f": 26.180078851247014, "step_grade": 0.0, "step_turn": 15.061647200662264, "coast_speed_mps": 4.886280619266137, "coast_speed_mph": 10.93029845039847}, "geometry": {"type": "Point", "coordinates": [-122.45548, 37.77064]}}, {"id": "1180", "type": "Feature", "properties": {"name": "easier marin headlands tour", "step": 1180, "lat": 37.77058, "lon": -122.45549, "elevation_m": 75.1, "time": null, "elevation_f": 246.39108399999998, "step_elevation_m": -0.10000000000000853, "step_elevation_f": -0.32808400000001825, "step_dist_m": 6.729345877263247, "step_dist_f": 22.07790712796035, "step_grade": -0.014860285356691675, "step_turn": 20.231842408351554, "coast_speed_mps": 4.577135866599528, "coast_speed_mph": 10.238761333660351}, "geometry": {"type": "Point", "coordinates": [-122.45549, 37.77058]}}, {"id": "1181", "type": "Feature", "properties": {"name": "easier marin headlands tour", "step": 1181, "lat": 37.77046, "lon": -122.45544, "elevation_m": 75.2, "time": null, "elevation_f": 246.719168, "step_elevation_m": 0.10000000000000853, "step_elevation_f": 0.32808400000001825, "step_dist_m": 14.04850454692134, "step_dist_f": 46.090895657721404, "step_grade": 0.007118195368483049, "step_turn": 25.735171785566195, "coast_speed_mps": 3.980738418693964, "coast_speed_mph": 8.904658237951772}, "geometry": {"type": "Point", "coordinates": [-122.45544, 37.77046]}}, {"id": "1182", "type": "Feature", "properties": {"name": "easier marin headlands tour", "step": 1182, "lat": 37.77034, "lon": -122.45543, "elevation_m": 75.3, "time": null, "elevation_f": 247.047252, "step_elevation_m": 0.09999999999999432, "step_elevation_f": 0.32808399999998983, "step_dist_m": 13.372309703174967, "step_dist_f": 43.87240856656456, "step_grade": 0.007478139694614721, "step_turn": 14.461183858058803, "coast_speed_mps": 2.546817108824942, "coast_speed_mph": 5.697067619955572}, "geometry": {"type": "Point", "coordinates": [-122.45543, 37.77034]}}, {"id": "1183", "type": "Feature", "properties": {"name": "easier marin headlands tour", "step": 1183, "lat": 37.77036, "lon": -122.45532, "elevation_m": 75.8, "time": null, "elevation_f": 248.687672, "step_elevation_m": 0.5, "step_elevation_f": 1.640420000000006, "step_dist_m": 9.921079007391901, "step_dist_f": 32.54947285061164, "step_grade": 0.05039774399815432, "step_turn": 99.18467750911492, "coast_speed_mps": 0.0, "coast_speed_mph": 0.0}, "geometry": {"type": "Point", "coordinates": [-122.45532, 37.77036]}}, {"id": "1184", "type": "Feature", "properties": {"name": "easier marin headlands tour", "step": 1184, "lat": 37.77037, "lon": -122.45528, "elevation_m": 76.0, "time": null, "elevation_f": 249.34384, "step_elevation_m": 0.20000000000000284, "step_elevation_f": 0.6561680000000081, "step_dist_m": 3.687505045889243, "step_dist_f": 12.098114054755264, "step_grade": 0.054237213918651814, "step_turn": 4.596985091469264, "coast_speed_mps": 0.0, "coast_speed_mph": 0.0}, "geometry": {"type": "Point", "coordinates": [-122.45528, 37.77037]}}, {"id": "1185", "type": "Feature", "properties": {"name": "easier marin headlands tour", "step": 1185, "lat": 37.77031, "lon": -122.45523, "elevation_m": 76.2, "time": null, "elevation_f": 250.000008, "step_elevation_m": 0.20000000000000284, "step_elevation_f": 0.6561680000000081, "step_dist_m": 7.98911806999009, "step_dist_f": 26.211018128746286, "step_grade": 0.02503405235069344, "step_turn": 74.17646104662134, "coast_speed_mps": 0.0, "coast_speed_mph": 0.0}, "geometry": {"type": "Point", "coordinates": [-122.45523, 37.77031]}}, {"id": "1186", "type": "Feature", "properties": {"name": "easier marin headlands tour", "step": 1186, "lat": 37.77021, "lon": -122.45502, "elevation_m": 76.7, "time": null, "elevation_f": 251.640428, "step_elevation_m": 0.5, "step_elevation_f": 1.640420000000006, "step_dist_m": 21.548813807646212, "step_dist_f": 70.698210292678, "step_grade": 0.02320313333546851, "step_turn": 25.560815200320576, "coast_speed_mps": 0.0, "coast_speed_mph": 0.0}, "geometry": {"type": "Point", "coordinates": [-122.45502, 37.77021]}}, {"id": "1187", "type": "Feature", "properties": {"name": "easier marin headlands tour", "step": 1187, "lat": 37.77006, "lon": -122.4542, "elevation_m": 77.6, "time": null, "elevation_f": 254.59318399999998, "step_elevation_m": 0.8999999999999915, "step_elevation_f": 2.9527559999999653, "step_dist_m": 73.98006357687905, "step_dist_f": 242.71675178556785, "step_grade": 0.01216543966692762, "step_turn": 18.035766646814977, "coast_speed_mps": 0.0, "coast_speed_mph": 0.0}, "geometry": {"type": "Point", "coordinates": [-122.4542, 37.77006]}}, {"id": "1188", "type": "Feature", "properties": {"name": "easier marin headlands tour", "step": 1188, "lat": 37.77006, "lon": -122.45406, "elevation_m": 77.7, "time": null, "elevation_f": 254.921268, "step_elevation_m": 0.10000000000000853, "step_elevation_f": 0.32808400000001825, "step_dist_m": 12.305556153766826, "step_dist_f": 40.372560851524355, "step_grade": 0.008126410440165092, "step_turn": 13.029477672818302, "coast_speed_mps": 0.0, "coast_speed_mph": 0.0}, "geometry": {"type": "Point", "coordinates": [-122.45406, 37.77006]}}, {"id": "1189", "type": "Feature", "properties": {"name": "easier marin headlands tour", "step": 1189, "lat": 37.77009, "lon": -122.45388, "elevation_m": 78.0, "time": null, "elevation_f": 255.90552, "step_elevation_m": 0.29999999999999716, "step_elevation_f": 0.9842519999999979, "step_dist_m": 16.169273493118446, "step_dist_f": 53.04879924716272, "step_grade": 0.01855370930101934, "step_turn": 11.906081406173826, "coast_speed_mps": 0.0, "coast_speed_mph": 0.0}, "geometry": {"type": "Point", "coordinates": [-122.45388, 37.77009]}}, {"id": "1190", "type": "Feature", "properties": {"name": "easier marin headlands tour", "step": 1190, "lat": 37.77011, "lon": -122.45374, "elevation_m": 78.2, "time": null, "elevation_f": 256.561688, "step_elevation_m": 0.20000000000000284, "step_elevation_f": 0.6561680000000081, "step_dist_m": 12.504889965728875, "step_dist_f": 41.02654319516192, "step_grade": 0.015993743291474488, "step_turn": 1.661975721012368, "coast_speed_mps": 0.0, "coast_speed_mph": 0.0}, "geometry": {"type": "Point", "coordinates": [-122.45374, 37.77011]}}, {"id": "1191", "type": "Feature", "properties": {"name": "easier marin headlands tour", "step": 1191, "lat": 37.77018, "lon": -122.45317, "elevation_m": 78.6, "time": null, "elevation_f": 257.87402399999996, "step_elevation_m": 0.3999999999999915, "step_elevation_f": 1.3123359999999593, "step_dist_m": 50.70215860274978, "step_dist_f": 166.3456700302456, "step_grade": 0.00788921046013015, "step_turn": 1.4131749477164135, "coast_speed_mps": 0.0, "coast_speed_mph": 0.0}, "geometry": {"type": "Point", "coordinates": [-122.45317, 37.77018]}}, {"id": "1192", "type": "Feature", "properties": {"name": "easier marin headlands tour", "step": 1192, "lat": 37.77018, "lon": -122.45317, "elevation_m": 78.6, "time": null, "elevation_f": 257.87402399999996, "step_elevation_m": 0.0, "step_elevation_f": 0.0, "step_dist_m": 0.0, "step_dist_f": 0.0, "step_grade": null, "step_turn": null, "coast_speed_mps": 0.0, "coast_speed_mph": 0.0}, "geometry": {"type": "Point", "coordinates": [-122.45317, 37.77018]}}, {"id": "1193", "type": "Feature", "properties": {"name": "easier marin headlands tour", "step": 1193, "lat": 37.77032, "lon": -122.45208, "elevation_m": 78.4, "time": null, "elevation_f": 257.21785600000004, "step_elevation_m": -0.19999999999998863, "step_elevation_f": -0.6561679999999228, "step_dist_m": 97.0637877305145, "step_dist_f": 318.4507573377812, "step_grade": -0.0020605006735906874, "step_turn": null, "coast_speed_mps": 0.0, "coast_speed_mph": 0.0}, "geometry": {"type": "Point", "coordinates": [-122.45208, 37.77032]}}, {"id": "1194", "type": "Feature", "properties": {"name": "easier marin headlands tour", "step": 1194, "lat": 37.77046, "lon": -122.45099, "elevation_m": 77.9, "time": null, "elevation_f": 255.577436, "step_elevation_m": -0.5, "step_elevation_f": -1.6404200000000344, "step_dist_m": 97.06360868323162, "step_dist_f": 318.45016991229363, "step_grade": -0.005151261186174899, "step_turn": 1.717435844739157e-05, "coast_speed_mps": 0.0, "coast_speed_mph": 0.0}, "geometry": {"type": "Point", "coordinates": [-122.45099, 37.77046]}}, {"id": "1195", "type": "Feature", "properties": {"name": "easier marin headlands tour", "step": 1195, "lat": 37.7706, "lon": -122.4499, "elevation_m": 77.8, "time": null, "elevation_f": 255.249352, "step_elevation_m": -0.10000000000000853, "step_elevation_f": -0.32808400000001825, "step_dist_m": 97.06342963980788, "step_dist_f": 318.4495824994673, "step_grade": -0.0010302541376406948, "step_turn": 1.717425857350463e-05, "coast_speed_mps": 0.0, "coast_speed_mph": 0.0}, "geometry": {"type": "Point", "coordinates": [-122.4499, 37.7706]}}, {"id": "1196", "type": "Feature", "properties": {"name": "easier marin headlands tour", "step": 1196, "lat": 37.77073, "lon": -122.44882, "elevation_m": 77.7, "time": null, "elevation_f": 254.921268, "step_elevation_m": -0.09999999999999432, "step_elevation_f": -0.32808399999998983, "step_dist_m": 96.02210139236259, "step_dist_f": 315.03315113211886, "step_grade": -0.001041426906409571, "step_turn": 0.5707839012163731, "coast_speed_mps": 0.0, "coast_speed_mph": 0.0}, "geometry": {"type": "Point", "coordinates": [-122.44882, 37.77073]}}, {"id": "1197", "type": "Feature", "properties": {"name": "easier marin headlands tour", "step": 1197, "lat": 37.77087, "lon": -122.44773, "elevation_m": 76.6, "time": null, "elevation_f": 251.31234399999997, "step_elevation_m": -1.1000000000000085, "step_elevation_f": -3.60892400000003, "step_dist_m": 97.06308433561698, "step_dist_f": 318.4484496116656, "step_grade": -0.011332835830731655, "step_turn": 0.5708170227695746, "coast_speed_mps": 2.519320996356305, "coast_speed_mph": 5.6355605680840695}, "geometry": {"type": "Point", "coordinates": [-122.44773, 37.77087]}}, {"id": "1198", "type": "Feature", "properties": {"name": "easier marin headlands tour", "step": 1198, "lat": 37.77101, "lon": -122.44664, "elevation_m": 76.4, "time": null, "elevation_f": 250.65617600000002, "step_elevation_m": -0.19999999999998863, "step_elevation_f": -0.6561679999999512, "step_dist_m": 97.06290528592338, "step_dist_f": 318.44786217826885, "step_grade": -0.0020605194065728607, "step_turn": 1.7173789842672704e-05, "coast_speed_mps": 0.0, "coast_speed_mph": 0.0}, "geometry": {"type": "Point", "coordinates": [-122.44664, 37.77101]}}, {"id": "1199", "type": "Feature", "properties": {"name": "easier marin headlands tour", "step": 1199, "lat": 37.77115, "lon": -122.44555, "elevation_m": 77.4, "time": null, "elevation_f": 253.93701600000003, "step_elevation_m": 1.0, "step_elevation_f": 3.280840000000012, "step_dist_m": 97.06272624031578, "step_dist_f": 318.4472747582776, "step_grade": 0.010302616037428403, "step_turn": 1.717513237053936e-05, "coast_speed_mps": 0.0, "coast_speed_mph": 0.0}, "geometry": {"type": "Point", "coordinates": [-122.44555, 37.77115]}}, {"id": "1200", "type": "Feature", "properties": {"name": "easier marin headlands tour", "step": 1200, "lat": 37.77114, "lon": -122.44548, "elevation_m": 77.6, "time": null, "elevation_f": 254.59318399999998, "step_elevation_m": 0.19999999999998863, "step_elevation_f": 0.6561679999999512, "step_dist_m": 6.252359416038845, "step_dist_f": 20.512990866516887, "step_grade": 0.03198792434851702, "step_turn": 19.47373432861997, "coast_speed_mps": 0.0, "coast_speed_mph": 0.0}, "geometry": {"type": "Point", "coordinates": [-122.44548, 37.77114]}}, {"id": "1201", "type": "Feature", "properties": {"name": "easier marin headlands tour", "step": 1201, "lat": 37.77116, "lon": -122.44537, "elevation_m": 77.7, "time": null, "elevation_f": 254.921268, "step_elevation_m": 0.10000000000000853, "step_elevation_f": 0.32808400000001825, "step_dist_m": 9.920977064219612, "step_dist_f": 32.54913839137427, "step_grade": 0.010079652372210637, "step_turn": 23.197820691668653, "coast_speed_mps": 0.0, "coast_speed_mph": 0.0}, "geometry": {"type": "Point", "coordinates": [-122.44537, 37.77116]}}, {"id": "1202", "type": "Feature", "properties": {"name": "easier marin headlands tour", "step": 1202, "lat": 37.77119, "lon": -122.44529, "elevation_m": 77.7, "time": null, "elevation_f": 254.921268, "step_elevation_m": 0.0, "step_elevation_f": 0.0, "step_dist_m": 7.7827916865094595, "step_dist_f": 25.534094276767696, "step_grade": 0.0, "step_turn": 12.42634265081449, "coast_speed_mps": 0.0, "coast_speed_mph": 0.0}, "geometry": {"type": "Point", "coordinates": [-122.44529, 37.77119]}}, {"id": "1203", "type": "Feature", "properties": {"name": "easier marin headlands tour", "step": 1203, "lat": 37.77131, "lon": -122.44429, "elevation_m": 78.2, "time": null, "elevation_f": 256.561688, "step_elevation_m": 0.5, "step_elevation_f": 1.640420000000006, "step_dist_m": 88.90247514007619, "step_dist_f": 291.6747965385676, "step_grade": 0.005624140376431498, "step_turn": 16.747476711504532, "coast_speed_mps": 0.0, "coast_speed_mph": 0.0}, "geometry": {"type": "Point", "coordinates": [-122.44429, 37.77131]}}, {"id": "1204", "type": "Feature", "properties": {"name": "easier marin headlands tour", "step": 1204, "lat": 37.77144, "lon": -122.44329, "elevation_m": 78.3, "time": null, "elevation_f": 256.889772, "step_elevation_m": 0.09999999999999432, "step_elevation_f": 0.32808399999998983, "step_dist_m": 89.076005439936, "step_dist_f": 292.24412168755964, "step_grade": 0.0011226367808716386, "step_turn": 0.7071622643942419, "coast_speed_mps": 0.0, "coast_speed_mph": 0.0}, "geometry": {"type": "Point", "coordinates": [-122.44329, 37.77144]}}, {"id": "1205", "type": "Feature", "properties": {"name": "easier marin headlands tour", "step": 1205, "lat": 37.77157, "lon": -122.44229, "elevation_m": 78.2, "time": null, "elevation_f": 256.561688, "step_elevation_m": -0.09999999999999432, "step_elevation_f": -0.32808399999998983, "step_dist_m": 89.07585295318468, "step_dist_f": 292.2436214029264, "step_grade": -0.0011226387026857998, "step_turn": 1.6131410859543394e-05, "coast_speed_mps": 0.0, "coast_speed_mph": 0.0}, "geometry": {"type": "Point", "coordinates": [-122.44229, 37.77157]}}, {"id": "1206", "type": "Feature", "properties": {"name": "easier marin headlands tour", "step": 1206, "lat": 37.77169, "lon": -122.44129, "elevation_m": 77.7, "time": null, "elevation_f": 254.921268, "step_elevation_m": -0.5, "step_elevation_f": -1.640420000000006, "step_dist_m": 88.90202854747798, "step_dist_f": 291.67333133970766, "step_grade": -0.005624168628874152, "step_turn": 0.7071346990103962, "coast_speed_mps": 0.0, "coast_speed_mph": 0.0}, "geometry": {"type": "Point", "coordinates": [-122.44129, 37.77169]}}, {"id": "1207", "type": "Feature", "properties": {"name": "easier marin headlands tour", "step": 1207, "lat": 37.77182, "lon": -122.44029, "elevation_m": 73.6, "time": null, "elevation_f": 241.469824, "step_elevation_m": -4.1000000000000085, "step_elevation_f": -13.45144400000001, "step_dist_m": 89.07555971244088, "step_dist_f": 292.24265932696454, "step_grade": -0.046028338336979044, "step_turn": 0.7071657216912968, "coast_speed_mps": 8.152343230478918, "coast_speed_mph": 18.236272437542297}, "geometry": {"type": "Point", "coordinates": [-122.44029, 37.77182]}}, {"id": "1208", "type": "Feature", "properties": {"name": "easier marin headlands tour", "step": 1208, "lat": 37.77195, "lon": -122.4393, "elevation_m": 71.0, "time": null, "elevation_f": 232.93964, "step_elevation_m": -2.5999999999999943, "step_elevation_f": -8.530183999999991, "step_dist_m": 88.20822690761769, "step_dist_f": 289.3970791675884, "step_grade": -0.029475708685574517, "step_turn": 0.09266334759331585, "coast_speed_mps": 7.871693379950181, "coast_speed_mph": 17.608476601534925}, "geometry": {"type": "Point", "coordinates": [-122.4393, 37.77195]}}, {"id": "1209", "type": "Feature", "properties": {"name": "easier marin headlands tour", "step": 1209, "lat": 37.77207, "lon": -122.4383, "elevation_m": 65.6, "time": null, "elevation_f": 215.22310399999998, "step_elevation_m": -5.400000000000006, "step_elevation_f": -17.71653600000002, "step_dist_m": 88.90158194668686, "step_dist_f": 291.6718661139681, "step_grade": -0.0607413263268849, "step_turn": 0.7997853716948953, "coast_speed_mps": 10.714825763877798, "coast_speed_mph": 23.968382614257752}, "geometry": {"type": "Point", "coordinates": [-122.4383, 37.77207]}}, {"id": "1210", "type": "Feature", "properties": {"name": "easier marin headlands tour", "step": 1210, "lat": 37.7722, "lon": -122.4373, "elevation_m": 59.9, "time": null, "elevation_f": 196.522316, "step_elevation_m": -5.699999999999996, "step_elevation_f": -18.70078799999999, "step_dist_m": 89.07511398560469, "step_dist_f": 292.24119696853126, "step_grade": -0.06399093691781484, "step_turn": 0.7071691790508794, "coast_speed_mps": 11.822829458217987, "coast_speed_mph": 26.446916289857672}, "geometry": {"type": "Point", "coordinates": [-122.4373, 37.7722]}}, {"id": "1211", "type": "Feature", "properties": {"name": "easier marin headlands tour", "step": 1211, "lat": 37.77221, "lon": -122.43721, "elevation_m": 59.4, "time": null, "elevation_f": 194.88189599999998, "step_elevation_m": -0.5, "step_elevation_f": -1.640420000000006, "step_dist_m": 7.988254321316838, "step_dist_f": 26.208184307549136, "step_grade": -0.06259189804031885, "step_turn": 1.3382473004666053, "coast_speed_mps": 11.857531511110064, "coast_speed_mph": 26.524542571380753}, "geometry": {"type": "Point", "coordinates": [-122.43721, 37.77221]}}, {"id": "1212", "type": "Feature", "properties": {"name": "easier marin headlands tour", "step": 1212, "lat": 37.77234, "lon": -122.43618, "elevation_m": 53.9, "time": null, "elevation_f": 176.837276, "step_elevation_m": -5.5, "step_elevation_f": -18.04461999999998, "step_dist_m": 91.6778212845349, "step_dist_f": 300.78026318315347, "step_grade": -0.05999269968392882, "step_turn": 1.0708414002040172, "coast_speed_mps": 11.937838711363156, "coast_speed_mph": 26.70418466214017}, "geometry": {"type": "Point", "coordinates": [-122.43618, 37.77234]}}, {"id": "1213", "type": "Feature", "properties": {"name": "easier marin headlands tour", "step": 1213, "lat": 37.77247, "lon": -122.43516, "elevation_m": 50.4, "time": null, "elevation_f": 165.354336, "step_elevation_m": -3.5, "step_elevation_f": -11.482940000000013, "step_dist_m": 90.80982414625998, "step_dist_f": 297.9325034520156, "step_grade": -0.03854208542858573, "step_turn": 0.08745343727480304, "coast_speed_mps": 10.244668281436882, "coast_speed_mph": 22.916670278804737}, "geometry": {"type": "Point", "coordinates": [-122.43516, 37.77247]}}, {"id": "1214", "type": "Feature", "properties": {"name": "easier marin headlands tour", "step": 1214, "lat": 37.7726, "lon": -122.43413, "elevation_m": 51.8, "time": null, "elevation_f": 169.947512, "step_elevation_m": 1.3999999999999986, "step_elevation_f": 4.593176, "step_dist_m": 91.6775069219396, "step_dist_f": 300.7792318097763, "step_grade": 0.015270921374335068, "step_turn": 0.0874220647610855, "coast_speed_mps": 0.0, "coast_speed_mph": 0.0}, "geometry": {"type": "Point", "coordinates": [-122.43413, 37.7726]}}, {"id": "1215", "type": "Feature", "properties": {"name": "easier marin headlands tour", "step": 1215, "lat": 37.77274, "lon": -122.43311, "elevation_m": 54.1, "time": null, "elevation_f": 177.493444, "step_elevation_m": 2.3000000000000043, "step_elevation_f": 7.545932000000022, "step_dist_m": 90.99313264922672, "step_dist_f": 298.533909320889, "step_grade": 0.02527663278575507, "step_turn": 0.7787061127468746, "coast_speed_mps": 0.0, "coast_speed_mph": 0.0}, "geometry": {"type": "Point", "coordinates": [-122.43311, 37.77274]}}, {"id": "1216", "type": "Feature", "properties": {"name": "easier marin headlands tour", "step": 1216, "lat": 37.77287, "lon": -122.43208, "elevation_m": 58.3, "time": null, "elevation_f": 191.27297199999998, "step_elevation_m": 4.199999999999996, "step_elevation_f": 13.77952799999997, "step_dist_m": 91.67718046655584, "step_dist_f": 300.77816076189504, "step_grade": 0.045812927258732296, "step_turn": 0.7786735332094281, "coast_speed_mps": 0.0, "coast_speed_mph": 0.0}, "geometry": {"type": "Point", "coordinates": [-122.43208, 37.77287]}}, {"id": "1217", "type": "Feature", "properties": {"name": "easier marin headlands tour", "step": 1217, "lat": 37.773, "lon": -122.43106, "elevation_m": 60.8, "time": null, "elevation_f": 199.47507199999998, "step_elevation_m": 2.5, "step_elevation_f": 8.202100000000002, "step_dist_m": 90.80918970126918, "step_dist_f": 297.930421939512, "step_grade": 0.02753025336118663, "step_turn": 0.08745403366799565, "coast_speed_mps": 0.0, "coast_speed_mph": 0.0}, "geometry": {"type": "Point", "coordinates": [-122.43106, 37.773]}}, {"id": "1218", "type": "Feature", "properties": {"name": "easier marin headlands tour", "step": 1218, "lat": 37.77313, "lon": -122.43003, "elevation_m": 61.5, "time": null, "elevation_f": 201.77166, "step_elevation_m": 0.7000000000000028, "step_elevation_f": 2.296588000000014, "step_dist_m": 91.67686610026394, "step_dist_f": 300.77712937638995, "step_grade": 0.00763551405906956, "step_turn": 0.08742266055946857, "coast_speed_mps": 0.0, "coast_speed_mph": 0.0}, "geometry": {"type": "Point", "coordinates": [-122.43003, 37.77313]}}, {"id": "1219", "type": "Feature", "properties": {"name": "easier marin headlands tour", "step": 1219, "lat": 37.77326, "lon": -122.42901, "elevation_m": 60.2, "time": null, "elevation_f": 197.50656800000002, "step_elevation_m": -1.2999999999999972, "step_elevation_f": -4.2650919999999815, "step_dist_m": 90.80887846450025, "step_dist_f": 297.929400821471, "step_grade": -0.014315780813306749, "step_turn": 0.08745432480975524, "coast_speed_mps": 4.8000717940059365, "coast_speed_mph": 10.73745480047855}, "geometry": {"type": "Point", "coordinates": [-122.42901, 37.77326]}}, {"id": "1220", "type": "Feature", "properties": {"name": "easier marin headlands tour", "step": 1220, "lat": 37.77325, "lon": -122.42897, "elevation_m": 60.0, "time": null, "elevation_f": 196.8504, "step_elevation_m": -0.20000000000000284, "step_elevation_f": -0.6561680000000081, "step_dist_m": 3.687374023876271, "step_dist_f": 12.097684192494224, "step_grade": -0.054239141108272285, "step_turn": 26.710924763846947, "coast_speed_mps": 4.844249105233476, "coast_speed_mph": 10.836276631248815}, "geometry": {"type": "Point", "coordinates": [-122.42897, 37.77325]}}, {"id": "1221", "type": "Feature", "properties": {"name": "easier marin headlands tour", "step": 1221, "lat": 37.77326, "lon": -122.42885, "elevation_m": 59.3, "time": null, "elevation_f": 194.553812, "step_elevation_m": -0.7000000000000028, "step_elevation_f": -2.296588000000014, "step_dist_m": 10.605616224304045, "step_dist_f": 34.795329933345684, "step_grade": -0.066002765440057, "step_turn": 23.569355597302604, "coast_speed_mps": 4.965890521298111, "coast_speed_mph": 11.108380729460688}, "geometry": {"type": "Point", "coordinates": [-122.42885, 37.77326]}}, {"id": "1222", "type": "Feature", "properties": {"name": "easier marin headlands tour", "step": 1222, "lat": 37.77328, "lon": -122.42883, "elevation_m": 59.1, "time": null, "elevation_f": 193.897644, "step_elevation_m": -0.19999999999999574, "step_elevation_f": -0.6561679999999797, "step_dist_m": 2.834748214779221, "step_dist_f": 9.30035533297626, "step_grade": -0.07055300324638263, "step_turn": 45.65742905906126, "coast_speed_mps": 5.224008719630219, "coast_speed_mph": 11.685774694949474}, "geometry": {"type": "Point", "coordinates": [-122.42883, 37.77328]}}, {"id": "1223", "type": "Feature", "properties": {"name": "easier marin headlands tour", "step": 1223, "lat": 37.77341, "lon": -122.42779, "elevation_m": 52.2, "time": null, "elevation_f": 171.259848, "step_elevation_m": -6.899999999999999, "step_elevation_f": -22.63779600000001, "step_dist_m": 92.54456571859109, "step_dist_f": 303.6239129921824, "step_grade": -0.07455867285585924, "step_turn": 42.689079080181386, "coast_speed_mps": 11.410225986799258, "coast_speed_mph": 25.523948610413488}, "geometry": {"type": "Point", "coordinates": [-122.42779, 37.77341]}}, {"id": "1224", "type": "Feature", "properties": {"name": "easier marin headlands tour", "step": 1224, "lat": 37.77354, "lon": -122.42676, "elevation_m": 44.9, "time": null, "elevation_f": 147.30971599999998, "step_elevation_m": -7.300000000000004, "step_elevation_f": -23.950132000000025, "step_dist_m": 91.67637036511914, "step_dist_f": 300.77550294869746, "step_grade": -0.07962793434040115, "step_turn": 0.08581433670281058, "coast_speed_mps": 13.198599091588212, "coast_speed_mph": 29.524425312249907}, "geometry": {"type": "Point", "coordinates": [-122.42676, 37.77354]}}, {"id": "1225", "type": "Feature", "properties": {"name": "easier marin headlands tour", "step": 1225, "lat": 37.77367, "lon": -122.42572, "elevation_m": 33.8, "time": null, "elevation_f": 110.89239199999999, "step_elevation_m": -11.100000000000001, "step_elevation_f": -36.417323999999994, "step_dist_m": 92.54424822317046, "step_dist_f": 303.62287134050655, "step_grade": -0.11994262434584105, "step_turn": 0.08578325027423261, "coast_speed_mps": 16.213690117529733, "coast_speed_mph": 36.268991852026026}, "geometry": {"type": "Point", "coordinates": [-122.42572, 37.77367]}}, {"id": "1226", "type": "Feature", "properties": {"name": "easier marin headlands tour", "step": 1226, "lat": 37.77378, "lon": -122.42492, "elevation_m": 25.9, "time": null, "elevation_f": 84.973756, "step_elevation_m": -7.899999999999999, "step_elevation_f": -25.918635999999992, "step_dist_m": 71.36990771215622, "step_dist_f": 234.1532480183506, "step_grade": -0.11069090956179582, "step_turn": 0.8816917034289986, "coast_speed_mps": 16.532934959446028, "coast_speed_mph": 36.98312222495976}, "geometry": {"type": "Point", "coordinates": [-122.42492, 37.77378]}}, {"id": "1227", "type": "Feature", "properties": {"name": "easier marin headlands tour", "step": 1227, "lat": 37.77388, "lon": -122.42412, "elevation_m": 22.9, "time": null, "elevation_f": 75.131236, "step_elevation_m": -3.0, "step_elevation_f": -9.842519999999993, "step_dist_m": 71.18767189507115, "step_dist_f": 233.5553614602252, "step_grade": -0.04214212826656173, "step_turn": 0.8817383064331352, "coast_speed_mps": 13.40557404330732, "coast_speed_mph": 29.987415093296583}, "geometry": {"type": "Point", "coordinates": [-122.42412, 37.77388]}}, {"id": "1228", "type": "Feature", "properties": {"name": "easier marin headlands tour", "step": 1228, "lat": 37.77389, "lon": -122.42402, "elevation_m": 22.7, "time": null, "elevation_f": 74.475068, "step_elevation_m": -0.1999999999999993, "step_elevation_f": -0.6561680000000081, "step_dist_m": 8.859286927140646, "step_dist_f": 29.065902922040117, "step_grade": -0.022575180332775353, "step_turn": 1.776255626797706, "coast_speed_mps": 13.167873252954989, "coast_speed_mph": 29.45569356870744}, "geometry": {"type": "Point", "coordinates": [-122.42402, 37.77389]}}, {"id": "1229", "type": "Feature", "properties": {"name": "easier marin headlands tour", "step": 1229, "lat": 37.7739, "lon": -122.42391, "elevation_m": 22.6, "time": null, "elevation_f": 74.146984, "step_elevation_m": -0.09999999999999787, "step_elevation_f": -0.32808399999998983, "step_dist_m": 9.731883253956285, "step_dist_f": 31.928751854909937, "step_grade": -0.010275503455032205, "step_turn": 0.6494852680456802, "coast_speed_mps": 12.765338190865677, "coast_speed_mph": 28.555248279495487}, "geometry": {"type": "Point", "coordinates": [-122.42391, 37.7739]}}, {"id": "1230", "type": "Feature", "properties": {"name": "easier marin headlands tour", "step": 1230, "lat": 37.77404, "lon": -122.42287, "elevation_m": 20.6, "time": null, "elevation_f": 67.58530400000001, "step_elevation_m": -2.0, "step_elevation_f": -6.5616799999999955, "step_dist_m": 92.7239937834365, "step_dist_f": 304.2125877644498, "step_grade": -0.021569390169616103, "step_turn": 3.104506177964879, "coast_speed_mps": 8.958511232410439, "coast_speed_mph": 20.0396188985559}, "geometry": {"type": "Point", "coordinates": [-122.42287, 37.77404]}}, {"id": "1231", "type": "Feature", "properties": {"name": "easier marin headlands tour", "step": 1231, "lat": 37.77417, "lon": -122.42183, "elevation_m": 18.2, "time": null, "elevation_f": 59.711287999999996, "step_elevation_m": -2.400000000000002, "step_elevation_f": -7.874016000000012, "step_dist_m": 92.54363764312508, "step_dist_f": 303.6208681250705, "step_grade": -0.025933711502189847, "step_turn": 0.6786588954664126, "coast_speed_mps": 7.748093015997494, "coast_speed_mph": 17.331990461698027}, "geometry": {"type": "Point", "coordinates": [-122.42183, 37.77417]}}, {"id": "1232", "type": "Feature", "properties": {"name": "easier marin headlands tour", "step": 1232, "lat": 37.7743, "lon": -122.42078, "elevation_m": 16.9, "time": null, "elevation_f": 55.44619599999999, "step_elevation_m": -1.3000000000000007, "step_elevation_f": -4.265092000000003, "step_dist_m": 93.41171003919948, "step_dist_f": 306.46887476500723, "step_grade": -0.013916884718783823, "step_turn": 0.08418925891771778, "coast_speed_mps": 5.435556368889181, "coast_speed_mph": 12.15899330907564}, "geometry": {"type": "Point", "coordinates": [-122.42078, 37.7743]}}, {"id": "1233", "type": "Feature", "properties": {"name": "easier marin headlands tour", "step": 1233, "lat": 37.77432, "lon": -122.42063, "elevation_m": 16.8, "time": null, "elevation_f": 55.118112, "step_elevation_m": -0.09999999999999787, "step_elevation_f": -0.32808399999998983, "step_dist_m": 13.370019716012624, "step_dist_f": 43.86489548508286, "step_grade": -0.007479420533705924, "step_turn": 0.672282573587097, "coast_speed_mps": 5.293227918671892, "coast_speed_mph": 11.840613633392731}, "geometry": {"type": "Point", "coordinates": [-122.42063, 37.77432]}}, {"id": "1234", "type": "Feature", "properties": {"name": "easier marin headlands tour", "step": 1234, "lat": 37.77432, "lon": -122.42052, "elevation_m": 16.7, "time": null, "elevation_f": 54.790028, "step_elevation_m": -0.10000000000000142, "step_elevation_f": -0.32808400000000404, "step_dist_m": 9.668094223549856, "step_dist_f": 31.71947025239131, "step_grade": -0.010343300105249097, "step_turn": 9.574792301652053, "coast_speed_mps": 5.1496054156753015, "coast_speed_mph": 11.519339244083966}, "geometry": {"type": "Point", "coordinates": [-122.42052, 37.77432]}}, {"id": "1235", "type": "Feature", "properties": {"name": "easier marin headlands tour", "step": 1235, "lat": 37.77433, "lon": -122.42045, "elevation_m": 16.6, "time": null, "elevation_f": 54.461944, "step_elevation_m": -0.09999999999999787, "step_elevation_f": -0.32808399999999693, "step_dist_m": 6.252099016701069, "step_dist_f": 20.512136537953538, "step_grade": -0.015994628321283854, "step_turn": 10.244666416671805, "coast_speed_mps": 5.089185363356521, "coast_speed_mph": 11.38418343628426}, "geometry": {"type": "Point", "coordinates": [-122.42045, 37.77433]}}, {"id": "1236", "type": "Feature", "properties": {"name": "easier marin headlands tour", "step": 1236, "lat": 37.77434, "lon": -122.42024, "elevation_m": 16.4, "time": null, "elevation_f": 53.805775999999994, "step_elevation_m": -0.20000000000000284, "step_elevation_f": -0.6561680000000081, "step_dist_m": 18.490731133414922, "step_dist_f": 60.66513033175301, "step_grade": -0.010816229956347121, "step_turn": 6.797045696233681, "coast_speed_mps": 4.849526929958786, "coast_speed_mph": 10.848082788919966}, "geometry": {"type": "Point", "coordinates": [-122.42024, 37.77434]}}, {"id": "1237", "type": "Feature", "properties": {"name": "easier marin headlands tour", "step": 1237, "lat": 37.77493, "lon": -122.41947, "elevation_m": 16.4, "time": null, "elevation_f": 53.805775999999994, "step_elevation_m": 0.0, "step_elevation_f": 0.0, "step_dist_m": 94.25554692432891, "step_dist_f": 309.23736857121526, "step_grade": 0.0, "step_turn": 40.66220280347352, "coast_speed_mps": 0.0, "coast_speed_mph": 0.0}, "geometry": {"type": "Point", "coordinates": [-122.41947, 37.77493]}}, {"id": "1238", "type": "Feature", "properties": {"name": "easier marin headlands tour", "step": 1238, "lat": 37.77517, "lon": -122.41916, "elevation_m": 16.7, "time": null, "elevation_f": 54.790028, "step_elevation_m": 0.3000000000000007, "step_elevation_f": 0.984252000000005, "step_dist_m": 38.138413547209176, "step_dist_f": 125.12603270222576, "step_grade": 0.007866084928484226, "step_turn": 0.2959837510584862, "coast_speed_mps": 0.0, "coast_speed_mph": 0.0}, "geometry": {"type": "Point", "coordinates": [-122.41916, 37.77517]}}, {"id": "1239", "type": "Feature", "properties": {"name": "easier marin headlands tour", "step": 1239, "lat": 37.77547, "lon": -122.41878, "elevation_m": 16.7, "time": null, "elevation_f": 54.790028, "step_elevation_m": 0.0, "step_elevation_f": 0.0, "step_dist_m": 47.20426314473829, "step_dist_f": 154.86963469578316, "step_grade": 0.0, "step_turn": 0.5599948837924558, "coast_speed_mps": 0.0, "coast_speed_mph": 0.0}, "geometry": {"type": "Point", "coordinates": [-122.41878, 37.77547]}}, {"id": "1240", "type": "Feature", "properties": {"name": "easier marin headlands tour", "step": 1240, "lat": 37.77572, "lon": -122.41845, "elevation_m": 16.7, "time": null, "elevation_f": 54.790028, "step_elevation_m": 0.0, "step_elevation_f": 0.0, "step_dist_m": 40.17448045166471, "step_dist_f": 131.80604244503962, "step_grade": 0.0, "step_turn": 1.1810677798045504, "coast_speed_mps": 0.0, "coast_speed_mph": 0.0}, "geometry": {"type": "Point", "coordinates": [-122.41845, 37.77572]}}, {"id": "1241", "type": "Feature", "properties": {"name": "easier marin headlands tour", "step": 1241, "lat": 37.77614, "lon": -122.41792, "elevation_m": 17.0, "time": null, "elevation_f": 55.77428, "step_elevation_m": 0.3000000000000007, "step_elevation_f": 0.9842519999999979, "step_dist_m": 65.96144355877958, "step_dist_f": 216.40894248538638, "step_grade": 0.0045481114999047076, "step_turn": 1.2892517915718145, "coast_speed_mps": 0.0, "coast_speed_mph": 0.0}, "geometry": {"type": "Point", "coordinates": [-122.41792, 37.77614]}}, {"id": "1242", "type": "Feature", "properties": {"name": "easier marin headlands tour", "step": 1242, "lat": 37.77656, "lon": -122.41739, "elevation_m": 17.3, "time": null, "elevation_f": 56.758532, "step_elevation_m": 0.3000000000000007, "step_elevation_f": 0.984252000000005, "step_dist_m": 65.961256671375, "step_dist_f": 216.40832933771395, "step_grade": 0.004548124386025998, "step_turn": 0.0001627565454782598, "coast_speed_mps": 0.0, "coast_speed_mph": 0.0}, "geometry": {"type": "Point", "coordinates": [-122.41739, 37.77656]}}, {"id": "1243", "type": "Feature", "properties": {"name": "easier marin headlands tour", "step": 1243, "lat": 37.77705, "lon": -122.41677, "elevation_m": 17.6, "time": null, "elevation_f": 57.74278400000001, "step_elevation_m": 0.3000000000000007, "step_elevation_f": 0.984252000000005, "step_dist_m": 77.05807678186378, "step_dist_f": 252.81522062900996, "step_grade": 0.003893167498187654, "step_turn": 0.07691018382183756, "coast_speed_mps": 0.0, "coast_speed_mph": 0.0}, "geometry": {"type": "Point", "coordinates": [-122.41677, 37.77705]}}, {"id": "1244", "type": "Feature", "properties": {"name": "easier marin headlands tour", "step": 1244, "lat": 37.77755, "lon": -122.41616, "elevation_m": 17.6, "time": null, "elevation_f": 57.74278400000001, "step_elevation_m": 0.0, "step_elevation_f": 0.0, "step_dist_m": 77.23538529026555, "step_dist_f": 253.39694147571484, "step_grade": 0.0, "step_turn": 1.0445537090796506, "coast_speed_mps": 0.0, "coast_speed_mph": 0.0}, "geometry": {"type": "Point", "coordinates": [-122.41616, 37.77755]}}, {"id": "1245", "type": "Feature", "properties": {"name": "easier marin headlands tour", "step": 1245, "lat": 37.77814, "lon": -122.4154, "elevation_m": 17.2, "time": null, "elevation_f": 56.430448, "step_elevation_m": -0.40000000000000213, "step_elevation_f": -1.312336000000009, "step_dist_m": 93.62440787712288, "step_dist_f": 307.16670233957984, "step_grade": -0.004272390171214553, "step_turn": 1.5563562013232968, "coast_speed_mps": 0.0, "coast_speed_mph": 0.0}, "geometry": {"type": "Point", "coordinates": [-122.4154, 37.77814]}}, {"id": "1246", "type": "Feature", "properties": {"name": "easier marin headlands tour", "step": 1246, "lat": 37.77874, "lon": -122.41464, "elevation_m": 16.4, "time": null, "elevation_f": 53.805775999999994, "step_elevation_m": -0.8000000000000007, "step_elevation_f": -2.624672000000004, "step_dist_m": 94.40653176397721, "step_dist_f": 309.732725672527, "step_grade": -0.008473989935358027, "step_turn": 0.4816913639104996, "coast_speed_mps": 0.0, "coast_speed_mph": 0.0}, "geometry": {"type": "Point", "coordinates": [-122.41464, 37.77874]}}, {"id": "1247", "type": "Feature", "properties": {"name": "easier marin headlands tour", "step": 1247, "lat": 37.77883, "lon": -122.41476, "elevation_m": 16.7, "time": null, "elevation_f": 54.790028, "step_elevation_m": 0.3000000000000007, "step_elevation_f": 0.984252000000005, "step_dist_m": 14.538808348066304, "step_dist_f": 47.69950398066985, "step_grade": 0.020634428408288455, "step_turn": 91.53449618243161, "coast_speed_mps": 0.0, "coast_speed_mph": 0.0}, "geometry": {"type": "Point", "coordinates": [-122.41476, 37.77883]}}]}